time,A,B,C,D,E,F,G,H,I,J,K,L,M,N,O,P,Q,R,S,T
0.000000000000000000e+00,"(1.0, 1.0)","(1.0, 1.0)","(1.0, 1.0)","(1.0, 1.0)","(1.0, 1.0)","(1.0, 1.0)","(1.0, 1.0)","(1.0, 1.0)","(1.0, 1.0)","(1.0, 1.0)","(1.0, 1.0)","(1.0, 1.0)","(1.0, 1.0)","(1.0, 1.0)","(1.0, 1.0)","(1.0, 1.0)","(1.0, 1.0)","(1.0, 1.0)","(1.0, 1.0)","(1.0, 1.0)"
1.000000000000000056e-01,"(1.4687, 1.9277)","(1.6551, 1.7702)","(1.6787, 1.7478)","(1.6748, 1.7516)","(1.6352, 1.7886)","(1.6597, 1.7659)","(1.6636, 1.7622)","(1.6769, 1.7496)","(1.6725, 1.7538)","(1.5326, 1.8773)","(1.5701, 1.846)","(1.5947, 1.8248)","(1.6122, 1.8094)","(1.6432, 1.7813)","(1.336, 2.0219)","(1.6497, 1.7752)","(1.6699, 1.7562)","(1.667, 1.759)","(1.6251, 1.7977)","(1.6804, 1.7462)"
2.000000000000000111e-01,"(2.8923, 4.1238)","(3.4036, 3.713)","(3.4676, 3.6533)","(3.4571, 3.6633)","(3.3495, 3.7619)","(3.416, 3.7016)","(3.4266, 3.6918)","(3.4626, 3.6581)","(3.4508, 3.6692)","(3.0686, 3.9943)","(3.1717, 3.913)","(3.2392, 3.8573)","(3.2868, 3.8168)","(3.3713, 3.7424)","(2.5235, 4.3593)","(3.389, 3.7264)","(3.4438, 3.6758)","(3.4358, 3.6833)","(3.3222, 3.786)","(3.4722, 3.649)"
3.000000000000000444e-01,"(6.3586, 9.2909)","(7.5839, 8.3209)","(7.7367, 8.179)","(7.7114, 8.2029)","(7.4545, 8.437)","(7.6135, 8.2939)","(7.6388, 8.2706)","(7.7247, 8.1903)","(7.6965, 8.2169)","(6.7818, 8.9866)","(7.0289, 8.7948)","(7.1906, 8.6631)","(7.3046, 8.5672)","(7.5065, 8.3908)","(5.4721, 9.8392)","(7.5488, 8.3528)","(7.6797, 8.2326)","(7.6606, 8.2503)","(7.3892, 8.4943)","(7.7475, 8.1688)"
4.000000000000000222e-01,"(12.9832, 17.8511)","(14.9853, 16.207)","(15.2372, 15.9703)","(15.1955, 16.0101)","(14.7726, 16.4011)","(15.0341, 16.1618)","(15.0757, 16.1229)","(15.2175, 15.9892)","(15.1709, 16.0334)","(13.6719, 17.3293)","(14.0751, 17.0035)","(14.3396, 16.781)","(14.5264, 16.6196)","(14.858, 16.3238)","(11.5473, 18.8118)","(14.9276, 16.2602)","(15.1432, 16.0595)","(15.1117, 16.0891)","(14.6653, 16.4971)","(15.2551, 15.9533)"
5.000000000000000000e-01,"(15.3123, 13.9109)","(14.8026, 14.4521)","(14.7332, 14.5229)","(14.7447, 14.5111)","(14.8602, 14.3929)","(14.7893, 14.4657)","(14.7778, 14.4774)","(14.7386, 14.5173)","(14.7516, 14.5042)","(15.1446, 14.0933)","(15.0429, 14.2018)","(14.9746, 14.2737)","(14.9257, 14.3249)","(14.8372, 14.4166)","(15.6412, 13.54)","(14.8183, 14.436)","(14.7592, 14.4964)","(14.7679, 14.4875)","(14.8889, 14.3632)","(14.7282, 14.5279)"
6.000000000000000888e-01,"(8.1271, 1.4764)","(6.655, 4.8929)","(6.3466, 5.2868)","(6.3997, 5.2224)","(6.8934, 4.5509)","(6.5976, 4.9701)","(6.5476, 5.0357)","(6.3718, 5.2564)","(6.4306, 5.1843)","(7.8114, 2.6854)","(7.5356, 3.3831)","(7.3169, 3.833)","(7.1443, 4.1459)","(6.8001, 4.6891)","(8.1976, -1.0147)","(6.7217, 4.8008)","(6.4651, 5.1413)","(6.5038, 5.0922)","(7.0061, 4.3755)","(6.3237, 5.3142)"
7.000000000000000666e-01,"(2.6789, -1.222)","(2.6089, 1.3651)","(2.4245, 1.6708)","(2.4578, 1.6214)","(2.7334, 1.0947)","(2.5764, 1.4256)","(2.5474, 1.4768)","(2.4404, 1.6475)","(2.4769, 1.5921)","(2.9216, -0.366)","(2.9396, 0.1689)","(2.8976, 0.5234)","(2.8414, 0.7723)","(2.6869, 1.2044)","(1.5041, -2.5313)","(2.6456, 1.2926)","(2.498, 1.5588)","(2.5214, 1.5207)","(2.7852, 0.9552)","(2.41, 1.6918)"
8.000000000000000444e-01,"(1.3076, -2.2026)","(2.4231, 0.8307)","(2.2327, 1.2557)","(2.2697, 1.1874)","(2.5208, 0.455)","(2.3925, 0.915)","(2.364, 0.9864)","(2.2505, 1.2235)","(2.2905, 1.1467)","(2.1427, -1.4037)","(2.4419, -0.7738)","(2.5416, -0.3189)","(2.5615, 0.0133)","(2.4886, 0.607)","(-0.937, -2.384)","(2.4554, 0.7298)","(2.3131, 1.1005)","(2.3375, 1.0476)","(2.548, 0.2627)","(2.2161, 1.2846)"
9.000000000000000222e-01,"(1.7915, -3.9745)","(4.162, 1.2976)","(3.8353, 2.0728)","(3.9, 1.9482)","(4.3162, 0.6134)","(4.1109, 1.4513)","(4.0626, 1.5815)","(3.8664, 2.0141)","(3.9362, 1.874)","(3.4329, -2.6871)","(4.0578, -1.5937)","(4.2884, -0.7846)","(4.3555, -0.187)","(4.2678, 0.89)","(-2.2522, -3.7328)","(4.2149, 1.1136)","(3.9753, 1.7896)","(4.0174, 1.6931)","(4.3515, 0.2642)","(3.8063, 2.1256)"
1.000000000000000000e+00,"(3.6358, -7.9044)","(8.3013, 2.6055)","(7.6494, 4.1455)","(7.7785, 3.898)","(8.6109, 1.246)","(8.1991, 2.9109)","(8.1027, 3.1696)","(7.7115, 4.0288)","(7.8507, 3.7505)","(6.8818, -5.3235)","(8.1128, -3.1434)","(8.5644, -1.5332)","(8.6937, -0.3448)","(8.5132, 1.7956)","(-4.4091, -7.5006)","(8.4073, 2.2399)","(7.9285, 3.583)","(8.0124, 3.3912)","(8.683, 0.552)","(7.5917, 4.2503)"
1.100000000000000089e+00,"(7.0996, -15.7139)","(16.4607, 5.1359)","(15.1685, 8.2005)","(15.4246, 7.708)","(17.0711, 2.4309)","(16.2586, 5.7437)","(16.0675, 6.2585)","(15.2918, 7.9683)","(15.5678, 7.4145)","(13.5851, -10.6196)","(16.0532, -6.295)","(16.9631, -3.096)","(17.2277, -0.7332)","(16.8793, 3.5244)","(-8.8887, -14.7758)","(16.6703, 4.4084)","(15.7223, 7.0811)","(15.8886, 6.6994)","(17.2113, 1.0504)","(15.0539, 8.4091)"
1.200000000000000178e+00,"(7.2476, -21.4928)","(21.8132, 6.2172)","(20.1108, 10.4892)","(20.4543, 9.8026)","(22.5487, 2.4542)","(21.5538, 7.0642)","(21.3053, 7.7817)","(20.2764, 10.1654)","(20.6454, 9.3934)","(16.7832, -15.2576)","(20.5869, -9.5209)","(22.0842, -5.1728)","(22.6, -1.9259)","(22.3311, 3.9739)","(-14.4421, -17.4898)","(22.0768, 5.2041)","(20.8506, 8.9286)","(21.0705, 8.3965)","(22.6755, 0.5395)","(19.9565, 10.7798)"
1.300000000000000044e+00,"(-0.4399, -12.3516)","(12.1429, 2.3032)","(11.2516, 5.1144)","(11.4464, 4.6619)","(12.3585, -0.1467)","(12.0241, 2.8591)","(11.9021, 3.3308)","(11.3461, 4.901)","(11.5526, 4.3922)","(6.5897, -10.4561)","(9.8415, -7.4766)","(11.3326, -4.9322)","(12.0061, -2.9337)","(12.3309, 0.8381)","(-11.6548, -4.1135)","(12.2501, 1.6401)","(11.6644, 4.086)","(11.7814, 3.7355)","(12.2826, -1.3755)","(11.1626, 5.3058)"
1.400000000000000133e+00,"(-1.8767, -4.1008)","(4.492, 0.4011)","(4.2086, 1.6207)","(4.2792, 1.4236)","(4.4638, -0.643)","(4.464, 0.641)","(4.4299, 0.8452)","(4.2432, 1.5278)","(4.3165, 1.3063)","(1.1906, -4.3498)","(2.8531, -3.4926)","(3.7035, -2.5735)","(4.1391, -1.7908)","(4.5041, -0.2264)","(-4.3684, 1.1204)","(4.5083, 0.1161)","(4.3546, 1.1731)","(4.3928, 1.0208)","(4.3593, -1.1555)","(4.1755, 1.7041)"
1.500000000000000000e+00,"(-0.7609, -0.96)","(1.2245, 0.0353)","(1.1584, 0.3986)","(1.177, 0.3397)","(1.1946, -0.2714)","(1.2204, 0.1064)","(1.2136, 0.1672)","(1.1676, 0.3708)","(1.1865, 0.3046)","(0.1057, -1.2205)","(0.6302, -1.0505)","(0.9146, -0.8149)","(1.0682, -0.5998)","(1.2158, -0.1497)","(-1.0022, 0.7044)","(1.2241, -0.049)","(1.1961, 0.2649)","(1.2052, 0.2195)","(1.151, -0.4195)","(1.1495, 0.4236)"
1.600000000000000089e+00,"(-0.3102, -0.1439)","(0.3407, -0.03)","(0.3304, 0.0884)","(0.3349, 0.069)","(0.3177, -0.1265)","(0.3419, -0.007)","(0.3418, 0.0126)","(0.3327, 0.0793)","(0.3371, 0.0575)","(-0.089, -0.3302)","(0.0881, -0.3304)","(0.1959, -0.2803)","(0.259, -0.2233)","(0.3303, -0.0887)","(-0.0875, 0.3306)","(0.3372, -0.0569)","(0.3391, 0.0445)","(0.3407, 0.0297)","(0.296, -0.1712)","(0.3281, 0.0966)"
1.700000000000000178e+00,"(-0.4267, 0.0118)","(0.4181, -0.0862)","(0.419, 0.0815)","(0.4235, 0.0538)","(0.3677, -0.2168)","(0.4234, -0.0542)","(0.4261, -0.0265)","(0.4214, 0.0684)","(0.4253, 0.0373)","(-0.2445, -0.3499)","(-0.0071, -0.4268)","(0.1579, -0.3966)","(0.2622, -0.3369)","(0.393, -0.1666)","(0.1796, 0.3873)","(0.4087, -0.1234)","(0.4265, 0.0187)","(0.4269, -0.0024)","(0.3272, -0.2742)","(0.4166, 0.0933)"
1.800000000000000044e+00,"(-0.9409, 0.0645)","(0.9217, -0.1998)","(0.9268, 0.1745)","(0.9363, 0.1124)","(0.8058, -0.49)","(0.9343, -0.1284)","(0.9407, -0.0667)","(0.9318, 0.1452)","(0.94, 0.0757)","(-0.5635, -0.7562)","(-0.0387, -0.9423)","(0.3309, -0.8831)","(0.5661, -0.7543)","(0.8637, -0.3787)","(0.4483, 0.8297)","(0.8998, -0.2825)","(0.9425, 0.0342)","(0.943, -0.0129)","(0.7134, -0.6168)","(0.9214, 0.2009)"
1.900000000000000133e+00,"(-2.3338, 0.1376)","(2.286, -0.4898)","(2.2969, 0.4358)","(2.3208, 0.2824)","(2.0013, -1.2084)","(2.3168, -0.3133)","(2.3324, -0.1605)","(2.3095, 0.3634)","(2.33, 0.1915)","(-1.3834, -1.8846)","(-0.0826, -2.3364)","(0.8307, -2.1853)","(1.4111, -1.864)","(2.1438, -0.9327)","(1.0817, 2.0726)","(2.2323, -0.6946)","(2.3362, 0.0889)","(2.3377, -0.0275)","(1.774, -1.5227)","(2.2836, 0.501)"
2.000000000000000000e+00,"(-6.1494, 0.3159)","(6.0232, -1.2786)","(6.0482, 1.1547)","(6.1114, 0.7515)","(5.2791, -3.1695)","(6.1033, -0.8145)","(6.1436, -0.4128)","(6.0815, 0.9642)","(6.1361, 0.5126)","(-3.6154, -4.9843)","(-0.1896, -6.1545)","(2.2096, -5.7473)","(3.7323, -4.8974)","(5.6518, -2.4437)","(2.7869, 5.4907)","(5.8832, -1.8173)","(6.1527, 0.2429)","(6.1571, -0.0632)","(4.6837, -3.9971)","(6.013, 1.3261)"
2.100000000000000089e+00,"(-15.9605, 0.8932)","(15.6332, -3.3374)","(15.7039, 2.987)","(15.8675, 1.9388)","(13.6925, -8.2493)","(15.8428, -2.1314)","(15.9485, -1.0874)","(15.7901, 2.4918)","(15.9311, 1.3179)","(-9.4304, -12.9075)","(-0.5361, -15.9765)","(5.7022, -14.9339)","(9.6645, -12.7331)","(14.664, -6.3642)","(7.3328, 14.2044)","(15.2675, -4.7369)","(15.9736, 0.617)","(15.9845, -0.1787)","(12.1417, -10.3979)","(15.6126, 3.4325)"
2.200000000000000178e+00,"(-28.0665, 3.8039)","(27.5771, -6.4578)","(27.8849, 4.9632)","(28.1567, 3.0656)","(23.8681, -15.2483)","(27.9969, -4.2863)","(28.2209, -2.4036)","(28.0296, 4.0666)","(28.2564, 1.9422)","(-18.0305, -21.8426)","(-2.2868, -28.2306)","(9.053, -26.8373)","(16.352, -23.126)","(25.7079, -11.8872)","(15.8699, 23.4594)","(26.8644, -8.9724)","(28.3151, 0.6748)","(28.3128, -0.763)","(20.9588, -19.0506)","(27.7292, 5.7699)"
2.300000000000000266e+00,"(-11.4534, 8.7139)","(13.4742, -5.0555)","(14.3212, 1.4194)","(14.3878, 0.3238)","(10.6238, -9.7081)","(13.8665, -3.8514)","(14.1174, -2.7952)","(14.3632, 0.9011)","(14.3878, -0.322)","(-12.6711, -6.8232)","(-5.4745, -13.3095)","(0.9708, -14.3586)","(5.5308, -13.2862)","(11.9759, -7.9807)","(14.0973, 2.8947)","(12.8764, -6.4274)","(14.3532, -1.0476)","(14.2698, -1.8667)","(8.5908, -11.546)","(14.2672, 1.8868)"
2.400000000000000355e+00,"(-0.2476, 6.2961)","(5.2732, -3.449)","(6.2975, -0.2102)","(6.2523, -0.7815)","(3.2217, -5.4151)","(5.6056, -2.8775)","(5.8415, -2.3622)","(6.2826, -0.4813)","(6.2016, -1.1148)","(-6.2135, 1.0466)","(-5.0089, -3.8228)","(-2.2964, -5.8676)","(0.1061, -6.3001)","(4.1484, -4.7427)","(2.7501, -5.6692)","(4.8059, -4.075)","(6.1233, -1.4859)","(6.0077, -1.8999)","(1.9178, -6.0021)","(6.3009, 0.0354)"
2.500000000000000000e+00,"(3.0985, 5.1037)","(4.4672, -3.9614)","(5.9269, -0.7214)","(5.8243, -1.3137)","(2.0008, -5.6254)","(4.8964, -3.4167)","(5.212, -2.9128)","(5.8858, -1.0032)","(5.7363, -1.6563)","(-4.9089, 3.3987)","(-5.7023, -1.7698)","(-3.6867, -4.6965)","(-1.3835, -5.8081)","(3.0859, -5.1113)","(-2.4659, -5.4376)","(3.8828, -4.5357)","(5.6133, -2.0347)","(5.4437, -2.4525)","(0.5361, -5.9465)","(5.9525, -0.4649)"
2.600000000000000089e+00,"(5.2277, 6.7177)","(6.2028, -5.8294)","(8.4307, -1.1749)","(8.2659, -2.0326)","(2.5412, -8.124)","(6.8482, -5.0556)","(7.3253, -4.3355)","(8.3636, -1.5833)","(8.1282, -2.5277)","(-6.5523, 5.4336)","(-8.285, -1.9533)","(-5.6342, -6.3806)","(-2.3803, -8.1726)","(4.144, -7.4353)","(-4.8011, -7.0289)","(5.3288, -6.6378)","(7.9379, -3.0736)","(7.6779, -3.675)","(0.396, -8.5029)","(8.4742, -0.803)"
2.700000000000000178e+00,"(8.1583, 10.3752)","(9.6064, -9.0509)","(13.0708, -1.8316)","(12.8141, -3.1624)","(3.9191, -12.6033)","(10.6094, -7.8513)","(11.351, -6.7347)","(12.9663, -2.4653)","(12.5997, -3.9306)","(-10.1278, 8.4634)","(-12.8555, -2.9898)","(-8.761, -9.8715)","(-3.7182, -12.664)","(6.4081, -11.5385)","(-7.5266, -10.8422)","(8.2484, -10.3036)","(12.3036, -4.7774)","(11.8993, -5.7103)","(0.589, -13.1854)","(13.1388, -1.2545)"
2.800000000000000266e+00,"(11.538, 13.5277)","(12.8188, -12.3208)","(17.5928, -2.5725)","(17.2333, -4.3746)","(5.0536, -17.0466)","(14.1941, -10.7075)","(15.213, -9.2026)","(17.4457, -3.4308)","(16.9355, -5.4141)","(-13.2966, 11.8036)","(-17.409, -3.6126)","(-12.0646, -13.0602)","(-5.2993, -16.9718)","(8.446, -15.6457)","(-10.9933, -13.974)","(10.9601, -14.0)","(16.5257, -6.5593)","(15.9679, -7.8199)","(0.5281, -17.772)","(17.6895, -1.7907)"
2.900000000000000355e+00,"(11.5029, 10.2544)","(10.7393, -11.0516)","(15.1991, -2.5414)","(14.8462, -4.1304)","(3.7033, -14.9585)","(12.0038, -9.6633)","(12.9464, -8.3583)","(15.0529, -3.2988)","(14.5609, -5.0447)","(-10.4182, 11.3548)","(-15.2942, -1.8859)","(-11.2043, -10.5798)","(-5.4454, -14.4159)","(6.7589, -13.8487)","(-11.792, -9.9206)","(9.0409, -12.4793)","(14.1729, -6.0498)","(13.6494, -7.153)","(-0.3312, -15.4065)","(15.2985, -1.8507)"
3.000000000000000000e+00,"(7.7487, 4.9653)","(6.1476, -6.8486)","(9.0385, -1.7327)","(8.7982, -2.6996)","(1.7377, -9.0375)","(6.9534, -6.0288)","(7.5581, -5.2508)","(8.9377, -2.194)","(8.6085, -3.2543)","(-5.3754, 7.47)","(-9.1995, -0.2555)","(-7.1697, -5.7699)","(-3.8278, -8.3692)","(3.6396, -8.4528)","(-8.2377, -4.1032)","(5.0729, -7.6787)","(8.3533, -3.8625)","(8.0123, -4.5276)","(-0.743, -9.173)","(9.1091, -1.3114)"
3.100000000000000089e+00,"(4.8316, 3.5577)","(4.0799, -4.3995)","(5.9035, -1.0723)","(5.7549, -1.698)","(1.26, -5.8664)","(4.5917, -3.8624)","(4.9747, -3.3546)","(5.8415, -1.3707)","(5.6364, -2.0574)","(-3.7372, 4.6942)","(-5.9868, -0.3997)","(-4.5501, -3.9113)","(-2.3431, -5.5237)","(2.4796, -5.4638)","(-5.0857, -3.1839)","(3.3954, -4.947)","(5.4763, -2.4518)","(5.2616, -2.8839)","(-0.3389, -5.9906)","(5.9466, -0.8)"
3.200000000000000178e+00,"(4.4679, 4.7424)","(4.6414, -4.5728)","(6.4398, -0.9905)","(6.3019, -1.6551)","(1.7488, -6.2765)","(5.1565, -3.9829)","(5.5389, -3.4312)","(6.3831, -1.3071)","(6.1886, -2.0381)","(-4.709, 4.5031)","(-6.4161, -1.1341)","(-4.5381, -4.6753)","(-2.0732, -6.1769)","(3.0098, -5.7787)","(-4.3967, -4.8085)","(3.9469, -5.1841)","(6.0334, -2.4597)","(5.8229, -2.9234)","(0.0728, -6.5152)","(6.4776, -0.7019)"
3.300000000000000266e+00,"(6.2224, 7.7894)","(7.2431, -6.8506)","(9.8715, -1.3949)","(9.6761, -2.4011)","(2.9359, -9.5275)","(8.0033, -5.9447)","(8.5657, -5.1012)","(9.7919, -1.874)","(9.5132, -2.9819)","(-7.6131, 6.4369)","(-9.7208, -2.2136)","(-6.6463, -7.431)","(-2.84, -9.5565)","(4.8203, -8.7268)","(-5.7793, -8.1236)","(6.2142, -7.796)","(9.2884, -3.6221)","(8.9816, -4.3271)","(0.4162, -9.9609)","(9.9234, -0.9585)"
3.400000000000000355e+00,"(9.742, 12.3429)","(11.4398, -10.7882)","(15.5716, -2.1864)","(15.2651, -3.7722)","(4.66, -15.0179)","(12.6357, -9.3591)","(13.5201, -8.0288)","(15.4468, -2.9415)","(15.0094, -4.6876)","(-12.0522, 10.0995)","(-15.3195, -3.5452)","(-10.4483, -11.751)","(-4.4415, -15.084)","(7.6269, -13.7508)","(-9.0022, -12.8924)","(9.8208, -12.2803)","(14.6561, -5.6967)","(14.174, -6.8083)","(0.691, -15.7091)","(15.6527, -1.4986)"
3.500000000000000000e+00,"(12.5525, 13.6094)","(13.2231, -12.9588)","(18.3036, -2.7855)","(17.9153, -4.6714)","(5.0321, -17.8174)","(14.6799, -11.2818)","(15.7612, -9.7142)","(18.1441, -3.6838)","(17.596, -5.7585)","(-13.482, 12.6892)","(-18.2109, -3.3384)","(-12.8247, -13.3532)","(-5.8116, -17.5785)","(8.6045, -16.3934)","(-12.2752, -13.86)","(11.2577, -14.6984)","(17.1581, -6.9554)","(16.5637, -8.2718)","(0.2803, -18.5122)","(18.4096, -1.9668)"
3.600000000000000089e+00,"(10.2704, 7.5344)","(8.6571, -9.3436)","(12.532, -2.2798)","(12.2159, -3.6083)","(2.6674, -12.4553)","(9.7443, -8.2035)","(10.5582, -7.1256)","(12.4001, -2.9133)","(11.9641, -4.3714)","(-7.9203, 9.9758)","(-12.7103, -0.8349)","(-9.6668, -8.2947)","(-4.9831, -11.7225)","(5.2578, -11.6019)","(-10.8145, -6.7303)","(7.2029, -10.5056)","(11.624, -5.2089)","(11.1678, -6.1262)","(-0.7279, -12.7169)","(12.6235, -1.7015)"
3.700000000000000178e+00,"(5.999, 3.4668)","(4.5689, -5.2088)","(6.7956, -1.3513)","(6.6081, -2.083)","(1.2041, -6.8232)","(5.1866, -4.5941)","(5.6511, -4.0089)","(6.7168, -1.7005)","(6.461, -2.5025)","(-3.8511, 5.7598)","(-6.9287, -0.0017)","(-5.496, -4.219)","(-3.0052, -6.243)","(2.6523, -6.4009)","(-6.3997, -2.6554)","(3.7466, -5.8284)","(6.2637, -2.9619)","(6.0007, -3.4639)","(-0.6781, -6.8954)","(6.8513, -1.0323)"
3.800000000000000266e+00,"(3.9285, 3.2824)","(3.5382, -3.6999)","(5.0451, -0.8685)","(4.9246, -1.3985)","(1.1771, -4.9822)","(3.9639, -3.2396)","(4.2817, -2.8062)","(4.9951, -1.1212)","(4.8277, -1.7032)","(-3.3694, 3.8542)","(-5.092, -0.5287)","(-3.778, -3.4546)","(-1.8746, -4.7638)","(2.201, -4.622)","(-4.0712, -3.1037)","(2.9671, -4.1718)","(4.6962, -2.0381)","(4.5191, -2.4053)","(-0.1715, -5.1165)","(5.0794, -0.6381)"
3.900000000000000355e+00,"(4.4012, 5.1517)","(4.8842, -4.6964)","(6.7044, -0.9812)","(6.5673, -1.668)","(1.9241, -6.4968)","(5.4085, -4.0816)","(5.797, -3.508)","(6.6483, -1.3083)","(6.4537, -2.0642)","(-5.0645, 4.5014)","(-6.6351, -1.3735)","(-4.5998, -4.9753)","(-2.0218, -6.4671)","(3.2173, -5.9633)","(-4.196, -5.3203)","(4.1756, -5.3362)","(6.2974, -2.5007)","(6.0848, -2.9811)","(0.1992, -6.7729)","(6.7413, -0.6832)"
4.000000000000000000e+00,"(6.9001, 8.9857)","(8.2682, -7.7454)","(11.2225, -1.5529)","(11.0046, -2.6935)","(3.4055, -10.8055)","(9.1247, -6.7153)","(9.7577, -5.7569)","(11.1338, -2.0959)","(10.8222, -3.352)","(-8.7558, 7.1897)","(-11.0169, -2.6424)","(-7.4715, -8.5166)","(-3.1381, -10.8861)","(5.5347, -9.8855)","(-6.2994, -9.4167)","(7.108, -8.8222)","(10.57, -4.0781)","(10.2254, -4.8782)","(0.5544, -11.3158)","(11.2799, -1.0583)"
4.100000000000000533e+00,"(11.0708, 13.973)","(12.964, -12.2369)","(17.6533, -2.4837)","(17.3052, -4.2821)","(5.2726, -17.0296)","(14.3209, -10.6169)","(15.3245, -9.1086)","(17.5115, -3.34)","(17.0148, -5.32)","(-13.6479, 11.4692)","(-17.3726, -3.9999)","(-11.858, -13.3115)","(-5.0491, -17.0972)","(8.6382, -15.5945)","(-10.2469, -14.588)","(11.1271, -13.9282)","(16.6139, -6.4643)","(16.0666, -7.7247)","(0.771, -17.8105)","(17.7456, -1.7038)"
4.200000000000000178e+00,"(12.9101, 12.7724)","(12.8242, -12.8586)","(17.9346, -2.8553)","(17.5375, -4.716)","(4.6689, -17.5501)","(14.2818, -11.2176)","(15.3658, -9.6796)","(17.7708, -3.7419)","(17.2136, -5.7875)","(-12.7897, 12.8929)","(-17.946, -2.7832)","(-12.8758, -12.8069)","(-6.0374, -17.1276)","(8.2187, -16.1944)","(-12.9442, -12.7377)","(10.8619, -14.5541)","(16.7711, -6.9666)","(16.1723, -8.262)","(-0.0365, -18.1605)","(18.0447, -2.0471)"
4.299999999999999822e+00,"(8.9679, 5.3905)","(6.9335, -7.8363)","(10.2676, -2.0142)","(9.9882, -3.1171)","(1.8774, -10.2935)","(7.86, -6.9066)","(8.5563, -6.0226)","(10.1502, -2.5404)","(9.7684, -3.7494)","(-5.9275, 8.6224)","(-10.4627, -0.1106)","(-8.2447, -6.4425)","(-4.4686, -9.4611)","(4.0552, -9.6455)","(-9.5577, -4.2581)","(5.6991, -8.775)","(9.4734, -4.4424)","(9.0799, -5.1997)","(-0.9568, -10.4195)","(10.3503, -1.5334)"
4.400000000000000355e+00,"(4.6764, 2.5103)","(3.4685, -4.0174)","(5.2007, -1.0596)","(5.0536, -1.6221)","(0.8677, -5.2361)","(3.9475, -3.5478)","(4.3082, -3.1)","(5.1387, -1.328)","(4.9386, -1.9443)","(-2.8455, 4.4803)","(-5.3066, 0.0985)","(-4.2602, -3.1655)","(-2.3661, -4.751)","(1.9855, -4.9222)","(-4.9925, -1.8014)","(2.8317, -4.489)","(4.7847, -2.2971)","(4.58, -2.6822)","(-0.5815, -5.2756)","(5.2447, -0.8142)"
4.500000000000000000e+00,"(3.2177, 2.9356)","(3.0444, -3.1149)","(4.2972, -0.7109)","(4.1984, -1.1594)","(1.0629, -4.2239)","(3.4001, -2.7223)","(3.665, -2.3534)","(4.2563, -0.9247)","(4.1185, -1.4175)","(-2.9722, 3.1839)","(-4.3191, -0.5628)","(-3.1496, -3.0085)","(-1.519, -4.0821)","(1.9239, -3.9077)","(-3.2841, -2.8611)","(2.5664, -3.5192)","(4.0096, -1.7013)","(3.8626, -2.0129)","(-0.0748, -4.3549)","(4.3249, -0.516)"
4.600000000000000533e+00,"(4.1149, 5.1024)","(4.757, -4.5097)","(6.4898, -0.9216)","(6.3607, -1.5837)","(1.9206, -6.2672)","(5.2579, -3.9142)","(5.6285, -3.3596)","(6.4371, -1.2369)","(6.2532, -1.9657)","(-4.9908, 4.2496)","(-6.3953, -1.4376)","(-4.3812, -4.8756)","(-1.8798, -6.2796)","(3.1613, -5.7422)","(-3.8369, -5.3146)","(4.0792, -5.1309)","(6.1049, -2.3868)","(5.9026, -2.8505)","(0.2623, -6.5496)","(6.5241, -0.6345)"
4.700000000000000178e+00,"(7.0333, 9.4421)","(8.6219, -8.0177)","(11.6661, -1.5882)","(11.4429, -2.7712)","(3.5938, -11.2118)","(9.5061, -6.9466)","(10.1591, -5.9509)","(11.5755, -2.1514)","(11.2555, -3.4544)","(-9.1806, 7.3713)","(-11.4244, -2.8465)","(-7.6996, -8.9071)","(-3.1901, -11.3333)","(5.7968, -10.2478)","(-6.3301, -9.9273)","(7.4233, -9.1387)","(10.9961, -4.2079)","(10.6412, -5.0384)","(0.6406, -11.7563)","(11.7245, -1.0753)"
4.800000000000000711e+00,"(11.7867, 15.0564)","(13.9242, -13.1049)","(18.9371, -2.6474)","(18.5659, -4.5748)","(5.691, -18.2547)","(15.3759, -11.3668)","(16.4492, -9.7492)","(18.7859, -3.5651)","(18.2558, -5.6874)","(-14.6924, 12.2375)","(-18.6185, -4.3556)","(-12.677, -14.3149)","(-5.3697, -18.3518)","(9.2945, -16.7103)","(-10.8531, -15.7427)","(11.9586, -14.9202)","(17.8275, -6.914)","(17.2426, -8.2653)","(0.8689, -19.1015)","(19.0352, -1.8116)"
4.900000000000000355e+00,"(13.3112, 12.5765)","(12.8569, -13.0406)","(18.0749, -2.9417)","(17.6662, -4.8233)","(4.5722, -17.7328)","(14.3412, -11.388)","(15.4463, -9.8371)","(17.906, -3.8383)","(17.3341, -5.9065)","(-12.6706, 13.2217)","(-18.1334, -2.5565)","(-13.1315, -12.7641)","(-6.258, -17.2103)","(8.1746, -16.387)","(-13.4882, -12.3865)","(10.8607, -14.7446)","(16.8813, -7.0979)","(16.2693, -8.4063)","(-0.1948, -18.3117)","(18.1891, -2.1241)"
5.000000000000000000e+00,"(8.4023, 4.2084)","(6.0907, -7.1563)","(9.2001, -1.9152)","(8.934, -2.9142)","(1.4487, -9.285)","(6.9481, -6.3272)","(7.5944, -5.5348)","(9.0878, -2.392)","(8.7268, -3.4862)","(-4.8685, 8.0379)","(-9.3914, 0.3341)","(-7.6216, -5.4973)","(-4.2911, -8.3604)","(3.4413, -8.7446)","(-8.967, -2.8112)","(4.9521, -7.9866)","(8.4499, -4.112)","(8.0821, -4.7948)","(-1.1287, -9.3293)","(9.2802, -1.4792)"
5.100000000000000533e+00,"(3.8273, 1.6469)","(2.6542, -3.2118)","(4.0716, -0.8846)","(3.9485, -1.3303)","(0.5627, -4.1284)","(3.0429, -2.8463)","(3.3365, -2.4957)","(4.0195, -1.0974)","(3.8533, -1.5852)","(-2.0017, 3.6543)","(-4.1563, 0.2928)","(-3.4485, -2.3384)","(-1.9941, -3.6584)","(1.4581, -3.9031)","(-4.069, -0.8964)","(2.1394, -3.5754)","(3.7265, -1.8638)","(3.5585, -2.1673)","(-0.5902, -4.1246)","(4.1091, -0.6899)"
5.200000000000000178e+00,"(2.3447, 2.0583)","(2.17, -2.2417)","(3.0767, -0.5181)","(3.0048, -0.8401)","(0.7421, -3.0304)","(2.4269, -1.9607)","(2.6184, -1.6965)","(3.0469, -0.6716)","(2.9467, -1.0253)","(-2.0961, 2.311)","(-3.0982, -0.3676)","(-2.2766, -2.1334)","(-1.112, -2.9151)","(1.362, -2.807)","(-2.4103, -1.9811)","(1.8252, -2.5304)","(2.8677, -1.229)","(2.7613, -1.4524)","(-0.076, -3.1191)","(3.097, -0.3781)"
5.300000000000000711e+00,"(3.0606, 3.8709)","(3.5894, -3.3864)","(4.8867, -0.6868)","(4.7905, -1.1845)","(1.4611, -4.7135)","(3.9649, -2.9379)","(4.2425, -2.5204)","(4.8475, -0.9238)","(4.7101, -1.4718)","(-3.7803, 3.1719)","(-4.8082, -1.1101)","(-3.2806, -3.6864)","(-1.3956, -4.7333)","(2.3924, -4.316)","(-2.8304, -4.0424)","(3.0811, -3.8546)","(4.5992, -1.7885)","(4.4478, -2.1374)","(0.2153, -4.93)","(4.9122, -0.4709)"
5.400000000000000355e+00,"(5.6018, 7.7571)","(7.031, -6.49)","(9.4838, -1.2697)","(9.3051, -2.2292)","(2.9655, -9.0972)","(7.7447, -5.619)","(8.2715, -4.81)","(9.4113, -1.7265)","(9.1546, -2.7835)","(-7.527, 5.9075)","(-9.2636, -2.3956)","(-6.2037, -7.2848)","(-2.5342, -9.2267)","(4.7479, -8.3073)","(-4.9642, -8.1799)","(6.0627, -7.4025)","(8.9459, -3.3949)","(8.6601, -4.069)","(0.5736, -9.5512)","(9.5302, -0.8538)"
5.500000000000000000e+00,"(10.6432, 14.4876)","(13.1847, -12.2202)","(17.815, -2.4072)","(17.4765, -4.212)","(5.5251, -17.1068)","(14.5307, -10.5843)","(15.5245, -9.0642)","(17.6777, -3.2664)","(17.1919, -5.2543)","(-14.0734, 11.1852)","(-17.4262, -4.4155)","(-11.7111, -13.6389)","(-4.8217, -17.3182)","(8.8821, -15.6294)","(-9.514, -15.2529)","(11.3595, -13.933)","(16.7975, -6.404)","(16.2579, -7.6714)","(1.0228, -17.9478)","(17.9033, -1.6249)"
5.600000000000000533e+00,"(14.6132, 15.7703)","(15.3468, -15.0574)","(21.2541, -3.242)","(20.8023, -5.4327)","(5.8277, -20.6951)","(17.0402, -13.1102)","(18.2972, -11.2898)","(21.0685, -4.2856)","(20.4309, -6.6954)","(-15.6306, 14.7626)","(-21.1529, -3.8474)","(-14.9107, -15.4894)","(-6.769, -20.4066)","(9.9789, -19.0439)","(-14.3104, -16.0456)","(13.0624, -17.0769)","(19.9216, -8.0857)","(19.2304, -9.6146)","(0.3069, -21.4978)","(21.3776, -2.291)"
5.700000000000000178e+00,"(10.1195, 5.181)","(7.3876, -8.6412)","(11.1331, -2.3022)","(10.8134, -3.5096)","(1.7857, -11.2275)","(8.4213, -7.6373)","(9.2002, -6.6785)","(10.9982, -2.8785)","(10.564, -4.201)","(-5.9543, 9.6847)","(-11.3635, 0.3438)","(-9.1909, -6.6913)","(-5.1528, -10.1339)","(4.1913, -10.5679)","(-10.8019, -3.5447)","(6.0143, -9.6475)","(10.2307, -4.9576)","(9.7877, -5.7833)","(-1.328, -11.2908)","(11.2292, -1.7753)"
5.800000000000000711e+00,"(4.1912, 0.7662)","(2.5248, -3.432)","(4.1306, -1.0449)","(3.9837, -1.5111)","(0.2567, -4.2529)","(2.9559, -3.0685)","(3.2845, -2.7139)","(4.0677, -1.2678)","(3.8726, -1.7765)","(-1.3886, 4.0281)","(-4.1709, 0.8701)","(-3.7731, -1.9792)","(-2.3906, -3.5268)","(1.2178, -4.0829)","(-4.2293, 0.5163)","(1.9588, -3.7837)","(3.7267, -2.0653)","(3.5353, -2.3781)","(-0.9577, -4.1516)","(4.177, -0.8405)"
5.900000000000000355e+00,"(1.3407, 0.4106)","(0.8634, -1.1049)","(1.3652, -0.3201)","(1.3205, -0.4718)","(0.1387, -1.3953)","(0.9996, -0.9834)","(1.1029, -0.8659)","(1.3461, -0.3926)","(1.2862, -0.5584)","(-0.5708, 1.2808)","(-1.3893, 0.1899)","(-1.2018, -0.7225)","(-0.7279, -1.1985)","(0.4474, -1.3289)","(-1.4002, -0.0744)","(0.6839, -1.2241)","(1.241, -0.6528)","(1.1814, -0.7554)","(-0.2553, -1.3788)","(1.3791, -0.2537)"
6.000000000000000000e+00,"(0.8688, 0.8906)","(0.8825, -0.8771)","(1.2292, -0.1924)","(1.2025, -0.3195)","(0.327, -1.2005)","(0.9816, -0.7645)","(1.0552, -0.6592)","(1.2182, -0.253)","(1.1805, -0.3928)","(-0.8879, 0.8716)","(-1.2274, -0.2037)","(-0.8743, -0.8852)","(-0.4047, -1.1765)","(0.569, -1.1065)","(-0.8633, -0.8959)","(0.749, -0.9935)","(1.1506, -0.4735)","(1.11, -0.5621)","(0.0058, -1.2442)","(1.2366, -0.1371)"
6.100000000000000533e+00,"(1.4422, 1.9872)","(1.8032, -1.6664)","(2.4335, -0.3267)","(2.3875, -0.573)","(0.7591, -2.335)","(1.9866, -1.443)","(2.1219, -1.2354)","(2.4149, -0.4439)","(2.3488, -0.7152)","(-1.9288, 1.5193)","(-2.378, -0.6114)","(-1.5941, -1.8675)","(-0.6527, -2.367)","(1.2168, -2.1326)","(-1.2813, -2.0945)","(1.5545, -1.9005)","(2.2952, -0.8722)","(2.2218, -1.0452)","(0.145, -2.451)","(2.4455, -0.2199)"
6.200000000000000178e+00,"(3.1215, 4.5791)","(4.0976, -3.7312)","(5.4958, -0.713)","(5.3951, -1.2668)","(1.7651, -5.2532)","(4.5059, -3.2263)","(4.8068, -2.758)","(5.4551, -0.9766)","(5.3098, -1.5868)","(-4.4282, 3.3322)","(-5.3421, -1.4746)","(-3.5356, -4.2676)","(-1.4056, -5.3607)","(2.789, -4.7889)","(-2.6802, -4.8506)","(3.543, -4.2614)","(5.1912, -1.9399)","(5.0285, -2.3295)","(0.3884, -5.5282)","(5.5216, -0.4731)"
6.300000000000000711e+00,"(7.2632, 10.7696)","(9.6155, -8.7338)","(12.8832, -1.6617)","(12.6485, -2.9588)","(4.1578, -12.3065)","(10.5704, -7.5502)","(11.2739, -6.4527)","(12.7884, -2.279)","(12.4493, -3.7084)","(-10.4086, 7.7717)","(-12.5113, -3.4937)","(-8.2623, -10.0236)","(-3.2677, -12.5722)","(6.554, -11.2153)","(-6.1971, -11.4164)","(8.3183, -9.9772)","(12.1723, -4.5357)","(11.792, -5.4485)","(0.9347, -12.9563)","(12.9433, -1.0998)"
6.400000000000000355e+00,"(14.635, 19.7128)","(17.9858, -16.712)","(24.328, -3.306)","(23.8633, -5.7725)","(7.5066, -23.3759)","(19.8282, -14.4783)","(21.1889, -12.4021)","(24.1393, -4.4802)","(23.4731, -7.1968)","(-19.1627, 15.3483)","(-23.8175, -5.9585)","(-16.041, -18.5867)","(-6.6361, -23.6377)","(12.0983, -21.3638)","(-13.1503, -20.7328)","(15.4879, -19.05)","(22.9326, -8.7678)","(22.1933, -10.4993)","(1.3506, -24.5144)","(24.4495, -2.2368)"
6.500000000000000000e+00,"(14.6392, 10.8799)","(12.4171, -13.3601)","(17.948, -3.2478)","(17.4977, -5.1487)","(3.8565, -17.8271)","(13.97, -11.7267)","(15.1321, -10.1832)","(17.7601, -4.1542)","(17.1386, -6.2407)","(-11.4078, 14.2317)","(-18.1956, -1.2634)","(-13.8051, -11.9204)","(-7.0907, -16.8047)","(7.5597, -16.5991)","(-15.395, -9.7812)","(10.3395, -15.0257)","(16.6533, -7.4394)","(16.0023, -8.7523)","(-0.9999, -18.212)","(18.0781, -2.4204)"
6.600000000000000533e+00,"(6.7827, -0.202)","(3.7278, -5.67)","(6.5226, -1.8711)","(6.2562, -2.6278)","(-0.0673, -6.7853)","(4.4647, -5.1099)","(5.0307, -4.5538)","(6.4076, -2.2334)","(6.0583, -3.0565)","(-1.1749, 6.6832)","(-6.4151, 2.2118)","(-6.3071, -2.5031)","(-4.2981, -5.2508)","(1.5251, -6.6121)","(-6.1469, 2.8741)","(2.7687, -6.1951)","(5.8007, -3.521)","(5.4659, -4.0211)","(-2.0422, -6.4711)","(6.609, -1.5381)"
6.700000000000000178e+00,"(2.3884, -2.2627)","(1.2795, -3.031)","(3.0446, -1.2467)","(2.8566, -1.6321)","(-0.8229, -3.1854)","(1.7196, -2.8048)","(2.0661, -2.5603)","(2.9618, -1.4323)","(2.7231, -1.8463)","(1.1972, 3.0644)","(-2.3638, 2.2884)","(-3.2897, -0.0445)","(-2.7653, -1.7825)","(0.0267, -3.2899)","(-0.1333, 3.2873)","(0.723, -3.2096)","(2.5537, -2.0742)","(2.3389, -2.3138)","(-1.8, -2.7539)","(3.1095, -1.0746)"
6.800000000000000711e+00,"(1.821, -3.8388)","(1.2843, -4.05)","(3.8367, -1.8253)","(3.5524, -2.3308)","(-1.56, -3.952)","(1.9041, -3.7982)","(2.3984, -3.5071)","(3.7106, -2.0696)","(3.3538, -2.6085)","(2.5698, 3.3835)","(-2.3281, 3.5541)","(-4.1866, 0.724)","(-3.8894, -1.7101)","(-0.4358, -4.2264)","(2.0879, 3.7004)","(0.512, -4.2178)","(3.1046, -2.9006)","(2.7917, -3.2029)","(-2.7935, -3.2013)","(3.9369, -1.5977)"
6.900000000000000355e+00,"(2.9699, -6.7766)","(2.1838, -7.0692)","(6.6669, -3.2086)","(6.1658, -4.0897)","(-2.785, -6.8546)","(3.2702, -6.6369)","(4.1373, -6.1339)","(6.4446, -3.6345)","(5.8163, -4.5731)","(4.6059, 5.7903)","(-3.9426, 6.2608)","(-7.2709, 1.3695)","(-6.8106, -2.8909)","(-0.8248, -7.3527)","(3.9208, 6.2745)","(0.8317, -7.3519)","(5.378, -5.0813)","(4.828, -5.6065)","(-4.9267, -5.5199)","(6.8438, -2.8115)"
7.000000000000000000e+00,"(5.6092, -12.6744)","(4.1027, -13.239)","(12.4923, -6.0038)","(11.5549, -7.6542)","(-5.2016, -12.847)","(6.1363, -12.4277)","(7.7593, -11.4846)","(12.0765, -6.8016)","(10.901, -8.5598)","(8.5989, 10.8702)","(-7.411, 11.7124)","(-13.6252, 2.541)","(-12.75, -5.4352)","(-1.5301, -13.7754)","(7.2814, 11.7934)","(1.5716, -13.7707)","(10.081, -9.5119)","(9.0518, -10.4961)","(-9.2153, -10.3528)","(12.8232, -5.2602)"
7.100000000000000533e+00,"(7.5273, -19.6543)","(5.9737, -20.1809)","(18.8992, -9.2613)","(17.4468, -11.7713)","(-8.2285, -19.3713)","(9.0956, -18.9795)","(11.5915, -17.5667)","(18.2544, -10.4752)","(16.4357, -13.1462)","(13.6778, 15.996)","(-10.7052, 18.1205)","(-20.5849, 4.3837)","(-19.5361, -7.829)","(-2.6426, -20.8799)","(12.3904, 17.0127)","(2.0959, -20.9418)","(15.1693, -14.5892)","(13.5821, -16.0773)","(-14.2908, -15.4508)","(19.4132, -8.1289)"
7.200000000000000178e+00,"(2.3238, -15.8925)","(3.703, -15.6288)","(14.1811, -7.5409)","(12.9753, -9.4664)","(-7.3484, -14.2819)","(6.1954, -14.8185)","(8.2028, -13.8089)","(13.644, -8.4743)","(12.1429, -10.5129)","(12.3058, 10.3218)","(-6.2734, 14.7856)","(-15.2456, 5.054)","(-15.4062, -4.5408)","(-3.0659, -15.7661)","(13.1603, 9.2074)","(0.6358, -16.0489)","(11.1062, -11.6028)","(9.814, -12.7144)","(-11.8428, -10.8498)","(14.6123, -6.6672)"
7.300000000000000711e+00,"(-1.2433, -7.0172)","(1.0827, -7.0438)","(6.1241, -3.6445)","(5.5247, -4.5017)","(-3.9177, -5.953)","(2.2555, -6.7602)","(3.2105, -6.3624)","(5.8559, -4.0615)","(5.1155, -4.9617)","(6.3935, 3.148)","(-1.4782, 6.9715)","(-6.3199, 3.2933)","(-7.0473, -1.0597)","(-2.0257, -6.8325)","(7.0667, 0.9215)","(-0.3407, -7.1184)","(4.6097, -5.4349)","(3.9841, -5.9088)","(-5.794, -4.1492)","(6.3413, -3.2519)"
7.400000000000000355e+00,"(-0.447, -2.8198)","(0.4465, -2.8198)","(2.4574, -1.4534)","(2.2187, -1.7967)","(-1.555, -2.3943)","(0.9149, -2.7044)","(1.2961, -2.5438)","(2.3506, -1.6204)","(2.0557, -1.9812)","(2.5439, 1.2959)","(-0.6226, 2.7863)","(-2.5437, 1.2963)","(-2.8199, -0.4465)","(-0.7966, -2.7416)","(2.8199, 0.4461)","(-0.1224, -2.8524)","(1.8541, -2.171)","(1.6047, -2.3613)","(-2.3098, -1.678)","(2.5438, -1.2962)"
7.500000000000000000e+00,"(0.5392, -2.2622)","(0.5863, -2.2505)","(2.0677, -1.0644)","(1.8988, -1.3427)","(-1.0023, -2.0985)","(0.9408, -2.1268)","(1.2255, -1.9765)","(1.9926, -1.1992)","(1.7818, -1.4945)","(1.6784, 1.6098)","(-1.0211, 2.0895)","(-2.2378, 0.6331)","(-2.2041, -0.7419)","(-0.383, -2.2938)","(1.7116, 1.5744)","(0.1483, -2.3209)","(1.6358, -1.653)","(1.4535, -1.8154)","(-1.6615, -1.6272)","(2.1278, -0.9385)"
7.600000000000000533e+00,"(1.5785, -3.7547)","(1.1875, -3.8961)","(3.6661, -1.7746)","(3.3886, -2.2599)","(-1.5521, -3.7657)","(1.7875, -3.6599)","(2.2667, -3.3841)","(3.543, -2.0092)","(3.1952, -2.526)","(2.5714, 3.1587)","(-2.1391, 3.4661)","(-3.9969, 0.7841)","(-3.7595, -1.5672)","(-0.4723, -4.0456)","(2.236, 3.4044)","(0.4412, -4.0491)","(2.9527, -2.8056)","(2.6485, -3.0944)","(-2.7293, -3.0233)","(3.7642, -1.5559)"
7.700000000000000178e+00,"(3.5512, -7.6596)","(2.5344, -8.0534)","(7.6191, -3.6372)","(7.0522, -4.642)","(-3.1229, -7.844)","(3.7684, -7.5551)","(4.7527, -6.978)","(7.3677, -4.1228)","(6.6563, -5.1937)","(5.1507, 6.6896)","(-4.5889, 7.0868)","(-8.3129, 1.4753)","(-7.7415, -3.3689)","(-0.8881, -8.396)","(4.2456, 7.2977)","(0.9973, -8.3837)","(6.1597, -5.774)","(5.5362, -6.3743)","(-5.572, -6.343)","(7.8191, -3.1847)"
7.800000000000000711e+00,"(7.1989, -15.7092)","(5.1689, -16.4889)","(15.5894, -7.4548)","(14.4268, -9.5115)","(-6.4154, -16.0451)","(7.6971, -15.4712)","(9.7139, -14.2913)","(15.0738, -8.4488)","(13.6154, -10.6406)","(10.5875, 13.6567)","(-9.3537, 14.5296)","(-17.0075, 3.0571)","(-15.8579, -6.8651)","(-1.8404, -17.1818)","(8.7885, 14.8783)","(2.0204, -17.1616)","(12.5974, -11.8282)","(11.3195, -13.0565)","(-11.4258, -12.9635)","(15.9995, -6.5283)"
7.900000000000000355e+00,"(7.5745, -22.0523)","(6.4227, -22.4148)","(20.884, -10.3699)","(19.2527, -13.1533)","(-9.3652, -21.3535)","(9.9071, -21.1075)","(12.6961, -19.5572)","(20.1594, -11.7165)","(18.1186, -14.6762)","(15.6119, 17.3189)","(-11.4371, 20.3192)","(-22.7173, 5.2538)","(-21.7709, -8.3489)","(-3.1697, -23.1004)","(14.6944, 18.1039)","(2.1011, -23.222)","(16.6996, -16.2727)","(14.9226, -17.9162)","(-16.0551, -16.9089)","(21.4623, -9.113)"
8.000000000000000000e+00,"(-0.6621, -12.4233)","(2.2645, -12.2331)","(10.8058, -6.1654)","(9.8025, -7.6608)","(-6.4107, -10.6621)","(4.2684, -11.6858)","(5.8933, -10.9565)","(10.3576, -6.8919)","(9.1148, -8.4674)","(10.6119, 6.4934)","(-3.4646, 11.9488)","(-11.3631, 5.0652)","(-12.189, -2.4909)","(-3.0971, -12.0492)","(11.8371, 3.8288)","(-0.1806, -12.4396)","(8.2624, -9.3011)","(7.205, -10.1422)","(-9.7726, -7.6989)","(11.1675, -5.483)"
8.099999999999999645e+00,"(-2.1808, -3.8686)","(0.3018, -4.4306)","(3.6963, -2.4615)","(3.2793, -2.9946)","(-2.8429, -3.4117)","(1.073, -4.3093)","(1.7085, -4.0991)","(3.5089, -2.722)","(2.9978, -3.2764)","(4.3488, 0.9)","(-0.0274, 4.4408)","(-3.5371, 2.6853)","(-4.4409, -0.0196)","(-1.6868, -4.1081)","(4.1286, -1.6359)","(-0.6197, -4.3975)","(2.6523, -3.5619)","(2.2284, -3.8414)","(-3.9084, -2.1085)","(3.8492, -2.2148)"
8.200000000000001066e+00,"(-1.1913, -0.7279)","(-0.0826, -1.3937)","(1.0996, -0.8602)","(0.9475, -1.0254)","(-1.062, -0.9063)","(0.1762, -1.385)","(0.3936, -1.3395)","(1.0309, -0.9415)","(0.8462, -1.1104)","(1.3742, -0.2468)","(0.4116, 1.3341)","(-0.8636, 1.097)","(-1.3644, 0.2961)","(-0.7206, -1.1958)","(0.582, -1.269)","(-0.3842, -1.3422)","(0.7233, -1.1941)","(0.5742, -1.2726)","(-1.3322, -0.4177)","(1.1563, -0.7824)"
8.300000000000000711e+00,"(-1.3642, 0.0098)","(-0.2685, -1.3375)","(1.0008, -0.9271)","(0.8292, -1.0833)","(-1.183, -0.6793)","(-0.0023, -1.3642)","(0.2264, -1.3453)","(0.9228, -1.0047)","(0.7167, -1.1608)","(1.1302, -0.764)","(0.8066, 1.1002)","(-0.5175, 1.2622)","(-1.2273, 0.5957)","(-0.8882, -1.0354)","(-0.5356, -1.2547)","(-0.5691, -1.2398)","(0.5816, -1.234)","(0.4197, -1.298)","(-1.358, -0.1301)","(1.0657, -0.8516)"
8.400000000000000355e+00,"(-2.5968, 0.2226)","(-0.563, -2.5448)","(1.891, -1.7936)","(1.557, -2.0901)","(-2.2933, -1.2383)","(-0.0514, -2.6058)","(0.3894, -2.5771)","(1.7392, -1.9412)","(1.3385, -2.2364)","(2.0698, -1.5839)","(1.6381, 2.0272)","(-0.8936, 2.4483)","(-2.3052, 1.2161)","(-1.7429, -1.9378)","(-1.2971, -2.2606)","(-1.1377, -2.3449)","(1.0764, -2.3736)","(0.7629, -2.4922)","(-2.6006, -0.1722)","(2.0177, -1.6498)"
8.500000000000000000e+00,"(-5.769, 0.434)","(-1.235, -5.652)","(4.2038, -3.9747)","(3.4642, -4.6335)","(-5.0811, -2.7664)","(-0.1003, -5.7845)","(0.8772, -5.7185)","(3.8676, -4.3026)","(2.9801, -4.9587)","(4.6218, -3.4798)","(3.6079, 4.5225)","(-2.0117, 5.4243)","(-5.1289, 2.6766)","(-3.8554, -4.3134)","(-2.8007, -5.0622)","(-2.5106, -5.2122)","(2.3997, -5.2642)","(1.7049, -5.5284)","(-5.7711, -0.4047)","(4.4842, -3.6554)"
8.599999999999999645e+00,"(-13.3456, 0.9595)","(-2.8454, -13.074)","(9.7269, -9.1876)","(8.0177, -10.7118)","(-11.7442, -6.4109)","(-0.2216, -13.3782)","(2.0381, -13.2239)","(8.9499, -9.9461)","(6.899, -11.4642)","(10.709, -8.0214)","(8.3233, 10.4761)","(-4.6735, 12.5373)","(-11.8707, 6.1734)","(-8.9067, -9.9848)","(-6.419, -11.7398)","(-5.7954, -12.0598)","(5.5574, -12.1713)","(3.9516, -12.7832)","(-13.3461, -0.9526)","(10.3749, -8.4492)"
8.700000000000001066e+00,"(-24.4135, 2.9616)","(-5.5234, -23.9641)","(17.7536, -17.0176)","(14.5754, -19.8077)","(-21.7751, -11.4295)","(-0.685, -24.5829)","(3.4909, -24.3434)","(16.3081, -18.4074)","(12.4979, -21.1799)","(19.1288, -15.4557)","(15.857, 18.7974)","(-8.0234, 23.2468)","(-21.5756, 11.8018)","(-16.6381, -18.1097)","(-13.349, -20.6541)","(-10.9469, -22.0217)","(10.0088, -22.4636)","(7.0326, -23.5654)","(-24.558, -1.3005)","(18.9599, -15.6624)"
8.800000000000000711e+00,"(-16.0682, 7.2435)","(-5.2462, -16.8266)","(12.1571, -12.7617)","(9.7168, -14.7051)","(-16.3522, -6.5774)","(-1.7199, -17.5413)","(1.3654, -17.5725)","(11.0442, -13.7361)","(8.1338, -15.6364)","(10.8636, -13.8794)","(13.6118, 11.1971)","(-3.1718, 17.3377)","(-14.2387, 10.3883)","(-13.0528, -11.844)","(-15.0918, -9.1046)","(-9.1208, -15.082)","(6.2482, -16.4808)","(4.0089, -17.1635)","(-17.5931, 1.0682)","(13.0904, -11.8024)"
8.900000000000000355e+00,"(-3.1105, 5.7532)","(-2.9336, -5.8454)","(4.0274, -5.1531)","(2.9929, -5.8153)","(-6.4512, -1.0756)","(-1.6061, -6.34)","(-0.4058, -6.5276)","(3.553, -5.491)","(2.3325, -6.1102)","(1.1411, -6.4399)","(6.2532, 1.9164)","(0.9443, 6.4717)","(-4.0162, 5.1619)","(-5.6049, -3.3704)","(-5.9321, 2.754)","(-4.3205, -4.91)","(1.5559, -6.3525)","(0.6472, -6.5081)","(-6.2384, 1.9641)","(4.4293, -4.8121)"
9.000000000000000000e+00,"(0.6778, 2.9997)","(-1.8479, -2.4582)","(1.6224, -2.6126)","(1.0709, -2.8829)","(-3.0669, 0.2276)","(-1.2365, -2.8158)","(-0.6589, -3.0039)","(1.3679, -2.7544)","(0.725, -2.9887)","(-1.092, -2.8749)","(3.048, -0.4088)","(1.4846, 2.6932)","(-1.0648, 2.8851)","(-2.9133, -0.985)","(-0.1825, 3.0699)","(-2.4419, -1.8695)","(0.3241, -3.0582)","(-0.1366, -3.0723)","(-2.5821, 1.6704)","(1.8402, -2.464)"
9.099999999999999645e+00,"(2.2389, 3.2682)","(-2.6689, -2.9276)","(1.8956, -3.4786)","(1.1427, -3.7932)","(-3.8824, 0.7878)","(-1.9031, -3.4745)","(-1.1594, -3.7881)","(1.5471, -3.647)","(0.6749, -3.9036)","(-2.3874, -3.1613)","(3.7071, -1.3969)","(2.5309, 3.0477)","(-0.7536, 3.8892)","(-3.8724, -0.8356)","(1.9278, 3.4608)","(-3.3769, -2.0713)","(0.1372, -3.9592)","(-0.4747, -3.933)","(-2.9885, 2.6006)","(2.1955, -3.2975)"
9.200000000000001066e+00,"(4.1235, 5.6374)","(-4.7452, -5.1251)","(3.3137, -6.1484)","(1.9801, -6.698)","(-6.8303, 1.4594)","(-3.3989, -6.1017)","(-2.0882, -6.665)","(2.6963, -6.4431)","(1.1524, -6.8888)","(-4.3372, -5.4747)","(6.4891, -2.5836)","(4.5446, 5.3038)","(-1.2377, 6.874)","(-6.8408, -1.4098)","(3.6779, 5.9377)","(-5.9843, -3.6016)","(0.2015, -6.9816)","(-0.8798, -6.9289)","(-5.2154, 4.6457)","(3.8451, -5.8309)"
9.300000000000000711e+00,"(7.8328, 10.8229)","(-9.0642, -9.8147)","(6.3473, -11.7558)","(3.7984, -12.8086)","(-13.0697, 2.7696)","(-6.4877, -11.6789)","(-3.9806, -12.7531)","(5.1672, -12.3202)","(2.2161, -13.1748)","(-8.2565, -10.5032)","(12.4272, -4.9044)","(8.6672, 10.167)","(-2.3959, 13.1433)","(-13.0808, -2.7165)","(6.949, 11.4105)","(-11.4373, -6.9048)","(0.398, -13.354)","(-1.6695, -13.2552)","(-9.9928, 8.8674)","(7.3629, -11.1479)"
9.400000000000000355e+00,"(13.1694, 16.5605)","(-14.5306, -15.38)","(9.9255, -18.686)","(5.8621, -20.3302)","(-20.6302, 4.6988)","(-10.4678, -18.3877)","(-6.5002, -20.1353)","(8.0435, -19.57)","(3.3426, -20.8928)","(-13.6342, -16.1799)","(19.4627, -8.2998)","(14.0881, 15.7864)","(-3.3892, 20.8853)","(-20.7731, -4.0199)","(12.2083, 17.2812)","(-18.2474, -10.7104)","(0.4505, -21.1537)","(-2.8344, -20.9678)","(-15.5848, 14.3107)","(11.5462, -17.7304)"
9.500000000000000000e+00,"(13.0333, 10.6363)","(-12.1916, -11.5914)","(7.4095, -15.1029)","(4.0801, -16.3202)","(-16.0937, 4.8981)","(-9.0358, -14.1898)","(-5.8982, -15.7546)","(5.8646, -15.7672)","(2.027, -16.6999)","(-12.7608, -10.9617)","(14.4993, -8.5304)","(12.4802, 11.2802)","(-1.1589, 16.7825)","(-16.6874, -2.1274)","(13.5532, 9.9653)","(-14.9811, -7.6528)","(-0.3183, -16.8195)","(-2.9664, -16.5589)","(-11.4367, 12.3369)","(8.7438, -14.3716)"
9.600000000000001421e+00,"(6.9805, 2.4174)","(-5.7793, -4.6012)","(2.9001, -6.7942)","(1.3695, -7.2592)","(-6.7677, 2.9614)","(-4.4592, -5.8896)","(-3.1027, -6.7041)","(2.1877, -7.0559)","(0.4344, -7.3745)","(-6.6634, -3.1891)","(5.443, -4.9945)","(6.2613, 3.9202)","(0.6015, 7.3627)","(-7.3855, -0.1586)","(7.3447, 0.7917)","(-6.8698, -2.7162)","(-0.6253, -7.3607)","(-1.8096, -7.1622)","(-4.2675, 6.0299)","(3.5184, -6.4955)"
9.700000000000001066e+00,"(2.627, 0.7656)","(-2.1617, -1.6775)","(1.0554, -2.5246)","(0.4849, -2.693)","(-2.4882, 1.1384)","(-1.6767, -2.1624)","(-1.1757, -2.4708)","(0.7898, -2.6198)","(0.1369, -2.7329)","(-2.5105, -1.0883)","(1.96, -1.9094)","(2.3546, 1.3939)","(0.281, 2.7218)","(-2.7362, -0.0179)","(2.7348, 0.0894)","(-2.558, -0.9715)","(-0.2571, -2.7242)","(-0.6967, -2.6461)","(-1.5387, 2.2626)","(1.2861, -2.4152)"
9.800000000000000711e+00,"(1.3616, 1.1377)","(-1.2824, -1.2263)","(0.7843, -1.5916)","(0.4337, -1.7206)","(-1.6995, 0.5101)","(-0.9491, -1.4992)","(-0.618, -1.6633)","(0.6216, -1.6619)","(0.2174, -1.761)","(-1.3359, -1.1678)","(1.5355, -0.8891)","(1.3095, 1.1974)","(-0.131, 1.7695)","(-1.7593, -0.2305)","(1.4111, 1.0757)","(-1.5776, -0.8122)","(-0.0297, -1.7741)","(-0.3088, -1.7473)","(-1.2119, 1.296)","(0.9248, -1.5143)"
9.900000000000000355e+00,"(1.8363, 2.3827)","(-2.0575, -2.1945)","(1.4172, -2.6534)","(0.8408, -2.8883)","(-2.9364, 0.6532)","(-1.4791, -2.6195)","(-0.9148, -2.8657)","(1.1503, -2.7796)","(0.4832, -2.9691)","(-1.9121, -2.3223)","(2.7777, -1.1547)","(1.9858, 2.2596)","(-0.5012, 2.9662)","(-2.9508, -0.585)","(1.6792, 2.4959)","(-2.588, -1.5335)","(0.0726, -3.0073)","(-0.3939, -2.9823)","(-2.2273, 2.022)","(1.647, -2.5172)"
1.000000000000000000e+01,"(3.6259, 5.1767)","(-4.2701, -4.6596)","(3.0156, -5.5544)","(1.8125, -6.0548)","(-6.1896, 1.2784)","(-3.0495, -5.5359)","(-1.8631, -6.0394)","(2.4587, -5.8224)","(1.0654, -6.2298)","(-3.8481, -5.0137)","(5.9002, -2.2655)","(4.0629, 4.8413)","(-1.1746, 6.2102)","(-6.1822, -1.3138)","(3.1614, 5.4728)","(-5.3969, -3.2893)","(0.2066, -6.3169)","(-0.7704, -6.2731)","(-4.7516, 4.1675)","(3.4948, -5.2661)"
1.010000000000000142e+01,"(7.8645, 11.3853)","(-9.3322, -10.2169)","(6.6143, -12.1543)","(3.9827, -13.2519)","(-13.5575, 2.7694)","(-6.6582, -12.1303)","(-4.0606, -13.2282)","(5.3961, -12.7419)","(2.3482, -13.6368)","(-8.3712, -11.0181)","(12.9372, -4.9095)","(8.8607, 10.6284)","(-2.6097, 13.5892)","(-13.5296, -2.9028)","(6.8039, 12.0492)","(-11.803, -7.2225)","(0.4693, -13.8295)","(-1.6689, -13.7364)","(-10.4254, 9.0989)","(7.6623, -11.5224)"
1.020000000000000107e+01,"(14.5464, 18.853)","(-16.2896, -17.369)","(11.2167, -21.0052)","(6.6533, -22.8641)","(-23.2434, 5.1746)","(-11.7107, -20.7338)","(-7.2442, -22.6838)","(9.1034, -22.0037)","(3.8227, -23.5036)","(-15.1432, -18.3771)","(21.9852, -9.1478)","(15.7245, 17.8822)","(-3.9619, 23.4806)","(-23.3586, -4.6269)","(13.3085, 19.7463)","(-20.4879, -12.1359)","(0.5725, -23.8056)","(-3.1207, -23.6071)","(-17.6279, 16.0091)","(13.0362, -19.9271)"
1.030000000000000071e+01,"(13.6622, 9.7922)","(-12.3616, -11.3901)","(7.2615, -15.1597)","(3.9064, -16.3488)","(-15.9752, 5.2286)","(-9.2325, -14.0466)","(-6.1041, -15.6616)","(5.7039, -15.8117)","(1.841, -16.7079)","(-13.2506, -10.3424)","(14.1574, -9.0616)","(12.8169, 10.8754)","(-0.7077, 16.794)","(-16.7111, -1.8122)","(14.4164, 8.6437)","(-15.0974, -7.39)","(-0.5153, -16.8012)","(-3.171, -16.5073)","(-11.1349, 12.5918)","(8.6081, -14.4377)"
1.040000000000000036e+01,"(6.2981, 0.4167)","(-5.1895, -3.5929)","(2.2432, -5.8998)","(0.8927, -6.2484)","(-5.5344, 3.0348)","(-4.113, -4.7877)","(-2.9746, -5.567)","(1.6132, -6.1022)","(0.0736, -6.3114)","(-6.122, -1.5365)","(3.9095, -4.9553)","(5.7484, 2.6067)","(1.2297, 6.1908)","(-6.301, 0.3704)","(6.0418, -1.8266)","(-6.0231, -1.8871)","(-0.8487, -6.2545)","(-1.871, -6.0282)","(-3.1123, 5.4911)","(2.7922, -5.6607)"
1.050000000000000000e+01,"(1.9425, -1.1582)","(-2.0319, -0.9931)","(0.6093, -2.178)","(0.0934, -2.2597)","(-1.7256, 1.4618)","(-1.6977, -1.4942)","(-1.3143, -1.8405)","(0.3673, -2.2316)","(-0.2143, -2.2514)","(-2.2134, 0.4646)","(0.6807, -2.1567)","(2.2443, 0.2794)","(0.9935, 2.0316)","(-2.1968, 0.5372)","(0.8212, -2.1072)","(-2.2398, -0.3133)","(-0.5553, -2.1924)","(-0.9257, -2.0635)","(-0.6451, 2.1676)","(0.822, -2.1069)"
1.060000000000000142e+01,"(1.1217, -2.0577)","(-2.2238, -0.7397)","(0.4488, -2.3002)","(-0.1118, -2.3409)","(-1.4917, 1.8075)","(-1.9362, -1.3204)","(-1.5708, -1.7393)","(0.1845, -2.3363)","(-0.4406, -2.3018)","(-1.9244, 1.3376)","(-0.0344, -2.3433)","(2.3196, -0.3343)","(1.4803, 1.8168)","(-2.1585, 0.9127)","(-0.9758, -2.1308)","(-2.3435, 0.0157)","(-0.7997, -2.2029)","(-1.1817, -2.0238)","(-0.2083, 2.3343)","(0.6829, -2.2419)"
1.070000000000000107e+01,"(1.7516, -3.8492)","(-4.0362, -1.2623)","(0.7649, -4.1593)","(-0.2524, -4.2215)","(-2.6127, 3.3254)","(-3.533, -2.3242)","(-2.8826, -3.0944)","(0.2849, -4.2194)","(-0.8478, -4.1431)","(-3.3371, 2.5977)","(-0.2448, -4.2219)","(4.1613, -0.7537)","(2.7712, 3.1944)","(-3.8586, 1.7308)","(-2.1652, -3.6327)","(-4.2275, 0.1113)","(-1.4965, -3.9553)","(-2.1848, -3.6209)","(-0.2619, 4.2208)","(1.1907, -4.0579)"
1.080000000000000071e+01,"(3.7193, -7.9579)","(-8.377, -2.6433)","(1.6019, -8.6369)","(-0.5095, -8.7694)","(-5.4503, 6.8889)","(-7.3273, -4.8449)","(-5.9736, -6.4404)","(0.6059, -8.7633)","(-1.7455, -8.609)","(-6.9725, 5.3429)","(-0.4551, -8.7724)","(8.6514, -1.5216)","(5.7273, 6.6603)","(-8.0257, 3.5707)","(-4.3821, -7.6131)","(-8.7817, 0.2069)","(-3.0929, -8.2217)","(-4.5229, -7.5303)","(-0.5774, 8.7651)","(2.4854, -8.4253)"
1.090000000000000036e+01,"(7.4236, -16.2513)","(-17.0502, -5.3392)","(3.2353, -17.5712)","(-1.0622, -17.835)","(-11.0448, 14.0437)","(-14.9231, -9.8242)","(-12.1744, -13.0767)","(1.2079, -17.8257)","(-3.5773, -17.5048)","(-14.1103, 10.9596)","(-1.019, -17.8375)","(17.5829, -3.1715)","(11.6995, 13.5031)","(-16.3048, 7.3054)","(-9.1146, -15.3668)","(-17.8606, 0.4634)","(-6.3181, -16.7122)","(-9.226, -15.3002)","(-1.1161, 17.8316)","(5.0338, -17.1428)"
1.100000000000000000e+01,"(7.2703, -21.9716)","(-22.2658, -6.312)","(3.8183, -22.8261)","(-1.7951, -23.0735)","(-13.6369, 18.6988)","(-19.6442, -12.2358)","(-16.1609, -16.566)","(1.1672, -23.1138)","(-5.0688, -22.5813)","(-17.058, 15.6408)","(-2.8263, -22.97)","(22.5183, -5.342)","(15.9547, 16.7648)","(-20.7997, 10.148)","(-14.8874, -17.7193)","(-23.1074, 1.2872)","(-8.6245, -21.4762)","(-12.3797, -19.5538)","(-0.5012, 23.1379)","(6.1741, -22.3044)"
1.110000000000000142e+01,"(-0.9863, -11.785)","(-11.6446, -2.0646)","(1.2428, -11.7607)","(-1.7066, -11.7024)","(-5.6258, 10.4024)","(-10.5755, -5.2931)","(-8.9577, -7.7213)","(-0.1559, -11.8251)","(-3.4036, -11.3258)","(-5.942, 10.225)","(-4.2131, -11.0502)","(10.7275, -4.9777)","(9.504, 7.038)","(-9.9256, 6.4298)","(-11.4057, -3.1254)","(-11.6645, 1.9491)","(-5.2231, -10.6103)","(-7.11, -9.4501)","(1.5271, 11.7273)","(2.4939, -11.5602)"
1.120000000000000107e+01,"(-2.1511, -3.5645)","(-4.1556, -0.2522)","(0.1514, -4.1605)","(-0.9142, -4.0617)","(-1.3986, 3.9213)","(-3.8993, -1.4589)","(-3.4054, -2.3951)","(-0.3565, -4.148)","(-1.5172, -3.877)","(-0.7528, 4.0947)","(-2.4861, -3.3395)","(3.2783, -2.5663)","(3.7659, 1.7752)","(-3.15, 2.7222)","(-3.7985, 1.7043)","(-3.9884, 1.194)","(-2.1533, -3.5632)","(-2.7977, -3.0831)","(1.2375, 3.9752)","(0.6091, -4.1185)"
1.130000000000000071e+01,"(-1.2139, -0.6367)","(-1.3668, 0.1035)","(-0.0621, -1.3693)","(-0.421, -1.3044)","(-0.2197, 1.353)","(-1.3339, -0.3156)","(-1.2054, -0.6526)","(-0.2343, -1.3505)","(-0.6197, -1.2226)","(0.3082, 1.3356)","(-1.1282, -0.7784)","(0.8122, -1.1041)","(1.3415, 0.2817)","(-0.8774, 1.053)","(-0.4466, 1.2959)","(-1.2404, 0.5832)","(-0.8249, -1.0947)","(-1.026, -0.9089)","(0.6645, 1.1989)","(0.0945, -1.3674)"
1.140000000000000036e+01,"(-1.5022, 0.0403)","(-1.4719, 0.3031)","(-0.1826, -1.4916)","(-0.5813, -1.3858)","(0.0134, 1.5027)","(-1.4929, -0.1719)","(-1.3916, -0.5671)","(-0.3751, -1.4552)","(-0.7971, -1.2739)","(0.8599, 1.2325)","(-1.4365, -0.4413)","(0.5564, -1.396)","(1.5028, -0.0173)","(-0.7749, 1.2876)","(0.6304, 1.3641)","(-1.2582, 0.8217)","(-1.0148, -1.1084)","(-1.2205, -0.8768)","(0.965, 1.1521)","(-0.0058, -1.5027)"
1.150000000000000000e+01,"(-2.9001, 0.2507)","(-2.8421, 0.6293)","(-0.3795, -2.886)","(-1.1525, -2.6731)","(0.0837, 2.9097)","(-2.8961, -0.2933)","(-2.7094, -1.0641)","(-0.7529, -2.8119)","(-1.5699, -2.4513)","(1.7703, 2.3108)","(-2.8112, -0.7551)","(0.997, -2.7348)","(2.9091, -0.1076)","(-1.4562, 2.5205)","(1.4516, 2.5232)","(-2.4112, 1.6309)","(-1.9895, -2.125)","(-2.3841, -1.6701)","(1.9186, 2.1894)","(-0.0359, -2.9107)"
1.160000000000000142e+01,"(-6.4611, 0.4855)","(-6.3301, 1.383)","(-0.8339, -6.4254)","(-2.5542, -5.9547)","(0.162, 6.4774)","(-6.4447, -0.6696)","(-6.0251, -2.383)","(-1.6649, -6.2618)","(-3.4836, -5.4633)","(3.897, 5.1765)","(-6.246, -1.723)","(2.2533, -6.0748)","(6.4763, -0.2082)","(-3.2603, 5.5994)","(3.1359, 5.6699)","(-5.378, 3.6138)","(-4.4183, -4.7392)","(-5.2983, -3.7293)","(4.2499, 4.8913)","(-0.0694, -6.4789)"
1.170000000000000107e+01,"(-14.7372, 1.1001)","(-14.4381, 3.1526)","(-1.9009, -14.6553)","(-5.8245, -13.582)","(0.367, 14.7737)","(-14.6989, -1.5288)","(-13.7417, -5.4366)","(-3.7961, -14.2823)","(-7.9443, -12.4613)","(8.8839, 11.81)","(-14.2448, -3.934)","(5.1429, -13.8543)","(14.7712, -0.4718)","(-7.4381, 12.77)","(7.1428, 12.9373)","(-12.2673, 8.2407)","(-10.0764, -10.8102)","(-12.0837, -8.5071)","(9.6911, 11.1579)","(-0.1573, -14.7772)"
1.180000000000000071e+01,"(-24.8594, 3.4635)","(-24.4331, 5.7455)","(-3.467, -24.8589)","(-10.1376, -22.9612)","(1.1578, 25.0728)","(-25.0004, -2.228)","(-23.4636, -8.9132)","(-6.6919, -24.191)","(-13.7305, -21.0109)","(16.0323, 19.3119)","(-24.4322, -5.7491)","(7.9784, -23.7977)","(25.0554, -1.4883)","(-12.2147, 21.9269)","(14.1794, 20.7107)","(-20.5878, 14.3571)","(-17.3328, -18.1538)","(-20.7065, -14.1854)","(16.9084, 18.5498)","(-0.4963, -25.0946)"
1.190000000000000036e+01,"(-13.7921, 7.4143)","(-14.8653, 4.9206)","(-2.9849, -15.3717)","(-7.16, -13.9257)","(2.563, 15.4473)","(-15.6582, -0.1097)","(-15.0183, -4.4327)","(-5.0133, -14.8344)","(-9.3693, -12.5461)","(12.8182, 8.9934)","(-15.6562, -0.2852)","(2.2792, -15.492)","(15.3093, -3.2856)","(-6.1237, 14.4114)","(14.179, 6.6444)","(-11.9184, 10.1559)","(-11.5422, -10.5815)","(-13.5133, -7.9117)","(11.9898, 10.07)","(-1.1025, -15.62)"
1.200000000000000000e+01,"(-2.4025, 5.2157)","(-5.0905, 2.6575)","(-1.6348, -5.5049)","(-3.1593, -4.7953)","(2.1285, 5.3334)","(-5.6846, 0.813)","(-5.6792, -0.8502)","(-2.3828, -5.2247)","(-3.937, -4.1804)","(5.6959, 0.7295)","(-5.3553, 2.073)","(-1.0104, -5.6529)","(5.0713, -2.6933)","(-1.186, 5.6186)","(4.9528, -2.9061)","(-3.6505, 4.4328)","(-4.6707, -3.3407)","(-5.2882, -2.2389)","(5.1544, 2.5306)","(-0.9304, -5.6667)"
1.210000000000000142e+01,"(0.8105, 2.7857)","(-2.2922, 1.7784)","(-1.1188, -2.6769)","(-1.8728, -2.2158)","(1.6809, 2.3646)","(-2.7656, 0.8768)","(-2.9012, 0.0133)","(-1.4935, -2.4873)","(-2.239, -1.845)","(2.6623, -1.153)","(-2.0251, 2.0776)","(-1.4774, -2.4969)","(2.0325, -2.0701)","(0.0186, 2.9012)","(-0.0928, -2.8998)","(-1.3756, 2.5544)","(-2.5641, -1.3574)","(-2.8056, -0.7389)","(2.8498, 0.5432)","(-0.7594, -2.8001)"
1.220000000000000107e+01,"(2.2732, 3.2597)","(-2.9312, 2.6834)","(-1.7099, -3.5874)","(-2.7262, -2.8915)","(2.64, 2.9704)","(-3.6873, 1.4821)","(-3.9631, 0.2954)","(-2.2182, -3.2973)","(-3.2071, -2.3469)","(3.1563, -2.4147)","(-2.1682, 3.3305)","(-2.5516, -3.0467)","(2.3624, -3.1955)","(0.4131, 3.9525)","(-1.9772, -3.4473)","(-1.5663, 3.6524)","(-3.6192, -1.6414)","(-3.9008, -0.7598)","(3.9652, 0.2627)","(-1.2176, -3.783)"
1.230000000000000071e+01,"(4.22, 5.8014)","(-5.2673, 4.8704)","(-3.1059, -6.4667)","(-4.9387, -5.2033)","(4.8013, 5.3303)","(-6.6439, 2.7061)","(-7.1517, 0.5637)","(-4.023, -5.9397)","(-5.8042, -4.2161)","(5.6319, -4.4437)","(-3.8419, 6.0585)","(-4.6606, -5.4538)","(4.2153, -5.8048)","(0.7884, 7.1304)","(-3.7536, -6.1136)","(-2.7916, 6.6085)","(-6.5444, -2.9386)","(-7.047, -1.3435)","(7.1614, 0.4208)","(-2.2174, -6.8226)"
1.240000000000000036e+01,"(8.1184, 11.256)","(-10.1993, 9.4117)","(-6.001, -12.5137)","(-9.5473, -10.0724)","(9.2744, 10.3243)","(-12.8579, 5.2231)","(-13.8363, 1.0786)","(-7.7754, -11.4956)","(-11.2227, -8.1643)","(10.9211, -8.5635)","(-7.4607, 11.7023)","(-8.9949, -10.5687)","(8.1741, -11.2156)","(1.5086, 13.796)","(-7.1897, -11.8707)","(-5.4145, 12.7785)","(-12.6562, -5.6945)","(-13.6306, -2.61)","(13.8531, 0.8351)","(-4.2821, -13.2011)"
1.250000000000000000e+01,"(13.5262, 16.8503)","(-15.6896, 14.857)","(-9.4936, -19.4104)","(-14.9989, -15.554)","(14.7139, 15.8239)","(-19.9209, 8.3697)","(-21.5224, 1.9172)","(-12.2513, -17.7989)","(-17.5882, -12.5519)","(16.4756, -13.9803)","(-11.0469, 18.5704)","(-14.424, -16.0885)","(12.3379, -17.7391)","(2.6807, 21.4408)","(-12.5883, -17.5621)","(-8.1495, 20.012)","(-19.7898, -8.6751)","(-21.2629, -3.8446)","(21.5899, 0.883)","(-6.8181, -20.5038)"
1.260000000000000142e+01,"(12.8179, 9.94)","(-11.1033, 11.8245)","(-7.6353, -14.311)","(-11.7075, -11.2266)","(11.9403, 10.9787)","(-14.592, 7.0836)","(-16.0636, 2.2499)","(-9.6856, -13.0112)","(-13.582, -8.8675)","(10.3381, -12.499)","(-6.2532, 14.9666)","(-12.1678, -10.726)","(7.8772, -14.1793)","(3.14, 15.9136)","(-13.4173, -9.1148)","(-5.1439, 15.3832)","(-15.1279, -5.8522)","(-16.0794, -2.1336)","(16.2025, -0.7648)","(-5.6315, -15.2114)"
1.270000000000000107e+01,"(6.58, 2.0199)","(-4.2392, 5.4227)","(-3.5646, -5.8881)","(-5.2461, -4.4559)","(5.5904, 4.0154)","(-5.9198, 3.5117)","(-6.7221, 1.4797)","(-4.4185, -5.2776)","(-5.9918, -3.3875)","(2.805, -6.2856)","(-1.2236, 6.7734)","(-5.8979, -3.5484)","(2.3734, -6.4609)","(2.0561, 6.5688)","(-6.873, -0.372)","(-1.5292, 6.711)","(-6.573, -2.0425)","(-6.8709, -0.4098)","(6.7683, -1.2515)","(-2.72, -6.3229)"
1.280000000000000071e+01,"(2.3513, 0.5864)","(-1.4669, 1.929)","(-1.2716, -2.063)","(-1.8609, -1.5523)","(1.9931, 1.3784)","(-2.0688, 1.262)","(-2.3606, 0.5481)","(-1.5713, -1.8449)","(-2.1207, -1.1727)","(0.8981, -2.2508)","(-0.3541, 2.3974)","(-2.1092, -1.1934)","(0.7832, -2.2932)","(0.7609, 2.3008)","(-2.4225, 0.0632)","(-0.5039, 2.3704)","(-2.3213, -0.6959)","(-2.4205, -0.1184)","(2.3735, -0.4883)","(-0.9746, -2.2188)"
1.290000000000000036e+01,"(1.1374, 0.9204)","(-1.0071, 1.0614)","(-0.6848, -1.2931)","(-1.0526, -1.0163)","(1.0702, 0.9977)","(-1.3193, 0.6327)","(-1.45, 0.1965)","(-0.8698, -1.1765)","(-1.2222, -0.8043)","(0.9499, -1.1128)","(-0.5808, 1.343)","(-1.0875, -0.9789)","(0.7217, -1.2724)","(0.2743, 1.4372)","(-1.1842, -0.8594)","(-0.4718, 1.385)","(-1.3625, -0.5332)","(-1.4498, -0.1985)","(1.4617, -0.0577)","(-0.5039, -1.3737)"
1.300000000000000000e+01,"(1.5275, 1.9888)","(-1.8301, 1.7144)","(-1.0946, -2.2564)","(-1.7343, -1.8114)","(1.6945, 1.8486)","(-2.3168, 0.9599)","(-2.499, 0.211)","(-1.4149, -2.0705)","(-2.0357, -1.4644)","(1.9379, -1.5915)","(-1.3098, 2.1387)","(-1.654, -1.8851)","(1.4504, -2.0451)","(0.2951, 2.4903)","(-1.3947, -2.0842)","(-0.9594, 2.3169)","(-2.2927, -1.016)","(-2.466, -0.4568)","(2.5041, 0.1226)","(-0.7841, -2.3822)"
1.310000000000000142e+01,"(3.0618, 4.3974)","(-3.9529, 3.6174)","(-2.305, -4.8375)","(-3.6754, -3.8991)","(3.5586, 4.0058)","(-4.9721, 1.9976)","(-5.3439, 0.3974)","(-2.9904, -4.4463)","(-4.3237, -3.1648)","(4.2573, -3.2534)","(-2.9256, 4.4895)","(-3.439, -4.1094)","(3.1861, -4.3068)","(0.5559, 5.3293)","(-2.6608, -4.6511)","(-2.1128, 4.9241)","(-4.8796, -2.2138)","(-5.2598, -1.0253)","(5.3451, 0.3557)","(-1.6413, -5.1011)"
1.320000000000000107e+01,"(6.8294, 10.0108)","(-8.9594, 8.1597)","(-5.1974, -10.948)","(-8.2982, -8.8315)","(8.0193, 9.0852)","(-11.2548, 4.493)","(-12.0875, 0.8741)","(-6.748, -10.0659)","(-9.7665, -7.1741)","(9.6809, -7.2888)","(-6.6746, 10.1153)","(-7.7332, -9.3309)","(7.2457, -9.711)","(1.2226, 12.0563)","(-5.8665, -10.6039)","(-4.8073, 11.1239)","(-11.0268, -5.0266)","(-11.8911, -2.3415)","(12.0861, 0.8477)","(-3.6962, -11.5416)"
1.330000000000000071e+01,"(13.7229, 18.625)","(-16.9619, 15.732)","(-10.0354, -20.8451)","(-15.9434, -16.7634)","(15.5182, 17.1577)","(-21.4132, 8.757)","(-23.061, 1.8482)","(-12.9921, -19.142)","(-18.7322, -13.576)","(18.0958, -14.4131)","(-12.3178, 19.583)","(-15.0836, -17.5415)","(13.5438, -18.7538)","(2.5847, 22.9895)","(-12.2849, -19.6033)","(-8.9667, 21.326)","(-21.1154, -9.4523)","(-22.7312, -4.3047)","(23.0959, 1.3042)","(-7.1701, -21.9958)"
1.340000000000000036e+01,"(14.9296, 12.4494)","(-13.4319, 14.0527)","(-9.0587, -17.1983)","(-13.951, -13.5371)","(14.1534, 13.3258)","(-17.5563, 8.3458)","(-19.2702, 2.55)","(-11.5201, -15.6577)","(-16.2106, -10.7289)","(12.784, -14.645)","(-7.8733, 17.7725)","(-14.3518, -13.1103)","(9.6997, -16.8501)","(3.5601, 19.1108)","(-15.4765, -11.7623)","(-6.3427, 18.3756)","(-18.0829, -7.1338)","(-19.2501, -2.6932)","(19.4323, -0.6577)","(-6.6564, -18.263)"
1.350000000000000000e+01,"(7.4295, 0.7737)","(-4.3097, 6.1012)","(-4.0525, -6.2742)","(-5.8466, -4.6491)","(6.336, 3.9564)","(-6.2472, 4.0948)","(-7.2215, 1.9077)","(-4.9683, -5.5777)","(-6.6246, -3.4515)","(2.0226, -7.1909)","(-0.4647, 7.4548)","(-6.7433, -3.2124)","(1.985, -7.2028)","(2.6424, 6.9869)","(-7.2607, 1.7541)","(-1.2719, 7.3607)","(-7.2091, -1.9556)","(-7.4673, -0.1549)","(7.229, -1.8888)","(-3.1407, -6.7768)"
1.360000000000000142e+01,"(2.431, -1.4895)","(-1.2443, 2.5652)","(-1.7737, -2.2318)","(-2.4111, -1.5214)","(2.6875, 0.9518)","(-2.1225, 1.9034)","(-2.6276, 1.1057)","(-2.1055, -1.9222)","(-2.6632, -1.0177)","(-0.6109, -2.7849)","(0.9233, 2.6971)","(-2.8311, -0.3352)","(-0.0318, -2.8514)","(1.5087, 2.4192)","(-0.987, 2.6746)","(0.0203, 2.851)","(-2.8221, -0.4045)","(-2.8335, 0.3128)","(2.5018, -1.3688)","(-1.4346, -2.4635)"
1.370000000000000107e+01,"(1.4105, -2.6274)","(-0.9367, 2.8312)","(-2.0343, -2.1803)","(-2.6522, -1.3633)","(2.942, 0.4875)","(-1.9615, 2.2462)","(-2.6003, 1.4597)","(-2.3622, -1.8201)","(-2.8727, -0.8004)","(-1.7139, -2.4405)","(1.7972, 2.3795)","(-2.9501, 0.4349)","(-0.7021, -2.8987)","(1.9577, 2.2496)","(1.2677, 2.6992)","(0.4493, 2.9481)","(-2.9793, -0.129)","(-2.9128, 0.638)","(2.2835, -1.9187)","(-1.6907, -2.4564)"
1.380000000000000071e+01,"(2.117, -4.7366)","(-1.5403, 4.9543)","(-3.5802, -3.7546)","(-4.6425, -2.316)","(5.1373, 0.7245)","(-3.3468, 3.9642)","(-4.484, 2.6094)","(-4.1456, -3.1194)","(-5.0152, -1.3286)","(-3.2076, -4.0778)","(3.3035, 4.0002)","(-5.1018, 0.9418)","(-1.3773, -5.0025)","(3.4901, 3.8388)","(2.7013, 4.4294)","(0.8827, 5.1125)","(-5.1858, -0.1542)","(-5.0512, 1.1832)","(3.8805, -3.4446)","(-2.9854, -4.2429)"
1.390000000000000036e+01,"(4.2848, -9.3647)","(-3.0791, 9.8274)","(-7.0969, -7.4624)","(-9.2086, -4.6108)","(10.1933, 1.468)","(-6.6594, 7.8555)","(-8.9106, 5.1629)","(-8.2203, -6.2035)","(-9.9509, -2.6528)","(-6.3135, -8.1363)","(6.5155, 7.9751)","(-10.1353, 1.8249)","(-2.6964, -9.9397)","(6.9076, 7.6383)","(5.2455, 8.8624)","(1.7278, 10.1525)","(-10.2933, -0.323)","(-10.0309, 2.3311)","(7.7248, -6.8116)","(-5.9155, -8.4298)"
1.400000000000000000e+01,"(7.6819, -17.5987)","(-5.6607, 18.3489)","(-13.2696, -13.8796)","(-17.1951, -8.5471)","(19.0218, 2.6261)","(-12.3576, 14.6974)","(-16.5784, 9.6892)","(-15.3595, -11.5244)","(-18.5695, -4.8888)","(-11.9704, -15.0144)","(12.3047, 14.7418)","(-18.8678, 3.5683)","(-5.1665, -18.4941)","(12.9544, 14.1742)","(10.2119, 16.2617)","(3.3121, 18.9144)","(-19.1946, -0.5392)","(-18.6885, 4.4121)","(14.3187, -12.7944)","(-11.0695, -15.6905)"
1.410000000000000142e+01,"(5.6572, -20.2509)","(-5.4958, 20.2952)","(-14.8443, -14.8917)","(-19.0405, -8.9198)","(20.9395, 1.9066)","(-13.0078, 16.5197)","(-17.8291, 11.1463)","(-17.0917, -12.2465)","(-20.4586, -4.8523)","(-14.7489, -14.9855)","(14.773, 14.9624)","(-20.3386, 5.3342)","(-6.854, -19.8767)","(14.8203, 14.915)","(14.6293, 15.1026)","(4.41, 20.5585)","(-21.0262, -0.0418)","(-20.3218, 5.399)","(14.9258, -14.8077)","(-12.4603, -16.9368)"
1.420000000000000107e+01,"(-1.1879, -10.0978)","(-1.6908, 10.0258)","(-7.5863, -6.7695)","(-9.4676, -3.7069)","(10.1597, -0.3967)","(-5.5476, 8.5206)","(-8.142, 6.0899)","(-8.6132, -5.4027)","(-10.0308, -1.6614)","(-8.9167, -4.8855)","(8.625, 5.3841)","(-9.1497, 4.434)","(-4.8652, -8.9276)","(7.9585, 6.3276)","(9.9289, 2.1896)","(3.1745, 9.6591)","(-10.1418, 0.7217)","(-9.5937, 3.3676)","(6.0988, -8.1348)","(-6.4714, -7.8421)"
1.430000000000000071e+01,"(-1.4515, -3.2918)","(-0.3324, 3.5822)","(-2.7887, -2.2728)","(-3.411, -1.1436)","(3.5632, -0.4964)","(-1.751, 3.1427)","(-2.7374, 2.3344)","(-3.1342, -1.7661)","(-3.5753, -0.4003)","(-3.4599, -0.9859)","(3.3421, 1.3314)","(-2.9685, 2.0324)","(-2.11, -2.914)","(3.0048, 1.9784)","(3.5026, -0.8211)","(1.3972, 3.3152)","(-3.5686, 0.4555)","(-3.3174, 1.3918)","(1.8236, -3.1013)","(-2.4059, -2.6747)"
1.440000000000000036e+01,"(-0.3729, -0.9305)","(-0.1012, 0.9973)","(-0.7737, -0.6371)","(-0.9486, -0.324)","(0.9944, -0.127)","(-0.4947, 0.8718)","(-0.7673, 0.6448)","(-0.8706, -0.4968)","(-0.9955, -0.1176)","(-0.9567, -0.2994)","(0.9233, 0.3899)","(-0.8365, 0.5521)","(-0.576, -0.8209)","(0.8315, 0.5598)","(0.9863, -0.1785)","(0.3807, 0.9273)","(-0.9951, 0.1205)","(-0.9268, 0.3814)","(0.5196, -0.8578)","(-0.6666, -0.7484)"
1.450000000000000000e+01,"(0.1211, -0.5963)","(-0.1485, 0.5903)","(-0.4339, -0.4259)","(-0.5541, -0.2515)","(0.6073, 0.0406)","(-0.3684, 0.4842)","(-0.5105, 0.3303)","(-0.4986, -0.3487)","(-0.5939, -0.1329)","(-0.4499, -0.4102)","(0.4456, 0.4138)","(-0.5823, 0.1754)","(-0.2165, -0.5705)","(0.4383, 0.4224)","(0.468, 0.3887)","(0.1393, 0.5925)","(-0.6085, 0.007)","(-0.585, 0.1645)","(0.4219, -0.4415)","(-0.3654, -0.486)"
1.460000000000000142e+01,"(0.4903, -1.1057)","(-0.3584, 1.1557)","(-0.8344, -0.8743)","(-1.0827, -0.5395)","(1.1983, 0.1678)","(-0.7796, 0.9247)","(-1.0442, 0.6085)","(-0.9667, -0.7267)","(-1.1697, -0.3092)","(-0.7503, -0.9496)","(0.7713, 0.9306)","(-1.1884, 0.2212)","(-0.3235, -1.1693)","(0.8148, 0.8946)","(0.6342, 1.0298)","(0.2068, 1.1921)","(-1.2091, -0.0353)","(-1.1759, 0.2762)","(0.9072, -0.807)","(-0.6959, -0.9881)"
1.470000000000000107e+01,"(1.2258, -2.5209)","(-0.854, 2.6708)","(-1.9229, -2.0363)","(-2.5018, -1.2649)","(2.7722, 0.4214)","(-1.824, 2.1282)","(-2.4304, 1.3919)","(-2.2309, -1.6966)","(-2.7062, -0.7335)","(-1.6802, -2.2458)","(1.7414, 2.1939)","(-2.7628, 0.464)","(-0.7087, -2.7207)","(1.8662, 2.0931)","(1.3417, 2.4607)","(0.4527, 2.7672)","(-2.8013, -0.1003)","(-2.7295, 0.6208)","(2.1267, -1.8423)","(-1.6011, -2.298)"
1.480000000000000071e+01,"(3.1216, -6.236)","(-2.1438, 6.6382)","(-4.7753, -5.0743)","(-6.2179, -3.1589)","(6.8926, 1.0749)","(-4.552, 5.2825)","(-6.0551, 3.448)","(-5.5425, -4.2309)","(-6.7288, -1.8384)","(-4.1315, -5.623)","(4.2947, 5.488)","(-6.88, 1.1148)","(-1.7296, -6.7766)","(4.6247, 5.2232)","(3.2318, 6.1785)","(1.1046, 6.8877)","(-6.9687, -0.2645)","(-6.7944, 1.5289)","(5.31, -4.5598)","(-3.9741, -5.7238)"
1.490000000000000036e+01,"(7.5301, -15.2628)","(-5.2082, 16.2072)","(-11.6667, -12.3757)","(-15.1819, -7.6944)","(16.8254, 2.5906)","(-11.092, 12.9068)","(-14.7694, 8.4344)","(-13.5363, -10.3135)","(-16.4253, -4.4695)","(-10.1414, -13.6774)","(10.5289, 13.3591)","(-16.7846, 2.7694)","(-4.2603, -16.5181)","(11.3079, 12.7265)","(8.0178, 15.0102)","(2.7223, 16.8041)","(-17.0078, -0.627)","(-16.5818, 3.7513)","(12.925, -11.1488)","(-9.7117, -13.9631)"
1.500000000000000000e+01,"(9.6955, -25.3054)","(-7.6917, 25.9836)","(-18.862, -19.4615)","(-24.3576, -11.8767)","(26.8968, 3.2961)","(-17.2204, 20.9246)","(-23.2644, 13.9029)","(-21.7932, -16.1074)","(-26.2602, -6.6874)","(-17.61, -20.5948)","(17.9284, 20.3242)","(-26.5075, 5.6413)","(-7.8051, -25.9401)","(18.554, 19.7495)","(15.9485, 21.9098)","(5.0067, 26.6316)","(-27.094, -0.5288)","(-26.3211, 6.4669)","(19.8798, -18.397)","(-15.7671, -22.0435)"
1.510000000000000142e+01,"(-1.9621, -13.0644)","(-2.0913, 13.0401)","(-9.907, -8.757)","(-12.3261, -4.7503)","(13.1901, -0.657)","(-7.127, 11.1249)","(-10.5348, 7.9905)","(-11.2281, -6.9645)","(-13.0421, -2.0841)","(-11.7297, -6.0608)","(11.3451, 6.7883)","(-11.8033, 5.9515)","(-6.4714, -11.4715)","(10.4157, 8.118)","(13.0241, 2.2256)","(4.2336, 12.5101)","(-13.1717, 1.0167)","(-12.4557, 4.4589)","(7.7565, -10.6318)","(-8.4612, -10.1603)"
1.520000000000000107e+01,"(-4.4232, -3.1301)","(0.2298, 5.4125)","(-4.4661, -3.0749)","(-5.2713, -1.2539)","(5.145, -1.6958)","(-2.0291, 5.0248)","(-3.6927, 3.9704)","(-4.9305, -2.249)","(-5.4169, -0.088)","(-5.3723, 0.6884)","(5.4134, 0.3014)","(-3.4957, 4.1435)","(-4.0931, -3.5319)","(4.9456, 2.2103)","(2.7452, -4.6725)","(2.8136, 4.6295)","(-5.2783, 1.2255)","(-4.7475, 2.6243)","(1.7418, -5.1145)","(-3.9255, -3.7403)"
1.530000000000000071e+01,"(-4.847, -0.005)","(0.9445, 4.754)","(-4.2288, -2.3693)","(-4.8054, -0.6335)","(4.1983, -2.4221)","(-1.1611, 4.7059)","(-2.806, 3.9525)","(-4.5842, -1.5746)","(-4.8264, 0.4464)","(-4.0318, 2.6901)","(4.6111, -1.4945)","(-1.8576, 4.4771)","(-4.366, -2.1033)","(4.7127, 1.1328)","(-1.8477, -4.4811)","(3.1731, 3.6639)","(-4.564, 1.632)","(-3.9224, 2.8482)","(0.4752, -4.8226)","(-3.7892, -3.0229)"
1.540000000000000036e+01,"(-7.1809, 0.8998)","(1.6325, 7.051)","(-6.3784, -3.417)","(-7.1933, -0.7954)","(6.1121, -3.876)","(-1.5291, 7.0736)","(-4.0282, 6.0111)","(-6.8897, -2.2146)","(-7.1901, 0.8261)","(-5.6163, 4.5654)","(6.6956, -2.7441)","(-2.3474, 6.845)","(-6.6822, -2.7888)","(7.0958, 1.4253)","(-3.9641, -6.0546)","(4.9227, 5.3054)","(-6.7552, 2.5967)","(-5.7457, 4.3974)","(0.3723, -7.2322)","(-5.7368, -4.4101)"
1.550000000000000000e+01,"(-12.073, 1.5187)","(2.7463, 11.8554)","(-10.7236, -5.7438)","(-12.0948, -1.3364)","(10.2761, -6.5188)","(-2.5696, 11.8934)","(-6.7709, 10.1065)","(-11.5842, -3.7227)","(-12.0894, 1.3901)","(-9.4411, 7.6799)","(11.2553, -4.6167)","(-3.9437, 11.509)","(-11.2404, -4.6888)","(11.9316, 2.3948)","(-6.6723, -10.175)","(8.2783, 8.9196)","(-11.3575, 4.367)","(-9.658, 7.3933)","(0.6244, -12.166)","(-9.6451, -7.4135)"
1.560000000000000142e+01,"(-18.23, 2.8421)","(4.2966, 17.9443)","(-16.2993, -8.6377)","(-18.3487, -1.936)","(15.4829, -10.037)","(-3.7733, 18.0599)","(-10.1703, 15.3898)","(-17.5911, -5.5627)","(-18.3193, 2.2032)","(-14.0532, 11.9587)","(16.9406, -7.3015)","(-5.722, 17.5379)","(-17.1287, -6.8909)","(18.1226, 3.4707)","(-10.7901, -14.9654)","(12.6604, 13.4228)","(-17.1842, 6.7168)","(-14.5794, 11.2975)","(0.7411, -18.4512)","(-14.6728, -11.18)"
1.570000000000000107e+01,"(-16.542, 5.0232)","(4.612, 16.6603)","(-15.4444, -7.7736)","(-17.2298, -1.4119)","(14.0504, -10.0708)","(-2.9867, 17.0281)","(-9.0956, 14.7046)","(-16.595, -4.8466)","(-17.1071, 2.4881)","(-11.916, 12.5228)","(15.2475, -8.1521)","(-4.1993, 16.7719)","(-16.3895, -5.4726)","(17.0998, 2.5347)","(-12.8144, -11.6049)","(12.3334, 12.113)","(-15.9306, 6.7145)","(-13.3666, 10.9701)","(-0.2174, -17.2754)","(-13.9598, -10.2018)"
1.580000000000000071e+01,"(-8.2451, 4.8204)","(3.082, 9.0383)","(-8.6805, -3.9934)","(-9.5417, -0.4079)","(7.3038, -6.1515)","(-1.1394, 9.483)","(-4.6124, 8.3679)","(-9.2612, -2.3368)","(-9.3853, 1.7638)","(-5.2714, 7.9609)","(7.7118, -5.6405)","(-1.2218, 9.4752)","(-9.3027, -2.0979)","(9.5207, 0.7334)","(-8.8539, -3.5834)","(7.2263, 6.2427)","(-8.6296, 4.0923)","(-7.0961, 6.4026)","(-0.9565, -9.4844)","(-7.8986, -5.3765)"
1.590000000000000036e+01,"(-4.318, 2.5167)","(1.6111, 4.7301)","(-4.5425, -2.0907)","(-4.993, -0.2146)","(3.8234, -3.2172)","(-0.5977, 4.9623)","(-2.415, 4.3787)","(-4.8461, -1.2239)","(-4.9114, 0.9218)","(-2.7628, 4.1627)","(4.038, -2.949)","(-0.6424, 4.9583)","(-4.8656, -1.1013)","(4.9817, 0.3859)","(-4.6296, -1.8843)","(3.7801, 3.2681)","(-4.5164, 2.1404)","(-3.7146, 3.3502)","(-0.4966, -4.9615)","(-4.1332, -2.8144)"
1.600000000000000000e+01,"(-4.3879, 1.2404)","(1.1951, 4.3999)","(-4.0683, -2.0623)","(-4.5433, -0.387)","(3.7228, -2.6321)","(-0.8078, 4.4879)","(-2.4153, 3.8692)","(-4.3733, -1.2917)","(-4.5142, 0.6408)","(-3.1905, 3.2565)","(4.0466, -2.1041)","(-1.1501, 4.4133)","(-4.3083, -1.4797)","(4.506, 0.6948)","(-3.2901, -3.1574)","(3.236, 3.2119)","(-4.2082, 1.7558)","(-3.5374, 2.8807)","(-0.0228, -4.554)","(-3.6752, -2.7012)"
1.610000000000000142e+01,"(-7.0748, 1.0408)","(1.6501, 6.9577)","(-6.3148, -3.3568)","(-7.1103, -0.7605)","(6.0114, -3.8725)","(-1.4764, 6.997)","(-3.9538, 5.9592)","(-6.8153, -2.1653)","(-7.1009, 0.8431)","(-5.4756, 4.5987)","(6.5819, -2.7969)","(-2.2472, 6.7891)","(-6.6222, -2.6932)","(7.0196, 1.3632)","(-4.1072, -5.8539)","(4.8942, 5.2134)","(-6.6644, 2.5926)","(-5.6607, 4.3711)","(0.3107, -7.1416)","(-5.6831, -4.3412)"
1.619999999999999929e+01,"(-12.749, 1.4962)","(2.8709, 12.5116)","(-11.3075, -6.0747)","(-12.757, -1.4274)","(10.8587, -6.8463)","(-2.7349, 12.5418)","(-7.1634, 10.6512)","(-12.2158, -3.9433)","(-12.7548, 1.4476)","(-10.0086, 8.0383)","(11.9, -4.8119)","(-4.2114, 12.1256)","(-11.8312, -4.985)","(12.5795, 2.5575)","(-6.9046, -10.8213)","(8.711, 9.4287)","(-11.9886, 4.5882)","(-10.205, 7.7852)","(0.6982, -12.8201)","(-10.1677, -7.8345)"
1.630000000000000071e+01,"(-19.5796, 3.0136)","(4.6038, 19.2687)","(-17.4995, -9.2801)","(-19.7004, -2.0851)","(16.6307, -10.7657)","(-4.0602, 19.3894)","(-10.9275, 16.521)","(-18.8861, -5.9786)","(-19.6699, 2.3588)","(-15.1071, 12.8173)","(18.1995, -7.8193)","(-6.1622, 18.8257)","(-18.3796, -7.4129)","(19.4555, 3.7378)","(-11.5388, -16.1023)","(13.5856, 14.419)","(-18.4535, 7.2051)","(-15.6607, 12.1259)","(0.811, -19.8037)","(-15.7522, -12.0093)"
1.640000000000000213e+01,"(-16.1169, 5.4961)","(4.6816, 16.3721)","(-15.2487, -7.5781)","(-16.9789, -1.295)","(13.7276, -10.0755)","(-2.8107, 16.7946)","(-8.8521, 14.5462)","(-16.3706, -4.6862)","(-16.8361, 2.5514)","(-11.422, 12.6295)","(14.8501, -8.3324)","(-3.8553, 16.5859)","(-16.2283, -5.1605)","(16.8687, 2.3259)","(-13.1855, -10.775)","(12.2584, 11.8193)","(-15.6491, 6.7131)","(-13.0888, 10.8917)","(-0.4281, -17.0239)","(-13.7966, -9.9804)"
1.650000000000000000e+01,"(-6.8476, 4.8026)","(2.8621, 7.8583)","(-7.6426, -3.4018)","(-8.3602, -0.2422)","(6.246, -5.5616)","(-0.8393, 8.3218)","(-3.9079, 7.3966)","(-8.1359, -1.9404)","(-8.1961, 1.6644)","(-4.1766, 7.2452)","(6.499, -5.2669)","(-0.7263, 8.3334)","(-8.2136, -1.5492)","(8.3518, 0.4356)","(-8.0816, -2.1557)","(6.4503, 5.3234)","(-7.5008, 3.7003)","(-6.1183, 5.7066)","(-1.0954, -8.2848)","(-6.9705, -4.6253)"
1.660000000000000142e+01,"(-3.1596, 2.1671)","(1.3015, 3.6028)","(-3.4997, -1.5644)","(-3.8294, -0.1176)","(2.8697, -2.5374)","(-0.3937, 3.8113)","(-1.7984, 3.3854)","(-3.7257, -0.8951)","(-3.7556, 0.7554)","(-1.9386, 3.3031)","(2.9932, -2.3946)","(-0.3528, 3.8166)","(-3.7548, -0.7253)","(3.8246, 0.2115)","(-3.6863, -1.0456)","(2.9475, 2.4467)","(-3.4394, 1.6883)","(-2.8098, 2.6097)","(-0.4866, -3.7912)","(-3.191, -2.1243)"
1.669999999999999929e+01,"(-3.2139, 0.9265)","(0.8807, 3.2257)","(-2.987, -1.5114)","(-3.3327, -0.281)","(2.7268, -1.935)","(-0.5886, 3.2928)","(-1.7696, 2.8416)","(-3.2089, -0.945)","(-3.3103, 0.473)","(-2.33, 2.397)","(2.965, -1.5532)","(-0.8357, 3.2407)","(-3.1567, -1.0757)","(3.3052, 0.5043)","(-2.4314, -2.2976)","(2.3766, 2.3522)","(-3.0856, 1.2909)","(-2.595, 2.1176)","(-0.0239, -3.3322)","(-2.6987, -1.9806)"
1.680000000000000071e+01,"(-5.5224, 0.7467)","(1.2698, 5.4244)","(-4.9199, -2.6264)","(-5.5395, -0.6034)","(4.695, -2.9987)","(-1.1653, 5.4499)","(-3.0949, 4.6394)","(-5.3085, -1.6974)","(-5.5339, 0.6455)","(-4.2962, 3.5446)","(5.1474, -2.1448)","(-1.783, 5.2829)","(-5.1377, -2.1192)","(5.4648, 1.0811)","(-3.1207, -4.6178)","(3.8002, 4.0739)","(-5.1979, 2.009)","(-4.4243, 3.3998)","(0.2653, -5.5472)","(-4.4261, -3.3927)"
1.690000000000000213e+01,"(-10.7986, 1.0935)","(2.3848, 10.586)","(-9.555, -5.1626)","(-10.7826, -1.2355)","(9.2096, -5.7385)","(-2.3515, 10.5967)","(-6.0916, 8.9912)","(-10.3215, -3.3605)","(-10.786, 1.1935)","(-8.5393, 6.6922)","(10.106, -3.9748)","(-3.644, 10.2287)","(-9.9517, -4.2733)","(10.6227, 2.2126)","(-5.6189, -9.2875)","(7.3292, 8.0024)","(-10.1483, 3.8492)","(-8.659, 6.5623)","(0.6532, -10.8045)","(-8.5877, -6.6481)"
1.700000000000000000e+01,"(-19.3328, 2.3329)","(4.3701, 18.9746)","(-17.1628, -9.2092)","(-19.353, -2.1548)","(16.4596, -10.4025)","(-4.1346, 19.0295)","(-10.8583, 16.1699)","(-18.5351, -5.9727)","(-19.3463, 2.207)","(-15.1507, 12.2285)","(18.0419, -7.3373)","(-6.3595, 18.4085)","(-17.9407, -7.5314)","(19.0844, 3.8607)","(-10.5554, -16.365)","(13.226, 14.2902)","(-18.1823, 6.9714)","(-15.48, 11.8258)","(1.0359, -19.4257)","(-15.4342, -11.8807)"
1.710000000000000142e+01,"(-19.4124, 5.3386)","(5.2433, 19.442)","(-17.9395, -9.1176)","(-20.0593, -1.7329)","(16.4701, -11.5857)","(-3.5988, 19.8079)","(-10.6816, 17.0547)","(-19.3007, -5.7242)","(-19.9396, 2.8048)","(-14.1722, 14.3093)","(17.8941, -9.2092)","(-5.1437, 19.4581)","(-19.0514, -6.6132)","(19.8957, 3.1116)","(-14.3756, -14.0932)","(14.2638, 14.2133)","(-18.5911, 7.7275)","(-15.6167, 12.682)","(-0.0424, -20.1754)","(-16.2032, -11.9342)"
1.719999999999999929e+01,"(-7.7888, 5.7911)","(3.3851, 9.0988)","(-8.8778, -3.9071)","(-9.7035, -0.2363)","(7.1908, -6.5224)","(-0.9121, 9.6622)","(-4.4797, 8.6032)","(-9.4499, -2.2101)","(-9.5039, 1.9782)","(-4.6748, 8.5107)","(7.4329, -6.233)","(-0.7075, 9.6757)","(-9.5792, -1.6932)","(9.6993, 0.4254)","(-9.4728, -2.1089)","(7.5337, 6.1227)","(-8.6818, 4.3392)","(-7.0529, 6.6529)","(-1.3718, -9.6364)","(-8.1036, -5.3307)"
1.730000000000000071e+01,"(-2.306, 2.6874)","(1.4176, 3.2456)","(-3.2854, -1.3174)","(-3.541, 0.045)","(2.4397, -2.5674)","(-0.1516, 3.5377)","(-1.4839, 3.2136)","(-3.474, -0.6849)","(-3.4362, 0.8572)","(-1.1653, 3.345)","(2.3868, -2.6142)","(0.1342, 3.5376)","(-3.5354, -0.2787)","(3.5409, -0.0813)","(-3.5178, 0.4035)","(2.8788, 2.0629)","(-3.0988, 1.7137)","(-2.4643, 2.5396)","(-0.7946, -3.4576)","(-3.0173, -1.8507)"
1.740000000000000213e+01,"(-1.1008, 0.7653)","(0.4573, 1.259)","(-1.2272, -0.5475)","(-1.3397, -0.0397)","(1.0014, -0.8895)","(-0.1359, 1.334)","(-0.6292, 1.1873)","(-1.3043, -0.312)","(-1.3131, 0.2658)","(-0.6711, 1.1581)","(1.0465, -0.8423)","(-0.1201, 1.3374)","(-1.307, -0.2455)","(1.3373, 0.0711)","(-1.2935, -0.3542)","(1.0323, 0.8536)","(-1.2027, 0.5922)","(-0.9854, 0.9165)","(-0.1756, -1.3153)","(-1.119, -0.7438)"
1.750000000000000000e+01,"(-1.6186, 0.3093)","(0.3967, 1.5962)","(-1.4674, -0.7682)","(-1.6389, -0.1635)","(1.3696, -0.9103)","(-0.3245, 1.6164)","(-0.9031, 1.3883)","(-1.575, -0.4887)","(-1.6324, 0.2063)","(-1.2226, 1.0961)","(1.5064, -0.6858)","(-0.4862, 1.5805)","(-1.5105, -0.581)","(1.6177, 0.2926)","(-1.0316, -1.2868)","(1.1398, 1.186)","(-1.5309, 0.6097)","(-1.3066, 1.0265)","(0.0429, -1.6101)","(-1.322, -0.9973)"
1.760000000000000142e+01,"(-3.3522, 0.3202)","(0.734, 3.2798)","(-2.9767, -1.6116)","(-3.3435, -0.3863)","(2.8556, -1.7719)","(-0.7342, 3.2882)","(-1.9019, 2.7998)","(-3.2035, -1.0462)","(-3.3423, 0.3665)","(-2.6497, 2.0586)","(3.152, -1.2272)","(-1.1432, 3.1802)","(-3.0353, -1.3117)","(3.2876, 0.6906)","(-1.72, -2.8985)","(2.2665, 2.4824)","(-3.1498, 1.1909)","(-2.7089, 2.048)","(0.2052, -3.2842)","(-2.6744, -2.0739)"
1.769999999999999929e+01,"(-7.6224, 0.563)","(1.626, 7.4538)","(-6.743, -3.6788)","(-7.5857, -0.904)","(6.5106, -3.9753)","(-1.7034, 7.4547)","(-4.3451, 6.3336)","(-7.2628, -2.3992)","(-7.5897, 0.803)","(-6.0898, 4.5752)","(7.1882, -2.6926)","(-2.6717, 7.1888)","(-6.8661, -3.0437)","(7.4525, 1.6158)","(-3.6895, -6.701)","(5.1116, 5.6648)","(-7.1599, 2.6741)","(-6.1661, 4.6205)","(0.5272, -7.4568)","(-6.0545, -4.7248)"
1.780000000000000071e+01,"(-17.0633, 1.3447)","(3.6631, 16.6951)","(-15.0884, -8.217)","(-16.9912, -2.0108)","(14.5723, -8.93)","(-3.7952, 16.6965)","(-9.7034, 14.1773)","(-16.2656, -5.3591)","(-17.0009, 1.8135)","(-13.612, 10.3031)","(16.0622, -6.0727)","(-5.9375, 16.1006)","(-15.4524, -6.8161)","(16.7036, 3.5962)","(-8.3718, -14.9416)","(11.4684, 12.676)","(-16.0286, 6.0032)","(-13.7705, 10.3413)","(1.1611, -16.7882)","(-13.5505, -10.5586)"
1.790000000000000213e+01,"(-24.8322, 4.3499)","(5.9847, 24.4991)","(-22.2887, -11.7263)","(-25.0817, -2.5677)","(21.0783, -13.8474)","(-5.048, 24.6974)","(-13.7956, 21.0711)","(-24.0563, -7.5282)","(-25.0272, 3.0924)","(-18.9911, 16.6057)","(23.0115, -10.244)","(-7.5793, 24.026)","(-23.5221, -9.2933)","(24.797, 4.6088)","(-15.317, -20.0185)","(17.3953, 18.259)","(-23.4481, 9.2603)","(-19.8307, 15.4989)","(0.8886, -25.2954)","(-20.0767, -15.2073)"
1.800000000000000000e+01,"(-10.5054, 7.4838)","(4.4414, 12.1372)","(-11.7287, -5.1982)","(-12.9004, -0.3586)","(9.6361, -8.6151)","(-1.271, 12.8289)","(-5.9676, 11.3575)","(-12.5403, -2.9744)","(-12.6574, 2.5851)","(-6.4234, 11.2407)","(9.9247, -8.1444)","(-1.0541, 12.8075)","(-12.9132, -2.4609)","(12.9143, 0.651)","(-12.4898, -3.1734)","(9.9805, 8.2085)","(-11.5599, 5.7226)","(-9.3278, 8.7447)","(-1.6948, -13.1031)","(-10.7025, -7.0785)"
1.810000000000000142e+01,"(-1.3906, 4.4924)","(2.3163, 4.1043)","(-4.4388, -1.4689)","(-4.69, 0.3799)","(2.7538, -3.8252)","(0.2424, 4.6938)","(-1.5785, 4.4014)","(-4.659, -0.6092)","(-4.4766, 1.4662)","(-0.1414, 4.7194)","(2.2151, -4.1218)","(1.1287, 4.546)","(-4.7787, 0.4426)","(4.6656, -0.6825)","(-3.506, 3.1273)","(4.1113, 2.3023)","(-3.929, 2.5845)","(-2.9569, 3.5999)","(-1.7653, -4.4906)","(-4.1232, -2.2066)"
1.819999999999999929e+01,"(1.1475, 2.7191)","(1.8777, 2.2809)","(-2.8756, -0.6273)","(-2.8948, 0.5791)","(1.1251, -2.7319)","(0.6238, 2.8839)","(-0.5692, 2.8878)","(-2.9496, -0.0578)","(-2.6723, 1.2581)","(1.4048, 2.6019)","(0.217, -2.9364)","(1.646, 2.443)","(-2.7522, 1.1417)","(2.7706, -1.0277)","(0.6054, 2.8872)","(2.8045, 0.9282)","(-2.2324, 1.9305)","(-1.5307, 2.508)","(-1.7793, -2.3995)","(-2.7208, -1.1233)"
1.830000000000000071e+01,"(2.5872, 3.6036)","(3.0078, 3.2631)","(-4.3587, -0.7998)","(-4.3151, 1.0317)","(1.3794, -4.2182)","(1.1597, 4.2815)","(-0.6494, 4.3837)","(-4.435, 0.0694)","(-3.9372, 2.0471)","(2.7335, 3.498)","(-0.2634, -4.4243)","(2.8695, 3.3789)","(-3.9258, 2.0999)","(4.0482, -1.8196)","(2.2854, 3.8013)","(4.2903, 1.1348)","(-3.2311, 3.0397)","(-2.1378, 3.8784)","(-2.9527, -3.3376)","(-4.1478, -1.5605)"
1.840000000000000213e+01,"(4.8215, 6.6555)","(5.5767, 6.0368)","(-8.0843, -1.4784)","(-7.9918, 1.9167)","(2.5431, -7.8151)","(2.1565, 7.9305)","(-1.1972, 8.1307)","(-8.2173, 0.1341)","(-7.2888, 3.7969)","(5.0818, 6.4589)","(-0.5086, -8.2027)","(5.3328, 6.2533)","(-7.2377, 3.8914)","(7.4916, -3.379)","(4.2793, 7.0164)","(7.9477, 2.0922)","(-5.9814, 5.6361)","(-3.9616, 7.2005)","(-5.4565, -6.1436)","(-7.6937, -2.8894)"
1.850000000000000000e+01,"(9.2238, 12.6911)","(10.6473, 11.517)","(-15.4453, -2.8207)","(-15.2542, 3.6627)","(4.8457, -14.917)","(4.1224, 15.1389)","(-2.2818, 15.5339)","(-15.6886, 0.2598)","(-13.9092, 7.2504)","(9.7102, 12.3125)","(-0.9863, -15.6681)","(10.1949, 11.9357)","(-13.776, 7.4178)","(14.2935, -6.4549)","(8.2013, 13.377)","(15.1698, 3.9865)","(-11.4153, 10.7626)","(-7.5675, 13.7649)","(-10.3883, -11.684)","(-14.6992, -5.5166)"
1.860000000000000142e+01,"(14.1752, 16.6964)","(15.1644, 15.7953)","(-21.6045, -3.6929)","(-21.2294, 5.3805)","(6.2395, -20.9882)","(6.1221, 21.0307)","(-2.8337, 21.7337)","(-21.8956, 0.6236)","(-19.2815, 10.3792)","(14.5048, 16.3964)","(-2.3668, -21.7875)","(14.851, 16.1129)","(-18.894, 10.9691)","(19.7457, -9.4601)","(13.4852, 17.2619)","(21.2876, 5.1289)","(-15.7219, 15.2487)","(-10.2718, 19.3731)","(-14.9579, -15.9038)","(-20.6018, -7.479)"
1.869999999999999929e+01,"(11.637, 7.6569)","(10.3402, 9.34)","(-13.8087, -1.7553)","(-13.3265, 4.0596)","(2.6876, -13.6725)","(4.7637, 13.0892)","(-0.9518, 13.8874)","(-13.891, 1.0225)","(-11.9214, 7.2119)","(11.235, 8.2476)","(-3.8414, -13.3807)","(10.7964, 8.7914)","(-11.1456, 8.4191)","(12.0079, -7.0705)","(12.3542, 6.4322)","(13.7584, 2.2033)","(-9.4673, 10.2186)","(-5.8038, 12.6453)","(-10.5962, -9.1171)","(-13.2676, -4.2123)"
1.880000000000000071e+01,"(5.4521, 1.4198)","(4.4788, 3.4254)","(-5.6049, -0.4336)","(-5.2931, 1.9334)","(0.4797, -5.6184)","(2.3203, 5.1327)","(0.0107, 5.6218)","(-5.5881, 0.7031)","(-4.6473, 3.1913)","(5.2223, 2.1369)","(-2.579, -4.9971)","(4.8835, 2.7924)","(-4.0145, 4.016)","(4.5565, -3.3234)","(5.6315, -0.0622)","(5.6245, 0.3924)","(-3.5684, 4.3599)","(-2.0013, 5.2452)","(-4.73, -3.1638)","(-5.4323, -1.4482)"
1.890000000000000213e+01,"(1.9074, 0.6019)","(1.577, 1.2388)","(-1.9792, -0.1676)","(-1.8858, 0.6707)","(0.2051, -1.9951)","(0.802, 1.8309)","(-0.0169, 1.9864)","(-1.9844, 0.2336)","(-1.6624, 1.1195)","(1.8287, 0.8337)","(-0.8595, -1.7928)","(1.7032, 1.0305)","(-1.4848, 1.4129)","(1.6394, -1.1571)","(1.9936, 0.1293)","(1.9979, 0.1677)","(-1.2816, 1.5357)","(-0.7224, 1.841)","(-1.6884, -1.1853)","(-1.9161, -0.5251)"
1.900000000000000000e+01,"(1.1547, 1.1083)","(1.144, 1.1328)","(-1.5564, -0.2412)","(-1.547, 0.4201)","(0.4066, -1.5584)","(0.4827, 1.5235)","(-0.1689, 1.5662)","(-1.5952, 0.0712)","(-1.402, 0.7874)","(1.1605, 1.1276)","(-0.2676, -1.5557)","(1.1315, 1.1071)","(-1.4248, 0.9075)","(1.4322, -0.7404)","(1.1634, 1.093)","(1.5743, 0.3336)","(-1.1275, 1.1362)","(-0.7012, 1.3924)","(-1.2168, -1.2051)","(-1.4892, -0.5158)"
1.910000000000000142e+01,"(1.7732, 2.3869)","(2.0361, 2.191)","(-2.8791, -0.521)","(-2.8947, 0.7004)","(0.9145, -2.8488)","(0.787, 2.8627)","(-0.4187, 2.8963)","(-2.966, 0.054)","(-2.6464, 1.3857)","(1.8797, 2.3459)","(-0.2029, -2.9254)","(1.9219, 2.226)","(-2.7566, 1.4993)","(2.7261, -1.2413)","(1.5896, 2.5034)","(2.8937, 0.7517)","(-2.1597, 2.0442)","(-1.3896, 2.5407)","(-2.1222, -2.3697)","(-2.7425, -1.0245)"
1.920000000000000284e+01,"(3.6794, 5.3268)","(4.3905, 4.8067)","(-6.2682, -1.1681)","(-6.3105, 1.4885)","(2.0614, -6.1772)","(1.6639, 6.2468)","(-0.9593, 6.3048)","(-6.4591, 0.0825)","(-5.7786, 2.9811)","(3.9573, 5.2079)","(-0.3095, -6.3822)","(4.1024, 4.9214)","(-6.0286, 3.1669)","(5.9603, -2.6402)","(3.1748, 5.6231)","(6.2827, 1.6951)","(-4.7308, 4.4202)","(-3.0686, 5.5186)","(-4.5365, -5.1953)","(-5.9652, -2.2621)"
1.930000000000000071e+01,"(8.1938, 11.9465)","(9.8052, 10.7515)","(-14.066, -2.6293)","(-14.1183, 3.3222)","(4.6217, -13.8015)","(3.7136, 13.985)","(-2.164, 14.1472)","(-14.4596, 0.177)","(-12.9231, 6.6577)","(8.8107, 11.6497)","(-0.663, -14.319)","(9.1786, 11.051)","(-13.355, 7.0017)","(13.3244, -5.8873)","(7.0441, 12.6246)","(14.041, 3.8013)","(-10.5917, 9.8842)","(-6.9091, 12.4024)","(-10.0104, -11.4773)","(-13.3833, -5.0832)"
1.940000000000000213e+01,"(15.0954, 19.3918)","(16.8398, 17.9087)","(-24.1682, -4.2993)","(-23.8655, 5.8703)","(7.3301, -23.4647)","(6.6352, 23.6596)","(-3.4083, 24.3102)","(-24.5654, 0.5334)","(-21.7294, 11.4915)","(15.7225, 18.9049)","(-1.9966, -24.4706)","(16.2398, 18.4205)","(-21.455, 12.0487)","(22.3009, -10.3469)","(13.8503, 20.295)","(23.8313, 6.0284)","(-17.776, 16.9686)","(-11.6906, 21.5608)","(-16.6448, -18.1144)","(-23.021, -8.5249)"
1.950000000000000000e+01,"(13.3868, 8.7536)","(11.8202, 10.6439)","(-16.1074, -2.0626)","(-15.2749, 4.6635)","(3.0341, -15.6091)","(5.485, 15.0494)","(-1.131, 16.1965)","(-15.9866, 1.1807)","(-13.6179, 8.2561)","(12.8242, 9.2826)","(-4.426, -15.5885)","(12.5152, 10.2252)","(-11.999, 9.3327)","(13.6712, -8.0882)","(14.2381, 7.3766)","(15.7165, 2.491)","(-10.8633, 11.7381)","(-6.8745, 14.8854)","(-11.5223, -9.6126)","(-15.4649, -4.924)"
1.960000000000000142e+01,"(5.8816, -0.1451)","(4.8826, 3.2161)","(-5.9809, -0.2171)","(-5.4169, 2.2704)","(-0.0516, -5.8444)","(2.7677, 5.2026)","(0.361, 5.9727)","(-5.8139, 0.9928)","(-4.6558, 3.5495)","(5.7262, 1.0154)","(-3.5688, -4.7866)","(5.5235, 2.2189)","(-3.3898, 4.4001)","(4.4084, -3.8268)","(5.3668, -2.4518)","(5.8492, -0.0419)","(-3.4825, 4.7413)","(-1.8504, 5.7604)","(-4.8676, -2.5031)","(-5.8349, -1.3142)"
1.970000000000000284e+01,"(1.9275, -1.6543)","(2.3135, 1.0095)","(-2.5777, 0.172)","(-2.2119, 1.24)","(-0.592, -2.4529)","(1.5335, 2.0301)","(0.5319, 2.5276)","(-2.4492, 0.697)","(-1.8109, 1.7634)","(2.3693, -0.8305)","(-2.2385, -1.2775)","(2.5677, 0.1006)","(-0.8554, 2.2358)","(1.5267, -2.0052)","(0.2922, -2.5305)","(2.4781, -0.4862)","(-1.2291, 2.2226)","(-0.4505, 2.5719)","(-2.2991, -0.5163)","(-2.5622, -0.3181)"
1.980000000000000071e+01,"(1.4235, -2.8964)","(3.0592, 0.9817)","(-3.2393, 0.4162)","(-2.6992, 1.7621)","(-1.1656, -2.9931)","(2.1796, 2.3852)","(0.9486, 3.1246)","(-3.0466, 1.0819)","(-2.1384, 2.4021)","(2.5684, -1.9094)","(-3.1387, -0.883)","(3.21, -0.5319)","(-0.5999, 3.0292)","(1.6216, -2.7695)","(-1.53, -2.8491)","(3.0667, -0.9616)","(-1.3431, 2.9343)","(-0.3005, 3.276)","(-3.0419, -0.2221)","(-3.2575, -0.213)"
1.990000000000000213e+01,"(2.4035, -5.3511)","(5.5829, 1.7388)","(-5.8627, 0.785)","(-4.8892, 3.2322)","(-2.1838, -5.4232)","(3.9949, 4.302)","(1.7611, 5.6462)","(-5.5239, 1.9959)","(-3.8642, 4.394)","(4.5891, -3.5976)","(-5.7202, -1.479)","(5.8026, -1.0667)","(-1.0263, 5.5861)","(2.9002, -5.0721)","(-3.0455, -5.0234)","(5.5642, -1.8021)","(-2.4066, 5.3494)","(-0.5003, 5.9237)","(-5.6159, -0.3429)","(-5.9026, -0.356)"
2.000000000000000000e+01,"(4.9247, -10.7273)","(11.2417, 3.5269)","(-11.756, 1.5595)","(-9.8507, 6.4927)","(-4.3703, -10.9401)","(8.0194, 8.6687)","(3.5113, 11.3265)","(-11.1144, 3.9996)","(-7.7966, 8.8397)","(9.3024, -7.1993)","(-11.4596, -3.0227)","(11.6555, -2.0936)","(-2.1333, 11.3748)","(5.871, -10.2088)","(-5.9994, -10.1766)","(11.2185, -3.6055)","(-4.8594, 10.7567)","(-1.0198, 11.8474)","(-11.4785, -0.7386)","(-11.8347, -0.7275)"
2.010000000000000142e+01,"(8.1356, -19.2557)","(19.9949, 6.1061)","(-20.6986, 2.844)","(-17.3954, 11.5932)","(-7.9525, -19.3351)","(14.3031, 15.2433)","(6.3191, 19.9147)","(-19.6334, 7.1728)","(-13.7441, 15.753)","(16.2395, -13.1693)","(-20.2994, -4.9527)","(20.5083, -4.0119)","(-3.5975, 20.586)","(10.2569, -18.2181)","(-11.4329, -17.4985)","(19.8498, -6.562)","(-8.4964, 19.0993)","(-1.6609, 20.8175)","(-20.8543, -1.1193)","(-20.8597, -1.1895)"
2.020000000000000284e+01,"(4.0671, -18.7783)","(18.655, 4.7599)","(-18.8549, 3.1315)","(-15.6581, 11.153)","(-8.4148, -17.3188)","(13.7307, 13.4258)","(6.506, 17.9731)","(-17.8309, 7.1162)","(-12.1681, 14.9089)","(13.1449, -14.1135)","(-18.9722, -2.4263)","(18.3634, -5.4114)","(-1.8476, 19.5299)","(8.4982, -17.2864)","(-14.5297, -12.5453)","(17.9465, -6.9624)","(-7.1912, 17.8178)","(-0.8037, 19.0365)","(-19.7356, 0.2924)","(-19.108, -0.5785)"
2.030000000000000071e+01,"(-1.7118, -8.2395)","(8.3381, 1.2166)","(-8.1749, 1.8852)","(-6.4997, 5.35)","(-4.7041, -6.9919)","(6.5533, 5.2753)","(3.543, 7.6049)","(-7.5898, 3.6256)","(-4.8294, 6.9022)","(3.5479, -7.6541)","(-8.331, 1.0165)","(7.3926, -3.9825)","(0.7783, 8.5118)","(2.7384, -7.972)","(-8.3795, -0.7237)","(7.4558, -3.9245)","(-2.5288, 8.0267)","(0.3349, 8.369)","(-8.4566, 1.5259)","(-8.3868, 0.2422)"
2.040000000000000213e+01,"(-1.2518, -2.5003)","(2.7863, 0.2201)","(-2.705, 0.73)","(-2.0794, 1.8688)","(-1.7583, -2.1726)","(2.2789, 1.6208)","(1.3156, 2.4736)","(-2.4725, 1.3071)","(-1.4944, 2.3622)","(0.6446, -2.7191)","(-2.6991, 0.7479)","(2.2796, -1.6252)","(0.6186, 2.7367)","(0.6948, -2.707)","(-2.6723, 0.8253)","(2.3734, -1.4763)","(-0.7095, 2.7046)","(0.2458, 2.7965)","(-2.692, 0.8267)","(-2.7958, 0.1795)"
2.050000000000000000e+01,"(-0.2889, -0.6627)","(0.7086, 0.0609)","(-0.7398, 0.1858)","(-0.5389, 0.4769)","(-0.4422, -0.5562)","(0.586, 0.429)","(0.3411, 0.6816)","(-0.647, 0.3339)","(-0.385, 0.6008)","(0.1644, -0.6829)","(-0.7407, 0.1542)","(0.6304, -0.4046)","(0.211, 0.6521)","(0.1805, -0.6852)","(-0.7139, 0.1469)","(0.6075, -0.3712)","(-0.1903, 0.6973)","(0.0454, 0.7919)","(-0.647, 0.2759)","(-0.7603, 0.0363)"
2.060000000000000142e+01,"(0.0922, -0.4275)","(0.3663, 0.0901)","(-0.5959, 0.0938)","(-0.3426, 0.2448)","(-0.1675, -0.3342)","(0.3234, 0.3172)","(0.1978, 0.5677)","(-0.4288, 0.1703)","(-0.2452, 0.3033)","(0.2093, -0.2509)","(-0.5728, -0.0909)","(0.5313, -0.1445)","(0.1113, 0.1861)","(0.1556, -0.3275)","(-0.3466, -0.31)","(0.3545, -0.1411)","(-0.1632, 0.4048)","(-0.0411, 0.7078)","(-0.2842, 0.2096)","(-0.5967, -0.0227)"
2.070000000000000284e+01,"(0.3723, -0.8252)","(0.7375, 0.2295)","(-1.2539, 0.1666)","(-0.7255, 0.4794)","(-0.286, -0.7094)","(0.6391, 0.6889)","(0.3737, 1.2039)","(-0.9012, 0.3252)","(-0.5289, 0.6015)","(0.5171, -0.4081)","(-1.1752, -0.3084)","(1.1331, -0.2052)","(0.2147, 0.259)","(0.3668, -0.6424)","(-0.4974, -0.8281)","(0.744, -0.2412)","(-0.3709, 0.8238)","(-0.128, 1.4855)","(-0.4988, 0.4299)","(-1.2495, -0.0765)"
2.080000000000000071e+01,"(0.9445, -1.9254)","(1.7442, 0.5594)","(-2.9638, 0.3813)","(-1.7252, 1.1266)","(-0.6587, -1.6902)","(1.5014, 1.6425)","(0.8657, 2.8493)","(-2.1377, 0.7595)","(-1.2625, 1.4185)","(1.2544, -0.9337)","(-2.7645, -0.7759)","(2.6859, -0.4463)","(0.5035, 0.597)","(0.8863, -1.5145)","(-1.0845, -2.0137)","(1.7695, -0.5552)","(-0.8905, 1.9461)","(-0.3202, 3.5016)","(-1.1654, 1.0054)","(-2.9512, -0.1925)"
2.090000000000000213e+01,"(2.4561, -4.8668)","(4.441, 1.4388)","(-7.4675, 0.9495)","(-4.3941, 2.8574)","(-1.662, -4.3149)","(3.8031, 4.1819)","(2.1661, 7.1833)","(-5.4312, 1.9188)","(-3.2234, 3.6067)","(3.2249, -2.3545)","(-6.9622, -1.9993)","(6.7932, -1.0929)","(1.2812, 1.5314)","(2.274, -3.8539)","(-2.6677, -5.1573)","(4.5136, -1.4003)","(-2.2742, 4.9424)","(-0.8159, 8.7565)","(-2.9785, 2.55)","(-7.4366, -0.4957)"
2.100000000000000000e+01,"(6.2911, -12.4859)","(11.5721, 3.7546)","(-18.1336, 2.3302)","(-11.3208, 7.3618)","(-4.328, -11.2573)","(9.7131, 10.6742)","(5.2975, 17.4497)","(-13.8311, 4.8905)","(-8.3754, 9.3672)","(8.5205, -6.1871)","(-17.0754, -4.8199)","(16.8047, -2.7551)","(3.4467, 4.1445)","(5.9544, -10.0757)","(-6.8232, -13.1016)","(11.7516, -3.6403)","(-5.8325, 12.6796)","(-1.8382, 20.4026)","(-7.8639, 6.7143)","(-18.104, -1.1846)"
2.110000000000000142e+01,"(10.8117, -24.8598)","(24.6991, 7.7409)","(-26.6663, 3.8795)","(-22.3938, 14.8394)","(-9.568, -23.9473)","(18.6498, 19.9235)","(8.443, 25.6148)","(-25.7082, 9.3817)","(-17.3279, 19.6812)","(19.1935, -14.5598)","(-26.573, -5.76)","(26.8219, -5.6813)","(9.2714, 11.1218)","(12.7046, -22.0443)","(-14.9493, -22.9565)","(24.7513, -7.9731)","(-11.0639, 24.7363)","(-1.5084, 25.3015)","(-17.9608, 15.6475)","(-26.9823, -1.3444)"
2.120000000000000284e+01,"(0.2468, -16.9008)","(19.2739, 4.4245)","(-11.7386, 2.7604)","(-14.0423, 10.6198)","(-9.2621, -17.6784)","(12.2088, 10.759)","(5.1712, 10.9392)","(-14.5841, 6.4663)","(-11.7629, 15.0452)","(15.379, -16.7717)","(-12.4553, 1.5072)","(11.7809, -6.0285)","(18.7847, 21.352)","(8.6839, -18.6666)","(-14.8811, -5.3683)","(18.0098, -7.5825)","(-5.7541, 15.9306)","(0.72, 10.2683)","(-16.0448, 16.6309)","(-12.1764, 0.388)"
2.130000000000000071e+01,"(-4.9217, -4.4918)","(7.5499, 0.116)","(-4.9074, 1.8091)","(-4.8465, 4.8769)","(-5.2572, -5.5017)","(5.5947, 3.2595)","(3.0301, 4.2778)","(-5.4372, 3.3372)","(-3.6108, 6.3853)","(1.1157, -8.5119)","(-4.3967, 3.0883)","(3.5258, -4.3187)","(12.8923, 9.8531)","(1.4339, -7.6838)","(-3.8514, 5.0361)","(6.0487, -4.3933)","(-1.2476, 6.5562)","(1.0718, 4.6004)","(-3.9039, 7.7989)","(-5.2085, 0.7789)"
2.140000000000000213e+01,"(-5.2061, -0.2806)","(5.2033, -0.8856)","(-4.6858, 2.1871)","(-3.2279, 4.1104)","(-4.4711, -2.8151)","(4.8474, 1.8924)","(3.4712, 3.8329)","(-4.1211, 3.17)","(-1.9837, 4.8713)","(-2.3641, -4.8456)","(-2.9806, 4.2268)","(1.9515, -4.7924)","(6.7562, 1.7928)","(-0.2118, -5.2991)","(1.7436, 4.8963)","(3.566, -3.8824)","(-0.3091, 5.205)","(1.6564, 4.9007)","(-0.9117, 5.3112)","(-5.0367, 1.172)"
2.150000000000000000e+01,"(-7.2568, 0.9211)","(6.9253, -1.5978)","(-7.0355, 3.4087)","(-4.2985, 5.851)","(-6.2829, -3.2965)","(6.9616, 2.4095)","(5.3634, 5.68)","(-5.7427, 4.6579)","(-2.4386, 6.7243)","(-4.3199, -5.407)","(-4.0615, 6.6041)","(2.4741, -7.2585)","(6.3648, -0.0225)","(-0.8057, -7.0083)","(4.0816, 6.1797)","(4.4827, -5.5354)","(-0.1859, 7.3098)","(2.6933, 7.6285)","(-0.3867, 6.8591)","(-7.5723, 1.8747)"
2.160000000000000142e+01,"(-11.6094, 1.5605)","(10.8547, -2.5463)","(-11.7111, 5.6744)","(-6.8345, 9.3321)","(-9.8695, -5.1146)","(11.2051, 3.8606)","(8.9251, 9.4511)","(-9.2543, 7.5194)","(-3.8202, 10.6083)","(-6.7873, -8.1708)","(-6.7278, 10.9481)","(4.0689, -11.9621)","(8.7456, -0.5338)","(-1.3131, -10.9238)","(6.666, 9.9239)","(7.0107, -8.7249)","(-0.2813, 11.7029)","(4.558, 12.9137)","(-0.4854, 10.5162)","(-12.5907, 3.1177)"
2.170000000000000284e+01,"(-17.2487, 2.7365)","(16.3256, -3.9072)","(-16.8401, 8.2809)","(-10.1672, 13.9909)","(-14.9117, -7.6167)","(16.6912, 5.6424)","(12.9883, 13.528)","(-13.6903, 11.2174)","(-5.6868, 15.9611)","(-10.4018, -12.2729)","(-9.3972, 16.0763)","(5.6339, -17.5404)","(13.0472, -0.8436)","(-2.0629, -16.4697)","(10.4614, 14.3179)","(10.4827, -13.1807)","(-0.342, 17.4525)","(6.6013, 18.1516)","(-0.6626, 15.9754)","(-18.155, 4.6009)"
2.180000000000000071e+01,"(-16.6508, 4.6877)","(17.0307, -4.5335)","(-14.4004, 7.5037)","(-9.9582, 14.2598)","(-15.9678, -7.4955)","(16.4452, 5.0519)","(11.6389, 11.342)","(-13.0532, 11.1266)","(-5.5876, 16.6479)","(-12.3762, -12.8189)","(-6.959, 14.8375)","(3.9198, -16.1099)","(17.1146, -1.3841)","(-2.7078, -17.4814)","(12.4904, 11.7221)","(10.5686, -14.077)","(0.0401, 17.3031)","(5.8391, 14.4432)","(-0.1756, 17.8723)","(-15.6867, 4.3457)"
2.190000000000000213e+01,"(-9.268, 4.7911)","(10.6994, -3.4104)","(-7.6807, 4.3219)","(-5.7938, 8.9175)","(-10.4969, -4.1264)","(9.9272, 2.5438)","(6.5998, 5.8652)","(-7.5083, 6.8327)","(-3.1509, 10.5879)","(-9.4597, -7.4335)","(-2.7496, 8.572)","(1.2237, -9.1755)","(15.0493, -2.0145)","(-2.3966, -11.1938)","(9.1264, 4.3527)","(6.2218, -9.2728)","(0.4208, 10.4349)","(3.3435, 7.3372)","(0.7097, 12.1398)","(-8.4638, 2.6262)"
2.200000000000000000e+01,"(-5.1863, 2.7725)","(6.0537, -2.0003)","(-4.3094, 2.3806)","(-3.2531, 5.0459)","(-5.9963, -2.2565)","(5.5907, 1.4233)","(3.6507, 3.3172)","(-4.2222, 3.846)","(-1.7474, 6.0109)","(-5.6371, -3.9831)","(-1.6635, 4.7508)","(0.7702, -5.1249)","(9.4268, -1.8254)","(-1.4585, -6.35)","(5.1386, 2.4364)","(3.4722, -5.2993)","(0.2529, 5.8817)","(1.7878, 4.1089)","(0.5962, 6.9387)","(-4.7396, 1.4335)"
2.210000000000000142e+01,"(-5.1384, 1.4778)","(5.2934, -1.4695)","(-4.4755, 2.267)","(-3.0713, 4.4217)","(-5.0156, -2.2638)","(5.0771, 1.5639)","(3.5384, 3.562)","(-4.0336, 3.4295)","(-1.7059, 5.1863)","(-4.1542, -3.8292)","(-2.3302, 4.4926)","(1.3414, -4.9382)","(6.534, -1.1014)","(-0.9329, -5.4555)","(3.8008, 3.675)","(3.2436, -4.4192)","(0.0185, 5.3486)","(1.6978, 4.5041)","(0.123, 5.6357)","(-4.8599, 1.2911)"
2.220000000000000284e+01,"(-7.8572, 1.2445)","(7.6204, -1.848)","(-7.2584, 3.5331)","(-4.6578, 6.416)","(-6.9914, -3.5336)","(7.5561, 2.5604)","(5.5579, 5.8549)","(-6.1835, 5.059)","(-2.629, 7.417)","(-5.0926, -5.7907)","(-4.1713, 6.9105)","(2.5396, -7.6536)","(7.1502, -0.717)","(-1.006, -7.742)","(4.6645, 6.4919)","(4.8683, -6.1593)","(-0.156, 7.9523)","(2.6798, 7.5578)","(-0.2403, 7.6385)","(-7.8328, 1.9542)"
2.230000000000000071e+01,"(-13.3473, 1.7303)","(12.6866, -2.9639)","(-12.7934, 6.1818)","(-7.8974, 10.7667)","(-11.5359, -5.9957)","(12.8108, 4.4301)","(9.7355, 10.3409)","(-10.5652, 8.5706)","(-4.4569, 12.3496)","(-8.0186, -9.6871)","(-7.45, 12.0131)","(4.56, -13.2678)","(10.5634, -0.7197)","(-1.5276, -12.8161)","(7.5104, 11.3681)","(8.1928, -10.1747)","(-0.3351, 13.4494)","(4.778, 13.6156)","(-0.5844, 12.4416)","(-13.7778, 3.3969)"
2.240000000000000213e+01,"(-18.9266, 3.2612)","(18.2221, -4.4273)","(-18.0284, 8.8888)","(-11.1893, 15.4706)","(-16.7132, -8.4406)","(18.3099, 6.1284)","(13.937, 14.4716)","(-14.9513, 12.3013)","(-6.2862, 17.7797)","(-11.9497, -13.8196)","(-10.0042, 17.3119)","(5.9792, -18.9316)","(15.7781, -1.062)","(-2.3905, -18.4702)","(11.7324, 15.4299)","(11.6401, -14.749)","(-0.3283, 19.197)","(7.0188, 19.3012)","(-0.6689, 18.1875)","(-19.4529, 4.9516)"
2.250000000000000000e+01,"(-14.9277, 5.3046)","(15.586, -4.4337)","(-13.4468, 7.1485)","(-8.9746, 13.1643)","(-14.8412, -6.561)","(15.1348, 4.3966)","(11.0348, 10.5016)","(-11.8555, 10.3211)","(-4.9458, 15.343)","(-12.0894, -11.328)","(-6.0092, 14.0518)","(3.1823, -15.0323)","(17.5196, -1.7822)","(-2.8228, -16.0578)","(12.4533, 9.5626)","(9.4703, -13.1132)","(0.2359, 15.8449)","(5.777, 13.9547)","(0.2458, 16.6954)","(-14.656, 4.186)"
2.260000000000000142e+01,"(-7.0079, 4.4065)","(8.3333, -2.8575)","(-6.3415, 3.6739)","(-4.4812, 7.1153)","(-8.321, -2.9946)","(7.9423, 1.8725)","(5.5709, 4.7749)","(-5.9181, 5.5299)","(-2.3499, 8.3603)","(-7.7532, -5.2832)","(-1.9131, 7.1775)","(0.6892, -7.536)","(12.0384, -2.1245)","(-2.1067, -8.7101)","(7.6645, 2.5395)","(4.7105, -7.393)","(0.4645, 8.2717)","(3.0057, 6.3008)","(0.8792, 9.4619)","(-6.9972, 2.263)"
2.270000000000000284e+01,"(-4.0305, 2.1371)","(4.6985, -1.541)","(-3.265, 1.8255)","(-2.5281, 3.9137)","(-4.6447, -1.7636)","(4.3335, 1.1045)","(2.7929, 2.5016)","(-3.2712, 2.9799)","(-1.3625, 4.6621)","(-4.3338, -3.1055)","(-1.2106, 3.6458)","(0.5535, -3.9362)","(7.0673, -1.4554)","(-1.1166, -4.9241)","(3.9824, 1.8829)","(2.7031, -4.1044)","(0.1932, 4.5629)","(1.3707, 3.0283)","(0.4466, 5.3497)","(-3.6005, 1.1071)"
2.280000000000000071e+01,"(-4.6599, 1.1262)","(4.891, -1.2886)","(-3.5739, 1.7997)","(-2.8065, 3.9758)","(-4.5855, -2.1685)","(4.5008, 1.4324)","(2.8174, 2.8559)","(-3.5878, 3.0126)","(-1.6054, 4.7379)","(-3.7095, -3.7478)","(-1.9392, 3.6328)","(1.168, -4.1)","(5.8998, -0.8003)","(-0.7794, -5.0609)","(3.1636, 3.4328)","(3.039, -4.0196)","(-0.0221, 4.7978)","(1.2203, 3.2306)","(-0.0063, 5.2399)","(-3.8995, 1.0259)"
2.290000000000000213e+01,"(-7.8468, 1.0639)","(7.9178, -1.8658)","(-6.2494, 3.0245)","(-4.7164, 6.4441)","(-7.236, -3.737)","(7.4208, 2.5557)","(4.7737, 5.0617)","(-6.0602, 4.9245)","(-2.7386, 7.6188)","(-5.3017, -6.3098)","(-3.731, 6.0492)","(2.3595, -6.9123)","(7.9642, -0.6168)","(-0.9874, -8.1133)","(4.3457, 6.4667)","(5.0809, -6.3365)","(-0.1886, 7.92)","(2.0276, 5.7588)","(-0.3497, 8.1437)","(-6.7827, 1.6764)"
2.300000000000000000e+01,"(-14.1328, 1.6595)","(13.9148, -3.2103)","(-11.9504, 5.7389)","(-8.4571, 11.4827)","(-12.6445, -6.6309)","(13.3959, 4.6753)","(9.0668, 9.6973)","(-11.0154, 8.8997)","(-4.8757, 13.4269)","(-8.9485, -10.9906)","(-7.2005, 11.3732)","(4.5446, -12.9124)","(12.7206, -0.7708)","(-1.6419, -14.1696)","(7.5742, 11.9507)","(8.9913, -11.0975)","(-0.3865, 14.2266)","(3.9553, 11.406)","(-0.7167, 14.0112)","(-12.9328, 3.1573)"
2.310000000000000142e+01,"(-20.1549, 3.4712)","(19.5031, -4.7773)","(-18.9015, 9.2274)","(-11.9247, 16.4996)","(-17.9271, -8.9946)","(19.472, 6.5288)","(14.5055, 15.2296)","(-15.9006, 13.0676)","(-6.7016, 19.0187)","(-13.0321, -14.7886)","(-10.7524, 18.0459)","(6.4804, -19.9132)","(17.9978, -1.3227)","(-2.6185, -19.8067)","(12.3691, 16.473)","(12.4277, -15.809)","(-0.3495, 20.4439)","(6.939, 19.6117)","(-0.6367, 19.6702)","(-20.3973, 5.1142)"
2.320000000000000284e+01,"(-14.2233, 5.7344)","(14.4888, -4.3447)","(-14.9672, 7.8993)","(-8.4979, 12.6738)","(-13.9441, -5.8477)","(14.8473, 4.175)","(12.1912, 11.6973)","(-11.6163, 10.2253)","(-4.5118, 14.4664)","(-11.53, -9.7758)","(-6.6195, 15.2375)","(3.3448, -15.9134)","(16.0504, -2.1315)","(-2.8819, -14.8294)","(12.7528, 8.8088)","(8.6731, -12.4028)","(0.3491, 15.3274)","(6.8953, 17.3847)","(0.5973, 15.2802)","(-16.2032, 4.5848)"
2.330000000000000071e+01,"(-5.7024, 4.3167)","(6.8455, -2.5076)","(-6.4448, 3.8422)","(-3.7362, 6.1248)","(-6.9371, -2.2819)","(6.9816, 1.498)","(5.7752, 4.7732)","(-5.1476, 4.9453)","(-1.8576, 7.0055)","(-6.4758, -3.8595)","(-1.5324, 7.23)","(0.3429, -7.2703)","(9.1786, -1.9819)","(-1.9036, -7.0976)","(7.0122, 1.3342)","(3.7686, -6.2228)","(0.517, 7.1343)","(3.6609, 7.4592)","(0.941, 7.5935)","(-7.0808, 2.3845)"
2.340000000000000213e+01,"(-2.8892, 1.8006)","(3.5665, -1.1994)","(-2.4163, 1.4631)","(-1.8675, 2.9533)","(-3.5509, -1.3105)","(3.2348, 0.7596)","(2.1962, 1.781)","(-2.3943, 2.2433)","(-1.0089, 3.5391)","(-3.3591, -2.3905)","(-0.5623, 2.8082)","(0.1561, -2.931)","(5.5127, -1.0855)","(-0.8784, -3.7598)","(3.1138, 0.9773)","(2.0262, -3.1368)","(0.1883, 3.4037)","(1.3581, 2.5208)","(0.3548, 4.1314)","(-2.6803, 0.919)"
2.350000000000000000e+01,"(-3.3813, 0.8242)","(3.9431, -1.0203)","(-1.6677, 0.8759)","(-2.1018, 2.9735)","(-3.7007, -1.7782)","(3.1703, 1.0025)","(1.3678, 1.3217)","(-2.4788, 2.0891)","(-1.2758, 3.7353)","(-3.1307, -3.3155)","(-0.8878, 1.8985)","(0.5788, -2.3008)","(5.7152, -0.6068)","(-0.6144, -4.1703)","(2.2181, 2.3148)","(2.4449, -3.204)","(-0.015, 3.4887)","(0.4417, 0.9534)","(-0.0587, 4.5179)","(-1.8673, 0.5218)"
2.360000000000000142e+01,"(-6.0624, 0.7514)","(6.8902, -1.5956)","(-2.8697, 1.3931)","(-3.778, 5.1393)","(-6.3119, -3.3015)","(5.5208, 1.916)","(2.2172, 2.3433)","(-4.4288, 3.5877)","(-2.3423, 6.4638)","(-4.9284, -6.0337)","(-1.8842, 3.0702)","(1.3346, -3.9059)","(8.8743, -0.5647)","(-0.8453, -7.2412)","(3.0785, 4.7226)","(4.4053, -5.4477)","(-0.159, 6.1209)","(0.4739, 1.302)","(-0.3837, 7.6793)","(-3.2009, 0.7944)"
2.370000000000000284e+01,"(-11.9725, 1.1883)","(13.1236, -2.9728)","(-6.018, 2.8715)","(-7.4141, 10.0052)","(-11.944, -6.3439)","(10.9377, 3.8692)","(4.586, 4.9404)","(-8.859, 7.1148)","(-4.5358, 12.3787)","(-8.9421, -11.2132)","(-4.075, 6.289)","(2.9022, -8.0107)","(14.781, -0.8409)","(-1.5194, -13.6592)","(5.7602, 9.6723)","(8.4593, -10.3477)","(-0.3679, 12.0482)","(0.9507, 2.7563)","(-0.7961, 14.1487)","(-6.6934, 1.6169)"
2.380000000000000071e+01,"(-20.5328, 2.6788)","(20.5052, -4.8889)","(-13.0243, 6.2023)","(-12.3379, 16.8533)","(-18.7657, -9.6018)","(19.3394, 6.7063)","(9.8901, 10.6763)","(-15.7881, 12.7823)","(-7.0993, 19.8306)","(-13.6997, -15.7812)","(-8.607, 13.2644)","(5.8698, -16.3205)","(19.2684, -1.6024)","(-2.6326, -20.8996)","(10.9769, 17.0061)","(13.143, -16.478)","(-0.5118, 20.7115)","(2.1835, 6.4139)","(-0.7547, 20.8442)","(-14.3924, 3.4678)"
2.390000000000000213e+01,"(-17.8074, 5.7983)","(15.9633, -4.7221)","(-21.4708, 10.4592)","(-10.2197, 14.9534)","(-15.2341, -6.4615)","(18.5247, 5.5965)","(16.4675, 17.3197)","(-14.9719, 12.799)","(-5.1483, 16.2486)","(-11.87, -9.7251)","(-12.0418, 20.5695)","(6.7511, -22.1976)","(13.9611, -2.3507)","(-3.08, -15.9325)","(14.5574, 13.4903)","(9.685, -13.7021)","(0.1886, 18.6938)","(5.0945, 14.9466)","(0.73, 15.5444)","(-23.2007, 5.8137)"
2.400000000000000000e+01,"(-6.3919, 5.4183)","(6.8554, -2.6806)","(-14.0249, 7.6534)","(-4.1152, 6.9183)","(-7.0163, -2.0837)","(8.5635, 1.752)","(11.6302, 10.6997)","(-6.425, 6.2371)","(-1.8252, 7.3101)","(-6.1398, -3.1061)","(-4.4733, 13.4446)","(1.2813, -12.2879)","(7.0558, -1.7497)","(-2.0486, -6.8916)","(8.9561, 1.3039)","(3.694, -6.4322)","(0.6916, 8.3325)","(8.7249, 24.3728)","(1.0982, 6.9223)","(-14.8148, 4.4397)"
2.410000000000000142e+01,"(-1.8494, 2.2584)","(2.6048, -1.0395)","(-4.982, 3.2671)","(-1.3989, 2.4803)","(-2.6987, -0.7819)","(2.9842, 0.4523)","(4.7571, 3.4596)","(-2.1285, 2.2322)","(-0.6491, 2.7192)","(-2.5933, -1.4959)","(-0.098, 5.1792)","(-0.5318, -4.3811)","(4.4101, -0.8119)","(-0.8037, -2.7188)","(3.029, -0.7292)","(1.3689, -2.4421)","(0.3385, 2.8948)","(5.9809, 13.1497)","(0.4043, 3.002)","(-5.3539, 2.0581)"
2.420000000000000284e+01,"(-0.9575, 0.609)","(1.902, -0.5433)","(-1.6297, 1.2856)","(-0.7238, 1.1153)","(-1.8587, -0.8228)","(0.9652, 0.1994)","(1.7885, 0.9872)","(-0.6568, 0.6529)","(-0.535, 1.6919)","(-2.0019, -2.0283)","(0.5278, 1.6418)","(-0.4732, -1.2557)","(5.3919, -0.4727)","(-0.3721, -2.1885)","(0.9054, -0.0246)","(1.1116, -1.5506)","(0.0641, 1.1422)","(2.8877, 4.5279)","(-0.0033, 2.8189)","(-1.7823, 0.8592)"
2.430000000000000071e+01,"(-1.5299, 0.2616)","(3.3032, -0.7698)","(-1.5495, 1.441)","(-1.1925, 1.6386)","(-3.104, -1.6176)","(1.0591, 0.3471)","(1.9295, 0.7896)","(-0.6814, 0.5703)","(-1.0103, 2.8042)","(-3.1876, -3.9402)","(1.0376, 1.4003)","(-0.7329, -0.963)","(9.1967, -0.5051)","(-0.45, -3.842)","(0.5432, 0.5788)","(2.0393, -2.5319)","(-0.0277, 1.5761)","(2.2706, 2.6453)","(-0.2598, 4.9782)","(-1.7481, 1.0158)"
2.440000000000000213e+01,"(-3.244, 0.2925)","(6.9175, -1.5354)","(-2.7972, 2.6599)","(-2.5427, 3.4169)","(-6.4313, -3.4646)","(2.1945, 0.7791)","(3.5506, 1.3877)","(-1.4408, 1.1565)","(-2.1661, 5.8596)","(-6.3202, -8.17)","(2.0536, 2.5276)","(-1.478, -1.7677)","(16.0365, -0.8503)","(-0.8446, -7.9956)","(0.8419, 1.4131)","(4.3285, -5.2448)","(-0.1067, 3.3067)","(3.4981, 3.7253)","(-0.6436, 10.1321)","(-3.1913, 1.8995)"
2.450000000000000000e+01,"(-7.5066, 0.5326)","(14.8045, -3.2742)","(-5.9035, 5.5964)","(-5.8175, 7.7762)","(-13.6669, -7.3737)","(5.1011, 1.8416)","(7.4943, 2.9484)","(-3.3751, 2.6866)","(-4.7584, 12.8229)","(-12.1685, -15.3205)","(4.4095, 5.4987)","(-3.2748, -3.9547)","(20.1705, -1.7766)","(-1.7638, -16.5974)","(1.8308, 3.38)","(9.3519, -11.3038)","(-0.2733, 7.6347)","(6.252, 6.6427)","(-1.1135, 19.316)","(-6.7805, 4.0221)"
2.460000000000000142e+01,"(-17.0822, 1.3011)","(23.2927, -5.5687)","(-12.3738, 11.7494)","(-12.213, 16.4254)","(-21.3222, -10.8446)","(12.2606, 4.4377)","(15.7931, 6.1934)","(-8.2953, 6.5881)","(-8.0516, 22.3102)","(-14.9229, -15.0659)","(9.7269, 12.1155)","(-7.6712, -9.315)","(12.7771, -2.5108)","(-3.1234, -23.4023)","(4.4234, 8.4175)","(14.9422, -18.6959)","(-0.6014, 17.3202)","(11.2829, 11.96)","(-0.1034, 21.4113)","(-14.3988, 8.5534)"
2.470000000000000284e+01,"(-25.1937, 4.3455)","(14.2506, -4.6803)","(-17.0539, 16.662)","(-13.2978, 18.9014)","(-13.6145, -5.0754)","(23.6792, 8.2859)","(22.4476, 8.2886)","(-17.869, 14.3132)","(-4.9672, 16.2904)","(-8.8087, -4.5737)","(16.2718, 18.5409)","(-15.4673, -18.0891)","(5.7361, -1.6409)","(-3.169, -12.7304)","(10.5313, 18.7079)","(8.6804, -13.0199)","(-0.4174, 25.4868)","(14.5947, 14.9353)","(1.51, 10.0343)","(-20.558, 12.5727)"
2.480000000000000071e+01,"(-10.4413, 7.6218)","(4.9832, -2.3984)","(-8.5827, 9.4378)","(-4.8679, 8.4621)","(-5.2379, -0.9799)","(17.5886, 4.7795)","(12.4108, 3.4292)","(-16.9309, 14.5271)","(-1.2637, 6.294)","(-3.3195, -0.7419)","(11.8062, 8.6336)","(-14.5969, -13.2054)","(3.2812, -0.6468)","(-1.7899, -4.3757)","(16.8874, 17.2672)","(2.4845, -5.2528)","(0.9025, 12.6857)","(9.4304, 8.6383)","(0.9707, 3.3616)","(-10.8068, 7.4662)"
2.490000000000000213e+01,"(-1.2081, 4.6376)","(1.581, -1.0637)","(-2.7904, 3.5853)","(-1.4435, 3.2822)","(-1.8166, 0.0074)","(6.7469, 0.6772)","(4.5341, 0.7252)","(-5.8195, 6.2217)","(-0.2109, 2.2691)","(-0.8678, -0.0316)","(5.1111, 1.4567)","(-6.8115, -2.932)","(4.2166, -0.3476)","(-0.802, -1.3124)","(9.3402, -1.9071)","(0.5652, -1.9457)","(0.9323, 4.6204)","(4.196, 3.4959)","(0.329, 0.8368)","(-3.6514, 2.9564)"
2.500000000000000000e+01,"(1.3932, 3.0021)","(1.4808, -1.3133)","(-0.9221, 1.443)","(-0.9061, 2.833)","(-1.8566, 0.3411)","(3.7382, -0.2671)","(1.7646, 0.0428)","(-2.4524, 3.3575)","(0.008, 2.3062)","(-0.2873, 0.1177)","(2.341, -0.312)","(-3.3698, -0.1457)","(7.7144, -0.3782)","(-1.0184, -1.1816)","(0.8821, -4.3346)","(0.2855, -2.075)","(1.0594, 3.1157)","(1.9504, 1.7573)","(0.181, 0.271)","(-1.3417, 1.3071)"
2.510000000000000142e+01,"(2.9491, 4.0551)","(2.6956, -2.4764)","(-1.0253, 1.8643)","(-1.3816, 4.6636)","(-3.44, 0.7152)","(4.9905, -0.718)","(2.2172, -0.1504)","(-2.6955, 4.2395)","(0.0705, 4.1465)","(-0.4077, 0.2962)","(2.9354, -1.0954)","(-4.0589, 0.6799)","(14.8188, -0.6628)","(-1.9792, -2.1975)","(-2.3619, -4.4223)","(0.449, -3.813)","(1.7805, 4.6825)","(2.2063, 2.2612)","(0.3445, 0.4031)","(-1.6227, 1.7787)"
2.520000000000000284e+01,"(5.3957, 7.3932)","(5.7664, -5.2694)","(-1.9418, 3.5815)","(-2.6632, 8.959)","(-7.3964, 1.5102)","(8.5338, -1.2686)","(4.2349, -0.3216)","(-4.3588, 6.9591)","(0.1312, 8.6088)","(-0.9266, 0.6886)","(5.4032, -2.1184)","(-6.9387, 1.3102)","(21.7425, -1.5601)","(-4.3298, -4.8387)","(-4.3717, -6.7045)","(0.9726, -8.0604)","(3.2616, 8.5723)","(4.0739, 4.3304)","(0.7923, 0.9173)","(-3.0707, 3.3991)"
2.530000000000000071e+01,"(9.9643, 13.4636)","(12.3101, -11.2727)","(-4.2169, 7.7466)","(-4.9966, 16.9075)","(-15.9978, 3.2836)","(15.1732, -2.2626)","(9.1284, -0.6716)","(-7.599, 12.13)","(0.292, 17.6023)","(-2.3523, 1.7205)","(11.0525, -4.27)","(-12.9952, 2.421)","(14.7216, -2.7263)","(-9.774, -10.9291)","(-7.5191, -11.5742)","(2.0207, -16.9604)","(5.9979, 15.7031)","(8.3472, 8.9376)","(1.9871, 2.3187)","(-6.5666, 7.2469)"
2.540000000000000213e+01,"(14.1084, 15.7674)","(17.4903, -16.748)","(-8.8014, 16.2292)","(-5.7652, 20.8755)","(-23.7922, 5.5803)","(20.2865, -3.3641)","(18.8337, -1.4359)","(-10.4665, 17.0401)","(0.8148, 23.2706)","(-6.2612, 4.5364)","(19.6049, -8.0023)","(-20.2868, 4.2364)","(5.8796, -2.0086)","(-16.9083, -18.2078)","(-11.8891, -15.6469)","(2.2104, -23.8)","(7.9052, 19.6527)","(14.8355, 15.6673)","(5.2428, 6.1446)","(-13.135, 14.5635)"
2.550000000000000000e+01,"(10.705, 6.5104)","(8.6047, -10.0285)","(-10.8984, 20.9765)","(-2.4769, 11.4792)","(-12.7794, 4.7941)","(13.6314, -3.0401)","(23.1089, -2.395)","(-7.4635, 13.0737)","(1.2689, 12.0411)","(-15.626, 11.5307)","(16.8674, -9.2848)","(-16.0796, 5.0958)","(2.1087, -0.7087)","(-11.8763, -10.4022)","(-12.489, -9.3285)","(-0.1976, -12.7471)","(5.2914, 11.2935)","(13.4479, 13.0749)","(13.0893, 15.1871)","(-14.655, 16.9309)"
2.560000000000000142e+01,"(4.9382, 1.493)","(2.5649, -3.9734)","(-4.5495, 10.4201)","(-0.7197, 4.3892)","(-4.1944, 2.5526)","(6.1147, -1.7177)","(10.7079, -2.1827)","(-3.3867, 6.4751)","(0.7972, 4.21)","(-20.4393, 18.378)","(5.96, -5.7263)","(-6.8392, 3.4747)","(1.6151, -0.2144)","(-4.9904, -2.9365)","(-7.4866, -2.2631)","(-0.7077, -4.4817)","(2.3864, 4.5189)","(6.1119, 4.9653)","(18.6776, 19.4961)","(-6.1367, 8.1184)"
2.570000000000000284e+01,"(2.0068, 1.0444)","(0.7808, -1.8002)","(-1.2884, 3.7583)","(-0.2635, 1.4496)","(-1.5251, 1.4795)","(3.1256, -0.7596)","(3.5991, -1.1671)","(-1.8396, 3.3723)","(0.3948, 1.3559)","(-3.7224, 10.7439)","(1.5657, -2.1773)","(-2.7259, 1.414)","(2.9342, -0.1526)","(-2.5733, -0.8552)","(-3.7866, -1.7089)","(-0.5677, -1.6658)","(0.9659, 1.9943)","(2.0404, 1.4572)","(9.3289, 5.6751)","(-1.8885, 2.8981)"
2.580000000000000071e+01,"(1.7423, 1.9447)","(0.791, -2.4596)","(-0.4462, 1.923)","(-0.3308, 1.23)","(-1.7734, 2.215)","(3.6596, -0.6265)","(1.6501, -0.8142)","(-2.1756, 3.6032)","(0.5601, 1.4266)","(1.7247, 5.4766)","(0.3019, -0.5808)","(-2.2252, 0.6567)","(6.321, -0.2248)","(-3.5233, -0.7599)","(-2.9797, -3.2413)","(-0.9609, -2.022)","(0.9502, 2.3615)","(0.5448, 0.3349)","(5.4744, 1.2866)","(-0.7314, 1.3939)"
2.590000000000000213e+01,"(2.9409, 4.0278)","(1.4667, -4.6806)","(-0.5345, 2.869)","(-0.7073, 2.3895)","(-3.3012, 4.2008)","(6.644, -0.9889)","(2.3648, -1.3598)","(-3.8669, 6.1822)","(1.1097, 2.7392)","(3.8479, 5.1057)","(0.0329, -0.2607)","(-3.8769, 0.7718)","(14.0789, -0.472)","(-6.3998, -1.3281)","(-4.1311, -6.2023)","(-1.8778, -3.8532)","(1.733, 4.5539)","(0.4177, 0.1912)","(6.3799, 0.4328)","(-0.9845, 2.1005)"
2.600000000000000000e+01,"(6.0514, 8.6761)","(3.1313, -9.9048)","(-1.0294, 5.5809)","(-1.6163, 5.3605)","(-6.9149, 8.7435)","(13.0892, -1.8943)","(4.6329, -2.6802)","(-7.3293, 11.6445)","(2.4494, 6.0808)","(6.0257, 7.2356)","(-0.0157, -0.462)","(-7.9971, 1.4259)","(24.2416, -1.3925)","(-12.6355, -2.6471)","(-7.32, -11.7014)","(-4.0239, -8.3203)","(3.6492, 9.7094)","(0.8426, 0.361)","(9.488, 0.4347)","(-1.9534, 4.1906)"
2.610000000000000142e+01,"(12.0491, 16.5254)","(6.0057, -19.3391)","(-2.1931, 11.8111)","(-3.782, 12.5052)","(-12.7966, 16.4711)","(21.2791, -3.2978)","(9.9482, -5.7306)","(-11.0958, 17.9324)","(5.562, 13.81)","(9.3226, 11.0949)","(-0.0419, -1.0815)","(-16.4235, 2.9441)","(16.2208, -3.131)","(-21.0293, -4.1359)","(-12.2853, -16.7764)","(-8.3423, -17.0951)","(7.1994, 18.9447)","(1.9894, 0.8549)","(14.6577, 0.638)","(-4.3108, 9.2133)"
2.620000000000000284e+01,"(15.1682, 14.8958)","(5.5635, -20.8005)","(-3.891, 21.5661)","(-6.9191, 23.5263)","(-11.5254, 16.8049)","(16.7906, -3.4872)","(18.6803, -10.9189)","(-8.0477, 14.075)","(9.628, 23.1341)","(12.1819, 13.2778)","(-0.0909, -2.7698)","(-22.8194, 5.1528)","(5.5304, -2.6274)","(-17.4559, -2.2844)","(-13.072, -9.3072)","(-10.8757, -20.4234)","(8.2592, 19.9221)","(5.0714, 2.1907)","(18.1017, 0.3739)","(-8.6611, 18.6498)"
2.630000000000000071e+01,"(8.8686, 2.8186)","(1.3706, -9.4124)","(-2.8174, 19.0481)","(-4.2542, 17.608)","(-3.8124, 7.933)","(6.9944, -2.1166)","(16.9107, -10.8722)","(-3.2323, 6.4)","(6.8475, 13.9134)","(10.56, 9.067)","(-0.2186, -7.4358)","(-12.0352, 5.143)","(1.8418, -1.6415)","(-7.539, -0.0885)","(-7.1784, -1.1694)","(-6.2287, -8.822)","(4.3998, 8.4303)","(13.0308, 5.6256)","(13.7372, -0.5586)","(-8.8649, 20.3141)"
2.640000000000000213e+01,"(3.0588, -0.4225)","(0.0992, -3.1729)","(-0.5789, 7.8503)","(-0.8517, 6.6838)","(-0.8966, 2.7309)","(2.3473, -0.7858)","(6.4454, -5.2002)","(-1.2717, 2.5137)","(3.0655, 4.7812)","(6.6161, 4.6898)","(-0.6792, -18.9851)","(-3.8233, 2.8069)","(1.7859, -2.3504)","(-2.5309, 0.0897)","(-2.9996, -0.6562)","(-2.5644, -2.7107)","(1.7061, 2.6784)","(25.1751, 10.5196)","(7.9014, -0.6837)","(-3.1425, 8.9333)"
2.650000000000000000e+01,"(0.9239, -0.9031)","(-0.1728, -1.3328)","(-0.022, 2.5128)","(-0.0192, 3.2139)","(-0.1264, 0.9758)","(1.0756, -0.2538)","(1.9226, -1.9095)","(-1.1123, 1.8929)","(1.8155, 2.174)","(4.4325, 3.7808)","(-3.033, -27.8235)","(-0.9282, 1.0912)","(3.1481, -4.3162)","(-0.984, -0.0699)","(-1.9322, -1.8613)","(-1.4848, -1.0795)","(0.8798, 1.0692)","(15.7917, 5.1312)","(5.7203, -0.221)","(-0.8339, 3.1605)"
2.660000000000000142e+01,"(0.8284, -1.6844)","(-0.4133, -1.9087)","(0.1096, 1.2209)","(0.2343, 4.1243)","(0.0192, 1.2682)","(1.7016, -0.2658)","(0.9311, -1.2357)","(-2.0289, 3.2455)","(2.652, 2.8238)","(4.7849, 5.2215)","(-5.7229, -10.2398)","(-0.4702, 1.0992)","(6.4295, -8.7417)","(-1.3991, -0.2658)","(-2.5719, -3.9165)","(-2.3357, -1.4302)","(1.3886, 1.4923)","(6.5383, 0.9475)","(7.0498, 0.1623)","(-0.3516, 2.1466)"
2.670000000000000284e+01,"(1.6165, -3.445)","(-0.852, -3.8508)","(0.2514, 1.9362)","(0.4466, 7.206)","(0.0701, 2.5895)","(3.6465, -0.516)","(1.4261, -2.0884)","(-4.2623, 6.7281)","(4.8234, 5.0989)","(7.1729, 8.5735)","(-5.1127, -3.0835)","(-0.7704, 2.1051)","(11.7744, -16.339)","(-2.974, -0.6327)","(-4.8414, -8.2396)","(-4.6002, -2.7973)","(2.8125, 3.0044)","(5.2955, 0.0463)","(11.2132, 0.5054)","(-0.4801, 3.5025)"
2.680000000000000071e+01,"(3.736, -7.7362)","(-1.8903, -8.657)","(0.5272, 4.0275)","(0.8337, 13.6063)","(0.1386, 5.9846)","(8.4874, -1.1697)","(2.9302, -4.2937)","(-8.8717, 14.0126)","(9.3884, 9.9408)","(11.0096, 12.9635)","(-6.3652, -1.7509)","(-1.7249, 4.651)","(10.8387, -17.4646)","(-6.9577, -1.5196)","(-9.7053, -15.903)","(-9.8595, -6.0268)","(6.2855, 6.7417)","(7.4488, -0.1904)","(17.1274, 0.7016)","(-0.9554, 6.9565)"
2.690000000000000213e+01,"(7.9423, -16.9022)","(-4.1158, -18.5805)","(1.1913, 9.2116)","(1.4582, 21.0263)","(0.3236, 14.177)","(18.8424, -2.6464)","(6.5238, -9.5249)","(-12.3817, 20.1694)","(14.9889, 15.597)","(12.5178, 12.5963)","(-9.3362, -2.1673)","(-4.0815, 10.9019)","(3.4107, -8.6808)","(-16.1756, -3.5133)","(-14.818, -16.3973)","(-18.6257, -11.1754)","(13.3504, 14.2434)","(11.8912, -0.3201)","(17.7952, 0.0142)","(-1.9893, 14.449)"
2.700000000000000000e+01,"(7.6415, -23.1758)","(-5.9484, -23.3043)","(2.6015, 19.7582)","(1.7257, 16.3056)","(1.0745, 25.5519)","(24.4308, -4.1603)","(12.4686, -18.4668)","(-6.2607, 11.6725)","(11.9254, 11.4355)","(8.9067, 6.5817)","(-14.1212, -3.2163)","(-7.8184, 21.993)","(0.7333, -3.0585)","(-25.517, -4.8536)","(-10.6098, -2.5405)","(-17.6869, -9.336)","(16.5759, 16.7936)","(17.5307, -0.5613)","(10.9279, -0.8433)","(-2.9634, 23.0033)"
2.710000000000000142e+01,"(-1.9502, -11.1559)","(-4.0103, -10.2125)","(3.6091, 23.4548)","(1.1623, 7.1622)","(2.6246, 16.3243)","(10.6459, -3.1808)","(10.5419, -17.2603)","(-1.9297, 4.373)","(5.3593, 4.5019)","(5.0558, 3.4892)","(-17.4135, -3.3338)","(-4.4927, 19.8565)","(0.115, -0.7765)","(-13.5642, -0.7213)","(-3.6075, 1.2625)","(-7.714, -2.8015)","(8.0569, 6.7431)","(17.0533, -0.9556)","(5.989, -0.5571)","(-1.3478, 15.5755)"
2.720000000000000284e+01,"(-2.9608, -2.8324)","(-1.9906, -3.4005)","(2.3701, 9.9721)","(0.4553, 2.781)","(2.364, 5.659)","(3.7778, -1.8223)","(3.3419, -7.2977)","(-0.5092, 1.4866)","(1.8685, 1.5235)","(3.8167, 3.6082)","(-13.7085, -1.3508)","(0.7784, 7.7051)","(-0.0126, -0.2202)","(-5.0323, 0.8169)","(-0.7023, 0.7392)","(-2.6211, -0.5767)","(3.1317, 2.0616)","(10.2171, -0.9808)","(5.1383, -0.0716)","(-0.1152, 5.9724)"
2.730000000000000071e+01,"(-2.8109, -0.2384)","(-1.7382, -2.0689)","(1.2339, 3.5807)","(0.2015, 2.1056)","(2.1266, 2.8624)","(2.8328, -1.9265)","(0.8407, -2.7011)","(-0.3924, 1.5679)","(0.9348, 0.8881)","(4.9569, 5.7465)","(-8.2425, -0.2585)","(1.5094, 3.0366)","(-0.0715, -0.294)","(-3.3655, 1.2972)","(0.0965, 0.5159)","(-1.5606, -0.054)","(2.3475, 1.1524)","(5.8475, -0.565)","(7.4758, 0.2799)","(0.0642, 1.7782)"
2.740000000000000213e+01,"(-4.3928, 0.4437)","(-2.8875, -3.132)","(1.277, 2.8038)","(0.238, 3.6561)","(3.3233, 3.7049)","(4.3814, -3.1901)","(0.4164, -2.4063)","(-0.7099, 2.9772)","(1.4858, 1.553)","(8.1236, 9.927)","(-6.0872, -0.6152)","(2.5226, 3.0844)","(-0.1727, -0.6707)","(-4.92, 2.2282)","(0.4511, 0.8354)","(-2.5647, 0.0591)","(3.8025, 1.7128)","(5.4643, -0.2987)","(12.7351, 0.6429)","(0.1199, 0.9273)"
2.750000000000000000e+01,"(-8.327, 0.8361)","(-5.5201, -5.9902)","(2.1548, 4.4859)","(0.4456, 7.621)","(5.8363, 6.4464)","(8.1206, -5.9024)","(0.613, -4.1365)","(-1.5657, 6.5168)","(3.1508, 3.3543)","(12.3365, 14.3268)","(-7.3174, -1.4239)","(4.4292, 5.1514)","(-0.4322, -1.7053)","(-8.8033, 3.9939)","(1.0297, 1.899)","(-5.2769, 0.1226)","(7.3364, 3.3079)","(8.183, -0.2551)","(18.9757, 0.724)","(0.2544, 1.5733)"
2.760000000000000142e+01,"(-16.0746, 1.6639)","(-10.809, -11.7173)","(4.0897, 8.5298)","(0.9372, 16.0356)","(10.5232, 11.6019)","(14.5019, -10.6087)","(1.2472, -8.32)","(-3.5114, 14.6133)","(7.2185, 7.7182)","(12.2089, 11.2101)","(-11.2727, -2.5899)","(8.2899, 9.6969)","(-1.1489, -4.5938)","(-15.5631, 7.1146)","(2.4877, 4.7655)","(-11.7084, 0.2475)","(14.4971, 6.5305)","(13.7578, -0.3586)","(16.7269, -0.3475)","(0.5514, 3.4041)"
2.770000000000000284e+01,"(-21.7898, 4.0892)","(-15.5129, -16.1643)","(7.6468, 15.8875)","(1.7072, 23.761)","(14.3809, 15.075)","(16.2675, -12.5828)","(2.49, -16.7419)","(-5.552, 24.2272)","(14.9006, 15.7974)","(7.4565, 4.7848)","(-16.6519, -3.685)","(13.6218, 15.3287)","(-3.1191, -12.4574)","(-18.3804, 9.0799)","(6.2889, 12.0605)","(-22.4209, 0.6727)","(20.7224, 8.9713)","(19.208, -0.6764)","(8.8099, -0.9721)","(1.2946, 8.0685)"
2.780000000000000071e+01,"(-11.8423, 6.3502)","(-10.2505, -9.1584)","(9.6014, 19.1496)","(1.811, 13.7494)","(10.2352, 9.055)","(8.2832, -7.4419)","(2.926, -22.8097)","(-2.5768, 15.079)","(15.5619, 15.4326)","(3.9089, 2.672)","(-17.001, -2.6281)","(12.7973, 11.9011)","(-7.1806, -26.4271)","(-10.2322, 6.1989)","(14.096, 22.5095)","(-19.889, 1.7856)","(12.9934, 4.7462)","(15.4002, -1.0843)","(4.6062, -0.4524)","(2.9792, 18.3994)"
2.790000000000000213e+01,"(-3.5293, 3.898)","(-4.2877, -3.1767)","(5.7536, 10.1702)","(1.0738, 4.9304)","(4.8214, 3.6069)","(3.1823, -3.1484)","(0.6452, -12.7387)","(-0.4017, 5.5757)","(6.8418, 5.5134)","(3.2694, 3.3034)","(-10.7691, -0.4341)","(6.7293, 4.4305)","(-7.691, -16.996)","(-4.2037, 2.9054)","(15.6245, 7.7652)","(-7.6561, 1.8826)","(5.115, 1.4623)","(8.0132, -0.9016)","(4.453, 0.0035)","(4.4961, 25.0692)"
2.800000000000000000e+01,"(-1.1548, 1.2495)","(-1.3263, -0.953)","(2.3755, 3.8181)","(0.5102, 1.6102)","(2.2267, 1.8587)","(1.5991, -1.4057)","(-0.184, -4.6459)","(0.1009, 2.6144)","(2.8333, 1.7784)","(4.8003, 5.7714)","(-6.2759, -0.1837)","(2.7001, 1.684)","(-5.5123, -5.1662)","(-2.306, 1.3647)","(4.8406, -4.6483)","(-2.5547, 1.0907)","(1.5164, 0.3984)","(4.5679, -0.4299)","(7.2014, 0.331)","(2.8957, 11.1679)"
2.810000000000000142e+01,"(-1.0636, 0.3575)","(-0.5748, -0.5308)","(0.8309, 1.4079)","(0.6738, 1.6117)","(2.3093, 2.3878)","(2.2267, -1.6792)","(-0.1444, -1.2874)","(0.3324, 3.4926)","(2.8744, 1.4228)","(8.4608, 10.5427)","(-5.6469, -0.8263)","(1.6204, 1.5015)","(-5.5778, -2.7897)","(-3.1589, 1.5174)","(-1.2553, -4.687)","(-2.0477, 1.3073)","(0.4986, 0.1727)","(5.0, -0.2282)","(13.115, 0.728)","(1.5727, 4.2091)"
2.820000000000000284e+01,"(-2.0707, 0.243)","(-0.9414, -1.0071)","(0.7469, 1.4854)","(1.3006, 3.0117)","(4.1012, 4.5272)","(4.4255, -3.2101)","(-0.1587, -0.628)","(0.6323, 6.3795)","(4.8573, 2.3056)","(13.1643, 15.3297)","(-8.0985, -1.7841)","(2.4295, 2.7554)","(-7.7636, -3.1867)","(-6.0739, 2.7466)","(-3.673, -5.6962)","(-3.4524, 2.3523)","(0.7427, 0.3267)","(8.3089, -0.2218)","(20.1897, 0.8172)","(1.6719, 3.4896)"
2.830000000000000071e+01,"(-4.6103, 0.3605)","(-2.0713, -2.271)","(1.4115, 2.9404)","(2.8104, 6.54)","(8.2289, 9.2034)","(9.4602, -6.8069)","(-0.3301, -1.0848)","(1.2464, 12.7104)","(9.3554, 4.4555)","(12.2422, 10.635)","(-13.2811, -3.1567)","(4.8538, 5.7588)","(-11.5634, -4.6783)","(-12.3651, 5.5333)","(-6.1104, -9.1991)","(-6.9747, 4.73)","(1.6561, 0.7535)","(14.766, -0.3523)","(16.7605, -0.5092)","(2.713, 5.4064)"
2.840000000000000213e+01,"(-10.8575, 0.7452)","(-4.9774, -5.4954)","(3.1106, 6.5468)","(6.1981, 14.4146)","(14.4318, 15.7675)","(17.4996, -12.7779)","(-0.7375, -2.4185)","(2.2311, 21.3687)","(17.0499, 8.0571)","(6.7585, 3.7546)","(-18.4576, -3.8804)","(10.115, 12.0238)","(-15.7089, -6.1196)","(-20.1944, 9.3876)","(-9.9042, -14.0762)","(-14.0387, 9.5514)","(4.0442, 1.8557)","(20.4025, -0.7364)","(7.8944, -1.1194)","(4.8899, 9.7554)"
2.850000000000000000e+01,"(-22.4168, 2.1534)","(-11.7584, -12.9393)","(6.9345, 14.585)","(10.0428, 22.5737)","(13.3769, 12.7568)","(15.4286, -12.4013)","(-1.7902, -5.9196)","(2.4473, 17.6728)","(18.8744, 8.3814)","(3.0642, 1.8524)","(-15.3213, -1.6587)","(15.8536, 17.4673)","(-14.9409, -5.0187)","(-14.7551, 8.2269)","(-12.7047, -12.9611)","(-18.6968, 13.4379)","(10.2535, 4.7147)","(14.5729, -1.1762)","(3.4881, -0.4736)","(8.33, 16.5034)"
2.860000000000000142e+01,"(-20.5885, 6.4857)","(-18.1942, -19.0472)","(11.0143, 22.4575)","(6.6756, 12.8061)","(6.4177, 4.5921)","(5.7467, -5.8055)","(-4.4046, -14.5424)","(1.5228, 7.4449)","(9.7125, 3.5944)","(2.3785, 2.385)","(-8.3235, 0.0699)","(11.2081, 8.7995)","(-9.8667, -2.6481)","(-5.4978, 4.0739)","(-9.8648, -4.9576)","(-9.5336, 8.3949)","(22.1912, 10.0408)","(6.7489, -0.8768)","(3.0395, -0.022)","(9.0464, 17.1214)"
2.870000000000000284e+01,"(-4.9643, 6.7497)","(-9.8444, -7.9846)","(6.871, 12.1194)","(2.8671, 4.3841)","(2.2041, 1.3201)","(1.6523, -2.0587)","(-8.1573, -25.5588)","(0.5754, 2.4374)","(3.668, 1.1828)","(3.6536, 4.4684)","(-4.938, -0.2171)","(4.7886, 2.1689)","(-6.5707, -1.8531)","(-1.5992, 1.3747)","(-5.4198, -2.1622)","(-3.0896, 3.4312)","(19.7616, 7.819)","(3.4076, -0.3553)","(5.1452, 0.2521)","(5.1969, 8.8904)"
2.880000000000000071e+01,"(0.2964, 3.5168)","(-4.3986, -2.3568)","(2.8868, 4.1406)","(1.5195, 1.8272)","(0.5535, 0.3497)","(0.671, -1.162)","(-5.9434, -14.043)","(0.151, 0.7951)","(1.3551, 0.4967)","(6.9811, 8.9283)","(-5.3445, -0.9606)","(1.5936, 0.3004)","(-6.5938, -2.3493)","(-0.3598, 0.323)","(-3.6193, -3.1195)","(-0.769, 1.0413)","(7.7668, 1.8352)","(3.7852, -0.1677)","(10.2159, 0.6315)","(2.2923, 3.7692)"
2.890000000000000213e+01,"(2.122, 3.2844)","(-3.9768, -1.3733)","(1.7249, 1.9881)","(2.1877, 2.3291)","(0.3007, 0.2944)","(0.9625, -1.917)","(-3.1931, -4.9825)","(0.1111, 0.9941)","(1.5278, 0.6948)","(12.6357, 15.5753)","(-8.614, -2.0338)","(1.3216, -0.1562)","(-9.3695, -3.7268)","(-0.0878, 0.062)","(-4.1327, -5.6015)","(-0.3192, 0.6414)","(4.6617, 0.4101)","(6.726, -0.1621)","(19.0639, 1.0711)","(1.3506, 2.4508)"
2.900000000000000000e+01,"(3.8992, 5.2847)","(-6.124, -1.8802)","(2.5825, 2.7214)","(4.0774, 4.3046)","(0.5907, 0.6596)","(1.9839, -3.9641)","(-2.9636, -3.4033)","(0.2063, 2.13)","(3.0557, 1.4562)","(14.1278, 13.5979)","(-14.8028, -3.6011)","(2.4174, -0.4241)","(-14.1088, -5.6792)","(-0.1452, 0.0672)","(-6.6111, -10.1541)","(-0.5095, 1.1771)","(6.0821, 0.18)","(13.0983, -0.2652)","(21.0605, 0.1024)","(1.8922, 3.7126)"
2.910000000000000142e+01,"(7.2305, 9.9243)","(-10.7285, -3.297)","(4.7951, 5.0316)","(8.2975, 8.7831)","(1.3919, 1.5861)","(4.5076, -8.9565)","(-4.4837, -4.7672)","(0.4714, 5.0412)","(6.8674, 3.3068)","(8.0835, 4.1998)","(-19.5684, -3.9233)","(5.2817, -0.9039)","(-16.6827, -6.1577)","(-0.3589, 0.1572)","(-10.9361, -15.4354)","(-1.1373, 2.6267)","(9.7733, 0.2442)","(21.2627, -0.6081)","(10.1651, -1.4289)","(3.6132, 7.2312)"
2.920000000000000284e+01,"(12.382, 15.8584)","(-17.5691, -5.2965)","(9.5, 9.9819)","(14.7438, 15.4327)","(3.5408, 4.0645)","(9.266, -18.6239)","(-7.5664, -8.0306)","(1.1468, 12.3471)","(15.3031, 7.3542)","(3.0754, 1.0221)","(-13.8514, -0.9119)","(12.1896, -2.0521)","(-12.4532, -3.6252)","(-0.9367, 0.4055)","(-13.1335, -11.7823)","(-2.7905, 6.395)","(15.8877, 0.3737)","(17.2027, -1.2263)","(3.5409, -0.9052)","(7.1336, 14.2896)"
2.930000000000000071e+01,"(13.425, 12.0669)","(-18.099, -4.8191)","(15.2809, 15.8132)","(13.5172, 13.2384)","(9.1271, 10.4726)","(9.2885, -20.616)","(-12.1637, -12.8071)","(2.4616, 24.7691)","(22.7916, 10.497)","(1.0361, 0.5976)","(-6.671, 0.3634)","(23.3219, -4.3975)","(-7.4202, -1.8498)","(-2.5755, 1.1082)","(-8.7853, -3.0774)","(-6.6906, 15.392)","(19.035, 0.1595)","(7.4131, -1.0868)","(1.0156, -0.2373)","(10.3064, 20.0749)"
2.940000000000000213e+01,"(7.8655, 3.3272)","(-10.0161, -1.9421)","(11.8723, 11.4237)","(6.1509, 5.2058)","(18.2156, 20.1344)","(2.7627, -9.0288)","(-13.0927, -13.1145)","(2.7819, 19.0715)","(12.2148, 4.5257)","(0.9963, 1.1195)","(-3.8138, -0.1598)","(18.205, -5.954)","(-5.6876, -1.791)","(-7.2788, 3.1241)","(-4.2789, -1.3891)","(-10.0656, 24.7909)","(12.7632, -0.3972)","(2.6037, -0.435)","(0.7006, -0.0101)","(6.8173, 11.934)"
2.950000000000000000e+01,"(3.2255, 1.0981)","(-4.6279, -0.8038)","(5.1715, 4.4152)","(2.0636, 1.5818)","(12.9846, 11.0248)","(0.5161, -3.392)","(-7.9901, -7.2053)","(1.8588, 6.9525)","(4.5856, 1.1337)","(1.899, 2.4529)","(-4.5375, -0.886)","(5.8354, -4.2684)","(-7.156, -2.7528)","(-19.0352, 8.2678)","(-2.8365, -2.6008)","(-3.3463, 12.992)","(6.5698, -0.3658)","(1.3816, -0.1163)","(1.3975, 0.0825)","(2.8637, 4.435)"
2.960000000000000142e+01,"(1.7426, 1.446)","(-3.356, -0.832)","(1.7006, 1.3912)","(0.5069, 0.3635)","(6.1491, 2.7453)","(0.0169, -2.8333)","(-4.0108, -3.5088)","(1.507, 3.7732)","(2.7841, 0.3309)","(4.2691, 5.6986)","(-7.9264, -1.9536)","(1.7086, -2.5617)","(-11.2286, -4.5828)","(-25.1451, 12.3048)","(-3.5016, -5.038)","(-0.2098, 5.3119)","(4.56, -0.0946)","(2.2484, -0.0636)","(3.2269, 0.231)","(0.8643, 1.294)"
2.970000000000000284e+01,"(2.2637, 2.8875)","(-5.0457, -1.5)","(0.6147, 0.5642)","(0.1503, 0.0905)","(5.2057, 1.0105)","(-0.111, -4.6693)","(-2.9703, -2.8918)","(2.2471, 4.9137)","(4.1607, 0.3148)","(9.8022, 13.0268)","(-14.6758, -3.7085)","(1.2904, -3.397)","(-16.3779, -6.509)","(-8.402, 6.9829)","(-6.0601, -9.7716)","(0.6033, 4.4028)","(6.0436, 0.0894)","(4.7646, -0.0825)","(7.974, 0.6028)","(0.2728, 0.467)"
2.980000000000000071e+01,"(4.3118, 6.0773)","(-9.493, -2.9419)","(0.8652, 0.8938)","(0.2222, 0.1141)","(7.3522, 0.9769)","(-0.2031, -9.064)","(-4.2515, -4.4445)","(3.7926, 8.2189)","(7.7399, 0.5768)","(16.6457, 19.4694)","(-20.7863, -4.3749)","(2.1002, -5.9584)","(-15.9101, -5.3741)","(-3.8893, 5.4187)","(-10.8557, -16.2126)","(1.162, 6.5536)","(10.4278, 0.2679)","(10.8313, -0.1602)","(18.8546, 1.3508)","(0.3846, 0.7586)"
2.990000000000000213e+01,"(8.9179, 12.6505)","(-17.275, -5.3089)","(1.8565, 1.9582)","(0.5182, 0.2629)","(11.7049, 1.5249)","(-0.4223, -17.3928)","(-7.6216, -8.1166)","(6.5488, 14.1686)","(15.0307, 1.122)","(11.8277, 7.1553)","(-14.4036, -0.8091)","(4.0914, -11.4784)","(-9.7595, -2.4215)","(-3.8854, 6.845)","(-13.9244, -12.9377)","(1.9972, 11.258)","(17.4627, 0.4227)","(21.8637, -0.4358)","(26.2054, 0.6764)","(0.8471, 1.7097)"
3.000000000000000000e+01,"(14.856, 18.1444)","(-20.0859, -5.5348)","(4.3975, 4.6631)","(1.3299, 0.6772)","(17.3095, 2.1115)","(-1.0559, -22.0007)","(-12.8612, -13.5921)","(8.6287, 18.1021)","(22.0543, 1.3853)","(5.0902, 0.1769)","(-6.1776, 0.7279)","(6.5752, -19.46)","(-5.6984, -1.441)","(-5.2786, 9.6083)","(-9.0417, -2.2916)","(3.2981, 17.942)","(19.3888, 0.0731)","(21.4039, -1.2633)","(11.2505, -2.1903)","(2.0614, 4.1854)"
3.010000000000000142e+01,"(12.2992, 7.7089)","(-10.918, -2.0537)","(10.5098, 11.1403)","(3.6123, 1.8447)","(17.0844, 1.4095)","(-1.5342, -11.9637)","(-13.5425, -13.5006)","(6.238, 11.9431)","(14.7429, 0.2115)","(2.8346, -1.5287)","(-2.6278, 0.1462)","(4.2686, -17.9005)","(-5.3306, -1.8582)","(-7.2098, 13.2649)","(-3.6982, -0.248)","(3.9447, 17.8748)","(11.243, -0.5144)","(8.45, -1.4834)","(4.2972, -2.28)","(5.2038, 10.5796)"
3.020000000000000284e+01,"(5.3855, 0.4822)","(-4.3028, -0.5523)","(18.2303, 18.9191)","(9.971, 5.0936)","(10.3853, 0.1712)","(-0.9157, -4.4267)","(-7.5393, -6.602)","(3.1228, 5.5534)","(5.9576, -0.2913)","(3.7469, -2.939)","(-2.5675, -0.4388)","(0.4228, -8.3655)","(-7.8826, -3.1725)","(-7.4942, 14.5036)","(-1.8261, -1.1866)","(2.8756, 9.7258)","(5.1952, -0.357)","(3.0416, -0.9509)","(3.6694, -3.0767)","(11.0935, 22.2613)"
3.030000000000000071e+01,"(1.5241, -0.544)","(-1.8067, -0.3397)","(11.0996, 10.1801)","(23.1144, 11.6446)","(5.9486, 0.0827)","(-0.2717, -1.333)","(-3.2981, -2.7565)","(1.6997, 3.231)","(1.986, -0.1063)","(6.7813, -5.3647)","(-4.6217, -1.1529)","(-0.0482, -3.0525)","(-13.0769, -5.4071)","(-5.221, 11.1198)","(-1.9417, -2.7143)","(1.4598, 4.6862)","(3.5005, -0.0725)","(2.7054, -1.2078)","(5.4862, -4.9454)","(9.7999, 17.8524)"
3.040000000000000213e+01,"(0.6203, -0.9245)","(-2.1681, -0.6212)","(4.5912, 3.3526)","(19.7401, 8.7608)","(5.4762, 0.4535)","(-0.0642, -0.8304)","(-2.0403, -1.9471)","(1.9479, 4.0907)","(1.2149, 0.0366)","(12.5562, -9.9853)","(-9.5818, -2.559)","(0.2574, -1.5114)","(-17.8933, -6.9442)","(-3.4336, 7.5392)","(-3.4292, -5.7738)","(0.8852, 3.8061)","(5.0257, 0.0909)","(4.5244, -2.1285)","(9.4104, -8.4729)","(4.399, 6.2499)"
3.050000000000000000e+01,"(0.8603, -1.8187)","(-4.2547, -1.3258)","(3.3952, 1.967)","(8.1049, 2.2042)","(8.1091, 0.9954)","(-0.0414, -1.5861)","(-2.9531, -3.0924)","(3.395, 7.3634)","(2.1659, 0.153)","(15.9157, -14.3181)","(-18.7672, -4.8321)","(0.7346, -2.2386)","(-14.2825, -4.3041)","(-3.286, 6.6015)","(-7.0743, -12.2384)","(1.0956, 5.882)","(9.3334, 0.2653)","(8.848, -4.146)","(13.974, -12.921)","(3.0591, 3.4747)"
3.060000000000000142e+01,"(1.9007, -3.9638)","(-9.2859, -2.946)","(5.0282, 2.7075)","(6.2992, 0.9159)","(13.5785, 1.7878)","(-0.062, -3.5905)","(-5.6782, -6.0826)","(6.3401, 13.8025)","(4.7288, 0.3703)","(7.8622, -10.8334)","(-21.6114, -3.6703)","(1.6701, -4.6082)","(-7.6343, -1.6278)","(-4.4533, 8.3058)","(-13.2498, -19.0724)","(1.904, 10.8904)","(17.1625, 0.4769)","(16.6167, -7.8396)","(11.7048, -12.1789)","(4.2368, 4.4285)"
3.070000000000000284e+01,"(4.5428, -9.2785)","(-18.9616, -5.9321)","(8.7543, 4.7049)","(8.2308, 0.8953)","(19.0248, 2.217)","(-0.1277, -8.7046)","(-11.1572, -11.9554)","(9.1553, 19.383)","(10.9845, 0.8801)","(2.2519, -5.0824)","(-10.2033, 0.9314)","(3.8113, -10.2962)","(-4.4892, -1.1838)","(-6.5283, 11.9316)","(-13.951, -8.3593)","(3.3514, 18.6243)","(21.1953, 0.1929)","(19.167, -9.619)","(5.5535, -6.9542)","(6.8817, 7.1506)"
3.080000000000000071e+01,"(9.1338, -19.8094)","(-21.8482, -5.963)","(15.0331, 8.0483)","(11.9732, 1.2654)","(15.4694, 0.9038)","(-0.354, -19.8567)","(-15.6466, -16.1667)","(6.6851, 12.7743)","(22.3961, 1.6835)","(1.14, -1.9928)","(-3.2912, 1.159)","(7.2947, -20.5334)","(-4.9655, -1.8441)","(-7.9522, 14.9503)","(-6.1177, 1.1932)","(4.1606, 18.9526)","(12.0807, -0.5919)","(9.4342, -5.632)","(2.8752, -3.5342)","(11.203, 11.611)"
3.090000000000000213e+01,"(5.4129, -21.7982)","(-9.9441, -1.4444)","(17.7055, 9.1393)","(16.2527, 1.6491)","(8.1429, -0.0885)","(-1.2615, -25.0896)","(-9.8791, -8.8863)","(3.0899, 5.2755)","(21.2759, 0.809)","(1.728, -1.6437)","(-0.8719, 0.6589)","(5.0968, -20.4937)","(-8.1706, -3.3792)","(-6.2838, 12.928)","(-1.2641, 1.4325)","(2.9673, 9.4798)","(4.8381, -0.4694)","(3.3282, -2.2678)","(3.031, -3.0381)","(13.3809, 13.5352)"
3.100000000000000000e+01,"(-3.2305, -8.2979)","(-3.455, -0.0308)","(10.738, 5.0091)","(15.892, 1.3526)","(4.6473, 0.0856)","(-1.9736, -10.4107)","(-4.0204, -3.0758)","(1.2135, 2.1389)","(8.2832, -0.5832)","(3.5078, -2.7917)","(-0.6851, 0.97)","(-0.2856, -8.5119)","(-14.2529, -5.961)","(-3.7982, 8.5028)","(0.2998, 1.1636)","(1.3544, 3.8334)","(2.0397, -0.1239)","(1.0267, -0.6758)","(5.1337, -4.6829)","(9.0599, 8.6152)"
3.110000000000000142e+01,"(-3.2193, -1.7004)","(-1.9691, 0.3205)","(4.8987, 2.1431)","(10.7937, 0.6687)","(5.0269, 0.4949)","(-1.5664, -4.1321)","(-1.1957, -0.8794)","(1.0087, 2.0713)","(3.2893, -0.6436)","(7.5674, -5.7864)","(-1.2883, 1.971)","(-1.0071, -2.8655)","(-18.9064, -7.2364)","(-2.9742, 6.2764)","(1.0351, 1.8265)","(0.6015, 2.3223)","(2.3462, 0.0243)","(0.8391, -0.4305)","(9.5263, -8.5126)","(4.7094, 4.3213)"
3.120000000000000284e+01,"(-3.8184, 0.1444)","(-3.0641, 0.6801)","(2.9188, 1.4046)","(7.26, 0.461)","(8.2839, 1.0811)","(-2.071, -3.8826)","(-0.4212, -0.379)","(1.769, 3.84)","(3.4319, -1.0023)","(15.1068, -11.789)","(-2.9649, 4.4709)","(-1.5544, -2.0635)","(-13.2441, -3.6063)","(-3.6773, 7.0028)","(2.2037, 3.9297)","(0.6611, 3.519)","(4.5369, 0.1334)","(1.6899, -0.7953)","(14.8384, -13.625)","(3.2168, 3.1217)"
3.130000000000000071e+01,"(-6.3038, 0.7101)","(-6.0649, 1.351)","(3.9299, 2.0673)","(7.1512, 0.6278)","(14.6525, 1.9828)","(-3.4036, -6.0728)","(-0.6503, -0.6867)","(3.6952, 8.1218)","(5.7825, -1.7665)","(16.3406, -15.6162)","(-7.0687, 10.6069)","(-2.8273, -3.325)","(-6.3084, -1.1157)","(-5.5396, 10.1063)","(4.9899, 9.1701)","(1.1967, 6.985)","(9.7805, 0.3289)","(3.8684, -1.7905)","(11.8981, -12.5291)","(4.218, 4.3186)"
3.140000000000000213e+01,"(-11.7699, 1.2526)","(-12.8366, 2.8405)","(7.2878, 3.9251)","(9.9351, 1.0195)","(20.2191, 2.3165)","(-6.0167, -10.7551)","(-1.4448, -1.5638)","(7.5693, 16.5771)","(11.0226, -3.3521)","(4.8172, -9.4114)","(-13.1179, 20.838)","(-5.5924, -6.6249)","(-3.3964, -0.8555)","(-7.7849, 14.2941)","(11.0528, 18.7017)","(2.439, 14.4048)","(19.7112, 0.6047)","(9.3559, -4.3107)","(4.9403, -6.5778)","(7.2751, 7.569)"
3.150000000000000000e+01,"(-19.58, 2.6572)","(-22.1842, 5.1711)","(13.93, 7.514)","(14.714, 1.5438)","(14.5652, 0.5889)","(-9.5545, -16.7835)","(-3.524, -3.84)","(9.9999, 20.8878)","(18.9329, -5.8546)","(0.4245, -3.5926)","(-7.0551, 17.2647)","(-11.0994, -13.0634)","(-3.9522, -1.497)","(-7.5498, 14.8214)","(16.1586, 15.2076)","(4.2213, 22.6447)","(22.4479, 0.0792)","(20.1436, -9.3976)","(2.0877, -2.8141)","(12.2289, 12.6899)"
3.160000000000000142e+01,"(-17.7683, 5.4596)","(-16.8981, 5.0708)","(19.4138, 10.1844)","(17.4046, 1.6492)","(6.8177, -0.2669)","(-9.2425, -14.9307)","(-8.8242, -9.6228)","(5.6393, 10.0152)","(18.1324, -6.1772)","(-0.5133, -1.3713)","(0.1815, 6.9431)","(-15.4836, -16.5193)","(-6.9914, -2.942)","(-4.6372, 10.254)","(8.778, -1.2245)","(4.0477, 15.0305)","(10.0724, -0.8578)","(20.1741, -10.3967)","(1.9357, -1.9971)","(13.6854, 13.7537)"
3.170000000000000284e+01,"(-7.2698, 5.2979)","(-6.3405, 2.7957)","(12.4579, 5.8606)","(13.2513, 0.9226)","(3.4866, 0.0141)","(-5.1914, -7.2991)","(-17.7137, -18.929)","(2.224, 3.3351)","(8.4528, -3.4827)","(-1.2034, -1.6281)","(1.5977, 3.1482)","(-9.9917, -7.4388)","(-13.3158, -5.6874)","(-2.9143, 6.5277)","(1.3523, -3.1989)","(2.2604, 5.5491)","(3.3866, -0.6148)","(7.2465, -5.0366)","(3.4386, -3.1252)","(8.1326, 7.5669)"
3.180000000000000071e+01,"(-2.6865, 2.3908)","(-1.8734, 1.0864)","(5.1204, 2.1094)","(8.098, 0.4404)","(3.8736, 0.3942)","(-2.4271, -3.3902)","(-13.4032, -12.4148)","(0.9309, 1.1431)","(3.1606, -1.4009)","(-2.4449, -3.1843)","(2.8985, 3.5831)","(-4.1248, -1.9723)","(-20.0475, -7.9791)","(-2.9871, 5.9311)","(-1.4407, -3.1519)","(0.8107, 1.5648)","(1.6218, -0.5117)","(2.883, -2.7287)","(6.9721, -6.1543)","(3.7789, 3.3952)"
3.190000000000000213e+01,"(-2.0962, 0.8291)","(-0.9715, 0.8016)","(1.799, 0.7582)","(6.3174, 0.4736)","(6.8398, 0.9241)","(-1.8381, -2.992)","(-5.7837, -3.7704)","(1.2694, 1.3572)","(1.6446, -0.6138)","(-5.3617, -7.1054)","(5.0865, 6.0831)","(-1.1747, -0.4188)","(-14.8065, -4.1496)","(-4.3928, 8.0812)","(-3.055, -4.9131)","(0.4153, 0.5547)","(2.4151, -0.9048)","(2.9923, -3.4076)","(13.4911, -11.9819)","(2.436, 2.3594)"
3.200000000000000000e+01,"(-3.5112, 0.5196)","(-1.5764, 1.4401)","(1.3961, 0.7062)","(7.8769, 0.7745)","(13.2257, 1.869)","(-2.8069, -4.9525)","(-4.1658, -1.8622)","(2.4953, 2.636)","(2.4886, -0.7835)","(-11.5233, -14.9926)","(9.2831, 11.1218)","(-0.272, -0.058)","(-6.4634, -0.8414)","(-6.8318, 12.3631)","(-5.7111, -9.4026)","(0.7165, 0.7999)","(4.805, -1.8105)","(4.849, -5.6477)","(15.9083, -15.3903)","(3.4157, 3.5125)"
3.210000000000000142e+01,"(-7.1283, 0.678)","(-3.3357, 3.0466)","(2.5702, 1.3819)","(12.1045, 1.2884)","(21.1468, 2.6693)","(-5.2984, -9.5317)","(-5.8619, -2.2632)","(5.5047, 5.8363)","(5.1027, -1.5431)","(-16.2508, -17.453)","(13.9126, 15.5245)","(-0.173, 0.0161)","(-2.3997, -0.3274)","(-8.4458, 15.831)","(-10.5632, -16.1719)","(1.5558, 1.7228)","(10.4636, -3.9226)","(8.6972, -10.116)","(7.0331, -9.0372)","(6.3377, 6.6208)"
3.220000000000000284e+01,"(-14.8638, 1.3357)","(-7.6693, 6.9735)","(5.5959, 3.0458)","(17.1919, 1.7701)","(16.8528, 0.8916)","(-9.4435, -16.8169)","(-9.6598, -3.6993)","(12.0014, 12.6977)","(11.2087, -3.3605)","(-9.886, -4.8925)","(11.5451, 9.7941)","(-0.3575, 0.0582)","(-1.7515, -0.58)","(-6.1635, 12.9308)","(-14.166, -13.7966)","(3.726, 4.1517)","(20.1489, -7.6718)","(12.9547, -15.3389)","(2.0759, -3.5673)","(11.7871, 12.3047)"
3.230000000000000426e+01,"(-23.0784, 3.5929)","(-15.8023, 14.534)","(12.5732, 6.8523)","(16.4317, 1.3714)","(7.3025, -0.4977)","(-10.3282, -17.0297)","(-15.6513, -5.9463)","(17.1891, 17.6169)","(21.2391, -6.4976)","(-3.9035, -0.0585)","(5.8609, 3.4678)","(-0.8844, 0.1428)","(-3.0414, -1.2726)","(-3.3229, 7.7493)","(-9.4315, -2.3704)","(9.1529, 10.2041)","(19.0166, -8.0386)","(10.1128, -12.9363)","(0.5028, -0.9827)","(15.0298, 15.2606)"
3.239999999999999858e+01,"(-13.6245, 6.7606)","(-15.6597, 15.7778)","(21.6863, 11.5734)","(10.2023, 0.5533)","(2.6113, -0.2407)","(-5.7437, -7.9291)","(-17.8075, -6.3469)","(9.2967, 8.2918)","(18.806, -6.5368)","(-2.1278, 1.1619)","(2.529, 1.6809)","(-2.3516, 0.3693)","(-6.4275, -2.8121)","(-2.5026, 5.3653)","(-3.7017, 0.0835)","(17.6585, 19.1212)","(7.4594, -4.0468)","(4.5191, -6.4928)","(0.1213, -0.2059)","(9.0038, 8.3614)"
3.250000000000000000e+01,"(-3.4118, 4.6194)","(-5.347, 7.2269)","(14.6746, 6.9327)","(6.2594, 0.3549)","(1.5355, 0.0731)","(-2.2988, -2.8959)","(-11.3038, -3.4159)","(3.5932, 2.638)","(7.2321, -3.3095)","(-2.9845, 2.3154)","(2.0987, 2.1416)","(-6.5111, 1.0062)","(-13.9546, -6.1205)","(-3.2675, 6.1777)","(-1.5805, -0.7438)","(12.8759, 11.4965)","(2.3573, -1.5998)","(2.1235, -2.9992)","(0.1396, -0.1355)","(3.7084, 3.1834)"
3.260000000000000142e+01,"(-0.3733, 1.6794)","(-1.5449, 3.0397)","(5.6169, 2.0493)","(6.1181, 0.537)","(2.551, 0.3317)","(-0.9409, -1.3683)","(-5.7392, -1.5949)","(2.1428, 1.2356)","(2.3366, -1.3603)","(-5.7512, 4.4747)","(3.4484, 4.0881)","(-17.3636, 2.7536)","(-22.5053, -9.0861)","(-5.2879, 9.5429)","(-1.4738, -1.9617)","(5.6446, 3.2272)","(1.4293, -1.2547)","(2.1447, -2.6508)","(0.3404, -0.2968)","(1.4286, 1.2856)"
3.270000000000000284e+01,"(0.4438, 0.9719)","(-1.0241, 3.0385)","(2.5283, 0.6361)","(9.0193, 0.9459)","(5.3881, 0.7909)","(-1.1351, -1.9685)","(-4.1284, -1.3578)","(3.2583, 1.7038)","(1.6803, -1.2495)","(-11.6331, 9.0237)","(6.8538, 8.3989)","(-28.5706, 5.9996)","(-14.533, -3.5069)","(-8.062, 14.6113)","(-2.5359, -4.2726)","(4.0328, 1.3401)","(2.3077, -2.1644)","(3.7654, -4.4073)","(0.8608, -0.7386)","(1.4408, 1.4581)"
3.280000000000000426e+01,"(1.0716, 1.5544)","(-1.583, 5.1076)","(3.2589, 0.6138)","(14.4838, 1.5637)","(12.08, 1.814)","(-2.2299, -4.0306)","(-5.7104, -2.1245)","(6.1711, 3.2166)","(2.8162, -2.2016)","(-17.2855, 14.7528)","(12.8697, 15.3706)","(-11.2068, 6.4901)","(-5.4706, 0.0056)","(-8.1923, 15.9259)","(-5.349, -9.5209)","(5.7496, 1.5017)","(4.6915, -4.3953)","(7.4101, -8.5693)","(2.3052, -1.9642)","(2.7378, 2.8626)"
3.289999999999999858e+01,"(2.3168, 3.3817)","(-3.0598, 9.8109)","(5.9053, 1.0808)","(18.6285, 1.8326)","(22.8592, 3.1452)","(-4.9023, -8.945)","(-10.0509, -3.8637)","(12.4119, 6.4793)","(5.7445, -4.4802)","(-9.3153, 12.2004)","(14.6076, 14.401)","(-3.7028, 5.4766)","(-2.0215, 0.5664)","(-4.6246, 10.483)","(-11.1846, -18.2576)","(9.69, 2.5002)","(10.0606, -9.411)","(12.9977, -15.1757)","(6.3685, -5.4111)","(5.9414, 6.2571)"
3.300000000000000000e+01,"(5.376, 8.0018)","(-5.5027, 17.9001)","(11.8074, 2.1754)","(14.1398, 0.9728)","(19.2233, 1.086)","(-10.015, -18.0766)","(-16.8858, -6.4383)","(19.9061, 10.1783)","(12.0618, -9.4066)","(-1.9739, 5.6657)","(8.0991, 4.7335)","(-2.4741, 6.6505)","(-2.2292, 1.1323)","(-2.4697, 5.8673)","(-15.5439, -14.2225)","(16.189, 4.1283)","(16.9284, -16.147)","(12.244, -15.2729)","(16.1076, -13.8528)","(12.5542, 13.1894)"
3.310000000000000142e+01,"(11.9574, 17.1035)","(-5.4383, 19.9921)","(20.6469, 3.7005)","(7.7238, 0.3328)","(7.352, -1.0102)","(-11.4693, -18.9592)","(-18.1977, -6.4002)","(14.7631, 6.8096)","(18.4568, -14.7634)","(-0.2942, 1.7485)","(3.0026, 1.0719)","(-3.0873, 9.4058)","(-4.0883, 2.1802)","(-2.3372, 4.7511)","(-8.6785, 0.4021)","(18.9788, 4.3207)","(11.5496, -12.232)","(5.1705, -7.5534)","(19.3868, -18.8378)","(16.7232, 17.0078)"
3.320000000000000284e+01,"(16.446, 16.81)","(-1.8426, 10.324)","(18.6888, 2.801)","(5.1094, 0.3305)","(2.5832, -0.9362)","(-5.7953, -7.408)","(-10.24, -2.92)","(6.1082, 2.343)","(10.9921, -9.8773)","(-0.0327, 0.3915)","(0.7694, 0.2172)","(-4.391, 13.5929)","(-8.5884, 4.5308)","(-3.5907, 6.5828)","(-1.8993, 2.275)","(11.9023, 1.8904)","(3.929, -5.0697)","(1.748, -2.7884)","(5.0722, -9.1702)","(8.6681, 7.7601)"
3.330000000000000426e+01,"(9.4359, 1.9564)","(-0.4551, 3.9003)","(8.2357, 0.7193)","(6.1541, 0.5975)","(2.3798, -1.3964)","(-2.3339, -2.2845)","(-4.6078, -1.1933)","(1.8998, 0.6608)","(3.7483, -4.0076)","(-0.0021, 0.0707)","(0.1562, 0.0697)","(-4.7772, 16.3032)","(-16.9748, 9.096)","(-6.1516, 10.981)","(0.5977, 2.0056)","(5.7357, 0.6931)","(1.1112, -1.7643)","(0.7456, -1.0499)","(1.1868, -6.127)","(3.2492, 2.4768)"
3.339999999999999858e+01,"(3.3575, -1.8662)","(-0.2541, 1.4656)","(2.7591, 0.1441)","(10.0953, 1.0983)","(4.084, -2.5457)","(-1.8467, -1.3226)","(-3.0284, -0.9818)","(0.4737, 0.1777)","(1.0617, -1.3534)","(0.0011, 0.0117)","(0.1213, 0.1338)","(-2.9557, 13.2589)","(-18.9931, 11.6526)","(-8.9829, 16.3803)","(1.7716, 3.0)","(3.7749, 0.6924)","(0.7382, -1.5407)","(1.0819, -1.2911)","(0.4304, -7.4373)","(1.742, 1.0764)"
3.350000000000000000e+01,"(1.813, -3.3035)","(-0.4746, 1.6669)","(0.7863, 0.0608)","(16.5433, 1.7953)","(8.2074, -5.0817)","(-3.1016, -2.0415)","(-4.4034, -1.65)","(0.3841, 0.19)","(0.7612, -1.2184)","(0.0033, 0.0057)","(0.2677, 0.3362)","(-1.5232, 8.5912)","(-7.7084, 7.0191)","(-7.4117, 15.0733)","(3.5318, 6.0656)","(5.134, 1.2457)","(1.2566, -2.7778)","(2.2791, -2.6278)","(0.4431, -10.6775)","(2.6314, 1.4784)"
3.360000000000000142e+01,"(2.4584, -5.6394)","(-1.0386, 3.3265)","(0.7261, 0.119)","(19.0383, 1.7671)","(15.7541, -9.8503)","(-6.1448, -4.0508)","(-8.3296, -3.2308)","(0.8309, 0.4348)","(1.3526, -2.2614)","(0.0091, 0.0127)","(0.6736, 0.8646)","(-1.5349, 6.7033)","(-2.1282, 2.849)","(-3.4647, 8.4609)","(7.3751, 12.7455)","(9.2485, 2.402)","(2.6679, -5.8735)","(5.2216, -5.9722)","(0.5582, -15.2645)","(5.0952, 2.8513)"
3.370000000000000284e+01,"(4.6172, -10.4278)","(-2.3739, 7.4529)","(1.526, 0.2815)","(11.9788, 0.6473)","(18.043, -12.3501)","(-12.6253, -8.3261)","(-15.7814, -6.1137)","(2.0078, 1.0606)","(2.9401, -4.8985)","(0.025, 0.0349)","(1.8085, 2.3452)","(-2.363, 7.9361)","(-0.4832, 1.1779)","(-1.8931, 4.5195)","(13.5893, 19.0935)","(16.5687, 4.2873)","(5.8828, -12.935)","(11.6228, -13.3296)","(0.1594, -16.9062)","(10.7005, 6.0031)"
3.380000000000000426e+01,"(7.3804, -17.8434)","(-5.2242, 16.4775)","(3.5989, 0.678)","(5.956, 0.2044)","(8.1224, -7.2706)","(-19.5393, -12.453)","(-20.4725, -7.4574)","(5.1808, 2.7468)","(6.7085, -11.1571)","(0.0718, 0.1008)","(5.0251, 6.5437)","(-3.7733, 11.6346)","(-0.3275, 1.5858)","(-2.1423, 4.2011)","(13.6123, 7.3926)","(20.1735, 4.6405)","(9.7609, -22.086)","(16.098, -19.2527)","(-0.5528, -12.4189)","(19.2492, 10.6689)"
3.389999999999999858e+01,"(4.5699, -18.5028)","(-6.9518, 23.9367)","(8.9877, 1.7048)","(4.1846, 0.2955)","(2.5558, -2.8957)","(-13.1125, -7.1083)","(-12.01, -3.4637)","(13.3367, 7.0636)","(12.2271, -20.7066)","(0.2123, 0.3001)","(13.0654, 16.6863)","(-5.0261, 16.0247)","(-0.6008, 3.1614)","(-3.6499, 6.5708)","(5.6875, -1.3518)","(11.889, 1.7528)","(5.7196, -15.2898)","(6.9847, -10.1479)","(-0.5139, -7.9117)","(16.7596, 8.6214)"
3.400000000000000000e+01,"(-0.7948, -9.4709)","(-2.1717, 12.5004)","(20.6943, 3.8697)","(5.7862, 0.5927)","(0.6248, -0.7938)","(-5.2295, -2.1653)","(-4.7554, -1.0402)","(24.7076, 12.7466)","(8.4289, -16.0349)","(0.6429, 0.9126)","(18.8223, 19.7813)","(-3.9823, 15.5503)","(-1.3874, 7.1066)","(-6.6093, 11.6938)","(1.0957, -1.4178)","(5.0256, 0.4419)","(1.503, -5.8703)","(2.0464, -4.0139)","(-0.1101, -6.779)","(7.062, 3.0409)"
3.410000000000000142e+01,"(-0.7687, -3.7709)","(-0.0689, 4.5816)","(24.4871, 3.9584)","(10.275, 1.1462)","(0.121, -0.1657)","(-1.5668, -0.5067)","(-1.6463, -0.3973)","(14.1807, 6.0615)","(2.483, -6.3148)","(1.9782, 2.8154)","(10.0, 3.4638)","(-1.8233, 10.2813)","(-3.1051, 16.0271)","(-9.637, 17.5768)","(-0.3708, -1.205)","(2.4715, 0.3727)","(0.3023, -2.3012)","(0.9889, -2.8531)","(0.2403, -8.7761)","(2.2809, 0.83)"
3.420000000000000284e+01,"(0.3045, -2.3111)","(0.4333, 2.6835)","(9.868, 0.5991)","(17.632, 1.9401)","(0.0207, -0.0346)","(-0.7223, -0.1225)","(-1.4121, -0.4963)","(6.1428, 1.6841)","(0.7142, -2.7646)","(6.0645, 8.6064)","(6.3184, -1.085)","(-1.2537, 6.7144)","(-3.9205, 24.992)","(-6.9978, 14.6869)","(-1.1185, -1.9596)","(3.0977, 0.7391)","(0.1082, -2.659)","(1.338, -4.4224)","(0.5328, -13.1968)","(1.0178, 0.2688)"
3.430000000000000426e+01,"(1.2933, -3.3237)","(0.8888, 3.9728)","(4.6167, -0.2677)","(19.7062, 1.7924)","(0.0126, -0.0339)","(-1.1976, -0.1267)","(-2.687, -1.0406)","(5.4578, 0.9206)","(0.592, -3.3615)","(16.0616, 21.6966)","(7.0967, -2.8379)","(-1.7862, 6.5866)","(0.3081, 13.7605)","(-2.7957, 7.3524)","(-2.3804, -4.2537)","(5.8904, 1.5462)","(0.1482, -4.8337)","(2.4855, -8.2238)","(0.4785, -17.4039)","(1.583, 0.3451)"
3.439999999999999858e+01,"(2.9476, -6.4822)","(1.6754, 7.4371)","(5.1569, -0.6616)","(11.1126, 0.4796)","(0.0283, -0.0821)","(-2.61, -0.2712)","(-5.9382, -2.3444)","(7.7929, 1.134)","(0.9974, -5.9438)","(17.5894, 14.7892)","(9.9579, -4.2873)","(-2.9853, 9.314)","(1.4853, 4.7923)","(-1.3744, 3.459)","(-5.3957, -9.8942)","(12.1751, 3.2522)","(0.3239, -9.9567)","(4.688, -15.5533)","(-0.3105, -15.1681)","(3.3097, 0.7153)"
3.450000000000000000e+01,"(6.1905, -13.3914)","(3.2784, 14.5731)","(8.1192, -1.1166)","(4.8677, 0.0905)","(0.076, -0.2197)","(-6.2796, -0.6688)","(-13.4825, -5.3317)","(12.3524, 1.7875)","(1.9756, -11.6741)","(9.6252, -0.8312)","(13.9516, -6.1481)","(-4.6501, 14.1785)","(1.6536, 2.3949)","(-1.6113, 3.1535)","(-11.7398, -19.4028)","(21.2838, 5.4477)","(0.5696, -19.3236)","(5.9333, -20.9515)","(-0.6884, -9.3634)","(7.6697, 1.6705)"
3.460000000000000142e+01,"(8.3917, -21.6101)","(5.2294, 21.6013)","(13.7786, -1.8944)","(2.962, 0.1881)","(0.2152, -0.6183)","(-15.2042, -1.6127)","(-23.2501, -8.847)","(17.6041, 2.4578)","(3.3214, -20.2857)","(7.0747, -4.6491)","(14.9313, -7.3674)","(-5.0571, 17.2222)","(2.7878, 3.2171)","(-2.9482, 5.2596)","(-15.9664, -13.4486)","(17.9465, 3.4564)","(0.0736, -21.8029)","(2.8457, -12.9385)","(-0.3173, -6.3913)","(17.3797, 3.766)"
3.470000000000000284e+01,"(1.1356, -15.361)","(4.5052, 14.2554)","(19.229, -2.7918)","(4.1989, 0.4342)","(0.6304, -1.8024)","(-26.4423, -2.3717)","(-15.343, -4.592)","(16.2761, 1.9344)","(2.4729, -18.8279)","(7.7069, -6.687)","(10.561, -6.3377)","(-2.7103, 13.1028)","(5.1475, 5.896)","(-5.8138, 10.1695)","(-7.9015, 1.7674)","(7.4904, 0.4951)","(-0.782, -10.2256)","(0.8197, -5.2487)","(0.0821, -7.0032)","(24.9443, 5.0155)"
3.480000000000000426e+01,"(-2.2283, -5.4367)","(2.3363, 5.5369)","(15.1209, -2.6206)","(7.9878, 0.9088)","(1.8809, -5.3649)","(-15.1122, 0.1136)","(-5.8121, -0.9098)","(9.6843, 0.8637)","(0.5305, -8.5494)","(9.4262, -8.5021)","(6.7814, -4.3271)","(-1.1712, 7.7192)","(9.8912, 11.3364)","(-9.8981, 17.6448)","(-1.0033, 3.1019)","(2.3467, -0.0557)","(-0.5251, -3.4652)","(0.3363, -1.9142)","(0.4185, -10.4715)","(12.1747, 1.5785)"
3.489999999999999858e+01,"(-1.1956, -1.2574)","(0.7818, 1.7709)","(7.6959, -1.5911)","(15.6082, 1.787)","(5.3725, -15.4357)","(-5.6816, 1.0604)","(-2.7913, -0.0102)","(5.8037, 0.5447)","(0.0835, -2.9906)","(10.5797, -9.9708)","(6.1913, -3.328)","(-1.2641, 5.7154)","(14.8636, 16.0882)","(-8.4473, 17.0588)","(1.5361, 3.1517)","(0.6795, -0.1059)","(-0.2358, -0.9863)","(0.4557, -1.691)","(0.6468, -15.8873)","(4.5882, 0.138)"
3.500000000000000000e+01,"(-0.8418, -0.1434)","(0.2899, 0.9402)","(4.3072, -0.8256)","(22.2031, 2.2604)","(9.3242, -29.3909)","(-3.961, 1.4223)","(-3.7051, 0.2709)","(5.7841, 0.7288)","(0.0904, -1.119)","(9.4617, -9.8035)","(8.2643, -3.7678)","(-2.1398, 7.0436)","(11.1703, 9.6021)","(-3.0036, 8.2745)","(3.1454, 5.0699)","(0.74, -0.2221)","(-0.3101, -0.8705)","(0.954, -3.1742)","(0.184, -17.8621)","(3.4002, -0.2244)"
3.510000000000000142e+01,"(-1.4333, 0.1033)","(0.3856, 1.6546)","(4.7422, -0.7257)","(13.9824, 0.7255)","(1.3259, -14.1515)","(-5.6678, 2.3229)","(-6.6857, 0.5256)","(8.7821, 1.2498)","(0.2268, -1.4624)","(7.3017, -8.1814)","(12.329, -5.3435)","(-3.6881, 11.0751)","(5.1118, 3.2265)","(-0.9369, 3.051)","(5.9241, 9.7892)","(1.5296, -0.4837)","(-0.6366, -1.6989)","(2.1231, -6.9107)","(-0.6979, -12.2328)","(5.226, -0.4726)"
3.520000000000000284e+01,"(-3.1078, 0.2372)","(0.8005, 3.6394)","(7.9852, -1.1048)","(5.5006, -0.0468)","(-1.7628, -7.6547)","(-9.7169, 3.9939)","(-13.1048, 1.0138)","(14.4834, 2.1019)","(0.5201, -3.0523)","(6.3821, -6.8729)","(15.6638, -7.2098)","(-5.3624, 16.5435)","(1.7891, 1.1401)","(-0.5519, 1.3113)","(10.9284, 16.5655)","(3.626, -1.1353)","(-1.4498, -3.8897)","(4.6667, -15.1963)","(-0.598, -7.0208)","(9.5638, -0.8639)"
3.530000000000000426e+01,"(-7.4159, 0.4856)","(1.8652, 8.6172)","(14.4246, -1.9624)","(1.7326, -0.0265)","(-3.1004, -7.796)","(-16.0955, 6.6794)","(-21.3667, 1.853)","(18.9824, 2.5767)","(1.2267, -7.0484)","(7.1128, -6.9131)","(12.9124, -7.1773)","(-4.383, 16.7348)","(1.0969, 1.0508)","(-0.9827, 1.7944)","(14.1771, 13.1088)","(9.0983, -2.8305)","(-3.518, -9.4776)","(6.8809, -23.7131)","(-0.127, -5.6831)","(17.2469, -1.5823)"
3.539999999999999858e+01,"(-17.3399, 1.248)","(4.2277, 19.2204)","(20.422, -2.9603)","(0.9302, 0.0622)","(-4.2668, -9.9215)","(-17.5783, 7.8193)","(-17.096, 2.2901)","(14.2105, 1.5008)","(2.8105, -16.2057)","(8.9575, -8.2078)","(7.7608, -5.1165)","(-1.6318, 10.3768)","(1.8251, 2.0607)","(-2.1143, 3.6727)","(8.9784, 1.8658)","(20.7119, -6.5668)","(-7.7802, -20.6885)","(2.913, -13.8876)","(0.237, -7.6578)","(20.7122, -2.2089)"
3.550000000000000000e+01,"(-25.7891, 4.4269)","(6.1345, 23.9213)","(14.7356, -2.6433)","(1.6576, 0.1834)","(-5.5845, -12.8008)","(-9.9829, 5.1735)","(-7.2232, 1.5801)","(7.4534, 0.5807)","(4.0149, -25.4088)","(10.6015, -9.8472)","(5.6671, -3.3969)","(-0.8796, 5.8844)","(3.8781, 4.5272)","(-4.8184, 8.2734)","(3.4113, -0.1486)","(22.7173, -8.4464)","(-8.8919, -21.2837)","(0.4563, -5.1145)","(0.5795, -12.4228)","(11.7123, -1.7652)"
3.560000000000000142e+01,"(-10.0297, 7.8704)","(4.0576, 9.8174)","(6.6918, -1.4771)","(3.6705, 0.4344)","(-6.3638, -13.9565)","(-4.6313, 2.556)","(-2.4535, 0.6052)","(4.6522, 0.4619)","(1.0903, -13.6294)","(10.0142, -10.1366)","(6.6686, -3.2129)","(-1.3489, 5.2311)","(8.7187, 10.2311)","(-10.0473, 17.4475)","(1.4497, 0.7026)","(8.0973, -4.8976)","(-4.4654, -7.7923)","(-0.1137, -2.3441)","(0.6636, -18.1226)","(4.7813, -0.8786)"
3.570000000000000284e+01,"(-0.8002, 4.8717)","(2.2618, 3.5144)","(3.1641, -0.6466)","(8.7503, 1.0541)","(-5.6774, -11.5282)","(-3.3033, 1.5802)","(-1.1462, 0.1812)","(5.5498, 0.7414)","(-0.2124, -5.0603)","(7.6873, -8.6001)","(10.0797, -4.3622)","(-2.4695, 7.6125)","(16.0358, 18.036)","(-10.6601, 20.6117)","(1.3831, 1.8729)","(3.344, -3.1752)","(-2.5322, -3.2411)","(-0.38, -3.159)","(-0.2387, -16.6819)","(2.255, -0.3395)"
3.580000000000000426e+01,"(1.8768, 3.527)","(2.5263, 2.875)","(3.3232, -0.5122)","(19.6542, 2.3222)","(-4.3539, -8.553)","(-4.8578, 2.0567)","(-1.8115, 0.1591)","(9.3156, 1.3579)","(-0.5509, -3.296)","(6.3025, -6.9752)","(14.8181, -6.4482)","(-4.3402, 12.7633)","(13.1375, 11.5011)","(-3.1325, 9.4922)","(2.422, 4.1126)","(3.437, -4.135)","(-3.2144, -3.4607)","(-0.7356, -5.879)","(-0.8707, -9.5126)","(2.8398, -0.291)"
3.589999999999999858e+01,"(3.6274, 4.8876)","(4.154, 4.4738)","(5.9239, -0.8102)","(24.6801, 2.334)","(-3.6953, -7.6962)","(-9.0025, 3.6821)","(-3.8677, 0.2887)","(15.9869, 2.3396)","(-1.0038, -4.8727)","(6.6961, -6.6558)","(15.5054, -7.7381)","(-5.7837, 18.2536)","(5.8407, 2.8924)","(-0.4716, 3.5694)","(5.1706, 9.2675)","(5.3497, -6.6224)","(-5.2919, -5.5815)","(-1.4839, -12.0132)","(-0.4455, -5.4135)","(5.4882, -0.4938)"
3.600000000000000000e+01,"(6.4146, 8.6587)","(7.5776, 8.1795)","(11.7968, -1.5705)","(10.5693, -0.0162)","(-4.0857, -9.1374)","(-16.2224, 6.6618)","(-8.9594, 0.6393)","(19.794, 2.6314)","(-1.8224, -8.815)","(8.4418, -7.7581)","(9.9007, -6.2815)","(-3.4744, 15.3963)","(2.6311, 0.4521)","(0.176, 2.7459)","(10.9879, 18.1781)","(9.0076, -11.1563)","(-9.3513, -9.8721)","(-2.7674, -21.2232)","(0.0066, -5.3077)","(11.5819, -1.012)"
3.610000000000000142e+01,"(11.033, 14.3519)","(12.9025, 13.7751)","(20.5738, -2.8332)","(4.2062, -0.5228)","(-5.2636, -12.0787)","(-19.0135, 8.3626)","(-19.5715, 1.4535)","(12.762, 1.2016)","(-3.347, -16.1112)","(10.4549, -9.5629)","(5.8251, -3.9229)","(-0.9437, 8.2391)","(3.1682, -0.0756)","(0.4857, 4.4374)","(15.706, 14.8365)","(11.9778, -15.3082)","(-13.8627, -14.3795)","(-3.1963, -18.6344)","(0.3508, -8.2206)","(21.3792, -1.9594)"
3.620000000000000284e+01,"(13.5583, 13.7587)","(13.6194, 13.5599)","(18.7207, -3.1087)","(3.9159, -0.8775)","(-6.3723, -14.2354)","(-10.2664, 5.4198)","(-24.1088, 2.5097)","(5.9904, 0.3951)","(-4.6214, -20.634)","(10.5446, -10.3852)","(5.3513, -2.8779)","(-0.6999, 4.571)","(5.6504, -0.2491)","(0.9279, 8.5782)","(8.9208, -0.4108)","(8.4968, -12.1025)","(-11.517, -11.122)","(-2.0441, -7.7555)","(0.7144, -14.0729)","(19.6252, -2.355)"
3.630000000000000426e+01,"(9.2822, 5.1771)","(7.5498, 6.4276)","(8.2118, -1.877)","(6.2142, -1.5037)","(-6.0723, -12.5683)","(-4.0604, 2.4159)","(-10.3121, 2.3008)","(3.5627, 0.3498)","(-3.4345, -12.3802)","(8.2212, -9.0935)","(7.6242, -3.3965)","(-1.3285, 4.7102)","(11.287, -0.4556)","(1.8277, 16.6529)","(1.8809, -2.4899)","(3.9984, -6.4108)","(-5.8653, -5.1366)","(-0.8044, -2.4487)","(0.6215, -19.6099)","(8.119, -1.5403)"
3.639999999999999858e+01,"(4.3664, 1.8105)","(3.2356, 2.5945)","(2.7763, -0.7297)","(11.2475, -2.7129)","(-4.6711, -9.1005)","(-1.9605, 1.027)","(-3.7143, 1.4198)","(4.6083, 0.6301)","(-1.6649, -5.1002)","(6.3323, -7.1904)","(12.2301, -5.1612)","(-2.5764, 7.6433)","(20.3008, -1.0451)","(3.04, 22.0872)","(-0.7499, -2.2549)","(2.4478, -3.6537)","(-2.8378, -2.5465)","(-0.2252, -0.5853)","(-0.6008, -15.1725)","(2.577, -0.6484)"
3.650000000000000000e+01,"(2.448, 1.9602)","(1.8924, 1.7791)","(0.9046, -0.2032)","(18.5431, -4.5561)","(-3.6788, -7.4562)","(-2.5766, 1.1076)","(-2.921, 1.5962)","(8.3369, 1.2354)","(-0.6695, -2.2916)","(6.3105, -6.4585)","(16.624, -7.4564)","(-4.7145, 13.605)","(19.6805, -2.4502)","(2.9904, 12.4461)","(-2.0304, -3.3936)","(3.0754, -4.0021)","(-2.6628, -2.6758)","(-0.1286, -0.2422)","(-0.9267, -7.5827)","(1.045, -0.3655)"
3.660000000000000142e+01,"(2.9235, 3.5921)","(2.7012, 2.8496)","(1.0522, -0.1559)","(17.9915, -4.8922)","(-3.7789, -8.3249)","(-5.0432, 2.0515)","(-4.6086, 2.6885)","(15.5694, 2.3211)","(-0.6007, -2.664)","(7.8609, -7.2863)","(13.5913, -7.5931)","(-6.1366, 19.4488)","(8.59, -2.6384)","(1.6267, 4.5811)","(-3.9846, -6.7822)","(5.3675, -6.6545)","(-4.4373, -4.664)","(-0.2543, -0.4287)","(-0.3463, -4.1965)","(1.5299, -0.6171)"
3.670000000000000284e+01,"(5.1895, 7.1313)","(5.232, 5.6744)","(2.2181, -0.2934)","(9.0654, -2.963)","(-4.8334, -11.1123)","(-10.7099, 4.3058)","(-8.6352, 5.0262)","(21.277, 2.9122)","(-1.0475, -5.0641)","(10.1163, -9.1435)","(7.288, -5.1477)","(-2.9749, 14.795)","(2.8159, -1.2237)","(0.5004, 1.3662)","(-8.127, -13.743)","(9.6024, -11.8357)","(-8.481, -8.9995)","(-0.5989, -1.0072)","(0.0651, -4.6452)","(3.1594, -1.2829)"
3.680000000000000426e+01,"(9.9015, 13.5713)","(10.535, 11.448)","(5.1927, -0.669)","(3.8891, -1.329)","(-6.2045, -14.1071)","(-19.866, 8.1422)","(-15.5828, 9.1297)","(13.6956, 1.274)","(-2.1614, -10.654)","(10.9778, -10.5046)","(4.6659, -3.0129)","(-0.5016, 7.0482)","(0.7973, -0.3055)","(0.1449, 0.7306)","(-14.0356, -18.362)","(12.6577, -16.2083)","(-14.1969, -14.878)","(-1.5313, -2.5868)","(0.3934, -7.885)","(7.2737, -2.9398)"
3.689999999999999858e+01,"(14.4847, 16.425)","(15.8008, 16.5529)","(12.5748, -1.6123)","(2.7653, -0.7834)","(-6.4356, -13.6673)","(-18.0701, 8.3754)","(-17.6234, 10.9297)","(5.7301, 0.2678)","(-4.1858, -20.2119)","(8.9104, -9.6427)","(5.3989, -2.6317)","(-0.4254, 3.4342)","(0.6512, -0.0741)","(0.156, 1.3531)","(-12.6344, -5.7)","(7.9362, -11.637)","(-12.9533, -12.6587)","(-4.0983, -6.9398)","(0.8023, -14.4143)","(16.3837, -6.6414)"
3.700000000000000000e+01,"(10.9292, 6.3889)","(10.6519, 9.5541)","(24.6999, -3.3291)","(4.3575, -1.0796)","(-5.108, -9.9741)","(-7.1051, 4.3107)","(-8.9949, 6.4958)","(2.3143, 0.1504)","(-4.8273, -20.2187)","(6.5097, -7.5416)","(8.6772, -3.6809)","(-1.0001, 3.5193)","(1.3541, -0.0569)","(0.3104, 3.0511)","(-5.0486, 1.1483)","(3.2642, -5.5271)","(-6.2795, -5.3613)","(-10.3295, -17.383)","(0.7139, -20.8013)","(23.3359, -9.8628)"
3.710000000000000142e+01,"(4.8086, 1.0441)","(4.4203, 3.2039)","(18.5051, -3.3378)","(8.5373, -2.0431)","(-3.7797, -7.4386)","(-2.1444, 1.6129)","(-3.4152, 2.7254)","(2.2775, 0.2923)","(-2.8126, -8.6066)","(5.9826, -6.35)","(14.2816, -5.9647)","(-2.0942, 6.0862)","(3.1763, -0.0937)","(0.725, 7.4156)","(-1.1278, 0.9367)","(1.7549, -2.7144)","(-2.372, -1.944)","(-14.5502, -22.9639)","(-0.7644, -15.1717)","(11.0305, -5.5753)"
3.720000000000000284e+01,"(1.5957, 0.4777)","(1.3167, 0.8446)","(6.7216, -1.9824)","(16.5827, -3.9767)","(-3.5188, -7.5741)","(-0.8532, 0.8686)","(-1.5652, 1.1211)","(4.2369, 0.6298)","(-1.1288, -2.757)","(7.241, -6.8182)","(17.365, -8.1505)","(-4.2223, 11.8442)","(7.9417, -0.2006)","(1.7543, 17.5599)","(0.0164, 0.5861)","(2.2531, -2.9283)","(-1.2402, -1.1738)","(-7.0785, -8.2712)","(-1.0642, -6.7724)","(3.8663, -2.4508)"
3.730000000000000426e+01,"(0.9769, 0.9606)","(0.3078, 0.1724)","(3.5596, -1.5003)","(21.5758, -5.5414)","(-4.3541, -9.9751)","(-1.2199, 1.4238)","(-2.073, 1.2575)","(8.9985, 1.3778)","(-0.518, -0.9627)","(9.5847, -8.6002)","(11.2523, -7.0847)","(-6.6884, 19.8894)","(18.9592, -0.5655)","(3.4301, 26.2101)","(0.437, 0.8318)","(4.2033, -5.1764)","(-1.8757, -1.9594)","(-4.4759, -3.7219)","(-0.3784, -3.0452)","(2.5676, -2.0018)"
3.739999999999999858e+01,"(1.5531, 2.1144)","(0.1669, 0.0626)","(4.6429, -2.2217)","(11.8859, -3.7824)","(-5.8446, -13.4791)","(-2.5105, 2.9455)","(-4.1345, 2.403)","(18.3683, 2.7821)","(-0.7912, -1.2511)","(11.2196, -10.4379)","(5.4372, -4.1468)","(-4.0107, 17.5036)","(26.3381, -2.1753)","(3.5362, 12.0253)","(0.9949, 1.8121)","(8.3259, -10.1509)","(-3.8498, -4.1061)","(-5.4956, -3.8462)","(0.0188, -3.0291)","(3.8594, -3.174)"
3.750000000000000000e+01,"(3.2945, 4.8038)","(0.3351, 0.1083)","(7.8603, -3.793)","(4.3713, -1.6784)","(-6.6831, -14.6179)","(-5.7459, 6.7076)","(-8.9942, 5.1779)","(22.8691, 3.0163)","(-1.6237, -2.5389)","(9.7343, -10.203)","(3.8652, -2.3651)","(-0.2873, 7.9281)","(10.8074, -3.7917)","(2.4727, 4.3526)","(2.3505, 4.457)","(13.4261, -16.7603)","(-8.4678, -9.068)","(-8.1318, -5.5594)","(0.2845, -5.3849)","(7.1035, -5.8423)"
3.760000000000000142e+01,"(7.5319, 11.0986)","(0.8166, 0.2636)","(13.8326, -6.6809)","(1.2726, -0.4996)","(-5.659, -11.2292)","(-12.4522, 14.6211)","(-17.783, 10.3414)","(11.1374, 0.6982)","(-3.7095, -5.8268)","(6.8831, -8.048)","(5.2833, -2.4129)","(0.086, 2.7933)","(3.8762, -3.1417)","(2.8232, 3.3259)","(5.8591, 11.1991)","(9.9806, -14.1018)","(-15.7677, -16.6444)","(-12.2866, -8.3712)","(0.6862, -10.8852)","(13.0461, -10.7524)"
3.770000000000000284e+01,"(14.7479, 19.5882)","(2.1479, 0.6987)","(18.2623, -9.0616)","(0.6114, -0.1811)","(-4.0417, -7.7474)","(-15.1742, 18.9433)","(-18.3894, 11.5825)","(3.8644, -0.0548)","(-8.5542, -13.4236)","(5.7479, -6.3664)","(9.2251, -3.7892)","(-0.2073, 1.2972)","(3.0825, -3.9944)","(4.4949, 4.8966)","(13.312, 21.8526)","(3.6109, -6.4473)","(-13.5935, -13.1111)","(-14.8028, -9.8094)","(1.1017, -20.0541)","(16.1998, -13.7264)"
3.780000000000000426e+01,"(14.2543, 10.2609)","(5.907, 1.9304)","(12.211, -6.6041)","(1.1228, -0.273)","(-3.3439, -6.9609)","(-5.7439, 9.2388)","(-7.3419, 5.7954)","(1.5312, -0.1754)","(-14.099, -21.4673)","(6.6131, -6.3849)","(15.6806, -6.4756)","(-0.63, 1.9183)","(4.4896, -6.3011)","(7.8159, 8.5207)","(16.1163, 9.9389)","(1.1479, -2.2321)","(-5.7782, -4.5192)","(-11.3489, -7.0144)","(-0.1075, -20.4086)","(9.0928, -8.4042)"
3.789999999999999858e+01,"(6.5186, -0.1245)","(15.8328, 5.1467)","(5.5325, -3.2365)","(2.5469, -0.5984)","(-3.8643, -8.7555)","(-1.5748, 3.6712)","(-2.2471, 2.2169)","(2.0493, -0.3624)","(-8.6855, -11.3304)","(8.8805, -7.9587)","(17.7856, -8.6049)","(-1.4531, 3.9972)","(7.5786, -10.63)","(12.6177, 13.5553)","(5.7788, -4.1698)","(0.6104, -0.9284)","(-2.1701, -1.3436)","(-6.8265, -4.032)","(-1.4899, -9.2052)","(3.5653, -3.5477)"
3.800000000000000000e+01,"(2.2282, -1.9986)","(27.9632, 8.422)","(2.958, -1.6366)","(6.2424, -1.4514)","(-5.3014, -12.3378)","(-0.7625, 2.9432)","(-1.0829, 1.4322)","(4.0209, -0.7291)","(-3.6859, -3.764)","(11.1746, -10.137)","(9.7664, -6.7694)","(-3.3873, 9.1036)","(10.7623, -15.6496)","(12.9945, 12.8642)","(-0.7687, -4.4825)","(1.0716, -1.3434)","(-2.0627, -0.9785)","(-5.124, -3.2085)","(-0.8574, -3.0547)","(1.5503, -1.4639)"
3.810000000000000142e+01,"(1.6591, -3.4368)","(13.6257, 2.0082)","(3.5699, -1.7821)","(15.2611, -3.5556)","(-6.6969, -15.0871)","(-1.0428, 4.7177)","(-1.6122, 2.3634)","(8.85, -1.5886)","(-2.5687, -2.0374)","(10.6208, -10.6966)","(4.1978, -3.5102)","(-6.9774, 19.2722)","(8.289, -14.0379)","(7.5648, 6.3738)","(-3.2797, -5.2439)","(2.3373, -2.8286)","(-3.6356, -1.6393)","(-6.3063, -4.214)","(-0.2377, -0.7661)","(1.8465, -1.5652)"
3.820000000000000284e+01,"(2.7315, -6.1718)","(6.659, -0.5463)","(6.4674, -3.1209)","(26.1085, -6.4274)","(-6.279, -12.8526)","(-1.9765, 8.9114)","(-3.2377, 4.7521)","(18.634, -3.3817)","(-3.8814, -2.8237)","(7.51, -8.7183)","(2.9255, -1.8105)","(-6.1302, 22.2961)","(3.6656, -7.8493)","(3.6245, 2.9592)","(-5.5749, -8.4772)","(5.4612, -6.5511)","(-7.4323, -3.3658)","(-9.8121, -6.7027)","(-0.0293, -0.2301)","(3.5911, -2.9541)"
3.830000000000000426e+01,"(5.3399, -11.8782)","(6.7386, -1.4419)","(12.5357, -6.0144)","(13.9427, -4.5565)","(-4.5107, -8.523)","(-3.682, 16.7399)","(-7.0129, 10.2608)","(23.1866, -4.6894)","(-7.0066, -5.0843)","(5.6556, -6.554)","(4.3323, -1.927)","(0.0596, 9.7484)","(2.0817, -4.2115)","(2.653, 2.5692)","(-9.295, -13.6473)","(12.0915, -14.593)","(-15.2589, -6.8946)","(-14.3726, -9.7428)","(0.0192, -0.3881)","(7.7156, -6.3052)"
3.840000000000000568e+01,"(7.8451, -19.6018)","(9.3258, -2.2191)","(19.3999, -9.491)","(5.1701, -2.4815)","(-3.311, -6.5951)","(-4.1629, 21.2214)","(-12.6117, 18.7815)","(10.5588, -2.9757)","(-12.9374, -9.3766)","(6.0135, -6.0255)","(8.1293, -3.2571)","(1.168, 3.3986)","(2.5438, -3.9955)","(3.9082, 4.1815)","(-12.7714, -14.1029)","(15.1722, -19.6352)","(-21.4797, -9.27)","(-14.26, -9.193)","(0.0658, -0.9157)","(15.3487, -12.6042)"
3.850000000000000000e+01,"(2.9754, -17.055)","(13.5863, -3.2637)","(14.271, -7.6164)","(3.8243, -2.3943)","(-3.4111, -7.5584)","(-1.4565, 12.1471)","(-9.6702, 16.0861)","(3.5981, -1.3766)","(-17.4274, -12.259)","(8.0441, -7.258)","(15.2065, -6.0765)","(1.809, 2.411)","(4.4391, -6.2973)","(7.2286, 7.9271)","(-10.6344, -5.7631)","(5.5036, -9.7263)","(-12.2839, -4.3293)","(-8.9281, -5.2863)","(0.1801, -2.3291)","(16.8237, -14.4237)"
3.860000000000000142e+01,"(-1.4489, -7.4714)","(16.5621, -4.198)","(5.8773, -3.5566)","(5.501, -3.6606)","(-4.6222, -10.7791)","(-0.248, 4.7622)","(-3.0789, 6.7298)","(2.011, -1.0317)","(-11.3501, -7.1851)","(10.774, -9.579)","(19.5687, -9.0125)","(3.2031, 3.7494)","(8.0705, -11.2319)","(12.7404, 13.8383)","(-5.7806, -1.9352)","(1.3533, -3.9865)","(-4.5626, -1.1781)","(-5.2239, -3.0903)","(0.4988, -6.2392)","(7.0962, -6.9599)"
3.870000000000000284e+01,"(-0.7562, -2.6379)","(13.4623, -3.8814)","(2.0702, -1.2733)","(9.314, -6.2043)","(-6.3659, -14.7101)","(-0.1408, 1.7138)","(-0.7613, 2.3114)","(3.0508, -1.7082)","(-4.9023, -2.7807)","(11.4211, -11.0069)","(10.7012, -7.4514)","(6.1253, 7.2113)","(11.4952, -16.7178)","(14.0701, 14.0924)","(-3.4825, -2.5874)","(0.5151, -3.3672)","(-1.4108, -0.2339)","(-4.7848, -3.0942)","(1.2744, -16.3706)","(2.2312, -2.5145)"
3.880000000000000426e+01,"(0.1968, -1.537)","(8.5211, -2.693)","(1.3254, -0.7002)","(14.8257, -9.9479)","(-6.8419, -14.6184)","(-0.3066, 1.6236)","(-0.3189, 1.7489)","(5.918, -3.3181)","(-2.0567, -1.2366)","(8.4442, -9.5358)","(3.7611, -3.7248)","(11.5638, 13.4726)","(7.8014, -13.7551)","(7.8789, 6.4576)","(-3.6391, -4.7494)","(0.6073, -5.3466)","(-1.2184, -0.0641)","(-6.9821, -4.7433)","(1.3219, -28.6393)","(0.9197, -1.2582)"
3.890000000000000568e+01,"(0.9525, -2.3562)","(6.5199, -1.9006)","(2.3205, -1.1254)","(15.0846, -10.5683)","(-5.2188, -9.9432)","(-0.6897, 3.127)","(-0.4545, 3.0307)","(12.1762, -6.8169)","(-2.099, -1.4585)","(5.7777, -6.968)","(1.5907, -1.3408)","(14.9008, 15.546)","(2.9188, -6.8976)","(3.2465, 2.3922)","(-5.7201, -8.8537)","(1.1344, -9.9041)","(-2.292, -0.0764)","(-11.51, -7.901)","(-2.2271, -13.7748)","(1.2891, -1.9349)"
3.900000000000000000e+01,"(2.2614, -4.851)","(7.7288, -1.9698)","(4.9715, -2.3689)","(8.3736, -6.3974)","(-3.5058, -6.6493)","(-1.5699, 6.9027)","(-0.9511, 6.2889)","(19.7421, -11.2719)","(-3.8779, -2.8107)","(5.4872, -5.7915)","(1.8889, -0.9208)","(9.3296, 6.8794)","(1.4745, -3.2152)","(1.5463, 1.3707)","(-9.9026, -14.8178)","(1.9741, -17.7834)","(-5.0728, -0.1776)","(-15.794, -10.6194)","(-3.038, -5.6213)","(2.5722, -3.8763)"
3.910000000000000142e+01,"(5.18, -10.8073)","(11.4691, -2.7559)","(11.2124, -5.3242)","(4.1022, -3.2019)","(-3.0554, -6.5085)","(-3.4977, 15.3886)","(-2.0823, 13.697)","(13.9045, -8.7305)","(-8.1471, -5.9594)","(7.1302, -6.5485)","(3.7076, -1.4798)","(3.877, 2.0682)","(1.8664, -2.9345)","(2.011, 2.129)","(-13.4697, -14.0902)","(1.6357, -20.5721)","(-11.8792, -0.4289)","(-12.8056, -7.9774)","(-4.0943, -4.8389)","(5.6828, -8.5377)"
3.920000000000000284e+01,"(9.145, -20.9195)","(16.1261, -3.9325)","(21.0211, -10.1326)","(3.3437, -2.3889)","(-3.8858, -8.9896)","(-5.1014, 24.4229)","(-3.302, 23.5137)","(5.2119, -3.8163)","(-15.9974, -11.6285)","(10.0022, -8.7797)","(8.0504, -3.0629)","(1.2709, 0.7844)","(3.4927, -4.9019)","(3.9189, 4.3247)","(-10.13, -4.1531)","(-0.0837, -11.2262)","(-23.5473, -0.6939)","(-6.964, -3.9772)","(-6.0597, -6.6295)","(11.419, -17.2663)"
3.930000000000000426e+01,"(3.5201, -19.2758)","(15.9377, -4.3102)","(16.774, -8.877)","(5.1133, -3.4474)","(-5.6543, -13.2975)","(-1.6844, 14.2615)","(-1.2956, 16.7236)","(1.5022, -1.2182)","(-17.9868, -12.37)","(11.9073, -10.989)","(16.8469, -6.5005)","(0.9661, 0.9843)","(6.9537, -9.5287)","(8.3353, 9.2723)","(-4.799, -0.9645)","(-0.2958, -4.5015)","(-19.9537, 0.3366)","(-4.1159, -2.4638)","(-9.2081, -10.0274)","(11.7309, -18.6882)"
3.940000000000000568e+01,"(-2.9088, -7.0382)","(10.3756, -3.2519)","(6.0838, -3.9447)","(9.3439, -6.2057)","(-7.0934, -15.8795)","(0.1272, 5.2111)","(0.254, 6.3062)","(0.4408, -0.4227)","(-8.5952, -4.9544)","(9.6947, -10.4306)","(21.5265, -10.0028)","(1.7601, 2.0612)","(11.8458, -16.6526)","(15.1778, 16.5023)","(-2.6129, -1.8097)","(0.0052, -2.1164)","(-7.4846, 1.0424)","(-4.5106, -2.9823)","(-12.1095, -12.7476)","(4.3772, -8.2738)"
3.950000000000000000e+01,"(-2.359, -1.4635)","(6.5759, -2.0665)","(2.1634, -1.7241)","(15.6685, -10.4774)","(-6.1448, -12.169)","(0.4793, 2.5393)","(0.3675, 2.1856)","(0.5365, -0.5901)","(-3.0158, -1.4404)","(6.2203, -7.6663)","(9.0248, -7.529)","(3.882, 4.6812)","(9.8105, -16.2691)","(13.5327, 12.8189)","(-2.7439, -3.704)","(0.2534, -2.7283)","(-3.2122, 0.9009)","(-7.3619, -5.0521)","(-10.6961, -10.161)","(1.2776, -2.9752)"
3.960000000000000142e+01,"(-2.6758, 0.0322)","(6.3437, -1.7124)","(2.1433, -2.0011)","(15.6038, -10.9671)","(-4.0433, -7.3949)","(0.9286, 3.479)","(0.623, 2.1325)","(1.1358, -1.2634)","(-1.1672, -0.4122)","(5.097, -5.7561)","(2.1757, -3.5003)","(8.9411, 10.8164)","(3.1989, -8.0359)","(6.1046, 4.2436)","(-4.5804, -7.4243)","(0.616, -5.3302)","(-3.7256, 1.3841)","(-12.7176, -8.7629)","(-6.8211, -5.8552)","(0.6786, -2.1146)"
3.970000000000000284e+01,"(-4.6184, 0.4676)","(9.0312, -2.1945)","(3.7166, -3.5432)","(7.7899, -6.0907)","(-2.8924, -5.7837)","(1.742, 6.4182)","(1.1881, 3.8278)","(2.7313, -3.0275)","(-1.5855, -0.4349)","(6.203, -5.8915)","(0.2877, -1.8593)","(16.4276, 18.7838)","(0.9082, -2.9267)","(2.1187, 1.0716)","(-8.7175, -14.1268)","(1.3688, -11.374)","(-6.3639, 2.4273)","(-16.6857, -11.1495)","(-4.6261, -4.2227)","(1.0227, -3.4823)"
3.980000000000000426e+01,"(-9.2753, 0.8565)","(14.0026, -3.3283)","(7.4288, -7.0629)","(3.2651, -2.6473)","(-3.1885, -7.1989)","(3.4575, 12.8051)","(2.4617, 7.9915)","(6.8925, -7.6266)","(-3.1839, -0.8546)","(8.9108, -7.7983)","(-0.12, -2.6775)","(12.8941, 10.5893)","(0.5244, -1.122)","(1.3664, 0.3781)","(-13.8712, -16.9239)","(2.4025, -21.3659)","(-11.9932, 4.5599)","(-11.7008, -7.0698)","(-4.9466, -5.0996)","(2.0346, -6.9171)"
3.990000000000000568e+01,"(-18.0547, 1.8654)","(17.5697, -4.426)","(13.9002, -13.2848)","(2.2189, -1.6148)","(-4.6529, -11.014)","(5.9053, 21.0008)","(5.1137, 16.5206)","(15.3089, -17.0743)","(-7.1923, -1.9464)","(11.8265, -10.513)","(-0.2883, -5.1869)","(5.7612, 2.1647)","(0.9651, -1.408)","(2.3308, 0.4981)","(-11.7731, -5.2067)","(1.1816, -20.0541)","(-19.2038, 7.4635)","(-5.6794, -3.1271)","(-7.3073, -7.9352)","(4.2078, -14.2951)"
4.000000000000000000e+01,"(-21.6873, 4.8167)","(13.5166, -3.9823)","(14.974, -14.9219)","(3.4689, -2.3366)","(-6.7089, -15.6312)","(5.5187, 16.2786)","(7.4369, 22.338)","(14.7728, -17.6241)","(-16.1798, -4.3647)","(11.1318, -11.2339)","(-0.554, -11.0749)","(3.0484, -0.0016)","(2.1088, -2.8666)","(4.8733, 1.0428)","(-5.0449, 0.2765)","(-0.6268, -8.3241)","(-15.9827, 6.8889)","(-3.1557, -1.8797)","(-11.0429, -11.9679)","(6.3482, -22.3269)"
4.010000000000000142e+01,"(-9.3765, 6.43)","(7.7326, -2.5568)","(6.77, -7.597)","(6.8238, -4.5096)","(-7.0958, -15.0047)","(2.9306, 6.5495)","(4.9181, 11.4561)","(4.8137, -7.3074)","(-24.5213, -6.201)","(7.1342, -8.6898)","(-1.3882, -21.1113)","(4.0148, -0.7001)","(4.8851, -6.5305)","(10.9907, 2.3794)","(-1.7453, -0.1178)","(-0.5383, -2.6594)","(-7.1011, 3.6082)","(-3.7384, -2.4943)","(-12.4603, -12.6307)","(3.527, -14.7986)"
4.020000000000000284e+01,"(-2.2897, 3.3545)","(5.4963, -1.6411)","(2.2504, -2.7768)","(13.5177, -8.9293)","(-5.0333, -9.2445)","(1.0337, 2.0774)","(2.1605, 3.8688)","(2.0382, -4.1283)","(-13.0909, -2.2644)","(4.9417, -6.0251)","(-3.6067, -20.3134)","(7.129, -1.331)","(10.8094, -14.556)","(21.7724, 4.5154)","(-1.0508, -1.0377)","(-0.5129, -1.2826)","(-2.7635, 1.4369)","(-6.5923, -4.554)","(-8.8436, -7.8032)","(0.9674, -5.7014)"
4.030000000000000426e+01,"(-0.4018, 0.9962)","(6.6966, -1.6944)","(0.5958, -0.7425)","(18.717, -12.7365)","(-3.0967, -5.7066)","(0.2866, 0.6918)","(0.906, 1.2361)","(2.2046, -5.226)","(-4.839, -0.2715)","(5.3346, -5.3652)","(-3.9344, -7.7582)","(13.6261, -2.5163)","(13.9286, -20.7454)","(20.5644, 2.943)","(-1.4919, -2.3888)","(-0.9563, -1.9808)","(-1.9625, 0.847)","(-12.3424, -8.5628)","(-5.174, -4.3644)","(0.1953, -1.6911)"
4.040000000000000568e+01,"(0.0057, 0.2712)","(10.6487, -2.5163)","(0.2748, -0.2895)","(10.7303, -8.1782)","(-2.6458, -5.654)","(0.2669, 0.9208)","(1.1804, 1.3005)","(3.4689, -8.3616)","(-2.9503, 0.2015)","(7.6093, -6.7307)","(-1.9459, -2.092)","(20.9214, -4.4193)","(4.4438, -11.0304)","(8.2171, -0.2468)","(-3.0383, -5.4283)","(-1.9755, -4.0754)","(-3.3232, 1.2854)","(-17.752, -11.9759)","(-4.0607, -3.9175)","(0.0197, -0.8512)"
4.050000000000000000e+01,"(0.1505, 0.2547)","(16.4207, -3.9122)","(0.5435, -0.5203)","(3.8684, -3.3614)","(-3.555, -8.3349)","(0.5351, 1.9987)","(2.2961, 2.4731)","(5.7588, -13.9028)","(-4.3708, 0.4814)","(11.0178, -9.5324)","(-1.3184, -0.5931)","(15.3455, -5.129)","(0.4305, -4.3512)","(2.954, -0.6633)","(-6.8446, -12.3816)","(-4.4257, -9.1913)","(-6.8616, 2.588)","(-12.5213, -7.551)","(-5.3305, -5.6959)","(-0.0149, -1.4421)"
4.060000000000000142e+01,"(0.3642, 0.5446)","(17.4235, -4.6175)","(1.2734, -1.2026)","(1.091, -0.9922)","(-5.5651, -13.2932)","(1.2514, 4.7635)","(5.0314, 5.4459)","(7.221, -17.9642)","(-8.0614, 0.8962)","(12.3576, -11.6381)","(-2.1984, -0.6012)","(6.1469, -3.3207)","(-0.5921, -3.0487)","(2.6232, -1.0929)","(-13.7572, -20.5468)","(-9.2033, -18.8366)","(-14.4354, 5.4361)","(-5.5224, -2.8863)","(-8.587, -9.4388)","(-0.034, -3.1342)"
4.070000000000000284e+01,"(0.8987, 1.368)","(10.773, -3.4604)","(3.2077, -3.0171)","(0.3202, -0.2606)","(-7.465, -16.9629)","(3.0748, 11.7502)","(11.1089, 12.0071)","(4.7635, -13.0318)","(-15.394, 1.7138)","(8.6893, -10.0127)","(-4.5002, -1.2117)","(2.2614, -1.254)","(-1.279, -4.6397)","(4.4164, -1.9912)","(-14.5337, -7.797)","(-10.7242, -19.5807)","(-22.0514, 8.6429)","(-2.1982, -1.1931)","(-12.543, -13.4669)","(-0.0697, -7.4812)"
4.080000000000000426e+01,"(2.3639, 3.6619)","(5.8386, -1.9691)","(8.3141, -7.8128)","(0.454, -0.3069)","(-6.4779, -12.7223)","(6.4864, 23.9126)","(17.1999, 17.9318)","(2.249, -6.7125)","(-21.7097, 2.6987)","(5.1894, -6.7399)","(-10.0496, -2.7672)","(1.7203, -0.5227)","(-2.3794, -8.6389)","(8.7302, -3.9106)","(-5.4662, 2.661)","(-5.6145, -7.3835)","(-13.257, 6.1684)","(-1.9283, -1.2551)","(-11.8, -11.3658)","(-0.1799, -17.4907)"
4.090000000000000568e+01,"(6.3904, 9.9169)","(4.8974, -1.3759)","(18.0662, -17.1508)","(1.035, -0.6787)","(-3.9497, -6.8829)","(6.3851, 18.6429)","(10.2762, 9.0195)","(1.5082, -4.164)","(-13.9555, 2.4367)","(4.6174, -5.0851)","(-20.4495, -5.3363)","(3.0665, -0.6055)","(-4.4888, -16.1341)","(16.638, -7.525)","(-0.1694, 2.7936)","(-2.4446, -2.281)","(-4.671, 2.7252)","(-3.4548, -2.3885)","(-7.084, -5.8418)","(-0.6415, -26.1445)"
4.100000000000000000e+01,"(15.0367, 21.501)","(7.0757, -1.715)","(14.6917, -15.1354)","(2.5541, -1.6638)","(-2.4568, -4.7129)","(3.543, 6.4598)","(4.0976, 2.748)","(2.0315, -5.0588)","(-5.6169, 1.321)","(6.2376, -5.6963)","(-21.6999, -3.2698)","(6.5074, -1.1439)","(-6.5949, -20.5249)","(19.5086, -9.6733)","(1.7634, 3.1889)","(-2.2897, -1.4966)","(-1.3924, 1.0)","(-7.2464, -5.0755)","(-3.9931, -3.398)","(-1.2118, -12.5866)"
4.110000000000000142e+01,"(16.3393, 12.3147)","(12.0781, -2.8052)","(4.8044, -6.3376)","(6.639, -4.3133)","(-2.5826, -5.8133)","(2.6172, 3.2624)","(2.2487, 1.0608)","(3.58, -8.6263)","(-2.0107, 0.4562)","(9.525, -8.1377)","(-8.9412, 1.5877)","(14.2167, -2.4648)","(-5.4086, -11.4195)","(9.3916, -6.0448)","(3.4189, 5.5829)","(-3.8751, -2.3408)","(-1.1154, 1.0061)","(-14.8314, -10.3529)","(-3.7174, -3.7506)","(-0.9864, -4.8105)"
4.120000000000000284e+01,"(7.7211, -1.9697)","(18.2656, -4.3795)","(2.5933, -4.3813)","(16.3047, -10.6388)","(-3.9693, -9.5201)","(3.7622, 4.0554)","(3.2823, 1.2908)","(6.2441, -15.0273)","(-1.6167, 0.2325)","(12.7062, -11.2534)","(-2.7684, 1.6563)","(23.5809, -4.8126)","(-2.6997, -4.2608)","(3.1714, -2.5154)","(6.6018, 11.0156)","(-7.5615, -4.5845)","(-2.0214, 1.8936)","(-19.3211, -12.8499)","(-5.6217, -6.1396)","(-1.1672, -3.844)"
4.130000000000000426e+01,"(3.4114, -4.9702)","(16.5008, -4.612)","(3.1762, -5.9061)","(22.266, -15.2282)","(-6.4155, -15.3545)","(6.285, 6.7051)","(6.1327, 2.388)","(7.5138, -18.7913)","(-2.9967, 0.3399)","(10.889, -11.4179)","(-1.553, 2.0437)","(14.987, -5.6095)","(-0.935, -1.6928)","(0.8787, -0.709)","(12.0166, 17.5559)","(-14.7033, -8.8768)","(-4.39, 4.0982)","(-10.1834, -5.6138)","(-9.6083, -10.645)","(-1.9036, -5.8289)"
4.140000000000000568e+01,"(3.0459, -7.3827)","(8.701, -3.0095)","(4.971, -9.3111)","(8.5275, -7.3093)","(-7.8055, -17.1525)","(10.7285, 11.421)","(12.3356, 4.8207)","(4.2666, -12.0458)","(-6.5068, 0.6974)","(6.1387, -8.0514)","(-2.2955, 3.5946)","(4.7753, -3.5298)","(-0.621, -1.8535)","(0.4583, -0.2593)","(13.9752, 10.785)","(-19.3804, -11.0014)","(-9.9455, 9.2726)","(-3.7323, -1.6166)","(-13.5551, -14.4149)","(-3.3681, -10.3188)"
4.150000000000000000e+01,"(4.3786, -11.0968)","(4.4789, -1.5349)","(7.6742, -14.4425)","(3.5848, -4.0639)","(-5.7178, -10.4266)","(13.8496, 14.2337)","(20.5283, 7.7949)","(1.7739, -5.5373)","(-14.5009, 1.546)","(4.2033, -5.2459)","(-4.5499, 7.0699)","(1.2796, -1.773)","(-1.0024, -3.6145)","(0.8985, -0.4096)","(7.6235, 0.5982)","(-11.2636, -5.0599)","(-17.6351, 16.7588)","(-1.4038, -0.4187)","(-11.0081, -10.0867)","(-5.6844, -17.2607)"
4.160000000000000142e+01,"(5.7281, -15.6237)","(4.2169, -1.1406)","(8.3127, -16.1716)","(3.5589, -4.7455)","(-3.0963, -5.2124)","(9.7879, 9.0557)","(16.4229, 5.3198)","(1.1028, -3.093)","(-24.3686, 2.8652)","(4.942, -4.8371)","(-8.9849, 14.0462)","(0.8842, -2.2504)","(-2.0926, -7.8994)","(2.0772, -0.9142)","(2.6021, -0.344)","(-4.3656, -1.4752)","(-11.8177, 12.5707)","(-1.7684, -0.3587)","(-5.8384, -4.5263)","(-6.3396, -18.1573)"
4.170000000000000284e+01,"(4.0255, -15.8435)","(6.7859, -1.6029)","(5.1299, -10.7553)","(5.2585, -7.1826)","(-1.9974, -3.9804)","(4.882, 4.1492)","(6.9563, 1.5802)","(1.5786, -3.9114)","(-15.6125, 2.7699)","(7.6029, -6.5449)","(-11.1887, 19.7642)","(1.4909, -4.1556)","(-4.5194, -16.8937)","(5.1672, -2.2494)","(1.0405, 0.4837)","(-1.2612, -0.4034)","(-3.8247, 5.147)","(-3.4515, -0.6704)","(-3.0906, -2.6195)","(-3.8736, -9.7982)"
4.180000000000000426e+01,"(1.0029, -10.6949)","(12.3929, -2.8336)","(2.7482, -5.9382)","(8.3707, -11.4468)","(-2.4557, -5.7088)","(2.8075, 2.5959)","(2.2229, 0.3993)","(2.9845, -7.1482)","(-5.6002, 1.6162)","(11.6207, -9.8589)","(-3.9666, 12.3522)","(3.1536, -8.648)","(-7.2724, -23.1164)","(12.9755, -5.65)","(1.0137, 1.416)","(-0.5038, -0.2416)","(-1.3348, 2.3871)","(-7.6288, -1.5)","(-3.1609, -3.2609)","(-1.795, -4.3394)"
4.190000000000000568e+01,"(0.6696, -6.8597)","(19.435, -4.6233)","(2.3165, -4.6538)","(10.7871, -15.031)","(-4.142, -10.0908)","(3.3593, 3.4676)","(0.576, 0.1229)","(5.7697, -13.7621)","(-2.2801, 0.966)","(13.0359, -12.2625)","(-0.368, 4.8173)","(6.2417, -17.4275)","(-5.7986, -10.942)","(24.3534, -11.1122)","(1.8479, 3.2047)","(-0.8523, -0.5074)","(-1.4008, 3.0549)","(-16.7423, -3.2733)","(-5.2341, -5.7942)","(-1.0878, -2.9651)"
4.200000000000000000e+01,"(1.7087, -6.4521)","(16.631, -4.747)","(3.3523, -6.3686)","(8.1528, -12.0474)","(-6.9524, -16.7197)","(5.8698, 6.2696)","(0.4762, 0.1698)","(8.2548, -20.2623)","(-2.7807, 1.4244)","(8.2737, -10.0176)","(0.0478, 1.3419)","(6.3724, -21.8763)","(-2.9247, -3.2773)","(14.2356, -8.6292)","(4.096, 7.5227)","(-1.9196, -1.1787)","(-2.4604, 5.4752)","(-24.4058, -4.2957)","(-9.6061, -10.7541)","(-1.4842, -4.4519)"
4.210000000000000142e+01,"(3.3031, -8.8763)","(7.8372, -2.8872)","(5.7004, -10.6623)","(4.3738, -6.8413)","(-8.0408, -17.297)","(10.7588, 11.5227)","(1.0165, 0.3982)","(5.0333, -14.0009)","(-5.0521, 2.6287)","(4.3963, -6.1687)","(0.0179, 0.2826)","(0.8184, -11.1312)","(-1.8142, -1.1085)","(4.5386, -4.5704)","(9.3384, 16.497)","(-4.7143, -2.9202)","(-4.8911, 10.8412)","(-12.8498, -1.1441)","(-14.3045, -15.3442)","(-2.7632, -8.5017)"
4.220000000000000284e+01,"(5.325, -13.5652)","(3.4157, -1.2688)","(8.6197, -16.2638)","(2.9621, -4.4491)","(-5.3049, -9.1102)","(14.7097, 15.2091)","(2.4356, 0.9693)","(1.7568, -5.872)","(-10.2361, 5.3062)","(3.8875, -4.3645)","(-0.0137, 0.0614)","(-0.5865, -3.8291)","(-2.7947, -1.2298)","(2.5885, -4.0208)","(15.9796, 18.8662)","(-11.7828, -7.3005)","(-8.4169, 18.9496)","(-4.6328, 0.1519)","(-11.3333, -10.2319)","(-5.2479, -16.1294)"
4.230000000000000426e+01,"(5.6336, -17.1448)","(2.8596, -0.7938)","(7.8142, -15.5125)","(3.6402, -5.1076)","(-2.5494, -4.0616)","(10.0652, 9.2048)","(6.227, 2.4931)","(0.6196, -2.0649)","(-18.3791, 9.6442)","(5.6007, -5.0274)","(-0.0578, 0.0927)","(-0.5491, -1.1892)","(-5.3603, -2.3167)","(3.3246, -5.8932)","(11.1128, 0.9697)","(-22.7189, -13.6096)","(-7.1024, 17.6032)","(-2.4844, 0.4339)","(-5.5145, -3.9729)","(-7.0321, -20.654)"
4.240000000000000568e+01,"(2.1699, -13.6666)","(4.8079, -1.1264)","(4.0241, -8.7423)","(5.9698, -8.1651)","(-1.5086, -2.9886)","(4.5372, 3.6627)","(15.6285, 6.2349)","(0.543, -1.4272)","(-17.0817, 9.668)","(9.2108, -7.6815)","(-0.1531, 0.228)","(-0.953, -1.1965)","(-11.1598, -4.8671)","(5.4466, -9.7029)","(2.4837, -3.356)","(-15.4441, -7.2398)","(-2.5657, 8.0473)","(-3.6066, 0.8343)","(-2.3228, -1.7723)","(-4.5567, -11.6041)"
4.250000000000000000e+01,"(0.284, -8.0334)","(9.5494, -2.1431)","(2.0967, -4.5602)","(9.6822, -13.2417)","(-1.9519, -4.5971)","(1.9556, 1.6904)","(25.925, 9.7699)","(1.0581, -2.5437)","(-7.1796, 4.8063)","(13.3787, -11.5057)","(-0.4111, 0.6031)","(-1.9259, -2.2987)","(-20.109, -8.4132)","(8.432, -15.2222)","(-1.0922, -3.1348)","(-6.3683, -1.4242)","(-0.7674, 2.7848)","(-6.7779, 1.5821)","(-1.9489, -1.9604)","(-1.9642, -4.4199)"
4.260000000000000142e+01,"(0.9126, -5.7255)","(18.0699, -4.1086)","(2.0505, -4.0488)","(10.9623, -15.4691)","(-3.5404, -8.7441)","(1.9667, 2.0039)","(13.0542, 3.2884)","(2.3214, -5.4848)","(-2.2977, 1.7134)","(11.8264, -12.2196)","(-1.154, 1.6786)","(-4.2823, -5.1715)","(-18.0556, -5.7024)","(8.2646, -16.1809)","(-2.762, -4.4605)","(-4.6288, -0.1183)","(-0.2966, 0.9072)","(-13.5761, 3.1573)","(-3.2992, -3.6675)","(-0.6532, -1.5241)"
4.270000000000000284e+01,"(2.2402, -6.728)","(20.8364, -5.4228)","(3.3301, -6.266)","(6.6746, -10.1936)","(-6.5912, -16.1961)","(3.5596, 3.8138)","(5.7496, 0.3812)","(5.2407, -12.3491)","(-0.5575, 0.4289)","(5.8852, -8.2514)","(-3.3314, 4.8234)","(-9.7561, -11.7729)","(-7.7774, -0.8236)","(4.2756, -9.9889)","(-5.0975, -8.3233)","(-6.5091, 0.2084)","(-0.4441, 1.0332)","(-21.612, 5.267)","(-6.675, -7.5866)","(-0.4716, -1.349)"
4.280000000000000426e+01,"(4.1704, -10.4204)","(10.2125, -3.7101)","(6.0308, -11.2253)","(3.3016, -5.2582)","(-8.7208, -19.4487)","(7.3539, 7.9648)","(5.4139, -0.3244)","(9.2418, -22.2515)","(-0.1419, 0.0945)","(3.3772, -4.7185)","(-9.249, 13.5016)","(-16.789, -18.8736)","(-2.4685, 0.134)","(2.1435, -5.2457)","(-9.5074, -14.9439)","(-10.7627, 0.3697)","(-0.9739, 2.1538)","(-15.6393, 4.6581)","(-12.8827, -14.471)","(-0.8518, -2.6166)"
4.290000000000000568e+01,"(6.1761, -15.917)","(3.5703, -1.6252)","(9.262, -17.4577)","(2.4941, -3.6859)","(-5.9647, -10.1847)","(13.9338, 14.9371)","(7.9313, -0.6696)","(5.9644, -16.4476)","(-0.2223, 0.1177)","(3.8359, -3.8838)","(-15.7614, 25.6769)","(-11.8939, -9.1481)","(-0.8461, 0.2653)","(2.0462, -4.1646)","(-13.9631, -15.5324)","(-17.1677, 0.6642)","(-2.2962, 5.022)","(-6.1649, 2.4025)","(-15.1429, -15.3011)","(-1.8658, -5.8194)"
4.300000000000000000e+01,"(4.6359, -17.1244)","(1.0135, -0.4574)","(7.6383, -15.3502)","(3.575, -4.9519)","(-2.6779, -3.7614)","(14.7119, 14.6045)","(12.8384, -1.0901)","(1.6346, -6.3293)","(-0.5349, 0.2746)","(6.2598, -5.3249)","(-2.5855, 13.8877)","(-5.1936, -1.7806)","(-1.0944, 0.5577)","(3.2852, -5.9872)","(-10.7362, -4.0335)","(-18.5331, 1.2552)","(-5.5295, 12.0753)","(-1.8944, 0.8175)","(-8.1799, -6.0175)","(-4.2637, -13.3223)"
4.310000000000000142e+01,"(0.663, -10.9832)","(0.6087, -0.1767)","(3.4374, -7.7166)","(6.3295, -8.6057)","(-0.9504, -1.5181)","(7.1438, 5.7621)","(18.2071, -1.6903)","(0.3877, -2.6268)","(-1.3725, 0.7001)","(10.7107, -8.7759)","(2.7444, 6.8172)","(-2.9298, 0.0801)","(-2.2648, 1.1872)","(5.8993, -10.4602)","(-4.5723, -0.0515)","(-11.1452, 1.4647)","(-10.3164, 23.0819)","(-0.5559, 0.2061)","(-3.0634, -1.6606)","(-7.734, -23.5269)"
4.320000000000000284e+01,"(0.118, -6.0909)","(1.2016, -0.2736)","(1.5706, -3.5198)","(10.5572, -14.4103)","(-0.7959, -1.7789)","(2.5218, 1.6939)","(16.0203, -1.9873)","(0.2317, -3.1188)","(-3.7187, 1.8907)","(14.477, -12.7394)","(4.8289, 6.0568)","(-4.0595, 0.7217)","(-5.3128, 2.7512)","(9.2016, -16.6108)","(-1.8903, -0.6977)","(-5.6502, 0.8673)","(-6.2967, 16.7129)","(-0.6695, 0.1686)","(-0.858, -0.3357)","(-5.9509, -15.635)"
4.330000000000000426e+01,"(1.1702, -5.0959)","(2.7695, -0.6032)","(1.497, -2.9628)","(11.085, -15.7688)","(-1.4254, -3.531)","(0.8129, 0.4212)","(9.0367, -1.5061)","(0.3707, -5.5686)","(-10.2189, 5.1941)","(10.0734, -11.5905)","(6.8467, 7.7284)","(-7.3567, 1.3652)","(-12.6997, 6.5728)","(7.9448, -15.9907)","(-1.5658, -1.9284)","(-4.3957, 0.3957)","(-1.4828, 6.4765)","(-1.4709, 0.339)","(-0.5315, -0.073)","(-2.714, -5.5455)"
4.340000000000000568e+01,"(2.6779, -7.0962)","(6.8539, -1.4712)","(2.5939, -4.8604)","(5.821, -9.1406)","(-3.0684, -7.7847)","(0.9207, 0.3447)","(5.332, -0.8314)","(0.7572, -11.1399)","(-23.2226, 11.9877)","(4.2266, -6.7607)","(9.4065, 10.4553)","(-14.1606, 2.6085)","(-22.6262, 12.4453)","(3.4564, -8.6693)","(-2.5241, -4.1517)","(-6.3747, 0.2849)","(-0.3249, 3.7567)","(-3.5471, 0.8017)","(-1.0021, -0.072)","(-1.5338, -2.4645)"
4.350000000000000000e+01,"(4.945, -11.8596)","(16.6332, -3.5951)","(5.1007, -9.4403)","(2.5694, -4.2073)","(-6.6104, -16.6519)","(1.8649, 0.6684)","(5.5232, -0.6017)","(1.2927, -20.1869)","(-18.1898, 10.6681)","(2.6694, -3.6614)","(11.1294, 11.632)","(-21.2442, 4.5527)","(-12.9574, 10.0276)","(1.5903, -4.0877)","(-5.1746, -9.1095)","(-11.3089, 0.3678)","(-0.1575, 5.128)","(-9.0031, 2.0213)","(-2.3009, -0.167)","(-2.1749, -3.1153)"
4.360000000000000142e+01,"(6.6978, -17.7275)","(26.2317, -6.3077)","(9.1508, -17.0466)","(1.8709, -2.7734)","(-9.7361, -22.1597)","(4.3116, 1.5573)","(8.6845, -0.7596)","(0.7562, -20.0028)","(-6.3444, 5.2511)","(3.6079, -3.4218)","(9.7771, 8.974)","(-14.6678, 5.1117)","(-3.4507, 5.0393)","(1.6025, -3.2377)","(-10.725, -17.5749)","(-18.5718, 0.6976)","(-0.2404, 8.7915)","(-20.8964, 4.7721)","(-5.75, -0.4395)","(-3.909, -5.5514)"
4.370000000000000284e+01,"(3.354, -16.2243)","(12.3381, -4.6932)","(9.202, -18.0741)","(2.8814, -3.9713)","(-6.3777, -10.123)","(10.503, 3.8089)","(14.6909, -1.2342)","(-0.2418, -9.1069)","(-4.307, 4.6013)","(6.4039, -5.2691)","(7.0492, 6.0024)","(-5.684, 3.1828)","(-1.0714, 3.6042)","(2.7923, -5.0307)","(-15.41, -15.0519)","(-18.6747, 1.3919)","(-0.4171, 15.5626)","(-23.9948, 6.3527)","(-14.4833, -1.1002)","(-7.5812, -10.7848)"
4.380000000000000426e+01,"(-0.2412, -8.8175)","(4.535, -2.8616)","(3.9744, -9.0104)","(5.4874, -7.4236)","(-2.9013, -3.0883)","(22.1419, 7.8535)","(19.4884, -1.8906)","(-0.2161, -3.1066)","(-5.4122, 6.2295)","(11.5143, -9.2736)","(5.6722, 5.3272)","(-2.0123, 1.1488)","(-0.949, 5.2182)","(5.402, -9.4793)","(-9.2846, -0.3777)","(-9.881, 1.5112)","(-0.2644, 20.5108)","(-8.9798, 3.7714)","(-27.0126, -1.4218)","(-12.3644, -17.3581)"
4.390000000000000568e+01,"(0.0569, -4.6945)","(3.5565, -3.109)","(1.3385, -3.3415)","(10.21, -13.8293)","(-1.8725, -1.2426)","(20.4266, 6.0217)","(14.1961, -1.996)","(-0.0499, -0.8407)","(-7.8928, 9.14)","(15.3383, -13.5626)","(6.3125, 6.7063)","(-1.5002, 0.458)","(-1.603, 9.06)","(9.3894, -16.688)","(-2.3758, 2.0107)","(-4.4382, 0.7769)","(0.4463, 13.6699)","(-4.0913, 2.5525)","(-16.0552, 1.6359)","(-10.3699, -13.65)"
4.400000000000000000e+01,"(1.2232, -4.4415)","(5.1699, -4.8236)","(0.5419, -1.2227)","(12.4446, -17.4554)","(-2.9389, -1.5857)","(7.9899, 1.0058)","(7.0837, -1.2976)","(0.0199, -0.5557)","(-10.6897, 12.4923)","(9.1797, -11.3826)","(8.5456, 9.513)","(-2.7206, 0.5333)","(-2.7831, 15.9526)","(8.969, -17.6693)","(0.23, 1.6293)","(-3.2527, 0.3025)","(0.466, 6.1959)","(-4.486, 3.3664)","(-5.8058, 2.5261)","(-4.8007, -5.6683)"
4.410000000000000142e+01,"(2.7963, -6.9132)","(8.7562, -8.1708)","(0.7411, -1.4183)","(6.5112, -10.2404)","(-5.6422, -3.0212)","(3.9923, -0.2001)","(4.1965, -0.6401)","(0.076, -1.1363)","(-10.1772, 12.3255)","(3.2082, -5.9619)","(11.009, 11.8928)","(-5.8575, 1.0221)","(-2.7842, 20.2547)","(3.5382, -9.218)","(1.2757, 2.2496)","(-5.0118, 0.2071)","(0.1409, 3.2182)","(-6.9558, 5.3338)","(-3.8679, 3.0436)","(-1.7178, -1.9731)"
4.420000000000000284e+01,"(5.3428, -12.364)","(13.3895, -12.6688)","(1.5529, -2.8689)","(2.3783, -4.1493)","(-11.6089, -6.2451)","(4.9037, -0.6899)","(5.0073, -0.5056)","(0.1916, -2.6646)","(-6.6253, 8.444)","(1.8681, -2.8038)","(10.7364, 10.3099)","(-13.1296, 2.2455)","(-0.3423, 12.9302)","(1.1772, -3.6261)","(2.612, 4.519)","(-9.5777, 0.2736)","(-0.0405, 3.8209)","(-11.4927, 8.8205)","(-5.2071, 4.6923)","(-0.8513, -1.1024)"
4.430000000000000426e+01,"(7.2041, -18.9059)","(12.3388, -12.5095)","(3.5462, -6.4998)","(0.9573, -1.5706)","(-19.8159, -10.2817)","(8.1141, -1.2129)","(8.6185, -0.7183)","(0.4932, -6.6962)","(-4.4357, 5.6309)","(2.6951, -2.5406)","(7.8703, 6.6425)","(-23.4808, 4.5938)","(0.3627, 5.7831)","(0.7356, -1.7106)","(5.6023, 9.979)","(-17.7952, 0.5438)","(-0.1902, 6.9402)","(-15.0661, 11.8439)","(-8.5083, 7.7006)","(-1.3182, -1.8526)"
4.440000000000000568e+01,"(2.7503, -16.0629)","(6.3712, -7.2938)","(7.9848, -14.6544)","(1.1212, -1.5788)","(-16.0957, -6.7824)","(14.2906, -2.1344)","(15.4475, -1.2595)","(1.2073, -16.5721)","(-4.5317, 5.4522)","(5.1288, -4.1403)","(5.7053, 5.048)","(-16.6362, 5.7884)","(-0.0698, 3.1138)","(1.2617, -2.3111)","(11.5989, 18.6507)","(-21.2732, 1.2949)","(-0.4129, 13.6091)","(-11.0419, 9.3652)","(-12.9549, 11.9204)","(-2.7649, -3.9498)"
4.450000000000000000e+01,"(-0.8643, -7.7017)","(3.2396, -3.7328)","(11.8216, -22.3986)","(2.2345, -3.0205)","(-6.8287, -1.7266)","(19.9462, -3.2521)","(20.5988, -2.0004)","(1.6139, -27.3221)","(-6.4681, 7.5381)","(10.1594, -7.9535)","(5.65, 5.8017)","(-5.3387, 3.8974)","(-0.5509, 3.8661)","(2.6395, -4.5999)","(15.4239, 13.1957)","(-11.3555, 1.7476)","(-0.463, 21.6745)","(-5.6003, 5.1069)","(-12.532, 12.6005)","(-6.2672, -8.9866)"
4.460000000000000142e+01,"(-0.2419, -3.5414)","(3.0594, -3.0952)","(5.4608, -12.1976)","(4.9244, -6.5972)","(-2.1405, -0.3076)","(14.6306, -3.1228)","(13.6622, -2.0583)","(-0.2861, -13.6431)","(-9.6792, 11.2252)","(16.3241, -13.5824)","(7.4747, 8.3092)","(-1.4859, 2.1185)","(-1.263, 7.0933)","(5.7878, -9.9832)","(8.1512, -0.7549)","(-4.2963, 0.9905)","(0.3665, 16.6132)","(-3.5302, 3.0581)","(-6.7702, 8.0382)","(-12.6571, -18.0026)"
4.470000000000000284e+01,"(0.8464, -3.1794)","(4.9426, -4.6669)","(1.5473, -4.6279)","(10.5488, -14.1634)","(-0.627, 0.0099)","(6.8669, -1.871)","(6.0635, -1.2356)","(-0.8462, -5.5728)","(-11.3478, 13.4497)","(11.5669, -13.1839)","(10.35, 11.4942)","(-1.0611, 2.7368)","(-2.5555, 13.9185)","(10.8137, -19.045)","(1.6778, -2.2237)","(-1.5981, 0.2911)","(0.652, 6.9838)","(-4.3218, 3.4254)","(-3.5655, 4.3397)","(-12.7122, -17.0285)"
4.480000000000000426e+01,"(2.1674, -5.2006)","(9.0341, -8.393)","(0.6413, -2.9091)","(14.1588, -19.7144)","(-0.6999, 0.1288)","(3.5315, -0.8636)","(3.0219, -0.5103)","(-1.2381, -4.8909)","(-8.3074, 10.4035)","(3.2172, -6.9144)","(11.52, 11.6932)","(-1.756, 4.933)","(-3.4614, 21.6842)","(8.8323, -18.0491)","(-0.6557, -1.9917)","(-1.7035, 0.1023)","(0.2652, 2.3672)","(-7.3379, 5.6308)","(-3.3857, 3.4689)","(-5.6029, -6.3416)"
4.490000000000000568e+01,"(4.5762, -10.1152)","(14.3001, -13.4898)","(0.799, -4.3506)","(6.3904, -10.416)","(-1.4608, 0.2953)","(3.9011, -0.6812)","(3.5126, -0.3571)","(-1.9729, -7.1832)","(-4.9104, 6.3652)","(0.8921, -2.4982)","(9.0479, 7.8163)","(-3.5872, 9.9307)","(-0.8201, 15.9145)","(2.4005, -7.7888)","(-1.8093, -3.0565)","(-3.3602, 0.0943)","(0.0382, 1.1799)","(-12.6672, 9.6992)","(-5.3203, 4.9154)","(-2.2944, -2.158)"
4.500000000000000000e+01,"(7.7977, -18.2971)","(12.3762, -12.6887)","(1.4642, -8.0132)","(1.9043, -3.8942)","(-3.4855, 0.692)","(6.8557, -1.0311)","(6.4188, -0.5197)","(-3.2687, -11.8903)","(-3.9059, 4.8375)","(0.751, -1.0141)","(6.1036, 5.0782)","(-6.5123, 18.611)","(0.7263, 6.5426)","(0.3841, -2.689)","(-3.6195, -6.2369)","(-7.4726, 0.1573)","(-0.0441, 1.9296)","(-15.7261, 12.4441)","(-9.3879, 8.4554)","(-2.3201, -1.8459)"
4.510000000000000142e+01,"(4.8236, -19.339)","(5.6301, -6.7058)","(2.7875, -15.2679)","(0.7381, -2.0889)","(-8.8158, 1.7291)","(13.1697, -1.9206)","(12.801, -0.9857)","(-4.943, -17.6433)","(-5.0383, 5.9279)","(1.5132, -1.2734)","(5.1566, 5.0018)","(-5.3904, 20.1542)","(0.3207, 2.161)","(-0.1025, -1.85)","(-7.5821, -13.0944)","(-16.5562, 0.3617)","(-0.1376, 4.1395)","(-9.8531, 8.5956)","(-14.1564, 13.0646)","(-3.9704, -3.0707)"
4.520000000000000284e+01,"(-1.311, -9.2362)","(2.447, -2.9595)","(3.6871, -21.5265)","(0.9323, -3.1079)","(-20.5633, 4.153)","(20.8988, -3.2633)","(21.4241, -1.8326)","(-4.9337, -16.2289)","(-7.8871, 9.1174)","(3.3268, -2.5512)","(6.3498, 6.9564)","(-0.5453, 9.7041)","(-0.0451, 1.0861)","(-0.3288, -3.0972)","(-13.8219, -19.0984)","(-24.925, 1.1354)","(-0.3438, 9.5888)","(-4.4573, 4.1926)","(-11.8076, 12.3022)","(-7.7647, -6.0191)"
4.530000000000000426e+01,"(-1.2035, -3.0823)","(2.1103, -2.1609)","(1.8003, -14.004)","(1.7708, -5.9462)","(-24.3741, 6.304)","(16.5392, -3.4243)","(17.583, -2.3202)","(-3.0827, -9.0039)","(-11.2854, 13.137)","(7.7016, -5.7719)","(9.1587, 10.3522)","(0.3449, 3.32)","(-0.3004, 1.7917)","(-0.6654, -6.3363)","(-13.3775, -6.7399)","(-13.2913, 2.1175)","(-0.669, 20.5392)","(-2.6867, 2.3382)","(-5.4415, 6.8994)","(-14.6104, -11.2806)"
4.540000000000000568e+01,"(-0.163, -1.1192)","(3.5912, -3.3773)","(0.4547, -5.7439)","(3.6727, -12.2835)","(-8.8942, 4.6125)","(7.1185, -2.0899)","(7.3718, -1.6309)","(-1.6699, -4.9156)","(-10.6099, 12.874)","(16.2045, -12.476)","(11.7397, 12.5935)","(0.1387, 0.8342)","(-0.739, 3.8657)","(-1.4181, -13.6623)","(-5.3902, 1.4783)","(-4.6042, 1.5577)","(-0.068, 23.427)","(-3.567, 2.8055)","(-2.6929, 3.3731)","(-17.1723, -12.7825)"
4.550000000000000000e+01,"(0.4104, -1.2211)","(7.1247, -6.5679)","(0.1807, -2.0743)","(6.197, -21.256)","(-3.5421, 3.2713)","(2.6176, -0.8045)","(2.4126, -0.6332)","(-1.4083, -4.7198)","(-6.2816, 8.1381)","(16.6674, -16.2779)","(10.523, 9.6529)","(0.0122, 0.1763)","(-1.7817, 9.0313)","(-2.7852, -23.3186)","(-0.9603, 1.4441)","(-2.2583, 1.2876)","(1.0083, 9.7386)","(-6.5205, 4.9729)","(-2.7732, 2.7948)","(-9.0743, -6.0408)"
4.560000000000000142e+01,"(1.1059, -2.4171)","(13.4264, -12.4392)","(0.2608, -1.6751)","(4.3712, -17.4417)","(-3.4226, 4.2798)","(1.7104, -0.3522)","(0.8263, -0.1605)","(-2.0618, -7.4163)","(-3.7874, 4.892)","(3.6621, -9.1095)","(7.0304, 5.6305)","(-0.046, 0.1529)","(-3.7643, 19.7631)","(-3.4078, -16.5538)","(0.4565, 1.2906)","(-3.1142, 2.1096)","(0.8526, 3.6294)","(-12.2652, 9.325)","(-4.7495, 4.3281)","(-3.4059, -2.063)"
4.570000000000000284e+01,"(2.6761, -5.5072)","(15.3536, -15.1036)","(0.5584, -3.0865)","(1.2332, -7.2144)","(-5.2074, 6.7758)","(2.9159, -0.4458)","(1.0877, -0.102)","(-3.5687, -13.0376)","(-3.8059, 4.5877)","(-0.4148, -3.6348)","(4.9792, 4.4262)","(-0.1317, 0.3553)","(-2.9964, 23.8734)","(-2.2739, -6.0059)","(1.2426, 2.1617)","(-5.7921, 3.9511)","(1.131, 3.164)","(-16.9559, 13.2742)","(-9.0124, 8.0278)","(-1.0241, -0.6359)"
4.580000000000000426e+01,"(6.3096, -12.9364)","(7.1524, -8.4531)","(1.2439, -6.6804)","(0.2586, -2.2562)","(-8.6545, 11.2707)","(6.1376, -0.8712)","(2.3316, -0.1748)","(-5.3604, -19.0668)","(-5.7549, 6.6781)","(-1.713, -2.6288)","(5.3065, 5.6054)","(-0.3437, 0.9009)","(1.1909, 10.1306)","(-1.0715, -1.8496)","(2.638, 4.7152)","(-11.5218, 7.8409)","(1.9534, 5.1276)","(-10.6787, 9.3205)","(-14.7873, 13.4649)","(-0.7358, -0.5404)"
4.590000000000000568e+01,"(9.7987, -23.5696)","(2.3751, -3.2871)","(2.7566, -14.7788)","(0.0206, -0.693)","(-11.4132, 15.4327)","(13.481, -1.8911)","(5.5103, -0.3891)","(-4.7923, -15.3113)","(-9.3969, 10.824)","(-3.1774, -4.0206)","(7.59, 8.6145)","(-0.9379, 2.4268)","(1.5948, 3.6057)","(-1.2184, -1.4357)","(5.9583, 10.8609)","(-18.0993, 12.7009)","(3.6774, 9.6854)","(-4.2269, 4.1678)","(-12.7299, 13.1756)","(-1.432, -1.1073)"
4.600000000000000000e+01,"(0.6043, -16.2173)","(0.7265, -0.9744)","(4.2639, -24.2)","(-0.0409, -0.8353)","(-8.086, 12.448)","(23.4667, -3.57)","(13.3639, -0.9366)","(-2.6689, -7.4688)","(-12.231, 14.3596)","(-6.0251, -7.6919)","(10.977, 12.3129)","(-2.6331, 6.7725)","(2.2281, 2.7931)","(-2.2607, -2.503)","(12.5733, 20.0246)","(-12.6652, 10.2359)","(6.6455, 17.3421)","(-1.697, 1.6141)","(-5.2289, 6.984)","(-3.2618, -2.5461)"
4.610000000000000142e+01,"(-3.6808, -4.7436)","(0.6076, -0.6169)","(1.8641, -15.1418)","(-0.0984, -1.7453)","(-3.8063, 6.7662)","(16.7306, -3.6824)","(25.4523, -2.0574)","(-1.297, -3.75)","(-9.0742, 11.3487)","(-11.2581, -14.1031)","(11.9389, 11.9317)","(-6.8598, 17.9367)","(3.8071, 4.3343)","(-4.7451, -5.2824)","(15.4972, 11.1467)","(-4.6955, 4.7265)","(7.7714, 18.9052)","(-1.6987, 1.3701)","(-1.981, 2.8349)","(-7.8981, -6.1814)"
4.620000000000000284e+01,"(-3.3739, -0.6261)","(1.2519, -1.1583)","(0.1907, -5.5754)","(-0.2259, -4.1403)","(-2.4274, 3.955)","(6.0739, -2.1872)","(17.499, -2.67)","(-1.1231, -3.8046)","(-4.7084, 6.2626)","(-14.5909, -15.33)","(8.6422, 7.0671)","(-8.5905, 27.4459)","(7.0603, 8.0748)","(-10.2446, -11.4035)","(6.8834, -2.1868)","(-1.4347, 1.5645)","(4.6224, 9.4801)","(-3.2075, 2.4449)","(-1.4925, 1.618)","(-17.2895, -13.4442)"
4.630000000000000426e+01,"(-4.776, 0.4658)","(2.8815, -2.6217)","(-0.1596, -2.3716)","(-0.5543, -10.3411)","(-3.12, 4.3145)","(2.0507, -1.082)","(6.2902, -2.0127)","(-1.7824, -6.4756)","(-3.0771, 3.9174)","(-9.5439, -5.9011)","(5.3738, 4.2916)","(0.6606, 11.7593)","(12.4431, 14.0014)","(-16.5437, -17.6511)","(0.6713, -2.9171)","(-0.5628, 0.5031)","(1.9339, 3.5982)","(-6.8516, 5.1579)","(-2.5934, 2.3741)","(-18.6548, -13.7208)"
4.640000000000000568e+01,"(-8.4001, 0.9384)","(7.02, -6.3558)","(-0.3873, -3.0173)","(-1.3204, -22.8377)","(-5.4144, 7.0611)","(1.9553, -1.3653)","(3.5193, -1.7785)","(-3.3344, -12.2982)","(-3.7885, 4.4792)","(-4.0134, -1.497)","(4.5132, 4.4142)","(3.1213, 5.7773)","(14.0326, 14.0763)","(-11.1946, -9.716)","(-1.5781, -3.0791)","(-0.8919, 0.6289)","(0.7791, 1.6407)","(-14.2126, 10.7297)","(-5.3533, 4.7176)","(-7.7822, -4.6743)"
4.650000000000000000e+01,"(-15.3432, 1.7381)","(15.5946, -14.2502)","(-0.7403, -5.5444)","(-2.1156, -22.713)","(-9.4823, 12.2924)","(3.4703, -2.512)","(4.6888, -2.7279)","(-5.512, -19.8711)","(-6.3399, 7.2954)","(-1.4045, -0.7612)","(5.9145, 6.6068)","(4.8092, 5.6896)","(8.1754, 6.1718)","(-4.6207, -2.8402)","(-3.1642, -5.1346)","(-1.9695, 1.3302)","(0.8744, 2.2046)","(-18.5022, 14.6014)","(-11.2287, 9.8588)","(-3.6835, -1.7021)"
4.660000000000000142e+01,"(-20.702, 3.8704)","(17.0663, -16.9609)","(-1.4962, -11.3203)","(-1.8313, -8.501)","(-11.9634, 16.3096)","(7.1912, -5.18)","(7.9711, -4.6722)","(-5.2005, -16.7528)","(-10.6359, 12.2261)","(-1.1828, -1.2725)","(9.1456, 10.5333)","(6.9625, 7.7554)","(3.4383, 2.2298)","(-1.8928, -0.7224)","(-6.0444, -10.0667)","(-4.72, 3.1539)","(1.6761, 4.425)","(-8.7403, 8.1635)","(-17.2423, 15.9007)","(-4.2672, -1.6331)"
4.670000000000000284e+01,"(-12.6697, 5.957)","(5.6849, -7.8016)","(-2.8084, -20.5923)","(-1.4924, -4.1903)","(-7.1815, 11.5857)","(14.5244, -10.5086)","(13.8117, -8.1172)","(-2.7835, -7.5074)","(-12.612, 14.9422)","(-2.124, -2.7073)","(12.3582, 13.4501)","(9.9183, 10.9188)","(1.6472, 1.3995)","(-2.2993, -0.5198)","(-11.2185, -16.958)","(-11.5078, 7.6834)","(3.6332, 9.6924)","(-2.7676, 3.1632)","(-9.9071, 11.5316)","(-6.9795, -2.6036)"
4.680000000000000426e+01,"(-4.6273, 3.9545)","(1.7947, -3.8151)","(-3.2092, -19.5791)","(-2.153, -4.9952)","(-2.9666, 5.6253)","(18.302, -13.9641)","(17.2097, -10.5237)","(-1.1014, -2.8832)","(-7.7387, 9.9697)","(-4.618, -6.1164)","(10.9259, 9.8579)","(11.6404, 12.0323)","(2.0897, 2.2692)","(-4.2837, -0.9002)","(-14.2512, -12.6393)","(-21.3619, 14.725)","(7.3269, 19.3198)","(-0.9254, 1.3753)","(-2.8831, 4.935)","(-12.4425, -4.648)"
4.690000000000000568e+01,"(-2.3044, 1.4842)","(1.411, -4.3353)","(-1.9601, -8.464)","(-3.5176, -8.0149)","(-1.8086, 3.0008)","(8.6384, -7.9573)","(10.7543, -7.3776)","(-0.6061, -1.933)","(-3.6284, 4.9418)","(-10.2325, -13.4678)","(6.7334, 5.0357)","(9.5662, 8.6662)","(4.0171, 4.6231)","(-9.0308, -1.9281)","(-8.627, -1.3772)","(-13.0494, 10.993)","(8.3781, 20.1699)","(-1.0664, 1.8986)","(-0.6146, 1.6284)","(-18.7471, -6.8715)"
4.700000000000000000e+01,"(-2.8703, 0.6554)","(2.1498, -7.0155)","(-0.7769, -2.7523)","(-5.9524, -13.5507)","(-2.5149, 3.4403)","(2.7357, -3.101)","(4.8223, -3.6109)","(-0.8931, -3.2305)","(-2.4573, 3.106)","(-16.3896, -18.7357)","(4.2629, 3.6064)","(6.429, 5.4606)","(8.4529, 9.831)","(-18.3124, -3.8402)","(-3.1062, 0.3371)","(-3.9502, 5.0408)","(4.3764, 8.2344)","(-2.0439, 3.693)","(-0.1484, 1.2111)","(-15.5946, -5.2511)"
4.710000000000000142e+01,"(-5.376, 0.6183)","(3.82, -12.4296)","(-0.2188, -0.6749)","(-8.0728, -17.868)","(-4.6896, 6.0553)","(0.7432, -1.0784)","(2.827, -1.9379)","(-1.7941, -6.6819)","(-3.4242, 4.007)","(-11.2529, -6.6443)","(4.435, 4.6869)","(5.1197, 4.8614)","(15.0677, 16.8894)","(-22.566, -3.8598)","(-1.2167, -0.4826)","(-1.8403, 3.66)","(1.7656, 2.6401)","(-4.4659, 8.0272)","(-0.1464, 2.1857)","(-7.6792, -2.2567)"
4.720000000000000284e+01,"(-11.081, 1.0109)","(5.6075, -18.9148)","(-0.12, -0.2807)","(-6.3144, -12.8056)","(-8.9839, 11.5061)","(0.6222, -1.196)","(3.7171, -2.2581)","(-3.8125, -14.2422)","(-6.1898, 7.0812)","(-4.6975, -0.335)","(6.7011, 7.7354)","(6.0245, 6.4219)","(13.2327, 12.0376)","(-11.0012, -0.4311)","(-1.0979, -1.4665)","(-2.2285, 5.2873)","(1.299, 1.4938)","(-9.2285, 16.689)","(-0.3274, 4.7368)","(-3.6118, -1.0841)"
4.730000000000000426e+01,"(-20.4275, 2.363)","(4.0477, -16.2531)","(-0.2329, -0.4935)","(-3.3663, -6.3058)","(-12.946, 17.2774)","(1.1664, -2.3323)","(6.8258, -3.9952)","(-6.3612, -22.8535)","(-11.0468, 12.6422)","(-2.3328, 1.1434)","(10.69, 12.3433)","(8.6626, 9.5959)","(6.1156, 3.5608)","(-3.7815, 0.3922)","(-1.9233, -3.2868)","(-3.7591, 8.9949)","(2.1905, 2.3361)","(-10.7456, 20.6847)","(-0.7914, 11.0001)","(-3.3273, -1.1638)"
4.740000000000000568e+01,"(-19.4307, 5.7366)","(1.4578, -8.1757)","(-0.5439, -1.1499)","(-1.8951, -3.7609)","(-8.0861, 12.8976)","(2.6208, -5.208)","(13.0151, -7.5839)","(-4.8913, -14.7237)","(-13.338, 15.7831)","(-3.0189, 2.3286)","(12.9592, 13.4564)","(11.5655, 12.4413)","(2.0838, 0.7423)","(-1.4039, 0.418)","(-4.1797, -7.6077)","(-6.3458, 15.2868)","(4.3842, 4.6761)","(-4.0565, 10.0035)","(-1.3768, 22.4404)","(-5.5936, -2.0755)"
4.750000000000000000e+01,"(-6.7105, 5.928)","(0.7199, -3.8802)","(-1.382, -2.9335)","(-2.0759, -4.5601)","(-2.7959, 5.7994)","(6.0939, -12.0898)","(18.6002, -11.1933)","(-2.2656, -5.3311)","(-7.4941, 9.8152)","(-5.6204, 4.4003)","(9.4694, 7.6189)","(11.0189, 10.5544)","(1.2083, 0.073)","(-1.7804, 0.7737)","(-9.3817, -16.429)","(-7.1266, 18.4533)","(9.2938, 9.9295)","(-1.0216, 3.6079)","(0.3751, 21.28)","(-10.8373, -4.0727)"
4.760000000000000142e+01,"(-1.4426, 2.587)","(0.9319, -3.5008)","(-3.6727, -7.8111)","(-3.4694, -7.9034)","(-1.0606, 2.1571)","(10.8945, -22.2567)","(12.108, -8.2502)","(-0.8845, -1.6753)","(-3.0484, 4.3225)","(-11.1889, 8.7136)","(5.2028, 3.6869)","(7.5233, 6.3023)","(2.0204, -0.0686)","(-3.4914, 1.5553)","(-15.836, -18.5593)","(-3.6536, 11.772)","(15.9497, 16.7251)","(-0.28, 2.0013)","(2.0384, 8.0389)","(-18.8374, -7.0004)"
4.770000000000000284e+01,"(-0.1291, 0.7583)","(1.7521, -5.79)","(-9.06, -19.1465)","(-6.2114, -14.2029)","(-1.0594, 1.5486)","(6.5082, -16.1417)","(4.7868, -3.778)","(-0.9396, -1.4404)","(-1.6298, 2.1325)","(-16.9409, 14.365)","(3.5194, 3.1822)","(5.1048, 4.4953)","(4.2658, -0.1477)","(-7.7431, 3.4176)","(-11.0615, -1.1882)","(-1.4728, 5.5878)","(12.3533, 11.7164)","(-0.27, 3.0751)","(1.6403, 2.9314)","(-18.1527, -6.2567)"
4.780000000000000426e+01,"(0.2217, 0.4558)","(3.4524, -11.1057)","(-11.7937, -23.4276)","(-8.5361, -18.896)","(-2.0597, 2.6668)","(1.4731, -6.2747)","(1.7877, -1.384)","(-1.7554, -2.605)","(-2.202, 2.5848)","(-9.9787, 12.4627)","(4.3616, 4.8412)","(5.0869, 5.2162)","(9.8186, -0.2999)","(-16.6421, 7.4002)","(-2.6339, 3.0928)","(-1.1264, 3.4263)","(5.1761, 4.0577)","(-0.5203, 6.0209)","(2.3248, 2.7467)","(-8.6062, -2.4655)"
4.790000000000000568e+01,"(0.5515, 0.8152)","(5.8141, -19.1371)","(-5.5939, -8.5828)","(-6.2055, -12.354)","(-4.454, 5.6235)","(0.2003, -3.1407)","(1.5521, -0.9849)","(-3.7482, -5.5803)","(-4.2346, 4.8266)","(-2.3842, 6.025)","(7.2549, 8.5526)","(7.1087, 7.8589)","(20.7774, -0.8046)","(-21.8342, 10.6104)","(0.8654, 2.8396)","(-1.7978, 4.507)","(1.7294, 1.127)","(-1.1135, 12.6929)","(4.0502, 4.5416)","(-3.1562, -0.8204)"
4.800000000000000000e+01,"(1.2764, 1.9049)","(4.7796, -18.4493)","(-3.6346, -4.2975)","(-2.9907, -5.3975)","(-9.6426, 12.1637)","(-0.078, -4.1334)","(2.8946, -1.6969)","(-8.2641, -12.3075)","(-8.6561, 9.8138)","(-0.5502, 1.972)","(11.8449, 13.7002)","(10.5037, 11.6447)","(22.9195, -2.5118)","(-9.7183, 6.5208)","(2.4382, 3.999)","(-3.4203, 8.1524)","(1.2468, 0.6117)","(-1.7783, 22.3621)","(7.6865, 8.6651)","(-1.3772, -0.4276)"
4.810000000000000142e+01,"(3.1754, 4.8402)","(1.4603, -8.8555)","(-4.5944, -4.831)","(-1.3981, -2.6857)","(-14.6146, 19.3831)","(-0.1828, -7.2835)","(6.2336, -3.5923)","(-13.8315, -20.1543)","(-14.4552, 16.6408)","(-0.3866, 0.6251)","(13.157, 13.0862)","(12.1925, 12.5088)","(8.9748, -3.2947)","(-2.9889, 2.8988)","(4.5823, 7.569)","(-6.3279, 15.0599)","(2.2087, 1.0018)","(-0.591, 18.1863)","(13.3253, 14.7185)","(-1.9249, -0.7037)"
4.820000000000000284e+01,"(8.0733, 12.2608)","(0.4181, -3.3179)","(-6.8973, -7.1513)","(-1.4403, -3.1568)","(-7.3603, 12.5989)","(-0.334, -13.8078)","(13.5517, -7.8068)","(-9.446, -12.3106)","(-10.9463, 13.6902)","(-0.8247, 0.7016)","(8.3894, 6.0704)","(9.2772, 8.0685)","(2.8981, -2.1543)","(-1.3666, 2.029)","(8.8126, 14.2744)","(-7.7992, 19.8408)","(4.6918, 2.1327)","(0.4722, 7.255)","(13.6355, 13.3308)","(-3.9605, -1.4946)"
4.830000000000000426e+01,"(16.422, 21.7824)","(0.3445, -1.6072)","(-10.513, -10.8728)","(-2.5366, -5.8063)","(-1.7988, 5.0035)","(-0.7604, -21.2147)","(20.9448, -12.5139)","(-3.8661, -4.1812)","(-4.0498, 5.9476)","(-1.8822, 1.4346)","(4.1232, 2.7343)","(5.7216, 4.6623)","(2.0275, -2.5369)","(-1.8594, 3.2325)","(13.9263, 16.8151)","(-3.805, 12.4583)","(10.6618, 4.8635)","(0.3373, 2.25)","(7.2788, 5.4389)","(-8.9234, -3.3923)"
4.840000000000000568e+01,"(13.9823, 7.6483)","(0.6915, -2.336)","(-12.5846, -12.7504)","(-5.0384, -11.6328)","(-0.2724, 2.0336)","(-1.4158, -16.1299)","(11.8076, -8.3524)","(-1.752, -1.5357)","(-1.1785, 1.9132)","(-4.5527, 3.3746)","(2.7869, 2.581)","(4.446, 4.2246)","(3.1318, -4.3212)","(-3.5455, 6.184)","(11.6471, 4.9903)","(-1.1917, 5.2569)","(20.8601, 9.3592)","(0.3145, 1.0959)","(2.8666, 1.91)","(-18.7737, -7.0878)"
4.850000000000000000e+01,"(5.9843, -2.0906)","(1.4992, -4.776)","(-9.4525, -9.1108)","(-8.6498, -19.6293)","(0.0424, 2.4785)","(-1.1631, -6.9825)","(3.8944, -3.5275)","(-2.294, -1.7512)","(-0.2627, 0.4497)","(-11.128, 8.2323)","(3.7961, 4.3216)","(5.536, 5.9944)","(5.984, -8.2101)","(-7.1604, 12.4635)","(4.9442, -0.2934)","(-0.5995, 2.2003)","(18.6615, 7.4309)","(0.6005, 1.7573)","(1.3452, 1.1722)","(-21.8965, -7.7377)"
4.860000000000000142e+01,"(2.7306, -4.3146)","(3.3619, -10.5775)","(-5.5906, -5.2302)","(-7.8198, -16.1835)","(0.1469, 4.6149)","(-0.4486, -2.6673)","(1.3623, -1.6355)","(-4.2293, -3.187)","(-0.0479, 0.0876)","(-20.2466, 16.2977)","(6.8228, 8.1892)","(8.5378, 9.6081)","(10.7805, -14.9938)","(-10.8958, 19.7538)","(1.7144, 0.1343)","(-0.894, 2.314)","(7.4979, 2.0537)","(1.2681, 3.6987)","(1.8155, 1.9657)","(-9.694, -2.6274)"
4.870000000000000284e+01,"(2.8168, -6.7072)","(6.4498, -20.7765)","(-4.1837, -4.0833)","(-3.7976, -6.6601)","(0.2749, 9.7087)","(-0.1444, -2.0039)","(1.5236, -2.2065)","(-8.6707, -6.5542)","(-0.0152, 0.0359)","(-9.9991, 13.8203)","(12.0228, 14.176)","(12.1078, 13.2085)","(11.1888, -17.4691)","(-6.4807, 14.3938)","(1.0501, 1.0558)","(-1.8226, 4.3277)","(2.9622, 0.427)","(2.9127, 8.5527)","(3.6143, 4.1031)","(-3.5503, -0.6315)"
4.880000000000000426e+01,"(4.51, -10.9022)","(5.2044, -20.2097)","(-5.2234, -5.334)","(-1.322, -2.1495)","(0.6448, 19.303)","(-0.1028, -3.5006)","(2.8075, -4.1354)","(-16.2507, -12.1908)","(-0.0277, 0.0733)","(-0.3643, 6.4007)","(14.0032, 14.1088)","(11.5554, 11.0096)","(4.389, -9.7844)","(-1.8311, 5.9818)","(1.5081, 2.4236)","(-3.9305, 9.164)","(3.1042, 0.1348)","(6.403, 18.6292)","(7.8687, 9.0196)","(-2.7003, -0.2232)"
4.890000000000000568e+01,"(6.3564, -16.5164)","(0.9847, -8.401)","(-8.246, -8.5484)","(-0.3816, -0.6839)","(1.7642, 22.2496)","(-0.1483, -7.3423)","(5.8805, -8.6219)","(-16.8109, -11.9414)","(-0.071, 0.1885)","(1.945, 3.6549)","(8.5793, 5.8241)","(7.3403, 5.8445)","(1.2907, -3.8833)","(-0.4368, 1.8324)","(3.0819, 5.5119)","(-7.6981, 18.1714)","(5.353, 0.1577)","(8.4913, 22.6285)","(14.9515, 16.7034)","(-4.3793, -0.2647)"
4.900000000000000000e+01,"(4.2094, -16.8222)","(-0.0836, -2.9394)","(-12.2243, -12.6017)","(-0.3765, -0.8335)","(2.3391, 10.1228)","(-0.3111, -15.6449)","(11.2499, -16.6495)","(-7.8684, -4.8122)","(-0.1955, 0.517)","(3.6076, 4.546)","(3.6911, 2.0098)","(4.436, 3.7117)","(0.6735, -1.5042)","(-0.1062, 0.4211)","(6.946, 12.555)","(-7.7877, 20.6389)","(10.516, 0.3264)","(4.731, 9.3741)","(14.1656, 13.3971)","(-8.4726, -0.5169)"
4.910000000000000142e+01,"(0.3519, -10.232)","(-0.4321, -2.2828)","(-12.1343, -12.0691)","(-0.7747, -1.7947)","(1.3072, 3.2896)","(-0.8887, -23.9802)","(11.3479, -18.0724)","(-2.7064, -1.4553)","(-0.5611, 1.4793)","(6.1794, 7.6581)","(1.7731, 1.4257)","(4.2189, 4.3014)","(1.1093, -1.6568)","(-0.0968, 0.2005)","(13.8806, 20.5675)","(-2.3407, 9.7298)","(19.2926, 0.5302)","(2.2409, 3.254)","(6.5647, 4.0849)","(-16.5384, -0.9985)"
4.920000000000000284e+01,"(0.1303, -5.6591)","(-0.8581, -3.825)","(-7.4929, -7.0186)","(-1.8193, -4.2574)","(0.7295, 1.1111)","(-1.6826, -14.2959)","(4.285, -8.5571)","(-0.7431, -0.345)","(-1.6528, 4.3505)","(10.5283, 12.8624)","(2.1642, 2.43)","(6.1731, 6.9082)","(2.3478, -3.2154)","(-0.2397, 0.4173)","(14.4093, 7.4422)","(-0.3723, 3.3597)","(20.6597, 0.0155)","(2.2104, 2.476)","(2.4545, 0.8968)","(-22.3719, -1.0669)"
4.930000000000000426e+01,"(1.2424, -4.9886)","(-1.7099, -7.6789)","(-4.2746, -3.9991)","(-4.4831, -10.5169)","(1.1553, 1.3267)","(-1.2375, -5.1117)","(1.173, -2.9731)","(-0.5707, -0.2007)","(-4.7901, 12.6302)","(13.4969, 14.3281)","(4.0796, 4.964)","(10.0066, 11.342)","(5.2731, -7.0833)","(-0.5944, 1.0126)","(5.3183, -2.7029)","(0.087, 1.3827)","(9.9662, -0.7059)","(3.6503, 3.8818)","(2.0275, 0.2301)","(-13.0252, -0.0123)"
4.940000000000000568e+01,"(2.7961, -7.2254)","(-3.5011, -15.6823)","(-3.8514, -3.8375)","(-9.5447, -22.0551)","(2.3257, 2.6154)","(-0.6709, -1.7166)","(0.275, -1.0566)","(-1.1253, -0.3717)","(-10.1965, 27.6715)","(9.8728, 7.1974)","(8.4739, 10.4513)","(13.0735, 13.8665)","(11.1384, -15.1053)","(-1.5602, 2.638)","(0.1148, -2.7891)","(0.3126, 1.9315)","(3.5539, -0.4303)","(6.8375, 7.2847)","(3.4981, 0.2203)","(-4.9464, 0.2505)"
4.950000000000000000e+01,"(5.1573, -12.271)","(-5.5211, -22.5833)","(-5.6629, -5.8461)","(-9.0992, -18.8223)","(5.1901, 5.8822)","(-0.9464, -1.7726)","(0.2164, -1.3492)","(-2.612, -0.8657)","(-4.7018, 16.9154)","(5.01, 2.8452)","(14.831, 17.2604)","(10.2892, 8.9781)","(13.1417, -19.948)","(-4.241, 7.1488)","(-1.7909, -3.2146)","(0.6488, 3.8637)","(1.1225, -0.1037)","(12.4058, 13.1468)","(7.1653, 0.4692)","(-1.4627, 0.0866)"
4.960000000000000142e+01,"(6.7832, -18.1515)","(-4.3832, -13.0487)","(-9.5036, -9.8875)","(-4.2488, -6.6027)","(11.5033, 12.983)","(-1.8138, -3.2842)","(0.4129, -2.7216)","(-6.5443, -2.1796)","(-0.7706, 8.1671)","(2.8455, 2.3161)","(13.0394, 11.1547)","(5.7382, 4.28)","(4.1226, -10.3644)","(-10.5732, 18.0094)","(-3.461, -5.6547)","(1.4238, 8.6401)","(1.0597, 0.0057)","(14.5936, 14.7538)","(15.1433, 0.9944)","(-0.6545, -0.0079)"
4.970000000000000284e+01,"(2.9671, -15.8568)","(-2.1491, -4.6238)","(-13.4257, -13.7804)","(-2.7025, -3.2139)","(17.1453, 18.1166)","(-3.8693, -7.0479)","(0.9594, -6.2188)","(-16.1052, -5.3475)","(0.0534, 7.892)","(3.2912, 3.7372)","(6.16, 2.7617)","(3.5545, 3.1076)","(0.498, -3.9106)","(-12.5368, 23.834)","(-6.6867, -11.1518)","(3.1134, 18.5388)","(2.1543, 0.0659)","(8.2966, 7.3505)","(23.7092, 0.9476)","(-1.1552, -0.0656)"
4.980000000000000426e+01,"(-0.4205, -8.2769)","(-0.7364, -1.2647)","(-11.113, -10.8224)","(-3.6914, -3.9057)","(9.9441, 7.7862)","(-8.2567, -14.9938)","(2.2403, -14.5174)","(-26.0098, -8.22)","(0.2914, 10.1013)","(5.6609, 7.074)","(2.0265, 0.3863)","(4.041, 4.3167)","(-0.3983, -2.3419)","(-2.6975, 10.2041)","(-12.1207, -17.6036)","(4.7899, 23.6219)","(4.9545, 0.1768)","(3.3869, 2.7378)","(14.8978, -1.2194)","(-2.5999, -0.1663)"
4.990000000000000568e+01,"(0.0473, -4.3613)","(-0.5098, -0.6202)","(-5.9698, -5.4554)","(-6.1114, -6.4027)","(4.104, 2.002)","(-12.1121, -20.8908)","(3.5528, -25.2861)","(-12.9463, -2.9499)","(0.4232, 13.3802)","(10.3647, 12.9589)","(0.9456, -0.1885)","(6.5874, 7.5253)","(-0.9601, -3.5486)","(-0.0384, 5.9607)","(-13.9114, -10.5166)","(3.6472, 10.5566)","(11.9048, 0.438)","(1.4206, 1.2663)","(5.3432, -1.4811)","(-6.3428, -0.4186)"
5.000000000000000000e+01,"(1.2152, -4.2528)","(-0.9524, -1.0463)","(-3.3274, -3.1224)","(-10.485, -10.9753)","(2.686, 0.6025)","(-7.3999, -10.3815)","(0.9673, -15.7918)","(-5.4906, -0.5232)","(0.6028, 15.5641)","(14.2934, 15.5948)","(1.463, -0.5455)","(11.0951, 12.6453)","(-1.861, -6.8431)","(0.7594, 6.9935)","(-7.4912, -0.5226)","(1.9117, 3.5033)","(24.0368, 0.7214)","(1.6625, 1.7115)","(1.5971, -0.802)","(-15.4812, -1.0166)"
5.010000000000000142e+01,"(2.7881, -6.7914)","(-2.1015, -2.3086)","(-3.4781, -3.5117)","(-13.9158, -14.238)","(4.0953, 0.5878)","(-3.0737, -3.334)","(-0.5049, -5.8203)","(-5.0182, 0.0039)","(0.7463, 13.6515)","(10.3927, 7.2924)","(3.11, -1.1753)","(13.5971, 14.074)","(-3.7636, -13.9057)","(1.2531, 10.1845)","(-2.5485, 0.3287)","(1.648, 2.013)","(20.0063, -0.3729)","(3.221, 3.4355)","(1.2477, -1.0189)","(-26.7589, -1.4771)"
5.020000000000000284e+01,"(5.398, -12.3727)","(-5.0533, -5.5801)","(-5.6918, -5.9152)","(-10.094, -9.604)","(7.6667, 1.0867)","(-1.5362, -1.2233)","(-0.799, -3.2407)","(-7.4565, 0.1491)","(0.6622, 10.0061)","(4.8052, 2.1552)","(7.323, -2.7125)","(9.3207, 7.5054)","(-6.4799, -21.7637)","(1.8962, 15.0253)","(-1.0325, -0.5026)","(2.7426, 3.0004)","(7.4255, -1.1109)","(6.9738, 7.4968)","(2.2263, -1.9551)","(-14.8495, 0.1095)"
5.030000000000000426e+01,"(7.3622, -19.1708)","(-11.9121, -13.1054)","(-10.1296, -10.5748)","(-5.0363, -4.4829)","(14.9616, 2.124)","(-2.2252, -1.4838)","(-1.3941, -4.4872)","(-12.4008, 0.2497)","(0.4697, 8.319)","(1.975, 1.2324)","(16.7398, -6.2899)","(4.6387, 3.2249)","(-6.247, -14.4862)","(2.5396, 17.2314)","(-1.0251, -1.4442)","(5.2512, 5.7429)","(3.5697, -1.06)","(13.972, 14.9034)","(4.8162, -4.199)","(-5.7249, 0.687)"
5.040000000000000568e+01,"(2.6839, -16.1568)","(-18.1718, -18.9869)","(-14.2771, -14.6415)","(-2.823, -2.6493)","(22.0423, 2.6264)","(-4.266, -2.8098)","(-2.4959, -7.9541)","(-18.4264, 0.4636)","(0.3723, 9.333)","(1.8141, 1.9662)","(23.4067, -10.5395)","(2.7656, 2.4379)","(-3.4581, -5.1404)","(2.46, 12.6124)","(-1.8811, -3.2682)","(10.4015, 11.3741)","(4.4105, -1.6558)","(15.5129, 15.5139)","(10.7739, -9.3783)","(-4.3317, 0.9524)"
5.050000000000000000e+01,"(-1.0252, -7.5146)","(-9.7006, -7.8154)","(-10.6731, -10.2444)","(-3.2763, -3.3414)","(14.7142, 0.3817)","(-9.0194, -5.9696)","(-4.6048, -14.6628)","(-16.9051, 0.8051)","(0.4011, 12.3924)","(3.1588, 3.9874)","(9.157, -8.0873)","(3.4356, 3.7521)","(-1.1854, -1.4082)","(1.681, 7.6608)","(-4.1769, -7.673)","(15.5351, 16.3373)","(7.4375, -2.8451)","(7.3461, 6.02)","(18.1034, -16.4649)","(-6.2916, 1.5483)"
5.060000000000000142e+01,"(-0.3527, -3.2536)","(-4.3532, -2.3132)","(-5.1358, -4.5725)","(-5.686, -5.9584)","(5.8822, -0.5658)","(-17.3535, -11.3496)","(-6.6627, -20.1395)","(-9.3746, 0.7775)","(0.548, 15.5101)","(6.5312, 8.5247)","(1.8902, -4.252)","(6.0588, 7.0285)","(-0.3114, -0.2951)","(1.1067, 6.2281)","(-9.5031, -16.731)","(10.7457, 9.6138)","(13.4005, -5.1219)","(2.6891, 1.7702)","(10.6292, -12.3127)","(-10.6839, 2.6346)"
5.070000000000000284e+01,"(0.6968, -2.7651)","(-4.0018, -1.3752)","(-2.4995, -2.3058)","(-10.4779, -11.0147)","(1.9101, -0.2131)","(-17.9747, -10.7614)","(-5.1712, -13.1537)","(-5.0834, 0.407)","(0.7357, 14.8234)","(12.7731, 16.1124)","(0.0915, -3.6786)","(11.0374, 12.7831)","(-0.2059, -0.1113)","(1.0986, 8.0363)","(-16.0374, -18.5732)","(4.5658, 3.2876)","(19.1285, -7.545)","(1.6631, 0.7968)","(2.8078, -5.3039)","(-17.2102, 4.2924)"
5.080000000000000426e+01,"(1.894, -4.5355)","(-6.1835, -1.8978)","(-2.5921, -2.6202)","(-14.7659, -15.1757)","(1.0642, 0.0506)","(-8.2173, -3.7688)","(-2.56, -5.5131)","(-4.8503, 0.2026)","(0.7232, 10.8987)","(15.0119, 14.6868)","(-0.3791, -5.6638)","(14.4785, 15.2426)","(-0.422, -0.1895)","(1.5378, 12.4447)","(-10.8805, -0.6975)","(1.4046, 0.9435)","(13.9248, -6.1605)","(2.6994, 1.1462)","(0.5828, -2.4645)","(-18.0073, 4.8137)"
5.090000000000000568e+01,"(4.1208, -9.0078)","(-10.8408, -3.3315)","(-4.5206, -4.7156)","(-10.4117, -9.8385)","(1.8633, 0.2481)","(-2.8217, -0.9584)","(-1.0421, -2.4034)","(-7.6303, 0.1751)","(0.519, 8.2738)","(8.3475, 3.7833)","(-0.6757, -10.2413)","(9.7228, 7.6037)","(-1.018, -0.4576)","(2.284, 17.3764)","(-2.3565, 3.3463)","(0.4485, 0.3791)","(6.2751, -3.1621)","(5.4089, 2.2933)","(0.2349, -3.1451)","(-10.26, 3.1398)"
5.100000000000000000e+01,"(7.6379, -17.2919)","(-17.6732, -5.3226)","(-8.8148, -9.2525)","(-4.7038, -4.0436)","(4.0787, 0.6071)","(-1.2731, -0.2302)","(-0.8734, -2.5458)","(-13.4772, 0.2557)","(0.3756, 8.5094)","(3.0096, 0.3162)","(-1.3303, -17.837)","(4.3694, 2.6377)","(-2.6521, -1.2049)","(2.6975, 15.915)","(1.1322, 3.1349)","(0.6161, 0.6559)","(2.9723, -1.4332)","(11.6244, 4.9464)","(0.3438, -5.7066)","(-4.9864, 1.585)"
5.110000000000000142e+01,"(6.0627, -20.7169)","(-17.9863, -4.7698)","(-14.6734, -15.2259)","(-2.0003, -1.7859)","(9.5923, 1.4672)","(-1.9128, -0.2013)","(-1.4873, -4.7226)","(-19.8736, 0.5131)","(0.3664, 11.1835)","(1.1096, -0.4158)","(-2.8793, -19.8625)","(1.8557, 1.3924)","(-7.2011, -3.2892)","(2.1363, 9.585)","(2.7923, 4.5042)","(1.3448, 1.4854)","(3.1175, -1.2756)","(20.9547, 8.7187)","(0.73, -11.5004)","(-3.8517, 1.072)"
5.120000000000000284e+01,"(-1.1626, -10.4908)","(-9.8825, -1.9053)","(-12.666, -12.3591)","(-1.92, -1.9367)","(20.7327, 3.0384)","(-3.897, -0.3962)","(-3.0384, -9.8381)","(-16.1047, 0.8908)","(0.4827, 14.9212)","(1.344, -0.9892)","(-3.5221, -10.4936)","(1.8998, 2.0203)","(-18.3726, -8.266)","(1.2722, 5.9882)","(5.158, 8.4293)","(3.2527, 3.6266)","(5.5515, -2.1311)","(17.3512, 6.2653)","(1.0922, -20.6529)","(-5.7604, 1.4523)"
5.130000000000000426e+01,"(-1.6171, -3.342)","(-4.5735, -0.7979)","(-5.8373, -5.0812)","(-3.4423, -3.6141)","(23.3223, 2.1058)","(-8.8057, -0.9177)","(-5.9219, -18.9182)","(-7.8818, 0.7597)","(0.6937, 15.8753)","(2.6967, -2.0579)","(-1.9256, -4.2565)","(3.449, 4.0311)","(-25.763, -9.765)","(0.9511, 6.1511)","(9.6145, 15.077)","(8.1482, 9.1008)","(11.0365, -4.178)","(7.0451, 1.7469)","(-0.2771, -19.6013)","(-10.5302, 2.5837)"
5.140000000000000568e+01,"(-0.5374, -0.801)","(-3.3702, -0.8405)","(-2.0732, -1.736)","(-7.0998, -7.5196)","(9.5109, -1.0293)","(-19.0055, -1.9265)","(-7.0616, -20.2471)","(-3.8749, 0.3367)","(0.7751, 12.1807)","(6.1798, -4.6318)","(-0.6767, -2.5275)","(7.1863, 8.5703)","(-11.002, -0.5556)","(1.1644, 9.2663)","(13.9986, 15.3802)","(16.9915, 18.5695)","(19.2595, -7.4103)","(2.3324, 0.3355)","(-1.4788, -8.5527)","(-18.016, 4.4626)"
5.150000000000000000e+01,"(-0.0911, -0.1766)","(-5.1063, -1.5202)","(-0.9313, -0.8767)","(-13.6516, -14.3723)","(3.5916, -1.29)","(-24.0706, -1.719)","(-4.0772, -8.9016)","(-3.8236, 0.1514)","(0.5891, 8.566)","(13.8191, -10.4577)","(-0.3733, -3.6358)","(13.7113, 15.9309)","(-5.7497, 1.8738)","(1.8033, 14.8599)","(10.6053, 3.8449)","(14.3673, 13.3743)","(17.5715, -7.4539)","(1.6551, 0.022)","(-0.7864, -2.7912)","(-18.8625, 5.0493)"
5.160000000000000142e+01,"(0.0356, -0.1275)","(-9.6189, -2.9815)","(-1.3827, -1.4304)","(-15.0885, -15.1066)","(3.2428, -1.9052)","(-10.9194, 0.4932)","(-1.6227, -2.87)","(-6.4886, 0.1333)","(0.395, 7.8248)","(18.9687, -16.6802)","(-0.4374, -7.0463)","(14.6403, 14.1765)","(-6.172, 3.2815)","(2.6114, 18.5574)","(4.4779, 0.0352)","(6.3225, 3.7744)","(7.5965, -3.9129)","(2.8529, -0.0507)","(-0.2004, -0.7053)","(-9.8081, 3.0946)"
5.170000000000000284e+01,"(0.1333, -0.2804)","(-17.4313, -5.3524)","(-2.8964, -3.0521)","(-7.3853, -6.3935)","(5.2078, -3.2727)","(-3.8841, 0.7531)","(-0.5885, -0.8211)","(-12.409, 0.2048)","(0.3408, 9.8685)","(6.1564, -11.0947)","(-0.8079, -14.3105)","(7.4918, 4.4326)","(-8.8251, 4.9563)","(2.6539, 13.4419)","(1.8582, 0.7068)","(4.2568, 1.4714)","(2.5573, -1.4486)","(5.954, -0.0999)","(-0.0168, -0.3247)","(-4.0864, 1.3764)"
5.180000000000000426e+01,"(0.3532, -0.702)","(-19.9747, -5.4804)","(-6.6218, -7.0091)","(-2.623, -1.9908)","(9.678, -6.0557)","(-2.6625, 0.9602)","(-0.7239, -0.8034)","(-20.5202, 0.4473)","(0.4175, 13.7727)","(0.0486, -4.6481)","(-2.05, -22.5445)","(2.6861, 0.9091)","(-12.9912, 7.3665)","(1.7457, 7.2109)","(1.5601, 1.9393)","(5.8385, 1.5303)","(0.8809, -0.445)","(13.1441, -0.2074)","(0.0373, -0.6452)","(-2.497, 0.7227)"
5.190000000000000568e+01,"(0.9663, -1.8778)","(-10.7412, -2.001)","(-14.0818, -14.8279)","(-0.808, -0.5204)","(16.3082, -10.3929)","(-4.15, 1.6861)","(-1.4657, -1.5839)","(-17.9984, 0.9216)","(0.6211, 16.4809)","(-1.4935, -2.6704)","(-3.9753, -15.3509)","(1.1182, 0.0196)","(-14.8914, 9.0064)","(0.9743, 4.9652)","(2.5337, 4.1784)","(9.5694, 2.4567)","(1.0915, -0.435)","(23.541, -0.587)","(0.111, -1.5264)","(-3.7194, 0.9386)"
5.200000000000000000e+01,"(2.7271, -5.2366)","(-4.2209, -0.5421)","(-16.406, -16.4816)","(-0.8247, -0.4289)","(15.5351, -11.035)","(-7.903, 3.2068)","(-3.3542, -3.6417)","(-8.2035, 0.8804)","(0.7995, 13.8524)","(-2.8644, -3.651)","(-3.0563, -5.4601)","(1.581, -0.2577)","(-10.7301, 7.4751)","(0.866, 6.2517)","(5.2091, 9.1789)","(15.7243, 3.9964)","(2.3057, -0.8699)","(17.7639, -1.4038)","(0.3012, -3.8893)","(-7.2867, 1.7739)"
5.210000000000000142e+01,"(7.3626, -14.3341)","(-1.799, -0.3435)","(-7.4707, -6.3565)","(-1.648, -0.8304)","(7.0854, -6.2983)","(-15.2242, 6.1944)","(-8.0634, -8.7728)","(-3.0821, 0.3782)","(0.6796, 9.3361)","(-5.3089, -6.7406)","(-1.1359, -1.4858)","(3.2351, -0.5627)","(-6.4134, 4.8187)","(1.237, 10.3924)","(10.7971, 17.6689)","(18.7197, 4.2909)","(5.3821, -2.0051)","(6.6416, -1.2908)","(0.8086, -10.2548)","(-14.7304, 3.5733)"
5.220000000000000284e+01,"(11.3354, -27.2594)","(-2.2058, -0.6344)","(-2.9918, -2.075)","(-3.788, -1.9165)","(2.7582, -2.6534)","(-20.3425, 8.755)","(-16.4377, -17.6073)","(-1.8127, 0.1123)","(0.4383, 7.3935)","(-10.0351, -12.6721)","(-0.2854, -0.3089)","(7.4247, -1.2473)","(-5.3036, 3.5517)","(2.0403, 16.9051)","(15.4197, 14.9097)","(12.303, 2.0419)","(12.8668, -4.787)","(2.3265, -0.7566)","(1.6333, -23.6831)","(-22.1425, 5.5984)"
5.230000000000000426e+01,"(-2.5305, -14.1033)","(-4.3435, -1.3543)","(-2.6964, -1.5195)","(-9.2405, -4.6881)","(1.829, -1.4048)","(-11.6413, 6.0465)","(-14.4518, -13.8442)","(-2.9156, 0.066)","(0.3281, 8.5603)","(-14.5019, -16.1453)","(-0.0858, -0.0561)","(16.829, -2.8744)","(-6.9466, 4.0911)","(2.8398, 18.7274)","(9.1903, 0.2738)","(6.2014, 0.8016)","(23.7857, -9.1193)","(2.2638, -1.0196)","(-0.3915, -23.2049)","(-14.1842, 4.235)"
5.240000000000000568e+01,"(-6.2605, -3.115)","(-9.4818, -3.0081)","(-4.4502, -2.4002)","(-20.0964, -10.0923)","(2.9623, -1.9173)","(-4.3211, 2.6919)","(-6.1317, -4.3289)","(-6.0336, 0.0862)","(0.359, 12.1458)","(-10.8464, -7.7338)","(-0.1243, -0.0388)","(24.8918, -5.4661)","(-10.7923, 6.0769)","(2.5352, 11.2506)","(2.3153, -2.0289)","(4.2128, 0.7818)","(15.6292, -7.1538)","(3.9996, -1.8758)","(-2.7506, -8.318)","(-5.3623, 1.9585)"
5.250000000000000000e+01,"(-7.1485, 0.4137)","(-19.2261, -6.007)","(-8.498, -4.5928)","(-20.5863, -9.4817)","(5.9921, -3.7218)","(-1.3904, 0.858)","(-3.3761, -1.6486)","(-13.1567, 0.169)","(0.5265, 16.2436)","(-4.977, -2.0595)","(-0.2962, -0.0848)","(11.7242, -5.5647)","(-15.0512, 8.6752)","(1.425, 5.534)","(-0.2654, -1.6572)","(5.6162, 1.3552)","(5.3989, -3.4135)","(8.2072, -3.8297)","(-3.1027, -4.4013)","(-1.5382, 0.6196)"
5.260000000000000142e+01,"(-9.6661, 1.4895)","(-21.604, -5.8505)","(-15.7973, -8.5024)","(-8.2974, -2.7381)","(12.4637, -7.7039)","(-0.9928, 0.4625)","(-4.4393, -1.7458)","(-23.3026, 0.4663)","(0.7734, 15.728)","(-1.8037, -0.9173)","(-0.7725, -0.2248)","(3.3983, -3.3719)","(-13.6465, 8.826)","(0.7584, 4.0979)","(-1.318, -2.3123)","(9.8364, 2.5387)","(2.8176, -2.381)","(16.3718, -7.6792)","(-4.5628, -5.1103)","(-0.3398, 0.1484)"
5.270000000000000284e+01,"(-13.7381, 2.259)","(-9.6991, -1.3745)","(-18.9215, -9.7714)","(-4.0289, -0.7811)","(19.4764, -12.5965)","(-1.8994, 0.7787)","(-7.5142, -2.8951)","(-17.7141, 1.0933)","(0.7779, 10.7563)","(-1.321, -1.3479)","(-2.1295, -0.6292)","(1.3759, -2.9039)","(-7.9906, 6.0374)","(0.7613, 5.8834)","(-2.6911, -4.6545)","(16.8832, 4.3251)","(3.7064, -3.487)","(20.3517, -10.1153)","(-7.071, -7.7557)","(-0.1252, 0.0674)"
5.280000000000000426e+01,"(-16.3489, 3.5192)","(-3.3563, -0.0196)","(-10.3423, -4.6859)","(-4.7928, -0.5734)","(12.1598, -9.6776)","(-4.2439, 1.6968)","(-13.4838, -5.1987)","(-6.7266, 0.9979)","(0.5168, 7.392)","(-2.2206, -2.7895)","(-6.0651, -1.8067)","(1.623, -4.5746)","(-5.0216, 3.7083)","(1.2055, 10.5538)","(-5.7637, -10.2464)","(19.3612, 4.362)","(6.3912, -6.0481)","(9.8926, -5.941)","(-10.8059, -11.7436)","(-0.2232, 0.1311)"
5.290000000000000568e+01,"(-13.083, 4.5253)","(-1.9588, 0.3239)","(-4.0086, -1.6224)","(-7.8381, -0.8726)","(4.0129, -4.3695)","(-10.0326, 3.9859)","(-19.2452, -7.1464)","(-2.253, 0.5428)","(0.3353, 7.3927)","(-4.6812, -6.1564)","(-16.6662, -4.8799)","(2.963, -8.3838)","(-5.3125, 3.3119)","(2.1203, 17.9796)","(-11.8272, -18.8186)","(11.3218, 1.6667)","(11.3775, -10.7792)","(3.2966, -2.3805)","(-12.524, -12.7814)","(-0.5399, 0.3179)"
5.300000000000000000e+01,"(-8.3305, 3.742)","(-3.0786, 0.6839)","(-1.4322, -0.6218)","(-13.8048, -1.5411)","(1.017, -1.4386)","(-20.836, 8.427)","(-14.3633, -4.5795)","(-1.9685, 0.6738)","(0.3129, 10.2282)","(-10.1416, -13.277)","(-29.093, -6.7223)","(5.4465, -15.5374)","(-8.0901, 4.5903)","(2.9987, 19.3429)","(-15.3097, -12.5862)","(5.0592, 0.5314)","(14.7758, -14.4022)","(0.896, -0.7764)","(-9.1145, -8.1138)","(-1.4191, 0.8332)"
5.310000000000000142e+01,"(-6.7554, 2.3761)","(-6.1178, 1.3621)","(-1.4353, -0.7421)","(-19.923, -2.0546)","(0.3542, -0.838)","(-19.7487, 9.1096)","(-6.7507, -1.7419)","(-3.4718, 1.2502)","(0.4263, 14.9038)","(-16.0946, -18.3809)","(-13.0369, 2.1738)","(6.182, -20.4723)","(-12.9583, 7.2399)","(2.5609, 10.4002)","(-7.8669, 0.8902)","(3.0587, 0.5395)","(9.2806, -9.9307)","(0.6685, -0.7358)","(-5.3423, -4.4944)","(-3.9181, 2.2958)"
5.320000000000000284e+01,"(-8.1937, 1.7792)","(-12.9662, 2.8687)","(-2.8094, -1.5171)","(-15.5925, -1.0932)","(0.4929, -1.4657)","(-7.0699, 4.6193)","(-3.206, -0.9023)","(-7.2198, 2.5882)","(0.6829, 17.2194)","(-11.2653, -6.933)","(-5.3265, 4.6514)","(1.8907, -12.7622)","(-16.0406, 9.5238)","(1.2916, 4.4677)","(-1.5867, 2.157)","(4.2273, 1.0306)","(3.9622, -4.6276)","(1.2513, -1.4357)","(-4.0677, -3.8899)","(-10.8581, 6.3643)"
5.330000000000000426e+01,"(-11.9453, 1.9687)","(-22.2906, 5.2033)","(-6.2606, -3.4124)","(-7.5741, -0.2131)","(1.0648, -3.1756)","(-2.637, 2.4355)","(-3.2714, -1.1665)","(-15.2022, 5.4564)","(0.8495, 12.9899)","(-4.698, -0.6005)","(-4.1877, 6.4126)","(0.0548, -5.2828)","(-11.299, 7.9422)","(0.5671, 2.8522)","(0.65, 1.9361)","(7.935, 2.079)","(2.0789, -2.2783)","(2.8268, -3.2321)","(-5.2131, -5.5497)","(-23.718, 14.1063)"
5.340000000000000568e+01,"(-16.1881, 2.9423)","(-16.7183, 5.0469)","(-14.0438, -7.6509)","(-3.7873, -0.159)","(2.5548, -7.5317)","(-2.6139, 3.0224)","(-5.7336, -2.2015)","(-22.3589, 8.3513)","(0.6407, 8.0934)","(-1.9902, 0.7996)","(-5.2696, 8.9349)","(0.1916, -2.171)","(-5.9042, 4.7105)","(0.5377, 4.2038)","(1.7735, 3.0013)","(15.3182, 4.031)","(2.5994, -2.5457)","(6.8103, -7.7639)","(-8.3542, -9.1779)","(-15.8526, 10.6093)"
5.350000000000000000e+01,"(-15.3494, 4.3878)","(-6.2351, 2.7669)","(-22.2028, -11.757)","(-3.8892, -0.3551)","(5.8216, -17.3318)","(-4.3047, 5.1218)","(-11.3052, -4.4059)","(-12.607, 5.544)","(0.3756, 6.5499)","(-2.36, 1.7741)","(-7.1754, 12.3735)","(0.6506, -2.2444)","(-4.2199, 2.9709)","(0.8914, 8.089)","(3.5651, 6.1632)","(21.4962, 5.1758)","(4.8335, -4.5736)","(14.5553, -16.7546)","(-12.3696, -13.32)","(-5.882, 5.2084)"
5.360000000000000142e+01,"(-9.7892, 4.3596)","(-1.842, 1.0798)","(-12.8565, -5.8578)","(-6.6735, -0.7351)","(7.2666, -24.6586)","(-8.0153, 9.5112)","(-19.4664, -7.4335)","(-4.3995, 2.3697)","(0.2848, 8.2671)","(-4.4086, 3.4299)","(-7.7098, 14.3713)","(1.4751, -4.1912)","(-5.4962, 3.2506)","(1.7321, 15.8466)","(7.5138, 13.0287)","(13.631, 2.1402)","(9.6232, -9.0486)","(14.157, -17.65)","(-12.0092, -11.6735)","(-4.5524, 4.874)"
5.370000000000000284e+01,"(-6.5846, 2.8382)","(-1.0068, 0.838)","(-4.8521, -1.6772)","(-12.7619, -1.4545)","(1.3271, -11.7952)","(-12.8549, 15.5048)","(-17.6452, -5.9306)","(-1.4258, 0.9421)","(0.3369, 12.5593)","(-9.2236, 7.0808)","(-5.3936, 11.9819)","(3.267, -8.928)","(-9.192, 5.0994)","(2.9578, 22.2005)","(13.8152, 19.2276)","(5.4653, 0.342)","(15.6605, -14.9679)","(4.5744, -7.5344)","(-7.3434, -6.0981)","(-5.8724, 6.5963)"
5.380000000000000426e+01,"(-6.8712, 1.8175)","(-1.6574, 1.5154)","(-2.6656, -0.6144)","(-20.7022, -2.2258)","(-0.6074, -4.5776)","(-10.7929, 14.1643)","(-8.0206, -1.9644)","(-1.4458, 1.1353)","(0.5412, 17.2926)","(-16.593, 13.3419)","(-3.3777, 8.3172)","(6.4893, -18.1074)","(-14.8319, 8.2734)","(3.0595, 13.3982)","(13.4796, 6.8387)","(1.8191, 0.1216)","(11.9363, -12.4081)","(1.5093, -3.6091)","(-4.1079, -3.4701)","(-8.4402, 9.5173)"
5.390000000000000568e+01,"(-9.8174, 1.6869)","(-3.5127, 3.2084)","(-3.8413, -0.7108)","(-17.4188, -1.2916)","(-1.3139, -3.6833)","(-4.5952, 7.0733)","(-2.7907, -0.5677)","(-2.7006, 2.1646)","(0.8354, 15.9347)","(-13.4124, 14.4199)","(-3.2183, 6.8294)","(6.2051, -21.8384)","(-16.028, 9.8702)","(1.7505, 5.0424)","(5.4051, -1.5696)","(1.2338, 0.2496)","(4.6333, -5.596)","(1.319, -4.2296)","(-3.6896, -3.6945)","(-10.9083, 12.4164)"
5.400000000000000000e+01,"(-14.6647, 2.3186)","(-8.0463, 7.319)","(-7.0811, -1.2956)","(-7.8486, -0.121)","(-2.2915, -5.6195)","(-1.8314, 2.8976)","(-1.03, -0.2822)","(-5.8578, 4.6784)","(0.7994, 9.8919)","(-3.271, 7.6701)","(-4.3994, 7.9698)","(0.5223, -10.5233)","(-9.1702, 6.9942)","(0.5626, 1.5369)","(0.8998, -1.5545)","(2.2532, 0.584)","(1.4772, -1.8927)","(2.09, -6.9846)","(-5.484, -5.9745)","(-9.8532, 11.5629)"
5.410000000000000142e+01,"(-17.164, 3.804)","(-16.2051, 14.9376)","(-13.8878, -2.5487)","(-2.9433, -0.0099)","(-4.1023, -10.0842)","(-1.4569, 1.9273)","(-1.3463, -0.5005)","(-12.7592, 10.2007)","(0.4748, 6.356)","(-0.3263, 2.6633)","(-6.4779, 11.124)","(-0.7025, -3.5379)","(-4.4583, 3.6989)","(0.1605, 0.778)","(-0.563, -1.4498)","(4.9486, 1.3377)","(0.607, -0.6785)","(3.7798, -12.5966)","(-9.3592, -10.3697)","(-6.4712, 7.8673)"
5.420000000000000284e+01,"(-12.3724, 4.8142)","(-15.0094, 15.2857)","(-21.6272, -3.7861)","(-1.8212, -0.1266)","(-7.0362, -16.9854)","(-2.5303, 3.0475)","(-2.8158, -1.1035)","(-18.9994, 15.6062)","(0.2857, 6.5321)","(0.2588, 0.858)","(-8.0569, 14.3649)","(-0.795, -1.3757)","(-3.5601, 2.4129)","(0.1632, 1.3942)","(-1.4281, -2.4634)","(11.4784, 3.1305)","(0.9485, -0.9126)","(5.6119, -19.2877)","(-13.4477, -14.3582)","(-4.6361, 5.5731)"
5.430000000000000426e+01,"(-7.1756, 3.596)","(-5.0063, 6.8711)","(-15.8349, -2.1674)","(-2.9973, -0.3247)","(-8.158, -17.5298)","(-5.1834, 6.113)","(-6.5268, -2.5895)","(-10.004, 9.3079)","(0.2695, 9.6776)","(0.6679, 0.9331)","(-6.4911, 13.4887)","(-1.4592, -1.7677)","(-5.3125, 3.0447)","(0.3184, 3.1127)","(-3.0065, -5.3524)","(22.6254, 5.9385)","(2.0645, -1.9325)","(4.0639, -16.1968)","(-11.2752, -10.4441)","(-5.0088, 5.7858)"
5.440000000000000568e+01,"(-5.877, 2.0682)","(-1.4473, 2.894)","(-6.5839, -0.5221)","(-6.2346, -0.7267)","(-5.2826, -8.9335)","(-10.5648, 12.4603)","(-15.1133, -5.9851)","(-3.2799, 3.6645)","(0.3904, 15.1462)","(1.4272, 1.8817)","(-3.7493, 9.3868)","(-2.9224, -3.4774)","(-9.5548, 5.2159)","(0.7365, 7.5059)","(-6.704, -12.0654)","(19.538, 3.7642)","(4.8819, -4.5387)","(1.5042, -7.8833)","(-6.07, -4.7327)","(-7.1514, 8.0897)"
5.450000000000000000e+01,"(-7.6606, 1.5245)","(-1.0021, 2.9944)","(-2.184, -0.1437)","(-13.5756, -1.5995)","(-2.4413, -3.7789)","(-14.6676, 17.997)","(-24.1922, -9.0898)","(-1.3125, 1.8305)","(0.6891, 18.3582)","(3.2864, 4.4123)","(-2.9045, 6.7499)","(-6.3754, -7.6662)","(-15.968, 8.844)","(1.7679, 17.6259)","(-13.4593, -20.2559)","(7.5678, 0.137)","(11.5254, -10.7235)","(0.6975, -3.5645)","(-3.1784, -2.6694)","(-10.263, 11.6009)"
5.460000000000000142e+01,"(-11.9668, 1.7791)","(-1.5804, 5.0955)","(-1.063, -0.1405)","(-23.4736, -2.5646)","(-1.3293, -2.5824)","(-7.6393, 11.0674)","(-13.409, -3.665)","(-1.6584, 2.6054)","(0.917, 13.2879)","(7.8907, 10.6347)","(-3.6713, 6.954)","(-13.1047, -15.4645)","(-16.2901, 10.2064)","(3.4247, 26.019)","(-14.6473, -8.5168)","(3.1513, -0.5546)","(18.8958, -18.0882)","(0.8271, -3.119)","(-3.1363, -3.2149)","(-11.1155, 12.8361)"
5.470000000000000284e+01,"(-17.0928, 2.8924)","(-3.0841, 9.8763)","(-1.7555, -0.3119)","(-16.9904, -1.0503)","(-1.6898, -3.9776)","(-2.3851, 4.3387)","(-5.1337, -0.6025)","(-3.0964, 4.9026)","(0.6678, 7.4123)","(15.7849, 19.7389)","(-5.5555, 9.5554)","(-15.7817, -15.9219)","(-8.1164, 6.5976)","(3.5052, 11.9447)","(-5.8368, 2.3428)","(3.5286, -1.0949)","(9.6647, -10.8461)","(1.5498, -5.2338)","(-5.1212, -5.6584)","(-7.8194, 9.4272)"
5.480000000000000426e+01,"(-15.9662, 4.6629)","(-5.5647, 18.0923)","(-3.7972, -0.7063)","(-6.4369, 0.1871)","(-3.1195, -7.7334)","(-0.5731, 1.2933)","(-3.4435, 0.1151)","(-6.394, 10.095)","(0.3433, 5.3862)","(14.1888, 10.9464)","(-7.838, 13.4893)","(-8.3483, -4.9781)","(-3.4548, 3.0895)","(2.408, 4.2817)","(-0.4433, 2.5871)","(6.0452, -1.9717)","(3.0447, -4.5352)","(3.1173, -10.282)","(-9.381, -10.5014)","(-4.8894, 5.9824)"
5.490000000000000568e+01,"(-9.1573, 4.5839)","(-5.4251, 20.0118)","(-8.8866, -1.6723)","(-2.2084, 0.2782)","(-6.0854, -15.1039)","(-0.2125, 0.7712)","(-5.0959, 0.4016)","(-11.3652, 18.1499)","(0.2333, 6.868)","(6.624, 0.7664)","(-7.7208, 14.8242)","(-3.2415, -0.8593)","(-2.5524, 1.7699)","(2.7078, 3.203)","(1.4846, 2.8318)","(11.5722, -3.7505)","(1.6691, -3.3704)","(5.5916, -18.6953)","(-14.1872, -15.2692)","(-4.3114, 5.0689)"
5.500000000000000000e+01,"(-5.5586, 2.7098)","(-1.7791, 10.1636)","(-19.5464, -3.6348)","(-2.089, 0.4663)","(-8.9363, -20.5076)","(-0.3169, 1.388)","(-9.1584, 0.7299)","(-9.6615, 16.5656)","(0.2698, 11.2179)","(3.4268, -1.6149)","(-4.5992, 11.0678)","(-2.1258, 0.1672)","(-4.0259, 2.2857)","(4.3355, 4.7284)","(2.9837, 4.9072)","(19.3458, -6.4611)","(2.2603, -5.0432)","(5.2549, -19.675)","(-11.5806, -10.5692)","(-5.7747, 6.5639)"
5.510000000000000142e+01,"(-5.7823, 1.5573)","(-0.4175, 3.7727)","(-23.9663, -3.9278)","(-3.7388, 0.8912)","(-6.5875, -11.5987)","(-0.7021, 3.0726)","(-16.5497, 1.342)","(-3.5754, 7.2725)","(0.4581, 17.4444)","(4.0603, -3.1689)","(-2.8013, 7.1962)","(-3.3744, 0.6038)","(-7.7918, 4.1931)","(7.6142, 8.3114)","(5.8468, 9.8987)","(17.1166, -6.6678)","(3.9749, -8.8883)","(1.789, -9.5742)","(-5.7219, -4.1582)","(-8.8276, 9.9378)"
5.520000000000000284e+01,"(-8.7565, 1.3943)","(-0.2123, 1.3179)","(-10.37, -0.8172)","(-7.8079, 1.8477)","(-3.05, -4.1279)","(-1.7136, 7.4189)","(-20.8229, 2.0963)","(-1.021, 2.3856)","(0.8329, 18.027)","(6.8778, -5.5191)","(-3.0028, 6.1702)","(-6.6868, 1.1949)","(-14.8584, 8.01)","(12.5387, 13.5076)","(11.177, 17.244)","(7.5481, -3.8253)","(6.9085, -15.523)","(0.4692, -3.4551)","(-2.4213, -1.839)","(-11.611, 13.2071)"
5.530000000000000426e+01,"(-14.2585, 1.9774)","(-0.3939, 1.3976)","(-4.0131, 0.1061)","(-16.3195, 3.8747)","(-0.9451, -1.2396)","(-3.9957, 17.4433)","(-12.4611, 2.0234)","(-0.2362, 0.6738)","(0.9211, 10.7305)","(12.1318, -9.7803)","(-4.4994, 7.8914)","(-13.956, 2.4699)","(-18.8677, 11.1715)","(13.2592, 13.1939)","(14.5647, 13.0957)","(2.769, -1.5166)","(7.8894, -18.6465)","(0.1993, -1.1368)","(-1.9725, -1.9719)","(-9.7986, 11.5808)"
5.540000000000000568e+01,"(-18.5049, 3.5994)","(-0.8746, 2.8007)","(-3.5632, 0.4199)","(-23.0412, 5.8397)","(-0.3616, -0.6885)","(-5.2342, 25.7189)","(-5.2139, 1.12)","(-0.1655, 0.6518)","(0.5326, 5.6418)","(15.205, -13.7252)","(-6.9612, 11.7322)","(-22.6262, 4.661)","(-9.8371, 7.8401)","(7.7438, 6.5199)","(8.7011, 1.0221)","(1.5845, -0.6694)","(4.1054, -11.2896)","(0.3257, -1.1699)","(-3.2924, -3.6531)","(-5.8182, 7.1741)"
5.550000000000000000e+01,"(-13.4781, 5.2075)","(-2.023, 6.3416)","(-5.7132, 0.7729)","(-12.4277, 4.0012)","(-0.5313, -1.2913)","(-0.9774, 12.2467)","(-2.4863, 0.4249)","(-0.3202, 1.3304)","(0.254, 4.7128)","(8.3121, -10.8272)","(-8.5613, 15.2722)","(-15.2441, 5.4471)","(-3.3563, 3.519)","(3.6158, 2.9044)","(2.8575, -0.7904)","(2.5512, -0.8624)","(1.634, -5.0236)","(0.722, -2.3775)","(-6.6205, -7.5189)","(-3.9692, 4.7982)"
5.560000000000000142e+01,"(-6.7063, 3.9747)","(-4.6449, 14.5608)","(-10.59, 1.4247)","(-4.3224, 1.7998)","(-1.1442, -2.9087)","(0.4687, 4.8687)","(-3.0221, 0.2999)","(-0.7579, 3.1296)","(0.1955, 6.9718)","(2.9066, -5.4928)","(-6.1192, 13.341)","(-5.2142, 3.4243)","(-1.1507, 1.1369)","(2.4668, 2.3586)","(0.8037, -0.0997)","(5.3017, -1.7004)","(1.0433, -2.7829)","(1.6862, -5.4545)","(-12.7607, -14.3337)","(-4.4941, 5.1729)"
5.570000000000000284e+01,"(-4.573, 2.0009)","(-7.3011, 24.3501)","(-18.474, 2.5372)","(-1.4433, 0.7727)","(-2.7351, -7.0449)","(1.0136, 4.1511)","(-5.7308, 0.4554)","(-1.9168, 7.8711)","(0.2622, 12.2187)","(1.8675, -2.6543)","(-3.1068, 8.4574)","(-1.3371, 1.322)","(-1.0868, 0.6924)","(3.5647, 3.8068)","(0.4316, 0.4228)","(11.6838, -3.7076)","(1.5744, -3.6421)","(3.9995, -12.9077)","(-15.1525, -15.3545)","(-6.8859, 7.754)"
5.580000000000000426e+01,"(-5.7849, 1.2274)","(-2.9262, 14.7412)","(-19.647, 3.0955)","(-1.5657, 1.0108)","(-6.477, -16.5621)","(1.7405, 6.314)","(-11.8889, 0.8969)","(-4.5447, 18.814)","(0.5027, 19.0737)","(2.8499, -2.6145)","(-2.4787, 5.8454)","(-0.4468, 0.888)","(-2.1717, 1.1751)","(6.6514, 7.3028)","(0.6439, 1.0764)","(21.6405, -7.1072)","(3.0519, -6.8076)","(7.1947, -24.079)","(-8.2805, -6.1478)","(-10.5866, 11.9131)"
5.590000000000000568e+01,"(-9.6602, 1.3073)","(-0.1623, 5.5132)","(-10.1048, 2.1)","(-2.9648, 1.9519)","(-10.4148, -24.1295)","(3.0456, 11.0654)","(-21.3832, 1.7595)","(-5.6609, 25.726)","(0.9379, 17.5521)","(5.4794, -4.3935)","(-3.4388, 6.3543)","(-0.5852, 1.5796)","(-4.8732, 2.5484)","(12.1869, 13.3068)","(1.402, 2.5964)","(17.7289, -7.1077)","(6.0431, -13.418)","(3.9193, -17.0382)","(-3.1247, -1.7252)","(-11.8479, 13.649)"
5.600000000000000000e+01,"(-16.1505, 2.1514)","(0.461, 3.05)","(-4.0471, 0.9464)","(-6.466, 4.2396)","(-6.8, -10.3576)","(5.0223, 17.8644)","(-19.0849, 2.3962)","(-1.3301, 11.0925)","(0.9188, 9.1028)","(10.8137, -8.4705)","(-5.5817, 9.3859)","(-1.2555, 3.3991)","(-11.3366, 5.8911)","(14.6659, 14.9325)","(3.4227, 6.5756)","(6.4344, -3.778)","(8.9019, -20.3912)","(0.5629, -6.4572)","(-0.8492, -0.3645)","(-7.8202, 9.5074)"
5.610000000000000142e+01,"(-19.0312, 4.2286)","(0.9559, 4.2775)","(-2.1799, 0.4077)","(-14.0459, 9.2246)","(-3.6455, -3.3038)","(5.5494, 17.5968)","(-7.9008, 1.7867)","(0.0408, 5.0013)","(0.4483, 4.3473)","(16.5729, -13.9983)","(-8.3122, 14.0517)","(-2.997, 7.9876)","(-21.2712, 11.5571)","(8.5778, 7.141)","(8.5166, 15.8827)","(1.9905, -1.636)","(5.3853, -14.2612)","(-0.209, -3.4765)","(-0.3589, -0.0666)","(-4.3409, 5.4066)"
5.620000000000000284e+01,"(-11.2511, 5.4545)","(1.7493, 7.7126)","(-3.133, 0.4501)","(-20.3335, 13.7978)","(-3.6817, -2.1455)","(3.5756, 9.2539)","(-2.4758, 0.7569)","(0.4704, 5.2033)","(0.1911, 3.7338)","(10.5162, -12.6444)","(-8.1153, 15.588)","(-6.6249, 17.9784)","(-15.1152, 10.733)","(3.5233, 2.5257)","(16.4, 21.4471)","(1.4666, -1.6797)","(1.7524, -5.8825)","(-0.5786, -4.6734)","(-0.6139, -0.0471)","(-3.5295, 4.1811)"
5.630000000000000426e+01,"(-5.0311, 3.4248)","(3.3066, 14.5917)","(-6.2106, 0.8287)","(-10.3476, 8.103)","(-5.77, -3.0348)","(1.7196, 4.2689)","(-0.7056, 0.2987)","(0.8232, 7.9749)","(0.1501, 6.0046)","(2.7828, -6.3521)","(-4.2364, 10.8767)","(-7.1231, 23.9612)","(-4.3306, 5.4088)","(1.3737, 1.1303)","(12.2484, 0.8862)","(2.4613, -2.9962)","(0.5266, -1.8846)","(-1.0395, -8.1262)","(-1.4029, -0.1023)","(-4.8808, 5.5378)"
5.640000000000000568e+01,"(-3.6839, 1.5161)","(5.1149, 20.9792)","(-13.0812, 1.7221)","(-3.4084, 3.2482)","(-10.1045, -5.3211)","(1.0958, 3.3466)","(-0.7391, 0.4128)","(1.3766, 13.3381)","(0.2137, 11.3437)","(0.8102, -2.2273)","(-2.2701, 6.4032)","(-0.1857, 11.0489)","(-1.1319, 2.9366)","(1.4731, 1.5312)","(2.16, -4.7941)","(5.0479, -6.1169)","(0.3089, -0.8299)","(-1.8981, -14.8399)","(-3.5254, -0.2709)","(-8.0833, 9.0552)"
5.650000000000000000e+01,"(-5.2575, 0.9568)","(4.4098, 14.0786)","(-22.4794, 3.1136)","(-1.4605, 1.7541)","(-16.4411, -8.4964)","(1.4849, 5.238)","(-1.5077, 0.8661)","(2.0824, 18.899)","(0.4435, 19.4888)","(0.7727, -0.9718)","(-2.4938, 5.2119)","(1.43, 4.0371)","(-0.7549, 3.846)","(2.8232, 3.1098)","(-2.1282, -4.6319)","(10.4186, -12.6476)","(0.5962, -1.3487)","(-2.9303, -20.7581)","(-9.2544, -0.7285)","(-12.0377, 13.5771)"
5.660000000000000142e+01,"(-9.4727, 1.1244)","(2.3236, 5.754)","(-17.2767, 3.054)","(-1.9322, 2.5893)","(-16.8101, -7.7513)","(2.7072, 9.9247)","(-3.5456, 2.0262)","(2.1443, 15.6733)","(0.9577, 19.2367)","(1.5911, -1.3178)","(-4.0156, 6.9373)","(2.2581, 2.9745)","(-1.2095, 6.7317)","(6.1574, 6.8715)","(-4.2383, -6.4171)","(14.5237, -18.4883)","(1.3377, -2.9433)","(-2.7279, -14.3085)","(-22.0361, -1.5708)","(-11.1173, 13.0304)"
5.670000000000000284e+01,"(-16.8228, 2.0339)","(0.8563, 2.2023)","(-6.7123, 1.6974)","(-3.6335, 4.898)","(-9.4121, -3.3373)","(4.9108, 17.8013)","(-8.8091, 5.0182)","(1.4183, 8.2926)","(1.0346, 9.3669)","(3.5232, -2.691)","(-6.7548, 11.1218)","(3.8539, 4.4762)","(-2.3368, 12.8295)","(12.8813, 14.2653)","(-7.0758, -10.7098)","(7.2394, -11.3281)","(3.2029, -6.9954)","(-1.5531, -6.2576)","(-25.0072, -0.0513)","(-6.0911, 7.6083)"
5.680000000000000426e+01,"(-20.0799, 4.4244)","(0.5224, 1.9241)","(-2.0386, 0.6516)","(-7.4736, 10.0493)","(-4.3944, -1.4516)","(6.0177, 19.5772)","(-19.4656, 11.2194)","(0.7465, 4.6882)","(0.4941, 3.6378)","(8.1844, -6.1279)","(-9.2311, 15.9283)","(7.0216, 8.188)","(-3.381, 20.651)","(16.3125, 16.6797)","(-11.164, -15.027)","(2.0877, -4.4269)","(7.3979, -16.217)","(-0.6349, -2.8281)","(-9.2298, 2.6642)","(-3.3256, 4.1475)"
5.690000000000000568e+01,"(-10.669, 5.8208)","(0.8134, 3.5387)","(-0.9996, 0.4311)","(-12.9092, 17.5897)","(-3.216, -1.4158)","(3.9097, 9.9085)","(-19.5412, 12.4068)","(0.6007, 4.9829)","(0.1513, 1.9865)","(16.8776, -13.07)","(-6.7818, 14.5294)","(12.1999, 13.9589)","(-1.2878, 17.1663)","(8.483, 6.4883)","(-12.5623, -10.6428)","(0.458, -1.4318)","(10.2958, -23.7988)","(-0.4521, -2.9623)","(-4.4532, 2.9518)","(-3.2282, 3.7611)"
5.700000000000000000e+01,"(-3.968, 3.3772)","(1.6688, 7.5509)","(-1.6222, 0.7703)","(-10.321, 15.1822)","(-4.8186, -2.4684)","(1.7089, 3.7803)","(-6.7197, 5.8368)","(0.8546, 8.1684)","(0.0824, 2.9798)","(15.7716, -16.0045)","(-2.8276, 8.5502)","(13.8528, 13.9035)","(0.5751, 7.664)","(3.2926, 1.7348)","(-8.3394, -3.2695)","(0.1899, -1.2793)","(3.7893, -11.7076)","(-0.6939, -5.3817)","(-4.8586, 4.2931)","(-5.0919, 5.7274)"
5.710000000000000142e+01,"(-2.4023, 1.2459)","(3.5646, 16.0942)","(-3.4388, 1.6354)","(-3.7975, 6.5953)","(-9.0311, -4.7937)","(0.6618, 1.7384)","(-2.7837, 3.3807)","(1.4736, 14.4462)","(0.101, 6.0231)","(3.066, -8.5849)","(-1.8305, 4.9739)","(8.3407, 6.1035)","(0.2901, 2.8709)","(2.0573, 0.5898)","(-4.4647, -2.0829)","(0.2886, -2.4016)","(0.8308, -4.6916)","(-1.3598, -10.9804)","(-7.2947, 6.6452)","(-8.9387, 9.9775)"
5.720000000000000284e+01,"(-3.4314, 0.6474)","(5.7254, 23.4491)","(-8.0025, 3.7907)","(-1.0875, 2.1355)","(-16.2792, -8.5584)","(0.6788, 2.3292)","(-2.9567, 4.3197)","(2.2395, 20.1435)","(0.1914, 12.9299)","(-0.5632, -3.4362)","(-2.5634, 4.8837)","(3.6437, 2.2877)","(-0.1316, 1.8449)","(3.2475, 0.6882)","(-3.4186, -3.5238)","(0.6484, -5.2856)","(0.2134, -3.9142)","(-2.5975, -20.2033)","(-11.2937, 10.3498)","(-13.0448, 14.7373)"
5.730000000000000426e+01,"(-6.5793, 0.7093)","(4.4129, 12.6866)","(-17.6143, 8.3866)","(-0.2473, 0.5708)","(-18.5629, -8.7987)","(1.2619, 4.6593)","(-4.694, 7.0025)","(2.1427, 14.7298)","(0.5105, 22.8547)","(-1.8482, -2.7209)","(-4.4992, 7.4701)","(1.9168, 1.6506)","(-0.5116, 3.0488)","(6.3494, 1.3374)","(-4.4705, -6.4713)","(1.5229, -12.2695)","(0.1667, -6.0265)","(-3.2571, -20.0102)","(-13.1161, 12.6843)","(-10.3929, 12.3706)"
5.740000000000000568e+01,"(-13.3752, 1.2573)","(2.1773, 4.3058)","(-21.8711, 10.964)","(-0.1544, 0.4816)","(-10.1536, -3.4879)","(2.7081, 10.168)","(-8.0307, 11.9828)","(1.2793, 6.9236)","(1.1894, 17.9632)","(-3.3927, -4.2841)","(-7.7584, 12.6186)","(2.4837, 2.7471)","(-1.195, 6.3374)","(13.2226, 2.8057)","(-7.5394, -11.6969)","(2.6841, -23.7022)","(0.3011, -10.7574)","(-2.2167, -8.8129)","(-8.7668, 9.6918)","(-4.9695, 6.3635)"
5.750000000000000000e+01,"(-21.9694, 3.1036)","(1.1086, 1.5291)","(-9.1385, 5.5541)","(-0.2968, 0.9822)","(-4.0462, -1.0736)","(5.4578, 20.0868)","(-10.7765, 16.5155)","(0.5857, 3.5316)","(1.0992, 6.9497)","(-6.4419, -8.2214)","(-9.6776, 17.1208)","(4.6989, 5.5252)","(-2.6334, 13.7571)","(22.3006, 4.3932)","(-12.0944, -16.0362)","(0.7892, -19.1572)","(0.4481, -18.1962)","(-0.9274, -2.8975)","(-4.7122, 5.6544)","(-2.5338, 3.1879)"
5.760000000000000142e+01,"(-15.8164, 6.3375)","(1.5926, 1.7655)","(-3.2369, 2.4596)","(-0.7062, 2.3271)","(-1.7527, -0.6309)","(6.4726, 20.5778)","(-7.5521, 12.7247)","(0.461, 3.8835)","(0.5471, 2.1981)","(-11.8065, -14.6686)","(-5.4572, 13.2003)","(9.5358, 11.2926)","(-3.9205, 23.4265)","(16.944, 2.0036)","(-12.6423, -9.1641)","(-0.9639, -7.1525)","(0.0253, -19.4181)","(-0.2573, -0.7077)","(-3.7446, 4.0025)","(-2.6487, 3.0663)"
5.770000000000000284e+01,"(-4.7838, 5.0245)","(3.0485, 3.3164)","(-2.5479, 2.3429)","(-1.8103, 5.9331)","(-2.1551, -1.0745)","(3.7459, 8.3607)","(-3.4644, 6.4946)","(0.6998, 6.8355)","(0.5577, 1.4909)","(-14.3669, -14.5855)","(-1.9262, 6.8458)","(15.3013, 17.0075)","(-0.6582, 16.5373)","(6.7206, -0.1598)","(-7.3023, -1.8415)","(-1.0223, -3.0015)","(-0.5625, -10.5561)","(-0.0839, -0.1794)","(-5.1376, 4.8654)","(-4.5399, 5.0812)"
5.780000000000000426e+01,"(-1.0751, 1.8636)","(6.4809, 7.0885)","(-3.9976, 3.8193)","(-4.5759, 15.0293)","(-4.2204, -2.2538)","(1.6009, 2.6531)","(-2.0308, 3.5794)","(1.3084, 13.1778)","(1.0369, 2.5577)","(-8.9197, -5.2129)","(-1.4613, 3.8881)","(11.7658, 9.7868)","(1.1921, 6.1039)","(2.0265, -0.276)","(-3.4836, -1.3591)","(-1.6499, -3.4496)","(-0.3522, -4.6058)","(-0.1272, -0.2178)","(-8.5248, 7.7603)","(-8.5882, 9.5454)"
5.790000000000000568e+01,"(-0.2366, 0.4396)","(13.1188, 14.2415)","(-7.4335, 7.0924)","(-7.7289, 26.58)","(-9.1688, -4.9695)","(1.2167, 1.4495)","(-2.527, 3.9376)","(2.2359, 21.0625)","(2.1708, 5.3687)","(-3.6512, -1.3822)","(-2.3817, 4.319)","(5.2655, 2.7196)","(0.9221, 1.9507)","(0.834, -0.2799)","(-2.6247, -2.8064)","(-2.9324, -5.947)","(-0.0668, -2.9719)","(-0.2948, -0.4959)","(-12.9725, 11.951)","(-13.6787, 15.369)"
5.800000000000000000e+01,"(-0.1415, 0.0774)","(15.8682, 16.0813)","(-13.1856, 12.638)","(-2.9606, 14.3655)","(-18.269, -9.7372)","(2.0785, 2.2512)","(-4.4708, 6.6776)","(2.362, 16.8346)","(4.8166, 11.9447)","(-1.3603, -0.8381)","(-4.4769, 7.2497)","(1.6324, 0.5821)","(1.3401, 1.6596)","(1.2695, -0.5558)","(-3.6444, -5.5294)","(-5.579, -11.3628)","(0.0837, -4.3809)","(-0.7482, -1.2635)","(-12.4765, 12.5631)","(-11.1863, 13.2887)"
5.810000000000000142e+01,"(-0.3124, 0.0345)","(8.1106, 6.5288)","(-14.4385, 14.357)","(-0.3769, 6.0487)","(-19.6921, -9.1202)","(4.1803, 4.5274)","(-8.2216, 12.2048)","(1.4498, 7.3041)","(8.9509, 21.718)","(-1.3362, -1.4948)","(-8.1571, 13.0524)","(0.4504, 0.0622)","(2.5258, 2.9163)","(2.7008, -1.1935)","(-6.6304, -10.8579)","(-9.3177, -18.4948)","(0.2486, -8.4046)","(-2.0156, -3.4155)","(-6.7307, 7.9964)","(-4.8365, 6.3359)"
5.820000000000000284e+01,"(-0.7614, 0.0498)","(3.0206, 1.8749)","(-7.2806, 7.9794)","(0.2262, 5.32)","(-8.938, -2.4372)","(8.9406, 9.7072)","(-11.461, 17.5005)","(0.5563, 2.6547)","(7.723, 16.519)","(-2.4804, -3.1816)","(-10.2789, 18.108)","(0.4527, -0.0603)","(5.2682, 6.136)","(6.3887, -2.7972)","(-11.8165, -17.1305)","(-8.7945, -15.3799)","(0.4861, -16.3143)","(-5.5431, -9.3982)","(-3.5658, 4.3304)","(-1.8899, 2.5092)"
5.830000000000000426e+01,"(-1.9801, 0.105)","(1.4567, 0.6011)","(-2.8155, 3.2742)","(0.5018, 7.6773)","(-3.1253, -0.283)","(15.7794, 16.7739)","(-7.5084, 12.8258)","(0.2318, 1.6294)","(3.5601, 5.9546)","(-5.4122, -7.1666)","(-5.0331, 13.048)","(0.9561, -0.1603)","(11.0523, 12.8171)","(15.0117, -6.5938)","(-13.8126, -10.9915)","(-4.6305, -6.5438)","(0.3105, -22.2546)","(-13.0565, -21.8209)","(-3.4141, 3.4912)","(-1.4151, 1.6796)"
5.840000000000000568e+01,"(-5.4055, 0.2518)","(2.1774, 0.6959)","(-1.4354, 1.5379)","(0.8173, 12.3941)","(-1.8772, 0.254)","(12.8173, 12.0983)","(-3.0003, 5.909)","(0.2863, 2.7406)","(1.5504, 2.0409)","(-11.6127, -15.0983)","(-1.3377, 6.0662)","(2.3213, -0.3788)","(16.2437, 17.3868)","(23.7172, -11.1407)","(-7.8538, -1.0784)","(-1.7903, -2.4103)","(-0.5971, -13.2574)","(-12.4055, -18.3417)","(-5.3732, 4.9623)","(-2.4427, 2.7368)"
5.850000000000000000e+01,"(-14.6284, 0.7275)","(4.3297, 1.3636)","(-2.0299, 1.9786)","(1.2789, 17.964)","(-2.9913, 0.6192)","(5.493, 4.0704)","(-1.3961, 2.6108)","(0.5588, 5.7773)","(1.7976, 1.9534)","(-16.2379, -17.3589)","(-0.8904, 2.831)","(6.0253, -0.9574)","(10.237, 7.844)","(11.5661, -7.4877)","(-2.9352, -0.0149)","(-0.914, -1.5516)","(-0.566, -5.1042)","(-5.964, -6.094)","(-9.4645, 8.5263)","(-5.0524, 5.5897)"
5.860000000000000142e+01,"(-28.5225, 3.2541)","(9.5099, 3.0221)","(-4.0472, 3.8555)","(1.55, 16.5582)","(-6.0059, 1.2444)","(1.9049, 1.0984)","(-1.6003, 2.5202)","(1.2223, 12.8203)","(3.2255, 3.4153)","(-9.8003, -4.7803)","(-1.5855, 2.9153)","(15.4807, -2.4903)","(4.173, 1.9552)","(3.6612, -3.7265)","(-1.4226, -0.966)","(-1.3208, -2.6215)","(-0.1804, -1.5957)","(-4.9926, -3.7792)","(-14.1758, 13.0974)","(-10.5559, 11.6727)"
5.870000000000000284e+01,"(-13.3126, 8.8908)","(19.3768, 6.0584)","(-8.655, 8.2069)","(1.2169, 9.5568)","(-12.8618, 2.6402)","(1.4904, 0.5874)","(-2.9926, 4.4542)","(2.3815, 23.3046)","(6.5371, 6.945)","(-3.859, -0.0319)","(-3.2128, 5.1348)","(27.4582, -5.482)","(1.6358, 0.3004)","(2.0659, -3.2147)","(-1.5904, -2.3067)","(-2.6685, -5.4844)","(-0.0161, -0.9481)","(-6.6831, -4.5905)","(-11.6975, 12.2198)","(-15.6512, 17.6872)"
5.880000000000000426e+01,"(-0.3854, 7.0396)","(21.6449, 5.848)","(-15.8449, 15.1732)","(0.6795, 5.5151)","(-22.4356, 4.9573)","(2.6392, 0.9397)","(-6.138, 9.0262)","(2.5984, 18.0348)","(12.7768, 13.5129)","(-2.1353, 1.1805)","(-6.6017, 10.2665)","(13.3065, -6.2935)","(1.9738, -0.0367)","(2.8168, -4.9612)","(-2.9348, -5.0528)","(-5.7994, -11.9895)","(0.0469, -1.7486)","(-9.7881, -6.6663)","(-5.3857, 6.8333)","(-8.9006, 11.0948)"
5.890000000000000568e+01,"(3.395, 5.6345)","(9.6086, 1.3274)","(-13.5881, 13.86)","(0.4715, 5.4312)","(-16.9143, 5.2762)","(5.5535, 1.9859)","(-11.2691, 16.7397)","(1.6042, 6.7604)","(15.5494, 15.7405)","(-3.0173, 2.3433)","(-11.1153, 18.0725)","(3.9931, -4.7812)","(3.7686, -0.1463)","(4.9768, -8.7775)","(-6.305, -11.2144)","(-10.478, -20.9707)","(0.135, -3.9004)","(-13.5031, -9.1052)","(-2.696, 3.361)","(-2.9892, 4.3035)"
5.900000000000000000e+01,"(5.5885, 7.0722)","(3.3522, -0.0098)","(-5.1033, 6.0454)","(0.575, 8.3768)","(-6.1311, 3.1423)","(12.3449, 4.4302)","(-10.822, 17.3489)","(0.8196, 2.3893)","(8.222, 7.2248)","(-5.8235, 4.5306)","(-7.8174, 16.938)","(2.1493, -5.2293)","(8.1932, -0.2782)","(8.535, -15.1832)","(-12.6796, -19.5163)","(-8.967, -15.0572)","(0.3425, -9.3188)","(-13.5857, -8.7893)","(-2.8176, 2.8305)","(-0.8341, 1.3995)"
5.910000000000000142e+01,"(8.3174, 10.3347)","(2.1324, -0.3692)","(-1.5049, 2.0515)","(0.9255, 14.1992)","(-1.7771, 1.3177)","(22.3548, 7.758)","(-4.1774, 8.2737)","(1.0323, 2.3323)","(3.047, 2.3333)","(-11.7549, 9.124)","(-1.4542, 7.9082)","(2.5917, -7.6713)","(17.5363, -0.648)","(9.2281, -17.7249)","(-14.9366, -10.414)","(-4.231, -5.1671)","(0.6925, -20.6191)","(-9.3974, -5.7044)","(-4.8358, 4.4041)","(-0.6016, 1.2402)"
5.920000000000000284e+01,"(11.2039, 12.8362)","(3.4033, -0.7596)","(-0.6947, 1.1763)","(1.4381, 19.4393)","(-1.0411, 1.1907)","(17.2354, 4.7934)","(-1.2174, 2.8808)","(1.8772, 4.1039)","(0.8472, 0.5766)","(-17.2726, 14.7957)","(-0.101, 2.6432)","(4.0688, -12.1311)","(24.1649, -1.9559)","(4.4337, -10.6086)","(-6.8076, 1.5581)","(-1.7193, -1.5317)","(0.0968, -24.1131)","(-6.2073, -3.768)","(-9.1547, 8.1569)","(-1.0776, 2.3099)"
5.930000000000000426e+01,"(11.0461, 9.9252)","(6.7398, -1.5027)","(-1.0641, 1.9549)","(1.5726, 14.8659)","(-1.7095, 2.1633)","(6.7029, 0.9303)","(-0.2771, 0.7263)","(3.8142, 8.3716)","(0.4667, 0.2468)","(-9.1284, 12.0846)","(-0.0754, 0.7003)","(5.3888, -17.0564)","(11.8965, -3.2236)","(1.7192, -4.749)","(-1.0865, 2.1993)","(-1.8115, -1.1621)","(-1.0766, -9.8547)","(-5.8861, -3.8152)","(-14.8569, 13.5523)","(-2.3574, 5.0369)"
5.940000000000000568e+01,"(7.8094, 5.4405)","(14.0166, -3.1145)","(-2.2063, 4.0577)","(1.0597, 7.5311)","(-3.6057, 4.5456)","(2.5304, -0.0213)","(-0.0501, 0.1542)","(7.5755, 16.5533)","(0.8598, 0.4153)","(-1.9258, 5.5767)","(-0.2496, 0.4863)","(3.7883, -15.5687)","(3.821, -2.1234)","(1.2284, -2.7216)","(0.9068, 2.1337)","(-3.279, -1.9888)","(-0.9956, -3.9523)","(-8.0609, -5.4416)","(-12.5184, 13.0243)","(-5.4207, 11.5617)"
5.950000000000000000e+01,"(5.3191, 4.2307)","(22.4945, -5.3426)","(-5.0001, 9.166)","(0.5236, 4.3119)","(-8.0507, 10.113)","(2.6746, -0.345)","(-0.018, 0.0959)","(9.7444, 20.3019)","(1.9557, 0.9441)","(-0.2935, 1.7119)","(-0.6246, 0.971)","(1.4044, -9.3338)","(1.4977, -1.5477)","(1.9792, -3.6394)","(2.1, 3.5165)","(-6.8031, -4.1503)","(-1.4056, -3.8592)","(-12.044, -8.1903)","(-5.1157, 6.8543)","(-10.0528, 21.7872)"
5.960000000000000142e+01,"(5.1331, 5.489)","(15.1988, -4.7754)","(-10.1483, 18.7562)","(0.3932, 4.897)","(-14.4017, 18.6424)","(4.746, -0.6877)","(-0.0325, 0.2065)","(5.5575, 9.9356)","(4.8606, 2.3575)","(-0.0442, 0.3806)","(-1.5209, 2.2802)","(0.9929, -5.7118)","(1.8557, -2.5009)","(3.8809, -6.8146)","(4.2146, 7.2868)","(-14.2083, -8.6466)","(-2.3684, -6.1918)","(-14.6891, -9.7491)","(-1.9666, 2.7902)","(-7.0933, 17.1007)"
5.970000000000000284e+01,"(6.9471, 8.5232)","(5.5863, -2.5083)","(-9.9441, 19.6275)","(0.5422, 8.3069)","(-9.7952, 15.3071)","(9.6491, -1.3763)","(-0.0826, 0.5234)","(2.18, 3.371)","(12.2884, 5.9607)","(-0.0271, 0.0715)","(-3.8893, 5.756)","(1.6048, -5.7837)","(3.5199, -4.8048)","(7.6246, -13.3318)","(8.745, 14.8031)","(-20.5641, -11.8437)","(-4.2864, -11.2359)","(-11.5757, -7.1926)","(-1.5462, 1.658)","(-2.0745, 6.6291)"
5.980000000000000426e+01,"(10.1476, 12.3856)","(1.5908, -0.9069)","(-3.3806, 8.3378)","(0.9443, 14.9363)","(-2.5352, 6.4158)","(18.6788, -2.7271)","(-0.226, 1.4169)","(0.6627, 0.9001)","(24.0255, 11.3771)","(-0.0775, 0.065)","(-9.5765, 14.2905)","(2.8775, -8.7501)","(7.3504, -9.9673)","(10.657, -19.5795)","(14.6463, 18.1121)","(-12.0519, -5.3944)","(-7.0444, -18.1586)","(-7.0808, -4.1973)","(-2.7105, 2.4762)","(-0.6018, 2.9196)"
5.990000000000000568e+01,"(11.9696, 12.318)","(0.7204, -0.5822)","(-0.9386, 3.1423)","(1.5237, 20.6042)","(-0.4228, 2.5404)","(21.5746, -3.8136)","(-0.6429, 4.0016)","(0.5116, 0.5674)","(16.1437, 6.3944)","(-0.2021, 0.1498)","(-13.9542, 23.627)","(4.7984, -14.2692)","(12.7299, -17.8469)","(5.7816, -13.2185)","(11.8865, 3.9553)","(-4.5599, -1.3429)","(-7.0566, -16.6917)","(-5.2724, -3.2947)","(-5.5926, 4.9278)","(-0.5029, 3.5495)"
6.000000000000000000e+01,"(9.4936, 7.011)","(1.1527, -1.0491)","(-0.5584, 2.7774)","(1.6248, 14.3659)","(0.0275, 2.7143)","(10.2723, -2.827)","(-1.8258, 11.3706)","(0.9865, 1.046)","(6.5022, 1.5426)","(-0.5355, 0.3886)","(-2.731, 12.7806)","(5.4878, -18.2609)","(9.3624, -16.0998)","(1.7045, -5.4676)","(4.1945, -1.5899)","(-1.595, -0.2135)","(-3.9885, -8.1174)","(-6.3469, -4.2311)","(-11.6253, 10.2199)","(-0.8422, 6.2298)"
6.010000000000000142e+01,"(5.9765, 4.0243)","(2.4846, -2.2651)","(-0.8504, 4.6501)","(1.0127, 6.489)","(0.1608, 4.8053)","(3.4784, -1.2893)","(-4.0536, 26.5784)","(2.2309, 2.3695)","(4.8164, 0.5201)","(-1.4884, 1.0679)","(1.5728, 5.3332)","(2.6648, -13.4828)","(2.4617, -7.2463)","(0.5156, -1.7486)","(0.6307, -1.2275)","(-1.7417, 0.0129)","(-1.7599, -3.4943)","(-9.7304, -6.6379)","(-17.184, 15.95)","(-1.6479, 12.0969)"
6.020000000000000284e+01,"(4.5941, 4.2814)","(5.897, -5.3476)","(-1.6704, 9.081)","(0.4224, 3.1497)","(0.2949, 9.7391)","(0.8943, -0.4066)","(-1.703, 20.927)","(5.4543, 5.8104)","(6.7586, 0.4821)","(-4.2731, 3.046)","(3.126, 4.2095)","(0.8427, -7.1577)","(0.4143, -2.368)","(0.4002, -0.8702)","(-0.48, -1.1775)","(-3.3052, 0.0805)","(-1.1465, -2.676)","(-14.1745, -9.6042)","(-9.3592, 11.0925)","(-2.6915, 20.4905)"
6.030000000000000426e+01,"(5.5095, 6.5322)","(13.4977, -12.2949)","(-3.1767, 17.4075)","(0.2804, 3.4655)","(0.6588, 18.8214)","(0.4213, -0.271)","(1.0626, 8.4287)","(12.8423, 13.6368)","(11.0245, 0.7691)","(-12.005, 8.6146)","(5.0453, 5.9199)","(0.9071, -4.6341)","(-0.0565, -0.8222)","(0.8265, -1.4717)","(-1.2007, -2.0993)","(-7.2165, 0.1538)","(-1.6918, -4.3576)","(-14.2291, -9.1911)","(-2.7081, 4.6801)","(-1.9118, 18.3224)"
6.040000000000000568e+01,"(8.3037, 10.5078)","(18.4779, -17.8036)","(-3.5922, 21.6653)","(0.3957, 6.2369)","(1.7058, 21.8143)","(0.7389, -0.5272)","(1.8914, 6.7706)","(18.2655, 18.6782)","(17.1926, 1.1446)","(-23.2423, 18.4756)","(8.2957, 9.7183)","(1.7041, -5.6264)","(-0.2687, -1.0754)","(1.8691, -3.22)","(-2.5991, -4.7035)","(-15.9338, 0.3486)","(-3.2572, -8.5958)","(-9.0989, -5.4164)","(-0.5742, 1.5113)","(-0.4179, 8.2897)"
6.050000000000000000e+01,"(11.7261, 13.7212)","(7.4163, -9.2859)","(-1.3033, 11.6774)","(0.743, 12.3988)","(2.2501, 10.4455)","(1.6856, -1.2035)","(2.7783, 8.6143)","(8.8001, 7.5182)","(18.1325, 0.8586)","(-7.7398, 13.8314)","(12.2779, 13.7741)","(3.1998, -9.402)","(-0.5902, -2.2361)","(4.4698, -7.6326)","(-5.9897, -11.0226)","(-24.7722, 1.0716)","(-6.2832, -16.5232)","(-5.4141, -3.2137)","(-0.1367, 1.0969)","(-0.0875, 2.9659)"
6.060000000000000142e+01,"(11.5171, 10.0936)","(2.1735, -4.0541)","(-0.2678, 4.3443)","(1.389, 21.1101)","(1.2271, 3.5246)","(4.2134, -2.9931)","(3.9167, 11.9874)","(4.0085, 2.6508)","(11.0228, 0.0928)","(1.622, 7.4036)","(11.939, 11.2337)","(5.3812, -15.8525)","(-1.3611, -5.2632)","(9.9288, -17.1152)","(-12.7979, -20.4395)","(-14.0004, 2.0837)","(-8.2376, -20.4165)","(-4.9439, -3.1944)","(-0.1348, 1.9916)","(-0.1117, 1.3734)"
6.070000000000000284e+01,"(7.5795, 4.7143)","(1.2582, -3.6373)","(-0.0787, 1.2732)","(1.8067, 18.1848)","(0.4055, 0.8902)","(10.7257, -7.616)","(5.0757, 15.1957)","(4.044, 2.1732)","(5.8176, -0.0098)","(4.3966, 6.0897)","(7.3869, 5.3899)","(5.4226, -18.8515)","(-3.2889, -12.7699)","(11.4893, -21.8728)","(-15.5801, -10.7186)","(-4.8771, 1.5684)","(-5.125, -10.6052)","(-7.1129, -4.8257)","(-0.303, 4.3516)","(-0.2631, 2.0526)"
6.080000000000000426e+01,"(4.6452, 3.3938)","(1.7588, -5.7093)","(-0.1037, 0.7172)","(1.3102, 7.8353)","(0.2399, 0.3299)","(21.3, -15.4851)","(5.0214, 14.079)","(6.3038, 3.2564)","(4.7599, 0.1786)","(6.4581, 7.5498)","(4.117, 3.1639)","(1.8737, -11.9219)","(-6.8343, -24.4478)","(3.2436, -10.0437)","(-6.5778, 2.6258)","(-2.1374, 1.1694)","(-2.137, -3.7931)","(-11.5517, -7.9188)","(-0.7442, 10.2311)","(-0.5901, 4.286)"
6.090000000000000568e+01,"(4.324, 4.6248)","(3.1709, -10.2707)","(-0.246, 1.3573)","(0.5244, 2.6266)","(0.4593, 0.5255)","(13.7644, -11.8049)","(3.7524, 9.8121)","(10.9221, 5.6466)","(6.9323, 0.4433)","(8.9761, 10.2947)","(3.6671, 3.719)","(0.4745, -5.6759)","(-7.1833, -16.5256)","(0.3956, -4.1789)","(-0.3502, 3.2233)","(-2.786, 1.8765)","(-0.6211, -1.0942)","(-15.6203, -10.4868)","(-1.3911, 21.6836)","(-1.3609, 9.725)"
6.100000000000000000e+01,"(6.1219, 7.7217)","(5.3192, -17.5088)","(-0.5781, 3.0854)","(0.137, 0.9214)","(1.049, 1.1938)","(4.325, -5.43)","(2.7284, 7.2831)","(16.8989, 8.6299)","(12.0742, 0.8556)","(11.023, 11.8177)","(5.4102, 6.2353)","(0.7201, -3.6103)","(-4.4568, -5.0274)","(-0.3199, -3.9132)","(1.934, 3.5327)","(-5.1584, 3.5167)","(-0.2623, -0.5958)","(-12.6657, -7.8936)","(0.13, 22.5783)","(-2.7947, 20.3568)"
6.110000000000000142e+01,"(9.7433, 12.4337)","(5.0815, -18.8414)","(-1.4281, 7.5458)","(0.0879, 1.2024)","(2.6159, 2.9981)","(2.381, -4.2952)","(2.6631, 7.7063)","(15.6926, 7.5445)","(18.883, 1.2506)","(10.1655, 9.3012)","(9.2333, 10.8948)","(1.5161, -4.814)","(-3.3982, -1.9805)","(-0.7059, -6.2249)","(3.6961, 5.9266)","(-10.4563, 7.0996)","(-0.4371, -1.1425)","(-7.0194, -4.0349)","(2.0965, 8.7262)","(-2.5976, 22.7685)"
6.120000000000000284e+01,"(12.7033, 13.8402)","(1.9753, -10.3269)","(-3.3565, 17.8597)","(0.1494, 2.554)","(6.7962, 7.8106)","(2.9866, -6.093)","(3.4782, 10.5531)","(8.4162, 3.6318)","(17.6533, 0.7043)","(7.4282, 6.0484)","(13.3078, 14.7145)","(3.0288, -8.6826)","(-4.9329, -2.1171)","(-1.2683, -11.321)","(6.9011, 11.2578)","(-17.7917, 12.3574)","(-0.9754, -2.611)","(-4.3012, -2.5937)","(1.769, 3.2103)","(-0.3476, 9.6608)"
6.130000000000000426e+01,"(10.3468, 7.4905)","(0.7032, -4.4612)","(-4.4423, 25.9914)","(0.33, 5.9904)","(15.6455, 17.6654)","(4.8049, -9.8648)","(4.7841, 14.5254)","(4.1314, 1.7806)","(9.3118, -0.0623)","(5.738, 5.1892)","(11.3341, 9.8689)","(5.5187, -15.8418)","(-8.4118, -3.5389)","(-2.2533, -18.8847)","(12.0466, 17.0533)","(-14.2496, 11.1876)","(-2.3814, -6.4219)","(-4.7872, -3.1692)","(2.4701, 2.9265)","(0.1929, 3.5134)"
6.140000000000000568e+01,"(5.9109, 3.2781)","(0.6395, -2.7406)","(-1.054, 12.0167)","(0.7857, 14.3074)","(16.5221, 16.038)","(7.4069, -15.3607)","(5.3489, 15.4429)","(3.5694, 1.7307)","(4.4866, -0.0432)","(6.0707, 6.4679)","(6.1858, 4.0671)","(6.0013, -20.2008)","(-14.6378, -6.1237)","(-3.049, -18.6499)","(13.517, 10.2258)","(-5.3935, 5.3607)","(-5.7898, -15.571)","(-7.7396, -5.3068)","(4.229, 4.7317)","(0.4151, 2.8357)"
6.150000000000000000e+01,"(3.7432, 3.0596)","(1.1713, -3.9667)","(0.1431, 4.9257)","(1.6704, 25.7649)","(7.5921, 4.231)","(7.4775, -16.5179)","(4.2745, 11.3171)","(5.6622, 2.9023)","(3.8198, 0.1564)","(8.096, 9.2547)","(3.1859, 2.4164)","(1.7712, -12.3512)","(-18.9035, -7.1655)","(-2.4367, -9.3757)","(7.5326, 1.0659)","(-1.6034, 1.8283)","(-9.7917, -25.075)","(-13.0507, -8.9722)","(7.8597, 8.8346)","(0.7684, 4.6331)"
6.160000000000000142e+01,"(4.1571, 4.8675)","(2.3741, -7.6332)","(0.5368, 4.4958)","(2.0445, 16.2143)","(4.9887, 1.2536)","(4.103, -10.408)","(2.9227, 7.5733)","(10.5364, 5.4694)","(6.0807, 0.4088)","(10.7045, 11.9231)","(3.0595, 3.2064)","(0.1008, -5.1657)","(-12.7908, -3.3834)","(-1.1493, -3.9472)","(2.9296, 0.2608)","(-0.3844, 0.4407)","(-6.089, -12.1716)","(-16.3788, -10.8881)","(13.272, 14.5987)","(1.478, 8.9553)"
6.170000000000000284e+01,"(6.5966, 8.65)","(4.7048, -15.0814)","(0.941, 6.8772)","(1.4857, 5.906)","(6.4623, 0.9053)","(2.1149, -5.5887)","(2.4541, 6.884)","(17.5658, 9.024)","(11.4054, 0.8379)","(11.0275, 10.7147)","(4.9375, 5.8128)","(0.2703, -2.3092)","(-6.0271, -1.0532)","(-0.5104, -2.6885)","(1.6063, 1.3061)","(-0.1797, 0.1475)","(-3.12, -4.4445)","(-11.202, -6.7369)","(13.3206, 12.969)","(2.8459, 17.1215)"
6.180000000000000426e+01,"(10.8774, 13.9319)","(6.3018, -21.6482)","(1.626, 11.9051)","(1.3453, 3.4941)","(10.0524, 1.3088)","(1.9545, -4.481)","(2.9859, 8.981)","(16.6799, 8.0325)","(19.4304, 1.3492)","(8.3588, 6.8089)","(9.0741, 10.8949)","(0.7863, -2.6244)","(-3.3207, -0.8598)","(-0.5211, -4.1876)","(1.9584, 2.9165)","(-0.3858, 0.264)","(-3.0635, -3.4072)","(-5.5585, -3.0953)","(7.1897, 5.4448)","(3.9163, 21.6092)"
6.190000000000000568e+01,"(13.1855, 13.3831)","(2.8594, -13.6495)","(2.6208, 18.5917)","(2.1062, 4.8463)","(15.6954, 1.9912)","(3.0424, -6.3711)","(4.2626, 13.0691)","(8.28, 3.4708)","(19.0765, 0.8063)","(5.9062, 4.9521)","(13.9572, 15.7015)","(1.7397, -4.9308)","(-4.0065, -1.533)","(-0.8964, -8.2304)","(3.6653, 6.2995)","(-0.9335, 0.6241)","(-4.698, -4.9522)","(-3.3911, -2.0599)","(2.9616, 2.0789)","(2.7328, 11.7765)"
6.200000000000000000e+01,"(9.2992, 5.5769)","(0.5984, -5.3558)","(2.8561, 17.4946)","(3.6731, 8.4089)","(18.2499, 1.8198)","(5.3511, -10.95)","(5.4337, 16.1656)","(3.3574, 1.3511)","(9.3814, -0.1582)","(5.4963, 5.5732)","(11.8447, 10.1564)","(3.7755, -10.3607)","(-7.167, -3.0238)","(-1.7721, -16.287)","(7.7139, 13.3692)","(-2.4127, 1.6013)","(-7.9962, -8.4264)","(-4.2564, -2.854)","(1.6811, 1.5444)","(1.235, 4.3876)"
6.210000000000000142e+01,"(4.7027, 2.3061)","(0.1361, -1.5992)","(1.8865, 9.2676)","(6.489, 14.8187)","(12.5456, 0.4499)","(8.1701, -16.982)","(4.91, 13.401)","(2.1059, 0.9858)","(3.7124, -0.1456)","(7.0405, 7.9986)","(6.001, 3.4839)","(6.9022, -19.6846)","(-13.658, -5.8329)","(-3.0227, -22.4328)","(14.0471, 19.2406)","(-6.5023, 4.3018)","(-12.621, -13.1793)","(-7.4767, -5.1634)","(2.4301, 2.6491)","(0.375, 1.36)"
6.220000000000000284e+01,"(2.9653, 2.5512)","(0.1117, -0.5726)","(0.9313, 4.5064)","(8.4746, 18.639)","(6.919, 0.0213)","(7.0406, -16.012)","(3.342, 8.5084)","(3.2752, 1.6761)","(2.1417, 0.0435)","(9.8657, 11.3298)","(2.4594, 1.5307)","(5.0735, -19.965)","(-20.1759, -7.9794)","(-3.0592, -12.9248)","(13.2527, 6.2015)","(-16.447, 10.9611)","(-12.7754, -12.699)","(-13.446, -9.2944)","(4.7913, 5.4314)","(0.1857, 0.9478)"
6.230000000000000426e+01,"(3.6454, 4.4808)","(0.2683, -0.8928)","(0.6306, 3.8653)","(5.8663, 11.5591)","(5.243, 0.3186)","(3.2378, -8.7246)","(2.3851, 6.3972)","(6.5659, 3.4268)","(3.2538, 0.2128)","(11.5874, 12.0635)","(1.8364, 1.8246)","(0.13, -8.8638)","(-14.3955, -3.9242)","(-1.7082, -4.7164)","(5.1092, -1.713)","(-22.3887, 16.1371)","(-7.4317, -6.7277)","(-17.3281, -11.5436)","(9.9341, 11.3025)","(0.3056, 1.8304)"
6.240000000000000568e+01,"(6.2855, 8.5039)","(0.6312, -1.9871)","(0.8619, 6.1385)","(2.802, 5.0726)","(6.9682, 0.7983)","(1.5928, -4.313)","(2.528, 7.4498)","(13.5681, 7.092)","(6.5446, 0.4954)","(9.6072, 8.1661)","(2.9621, 3.5028)","(-0.5624, -2.8466)","(-6.1902, -0.7699)","(-0.5428, -1.3234)","(0.7474, -1.6144)","(-7.6785, 8.1653)","(-3.7197, -3.3206)","(-11.0889, -6.5457)","(15.8374, 17.1391)","(0.6684, 4.1329)"
6.250000000000000000e+01,"(11.0962, 14.6081)","(1.5584, -4.8373)","(1.5458, 11.4483)","(1.4054, 2.7541)","(11.5591, 1.5156)","(1.6375, -3.689)","(3.5804, 11.0033)","(20.7789, 10.5712)","(13.8304, 1.0681)","(6.4768, 5.0599)","(5.9577, 7.3265)","(-0.5491, -0.997)","(-2.2763, -0.312)","(-0.1121, -0.365)","(-0.6827, -1.5896)","(-2.9542, 5.1412)","(-2.9555, -2.9117)","(-4.9047, -2.5969)","(11.4182, 9.7941)","(1.5896, 9.9168)"
6.260000000000000142e+01,"(13.889, 14.1792)","(3.9081, -12.1055)","(2.6741, 19.2908)","(1.592, 3.5171)","(17.8456, 2.2279)","(2.7987, -5.7893)","(5.1127, 15.5963)","(13.4198, 6.0053)","(23.111, 1.57)","(5.1292, 4.7995)","(11.8334, 14.3603)","(-1.0236, -1.2531)","(-1.7048, -0.5716)","(-0.062, -0.4765)","(-1.6156, -2.7709)","(-2.658, 6.1992)","(-4.4201, -4.6088)","(-2.3495, -1.3624)","(4.8863, 2.8838)","(3.5092, 21.4644)"
6.270000000000000284e+01,"(9.355, 4.9354)","(7.6008, -24.463)","(3.0273, 18.6496)","(2.8499, 6.5314)","(17.693, 1.457)","(5.274, -10.7018)","(5.5171, 15.7418)","(5.1936, 1.8842)","(16.6298, 0.3212)","(5.9818, 6.6304)","(15.4374, 16.1319)","(-2.1204, -2.538)","(-3.0022, -1.26)","(-0.1112, -1.083)","(-3.3907, -6.0277)","(-3.7286, 9.0951)","(-8.0163, -8.4757)","(-2.7308, -1.8219)","(1.565, 0.6274)","(4.3187, 22.6495)"
6.280000000000000426e+01,"(4.155, 1.4204)","(4.1409, -18.3378)","(1.9436, 9.113)","(5.5843, 12.8741)","(10.1558, 0.0496)","(8.6019, -17.7345)","(4.0416, 10.3848)","(1.5559, 0.4588)","(6.3879, -0.4342)","(8.571, 10.0141)","(9.2871, 5.8572)","(-4.817, -5.834)","(-6.3864, -2.7978)","(-0.2595, -2.6754)","(-7.4839, -13.2956)","(-5.5671, 13.6647)","(-13.3106, -13.9488)","(-5.0547, -3.5052)","(0.9933, 0.1383)","(2.5108, 8.7527)"
6.290000000000000568e+01,"(2.0247, 1.4473)","(0.1868, -7.071)","(0.844, 3.6601)","(8.9136, 20.0629)","(5.2919, -0.0203)","(7.3993, -16.8412)","(2.5628, 6.5266)","(0.8994, 0.1679)","(1.9608, -0.2902)","(11.4666, 12.7395)","(3.6327, 1.2023)","(-10.9312, -13.1643)","(-13.9445, -6.1227)","(-0.6612, -6.9881)","(-14.2345, -20.0676)","(-6.3839, 16.4662)","(-13.2083, -13.0758)","(-10.2918, -7.1902)","(1.7597, 0.1212)","(1.4768, 3.6394)"
6.300000000000000000e+01,"(2.2694, 2.7569)","(-0.7153, -4.4527)","(0.403, 2.2687)","(7.1359, 14.4321)","(4.5684, 0.3539)","(2.9854, -8.453)","(2.1756, 6.1559)","(1.5826, 0.2446)","(1.2313, -0.3297)","(11.033, 10.2099)","(1.0846, 0.0734)","(-17.1516, -18.7735)","(-22.6042, -9.1374)","(-1.7128, -17.6619)","(-13.6521, -6.1446)","(-4.3212, 12.7046)","(-7.0265, -6.1936)","(-17.8803, -12.2939)","(3.8289, 0.2664)","(1.8935, 3.8599)"
6.310000000000000142e+01,"(4.0813, 5.6608)","(-1.3649, -5.9918)","(0.4986, 3.5285)","(3.3247, 5.7673)","(6.9324, 0.8628)","(1.1583, -3.4828)","(2.8451, 8.6689)","(3.4573, 0.5345)","(2.1297, -0.6399)","(7.6044, 5.7662)","(0.8319, -0.2529)","(-10.6456, -7.3414)","(-14.5618, -3.4994)","(-3.5465, -27.6913)","(-4.8963, 2.4141)","(-2.3867, 7.6984)","(-3.0205, -2.5827)","(-15.4766, -9.6922)","(9.0526, 0.6625)","(3.1617, 6.2952)"
6.320000000000000284e+01,"(8.2655, 11.6802)","(-2.2822, -9.8482)","(0.9416, 7.0794)","(1.1285, 1.885)","(12.319, 1.6736)","(0.9592, -2.2614)","(4.3421, 13.4544)","(8.2372, 1.2869)","(4.5509, -1.3643)","(5.136, 4.2755)","(1.5643, -0.5913)","(-4.5907, -1.2586)","(-5.4726, 0.0367)","(-3.7816, -12.0613)","(-0.2261, 2.3426)","(-2.022, 5.817)","(-1.9723, -1.9081)","(-6.8008, -3.4747)","(20.0592, 1.3532)","(5.7207, 11.4082)"
6.330000000000000426e+01,"(14.2156, 17.8388)","(-3.7701, -16.0757)","(1.9417, 14.6977)","(0.4649, 0.9205)","(19.2881, 2.4189)","(1.7017, -3.5231)","(5.7354, 17.1469)","(18.7804, 2.9002)","(10.471, -3.123)","(5.0541, 5.2962)","(3.5595, -1.3266)","(-3.1569, 0.2518)","(-2.0945, 0.6157)","(-3.0798, -4.9021)","(1.4471, 2.686)","(-2.8035, 7.1354)","(-2.9832, -3.1144)","(-2.2185, -0.984)","(24.3647, 0.3001)","(9.0336, 17.7759)"
6.340000000000000568e+01,"(12.9413, 9.2908)","(-4.7846, -18.4815)","(3.2641, 23.0155)","(0.6829, 1.546)","(17.4086, 1.2281)","(3.4896, -7.0221)","(5.0111, 13.4818)","(25.1439, 3.3769)","(21.2401, -6.4456)","(7.0062, 8.1784)","(8.6877, -3.1891)","(-4.7056, 0.8676)","(-2.3914, 1.2235)","(-3.897, -4.4376)","(2.9018, 4.8254)","(-4.5104, 11.0249)","(-5.823, -6.1899)","(-0.5301, -0.2152)","(10.0645, -2.0824)","(8.1845, 15.1396)"
6.350000000000000000e+01,"(6.127, 1.1045)","(-3.6992, -11.5419)","(2.8319, 15.0547)","(1.4476, 3.3624)","(8.8137, -0.1994)","(7.1074, -14.2887)","(3.142, 7.7435)","(11.2242, 0.5227)","(20.2262, -6.9385)","(10.36, 12.0909)","(19.4856, -7.3824)","(-8.6387, 1.6043)","(-4.3859, 2.3417)","(-5.8868, -6.3473)","(5.8037, 9.9436)","(-6.4634, 16.0202)","(-11.4809, -12.1979)","(-0.1216, -0.04)","(3.6323, -1.865)","(4.2742, 7.1666)"
6.360000000000000142e+01,"(1.8329, -0.2104)","(-2.0245, -5.7239)","(1.4733, 5.631)","(3.379, 7.9014)","(4.0806, -0.1039)","(9.9286, -20.9044)","(2.0504, 5.4033)","(4.4358, -0.3092)","(7.6396, -3.5575)","(12.1388, 12.5151)","(21.8903, -10.8087)","(-16.0745, 3.0232)","(-9.14, 4.8297)","(-9.2963, -10.0024)","(11.2952, 17.5824)","(-5.8189, 15.8228)","(-15.7476, -16.1691)","(-0.1238, -0.0265)","(2.974, -2.4648)","(1.8913, 3.1667)"
6.370000000000000284e+01,"(0.4434, -0.2999)","(-1.2111, -4.1025)","(0.5327, 1.6405)","(7.584, 17.6388)","(3.4493, 0.2687)","(4.9806, -12.949)","(2.1809, 6.4571)","(3.9465, -0.6581)","(2.7857, -1.7284)","(9.3936, 7.5062)","(6.6201, -7.3373)","(-20.9248, 4.8744)","(-17.5318, 9.4512)","(-12.573, -13.1582)","(14.758, 13.0858)","(-3.0957, 9.9358)","(-9.5388, -8.6239)","(-0.2847, -0.057)","(4.6252, -4.1384)","(1.4455, 2.7064)"
6.380000000000000426e+01,"(0.3038, -0.5602)","(-1.3997, -5.721)","(0.3701, 0.8489)","(10.3122, 22.6294)","(5.5994, 0.7225)","(1.3652, -4.9931)","(3.2866, 10.2111)","(6.1797, -1.1474)","(2.6399, -2.0129)","(5.8004, 4.2473)","(1.1713, -4.143)","(-12.1418, 4.7779)","(-18.1585, 11.3781)","(-10.8844, -10.4033)","(8.5595, 0.6009)","(-1.8389, 5.8999)","(-3.7867, -2.9651)","(-0.7332, -0.1477)","(8.4797, -7.5592)","(2.3059, 4.5614)"
6.390000000000000568e+01,"(0.5913, -1.2223)","(-2.3355, -10.1411)","(0.683, 1.4385)","(5.4427, 9.555)","(10.7583, 1.5176)","(0.2804, -1.4423)","(5.115, 15.8389)","(11.109, -2.0563)","(4.414, -3.4665)","(4.4394, 4.1502)","(-0.1331, -4.6021)","(-4.6311, 2.6284)","(-7.1134, 6.6226)","(-6.5383, -5.6715)","(2.5795, -1.1151)","(-2.0324, 5.4843)","(-1.0867, -0.8076)","(-2.0042, -0.4068)","(14.1334, -12.8279)","(4.5036, 9.0248)"
6.400000000000000000e+01,"(1.4569, -2.9342)","(-4.0193, -17.2694)","(1.4831, 3.1225)","(2.5094, 3.4024)","(19.1387, 2.5786)","(0.0311, -0.629)","(5.934, 17.1668)","(18.4477, -3.4834)","(8.513, -6.6672)","(5.4364, 6.1614)","(-0.5313, -7.3458)","(-1.9259, 0.9209)","(-1.9684, 2.6017)","(-4.1514, -3.7951)","(0.4724, -0.5203)","(-3.2385, 7.9907)","(-0.2738, -0.2292)","(-5.6795, -1.1578)","(13.3493, -13.514)","(8.4388, 16.8303)"
6.410000000000000853e+01,"(3.7801, -7.4799)","(-4.9976, -19.012)","(3.5103, 7.4197)","(2.4479, 2.6846)","(19.9346, 1.7081)","(-0.0154, -1.037)","(4.271, 10.7974)","(18.4877, -3.9126)","(15.1686, -11.9693)","(8.353, 9.9982)","(-0.9129, -12.9505)","(-2.1366, 0.5346)","(-0.427, 0.9567)","(-4.4225, -4.5282)","(-0.0695, -0.3534)","(-5.3816, 13.0438)","(-0.3145, -0.3258)","(-15.7001, -3.1819)","(5.9378, -7.6246)","(9.836, 18.7333)"
6.420000000000000284e+01,"(8.8226, -18.0728)","(-3.5653, -10.5)","(8.0363, 16.9188)","(3.968, 4.1719)","(9.7921, -0.3334)","(-0.0386, -2.2831)","(2.4088, 5.8342)","(9.5717, -2.4996)","(15.4723, -12.8659)","(11.9386, 13.5795)","(-1.8444, -19.5472)","(-4.1079, 0.7711)","(-0.2538, 1.1849)","(-6.794, -7.291)","(-0.3175, -0.5954)","(-6.9725, 17.5775)","(-0.7036, -0.7537)","(-29.2878, -5.4536)","(2.3507, -3.2789)","(5.3807, 9.0336)"
6.429999999999999716e+01,"(8.0202, -24.9278)","(-1.7402, -4.5962)","(11.3359, 22.7966)","(7.2821, 7.6665)","(3.6466, -0.3694)","(-0.0796, -5.554)","(1.7378, 4.7788)","(4.1506, -1.1489)","(7.1351, -6.7513)","(11.6385, 10.716)","(-3.3011, -16.4054)","(-8.8476, 1.5409)","(-0.457, 2.3854)","(-10.9059, -11.7289)","(-0.7439, -1.3911)","(-4.812, 14.0337)","(-1.7364, -1.873)","(-14.4106, -0.9872)","(1.7538, -1.9089)","(2.0768, 3.1789)"
6.440000000000000568e+01,"(-3.6553, -10.0466)","(-0.8977, -2.9568)","(5.9153, 9.8184)","(12.7175, 13.3121)","(1.5691, -0.0085)","(-0.1957, -13.7744)","(2.2324, 6.8105)","(2.8847, -0.6496)","(2.5481, -2.5989)","(7.516, 5.2554)","(-2.9316, -7.8373)","(-18.2601, 3.2741)","(-1.0731, 5.4578)","(-13.1533, -13.4666)","(-1.8413, -3.5714)","(-2.2146, 7.6601)","(-4.5439, -4.916)","(-7.1416, 0.8612)","(2.9281, -2.6959)","(0.611, 0.9619)"
6.450000000000000000e+01,"(-4.7007, -2.008)","(-1.043, -4.3035)","(2.7214, 3.5667)","(14.0595, 14.1071)","(2.0779, 0.2416)","(-0.7003, -26.2558)","(3.6878, 11.5944)","(4.4553, -0.8537)","(1.0802, -1.0012)","(4.4881, 3.4341)","(-1.3452, -3.8035)","(-22.674, 5.4926)","(-2.565, 12.9603)","(-9.3094, -8.4137)","(-4.8014, -9.4286)","(-1.5103, 4.6927)","(-11.625, -12.5462)","(-7.2368, 1.6337)","(5.8829, -5.2045)","(0.4158, 0.7844)"
6.460000000000000853e+01,"(-5.6496, 0.376)","(-1.8563, -8.1872)","(2.6535, 2.8792)","(7.8211, 7.0636)","(4.2059, 0.6045)","(-1.8899, -17.0686)","(5.734, 17.6919)","(8.6507, -1.5871)","(1.4722, -1.188)","(4.1487, 4.2972)","(-0.5952, -3.6945)","(-10.0708, 4.9772)","(-4.3491, 24.6078)","(-5.0255, -4.2325)","(-11.853, -21.0261)","(-2.0489, 5.2901)","(-19.4922, -20.3128)","(-9.7162, 2.3854)","(11.8522, -10.4638)","(0.7946, 1.5897)"
6.470000000000000284e+01,"(-8.5855, 1.1364)","(-3.5671, -15.7718)","(4.2362, 4.4276)","(3.2863, 2.8101)","(9.3749, 1.4069)","(-1.8737, -6.2425)","(5.8594, 16.3554)","(16.6951, -3.0694)","(3.0319, -2.3708)","(5.9756, 7.1019)","(-0.5008, -6.2079)","(-2.9435, 2.5607)","(-0.7542, 17.9234)","(-3.4384, -3.2441)","(-17.3943, -14.5159)","(-3.562, 8.627)","(-10.1216, -8.5321)","(-13.5445, 3.3578)","(16.7269, -15.6454)","(1.8084, 3.6584)"
6.479999999999999716e+01,"(-14.0026, 1.8822)","(-5.3164, -21.4486)","(7.6264, 7.9786)","(1.7305, 1.6319)","(19.6053, 2.8411)","(-1.9687, -3.9939)","(3.6492, 8.7312)","(21.7237, -4.332)","(6.8335, -5.3047)","(9.7106, 11.7462)","(-0.7469, -11.8653)","(-0.8721, 1.5126)","(1.6929, 6.4422)","(-4.3766, -4.5966)","(-7.3854, 4.2992)","(-6.0733, 14.6398)","(-5.1275, -3.0591)","(-15.9059, 4.1106)","(9.0165, -10.7167)","(4.3903, 8.9099)"
6.490000000000000568e+01,"(-18.5383, 3.499)","(-4.2072, -12.7308)","(12.8776, 13.3895)","(2.359, 2.4354)","(23.0895, 2.2193)","(-3.0485, -5.4541)","(1.8705, 4.471)","(12.1408, -3.093)","(14.7311, -11.4777)","(12.9481, 14.1289)","(-1.6006, -20.0423)","(-0.8705, 2.3387)","(1.9185, 2.9724)","(-7.3755, -8.0018)","(0.6606, 5.3259)","(-7.1871, 18.4239)","(-5.3858, -2.5003)","(-13.1005, 3.7079)","(2.7473, -4.5383)","(9.7102, 19.5545)"
6.500000000000000000e+01,"(-13.8473, 5.2055)","(-2.068, -4.8476)","(13.5905, 13.5774)","(4.5776, 4.8308)","(10.1856, -0.7495)","(-5.1044, -9.0854)","(1.4553, 4.1117)","(4.5378, -1.4183)","(18.8041, -15.3076)","(10.5547, 8.5206)","(-3.383, -18.3656)","(-1.662, 4.5919)","(3.0942, 3.583)","(-12.1034, -13.037)","(3.6802, 5.8353)","(-3.9875, 12.4753)","(-7.8797, -3.4819)","(-8.8373, 2.6493)","(0.6657, -1.3513)","(10.9316, 20.6262)"
6.510000000000000853e+01,"(-6.8616, 4.0777)","(-0.6726, -1.608)","(7.5082, 6.8565)","(9.476, 10.0346)","(3.4737, -0.9679)","(-8.3638, -14.7805)","(2.1096, 6.5509)","(1.386, -0.4325)","(8.1195, -7.8556)","(5.9416, 3.7473)","(-3.3642, -8.1001)","(-3.6423, 9.9109)","(5.4104, 6.1466)","(-13.3177, -13.37)","(5.9932, 8.7533)","(-1.6354, 6.093)","(-12.3495, -5.446)","(-7.1786, 2.025)","(0.1191, -0.3285)","(5.0275, 7.6557)"
6.520000000000000284e+01,"(-4.5281, 2.0536)","(-0.3339, -1.193)","(3.2846, 2.8999)","(15.7787, 16.4254)","(2.1652, -1.1709)","(-9.7369, -16.3078)","(3.7572, 11.935)","(0.8542, -0.1904)","(2.588, -3.1186)","(3.5648, 2.9017)","(-1.5, -2.9669)","(-6.9457, 19.5724)","(9.8392, 11.1797)","(-8.1669, -7.0149)","(9.3557, 13.1036)","(-1.1917, 3.6707)","(-16.5692, -7.1446)","(-8.4799, 2.1843)","(0.0286, -0.2352)","(2.6279, 3.1855)"
6.529999999999999716e+01,"(-5.6072, 1.2258)","(-0.5171, -2.2579)","(2.0542, 1.9862)","(12.0481, 11.4884)","(3.35, -2.0814)","(-6.4818, -9.6167)","(6.0806, 18.8539)","(1.619, -0.3005)","(1.4438, -2.2427)","(3.8819, 4.2954)","(-0.4541, -1.7621)","(-5.4347, 20.7785)","(14.218, 15.2866)","(-3.9687, -3.2303)","(12.1669, 13.0646)","(-1.826, 4.6142)","(-14.0932, -5.6256)","(-12.0424, 2.9852)","(0.0364, -0.4904)","(3.2009, 3.3901)"
6.540000000000000568e+01,"(-9.3397, 1.2723)","(-1.0978, -5.0047)","(2.9913, 3.0881)","(5.0652, 4.1346)","(6.5271, -4.05)","(-3.3175, -4.6733)","(5.9881, 16.4655)","(3.6485, -0.6538)","(2.1286, -3.5748)","(6.2427, 7.6471)","(-0.2535, -2.8008)","(-0.0637, 9.1642)","(10.9943, 9.6437)","(-2.7203, -2.5937)","(10.2883, 6.2413)","(-3.4106, 8.1574)","(-8.3133, -3.0337)","(-15.8432, 3.9943)","(0.091, -1.1998)","(5.244, 5.4614)"
6.550000000000000000e+01,"(-15.7935, 2.0643)","(-2.5331, -11.6577)","(5.7519, 6.0344)","(1.5935, 1.1547)","(13.1245, -8.1452)","(-2.2152, -3.4988)","(3.4355, 7.844)","(8.7994, -1.5605)","(4.0584, -6.817)","(10.6305, 12.9882)","(-0.319, -5.7611)","(0.757, 2.9844)","(5.3728, 3.7085)","(-3.8136, -4.057)","(6.2183, 2.9411)","(-6.2256, 14.8475)","(-5.3888, -2.0576)","(-14.9278, 4.077)","(0.2501, -3.1578)","(9.2833, 9.676)"
6.560000000000000853e+01,"(-19.2615, 4.0951)","(-5.1892, -22.9014)","(11.269, 11.8254)","(0.6471, 0.377)","(19.1116, -12.5045)","(-2.9287, -5.0904)","(1.5192, 3.4272)","(19.8396, -3.5664)","(7.9771, -13.404)","(13.5762, 14.3686)","(-0.6124, -12.5686)","(0.9744, 1.4693)","(2.3712, 1.8125)","(-6.9352, -7.5919)","(4.2834, 3.627)","(-7.7016, 19.5778)","(-5.9101, -2.4952)","(-10.0951, 3.0305)","(0.6949, -8.6118)","(13.8811, 14.2849)"
6.570000000000000284e+01,"(-11.7503, 5.5105)","(-5.5709, -19.0632)","(15.6854, 16.0472)","(1.0001, 0.5083)","(11.2165, -9.0931)","(-5.1397, -9.1804)","(1.0165, 2.8239)","(24.2533, -4.9427)","(11.2238, -19.4324)","(9.8048, 7.0473)","(-1.6568, -22.8208)","(1.8143, 2.165)","(2.1731, 2.2287)","(-12.2942, -13.3694)","(4.6823, 6.0695)","(-3.9154, 12.6226)","(-9.1492, -4.0236)","(-7.0858, 2.089)","(1.5982, -21.532)","(11.6325, 11.3497)"
6.579999999999999716e+01,"(-5.1709, 3.5718)","(-3.2356, -6.8069)","(9.7398, 9.0503)","(2.1402, 1.0797)","(3.7803, -4.0445)","(-8.8409, -15.696)","(1.5078, 4.7089)","(9.8853, -3.0082)","(6.4308, -12.6234)","(4.8991, 2.7272)","(-4.0165, -18.1372)","(3.6649, 4.3634)","(3.719, 4.2077)","(-14.2337, -14.3977)","(7.0411, 10.3648)","(-1.2989, 5.4933)","(-14.5789, -6.4249)","(-7.3137, 1.9407)","(0.273, -26.4387)","(5.8934, 5.331)"
6.590000000000000568e+01,"(-3.5906, 1.5677)","(-1.8862, -2.6341)","(3.9095, 3.2523)","(5.0958, 2.5829)","(1.0038, -1.2416)","(-10.1286, -16.8789)","(2.8977, 9.3141)","(3.9262, -1.7242)","(2.1824, -5.0909)","(2.7357, 2.2126)","(-3.7229, -6.2092)","(7.9175, 9.4929)","(7.4425, 8.6)","(-8.3329, -6.9665)","(10.9026, 14.672)","(-0.7151, 2.5003)","(-17.213, -7.2774)","(-10.2162, 2.5414)","(-2.8541, -9.7922)","(2.8277, 2.5967)"
6.600000000000000000e+01,"(-4.9982, 0.9461)","(-2.5436, -2.8148)","(1.173, 0.9557)","(12.4118, 6.2933)","(0.2069, -0.2803)","(-6.1851, -8.889)","(5.5152, 17.5855)","(3.7643, -2.0599)","(0.6465, -1.5688)","(3.1695, 3.6055)","(-1.8613, -1.5715)","(14.8211, 17.1034)","(13.6308, 15.4044)","(-3.5432, -2.6429)","(12.4844, 10.9987)","(-1.0799, 2.7757)","(-11.7676, -4.4579)","(-14.7258, 3.641)","(-3.3745, -4.9917)","(2.6177, 2.6226)"
6.610000000000000853e+01,"(-8.9888, 1.0739)","(-4.4349, -4.7862)","(0.4784, 0.4518)","(23.2842, 11.538)","(0.0372, -0.0632)","(-2.8008, -3.7587)","(6.9731, 20.3513)","(5.9543, -3.3672)","(0.3385, -0.6607)","(5.4972, 6.8874)","(-1.8922, -0.6484)","(13.9412, 12.7393)","(14.1999, 13.8127)","(-1.705, -1.5059)","(8.6309, 3.742)","(-2.1602, 5.1354)","(-6.3066, -2.2391)","(-16.5067, 4.3193)","(-4.8197, -5.4169)","(4.3577, 4.5245)"
6.620000000000000284e+01,"(-16.2336, 1.9043)","(-8.4277, -9.1247)","(0.7943, 0.8267)","(15.6077, 6.6077)","(0.0244, -0.0663)","(-1.5645, -2.4104)","(4.3598, 10.0465)","(10.6419, -6.0094)","(0.64, -1.0897)","(10.2025, 12.8143)","(-3.3754, -0.8902)","(6.6113, 3.4088)","(7.3177, 4.9173)","(-2.1493, -2.2666)","(4.774, 2.3186)","(-4.5286, 10.597)","(-4.5463, -1.7916)","(-12.1276, 3.5531)","(-7.1402, -7.7774)","(8.3504, 8.7373)"
6.629999999999999716e+01,"(-20.4617, 4.2009)","(-14.0427, -14.9386)","(1.7693, 1.8701)","(6.1269, 1.7254)","(0.0539, -0.1572)","(-2.0658, -3.598)","(1.824, 3.5416)","(16.8314, -9.6153)","(1.4454, -2.4087)","(14.4006, 15.8724)","(-6.9721, -1.8735)","(2.4147, 0.517)","(2.6326, 1.3344)","(-4.1153, -4.5329)","(3.6575, 3.7132)","(-8.1235, 19.4175)","(-6.0042, -2.5946)","(-7.6181, 2.3369)","(-10.4431, -11.2706)","(14.1457, 14.6732)"
6.640000000000000568e+01,"(-11.4603, 5.9156)","(-12.926, -12.5309)","(4.3, 4.5651)","(4.0492, 0.6255)","(0.1424, -0.4129)","(-3.8697, -6.9611)","(0.5243, 1.0419)","(15.1932, -9.1952)","(3.5037, -5.804)","(10.6186, 7.5107)","(-14.8172, -3.9813)","(1.8615, -0.201)","(0.6644, 0.3201)","(-8.6027, -9.552)","(4.6817, 6.6666)","(-6.6941, 18.5995)","(-10.1526, -4.5069)","(-6.4233, 1.7909)","(-12.0301, -12.285)","(13.1643, 12.9749)"
6.650000000000000000e+01,"(-4.1805, 3.6152)","(-6.4108, -5.2062)","(10.5056, 11.1468)","(5.7154, 0.6475)","(0.3981, -1.1456)","(-7.6066, -13.7142)","(0.2622, 0.7262)","(7.4637, -4.9919)","(8.3893, -13.9176)","(4.8897, 2.1087)","(-23.3081, -5.2169)","(3.1836, -0.5692)","(0.1927, 0.1554)","(-15.2019, -16.4646)","(7.7071, 11.7614)","(-1.8824, 8.2918)","(-16.3373, -7.202)","(-8.3059, 2.0994)","(-9.2344, -8.4099)","(6.3625, 5.655)"
6.660000000000000853e+01,"(-2.2993, 1.3275)","(-2.4697, -1.9122)","(18.5488, 19.2679)","(9.7208, 1.0837)","(1.1518, -3.2989)","(-11.2305, -19.4486)","(0.4536, 1.4484)","(3.3702, -2.2747)","(13.3996, -22.9768)","(1.8863, 1.0747)","(-14.7566, -0.2914)","(6.5901, -1.1565)","(0.3022, 0.3419)","(-13.1167, -12.331)","(12.0366, 15.6421)","(-0.3548, 2.737)","(-17.1309, -7.0968)","(-12.593, 3.0818)","(-5.8471, -5.0791)","(2.3951, 2.0524)"
6.670000000000000284e+01,"(-3.1104, 0.6361)","(-1.3519, -1.2699)","(11.1417, 10.177)","(16.4962, 1.814)","(3.3469, -9.5845)","(-7.8626, -11.6635)","(1.0147, 3.3266)","(2.8121, -1.7008)","(6.0384, -12.6036)","(1.5705, 1.6603)","(-5.2094, 1.5508)","(14.2085, -2.4763)","(0.6994, 0.8257)","(-5.9051, -4.1355)","(12.3738, 8.954)","(-0.0079, 0.771)","(-9.9591, -3.5862)","(-16.8848, 4.2429)","(-4.6689, -4.4977)","(1.1992, 1.1421)"
6.679999999999999716e+01,"(-5.9231, 0.6528)","(-2.0479, -2.1735)","(4.7377, 3.4022)","(19.6794, 1.8585)","(8.1366, -24.0101)","(-3.4455, -4.2636)","(2.4671, 8.1546)","(4.6193, -2.634)","(1.6604, -5.1505)","(2.6966, 3.3977)","(-1.4855, 1.07)","(23.3451, -4.7855)","(1.7732, 2.1182)","(-1.9713, -1.0594)","(7.2926, 2.1471)","(0.1038, 0.7247)","(-4.8832, -1.6875)","(-14.9228, 4.1505)","(-5.8034, -6.1371)","(1.7823, 1.8401)"
6.690000000000000568e+01,"(-12.1828, 1.117)","(-4.173, -4.5464)","(3.8234, 2.189)","(12.2569, 0.6466)","(5.6193, -23.0989)","(-1.0736, -1.2786)","(5.7571, 18.84)","(8.9732, -5.0447)","(0.8105, -4.1345)","(5.6363, 7.3874)","(-1.0696, 1.5017)","(14.9754, -5.56)","(4.7299, 5.68)","(-0.9479, -0.2954)","(3.7055, 1.7362)","(0.2411, 1.461)","(-3.7159, -1.4883)","(-9.1401, 2.84)","(-8.7746, -9.5455)","(3.6558, 3.839)"
6.700000000000000000e+01,"(-21.3784, 2.7038)","(-9.0423, -9.8936)","(5.6479, 3.0334)","(5.7486, 0.1528)","(-0.7661, -9.2806)","(-0.3992, -0.5954)","(8.1587, 24.1426)","(16.3668, -9.249)","(1.0238, -6.1768)","(11.6317, 14.9663)","(-1.8544, 2.8703)","(4.8461, -3.4796)","(12.1274, 14.4337)","(-1.5251, -0.3329)","(2.9825, 3.3094)","(0.5557, 3.4207)","(-5.4905, -2.4025)","(-6.0881, 1.8212)","(-12.0671, -12.8201)","(8.0824, 8.5175)"
6.710000000000000853e+01,"(-17.7156, 6.1049)","(-15.99, -17.0808)","(9.592, 5.1445)","(3.5947, 0.2285)","(-2.3352, -6.924)","(-0.5984, -1.0598)","(4.7293, 9.6807)","(17.8278, -10.5701)","(1.7692, -10.6926)","(15.7707, 16.6879)","(-4.0204, 6.1374)","(1.259, -1.6156)","(19.0753, 20.4836)","(-3.2199, -0.6922)","(4.1977, 6.3392)","(1.37, 8.5494)","(-10.0015, -4.4732)","(-6.5666, 1.7243)","(-11.2411, -10.8352)","(15.4981, 16.182)"
6.720000000000000284e+01,"(-5.6339, 5.5142)","(-12.7128, -11.8578)","(15.5598, 8.2926)","(4.8371, 0.491)","(-3.5325, -8.4071)","(-1.3026, -2.3761)","(2.6629, 3.7293)","(8.6522, -5.8174)","(2.8594, -17.622)","(9.6122, 4.9624)","(-8.7284, 13.3592)","(0.7643, -1.8829)","(10.1498, 6.0642)","(-7.5154, -1.6419)","(7.4682, 11.933)","(3.2825, 19.9759)","(-17.0822, -7.5763)","(-9.8491, 2.4163)","(-7.1956, -6.1537)","(14.2072, 13.9372)"
6.729999999999999716e+01,"(-1.1898, 2.2156)","(-5.4152, -3.8349)","(16.7021, 8.5352)","(8.8111, 0.99)","(-4.8713, -11.334)","(-3.1301, -5.7569)","(3.1113, 3.4305)","(3.1325, -2.2873)","(2.6519, -18.8267)","(3.7059, 0.38)","(-12.4137, 21.1114)","(1.256, -3.4845)","(5.8564, 0.9949)","(-17.2034, -3.7207)","(12.4407, 16.7946)","(5.1441, 25.0103)","(-17.9409, -7.4223)","(-15.1749, 3.7038)","(-4.5884, -4.0869)","(6.0352, 5.0533)"
6.740000000000000568e+01,"(-0.1182, 0.6133)","(-1.9918, -1.0291)","(9.861, 4.5807)","(16.275, 1.8334)","(-6.2494, -14.1879)","(-7.5636, -13.8898)","(4.9811, 5.2897)","(1.184, -0.8045)","(0.9997, -10.7101)","(1.5182, -0.6261)","(-4.2627, 13.4311)","(2.6916, -7.3492)","(6.5139, -0.204)","(-25.2463, -4.6584)","(12.9451, 8.891)","(3.8545, 9.7297)","(-9.5784, -3.3249)","(-17.5399, 4.5619)","(-4.5814, -4.6657)","(2.246, 1.5811)"
6.750000000000000000e+01,"(0.155, 0.3372)","(-1.8975, -0.6478)","(4.8181, 2.1655)","(21.212, 2.0823)","(-6.3662, -13.4427)","(-13.1559, -23.1739)","(8.6765, 9.2243)","(1.4097, -0.8223)","(0.3814, -5.0055)","(1.8849, -1.4109)","(0.1724, 5.0915)","(5.6784, -15.5984)","(9.4596, -0.5787)","(-12.4706, -0.456)","(6.9711, 1.0553)","(2.6605, 3.939)","(-4.0411, -1.2944)","(-12.1457, 3.6317)","(-6.698, -7.2674)","(2.0264, 1.1766)"
6.760000000000000853e+01,"(0.4023, 0.6)","(-3.4084, -1.0686)","(3.5537, 1.7616)","(12.9613, 0.6476)","(-5.0002, -9.7426)","(-8.398, -11.7942)","(13.3191, 13.9447)","(2.8669, -1.6095)","(0.4404, -3.559)","(3.6786, -2.8326)","(0.917, 1.9711)","(7.2285, -22.945)","(14.3712, -0.919)","(-4.635, 0.8217)","(2.9123, 0.6741)","(3.4233, 3.8322)","(-2.4179, -0.9312)","(-6.8324, 2.1834)","(-10.489, -11.4476)","(3.5159, 1.965)"
6.770000000000000284e+01,"(0.9463, 1.4186)","(-7.1169, -2.249)","(5.1698, 2.7347)","(5.3629, 0.0277)","(-3.7367, -7.3966)","(-3.9949, -3.9083)","(12.1822, 11.8956)","(6.4741, -3.6032)","(0.8281, -5.2405)","(8.0797, -6.1238)","(1.7692, 2.2397)","(1.5099, -13.2056)","(17.7341, -1.5673)","(-3.3186, 1.3099)","(1.9182, 1.8958)","(5.4538, 5.8731)","(-3.5358, -1.546)","(-5.3167, 1.5113)","(-12.8318, -13.2542)","(7.1114, 3.9848)"
6.779999999999999716e+01,"(2.3873, 3.6559)","(-15.134, -4.7757)","(9.399, 5.0554)","(2.2688, 0.0722)","(-3.5591, -7.7059)","(-3.4708, -2.4656)","(6.5975, 5.7629)","(14.5086, -8.0849)","(1.6276, -9.7468)","(16.0806, -12.5629)","(3.3849, 4.1309)","(-0.7091, -4.7147)","(13.7493, -2.125)","(-4.9843, 2.2594)","(2.5992, 3.9857)","(9.2351, 9.9485)","(-6.8964, -3.1045)","(-7.0766, 1.7787)","(-9.6216, -8.6358)","(14.4911, 8.109)"
6.790000000000000568e+01,"(6.2557, 9.6271)","(-23.0378, -6.7819)","(16.2202, 8.681)","(2.4669, 0.2339)","(-4.453, -10.2186)","(-5.2517, -3.4205)","(3.2292, 2.8414)","(21.8445, -12.571)","(2.9127, -17.5975)","(15.6942, -15.6211)","(6.9848, 8.622)","(-0.819, -1.6384)","(8.1074, -1.6739)","(-9.0365, 4.094)","(4.9245, 8.3969)","(13.2909, 13.9625)","(-13.93, -6.2867)","(-11.5754, 2.7923)","(-5.4877, -4.5266)","(20.4233, 11.092)"
6.800000000000000000e+01,"(14.5062, 20.7102)","(-13.8542, -2.7727)","(17.5525, 8.9681)","(4.6661, 0.5283)","(-5.9406, -13.6696)","(-9.0347, -5.8765)","(2.7854, 2.7738)","(11.1716, -7.4647)","(2.9788, -20.5244)","(3.8258, -8.7651)","(13.2991, 15.9145)","(-1.4358, -1.7712)","(5.9772, -0.9337)","(-15.966, 7.3014)","(9.8681, 16.1184)","(11.3703, 10.8611)","(-20.9646, -9.1354)","(-17.3884, 4.2699)","(-3.8291, -3.5749)","(11.8593, 5.6812)"
6.810000000000000853e+01,"(16.371, 13.1461)","(-5.1285, -0.3451)","(9.5494, 4.3353)","(9.9098, 1.162)","(-6.6556, -14.4672)","(-14.8838, -9.5981)","(4.4196, 4.6608)","(3.7657, -3.111)","(0.9911, -11.264)","(0.0168, -3.2712)","(14.6616, 14.2059)","(-2.7924, -3.3093)","(7.2901, -0.6421)","(-18.2931, 9.0971)","(14.869, 16.1352)","(6.2307, 5.2759)","(-13.7391, -5.0831)","(-16.7049, 4.553)","(-4.7017, -4.9755)","(4.4511, 1.7958)"
6.820000000000000284e+01,"(7.8612, -1.2961)","(-1.8209, 0.148)","(4.0343, 1.7258)","(19.6236, 2.2466)","(-5.5371, -10.9303)","(-16.239, -9.8687)","(8.2503, 8.8138)","(1.9795, -2.0463)","(0.2204, -4.5181)","(-0.9655, -1.7591)","(7.8085, 4.241)","(-5.9447, -7.1236)","(11.3646, -0.715)","(-9.7922, 6.0203)","(10.3988, 2.2636)","(3.3732, 2.984)","(-5.4145, -1.5314)","(-9.5638, 3.0567)","(-7.622, -8.3948)","(1.3128, 0.444)"
6.829999999999999716e+01,"(3.2868, -4.2748)","(-2.0058, 0.4175)","(2.3146, 1.1136)","(21.9692, 1.9725)","(-3.9638, -7.6291)","(-9.6267, -5.0852)","(13.7674, 14.5241)","(2.7932, -3.1271)","(0.1884, -2.0556)","(-1.9669, -2.5515)","(2.8069, 0.7747)","(-12.2591, -14.498)","(16.9375, -1.1487)","(-3.9433, 2.7532)","(3.4673, -1.285)","(3.3525, 3.4024)","(-1.5827, -0.374)","(-5.2222, 1.6767)","(-11.98, -13.0493)","(0.8893, 0.2132)"
6.840000000000000568e+01,"(2.799, -6.5567)","(-3.7494, 0.8361)","(3.2984, 1.7428)","(9.9936, 0.1316)","(-3.3605, -7.0498)","(-4.5963, -2.2982)","(13.0829, 12.8268)","(5.1576, -5.7887)","(0.3963, -2.5919)","(-3.9217, -5.084)","(0.9225, -0.0425)","(-15.9712, -16.5875)","(17.3011, -1.9569)","(-2.1532, 1.273)","(0.6452, -0.7517)","(5.4073, 5.7989)","(-0.3626, -0.0685)","(-4.8316, 1.3108)","(-12.7941, -12.7483)","(1.6353, 0.354)"
6.850000000000000000e+01,"(4.1476, -10.2299)","(-8.0479, 1.7714)","(6.4049, 3.4602)","(3.3683, -0.2155)","(-3.9565, -8.9946)","(-3.1983, -1.847)","(6.6455, 5.6389)","(9.9782, -11.1959)","(0.8528, -5.0643)","(-8.2563, -10.7813)","(1.0294, -0.3566)","(-9.0533, -5.8991)","(10.7422, -2.122)","(-3.0129, 1.4423)","(-0.137, -0.5625)","(9.6919, 10.4927)","(-0.1863, -0.0136)","(-7.4128, 1.8127)","(-8.0758, -6.7542)","(3.6289, 0.788)"
6.860000000000000853e+01,"(5.9538, -15.4214)","(-17.036, 3.7797)","(13.0032, 7.043)","(1.3754, -0.2363)","(-5.4259, -12.6156)","(-4.581, -2.918)","(2.671, 2.181)","(14.4702, -16.5792)","(1.865, -10.8607)","(-14.6779, -17.7596)","(2.0712, -0.7849)","(-3.5319, -1.1825)","(6.1486, -1.2935)","(-5.8677, 2.6481)","(-0.5162, -0.9452)","(14.1395, 14.8588)","(-0.3678, -0.014)","(-12.8912, 3.0748)","(-4.2271, -3.4161)","(8.7106, 1.9035)"
6.870000000000000284e+01,"(4.7315, -16.9244)","(-23.3151, 5.7938)","(20.1681, 10.6791)","(1.9289, -0.4498)","(-6.7282, -15.0735)","(-8.4114, -5.4935)","(1.5813, 1.5093)","(9.2596, -11.5687)","(3.4838, -20.8397)","(-13.2388, -10.7302)","(4.8121, -1.7863)","(-1.7161, 0.0175)","(5.5331, -0.6878)","(-12.1158, 5.4105)","(-1.1719, -2.1618)","(11.1687, 10.4365)","(-0.8941, -0.0338)","(-18.947, 4.6791)","(-3.2488, -3.1474)","(19.622, 4.2448)"
6.879999999999999716e+01,"(0.9913, -11.4189)","(-11.6469, 4.2211)","(13.8005, 6.5626)","(3.8597, -0.9143)","(-6.1573, -12.5057)","(-15.034, -9.7741)","(2.4054, 2.5298)","(3.5068, -4.9195)","(2.7613, -20.5606)","(-6.2932, -2.0081)","(11.6339, -4.2877)","(-2.4694, 0.4198)","(8.0372, -0.5641)","(-20.2897, 9.3926)","(-2.8314, -5.4191)","(5.5179, 4.4512)","(-2.3488, -0.0928)","(-15.6598, 4.4541)","(-4.5984, -4.9788)","(24.2898, 4.7291)"
6.890000000000000568e+01,"(0.2671, -6.6082)","(-3.8838, 2.035)","(5.5128, 2.1991)","(8.6244, -2.026)","(-4.3919, -8.3029)","(-17.4798, -10.7141)","(4.8287, 5.19)","(1.192, -1.6795)","(0.4081, -8.7383)","(-2.0555, 0.0578)","(22.8964, -9.0766)","(-4.8583, 0.8639)","(13.3336, -0.7618)","(-15.1645, 8.4053)","(-7.0986, -13.4714)","(2.5533, 2.1673)","(-6.4484, -0.2612)","(-7.8174, 2.646)","(-8.0501, -8.964)","(10.3203, 1.1162)"
6.900000000000000000e+01,"(1.2581, -5.5328)","(-1.5389, 1.1687)","(1.6391, 0.5838)","(18.4354, -4.3691)","(-3.2921, -6.6179)","(-9.9058, -5.1207)","(10.117, 10.8979)","(0.8563, -1.0353)","(-0.1075, -2.8815)","(-1.1244, 0.6405)","(16.4318, -10.0124)","(-10.5499, 1.8238)","(18.8045, -1.3953)","(-5.5916, 4.1772)","(-15.0864, -22.5557)","(2.4024, 2.4323)","(-17.1568, -0.6721)","(-4.0033, 1.3066)","(-12.95, -14.1357)","(4.2669, 0.0055)"
6.910000000000000853e+01,"(2.7635, -7.4806)","(-1.9791, 1.7992)","(0.3939, 0.1207)","(23.2142, -6.0205)","(-3.4868, -7.7712)","(-4.1067, -1.8852)","(16.1981, 16.9738)","(1.5988, -1.8058)","(-0.2332, -1.4913)","(-1.7806, 1.3574)","(4.0288, -5.943)","(-20.6427, 3.8199)","(15.645, -2.2574)","(-1.587, 1.4324)","(-14.4372, -4.8316)","(4.0913, 4.4139)","(-29.0987, -0.6273)","(-4.0315, 1.0705)","(-12.8306, -12.483)","(4.1997, -0.3302)"
6.920000000000000284e+01,"(4.942, -12.0921)","(-3.7809, 3.4755)","(0.2699, 0.0564)","(10.4121, -3.6286)","(-4.7605, -11.1091)","(-1.948, -1.0391)","(11.2695, 10.3485)","(3.5032, -3.905)","(-0.4739, -2.3496)","(-3.7944, 2.88)","(0.557, -3.7757)","(-20.5203, 5.7027)","(8.3044, -1.9547)","(-0.389, 0.4628)","(-3.7474, 4.7096)","(8.032, 8.783)","(-13.2272, 1.2275)","(-6.7606, 1.6266)","(-7.2362, -5.6867)","(6.6898, -0.6142)"
6.929999999999999716e+01,"(6.4114, -17.4187)","(-8.047, 7.3617)","(0.5547, 0.1047)","(3.5636, -1.664)","(-6.4683, -14.8849)","(-2.4746, -1.5605)","(4.6214, 3.4321)","(8.0527, -8.9517)","(-0.9716, -4.7949)","(-8.7398, 6.5505)","(-0.2753, -4.9965)","(-7.7781, 4.4923)","(4.8053, -0.9768)","(-0.3415, 0.5635)","(1.5651, 4.5617)","(14.0695, 15.137)","(-6.337, 1.6995)","(-12.6374, 2.9759)","(-3.3487, -2.5667)","(11.9998, -1.0946)"
6.940000000000000568e+01,"(3.2084, -15.726)","(-15.3197, 14.1884)","(1.3446, 0.2547)","(2.1973, -1.3489)","(-6.7548, -14.3015)","(-4.783, -3.1383)","(1.509, 0.9079)","(15.5029, -17.4321)","(-2.144, -10.6667)","(-17.4438, 13.633)","(-0.5948, -8.4538)","(-2.1397, 2.1327)","(5.176, -0.5247)","(-0.6941, 1.1913)","(3.8059, 5.8439)","(13.5606, 13.2054)","(-6.4632, 2.4005)","(-19.9282, 4.8572)","(-2.4417, -2.3625)","(19.2371, -1.8377)"
6.950000000000000000e+01,"(-0.0002, -8.8891)","(-14.6581, 14.8254)","(3.513, 0.6703)","(3.3743, -2.2273)","(-5.0595, -9.5943)","(-10.0987, -6.6784)","(1.1525, 0.4947)","(12.467, -15.1563)","(-4.3498, -21.1441)","(-14.6619, 15.5485)","(-1.0637, -14.9953)","(-0.7999, 1.652)","(8.4292, -0.4999)","(-1.6657, 2.8394)","(6.3634, 9.6482)","(6.6681, 5.2279)","(-8.9955, 3.5046)","(-16.4698, 4.6966)","(-3.6718, -4.0157)","(17.8735, -2.112)"
6.960000000000000853e+01,"(0.295, -5.144)","(-5.4695, 7.05)","(9.4822, 1.8143)","(6.4762, -4.2753)","(-3.4352, -6.5711)","(-18.4099, -11.967)","(2.0965, 0.8245)","(4.1726, -6.2152)","(-4.9722, -20.6397)","(-2.5933, 8.0377)","(-2.2572, -20.345)","(-1.0183, 2.8025)","(14.7081, -0.776)","(-4.2457, 7.2004)","(10.3267, 14.5387)","(2.4008, 1.681)","(-13.142, 5.144)","(-7.4561, 2.6568)","(-6.9356, -7.811)","(9.0019, -1.446)"
6.970000000000000284e+01,"(1.4904, -5.1434)","(-1.5267, 2.5084)","(22.7825, 4.2785)","(12.8588, -8.4894)","(-3.1022, -6.6703)","(-16.5096, -9.6102)","(4.5357, 1.7904)","(1.41, -2.6892)","(-2.8219, -8.173)","(0.6162, 3.191)","(-3.5147, -13.8742)","(-2.0564, 5.66)","(20.0294, -1.5766)","(-10.0685, 17.2339)","(12.8037, 12.3827)","(0.8122, 0.6689)","(-15.9151, 6.4095)","(-3.0273, 1.0942)","(-12.5925, -14.0246)","(4.0108, -0.6683)"
6.979999999999999716e+01,"(3.179, -7.9223)","(-0.5038, 1.2492)","(24.2213, 3.765)","(18.7031, -12.6696)","(-4.02, -9.327)","(-7.1375, -3.1456)","(10.4934, 4.161)","(1.3413, -3.1211)","(-1.286, -2.7525)","(1.843, 2.661)","(-2.5184, -6.1042)","(-4.4665, 12.1842)","(14.3445, -2.4612)","(-12.2199, 23.0951)","(9.3966, 4.2575)","(0.9306, 0.9735)","(-12.7481, 5.5078)","(-2.343, 0.654)","(-14.4221, -14.5267)","(3.1421, -0.3779)"
6.990000000000000568e+01,"(5.6853, -13.533)","(-0.6236, 1.9537)","(9.2843, 0.289)","(11.5353, -8.6771)","(-5.8184, -13.6533)","(-2.3558, -0.7741)","(21.174, 8.2386)","(2.2726, -5.4272)","(-1.2714, -2.0805)","(3.3949, 4.2937)","(-1.0136, -3.1922)","(-7.4406, 21.7524)","(6.7328, -1.8345)","(-3.1036, 10.3027)","(5.0219, 1.9986)","(1.9027, 2.0891)","(-8.005, 3.6379)","(-3.9893, 0.9596)","(-8.1689, -6.297)","(5.0576, -0.4826)"
7.000000000000000000e+01,"(6.5858, -18.7171)","(-1.2603, 3.9888)","(5.79, -0.5141)","(4.2591, -3.6629)","(-7.0956, -15.7505)","(-1.152, -0.1947)","(19.7674, 6.6418)","(4.4344, -10.5531)","(-2.2173, -3.4456)","(6.517, 8.3407)","(-0.4897, -3.7568)","(-3.6306, 17.5933)","(3.6604, -0.7771)","(-0.245, 5.0198)","(3.4414, 3.1206)","(4.3906, 4.8758)","(-6.163, 2.6687)","(-8.1486, 1.8903)","(-3.2704, -2.1104)","(9.8315, -0.8802)"
7.010000000000000853e+01,"(1.9169, -14.3937)","(-2.8621, 8.9763)","(7.2034, -0.9781)","(1.2455, -1.1205)","(-5.9612, -11.6851)","(-1.8353, -0.1914)","(7.9275, 1.5425)","(7.6962, -18.5318)","(-4.4117, -6.8725)","(11.9986, 14.9147)","(-0.4831, -6.7644)","(0.4061, 6.9662)","(4.2486, -0.3935)","(0.5294, 5.4544)","(4.1014, 5.7017)","(10.2818, 11.4128)","(-7.3967, 2.98)","(-16.518, 3.8418)","(-1.2454, -0.9827)","(18.2907, -1.6657)"
7.020000000000000284e+01,"(-0.5587, -7.1044)","(-5.971, 18.9831)","(10.6988, -1.5033)","(0.4123, -0.3279)","(-3.903, -7.164)","(-3.826, -0.3914)","(3.2681, 0.1417)","(6.9786, -18.1257)","(-8.8945, -13.8366)","(14.4048, 14.4862)","(-0.7998, -13.2212)","(0.7115, 2.1686)","(7.4741, -0.3929)","(0.9867, 8.3583)","(6.7294, 10.4488)","(17.6746, 18.8711)","(-11.0554, 4.3253)","(-22.4296, 5.6626)","(-1.3653, -1.4437)","(21.0965, -2.2919)"
7.029999999999999716e+01,"(0.2205, -3.9833)","(-6.2046, 22.561)","(15.6597, -2.2344)","(0.6235, -0.4204)","(-2.8903, -5.8576)","(-8.7886, -0.9209)","(3.5362, -0.2308)","(2.7421, -8.6186)","(-12.7344, -19.1626)","(8.7555, 4.9474)","(-1.8492, -21.3274)","(1.0358, 1.4119)","(14.1224, -0.6493)","(1.6332, 13.7974)","(11.2125, 15.7737)","(11.3591, 9.7513)","(-15.5523, 6.1348)","(-12.0963, 4.0128)","(-2.649, -2.9975)","(10.7992, -1.7344)"
7.040000000000000568e+01,"(1.4137, -4.3986)","(-1.4017, 10.099)","(17.0691, -2.6506)","(1.4024, -0.92)","(-3.3002, -7.5)","(-19.209, -1.9559)","(6.0117, -0.4782)","(0.8918, -3.1297)","(-8.0061, -10.5984)","(3.4962, 1.2355)","(-3.6858, -16.6734)","(1.9735, 2.3438)","(21.2158, -1.4627)","(2.5131, 18.8175)","(13.1911, 11.3644)","(4.8321, 2.7474)","(-15.2266, 6.3474)","(-4.24, 1.8295)","(-5.8505, -6.7239)","(3.9874, -0.8034)"
7.050000000000000000e+01,"(3.1154, -7.387)","(0.0654, 3.666)","(11.8572, -2.139)","(3.4261, -2.233)","(-4.8469, -11.4753)","(-24.2853, -1.727)","(11.5116, -0.8977)","(0.4195, -1.2442)","(-3.2449, -3.6927)","(1.2105, 0.6886)","(-3.1477, -6.6394)","(4.1121, 4.9177)","(15.5238, -2.6318)","(2.7794, 14.8979)","(8.4701, 2.6215)","(3.3172, 1.1069)","(-9.794, 4.4337)","(-1.1693, 0.619)","(-12.5047, -14.2484)","(1.3469, -0.2417)"
7.060000000000000853e+01,"(5.9132, -13.5472)","(0.4953, 2.6872)","(7.2038, -1.3585)","(8.7223, -5.6738)","(-6.8449, -15.8522)","(-10.8021, 0.5437)","(19.8422, -1.6623)","(0.6645, -1.6352)","(-0.9569, -0.9814)","(1.1125, 1.2305)","(-1.2331, -2.2376)","(8.9795, 10.7727)","(6.5359, -2.0737)","(1.9378, 7.8553)","(3.9887, 1.2018)","(4.8968, 1.2892)","(-6.1835, 2.7985)","(-0.721, 0.5079)","(-16.5699, -17.1622)","(1.3137, -0.1424)"
7.070000000000000284e+01,"(7.2178, -19.7806)","(0.9688, 4.2992)","(6.1763, -1.0182)","(19.4485, -12.7717)","(-6.9496, -14.5007)","(-3.9338, 0.8156)","(19.0293, -2.2669)","(1.4173, -3.3636)","(-0.3912, -0.3262)","(2.0681, 2.6561)","(-0.3314, -1.263)","(15.8139, 17.9464)","(2.5613, -0.7864)","(1.0186, 4.7287)","(2.6269, 2.4349)","(8.7005, 2.2712)","(-6.0127, 2.4977)","(-1.2991, 0.9752)","(-8.94, -6.3969)","(2.6244, -0.235)"
7.079999999999999716e+01,"(1.6374, -14.7304)","(1.8614, 8.2957)","(8.3225, -1.2137)","(18.6063, -13.2182)","(-4.8142, -8.7887)","(-2.9929, 1.1049)","(8.9018, -1.7633)","(3.2503, -7.6493)","(-0.6395, -0.4731)","(4.5736, 6.081)","(-0.1795, -2.1106)","(12.674, 10.6511)","(2.1429, -0.2679)","(0.7844, 5.3663)","(3.2982, 4.8093)","(15.7007, 4.0762)","(-8.6362, 3.3975)","(-2.8981, 2.1712)","(-3.5937, -1.5078)","(5.9395, -0.5085)"
7.090000000000000568e+01,"(-1.1418, -6.427)","(3.6421, 16.1478)","(13.0391, -1.8324)","(6.3656, -5.8421)","(-3.0105, -5.625)","(-4.7063, 1.9184)","(3.3017, -0.7698)","(7.1352, -16.8566)","(-1.4167, -1.0419)","(10.2664, 13.5541)","(-0.2322, -4.5011)","(5.6516, 2.523)","(3.8162, -0.2027)","(1.0603, 8.8627)","(5.8208, 9.5063)","(20.3414, 4.7847)","(-13.4657, 5.2407)","(-6.9984, 5.2229)","(-2.4392, -0.3447)","(13.8264, -1.1775)"
7.100000000000000000e+01,"(-0.2319, -2.8239)","(5.3972, 21.6868)","(17.7673, -2.5923)","(3.048, -3.6379)","(-2.7132, -5.875)","(-8.8444, 3.5963)","(1.6342, -0.258)","(9.2383, -22.9676)","(-3.4703, -2.5627)","(16.5552, 18.9485)","(-0.4498, -10.3112)","(2.2328, 0.2558)","(7.9983, -0.3006)","(1.7857, 15.3061)","(10.6905, 16.2909)","(12.8787, 2.0412)","(-16.9023, 6.7784)","(-15.867, 11.9099)","(-3.8424, -0.2403)","(24.9276, -2.3171)"
7.110000000000000853e+01,"(0.7718, -2.6857)","(4.1628, 12.3486)","(15.3448, -2.5675)","(3.5408, -4.7706)","(-3.7381, -8.7962)","(-16.2771, 6.6634)","(2.4238, -0.2193)","(3.5218, -11.1588)","(-8.8491, -6.5446)","(11.2659, 6.5051)","(-1.2137, -21.323)","(2.3716, -0.3487)","(16.7127, -0.6449)","(2.7428, 19.8424)","(14.1638, 13.5577)","(5.5874, 0.5153)","(-12.8934, 5.6312)","(-19.5945, 15.586)","(-7.4068, -0.4597)","(16.7602, -2.3531)"
7.120000000000000284e+01,"(1.9883, -4.6366)","(2.0012, 4.5518)","(8.9723, -1.7337)","(5.5767, -7.6019)","(-5.813, -13.8487)","(-19.4134, 8.5154)","(4.9768, -0.3788)","(0.8612, -4.1802)","(-19.4717, -14.2395)","(4.7259, 0.1903)","(-3.6483, -21.9673)","(4.2728, -0.7743)","(23.6747, -1.8279)","(2.7908, 13.4112)","(9.2793, 2.2117)","(2.662, 0.3806)","(-7.3013, 3.4091)","(-7.4561, 7.5215)","(-14.8989, -0.9324)","(6.0804, -1.4574)"
7.129999999999999716e+01,"(4.3457, -9.4116)","(0.6149, 1.3589)","(5.718, -1.0481)","(9.0897, -12.4146)","(-7.4945, -16.8344)","(-10.308, 5.4763)","(11.0267, -0.8048)","(0.2834, -2.9488)","(-18.113, -12.071)","(2.5432, -1.3444)","(-4.403, -7.9122)","(8.8843, -1.5631)","(12.7325, -3.0966)","(1.7091, 6.2959)","(3.6139, -0.088)","(3.1012, 0.7262)","(-5.1627, 2.2706)","(-2.5775, 3.5304)","(-22.6935, -0.866)","(3.0151, -1.063)"
7.140000000000000568e+01,"(7.9503, -18.055)","(0.2156, 0.703)","(6.1915, -0.9539)","(11.0894, -15.5339)","(-6.207, -11.9869)","(-3.9079, 2.3842)","(21.6244, -1.702)","(0.306, -4.5924)","(-7.3657, -3.569)","(3.3901, -2.6419)","(-2.6672, -2.1028)","(17.9146, -3.246)","(4.2359, -2.0507)","(0.7913, 3.6303)","(1.5529, 0.7531)","(5.7648, 1.5056)","(-6.323, 2.5405)","(-2.1311, 3.7346)","(-15.0382, 1.0505)","(3.9847, -1.6213)"
7.150000000000000000e+01,"(5.5764, -20.4945)","(0.2989, 1.2938)","(9.5829, -1.3511)","(7.3955, -11.1295)","(-3.7341, -6.5281)","(-1.6016, 0.8816)","(20.7752, -2.5076)","(0.5747, -8.6187)","(-4.5524, -1.481)","(6.27, -4.928)","(-2.9629, -0.9585)","(22.2856, -5.3794)","(1.2425, -1.0386)","(0.6274, 4.5016)","(1.4696, 1.9725)","(11.7962, 3.1452)","(-10.1263, 3.9291)","(-3.2674, 5.9817)","(-5.7308, 1.3136)","(7.0304, -2.8865)"
7.160000000000000853e+01,"(-1.5585, -9.6855)","(0.6381, 2.915)","(15.4119, -2.1539)","(3.702, -5.879)","(-2.4365, -4.7788)","(-1.8932, 0.824)","(8.2706, -1.9859)","(1.081, -16.3804)","(-5.969, -1.5806)","(12.0735, -9.4936)","(-5.0249, -1.2862)","(10.3621, -4.9061)","(1.1041, -1.4241)","(0.9225, 8.0317)","(2.5465, 4.301)","(20.8201, 5.3447)","(-15.7414, 6.1313)","(-5.8258, 10.6467)","(-1.6573, 0.515)","(13.2283, -5.4254)"
7.170000000000000284e+01,"(-1.6635, -2.883)","(1.5255, 7.0831)","(18.6241, -2.8129)","(2.5818, -3.8588)","(-2.7184, -6.1861)","(-3.7436, 1.5226)","(2.7613, -1.0373)","(1.1423, -21.849)","(-9.5219, -2.4744)","(16.5564, -14.5021)","(-9.6788, -2.5208)","(3.1483, -2.4808)","(2.0329, -2.7603)","(1.6792, 15.0052)","(5.3862, 9.5961)","(18.4033, 3.6446)","(-16.7986, 6.9107)","(-9.1493, 16.9662)","(-0.3745, 0.1115)","(19.6338, -8.238)"
7.179999999999999716e+01,"(-0.6851, -0.565)","(3.6563, 16.8532)","(12.847, -2.3322)","(3.4562, -4.8148)","(-4.24, -10.1844)","(-8.2185, 3.2911)","(2.0195, -1.093)","(0.0516, -13.0784)","(-15.3469, -3.9646)","(8.6008, -11.5003)","(-17.9073, -4.4998)","(0.7758, -1.0578)","(4.4635, -5.9999)","(2.7975, 21.1787)","(11.2612, 18.3529)","(7.8975, 0.5975)","(-10.3274, 4.7349)","(-7.9685, 15.9528)","(-0.1822, 0.0063)","(14.1189, -6.4899)"
7.190000000000000568e+01,"(-0.5976, -0.04)","(6.2488, 25.8021)","(6.7854, -1.368)","(5.9806, -8.1465)","(-6.7073, -15.9547)","(-17.2771, 6.9655)","(3.3448, -1.9404)","(-0.2368, -5.167)","(-18.3474, -4.4638)","(2.1804, -5.3869)","(-20.7445, -3.5948)","(0.5355, -1.3442)","(9.7616, -13.1604)","(2.9921, 14.198)","(15.5449, 14.0578)","(2.5348, -0.0137)","(-5.5158, 2.6096)","(-3.5946, 8.3519)","(-0.3942, -0.0248)","(5.9944, -3.0957)"
7.200000000000000000e+01,"(-1.1482, 0.0842)","(4.5976, 12.0842)","(4.7789, -0.837)","(10.0614, -13.7238)","(-7.6741, -16.5433)","(-21.7299, 9.4753)","(6.7189, -3.8861)","(-0.0601, -1.8129)","(-12.4927, -2.5633)","(0.7651, -1.8425)","(-10.7981, 0.4524)","(0.9663, -2.6476)","(13.9917, -20.3646)","(1.8171, 5.9278)","(8.5789, -0.5005)","(0.6148, -0.0463)","(-4.5572, 1.9413)","(-1.6155, 3.8154)","(-0.9666, -0.0723)","(2.365, -1.2072)"
7.210000000000000853e+01,"(-2.6483, 0.1812)","(2.7038, 4.3515)","(6.2462, -0.9178)","(11.304, -15.9684)","(-5.3555, -9.5903)","(-9.7658, 5.5609)","(13.7653, -7.9682)","(0.0626, -1.5384)","(-6.5665, -1.1984)","(0.9544, -1.0317)","(-3.9548, 0.8034)","(2.1948, -5.9101)","(5.7026, -12.3728)","(0.6778, 2.4416)","(1.8379, -2.2949)","(0.2743, -0.0675)","(-6.5937, 2.5934)","(-1.4919, 2.9911)","(-2.5342, -0.2001)","(2.0177, -0.8874)"
7.220000000000000284e+01,"(-6.6183, 0.3887)","(2.8475, 3.2788)","(10.5809, -1.4603)","(6.3835, -9.8828)","(-2.8914, -4.9435)","(-3.1417, 2.3725)","(19.9578, -12.0034)","(0.1902, -2.9167)","(-4.6152, -0.9967)","(1.999, -1.6115)","(-1.4158, 0.1327)","(5.0513, -13.5804)","(0.8714, -4.828)","(0.3675, 2.3741)","(-0.6364, -2.0401)","(0.4975, -0.1551)","(-11.3487, 4.3653)","(-2.5572, 4.7338)","(-6.9315, -0.561)","(3.6277, -1.4975)"
7.229999999999999716e+01,"(-16.3391, 1.0344)","(4.4769, 4.8087)","(17.2858, -2.4095)","(2.8777, -4.6879)","(-2.0352, -4.1747)","(-1.4707, 1.5312)","(11.4242, -8.0335)","(0.451, -6.4145)","(-6.075, -1.5185)","(4.4594, -3.3874)","(-1.4649, -0.2717)","(8.04, -23.8015)","(-0.2791, -2.345)","(0.4977, 4.3661)","(-1.8213, -3.0756)","(1.1714, -0.3663)","(-17.462, 6.8148)","(-4.9999, 9.0869)","(-18.1801, -1.4094)","(7.6158, -3.0995)"
7.240000000000000568e+01,"(-26.9886, 3.9941)","(7.7665, 8.3446)","(18.7136, -2.9238)","(2.0004, -2.9862)","(-2.6633, -6.2512)","(-2.0827, 2.4477)","(3.9357, -3.3771)","(1.0243, -14.4761)","(-10.3666, -2.7008)","(10.2247, -7.6821)","(-2.8839, -0.7485)","(2.4352, -15.8701)","(-0.8451, -3.1936)","(0.964, 9.1756)","(-3.6251, -6.2229)","(3.0092, -0.9323)","(-16.0991, 6.7951)","(-9.028, 16.5199)","(-28.7247, -1.0486)","(15.811, -6.4445)"
7.250000000000000000e+01,"(-11.1589, 8.2844)","(12.5821, 13.3654)","(10.907, -2.1258)","(2.9364, -4.0621)","(-4.5295, -11.0357)","(-4.0343, 4.7579)","(1.055, -1.0656)","(1.5107, -24.7116)","(-17.0543, -4.4106)","(18.633, -14.9584)","(-6.4753, -1.787)","(-1.0331, -5.8129)","(-1.6307, -5.97)","(1.9994, 18.4755)","(-7.5495, -13.0026)","(8.0621, -2.4859)","(-8.4628, 4.0506)","(-9.3931, 18.3287)","(-12.1138, 2.5695)","(21.7505, -9.2125)"
7.260000000000000853e+01,"(-0.6584, 5.6211)","(13.0753, 13.0034)","(5.2551, -1.1025)","(5.467, -7.4083)","(-7.323, -17.4353)","(-8.4299, 9.9136)","(0.5104, -0.6822)","(0.1267, -15.9815)","(-18.507, -4.3944)","(11.7614, -14.2302)","(-14.7775, -4.0785)","(-1.5389, -2.594)","(-3.2872, -12.1785)","(3.2806, 22.5536)","(-13.7344, -19.0045)","(19.9649, -6.2486)","(-4.2291, 2.0302)","(-4.06, 9.54)","(-5.4421, 3.2713)","(11.4109, -5.5944)"
7.270000000000000284e+01,"(2.4185, 4.2913)","(7.6132, 6.6254)","(3.8629, -0.6615)","(10.0205, -13.5861)","(-7.7458, -16.176)","(-14.364, 17.2381)","(0.8523, -1.2434)","(-0.528, -5.847)","(-10.7918, -2.0492)","(1.5603, -6.7641)","(-24.661, -5.6961)","(-2.6455, -3.1549)","(-6.0183, -20.9106)","(2.9775, 10.6918)","(-13.3972, -6.9259)","(25.025, -9.0243)","(-3.8237, 1.6015)","(-1.3521, 3.6413)","(-5.2227, 4.5405)","(3.9239, -2.2755)"
7.279999999999999716e+01,"(4.3884, 5.7852)","(3.6484, 3.079)","(5.6461, -0.8082)","(12.2922, -17.2282)","(-4.8243, -8.1003)","(-10.6005, 14.2525)","(1.877, -2.7371)","(-0.5345, -2.6298)","(-5.1351, -0.8829)","(-0.8263, -2.7702)","(-14.9589, 0.0086)","(-4.7963, -5.6044)","(-6.6288, -16.939)","(1.5263, 3.5283)","(-5.4976, 1.3602)","(8.9165, -5.4396)","(-6.1306, 2.382)","(-0.591, 1.3874)","(-7.2271, 6.6362)","(1.2808, -0.8899)"
7.290000000000000568e+01,"(7.3179, 9.615)","(2.655, 2.5769)","(10.3069, -1.3985)","(6.6841, -10.4303)","(-2.3099, -3.7859)","(-3.5962, 6.1308)","(4.522, -6.5634)","(-0.903, -3.3978)","(-3.6548, -0.8001)","(-2.0082, -2.7459)","(-5.058, 2.0999)","(-9.1572, -10.7361)","(-4.0298, -6.4204)","(0.7348, 1.1184)","(-1.0599, 1.3496)","(4.1035, -4.0242)","(-11.3213, 4.3202)","(-0.8441, 1.6028)","(-10.5787, 9.7763)","(1.3696, -1.103)"
7.300000000000000000e+01,"(11.4584, 14.2002)","(3.9015, 4.1231)","(17.9539, -2.467)","(2.5516, -4.3767)","(-1.5772, -3.2643)","(-0.9423, 1.9791)","(10.4462, -15.228)","(-1.6636, -6.147)","(-5.307, -1.3479)","(-3.7052, -4.6954)","(-2.0203, 2.1786)","(-14.3985, -15.9825)","(-1.5082, -1.8671)","(1.0673, 1.2182)","(0.3411, 1.1346)","(4.2982, -5.2265)","(-18.4078, 7.1387)","(-1.7623, 3.1951)","(-12.431, 11.9884)","(2.6044, -2.1316)"
7.310000000000000853e+01,"(12.5705, 11.8652)","(7.2085, 7.7819)","(19.7529, -3.0788)","(1.1685, -1.8661)","(-2.2236, -5.3002)","(-0.2645, 0.8497)","(14.093, -21.6723)","(-3.2844, -12.1885)","(-9.7587, -2.5699)","(-7.2112, -9.2504)","(-2.2782, 3.5275)","(-11.9369, -10.4487)","(-0.3912, -0.4108)","(2.1279, 2.3647)","(1.0509, 1.8487)","(6.2508, -7.809)","(-16.6721, 7.0694)","(-3.9812, 7.1437)","(-9.289, 9.9476)","(5.7167, -4.6635)"
7.320000000000000284e+01,"(8.3931, 4.9125)","(12.7237, 13.6353)","(10.6065, -2.1561)","(1.4798, -2.0723)","(-4.0806, -10.0838)","(-0.3047, 1.3187)","(5.2208, -10.5147)","(-5.6658, -20.5325)","(-17.3509, -4.5392)","(-12.9134, -15.8367)","(-4.0762, 6.4299)","(-5.7889, -3.5225)","(-0.137, -0.0931)","(4.7372, 5.3014)","(2.2495, 4.0318)","(9.3985, -11.7991)","(-7.9178, 3.9234)","(-8.6766, 15.6219)","(-5.5824, 6.4222)","(12.6, -10.2877)"
7.329999999999999716e+01,"(4.474, 2.6144)","(14.1304, 14.1806)","(4.4042, -1.0089)","(2.9034, -3.926)","(-7.2661, -17.6528)","(-0.6341, 2.7896)","(1.3814, -4.4617)","(-5.353, -17.1957)","(-19.8547, -4.7641)","(-13.9272, -13.1017)","(-7.8233, 12.3074)","(-2.133, -1.2793)","(-0.2246, -0.1037)","(10.6747, 11.9282)","(5.1326, 9.4585)","(10.8069, -14.0954)","(-3.2945, 1.6786)","(-11.5028, 21.7962)","(-4.5162, 4.7932)","(19.0401, -15.9249)"
7.340000000000000568e+01,"(3.3982, 3.3062)","(7.8879, 6.7118)","(2.4833, -0.4595)","(6.216, -8.3419)","(-8.4048, -17.9661)","(-1.5093, 6.559)","(0.6996, -4.0981)","(-2.7712, -7.2534)","(-10.9441, -1.995)","(-7.768, -3.8969)","(-10.9761, 18.7287)","(-1.2779, -1.2027)","(-0.529, -0.2376)","(17.2558, 18.3841)","(11.3582, 19.1013)","(7.5017, -10.7341)","(-2.4248, 1.0442)","(-4.6334, 11.1539)","(-5.7754, 5.5318)","(10.0486, -9.4206)"
7.350000000000000000e+01,"(4.5805, 5.7611)","(3.2556, 2.5319)","(3.5313, -0.5086)","(12.0847, -16.3299)","(-5.2024, -8.4555)","(-3.5499, 15.4717)","(0.9206, -6.3849)","(-0.9979, -2.4042)","(-4.4909, -0.6593)","(-2.9008, -0.9582)","(-5.652, 14.1959)","(-2.0267, -2.322)","(-1.3623, -0.618)","(10.8279, 9.0651)","(16.1643, 14.5185)","(4.2763, -6.4655)","(-3.9725, 1.5417)","(-1.1571, 4.1835)","(-8.8582, 8.1677)","(3.3217, -3.6994)"
7.360000000000000853e+01,"(7.8198, 10.4363)","(1.5637, 1.412)","(6.8773, -0.9209)","(12.3421, -17.6449)","(-2.2047, -3.1558)","(-5.3954, 25.6047)","(1.6386, -11.3198)","(-0.3105, -0.8663)","(-2.2367, -0.4351)","(-0.9928, -0.5976)","(-1.1063, 6.3089)","(-4.2032, -5.019)","(-3.7089, -1.6959)","(4.499, 2.4869)","(8.3724, -1.6034)","(3.4973, -4.8804)","(-7.9479, 3.0074)","(-0.3457, 2.6267)","(-12.3898, 11.579)","(1.4525, -1.9842)"
7.370000000000000284e+01,"(12.4145, 15.3227)","(2.0425, 2.1399)","(14.0739, -1.8643)","(4.8016, -8.1602)","(-0.922, -1.6574)","(-1.56, 14.2873)","(2.5841, -18.5141)","(-0.3325, -1.1779)","(-2.9664, -0.7443)","(-1.0077, -1.1472)","(-0.4055, 2.2802)","(-9.1984, -11.0356)","(-10.2572, -4.6937)","(2.7015, 0.8117)","(1.1137, -3.2692)","(4.7019, -6.0392)","(-15.7953, 5.9843)","(-0.3447, 4.017)","(-11.5359, 11.6958)","(1.9161, -2.8828)"
7.379999999999999716e+01,"(12.6172, 10.9153)","(3.9798, 4.3186)","(22.4991, -3.1715)","(1.3885, -2.8381)","(-1.0566, -2.467)","(0.3214, 5.4008)","(2.0242, -18.4971)","(-0.6748, -2.5172)","(-5.7705, -1.5303)","(-1.9469, -2.5217)","(-0.717, 1.5188)","(-15.9891, -18.0773)","(-23.8275, -10.4818)","(3.9685, 0.8382)","(-1.5923, -3.2925)","(7.5318, -9.4146)","(-21.1178, 8.4254)","(-0.6455, 7.5936)","(-6.8902, 7.9067)","(3.5609, -5.386)"
7.390000000000000568e+01,"(7.4749, 3.5671)","(8.4434, 9.2242)","(15.8062, -2.8859)","(0.4747, -1.3142)","(-2.0074, -5.0085)","(0.8236, 3.6737)","(0.4738, -9.8484)","(-1.5665, -5.9176)","(-12.1206, -3.2474)","(-4.3983, -5.8767)","(-1.5812, 2.5525)","(-12.4206, -10.2437)","(-20.5674, -6.0516)","(7.2981, 1.5145)","(-3.2535, -5.2114)","(10.8756, -13.7503)","(-11.4998, 5.4859)","(-1.2762, 14.9783)","(-4.3434, 4.9498)","(7.1972, -10.8651)"
7.400000000000000000e+01,"(3.5221, 1.8208)","(15.2767, 16.3725)","(6.1252, -1.5425)","(0.5994, -1.9824)","(-4.3016, -10.8855)","(1.4639, 5.3539)","(0.1449, -4.4447)","(-3.735, -14.1134)","(-21.4814, -5.6004)","(-10.083, -13.3858)","(-3.5148, 5.3877)","(-5.4816, -2.3627)","(-8.324, 0.8969)","(14.1795, 2.9535)","(-6.0539, -9.9202)","(10.0036, -13.5369)","(-4.0823, 2.3324)","(-1.604, 22.3176)","(-4.5355, 4.5373)","(11.9707, -18.3137)"
7.410000000000000853e+01,"(2.6109, 2.59)","(13.4263, 12.8287)","(1.8036, -0.5352)","(1.2007, -4.0076)","(-8.3027, -20.3849)","(2.5907, 9.4415)","(0.3153, -3.256)","(-6.8795, -25.0)","(-18.0136, -3.9377)","(-16.7432, -19.377)","(-7.8144, 11.9068)","(-2.2435, -0.2049)","(-5.8687, 2.5971)","(21.5456, 4.091)","(-10.9914, -16.4606)","(5.6034, -8.4726)","(-1.0942, 0.6858)","(-0.2313, 14.8611)","(-6.8048, 6.3179)","(9.1302, -15.0047)"
7.420000000000000284e+01,"(3.7534, 4.8666)","(5.961, 4.4208)","(0.4639, -0.169)","(2.703, -8.9636)","(-8.7416, -17.8032)","(4.5535, 16.446)","(0.6869, -5.0131)","(-5.1449, -15.1247)","(-7.3946, -0.9725)","(-11.5298, -6.6732)","(-12.5981, 20.716)","(-2.5283, 0.3875)","(-7.3014, 4.0582)","(15.3799, 1.7133)","(-14.0138, -12.7843)","(3.2931, -4.9588)","(-0.2442, 0.1738)","(0.3599, 5.8953)","(-10.7597, 9.8555)","(3.4049, -6.4444)"
7.429999999999999716e+01,"(6.9196, 9.5406)","(2.0385, 1.182)","(0.4352, -0.2005)","(5.6464, -18.8954)","(-4.7171, -6.4814)","(5.8421, 19.3539)","(1.4078, -9.5786)","(-2.5548, -5.3874)","(-2.3304, -0.1423)","(-4.923, -0.0619)","(-5.7088, 15.2595)","(-4.5887, 0.8333)","(-10.5428, 5.9663)","(6.3883, 0.0123)","(-8.88, -1.9856)","(3.401, -4.555)","(-0.1725, 0.1541)","(0.1475, 1.8359)","(-13.2819, 12.6989)","(1.0119, -2.0777)"
7.440000000000000568e+01,"(12.2351, 15.9381)","(1.2479, 0.47)","(0.9105, -0.4316)","(6.1691, -22.5793)","(-1.9039, -1.847)","(4.1665, 11.1758)","(2.5782, -17.7582)","(-1.9843, -3.1874)","(-1.0079, 0.0512)","(-2.8534, 1.5977)","(-0.0581, 6.0337)","(-9.5173, 1.6781)","(-14.1289, 8.2032)","(2.172, -0.0248)","(-3.5039, -0.0803)","(5.2944, -6.6613)","(-0.361, 0.3352)","(-0.007, 0.7796)","(-9.4759, 10.2797)","(0.2561, -0.5116)"
7.450000000000000000e+01,"(13.828, 12.7975)","(2.1182, 0.6713)","(2.1977, -1.0382)","(1.8634, -10.1528)","(-1.5168, -0.9316)","(2.0323, 4.8279)","(2.5384, -21.0848)","(-2.9973, -4.4257)","(-1.5524, 0.1626)","(-3.8532, 3.0327)","(0.8871, 2.2064)","(-18.7265, 3.4409)","(-13.3615, 8.5253)","(1.2765, 0.1611)","(-1.6467, -0.995)","(8.8518, -10.9981)","(-0.8928, 0.8273)","(-0.0992, 1.2827)","(-5.033, 6.0546)","(0.1931, -0.3102)"
7.460000000000000853e+01,"(8.1761, 3.3527)","(4.4366, 1.405)","(5.6778, -2.6735)","(0.294, -3.6645)","(-2.6388, -1.4201)","(0.9974, 2.7905)","(0.5318, -11.3224)","(-5.2296, -7.6967)","(-3.2584, 0.3485)","(-7.0036, 5.54)","(1.7181, 2.2186)","(-21.5356, 5.449)","(-8.716, 6.3021)","(2.2028, 0.44)","(-1.709, -2.3814)","(11.7856, -15.0633)","(-2.3692, 2.1883)","(-0.2513, 2.8273)","(-3.6894, 4.0309)","(0.4304, -0.65)"
7.470000000000000284e+01,"(3.2069, 0.8215)","(10.0782, 3.2162)","(14.4819, -6.8306)","(-0.0811, -2.5893)","(-5.4166, -2.923)","(1.1111, 3.8215)","(-0.0444, -4.3334)","(-9.2067, -13.5207)","(-7.5897, 0.7964)","(-12.8559, 10.251)","(3.237, 3.939)","(-9.4843, 4.7044)","(-5.9363, 4.2437)","(4.7541, 1.0177)","(-3.0319, -5.1371)","(8.6151, -12.1913)","(-6.4925, 5.9886)","(-0.6242, 6.7838)","(-4.8132, 4.6046)","(1.0406, -1.5573)"
7.479999999999999716e+01,"(1.407, 0.9715)","(20.6034, 6.4388)","(25.1227, -12.2161)","(-0.2494, -4.144)","(-11.7618, -6.3712)","(1.9746, 7.2297)","(0.0447, -1.6011)","(-11.7254, -16.7209)","(-17.3552, 1.8414)","(-15.7323, 14.3301)","(6.582, 8.1052)","(-2.8491, 2.2596)","(-6.1532, 3.8516)","(10.943, 2.3786)","(-6.3673, -11.1988)","(4.1981, -6.6477)","(-16.1293, 14.9803)","(-1.4774, 16.1817)","(-7.9395, 7.2395)","(2.6841, -4.0034)"
7.490000000000000568e+01,"(1.625, 2.02)","(21.1252, 5.5347)","(12.3875, -7.2214)","(-0.4797, -8.0232)","(-20.7636, -10.8228)","(3.8659, 14.2686)","(0.2078, -1.6967)","(-7.7411, -10.1249)","(-25.4734, 3.1561)","(-7.4479, 10.5305)","(12.6705, 15.2319)","(-0.6825, 0.908)","(-8.7534, 5.0402)","(22.0426, 4.5906)","(-12.5778, -19.177)","(2.6332, -3.9052)","(-18.5407, 18.418)","(-1.9746, 26.4165)","(-12.4903, 11.4444)","(7.029, -10.4811)"
7.500000000000000000e+01,"(3.0777, 4.351)","(8.7665, 1.001)","(4.82, -3.7149)","(-0.9554, -15.8936)","(-16.1211, -6.6303)","(6.1334, 21.4098)","(0.4928, -3.342)","(-3.5958, -4.4026)","(-12.3496, 2.6036)","(-2.1571, 4.8745)","(14.9477, 14.9699)","(-0.4515, 1.1205)","(-12.9329, 7.3563)","(20.7501, 2.9526)","(-14.7652, -10.4687)","(3.2717, -4.2625)","(-5.9647, 8.041)","(0.2313, 13.9659)","(-13.0838, 12.9322)","(14.5864, -22.0485)"
7.510000000000000853e+01,"(6.6591, 9.6758)","(3.2694, -0.1576)","(4.09, -3.7908)","(-1.654, -22.5742)","(-6.5032, -1.3856)","(5.0806, 14.2842)","(1.1377, -7.4358)","(-1.8689, -2.4467)","(-4.4808, 1.5433)","(-1.171, 1.9511)","(8.3902, 4.9171)","(-0.8192, 2.2352)","(-14.8911, 9.0012)","(8.1708, -0.3255)","(-6.947, 1.1842)","(5.603, -6.9607)","(-2.8329, 5.3861)","(0.8969, 5.2973)","(-7.4289, 8.659)","(9.713, -16.3456)"
7.520000000000000284e+01,"(13.2421, 17.9722)","(2.9251, -0.582)","(5.7981, -5.5783)","(-1.7281, -13.7096)","(-2.2622, -0.0497)","(2.5371, 5.5364)","(2.5086, -16.4734)","(-2.2362, -3.2077)","(-3.1597, 1.5292)","(-1.8383, 1.7154)","(3.1314, 1.0133)","(-1.8866, 5.0617)","(-10.7913, 7.5035)","(3.1254, -0.7787)","(-1.3505, 1.8709)","(9.7606, -12.0666)","(-3.0233, 6.7518)","(1.2234, 3.9154)","(-3.7661, 4.646)","(2.9582, -6.74)"
7.529999999999999716e+01,"(14.945, 13.0907)","(4.8768, -1.1033)","(9.2281, -8.888)","(-0.9996, -5.1992)","(-2.0267, 0.3552)","(0.8427, 1.7424)","(3.2896, -24.7382)","(-4.0685, -5.994)","(-4.7569, 2.4836)","(-3.7378, 2.9646)","(0.8734, 0.0854)","(-4.4895, 11.975)","(-6.458, 4.8493)","(3.0938, -1.3179)","(0.5614, 1.6654)","(12.3587, -15.9118)","(-4.3215, 9.8401)","(2.018, 5.7568)","(-3.2565, 3.4117)","(1.6641, -5.1741)"
7.540000000000000568e+01,"(7.7708, 1.3826)","(9.493, -2.1295)","(12.9037, -12.5614)","(-0.325, -1.5092)","(-3.589, 0.7499)","(0.297, 0.8218)","(0.5723, -13.3339)","(-7.9803, -11.8047)","(-8.6338, 4.5075)","(-8.0442, 6.1531)","(0.5754, -0.1627)","(-8.1278, 23.2081)","(-5.3177, 3.5659)","(5.2114, -2.358)","(1.5476, 2.6488)","(7.6526, -11.2537)","(-6.1894, 14.1914)","(3.517, 10.0222)","(-4.9388, 4.5961)","(2.0507, -7.0991)"
7.550000000000000000e+01,"(2.5062, -1.0409)","(17.8088, -4.0541)","(11.2852, -11.448)","(-0.0699, -0.4513)","(-7.4898, 1.5409)","(0.3931, 1.4037)","(-0.4315, -4.7996)","(-12.4947, -18.1375)","(-15.3836, 8.0677)","(-15.6669, 12.313)","(1.0791, -0.4039)","(-3.5436, 18.2342)","(-6.9357, 4.0889)","(10.0653, -4.5263)","(3.1778, 5.5664)","(3.297, -5.4805)","(-6.5838, 15.7035)","(5.9258, 16.7149)","(-8.718, 7.8552)","(3.1815, -11.0862)"
7.560000000000000853e+01,"(1.1589, -1.8784)","(20.7533, -5.3811)","(6.3859, -6.8458)","(-0.0444, -0.6325)","(-15.8184, 3.2679)","(0.8236, 3.0918)","(-0.6233, -2.5417)","(-9.4868, -12.6575)","(-18.0713, 9.9071)","(-15.5506, 15.3618)","(2.4935, -0.9246)","(1.0355, 6.8388)","(-10.7557, 6.0589)","(17.7859, -8.1437)","(6.888, 12.1991)","(1.988, -2.9785)","(-4.4252, 11.4496)","(6.8643, 18.0323)","(-13.7486, 12.5938)","(4.6372, -16.3472)"
7.570000000000000284e+01,"(1.5687, -3.4436)","(10.4368, -3.7365)","(3.898, -4.1212)","(-0.081, -1.4231)","(-23.2942, 5.4757)","(1.9369, 7.3727)","(-1.1244, -3.6381)","(-4.2026, -4.9581)","(-9.9756, 6.1727)","(-4.2364, 8.8587)","(6.2449, -2.2746)","(1.7194, 3.0126)","(-15.0128, 8.6513)","(17.6675, -9.0829)","(13.4144, 19.7729)","(2.6855, -3.4632)","(-2.707, 7.2157)","(4.4489, 10.0227)","(-12.6723, 12.8921)","(4.4419, -16.6216)"
7.579999999999999716e+01,"(3.2388, -6.9764)","(3.7423, -1.6603)","(4.1532, -4.1316)","(-0.1883, -3.4927)","(-12.9383, 4.7455)","(4.5278, 17.1213)","(-2.1131, -6.7812)","(-1.4048, -1.6111)","(-4.0612, 2.7238)","(-0.3414, 3.284)","(15.4068, -5.6606)","(2.8962, 3.4603)","(-13.6736, 8.8313)","(7.9705, -5.2752)","(14.3194, 8.3431)","(4.9485, -6.0968)","(-2.4792, 6.1213)","(2.1439, 4.5459)","(-6.0819, 7.564)","(2.5166, -10.5397)"
7.590000000000000568e+01,"(6.6843, -14.4645)","(1.1907, -0.4933)","(6.5082, -6.2907)","(-0.4755, -9.0008)","(-4.3292, 2.4904)","(7.2436, 24.9708)","(-4.181, -13.4546)","(-0.6251, -0.8268)","(-2.0883, 1.2761)","(0.4955, 1.2663)","(25.1092, -10.6944)","(5.0806, 5.9006)","(-8.0389, 6.0633)","(2.8146, -2.1177)","(5.9115, -1.8723)","(9.3895, -11.4991)","(-3.4347, 7.9672)","(1.2904, 3.1613)","(-2.8464, 3.6492)","(1.4524, -6.1604)"
7.600000000000000000e+01,"(8.1579, -22.0482)","(1.0297, -0.2758)","(10.7767, -10.372)","(-1.1874, -21.2959)","(-1.3177, 1.1475)","(4.824, 11.4453)","(-6.8171, -21.0676)","(-0.976, -1.4258)","(-2.7986, 1.5091)","(1.1521, 1.5541)","(10.6045, -8.9143)","(9.3324, 10.8614)","(-5.0508, 3.7301)","(1.2369, -0.7732)","(0.7722, -2.1004)","(13.3223, -16.8986)","(-5.317, 12.1187)","(1.6908, 4.6812)","(-2.6112, 2.7004)","(1.4691, -5.5477)"
7.610000000000000853e+01,"(0.1867, -13.9687)","(2.0605, -0.466)","(13.7318, -13.4699)","(-2.1152, -25.2161)","(-1.2316, 1.5011)","(2.592, 4.0529)","(-5.7701, -15.0057)","(-2.0933, -3.1146)","(-5.4243, 2.8272)","(2.3629, 3.0854)","(2.1073, -5.2445)","(14.0675, 15.4665)","(-5.3231, 3.3218)","(1.7441, -0.8333)","(-0.9961, -2.144)","(8.3841, -12.2908)","(-6.9695, 16.1741)","(3.0715, 8.7978)","(-4.33, 3.973)","(2.2636, -7.9947)"
7.620000000000000284e+01,"(-2.2699, -4.6143)","(4.693, -1.0236)","(9.6541, -10.0436)","(-1.9882, -9.7178)","(-2.2651, 2.8725)","(2.5948, 2.9701)","(-2.8641, -5.9002)","(-4.9006, -7.327)","(-11.2742, 5.8382)","(5.2375, 6.959)","(0.0265, -4.9395)","(11.5663, 10.1406)","(-8.0841, 4.5898)","(3.6061, -1.6148)","(-2.1918, -3.6774)","(3.0882, -5.4985)","(-5.6895, 14.1623)","(5.6948, 16.2716)","(-8.218, 7.3229)","(3.7679, -13.1094)"
7.629999999999999716e+01,"(-1.2331, -0.9496)","(11.2159, -2.4252)","(4.8598, -5.3174)","(-1.6806, -4.7943)","(-4.9135, 6.1836)","(4.1303, 4.4211)","(-0.9669, -1.8539)","(-10.9134, -16.244)","(-19.5468, 10.2947)","(11.4063, 14.8968)","(-0.5482, -7.264)","(5.7896, 3.7405)","(-12.9301, 7.2264)","(8.1366, -3.5875)","(-4.4399, -7.7166)","(1.2236, -2.1068)","(-3.213, 8.6923)","(7.4418, 19.9645)","(-14.1474, 12.7836)","(5.0856, -18.1154)"
7.640000000000000568e+01,"(-1.209, -0.0463)","(22.902, -5.1463)","(3.1562, -3.3021)","(-2.3541, -5.4681)","(-10.538, 13.3083)","(7.3527, 7.8758)","(-0.3045, -0.7245)","(-14.1619, -20.1298)","(-15.7207, 9.0964)","(16.4058, 17.7711)","(-0.9231, -12.0811)","(2.4486, 1.7071)","(-16.0171, 9.5079)","(17.4217, -7.7545)","(-9.2249, -15.5175)","(1.2419, -1.6697)","(-2.2173, 5.7789)","(4.9131, 11.0041)","(-13.8139, 13.8861)","(3.8135, -14.9227)"
7.650000000000000000e+01,"(-2.2216, 0.1866)","(19.8921, -5.7353)","(4.0028, -3.9295)","(-3.6949, -8.3893)","(-14.513, 19.5475)","(12.4621, 13.2384)","(-0.3643, -1.1257)","(-6.8843, -8.1666)","(-6.0897, 4.2183)","(10.05, 4.9751)","(-1.7048, -18.1812)","(1.9873, 2.0014)","(-11.3237, 7.949)","(21.5365, -10.5983)","(-14.9339, -17.559)","(2.3795, -2.9329)","(-2.6271, 6.2385)","(2.1782, 4.259)","(-6.0369, 7.8091)","(1.846, -8.1482)"
7.660000000000000853e+01,"(-4.8762, 0.3727)","(7.0654, -3.4021)","(6.8741, -6.604)","(-5.9577, -13.5019)","(-6.2285, 11.328)","(13.682, 13.7249)","(-0.7582, -2.466)","(-2.9983, -2.8429)","(-1.8131, 1.4247)","(4.0202, -0.0156)","(-3.0029, -16.9813)","(3.2879, 3.784)","(-5.9365, 4.7287)","(8.982, -6.2311)","(-11.2595, -2.9208)","(5.1007, -6.1714)","(-4.1178, 9.3924)","(0.8121, 1.7395)","(-2.2149, 3.2308)","(1.1625, -4.8508)"
7.670000000000000284e+01,"(-11.3946, 0.794)","(2.946, -2.167)","(11.8264, -11.356)","(-7.7616, -17.108)","(-1.4311, 4.3845)","(7.9499, 6.9767)","(-1.7874, -5.8913)","(-2.8828, -2.2482)","(-0.5344, 0.5078)","(2.3143, -1.3125)","(-2.9648, -9.2304)","(6.5939, 7.8183)","(-4.2462, 2.9886)","(2.7531, -2.7915)","(-3.7041, 1.7067)","(10.7404, -13.0176)","(-6.3772, 14.5196)","(0.7415, 1.9897)","(-1.3972, 1.5939)","(1.4459, -5.2911)"
7.680000000000001137e+01,"(-22.9056, 2.3211)","(3.2857, -2.9891)","(14.2451, -14.0423)","(-6.1558, -12.5458)","(-0.1878, 2.1001)","(3.576, 2.9666)","(-4.3114, -14.2052)","(-4.6663, -3.5014)","(-0.626, 0.6962)","(3.2791, -2.5594)","(-1.5798, -4.9324)","(12.6687, 14.7747)","(-5.5189, 3.2655)","(1.459, -2.2493)","(-0.4184, 1.2865)","(14.7609, -18.8337)","(-7.0615, 16.7537)","(1.3554, 3.892)","(-2.2761, 2.1099)","(2.4609, -8.5729)"
7.690000000000000568e+01,"(-19.5798, 6.6751)","(5.485, -5.0963)","(8.6132, -9.1517)","(-3.4982, -6.6973)","(0.0733, 2.9311)","(2.1934, 2.0787)","(-7.9812, -25.0347)","(-8.5865, -6.4526)","(-1.2993, 1.4648)","(6.2599, -4.8877)","(-0.7798, -4.6969)","(15.0143, 15.1641)","(-9.2099, 5.1117)","(2.1016, -3.6703)","(0.6402, 1.3695)","(6.8739, -10.9974)","(-4.4283, 11.6291)","(2.9102, 8.4876)","(-4.6501, 4.1082)","(4.241, -14.6881)"
7.700000000000000000e+01,"(-4.5363, 6.5093)","(10.0172, -9.2916)","(3.8713, -4.3359)","(-2.2277, -4.5143)","(0.1776, 5.569)","(3.0788, 3.2275)","(-6.0054, -14.4723)","(-14.9092, -11.1354)","(-3.0804, 3.4589)","(12.3084, -9.6247)","(-0.6557, -7.3702)","(8.3802, 5.5275)","(-14.8243, 8.2735)","(4.0257, -7.0261)","(1.465, 2.5475)","(1.8796, -4.2341)","(-2.3656, 6.5413)","(6.1099, 17.697)","(-9.9064, 8.6785)","(5.3305, -19.1659)"
7.710000000000000853e+01,"(0.346, 3.3389)","(14.8763, -14.1354)","(2.3865, -2.5069)","(-2.549, -5.6134)","(0.3376, 11.6333)","(5.8165, 6.2549)","(-3.115, -5.0294)","(-16.074, -11.493)","(-7.6253, 8.5482)","(16.8924, -14.7983)","(-0.9394, -13.0653)","(3.1652, 1.3643)","(-15.9895, 9.8512)","(7.8896, -13.7879)","(3.1693, 5.7346)","(0.4314, -1.702)","(-1.9976, 5.014)","(8.2154, 22.0211)","(-16.9106, 15.325)","(3.2771, -13.3985)"
7.720000000000000284e+01,"(2.0812, 3.1934)","(11.1203, -11.7045)","(3.2594, -3.1838)","(-4.113, -9.3361)","(0.8341, 21.339)","(11.2242, 12.0724)","(-2.6163, -3.0636)","(-8.6818, -5.5705)","(-15.9318, 18.0717)","(8.2937, -11.4502)","(-1.8706, -19.6483)","(0.8546, 0.2393)","(-9.1653, 6.9848)","(10.6868, -19.7352)","(7.222, 13.0733)","(0.2796, -2.1615)","(-2.871, 6.6428)","(4.8242, 10.0193)","(-11.8797, 13.0053)","(1.4038, -6.5208)"
7.730000000000001137e+01,"(3.8422, 5.2251)","(4.7483, -5.7918)","(6.0188, -5.7572)","(-6.7668, -15.3416)","(2.0399, 19.5963)","(15.4066, 15.9172)","(-3.9649, -4.2302)","(-3.6029, -2.1899)","(-13.0921, 16.2595)","(1.8655, -5.1934)","(-3.3255, -16.2705)","(0.368, -0.0101)","(-4.4791, 3.7062)","(5.4371, -12.7063)","(14.2716, 20.7114)","(0.4887, -4.131)","(-4.831, 10.9161)","(2.0499, 3.2882)","(-3.6297, 5.8721)","(0.903, -3.7645)"
7.740000000000000568e+01,"(7.2029, 9.9281)","(2.1211, -2.5316)","(11.3525, -10.841)","(-8.0104, -17.4042)","(2.128, 8.0284)","(9.7467, 8.6991)","(-6.8416, -7.2784)","(-1.9553, -1.3196)","(-4.0865, 6.6864)","(0.4685, -1.6166)","(-2.9126, -7.7047)","(0.6274, -0.1017)","(-3.5978, 2.434)","(1.5495, -5.1325)","(14.0765, 6.3783)","(1.081, -8.9066)","(-7.2449, 16.5494)","(1.2725, 1.5289)","(-0.8135, 2.0042)","(1.2646, -4.559)"
7.750000000000000000e+01,"(12.4568, 16.0153)","(2.1163, -2.1217)","(15.4783, -15.1179)","(-5.3869, -10.5868)","(1.0097, 2.4711)","(4.0257, 3.0638)","(-11.6564, -12.3433)","(-2.7475, -2.0269)","(-1.7006, 3.8741)","(0.4229, -0.5796)","(-1.3206, -3.7345)","(1.438, -0.2389)","(-5.3683, 3.0764)","(0.4373, -1.5688)","(4.8414, -2.9369)","(2.1888, -18.5079)","(-6.5795, 16.085)","(2.0325, 2.1832)","(-0.1806, 1.289)","(2.3212, -8.0144)"
7.760000000000000853e+01,"(13.5209, 12.1145)","(3.7917, -3.544)","(9.4969, -10.0814)","(-2.752, -5.1554)","(0.5257, 0.7983)","(1.2816, 0.9833)","(-13.8691, -14.0747)","(-5.374, -4.0487)","(-1.8782, 5.097)","(0.9361, -0.7714)","(-0.5837, -3.6615)","(3.6246, -0.5827)","(-9.6327, 5.2607)","(0.2941, -0.6661)","(-0.137, -2.9034)","(1.9775, -23.3531)","(-3.3696, 9.3357)","(3.9726, 4.2507)","(-0.1493, 2.2153)","(4.2918, -14.7515)"
7.770000000000000284e+01,"(7.8362, 3.1848)","(7.6598, -7.0478)","(3.7221, -4.3325)","(-1.7943, -3.6847)","(0.8537, 0.9824)","(0.7683, 0.7478)","(-8.79, -7.9796)","(-11.14, -8.4192)","(-3.047, 8.4002)","(2.1514, -1.6293)","(-0.4946, -6.1879)","(9.5158, -1.5076)","(-16.0074, 8.8765)","(0.6156, -1.0986)","(-2.0051, -3.4783)","(-0.4312, -11.172)","(-1.8004, 5.0092)","(8.3858, 8.9994)","(-0.3183, 4.6861)","(5.7074, -20.3752)"
7.780000000000001137e+01,"(3.1213, 0.9495)","(14.2368, -13.2108)","(1.4563, -1.6479)","(-2.3384, -5.2183)","(1.7805, 2.0097)","(1.3727, 1.4689)","(-4.1603, -3.5386)","(-18.3628, -13.6374)","(-5.197, 14.3515)","(5.2449, -3.8792)","(-0.7422, -11.87)","(22.3391, -3.7898)","(-16.1777, 10.1624)","(1.4113, -2.4291)","(-3.7982, -6.1876)","(-0.7092, -3.8237)","(-1.8317, 4.4624)","(15.2099, 16.0855)","(-0.7618, 10.7139)","(3.3106, -13.7287)"
7.790000000000000568e+01,"(1.567, 1.2362)","(14.8347, -14.7932)","(1.4408, -1.4367)","(-4.0996, -9.3737)","(4.1165, 4.6833)","(3.0309, 3.3008)","(-2.4969, -2.353)","(-13.5986, -9.2294)","(-6.5294, 18.7483)","(12.6454, -9.391)","(-1.5995, -20.1019)","(23.5145, -6.4412)","(-8.0479, 6.547)","(3.4404, -5.8624)","(-7.2731, -11.9954)","(-0.6773, -1.7565)","(-2.979, 6.787)","(13.5324, 13.1035)","(-1.3433, 21.8392)","(1.1947, -5.983)"
7.800000000000000000e+01,"(1.9814, 2.5168)","(6.3262, -7.707)","(2.7414, -2.622)","(-7.12, -16.2174)","(9.732, 11.0707)","(7.1575, 7.8297)","(-3.2812, -3.4072)","(-5.5585, -3.2052)","(-4.0365, 13.2069)","(20.4482, -17.0723)","(-3.3959, -18.3867)","(7.3752, -5.6411)","(-3.4593, 3.0753)","(8.2426, -14.0824)","(-12.6696, -17.5582)","(-1.2055, -2.496)","(-5.3051, 11.908)","(5.9697, 4.7446)","(0.2477, 21.6321)","(0.5686, -2.6068)"
7.810000000000000853e+01,"(3.7933, 5.3649)","(1.9989, -2.8538)","(5.9081, -5.5998)","(-8.3656, -18.1252)","(17.4539, 19.0236)","(15.1283, 16.356)","(-5.9787, -6.377)","(-1.7177, -0.8669)","(-1.7401, 6.4761)","(7.5379, -12.4502)","(-3.3741, -8.0586)","(2.6224, -4.6206)","(-2.6115, 1.7983)","(12.8817, -23.3224)","(-13.3361, -8.8806)","(-2.3722, -4.8675)","(-7.8519, 17.9639)","(2.0127, 1.3359)","(1.9697, 8.4037)","(0.731, -2.6805)"
7.820000000000000284e+01,"(8.0376, 11.5406)","(0.529, -0.7621)","(12.5066, -11.8707)","(-5.1808, -9.9335)","(12.0374, 10.1977)","(15.7165, 15.4844)","(-11.1859, -11.9393)","(-0.7285, -0.2829)","(-1.1234, 3.7484)","(-0.1825, -5.608)","(-1.4986, -2.9165)","(2.199, -6.1797)","(-4.1388, 2.3465)","(4.9668, -12.9876)","(-6.7652, -0.3324)","(-5.0422, -10.4075)","(-6.1614, 15.4514)","(1.0756, 0.5262)","(1.5081, 2.9056)","(1.4248, -4.9033)"
7.830000000000001137e+01,"(14.4688, 18.5218)","(0.2875, -0.3088)","(17.1852, -16.7963)","(-2.3493, -4.2261)","(5.2419, 2.6287)","(6.9476, 5.0848)","(-15.0275, -15.462)","(-1.1513, -0.3825)","(-1.5691, 4.5183)","(-2.1979, -3.6379)","(-0.4453, -1.6804)","(3.1926, -9.5079)","(-7.9943, 4.3032)","(0.7264, -5.3571)","(-2.3884, 0.0385)","(-9.5987, -19.4041)","(-2.7084, 7.8948)","(1.7724, 0.7572)","(2.0108, 2.4243)","(2.9874, -10.1442)"
7.840000000000000568e+01,"(13.3745, 9.53)","(0.596, -0.5531)","(8.455, -9.3406)","(-1.2623, -2.5297)","(3.509, 0.7996)","(3.2653, 1.6355)","(-9.6756, -8.7736)","(-2.4696, -0.8145)","(-2.8714, 7.9112)","(-3.9106, -4.8738)","(-0.2425, -2.6573)","(4.8763, -14.7408)","(-15.1014, 8.1566)","(-0.2772, -4.2553)","(-1.19, -0.8919)","(-9.8063, -17.379)","(-1.3491, 3.8481)","(3.707, 1.5784)","(3.525, 3.9629)","(5.6187, -19.2809)"
7.850000000000000000e+01,"(6.1908, 0.6335)","(1.4028, -1.2748)","(2.7255, -3.5447)","(-1.6218, -3.622)","(5.0754, 0.7169)","(3.7824, 1.3846)","(-4.1374, -3.3095)","(-5.8789, -1.9508)","(-5.2871, 14.5018)","(-6.741, -8.3646)","(-0.3022, -5.4817)","(5.0633, -17.4872)","(-18.6689, 11.1285)","(-0.7196, -6.3019)","(-1.4251, -2.142)","(-4.9746, -6.5555)","(-1.4705, 3.5512)","(8.5011, 3.6403)","(6.8045, 7.6935)","(5.433, -20.3358)"
7.860000000000000853e+01,"(1.8464, -0.8183)","(3.5387, -3.1948)","(0.9987, -1.6043)","(-3.0273, -6.9614)","(8.9155, 1.2287)","(6.3368, 2.2153)","(-1.5809, -1.339)","(-14.1672, -4.6986)","(-6.978, 19.9133)","(-11.2625, -13.6227)","(-0.5769, -12.053)","(2.4367, -12.5832)","(-9.5324, 7.6694)","(-1.2474, -10.8853)","(-2.7312, -4.7791)","(-1.8742, -1.909)","(-2.59, 5.852)","(18.3386, 7.7869)","(12.5587, 14.0236)","(1.8735, -9.3148)"
7.870000000000000284e+01,"(0.8778, -1.4466)","(9.121, -8.2264)","(1.2235, -2.2371)","(-5.999, -13.8383)","(15.9492, 2.173)","(11.7288, 4.1173)","(-1.4599, -1.4775)","(-25.0493, -8.0188)","(-4.0342, 13.4235)","(-13.3453, -13.5726)","(-1.5529, -22.5245)","(1.0144, -7.1398)","(-3.2707, 3.4132)","(-2.1406, -17.7997)","(-6.021, -10.8677)","(-1.1797, -0.8299)","(-4.9775, 11.0878)","(22.1885, 8.6725)","(14.6307, 14.7911)","(0.4584, -3.1469)"
7.880000000000001137e+01,"(1.2767, -2.7588)","(18.9625, -17.4568)","(2.3273, -4.2955)","(-9.1755, -20.5386)","(20.6153, 2.234)","(18.9932, 6.4976)","(-2.6967, -2.8788)","(-15.0921, -3.8027)","(-1.4688, 5.8945)","(-9.0304, -6.1605)","(-3.9437, -18.9698)","(1.1993, -5.3365)","(-1.1827, 1.1257)","(-2.9294, -18.6395)","(-12.5043, -19.7458)","(-1.991, -1.2182)","(-8.1799, 18.5043)","(9.917, 2.6841)","(8.2705, 6.3471)","(0.0731, -0.9138)"
7.890000000000000568e+01,"(2.7617, -5.8373)","(13.317, -14.329)","(4.9751, -9.1496)","(-6.6836, -13.2315)","(13.1306, 0.2678)","(17.0505, 5.067)","(-5.7865, -6.25)","(-5.8336, -0.7507)","(-0.7156, 2.611)","(-4.4635, -2.5823)","(-3.8636, -6.5779)","(2.1173, -6.8486)","(-1.2396, 0.7715)","(-2.4766, -10.3429)","(-15.3384, -11.1559)","(-4.1062, -2.5073)","(-6.8409, 16.9726)","(3.7902, 0.501)","(3.2633, 2.042)","(0.0, -0.8757)"
7.900000000000000000e+01,"(6.1295, -12.8771)","(3.8386, -6.3632)","(9.68, -17.9353)","(-2.9679, -5.0306)","(5.7469, -0.3234)","(8.2799, 1.8067)","(-12.1946, -13.1301)","(-4.0325, -0.0648)","(-0.9331, 2.7271)","(-2.7751, -2.4288)","(-1.9975, -1.6826)","(3.7398, -11.1087)","(-2.4889, 1.3428)","(-1.2922, -4.8335)","(-6.9938, 1.8618)","(-9.1934, -5.6442)","(-2.6753, 8.122)","(3.1668, 0.016)","(1.0954, 0.8025)","(-0.0196, -1.7442)"
7.910000000000000853e+01,"(9.1326, -22.4351)","(1.7702, -4.7332)","(9.7743, -19.2107)","(-0.9355, -1.5126)","(2.8752, 0.0158)","(3.4129, 0.7041)","(-16.6203, -17.0793)","(-5.8154, 0.102)","(-1.8149, 4.9811)","(-3.5249, -4.1037)","(-2.0461, -0.6985)","(5.5284, -16.9334)","(-5.5732, 2.9148)","(-0.659, -3.6006)","(-0.8972, 2.6323)","(-18.4965, -11.1811)","(-0.9698, 3.1397)","(5.1118, -0.1089)","(1.0194, 1.0589)","(-0.0396, -4.0275)"
7.920000000000000284e+01,"(1.1827, -16.2195)","(2.0025, -6.527)","(3.6658, -8.6884)","(-0.2906, -0.5475)","(3.4399, 0.3711)","(2.4056, 0.7075)","(-9.0491, -7.7263)","(-10.0255, 0.1859)","(-3.7866, 10.2573)","(-6.2298, -7.8263)","(-3.6133, -0.9487)","(4.405, -16.9713)","(-12.7268, 6.6368)","(-0.6845, -5.413)","(1.2834, 2.6856)","(-18.8839, -10.1225)","(-0.7059, 1.826)","(9.6776, -0.1967)","(1.9634, 2.2195)","(-0.0873, -9.8897)"
7.930000000000001137e+01,"(-2.9142, -5.2728)","(3.1471, -10.3945)","(1.0162, -2.9809)","(-0.3803, -0.8571)","(6.3614, 0.8789)","(3.8905, 1.3348)","(-3.4714, -2.3332)","(-17.0209, 0.3455)","(-6.9921, 19.1759)","(-11.2263, -13.9172)","(-7.3778, -1.9731)","(1.4669, -10.1126)","(-21.7837, 12.0699)","(-1.1288, -10.0792)","(2.7114, 4.452)","(-8.191, -2.9051)","(-1.2543, 2.85)","(17.8403, -0.4034)","(4.4003, 5.068)","(-0.2611, -21.9246)"
7.940000000000000568e+01,"(-2.1528, -0.9527)","(4.7894, -16.0466)","(0.3345, -1.4312)","(-0.8211, -1.9092)","(12.8094, 1.843)","(7.8131, 2.7694)","(-1.7231, -0.8276)","(-19.7218, 0.7123)","(-6.4653, 19.4981)","(-14.2162, -14.8272)","(-15.3749, -4.0952)","(0.7412, -5.4557)","(-12.9119, 9.8191)","(-2.0691, -17.9794)","(5.2832, 8.9433)","(-3.0683, -0.5369)","(-2.6301, 5.8184)","(21.1475, -0.9535)","(10.0785, 11.6062)","(-0.9052, -23.4665)"
7.950000000000000000e+01,"(-2.7547, 0.1362)","(4.7322, -17.4149)","(0.4094, -2.1858)","(-1.9755, -4.6305)","(21.572, 2.8032)","(15.7504, 5.5762)","(-2.5253, -0.9989)","(-11.7798, 0.9114)","(-2.1972, 8.868)","(-9.4358, -6.0538)","(-23.0809, -5.0021)","(1.2131, -4.7452)","(-3.5938, 4.7628)","(-3.0605, -20.2293)","(10.3, 16.3883)","(-2.6431, -0.0133)","(-5.6727, 12.499)","(11.3424, -1.2737)","(17.1567, 18.7258)","(-1.2272, -9.0857)"
7.960000000000000853e+01,"(-4.99, 0.4953)","(2.436, -11.195)","(0.819, -4.416)","(-4.9204, -11.5487)","(17.6341, 0.9774)","(21.85, 7.2286)","(-4.8899, -1.9123)","(-5.4068, 0.5461)","(-0.5444, 2.9834)","(-4.1561, -1.8389)","(-14.0156, -0.1011)","(2.3045, -7.0491)","(-0.9608, 2.7035)","(-2.6776, -10.6512)","(14.6649, 14.9739)","(-4.443, 0.1224)","(-9.4667, 21.401)","(4.3551, -0.7188)","(11.5483, 9.4395)","(-1.0309, -4.1344)"
7.970000000000000284e+01,"(-10.2518, 0.916)","(1.2371, -6.1418)","(1.8373, -9.8235)","(-10.1163, -23.2849)","(7.3628, -0.6207)","(12.6264, 3.0673)","(-10.3994, -4.0904)","(-3.4236, 0.2155)","(-0.0911, 0.8154)","(-1.811, -1.2607)","(-4.9417, 1.4296)","(4.2107, -12.2358)","(-0.7224, 3.756)","(-1.3319, -4.2058)","(9.8187, 2.0262)","(-8.7833, 0.2253)","(-6.0208, 15.7877)","(1.6964, -0.2131)","(4.955, 2.3133)","(-1.4894, -4.6688)"
7.980000000000001137e+01,"(-19.5619, 2.1154)","(1.2657, -4.9773)","(3.7119, -20.1671)","(-8.4794, -17.0737)","(2.3412, -0.3689)","(4.7203, 0.671)","(-19.774, -7.647)","(-4.7451, 0.1297)","(-0.0037, 0.6568)","(-1.9273, -2.176)","(-1.3439, 0.8734)","(5.9915, -18.4879)","(-1.2261, 6.7647)","(-0.4817, -2.08)","(3.4107, -0.8658)","(-17.2387, 0.4749)","(-1.6958, 6.2145)","(1.907, -0.0799)","(3.0043, 0.5095)","(-2.463, -7.5183)"
7.990000000000000568e+01,"(-20.6703, 5.3967)","(2.0524, -6.9962)","(3.541, -22.2319)","(-3.9773, -5.9439)","(0.6304, -0.0651)","(1.3248, 0.0897)","(-19.3869, -6.6254)","(-8.7778, 0.1542)","(0.0172, 1.2983)","(-3.5064, -4.4671)","(-0.8251, 1.1137)","(3.7868, -16.2546)","(-2.4144, 13.1518)","(-0.3746, -2.8171)","(0.9269, -0.225)","(-22.4547, 1.2283)","(-0.3522, 2.0771)","(3.7602, -0.0768)","(4.3264, 0.2732)","(-4.293, -13.1145)"
8.000000000000000000e+01,"(-7.6682, 6.2315)","(3.5954, -11.8255)","(0.7612, -9.5624)","(-2.895, -3.3388)","(0.5621, 0.0554)","(0.5897, -0.0448)","(-8.414, -1.926)","(-16.4161, 0.2851)","(0.036, 3.0171)","(-7.3105, -9.5459)","(-1.4031, 2.1577)","(0.8596, -8.4553)","(-3.4578, 21.1664)","(-0.6063, -5.5505)","(0.4021, 0.2972)","(-12.1772, 1.8566)","(-0.0937, 1.7523)","(8.3086, -0.13)","(7.8278, 0.4571)","(-6.3032, -18.8071)"
8.010000000000000853e+01,"(-1.651, 2.9177)","(5.3137, -17.9237)","(-0.0316, -3.3745)","(-4.1183, -4.3354)","(1.2008, 0.1746)","(0.9901, -0.1354)","(-2.8008, -0.3584)","(-21.5379, 0.6682)","(0.0781, 7.5442)","(-13.7417, -17.0413)","(-3.0924, 4.6994)","(0.4989, -4.1956)","(-1.1314, 16.8679)","(-1.2347, -11.824)","(0.5187, 0.8346)","(-4.3898, 1.1366)","(-0.1003, 3.1307)","(17.892, -0.306)","(14.8657, 0.8737)","(-5.3832, -14.7194)"
8.020000000000000284e+01,"(-0.1092, 0.9135)","(4.2662, -16.6007)","(-0.2639, -2.4281)","(-6.8138, -7.1332)","(2.8681, 0.4414)","(2.2001, -0.3044)","(-1.3765, 0.0196)","(-12.9536, 1.0089)","(0.2168, 18.2205)","(-14.2724, -12.8795)","(-7.1287, 10.7701)","(1.0351, -3.8643)","(0.6712, 7.226)","(-2.4819, -21.7248)","(1.0934, 2.0071)","(-1.1912, 0.3621)","(-0.2222, 6.6123)","(24.312, -0.94)","(21.6317, 0.7492)","(-2.9062, -7.1652)"
8.030000000000001137e+01,"(0.3353, 0.6335)","(1.7704, -9.1126)","(-0.5267, -3.9527)","(-11.2805, -11.7742)","(7.2943, 1.1454)","(5.3903, -0.7318)","(-2.1462, 0.1559)","(-5.224, 0.6461)","(0.8412, 26.8147)","(-7.3393, -2.8474)","(-12.7684, 20.45)","(2.1103, -6.2634)","(0.3325, 2.5095)","(-3.4104, -19.1512)","(2.645, 5.0779)","(-0.2687, 0.0689)","(-0.4921, 14.4882)","(11.9062, -1.5365)","(14.8294, -0.9189)","(-1.4493, -3.6979)"
8.040000000000000568e+01,"(0.7887, 1.1536)","(0.9305, -4.7227)","(-1.031, -7.7703)","(-13.5659, -13.7515)","(17.9252, 2.7626)","(13.4653, -1.826)","(-4.3974, 0.327)","(-2.052, 0.2097)","(1.5861, 11.9856)","(-2.5052, -0.1296)","(-6.9608, 16.9167)","(4.1274, -11.7134)","(-0.0638, 1.3429)","(-2.5338, -7.546)","(6.693, 12.8018)","(-0.2298, 0.0139)","(-0.5476, 24.1735)","(4.1384, -1.039)","(6.1264, -1.1436)","(-1.3506, -3.9029)"
8.050000000000000000e+01,"(1.7969, 2.6695)","(1.1414, -4.3)","(-2.0802, -15.653)","(-9.056, -8.507)","(27.039, 3.1698)","(26.0003, -3.8455)","(-9.8963, 0.7148)","(-2.0823, 0.0764)","(1.3972, 4.9714)","(-1.0676, 0.4973)","(-0.0789, 6.8452)","(6.4161, -19.2128)","(-0.3628, 2.1809)","(-1.1298, -2.293)","(14.6704, 22.7166)","(-0.5287, 0.0117)","(0.591, 15.9157)","(2.1845, -0.885)","(2.2984, -0.3939)","(-2.1981, -6.687)"
8.060000000000000853e+01,"(4.3951, 6.6561)","(2.0316, -6.7728)","(-3.2831, -22.703)","(-4.5735, -4.1051)","(12.1822, -0.9363)","(16.9984, -3.9691)","(-20.5216, 1.5662)","(-3.9625, 0.0683)","(1.8346, 4.6724)","(-1.4833, 1.1135)","(1.1831, 2.7247)","(4.1149, -17.4038)","(-0.8783, 4.6245)","(-0.8007, -1.0402)","(15.0556, 6.1048)","(-1.3192, 0.0213)","(0.8403, 5.8311)","(3.1999, -1.4936)","(1.8913, -0.0158)","(-4.1044, -12.6156)"
8.070000000000000284e+01,"(10.5887, 15.6723)","(3.7704, -12.2521)","(-2.6707, -13.7811)","(-2.9894, -2.8746)","(5.0525, -1.8584)","(6.0821, -2.6645)","(-22.5743, 2.51)","(-8.5602, 0.111)","(2.9078, 7.0357)","(-3.0719, 2.3379)","(2.2365, 2.8408)","(0.5479, -8.365)","(-2.0617, 10.5481)","(-1.4105, -1.5752)","(4.1924, -4.7977)","(-3.5027, 0.0478)","(0.5801, 2.1625)","(6.1062, -2.8618)","(3.4285, 0.1834)","(-6.5628, -19.7618)"
8.080000000000001137e+01,"(17.2563, 19.8269)","(5.6963, -19.1222)","(-1.3345, -5.1402)","(-3.9058, -4.0157)","(4.6257, -2.7451)","(3.8303, -2.5062)","(-9.3532, 2.1486)","(-17.9908, 0.2548)","(4.8847, 11.821)","(-7.0925, 5.309)","(4.0563, 4.8923)","(0.1076, -3.3246)","(-3.9579, 21.4793)","(-2.9316, -3.2641)","(-1.5031, -4.7082)","(-9.5722, 0.1228)","(0.8871, 2.4156)","(12.4394, -5.816)","(7.3162, 0.488)","(-5.7696, -15.8095)"
8.090000000000000568e+01,"(11.053, 3.0501)","(4.15, -16.6119)","(-0.4319, -1.4435)","(-6.8511, -7.1839)","(6.8028, -4.332)","(5.1638, -3.7716)","(-3.2274, 1.2097)","(-23.7875, 0.7504)","(7.2895, 17.325)","(-15.3608, 11.73)","(7.8365, 9.5327)","(0.4808, -2.177)","(-2.1402, 21.4949)","(-6.633, -7.4288)","(-3.837, -5.8852)","(-23.2596, 0.4416)","(1.6651, 4.3987)","(20.2305, -9.7094)","(15.7998, 1.0552)","(-2.9374, -7.0024)"
8.100000000000000000e+01,"(4.2478, -2.4505)","(1.417, -8.1778)","(-0.128, -0.3537)","(-11.9382, -12.4971)","(11.1547, -7.1089)","(8.5257, -6.257)","(-2.3797, 1.2886)","(-11.7656, 1.1795)","(6.8394, 15.096)","(-17.7588, 16.5955)","(13.5166, 15.7592)","(1.155, -3.4529)","(1.2816, 8.5432)","(-13.9211, -15.4084)","(-6.3561, -9.5597)","(-24.6617, 1.8871)","(3.4354, 9.128)","(14.644, -7.9632)","(24.2913, 0.9199)","(-1.1668, -2.7586)"
8.110000000000000853e+01,"(2.3022, -4.2879)","(0.6314, -3.6375)","(-0.1465, -0.3188)","(-14.1644, -14.3243)","(15.5771, -10.2301)","(13.6824, -10.1111)","(-3.8362, 2.2303)","(-4.0817, 0.762)","(4.0133, 7.9955)","(-4.4554, 9.8312)","(13.3806, 12.4081)","(2.519, -6.9808)","(1.3535, 2.951)","(-16.0606, -16.0981)","(-10.2108, -14.3124)","(-8.944, 2.8148)","(6.8009, 17.917)","(5.5669, -3.6897)","(14.1438, -1.3969)","(-0.7483, -2.0856)"
8.120000000000000284e+01,"(2.9118, -6.9042)","(0.7859, -3.0139)","(-0.3209, -0.6778)","(-8.5937, -7.9133)","(12.795, -9.3862)","(14.8168, -11.4998)","(-7.4729, 4.3337)","(-1.8305, 0.5479)","(2.1403, 4.336)","(0.2944, 3.9908)","(7.0849, 4.0835)","(5.2714, -14.5415)","(1.9257, 2.3943)","(-7.7203, -5.5277)","(-12.6842, -12.4124)","(-5.2349, 3.0111)","(8.3699, 20.4745)","(1.6326, -1.2084)","(4.9147, -1.5476)","(-1.1818, -3.5912)"
8.130000000000001137e+01,"(4.9832, -11.7727)","(1.5057, -4.9784)","(-0.7838, -1.6606)","(-3.8497, -3.3444)","(6.6861, -5.6226)","(8.6779, -7.5111)","(-14.5689, 8.4719)","(-2.5679, 0.9158)","(1.9163, 4.3547)","(1.6792, 2.6819)","(2.6414, 1.2422)","(7.214, -22.3804)","(3.4059, 3.8963)","(-3.1606, -1.4465)","(-9.4919, -4.5377)","(-6.2135, 4.283)","(4.7235, 9.337)","(0.3667, -0.2987)","(1.7412, -1.0597)","(-2.3972, -7.4302)"
8.140000000000000568e+01,"(6.7701, -17.7794)","(3.054, -9.7836)","(-2.0497, -4.3569)","(-2.1197, -2.0015)","(3.9778, -3.1992)","(4.2977, -3.8819)","(-19.1248, 11.6377)","(-4.9647, 1.7862)","(2.9372, 7.0565)","(3.1264, 3.9569)","(1.0928, 0.8509)","(2.1523, -14.3794)","(6.5934, 7.5923)","(-2.8323, -0.6992)","(-5.2027, -2.1888)","(-9.051, 6.3501)","(1.8628, 3.0603)","(0.1425, -0.1475)","(1.9275, -1.6511)","(-4.9881, -15.4584)"
8.150000000000000000e+01,"(3.4066, -16.3586)","(5.5935, -18.1519)","(-5.4442, -11.5728)","(-2.7701, -2.8508)","(4.4416, -3.0564)","(3.3712, -2.7397)","(-10.3546, 7.3731)","(-10.5735, 3.787)","(5.1969, 12.6282)","(5.8607, 7.4603)","(1.3907, 1.5862)","(-0.4851, -5.3825)","(12.3056, 13.9874)","(-4.7038, -0.9753)","(-3.6141, -3.2861)","(-12.9102, 9.1422)","(0.6752, 0.9002)","(0.2518, -0.2862)","(3.5628, -3.1437)","(-7.518, -22.3902)"
8.160000000000000853e+01,"(-0.294, -8.8199)","(5.4929, -20.2273)","(-11.6164, -24.2592)","(-5.1827, -5.4571)","(7.2751, -4.6684)","(4.9658, -3.7171)","(-3.6701, 3.0663)","(-19.9853, 7.255)","(7.8151, 18.5617)","(10.9329, 13.7072)","(2.7843, 3.4309)","(-0.5103, -1.5585)","(14.767, 15.0422)","(-9.0893, -1.9016)","(-4.2814, -5.9023)","(-13.5637, 10.0739)","(0.8201, 0.8974)","(0.6017, -0.6851)","(7.525, -6.5879)","(-4.9861, -12.6796)"
8.170000000000000284e+01,"(-0.0013, -4.5975)","(1.7559, -10.1716)","(-8.9844, -16.4468)","(-10.2342, -10.8055)","(12.5382, -7.9596)","(8.885, -6.5004)","(-1.0493, 0.9041)","(-18.9698, 7.5279)","(6.7109, 14.519)","(14.5457, 15.5194)","(6.2477, 7.8415)","(-0.7177, -0.9842)","(8.5644, 6.358)","(-17.2666, -3.5616)","(-6.9244, -10.6319)","(-9.2106, 7.4567)","(1.6404, 1.7544)","(1.5674, -1.7781)","(14.7304, -13.0657)","(-2.1283, -4.4831)"
8.180000000000001137e+01,"(1.1565, -4.2736)","(0.3765, -3.7049)","(-4.3716, -5.9631)","(-15.54, -16.0619)","(16.5463, -10.9901)","(14.763, -10.8815)","(-0.4614, 0.3202)","(-7.703, 3.7663)","(3.5453, 6.8073)","(9.8637, 6.3763)","(13.1667, 16.1321)","(-1.4232, -1.7022)","(3.4054, 1.9567)","(-21.466, -3.7133)","(-11.2932, -15.5996)","(-5.7503, 4.7555)","(3.7182, 3.9932)","(4.2755, -4.8389)","(15.6173, -15.4571)","(-0.7715, -1.3616)"
8.190000000000000568e+01,"(2.6948, -6.6566)","(0.1512, -1.1406)","(-3.8802, -4.273)","(-10.9509, -10.3219)","(11.3405, -8.7334)","(15.012, -11.766)","(-0.8399, 0.495)","(-2.4215, 1.4083)","(1.6553, 3.2659)","(4.2752, 1.6896)","(15.9823, 16.0106)","(-3.092, -3.7236)","(1.0842, 0.7208)","(-11.7468, -0.7944)","(-12.9677, -10.9449)","(-5.2549, 4.0036)","(8.7939, 9.457)","(11.2898, -12.8131)","(5.8326, -8.1477)","(-0.81, -1.1892)"
8.200000000000000000e+01,"(5.227, -12.024)","(0.2612, -0.9625)","(-5.4322, -5.6488)","(-4.6248, -3.8304)","(5.2355, -4.639)","(7.6949, -6.8943)","(-1.9135, 1.0986)","(-1.1114, 0.8123)","(1.4383, 3.2737)","(1.568, 0.8858)","(8.4662, 4.1585)","(-7.1704, -8.6972)","(0.8775, 0.9008)","(-4.4216, 0.1154)","(-8.3199, -2.7284)","(-7.2258, 5.1615)","(16.9626, 17.937)","(18.7376, -22.0773)","(1.4836, -3.0414)","(-1.5462, -2.2085)"
8.210000000000000853e+01,"(7.3192, -18.8541)","(0.5983, -1.9202)","(-8.3325, -8.635)","(-1.4681, -1.1749)","(3.0821, -2.4801)","(3.3603, -3.1539)","(-4.7088, 2.6837)","(-1.6881, 1.3471)","(2.3456, 5.6712)","(1.352, 1.4562)","(3.4282, 0.2582)","(-14.7711, -17.3762)","(1.6562, 1.9023)","(-1.395, 0.0079)","(-4.078, -1.4756)","(-11.1274, 7.8136)","(13.3499, 12.6372)","(7.3647, -11.134)","(0.2868, -1.2575)","(-3.3815, -4.8444)"
8.220000000000000284e+01,"(3.0322, -16.5364)","(1.405, -4.3976)","(-11.8669, -12.2034)","(-0.5759, -0.5343)","(3.8591, -2.6021)","(2.4509, -2.0099)","(-11.7808, 6.7111)","(-3.4592, 2.7674)","(4.5096, 11.0501)","(2.4032, 3.0539)","(2.7375, -0.8475)","(-15.2157, -14.3447)","(3.7135, 4.3668)","(-1.0504, -0.16)","(-2.8609, -2.7978)","(-14.4327, 10.3761)","(5.5277, 4.0247)","(2.5462, -5.9487)","(0.1337, -1.7384)","(-7.7244, -11.0775)"
8.230000000000001137e+01,"(-0.9206, -7.9257)","(3.4098, -10.6064)","(-11.7279, -11.6672)","(-0.8886, -0.9256)","(6.8542, -4.3428)","(3.8238, -2.8475)","(-22.6958, 13.2657)","(-7.7957, 6.2165)","(7.817, 18.8748)","(5.1536, 6.7998)","(4.3955, -1.7362)","(-7.2901, -3.4611)","(8.6979, 10.2622)","(-2.0256, -0.4175)","(-3.688, -5.3973)","(-11.7499, 9.149)","(3.0553, 1.6345)","(2.0036, -6.4231)","(0.2307, -3.4831)","(-14.1288, -19.9566)"
8.240000000000000568e+01,"(-0.3609, -3.4796)","(6.9563, -22.2079)","(-7.6177, -7.2021)","(-1.9367, -2.0573)","(12.661, -7.9554)","(7.3647, -5.3512)","(-14.3908, 9.9611)","(-16.1063, 12.9244)","(7.7188, 17.0976)","(11.0617, 14.4086)","(8.5342, -3.3355)","(-3.331, -0.3024)","(16.5143, 18.6611)","(-4.5644, -0.988)","(-6.4545, -10.4001)","(-6.8136, 5.7466)","(4.1335, 1.874)","(2.6625, -9.0939)","(0.5532, -7.838)","(-10.6648, -13.7652)"
8.250000000000000000e+01,"(0.7102, -2.9033)","(5.1919, -20.6574)","(-4.7123, -4.4637)","(-4.6297, -4.9439)","(17.614, -11.5997)","(13.9088, -10.1236)","(-4.7528, 4.6667)","(-17.2932, 14.6239)","(4.0347, 7.5654)","(16.2006, 17.7718)","(16.2748, -6.4586)","(-3.6624, 0.5724)","(13.29, 11.4674)","(-10.8682, -2.3802)","(-11.3651, -16.55)","(-4.7232, 3.8062)","(7.1606, 3.2035)","(3.9185, -13.4598)","(1.1846, -17.3813)","(-4.4042, -4.7327)"
8.260000000000000853e+01,"(1.935, -4.6785)","(0.6142, -8.0683)","(-4.4373, -4.4338)","(-11.0499, -11.7866)","(11.511, -9.0014)","(17.2652, -13.183)","(-2.7473, 3.6903)","(-6.7339, 6.756)","(1.5298, 2.6862)","(10.3113, 5.5456)","(19.8351, -9.3529)","(-6.1867, 1.1633)","(5.9365, 2.6581)","(-22.5335, -4.7264)","(-13.7403, -11.7554)","(-5.5271, 4.045)","(13.159, 5.8923)","(4.6722, -16.6774)","(0.7676, -24.9868)","(-2.1674, -1.904)"
8.270000000000000284e+01,"(4.1734, -9.1769)","(-0.4287, -3.8159)","(-6.3485, -6.5415)","(-18.3649, -19.0668)","(4.6477, -4.4011)","(9.1028, -8.1092)","(-3.5853, 5.3285)","(-2.1711, 2.6533)","(0.6207, 1.2646)","(4.1231, 0.2698)","(9.508, -7.2012)","(-11.7526, 2.1686)","(3.3029, 0.3574)","(-21.0537, -2.9605)","(-8.3914, -1.8029)","(-8.6062, 6.0407)","(19.1926, 8.3457)","(3.4329, -13.6722)","(-1.7357, -12.4416)","(-2.8634, -2.237)"
8.280000000000001137e+01,"(7.6041, -17.3533)","(-0.994, -4.5498)","(-10.0483, -10.4141)","(-10.4952, -9.3722)","(2.0883, -1.8457)","(3.2874, -3.3655)","(-5.9014, 8.8114)","(-1.4975, 2.2626)","(0.8017, 1.9089)","(1.9854, -0.9659)","(2.9755, -3.3361)","(-19.7216, 3.9501)","(4.4194, -0.1648)","(-8.1173, 0.4701)","(-3.4183, -0.3545)","(-13.2614, 9.3101)","(14.2407, 5.4803)","(1.9548, -8.5766)","(-1.6819, -4.2331)","(-5.1069, -3.9481)"
8.290000000000000568e+01,"(5.8736, -20.4319)","(-1.7368, -7.5659)","(-12.9666, -13.2178)","(-4.4464, -3.063)","(2.303, -1.5872)","(1.1632, -1.1326)","(-9.4267, 14.1701)","(-2.3775, 3.7696)","(1.6195, 3.9899)","(2.622, -2.0098)","(0.9297, -1.0006)","(-17.8419, 5.199)","(7.7277, -0.3671)","(-3.5117, 1.0062)","(-1.828, -1.3815)","(-14.5632, 10.7465)","(6.4888, 2.0996)","(1.576, -6.3601)","(-1.6898, -2.2704)","(-9.9568, -7.7127)"
8.300000000000000000e+01,"(-1.0981, -10.381)","(-3.1089, -13.5795)","(-10.195, -9.8765)","(-3.5991, -1.92)","(4.2937, -2.7083)","(1.1481, -0.8949)","(-10.019, 15.8024)","(-4.6369, 7.3384)","(3.6388, 9.0383)","(5.0215, -3.9015)","(0.8011, -0.4388)","(-7.8326, 3.8654)","(14.376, -0.6697)","(-3.9325, 1.7198)","(-2.1089, -3.0497)","(-9.2993, 7.6467)","(2.8071, 0.9529)","(2.0708, -7.4316)","(-2.8323, -3.2042)","(-16.6862, -12.7829)"
8.310000000000000853e+01,"(-1.4917, -3.4052)","(-4.7959, -19.7802)","(-5.7929, -5.3691)","(-5.4232, -2.6929)","(8.8898, -5.4973)","(2.2824, -1.6602)","(-5.6481, 9.9641)","(-9.0239, 14.3103)","(7.675, 18.8949)","(10.4193, -8.0223)","(1.6325, -0.6532)","(-2.8971, 1.6461)","(21.0753, -1.503)","(-6.5565, 2.9836)","(-3.8223, -6.4743)","(-5.0875, 4.3658)","(2.6188, 1.0906)","(3.2381, -11.1236)","(-5.2993, -5.9767)","(-14.5514, -10.5035)"
8.320000000000000284e+01,"(-0.4014, -0.9516)","(-4.4783, -15.055)","(-3.841, -3.6948)","(-9.4465, -4.6867)","(16.8229, -10.5474)","(5.1043, -3.659)","(-2.7642, 5.1014)","(-11.6472, 19.0936)","(9.2375, 21.0549)","(17.2627, -14.2341)","(3.7243, -1.3976)","(-1.7735, 0.6187)","(15.1361, -2.6138)","(-12.0367, 5.4585)","(-7.8605, -13.4407)","(-4.2246, 3.2755)","(4.6201, 2.0582)","(4.6217, -16.0158)","(-10.2524, -11.558)","(-6.653, -4.2733)"
8.330000000000001137e+01,"(0.101, -0.5669)","(-2.5823, -6.9302)","(-4.4973, -4.5736)","(-15.8459, -7.811)","(17.3276, -12.1296)","(11.6615, -8.3481)","(-2.2712, 3.7474)","(-5.9958, 11.1242)","(4.7579, 8.5438)","(11.3091, -13.3947)","(9.0, -3.3148)","(-2.8671, 0.5971)","(6.4477, -2.0082)","(-18.4642, 8.6619)","(-13.9659, -18.7922)","(-5.9746, 4.2561)","(9.408, 4.2522)","(4.3523, -16.298)","(-15.1108, -16.1364)","(-2.3612, -1.4521)"
8.340000000000000568e+01,"(0.4545, -1.0328)","(-1.1558, -3.2846)","(-7.2177, -7.4913)","(-17.5355, -8.2351)","(7.0669, -6.633)","(20.0565, -14.7741)","(-3.4409, 5.2349)","(-2.0123, 4.3)","(2.051, 2.8791)","(2.4601, -6.6034)","(19.7878, -7.5442)","(-5.9082, 1.057)","(2.6834, -0.7633)","(-14.7119, 7.9796)","(-13.0112, -6.1555)","(-10.0141, 6.9591)","(17.8696, 8.0077)","(2.4731, -10.7066)","(-10.8083, -9.3203)","(-1.0504, -0.7266)"
8.350000000000000000e+01,"(1.1399, -2.3473)","(-0.879, -3.3283)","(-11.6063, -12.0347)","(-10.2098, -4.2448)","(2.0966, -2.5136)","(12.2883, -10.6157)","(-6.1887, 9.2129)","(-0.569, 1.2504)","(1.8651, 2.0743)","(0.2302, -2.1501)","(21.265, -10.6954)","(-12.8208, 2.2275)","(2.4934, -0.284)","(-6.5156, 4.3447)","(-5.1841, 1.3589)","(-14.9782, 10.5602)","(19.6014, 8.1464)","(1.4945, -6.5564)","(-4.7863, -3.1399)","(-1.5518, -1.1834)"
8.360000000000000853e+01,"(2.9068, -5.8057)","(-1.3505, -5.8278)","(-13.2208, -13.3214)","(-4.7054, -1.8469)","(0.4765, -0.7466)","(3.8956, -4.5285)","(-10.2033, 15.3037)","(-0.2736, 0.495)","(3.1287, 3.31)","(-0.2052, -0.6701)","(6.3641, -7.1335)","(-22.6667, 4.451)","(4.4759, -0.2328)","(-2.8006, 1.8549)","(-1.0063, 1.2307)","(-13.6451, 10.4072)","(9.4275, 3.0798)","(1.5924, -6.018)","(-1.6011, -1.048)","(-3.25, -2.5256)"
8.370000000000000284e+01,"(7.1234, -14.3604)","(-2.58, -11.4751)","(-8.5742, -8.0787)","(-3.0968, -1.3755)","(0.2353, -0.6173)","(1.4954, -2.4607)","(-10.074, 16.0606)","(-0.5239, 0.8383)","(6.0504, 6.4123)","(-0.5328, -0.7458)","(1.1267, -3.9349)","(-17.0108, 5.6693)","(9.2766, -0.3562)","(-2.504, 1.2997)","(0.2849, 1.0078)","(-7.2627, 6.2828)","(3.2876, 0.8404)","(2.4493, -8.4951)","(-0.9125, -0.8668)","(-7.4315, -5.8016)"
8.380000000000001137e+01,"(10.1188, -25.2508)","(-4.6272, -19.9262)","(-4.4472, -4.0689)","(-4.4151, -2.1476)","(0.4096, -1.2194)","(1.7215, -3.4336)","(-4.9067, 8.9934)","(-1.2018, 1.8886)","(11.7002, 12.3719)","(-1.1633, -1.5419)","(-0.1198, -4.3657)","(-5.7689, 3.8407)","(18.4608, -0.7885)","(-4.3648, 2.0115)","(0.9259, 1.6424)","(-3.8953, 3.3583)","(0.8536, 0.1732)","(3.9491, -13.4495)","(-1.5324, -1.7044)","(-15.8978, -12.353)"
8.390000000000000568e+01,"(-1.3172, -14.2092)","(-5.1286, -18.365)","(-3.2117, -3.1342)","(-8.2288, -4.0959)","(0.9518, -2.813)","(3.0574, -6.1863)","(-2.1214, 4.0794)","(-2.9636, 4.6333)","(15.5141, 15.8568)","(-2.7343, -3.6887)","(-0.4993, -7.0541)","(-1.5091, 1.7391)","(22.4672, -2.1275)","(-8.8167, 3.9501)","(2.0032, 3.6089)","(-3.8134, 2.8704)","(0.362, 0.0317)","(5.0139, -17.7035)","(-3.3024, -3.7864)","(-18.8943, -14.0445)"
8.400000000000000000e+01,"(-4.5, -3.5472)","(-3.1211, -8.0761)","(-4.3935, -4.516)","(-15.296, -7.6046)","(2.392, -6.9987)","(5.9547, -12.0126)","(-1.6639, 2.7647)","(-7.4045, 11.5735)","(9.2417, 8.3876)","(-6.7594, -9.1838)","(-0.8652, -12.6614)","(-0.7459, 1.7346)","(10.7412, -2.9762)","(-16.9183, 7.6474)","(4.6226, 8.5918)","(-6.099, 4.2744)","(0.6294, 0.0239)","(3.551, -14.2652)","(-7.6239, -8.8005)","(-8.5259, -5.3651)"
8.410000000000000853e+01,"(-4.8243, -0.1074)","(-1.2324, -2.7855)","(-7.6493, -7.9784)","(-19.3225, -9.2168)","(5.7386, -16.9356)","(9.3207, -19.3175)","(-2.6927, 4.0743)","(-14.0322, 22.3481)","(3.6768, 2.9527)","(-14.7647, -19.0588)","(-1.7791, -19.6695)","(-1.1282, 3.1253)","(3.4938, -1.6973)","(-19.5379, 9.7228)","(10.5445, 18.2958)","(-10.8577, 7.489)","(1.4456, 0.0528)","(1.7491, -8.1057)","(-15.3436, -17.2763)","(-3.3251, -1.6804)"
8.420000000000000284e+01,"(-7.0292, 0.8756)","(-0.3917, -1.1047)","(-12.6429, -13.1271)","(-11.3075, -4.6859)","(7.7313, -25.7493)","(6.5359, -15.534)","(-5.2168, 7.7149)","(-8.3075, 15.0985)","(1.1068, 0.8853)","(-15.7408, -13.8679)","(-3.3201, -16.9029)","(-2.3793, 6.5102)","(0.9275, -0.7177)","(-9.132, 5.9571)","(16.4095, 16.6668)","(-16.1668, 11.4112)","(3.6442, 0.1401)","(1.2595, -5.301)","(-14.7452, -13.9396)","(-2.8608, -1.1351)"
8.430000000000001137e+01,"(-11.729, 1.4858)","(-0.3714, -1.5193)","(-13.3765, -13.372)","(-4.5713, -1.6555)","(1.3349, -12.3125)","(2.2256, -6.8839)","(-9.7608, 14.4685)","(-2.4204, 6.1118)","(0.5723, 0.5526)","(-7.7643, -1.3186)","(-3.0369, -7.9275)","(-5.1334, 14.0247)","(0.7005, -0.8802)","(-3.0058, 2.4419)","(9.417, -1.068)","(-12.9962, 10.1655)","(9.5736, 0.3763)","(1.6918, -6.0849)","(-6.735, -3.8866)","(-4.6757, -1.7542)"
8.440000000000000568e+01,"(-17.9102, 2.74)","(-0.7095, -3.1862)","(-7.6379, -7.0284)","(-1.7787, -0.7002)","(-0.8288, -5.1368)","(0.7303, -2.4234)","(-11.6415, 18.1153)","(-1.1992, 4.4392)","(1.0237, 1.0775)","(-3.9536, 1.702)","(-1.3784, -3.5955)","(-7.5165, 22.821)","(1.3023, -1.7568)","(-0.7618, 0.6746)","(1.4168, -3.5822)","(-6.041, 5.4739)","(22.5771, 0.796)","(2.8498, -9.6914)","(-3.105, -0.8299)","(-8.9064, -3.3488)"
8.450000000000000000e+01,"(-16.9025, 4.9037)","(-1.5975, -7.3435)","(-3.5361, -3.1673)","(-1.8475, -0.8775)","(-1.7085, -4.6129)","(0.5205, -1.2676)","(-5.7035, 10.4327)","(-1.4678, 6.2793)","(2.2917, 2.4475)","(-4.3713, 3.3964)","(-0.5626, -3.2274)","(-2.3636, 15.1269)","(2.9595, -3.9564)","(-0.1654, 0.1351)","(-1.6585, -3.537)","(-2.9411, 2.6057)","(24.4837, -0.0404)","(4.6024, -15.6404)","(-3.5936, -0.2864)","(-16.6056, -6.2155)"
8.460000000000000853e+01,"(-8.6808, 4.9053)","(-3.6488, -16.6735)","(-2.4336, -2.3726)","(-3.5411, -1.7648)","(-2.8342, -6.8776)","(0.9884, -2.0385)","(-1.9498, 4.152)","(-2.4134, 10.3923)","(5.5456, 5.9481)","(-7.043, 5.7152)","(-0.4414, -5.4078)","(0.6427, 5.6161)","(7.0702, -9.4058)","(-0.1392, 0.0696)","(-3.4106, -5.4026)","(-2.9746, 2.2255)","(9.2327, -1.3588)","(5.0136, -18.2049)","(-6.1684, -0.3548)","(-20.1572, -7.1869)"
8.470000000000000284e+01,"(-4.4946, 2.6426)","(-6.0375, -24.7882)","(-3.5628, -3.6785)","(-7.7026, -3.8792)","(-4.7774, -11.597)","(2.1563, -4.3135)","(-0.7428, 1.4652)","(-3.8287, 16.6664)","(12.8987, 13.7839)","(-11.9089, 9.7195)","(-0.6387, -10.5636)","(0.8031, 1.8404)","(13.9803, -19.1873)","(-0.3326, 0.1472)","(-6.2051, -10.0136)","(-5.1265, 3.562)","(5.1003, -1.5608)","(2.7418, -11.9507)","(-11.8206, -0.7118)","(-11.0844, -3.3602)"
8.480000000000001137e+01,"(-4.4103, 1.2972)","(-4.4847, -12.1868)","(-6.6783, -6.9961)","(-16.2765, -8.1684)","(-7.3221, -17.2233)","(4.9399, -9.8137)","(-0.8641, 1.3569)","(-3.881, 18.2671)","(18.0363, 18.4605)","(-14.5949, 13.2759)","(-1.3536, -19.1669)","(1.3422, 1.696)","(10.0934, -17.5169)","(-0.8417, 0.3659)","(-10.9791, -16.1604)","(-9.882, 6.754)","(6.1455, -2.3317)","(1.274, -6.189)","(-20.1497, -0.9887)","(-4.2944, -1.1179)"
8.490000000000000568e+01,"(-6.9888, 1.0584)","(-2.3934, -4.1567)","(-12.2837, -12.8402)","(-21.5286, -10.2985)","(-7.3726, -15.1945)","(9.8073, -19.7896)","(-1.7601, 2.6027)","(-1.9525, 11.1895)","(8.7422, 7.3306)","(-8.4635, 10.6902)","(-3.1666, -20.2238)","(2.5727, 3.045)","(1.7648, -7.4149)","(-2.2591, 0.9746)","(-13.7441, -12.4692)","(-16.6176, 11.5519)","(9.3572, -3.6233)","(1.0985, -4.4304)","(-18.7953, 0.289)","(-1.5383, -0.4374)"
8.500000000000000000e+01,"(-12.5079, 1.486)","(-2.0766, -2.4874)","(-14.835, -15.0002)","(-10.8394, -4.227)","(-4.6208, -7.9033)","(8.5288, -19.4307)","(-3.9442, 5.7587)","(-0.9112, 5.6754)","(3.9335, 2.4848)","(-3.391, 5.7556)","(-3.688, -9.3039)","(5.409, 6.4716)","(-0.2999, -3.5834)","(-6.2904, 2.7038)","(-8.8534, -2.328)","(-14.7555, 11.3352)","(14.4546, -5.6252)","(1.7167, -5.9945)","(-8.6651, 1.3145)","(-1.5271, -0.543)"
8.510000000000000853e+01,"(-19.3365, 2.9427)","(-3.3229, -3.5961)","(-8.4555, -7.7463)","(-3.9282, -1.1277)","(-2.4151, -4.2031)","(2.3225, -8.0934)","(-8.8455, 12.917)","(-0.8475, 4.2865)","(3.9096, 1.9361)","(-2.4564, 3.1751)","(-1.8227, -3.1693)","(11.3232, 13.4476)","(-1.1253, -4.2873)","(-16.7321, 7.2463)","(-3.7442, -0.4821)","(-6.3173, 5.9146)","(16.8485, -6.8312)","(3.0906, -10.3773)","(-3.1925, 0.6575)","(-2.9836, -1.1204)"
8.520000000000000284e+01,"(-16.3967, 5.4064)","(-6.0836, -6.5762)","(-3.4153, -2.9002)","(-2.0322, -0.3391)","(-1.9517, -4.1793)","(0.4059, -3.1378)","(-13.8193, 20.8881)","(-1.3822, 6.1249)","(6.1432, 2.8992)","(-3.6939, 3.3507)","(-0.4979, -1.2105)","(16.1705, 17.304)","(-2.0292, -7.2368)","(-26.3252, 12.4361)","(-2.0145, -1.4948)","(-2.2866, 2.2947)","(11.7138, -5.2167)","(5.0676, -17.169)","(-1.6509, 0.1159)","(-6.6367, -2.521)"
8.530000000000001137e+01,"(-7.1518, 4.8631)","(-11.2452, -12.1222)","(-1.3424, -1.2129)","(-3.0209, -0.3556)","(-2.8417, -6.7869)","(-0.0091, -3.038)","(-6.9979, 12.7278)","(-2.5324, 10.8533)","(10.8027, 5.1046)","(-6.805, 5.5075)","(-0.1799, -1.4793)","(9.9717, 7.0337)","(-3.6971, -13.257)","(-9.9637, 7.4634)","(-2.275, -3.2398)","(-1.3329, 1.096)","(6.5526, -3.0661)","(4.9576, -18.3968)","(-2.5028, -0.1011)","(-14.8712, -5.6462)"
8.540000000000000568e+01,"(-3.3198, 2.2532)","(-14.8472, -15.3075)","(-1.4658, -1.4916)","(-5.8436, -0.6764)","(-5.0044, -12.247)","(-0.1245, -5.1461)","(-1.9041, 4.9287)","(-4.1463, 17.9854)","(17.1853, 8.0155)","(-12.3542, 9.9119)","(-0.176, -3.0249)","(4.0291, 1.519)","(-5.9588, -19.742)","(-4.048, 5.2211)","(-4.0452, -6.7814)","(-2.1787, 1.5302)","(5.0468, -2.1807)","(2.231, -10.4908)","(-5.1522, -0.3292)","(-23.548, -8.6423)"
8.550000000000000000e+01,"(-3.3248, 0.9736)","(-9.5655, -8.5169)","(-2.8357, -2.9748)","(-12.2627, -1.4347)","(-7.8336, -18.4517)","(-0.2249, -10.0467)","(-0.5779, 2.619)","(-3.868, 18.5258)","(16.458, 7.1579)","(-15.5175, 14.0052)","(-0.3034, -6.8823)","(1.6847, 0.0757)","(-5.9884, -14.8838)","(-3.6435, 6.2924)","(-8.1581, -13.7539)","(-4.5405, 3.0807)","(6.6899, -2.6602)","(0.9375, -4.8794)","(-11.4085, -0.7864)","(-13.6074, -4.146)"
8.560000000000000853e+01,"(-5.6442, 0.778)","(-4.149, -3.2234)","(-6.1961, -6.5444)","(-21.9156, -2.4278)","(-7.406, -14.8105)","(-0.4834, -18.6803)","(-0.561, 3.7113)","(-1.6297, 10.0455)","(8.7815, 3.3237)","(-8.0628, 10.8004)","(-0.7054, -15.7378)","(2.163, -0.3488)","(-3.5952, -6.4438)","(-4.8977, 8.882)","(-14.0262, -18.2912)","(-10.0136, 6.7466)","(10.9587, -4.24)","(0.8488, -3.4136)","(-22.0615, -1.2739)","(-5.0587, -1.0575)"
8.570000000000000284e+01,"(-10.9299, 1.1274)","(-1.6838, -1.4225)","(-13.0042, -13.689)","(-18.6801, -1.3816)","(-4.2263, -6.7864)","(-1.1727, -21.104)","(-1.0064, 6.8263)","(-0.6648, 4.5068)","(4.1111, 1.5285)","(-2.5874, 5.2728)","(-2.2969, -25.3717)","(4.165, -0.7422)","(-1.5149, -2.8417)","(-6.9567, 12.7094)","(-12.5946, -5.6838)","(-18.6256, 12.81)","(16.5858, -6.4837)","(1.4513, -5.0022)","(-20.3568, 0.4084)","(-2.6857, -0.283)"
8.580000000000001137e+01,"(-19.3165, 2.3812)","(-1.6879, -1.7261)","(-16.5397, -16.7646)","(-7.6292, 0.0449)","(-1.9151, -3.152)","(-1.4897, -10.5265)","(-2.001, 13.4771)","(-0.6135, 3.1443)","(3.2706, 1.4147)","(-1.5328, 2.338)","(-4.6848, -13.671)","(9.0488, -1.561)","(-0.9689, -2.75)","(-7.8363, 14.9297)","(-5.0542, 1.0995)","(-15.2484, 11.9459)","(16.1339, -6.7412)","(2.8065, -9.3237)","(-7.9414, 1.8163)","(-3.8235, -0.2384)"
8.590000000000000568e+01,"(-19.1496, 5.3383)","(-3.1225, -3.3721)","(-8.2536, -7.2662)","(-2.3958, 0.1734)","(-1.4295, -3.0487)","(-0.7927, -3.8025)","(-2.9812, 21.6369)","(-1.0794, 4.7435)","(5.1283, 2.3928)","(-2.36, 2.1844)","(-3.5334, -3.9494)","(18.7304, -3.3549)","(-1.3942, -4.8783)","(-5.702, 11.9863)","(-1.163, 0.8808)","(-5.2335, 5.5341)","(9.2448, -4.3151)","(5.0828, -16.9736)","(-2.5587, 1.2135)","(-7.0475, -0.4247)"
8.600000000000000000e+01,"(-7.7701, 5.7051)","(-6.6216, -7.2371)","(-3.0867, -2.2884)","(-1.0077, 0.1808)","(-2.1828, -5.2696)","(-0.2163, -1.2133)","(-1.4375, 16.5957)","(-2.1326, 9.0474)","(9.7096, 4.6109)","(-4.653, 3.7129)","(-2.8229, -1.2356)","(22.6045, -5.5768)","(-2.6781, -9.8727)","(-3.5189, 7.8565)","(-0.0409, 0.5004)","(-1.4822, 2.1575)","(4.9985, -2.3513)","(5.5581, -20.167)","(-1.8073, 1.4522)","(-13.8781, -0.8445)"
8.610000000000000853e+01,"(-2.4195, 2.646)","(-13.2877, -14.4111)","(-1.8284, -1.0833)","(-1.5263, 0.3563)","(-4.1636, -10.351)","(-0.0621, -1.0942)","(-0.0175, 6.9483)","(-3.991, 16.9925)","(17.1989, 8.1047)","(-9.5886, 7.4213)","(-4.3088, -1.1292)","(9.6256, -4.9487)","(-5.1764, -18.5865)","(-3.0523, 6.2808)","(0.3349, 0.6623)","(-0.9237, 1.9918)","(4.5577, -1.9094)","(2.3326, -11.231)","(-2.9598, 2.6157)","(-21.8997, -1.1691)"
8.620000000000000284e+01,"(-1.3194, 0.7857)","(-15.7018, -15.8542)","(-2.8568, -1.5509)","(-3.1919, 0.7527)","(-7.5368, -18.3449)","(-0.0515, -2.1964)","(0.0577, 2.2859)","(-4.5867, 21.0794)","(18.3129, 8.0873)","(-16.5384, 13.468)","(-7.8304, -2.0031)","(2.7599, -2.5459)","(-6.9098, -20.0606)","(-4.0122, 7.541)","(0.782, 1.4288)","(-1.4864, 3.4942)","(6.9705, -2.7227)","(0.7165, -4.5027)","(-5.9836, 5.2597)","(-16.2779, -0.3021)"
8.630000000000001137e+01,"(-2.0349, 0.3588)","(-7.9346, -6.3549)","(-5.5652, -3.0147)","(-7.4199, 1.7349)","(-8.4764, -17.8922)","(-0.0843, -5.0144)","(-0.0564, 0.946)","(-1.9168, 11.7422)","(9.4199, 3.4922)","(-12.6676, 13.9403)","(-14.793, -3.7815)","(0.9166, -1.7429)","(-4.8947, -8.8826)","(-6.0459, 11.0138)","(1.8548, 3.5258)","(-3.051, 7.1303)","(12.1586, -4.6695)","(0.3997, -1.9434)","(-12.2163, 10.762)","(-6.7412, 0.247)"
8.640000000000000568e+01,"(-4.1923, 0.3983)","(-2.931, -1.8204)","(-11.6034, -6.2984)","(-16.9426, 3.9807)","(-5.022, -7.8645)","(-0.1841, -11.9703)","(-0.1988, 1.4484)","(-0.5302, 4.5462)","(3.6683, 1.2231)","(-3.2332, 7.3595)","(-21.1677, -4.481)","(1.0262, -2.8056)","(-2.1193, -2.8281)","(-8.0163, 14.8548)","(4.6781, 9.0567)","(-6.3213, 14.7983)","(18.0985, -7.0954)","(0.6595, -2.3345)","(-16.9794, 15.9303)","(-2.2165, 0.1164)"
8.650000000000000000e+01,"(-9.3932, 0.7179)","(-1.3872, -0.5751)","(-19.9011, -10.6281)","(-24.8613, 6.2748)","(-2.0034, -2.6948)","(-0.5707, -23.9774)","(-0.4723, 3.1203)","(-0.2205, 1.5988)","(1.6871, 0.6619)","(-0.5311, 2.5469)","(-14.3595, -0.7019)","(1.9883, -5.5055)","(-0.5796, -0.7045)","(-6.9768, 14.0235)","(11.3411, 20.0876)","(-8.7768, 21.867)","(15.226, -6.5372)","(1.3747, -4.5453)","(-8.5854, 10.4503)","(-0.9898, -0.0073)"
8.660000000000000853e+01,"(-19.684, 1.7987)","(-2.0706, -0.6627)","(-15.7295, -7.6693)","(-11.996, 4.0618)","(-0.6621, -1.0805)","(-1.6596, -19.8215)","(-1.1391, 7.3486)","(-0.3222, 1.5083)","(2.2673, 1.0446)","(-0.0746, 0.6172)","(-5.9329, 0.8392)","(4.2552, -11.6514)","(-0.1148, -0.1894)","(-4.1291, 9.2676)","(17.1956, 15.6189)","(-3.9015, 13.2293)","(7.5914, -3.6927)","(3.0117, -9.8145)","(-2.4733, 4.3166)","(-1.5862, -0.0864)"
8.670000000000000284e+01,"(-22.6639, 5.4084)","(-4.137, -1.304)","(-6.4545, -2.5985)","(-4.2843, 2.0322)","(-0.6359, -1.4611)","(-1.7825, -7.2537)","(-2.6174, 17.021)","(-0.6907, 2.9315)","(4.5322, 2.1612)","(-0.0248, 0.1163)","(-2.2727, 0.2278)","(7.2421, -21.0497)","(-0.0848, -0.2829)","(-2.8438, 6.2144)","(8.1534, -3.3459)","(-0.791, 4.9876)","(3.8266, -1.8258)","(5.9015, -19.5014)","(-0.5241, 1.3385)","(-3.4316, -0.2161)"
8.680000000000001137e+01,"(-7.5563, 6.9511)","(-9.1494, -2.9105)","(-2.0222, -0.6849)","(-2.9446, 1.829)","(-1.2182, -3.0472)","(-1.4476, -3.3104)","(-3.4151, 25.7151)","(-1.5667, 6.5186)","(9.8952, 4.7534)","(-0.0563, 0.0546)","(-1.9704, -0.3068)","(4.0625, -18.2552)","(-0.1756, -0.6714)","(-3.2382, 6.2826)","(-0.0159, -4.8541)","(-0.0406, 1.5554)","(3.7651, -1.5567)","(5.6554, -21.1058)","(-0.1182, 0.8848)","(-8.0732, -0.5262)"
8.690000000000000568e+01,"(-0.8136, 3.5484)","(-18.9859, -5.9548)","(-0.8705, -0.2065)","(-4.4118, 2.9236)","(-2.7325, -6.9761)","(-2.1794, -3.9738)","(-0.38, 12.8769)","(-3.545, 14.7417)","(19.3201, 9.1743)","(-0.1524, 0.1147)","(-3.5596, -0.8877)","(-0.2068, -7.5212)","(-0.4325, -1.7027)","(-4.8936, 8.9427)","(-3.092, -5.1916)","(0.1804, 1.3053)","(6.2899, -2.4318)","(1.5553, -9.382)","(-0.1113, 1.6079)","(-18.342, -1.1718)"
8.700000000000000000e+01,"(1.0866, 2.2792)","(-22.1712, -6.0709)","(-1.3615, -0.257)","(-8.0196, 5.3146)","(-6.1941, -15.7455)","(-3.7572, -6.7207)","(0.6091, 4.8513)","(-5.5973, 24.4331)","(19.2075, 8.3562)","(-0.3982, 0.2903)","(-7.5717, -2.0449)","(-0.5815, -2.3121)","(-1.1434, -4.5664)","(-7.3801, 13.4079)","(-5.2879, -7.9124)","(0.4051, 2.4168)","(11.8019, -4.4957)","(0.2026, -3.2002)","(-0.2504, 3.5551)","(-25.3969, -1.2064)"
8.710000000000000853e+01,"(2.3562, 3.2895)","(-10.0048, -1.4214)","(-2.888, -0.5392)","(-14.368, 9.5552)","(-10.0114, -23.3277)","(-6.8434, -12.2582)","(0.9855, 3.5814)","(-2.5247, 14.9362)","(8.2275, 2.7165)","(-1.092, 0.7858)","(-16.1411, -4.3314)","(-0.684, -1.0532)","(-3.0932, -12.3452)","(-8.2137, 15.6905)","(-8.6648, -12.7166)","(0.8758, 5.3027)","(18.9621, -7.3666)","(-0.123, -1.7123)","(-0.6317, 8.5312)","(-11.7401, 0.3102)"
8.720000000000000284e+01,"(4.5624, 6.3977)","(-3.5389, 0.0146)","(-6.799, -1.2815)","(-17.0643, 11.7729)","(-6.8956, -11.1668)","(-10.2901, -17.9158)","(1.6927, 5.3895)","(-0.3723, 5.5223)","(2.8529, 0.6508)","(-3.1124, 2.2216)","(-23.6238, -4.9992)","(-1.3152, -1.5815)","(-7.1268, -26.2593)","(-5.383, 11.6429)","(-12.2876, -14.3992)","(2.0086, 12.2699)","(16.1695, -6.9358)","(-0.326, -2.6728)","(-1.3462, 19.4279)","(-4.4559, 0.5746)"
8.730000000000001137e+01,"(9.121, 12.7615)","(-2.3019, 0.4019)","(-15.974, -3.0018)","(-9.4336, 7.2253)","(-3.3651, -3.4381)","(-8.4699, -13.1902)","(3.0347, 9.6632)","(0.1243, 2.7723)","(1.9492, 0.2099)","(-8.9123, 6.3629)","(-13.1765, 0.3369)","(-2.7583, -3.3051)","(-7.7022, -17.1996)","(-3.012, 6.9765)","(-11.2006, -7.1628)","(4.1086, 23.4923)","(7.3346, -3.6964)","(-0.6604, -5.3678)","(-0.4833, 25.2023)","(-3.5875, 0.8027)"
8.740000000000000568e+01,"(14.5785, 17.4594)","(-3.6505, 0.8168)","(-25.7712, -4.5142)","(-3.8072, 3.1411)","(-2.6038, -1.643)","(-4.2721, -5.7753)","(5.3307, 16.8105)","(0.3668, 3.8087)","(3.2394, 0.2474)","(-21.0065, 15.7898)","(-4.4343, 1.6069)","(-6.2697, -7.587)","(-5.4879, -5.2114)","(-2.6184, 5.4106)","(-6.5634, -2.4737)","(4.6222, 18.4837)","(2.9312, -1.5107)","(-1.4189, -11.6863)","(2.1126, 10.6591)","(-5.5645, 1.3639)"
8.750000000000000000e+01,"(11.9273, 7.5673)","(-7.15, 1.5979)","(-13.8542, -1.4857)","(-1.9085, 1.4553)","(-4.0747, -2.1733)","(-1.8656, -2.6027)","(6.5311, 19.0158)","(0.6892, 6.9354)","(6.553, 0.5039)","(-14.26, 16.8928)","(-1.4144, 1.2817)","(-13.3486, -15.8446)","(-5.49, -2.7672)","(-3.6856, 6.857)","(-3.9386, -2.7373)","(2.9167, 6.5528)","(2.1393, -0.9204)","(-2.8144, -21.9852)","(2.0146, 3.9144)","(-10.1143, 2.475)"
8.760000000000000853e+01,"(5.3397, 0.8863)","(-14.5846, 3.2544)","(-5.262, 0.0127)","(-2.5223, 1.7205)","(-7.4989, -3.9869)","(-1.5693, -2.6051)","(4.3394, 10.4567)","(1.3394, 13.5814)","(13.9489, 1.0815)","(0.1907, 8.8043)","(-1.3808, 2.0551)","(-16.1821, -16.3027)","(-7.6519, -3.1467)","(-5.9669, 10.7489)","(-3.8595, -4.7872)","(1.788, 2.5485)","(3.595, -1.3915)","(-3.3441, -19.4845)","(2.6681, 3.2142)","(-17.5794, 4.3433)"
8.770000000000000284e+01,"(1.5652, -0.0169)","(-22.339, 5.3685)","(-3.7479, 0.3984)","(-4.894, 3.2396)","(-14.1209, -7.4903)","(-2.6151, -4.6542)","(2.0204, 4.4074)","(2.2976, 21.5854)","(23.3319, 1.5848)","(3.7165, 6.0618)","(-2.5477, 3.9565)","(-8.3595, -4.681)","(-11.4539, -4.6414)","(-8.4768, 15.5278)","(-5.7547, -8.6686)","(2.4924, 2.7784)","(7.3453, -2.7733)","(-2.1556, -7.6284)","(4.405, 4.9106)","(-19.3073, 5.1245)"
8.780000000000001137e+01,"(0.3616, 0.0491)","(-14.3919, 4.6063)","(-5.5573, 0.7512)","(-10.2324, 6.7331)","(-19.4082, -9.6411)","(-5.1963, -9.3945)","(1.0015, 2.5551)","(2.3604, 16.4151)","(16.5044, 0.2934)","(5.8204, 6.9269)","(-5.4744, 8.3858)","(-3.5027, -0.6454)","(-15.7141, -6.1413)","(-7.4003, 14.8579)","(-9.6523, -14.247)","(4.3926, 4.777)","(15.1146, -5.7053)","(-0.9891, -2.4608)","(7.8619, 8.7888)","(-10.339, 3.2326)"
8.790000000000000568e+01,"(0.2008, 0.2121)","(-5.3042, 2.3644)","(-9.839, 1.3338)","(-18.1729, 12.1109)","(-12.6282, -4.8332)","(-9.6716, -17.2987)","(1.1857, 3.6085)","(1.4068, 6.8425)","(6.2717, -0.453)","(8.174, 9.4337)","(-10.6821, 16.7506)","(-3.0642, 0.3841)","(-15.0917, -5.0918)","(-3.9051, 9.0992)","(-13.1188, -14.0308)","(8.4176, 9.1874)","(21.751, -8.5924)","(-0.9418, -1.6769)","(12.8701, 14.0947)","(-4.2941, 1.4532)"
8.800000000000000000e+01,"(0.3749, 0.5384)","(-1.4879, 0.7966)","(-17.1015, 2.3473)","(-15.28, 10.9848)","(-5.3217, -1.4417)","(-10.6713, -17.5904)","(2.1708, 6.9444)","(0.5126, 2.3076)","(1.9776, -0.3183)","(10.6251, 11.7376)","(-10.1552, 19.5886)","(-4.9892, 0.9275)","(-9.9469, -2.6618)","(-2.3442, 5.375)","(-10.3409, -4.9118)","(14.1097, 15.1017)","(12.3784, -5.8398)","(-1.6867, -2.8009)","(13.0576, 12.7836)","(-2.445, 0.7194)"
8.810000000000000853e+01,"(0.8918, 1.3468)","(-0.4192, 0.2986)","(-19.9098, 3.049)","(-5.931, 5.0057)","(-2.0063, -0.6174)","(-5.703, -7.6789)","(4.3309, 13.9462)","(0.1752, 1.1446)","(1.493, -0.4133)","(10.7632, 10.3915)","(-1.961, 9.7166)","(-9.5686, 1.7485)","(-6.5305, -1.8208)","(-2.6124, 5.1166)","(-5.2725, -1.4742)","(12.9621, 12.5083)","(4.3506, -2.5288)","(-3.4503, -5.743)","(7.3994, 5.8146)","(-3.494, 0.8862)"
8.820000000000000284e+01,"(2.3071, 3.5585)","(-0.4977, 0.4445)","(-11.4836, 2.256)","(-1.7706, 1.69)","(-1.7755, -0.8374)","(-2.143, -2.5084)","(6.9597, 21.4289)","(0.1977, 1.8794)","(2.6454, -0.7974)","(8.2425, 6.811)","(0.2862, 3.3334)","(-17.7494, 3.3549)","(-6.4684, -2.2939)","(-4.1945, 7.6092)","(-3.0739, -2.2682)","(6.3953, 5.0575)","(1.2192, -0.8449)","(-7.38, -12.2985)","(3.3581, 2.5287)","(-6.8045, 1.658)"
8.830000000000001137e+01,"(6.1729, 9.5564)","(-1.0642, 0.9681)","(-4.9929, 1.1166)","(-0.5605, 0.6479)","(-3.2623, -1.7246)","(-0.5643, -0.6576)","(5.6333, 14.4007)","(0.3891, 4.0404)","(5.6349, -1.6907)","(6.0335, 5.1871)","(0.6817, 1.3168)","(-20.634, 5.156)","(-9.1906, -3.656)","(-7.0234, 12.5643)","(-3.2671, -4.363)","(2.4096, 1.7934)","(0.777, -0.6878)","(-12.4113, -20.1469)","(2.3026, 2.1981)","(-13.8935, 3.366)"
8.840000000000000568e+01,"(14.592, 20.9699)","(-2.5881, 2.3417)","(-2.8797, 0.5325)","(-0.7029, 0.932)","(-7.0054, -3.7924)","(-0.2178, -0.3365)","(2.7218, 5.4856)","(0.8823, 9.3799)","(12.6365, -3.7805)","(5.7684, 5.8978)","(1.3534, 1.7042)","(-10.2638, 4.5575)","(-13.9687, -5.6384)","(-9.0792, 16.8856)","(-5.3098, -8.4099)","(1.2154, 1.12)","(1.3875, -1.2964)","(-9.226, -13.1418)","(3.4018, 3.7127)","(-22.0377, 5.5286)"
8.850000000000000000e+01,"(16.5717, 13.2553)","(-6.6384, 5.9871)","(-3.9485, 0.5733)","(-1.4549, 1.9486)","(-14.9916, -8.0902)","(-0.3815, -0.6841)","(0.8855, 1.6266)","(1.9558, 20.2314)","(22.8091, -7.0282)","(7.3477, 8.3099)","(2.744, 3.3889)","(-3.6143, 2.2367)","(-16.8083, -6.2448)","(-6.1916, 13.2186)","(-9.5867, -14.8243)","(1.7998, 1.9183)","(3.0622, -2.855)","(-3.9625, -4.5512)","(6.4597, 7.2821)","(-15.2879, 4.4746)"
8.860000000000000853e+01,"(7.9695, -1.5838)","(-15.616, 14.2043)","(-7.4804, 1.0076)","(-3.42, 4.5621)","(-21.675, -10.8324)","(-0.8786, -1.6104)","(0.2123, 0.4393)","(2.8478, 23.5157)","(16.7418, -6.0757)","(10.0076, 11.3548)","(6.0408, 7.5572)","(-1.3459, 0.6868)","(-12.6755, -3.7124)","(-2.8574, 7.0889)","(-13.7742, -15.116)","(3.6857, 4.0494)","(7.2767, -6.763)","(-1.4614, -1.3527)","(12.0842, 13.5275)","(-5.8841, 2.1289)"
8.870000000000000284e+01,"(3.4208, -4.6705)","(-18.0537, 17.8226)","(-14.7774, 1.9723)","(-8.2385, 10.9842)","(-12.1615, -4.1393)","(-2.2062, -4.0722)","(0.1629, 0.4868)","(2.0743, 9.7687)","(6.0216, -2.9294)","(11.3319, 11.6053)","(12.6666, 15.5221)","(-1.5016, 0.3716)","(-7.4789, -1.841)","(-1.9039, 4.2619)","(-10.6038, -4.1969)","(8.1401, 8.9981)","(15.6408, -14.6508)","(-1.4523, -1.0577)","(14.8764, 15.2481)","(-1.7244, 0.6992)"
8.880000000000001137e+01,"(2.9465, -7.0272)","(-5.8058, 8.1653)","(-22.1088, 3.1675)","(-15.1973, 20.6402)","(-4.5285, -0.6586)","(-5.7073, -10.5474)","(0.334, 1.0849)","(1.1873, 3.6167)","(2.2086, -1.4122)","(9.2887, 7.8949)","(16.0207, 16.3846)","(-3.0149, 0.5547)","(-5.5848, -1.7332)","(-2.5532, 4.8295)","(-4.7163, -0.391)","(15.449, 16.7451)","(16.3603, -16.3793)","(-2.6701, -1.8664)","(8.7786, 6.9031)","(-0.4188, 0.1948)"
8.890000000000000568e+01,"(4.2615, -10.6937)","(-2.0215, 4.5823)","(-14.7589, 2.7437)","(-9.393, 14.4077)","(-2.0132, 0.1596)","(-12.3682, -22.3795)","(0.7997, 2.6414)","(1.3627, 3.1122)","(2.3468, -1.8017)","(6.4568, 5.2111)","(8.8161, 4.7092)","(-6.7716, 1.1542)","(-6.9403, -2.6606)","(-4.4693, 7.9831)","(-2.1694, -1.0861)","(13.9733, 13.3389)","(5.7481, -7.2672)","(-5.6681, -3.9779)","(3.5499, 2.2364)","(-0.3251, 0.1859)"
8.900000000000000000e+01,"(5.8052, -15.4842)","(-1.7547, 5.5215)","(-5.82, 1.4317)","(-2.8215, 5.7561)","(-2.7155, 0.5459)","(-10.8978, -16.8477)","(2.0504, 6.8176)","(2.3043, 5.0166)","(4.1428, -3.2469)","(5.3909, 5.1716)","(3.4749, 0.4855)","(-15.3269, 2.6151)","(-10.936, -4.4691)","(-7.7584, 13.7969)","(-1.9885, -2.5544)","(6.1761, 4.3175)","(1.9513, -3.3091)","(-12.3762, -8.687)","(1.1765, 0.8379)","(-0.6695, 0.3954)"
8.910000000000000853e+01,"(4.3426, -16.295)","(-2.5959, 8.5633)","(-1.822, 0.4759)","(-1.2572, 3.6305)","(-5.1667, 1.0802)","(-5.2696, -5.491)","(5.1517, 17.026)","(4.3239, 9.4355)","(8.3438, -6.5176)","(6.398, 7.1092)","(2.3038, -0.622)","(-24.6754, 5.1456)","(-16.2559, -6.4985)","(-9.4426, 17.7466)","(-3.2623, -5.3461)","(2.3927, 1.1495)","(1.6937, -3.6496)","(-20.1216, -13.7202)","(0.9908, 1.0144)","(-1.6176, 0.9531)"
8.920000000000000284e+01,"(1.0374, -11.0631)","(-4.2125, 13.9345)","(-0.7986, 0.1525)","(-1.5157, 5.1103)","(-10.8902, 2.2417)","(-4.1309, -3.0373)","(8.5891, 26.2767)","(7.7646, 16.8286)","(15.4917, -12.1903)","(8.9718, 10.375)","(3.5782, -1.3957)","(-13.5317, 5.677)","(-16.2475, -5.5613)","(-5.3679, 12.0972)","(-6.5401, -11.2323)","(2.3013, 0.678)","(2.6936, -6.0262)","(-13.04, -7.6417)","(1.8672, 2.1051)","(-4.2028, 2.4692)"
8.930000000000001137e+01,"(0.5175, -6.8196)","(-5.207, 18.1906)","(-1.3314, 0.1855)","(-2.5829, 8.7827)","(-20.5099, 4.4073)","(-5.761, -3.7489)","(5.3519, 11.3703)","(8.9076, 18.3244)","(16.0009, -13.2947)","(11.4216, 12.4126)","(7.0106, -2.7251)","(-4.0319, 3.5241)","(-10.033, -2.4983)","(-2.1791, 5.7953)","(-12.4262, -18.5206)","(4.0296, 1.0668)","(4.9589, -11.0643)","(-5.0589, -2.2408)","(4.1544, 4.781)","(-11.0709, 6.5036)"
8.940000000000000568e+01,"(1.5233, -6.1102)","(-3.3041, 13.8939)","(-2.9343, 0.3833)","(-4.5071, 15.3737)","(-19.7383, 5.4992)","(-9.1227, -5.8882)","(3.2735, 4.5766)","(5.1145, 9.2416)","(7.0006, -6.7245)","(10.5177, 9.5287)","(14.2197, -5.5238)","(-1.3536, 2.4995)","(-5.7126, -1.4029)","(-1.4342, 3.2482)","(-14.3762, -10.4019)","(8.178, 2.1856)","(7.9667, -18.0584)","(-2.0968, -0.6196)","(9.5479, 11.0034)","(-22.9918, 13.7109)"
8.950000000000000000e+01,"(3.0795, -8.3194)","(-1.4608, 7.5016)","(-7.0252, 0.9013)","(-5.4561, 19.593)","(-7.9678, 3.6443)","(-14.0239, -8.9802)","(3.8, 4.1809)","(2.1128, 3.5437)","(2.2794, -2.4446)","(7.3067, 5.6719)","(21.0347, -9.1943)","(-1.3698, 3.7756)","(-5.1316, -1.7608)","(-2.1096, 3.9384)","(-7.1433, 0.47)","(16.5432, 4.3923)","(6.7886, -16.7831)","(-2.6089, -0.525)","(16.9285, 18.6233)","(-15.5206, 10.3514)"
8.960000000000000853e+01,"(5.1775, -12.983)","(-1.0951, 4.7889)","(-16.6091, 2.1427)","(-2.9859, 12.7507)","(-2.4082, 1.5437)","(-15.3445, -9.3473)","(5.7447, 6.0696)","(0.9012, 1.6705)","(0.5735, -0.6336)","(5.283, 4.6216)","(12.1841, -8.2325)","(-2.4506, 6.9127)","(-7.5132, -3.0164)","(-3.9681, 7.0145)","(-1.8505, 1.202)","(22.4673, 5.336)","(2.8259, -8.3751)","(-4.8284, -0.9287)","(12.1842, 10.2944)","(-5.5296, 4.7791)"
8.970000000000000284e+01,"(5.9658, -17.2959)","(-1.6036, 5.6681)","(-26.1067, 3.7226)","(-1.1605, 5.8454)","(-0.8275, 0.8166)","(-10.1011, -5.5318)","(9.2317, 9.744)","(1.0776, 2.2798)","(0.1708, -0.1621)","(5.5193, 5.8918)","(3.7067, -4.2315)","(-4.7786, 13.4123)","(-12.6007, -5.2263)","(-7.5168, 13.2074)","(-0.1246, 0.7211)","(12.4611, 1.6587)","(1.1448, -3.5212)","(-10.0354, -1.9512)","(5.2678, 2.5753)","(-3.8472, 4.0676)"
8.980000000000001137e+01,"(2.559, -14.4723)","(-2.8325, 9.3561)","(-13.1138, 2.8308)","(-0.7394, 3.1849)","(-1.0579, 1.3169)","(-5.6309, -2.9824)","(12.7746, 13.2356)","(2.0877, 4.5647)","(0.2925, -0.2322)","(7.6492, 8.8907)","(0.8618, -1.3727)","(-6.7458, 20.7528)","(-17.8828, -7.0242)","(-10.2801, 18.9485)","(0.4318, 0.8728)","(4.5374, 0.0641)","(0.9797, -2.461)","(-19.4324, -3.7036)","(2.978, 0.5569)","(-5.0867, 5.689)"
8.990000000000000568e+01,"(0.1788, -8.3709)","(-4.7547, 15.6869)","(-4.9012, 1.6513)","(-1.1037, 3.9404)","(-2.1493, 2.7105)","(-4.5286, -2.6673)","(11.1021, 10.7746)","(4.5078, 9.9278)","(0.6949, -0.5387)","(10.7694, 12.2999)","(0.1291, -0.4159)","(-2.9884, 15.4944)","(-14.901, -4.6078)","(-5.8679, 13.1964)","(0.997, 1.7903)","(1.2948, -0.1243)","(1.7247, -3.9122)","(-21.3037, -3.4056)","(4.1482, 0.2712)","(-7.8624, 8.8218)"
9.000000000000000000e+01,"(0.6802, -5.5121)","(-5.2576, 18.8277)","(-3.6822, 1.6659)","(-2.1148, 7.1802)","(-4.935, 6.1752)","(-6.2698, -3.9767)","(6.4893, 5.8315)","(8.8393, 19.2684)","(1.767, -1.3622)","(11.6519, 11.5469)","(-0.0037, -0.4729)","(-0.0566, 6.5795)","(-7.9736, -1.6879)","(-1.9369, 5.7477)","(2.2912, 4.2856)","(0.8621, -0.2365)","(3.5038, -7.7697)","(-9.8301, -0.6922)","(7.4391, 0.4329)","(-11.3117, 12.7801)"
9.010000000000000853e+01,"(1.9511, -6.1268)","(-2.6259, 12.1351)","(-5.473, 2.6383)","(-4.1235, 13.9024)","(-11.0135, 13.8497)","(-10.4829, -6.7806)","(3.95, 3.6683)","(9.304, 18.8317)","(4.7327, -3.639)","(8.6812, 6.8535)","(-0.0429, -1.0133)","(0.0368, 2.2632)","(-4.4445, -1.1099)","(-0.8025, 2.2184)","(5.593, 10.6076)","(1.5791, -0.5006)","(6.9499, -15.43)","(-3.3196, 0.0378)","(14.2031, 0.8425)","(-10.963, 12.786)"
9.020000000000000284e+01,"(3.8044, -9.4852)","(-1.0505, 5.8973)","(-9.6057, 4.6315)","(-6.0081, 21.0059)","(-14.9877, 20.2451)","(-15.728, -10.0248)","(4.1333, 4.1908)","(4.5082, 7.5378)","(12.4739, -9.6066)","(5.6323, 4.4062)","(-0.0907, -2.4693)","(-0.2768, 1.3112)","(-4.6284, -1.6872)","(-0.9584, 1.8804)","(12.6965, 21.1126)","(3.5278, -1.1128)","(8.9633, -20.8711)","(-1.0602, 0.1255)","(21.5093, 0.8258)","(-6.6856, 8.2135)"
9.030000000000001137e+01,"(6.0857, -15.1632)","(-0.8852, 3.7936)","(-16.0879, 7.8063)","(-3.6108, 14.9971)","(-5.6902, 10.9312)","(-14.576, -8.6097)","(6.4347, 6.7719)","(1.7093, 2.3921)","(22.43, -17.758)","(4.8399, 4.7772)","(-0.2048, -6.4184)","(-0.7471, 2.1965)","(-7.5457, -3.1138)","(-1.9082, 3.3729)","(16.2946, 11.5345)","(8.5141, -2.6626)","(4.2369, -11.9752)","(-1.2015, 0.2631)","(15.6856, -0.8085)","(-4.0175, 4.9412)"
9.040000000000000568e+01,"(5.4142, -17.9162)","(-1.4625, 5.0389)","(-17.2472, 8.7494)","(-1.1274, 6.305)","(-1.1558, 4.3798)","(-8.1828, -4.2634)","(10.6565, 11.259)","(1.1964, 1.347)","(10.6295, -10.1188)","(6.2255, 7.128)","(-0.574, -16.3995)","(-1.719, 4.6936)","(-13.4272, -5.6463)","(-4.1261, 7.1348)","(6.5639, -3.5617)","(19.2054, -6.0917)","(1.234, -4.5211)","(-2.3971, 0.5509)","(6.5903, -1.1953)","(-3.9054, 4.5509)"
9.050000000000000000e+01,"(0.9852, -12.1173)","(-2.765, 9.0028)","(-9.4565, 5.3016)","(-0.3817, 2.1918)","(-0.0917, 3.1149)","(-4.3349, -2.2845)","(13.527, 13.8547)","(2.0239, 2.138)","(3.9632, -5.1987)","(9.305, 10.9772)","(-2.3948, -27.9603)","(-3.9925, 10.729)","(-19.029, -7.4488)","(-8.6359, 14.982)","(-0.2651, -4.1857)","(23.3085, -8.4323)","(0.2893, -1.2537)","(-5.4824, 1.2468)","(2.4334, -0.444)","(-5.7901, 6.5367)"
9.060000000000000853e+01,"(-0.1405, -6.3537)","(-4.9466, 16.1282)","(-4.2269, 2.4683)","(-0.3498, 1.3816)","(0.1646, 4.7743)","(-3.9797, -2.4024)","(9.7397, 9.1151)","(4.1033, 4.3352)","(3.2729, -5.3438)","(12.0708, 13.1353)","(-5.4238, -12.8179)","(-7.5838, 21.3845)","(-14.3111, -4.1057)","(-11.2847, 20.9876)","(-2.8351, -4.7284)","(9.0278, -5.0542)","(0.0505, -0.2854)","(-12.9903, 2.9467)","(1.799, -0.0351)","(-9.3971, 10.5386)"
9.070000000000000284e+01,"(0.8272, -4.6348)","(-5.6046, 19.9515)","(-2.892, 1.5338)","(-0.7055, 2.4131)","(0.3072, 8.8424)","(-6.2162, -3.9943)","(5.0756, 4.4366)","(8.8688, 9.3872)","(4.453, -7.6096)","(10.5462, 9.1272)","(-4.8029, -3.669)","(-4.6937, 19.9941)","(-6.8335, -1.1844)","(-4.5555, 11.6573)","(-4.9746, -7.6663)","(3.2493, -2.8231)","(0.0117, -0.1884)","(-24.3446, 5.7724)","(3.1754, 0.1632)","(-12.3624, 14.0651)"
9.080000000000001137e+01,"(2.2086, -6.0771)","(-2.4708, 12.0289)","(-4.3013, 2.1106)","(-1.5589, 5.1934)","(0.6029, 16.527)","(-11.1001, -7.2268)","(3.1658, 2.9815)","(15.919, 16.6219)","(6.7394, -11.5467)","(6.7149, 4.8362)","(-5.4682, -1.701)","(0.5534, 7.9618)","(-3.3357, -0.7468)","(-0.9605, 4.333)","(-8.5681, -13.0187)","(2.8002, -3.2862)","(0.0148, -0.3944)","(-17.0009, 5.1753)","(6.7394, 0.4468)","(-9.4571, 11.2994)"
9.090000000000000568e+01,"(4.3297, -10.2769)","(-0.7686, 5.1549)","(-8.1503, 3.9174)","(-3.5613, 11.8027)","(1.4235, 21.5171)","(-16.8672, -10.7567)","(3.865, 3.9837)","(13.0079, 12.5445)","(8.7154, -15.1881)","(4.5678, 3.9203)","(-8.0539, -1.9138)","(1.2265, 2.8575)","(-3.4512, -1.2647)","(-0.0493, 1.7374)","(-12.7051, -15.2607)","(4.3338, -5.34)","(0.0371, -0.974)","(-5.9813, 2.7757)","(14.7145, 0.9954)","(-5.0202, 6.3022)"
9.100000000000000000e+01,"(6.7691, -16.772)","(-0.5216, 2.5411)","(-15.3087, 7.3645)","(-6.6223, 22.4659)","(2.1271, 12.6886)","(-14.2957, -8.2765)","(6.5978, 6.9989)","(5.4344, 4.4277)","(7.1693, -13.1996)","(4.9197, 5.3554)","(-12.7438, -2.9981)","(2.0124, 2.5377)","(-5.9948, -2.5114)","(0.2143, 2.2298)","(-11.5325, -6.8856)","(7.7399, -9.5166)","(0.1027, -2.5838)","(-2.9211, 1.9211)","(24.1787, 1.0618)","(-3.2512, 3.9527)"
9.110000000000000853e+01,"(4.7779, -18.022)","(-0.9009, 3.1393)","(-19.3494, 9.6533)","(-4.6392, 18.5716)","(1.3413, 5.004)","(-7.17, -3.561)","(11.4569, 12.1502)","(1.9152, 1.3093)","(4.1946, -8.1993)","(7.2902, 8.6774)","(-17.6426, -3.7193)","(3.6038, 4.2137)","(-11.6786, -5.0176)","(0.4554, 4.2801)","(-6.2504, -1.6716)","(12.1024, -15.1485)","(0.2896, -7.1298)","(-3.7426, 2.8247)","(15.5369, -1.222)","(-3.9012, 4.4717)"
9.120000000000000284e+01,"(-0.0335, -10.4093)","(-1.8352, 5.9236)","(-10.8134, 6.0528)","(-1.0473, 7.214)","(0.4319, 1.9609)","(-3.3264, -1.6869)","(14.1175, 14.388)","(1.6273, 0.8916)","(2.9443, -5.582)","(11.0154, 12.8967)","(-15.5861, -1.9318)","(6.9819, 8.2303)","(-19.5129, -8.0137)","(0.9536, 9.25)","(-3.3232, -1.936)","(10.4276, -14.2909)","(0.7253, -18.7357)","(-6.4714, 4.9286)","(5.5088, -1.6344)","(-6.4396, 7.2184)"
9.130000000000001137e+01,"(-0.3776, -4.9269)","(-3.8189, 12.1559)","(-4.1398, 2.5606)","(-0.0934, 2.8794)","(0.1564, 2.015)","(-2.9468, -1.7778)","(9.0879, 8.2737)","(2.8835, 1.5067)","(3.4467, -6.099)","(12.3562, 12.3652)","(-9.1494, -0.173)","(12.7362, 14.7004)","(-16.9756, -5.3031)","(2.0381, 19.0207)","(-3.0506, -3.7385)","(4.6982, -7.6161)","(0.4822, -28.715)","(-11.8165, 8.998)","(1.8813, -1.0899)","(-10.7255, 12.0097)"
9.140000000000000568e+01,"(0.7194, -3.671)","(-6.3716, 21.0044)","(-1.5374, 0.9095)","(0.1609, 3.1698)","(0.1396, 3.8542)","(-4.8927, -3.1633)","(4.2294, 3.562)","(6.0087, 3.1487)","(5.3165, -9.1302)","(8.8177, 6.5708)","(-5.7054, -0.3144)","(14.347, 14.2823)","(-7.7257, -1.0917)","(3.3653, 22.8499)","(-4.6366, -7.199)","(2.1186, -3.4819)","(-1.344, -11.958)","(-16.4937, 12.8941)","(1.9139, -1.6251)","(-12.7694, 14.6436)"
9.150000000000000000e+01,"(2.0361, -5.2675)","(-4.2677, 17.5311)","(-1.5515, 0.7832)","(0.338, 5.5304)","(0.2271, 8.3589)","(-9.4909, -6.2301)","(2.3389, 2.1708)","(12.9905, 6.8117)","(8.0767, -13.8679)","(5.1201, 3.6274)","(-6.0012, -1.045)","(8.0724, 5.4782)","(-2.723, -0.2312)","(3.0144, 10.2705)","(-8.3806, -13.2854)","(1.9691, -2.6888)","(-1.7575, -6.1745)","(-11.1342, 9.5903)","(3.4562, -3.0527)","(-8.0262, 9.8276)"
9.160000000000000853e+01,"(4.2142, -9.6037)","(-0.944, 7.372)","(-3.0247, 1.4537)","(0.6513, 10.9113)","(0.5202, 17.7224)","(-16.7451, -10.861)","(2.9394, 3.0419)","(21.3586, 10.9336)","(8.764, -15.5742)","(3.9908, 3.8205)","(-9.2065, -2.1127)","(3.1401, 1.6354)","(-1.2482, -0.3178)","(1.5866, 3.3381)","(-13.223, -16.4953)","(3.3788, -4.2146)","(-2.5172, -6.6958)","(-4.706, 4.5288)","(7.2289, -6.335)","(-3.8567, 4.9298)"
9.170000000000000284e+01,"(7.1886, -16.9877)","(-0.123, 2.3229)","(-6.6705, 3.1714)","(1.2526, 19.746)","(1.5475, 23.9683)","(-16.7624, -10.0017)","(5.3703, 5.7294)","(14.2829, 6.4286)","(5.5905, -10.7303)","(5.2087, 6.0368)","(-14.97, -3.5311)","(1.0595, 0.721)","(-1.8489, -0.7487)","(1.1248, 1.4878)","(-12.0272, -6.5636)","(6.6132, -8.0772)","(-3.6694, -9.4084)","(-2.1575, 1.9893)","(14.2632, -12.6345)","(-2.6271, 3.1684)"
9.180000000000001137e+01,"(5.4272, -19.3401)","(0.0191, 0.5867)","(-14.7017, 6.9949)","(1.7987, 20.1163)","(2.4946, 11.8517)","(-8.2351, -3.9941)","(10.3635, 11.093)","(5.4799, 1.922)","(3.1201, -6.1764)","(8.421, 10.2352)","(-18.6957, -3.5839)","(1.0285, 1.0984)","(-3.8621, -1.6845)","(1.8757, 2.0905)","(-5.8471, -0.5813)","(11.9334, -14.6983)","(-5.3304, -13.5928)","(-2.3463, 1.88)","(15.9671, -15.6221)","(-3.6128, 4.1029)"
9.190000000000000568e+01,"(-0.514, -10.5448)","(0.0785, 0.4213)","(-22.2685, 10.9368)","(1.4556, 9.3713)","(1.6267, 3.9532)","(-3.0413, -1.3102)","(15.2573, 15.8638)","(2.0028, 0.497)","(2.6862, -4.9384)","(12.3953, 14.2113)","(-13.3155, -0.9312)","(1.9865, 2.3471)","(-8.8171, -3.9132)","(3.7021, 4.1017)","(-2.4852, -0.8105)","(12.3528, -16.4163)","(-6.4059, -15.8094)","(-4.3126, 3.2919)","(6.2876, -8.5373)","(-6.4551, 7.2005)"
9.200000000000000000e+01,"(-0.9521, -4.1473)","(0.1832, 0.8435)","(-11.9643, 6.7868)","(0.6512, 3.2804)","(1.1621, 1.6395)","(-1.1975, -0.6172)","(10.7084, 9.8975)","(2.1686, 0.352)","(3.8221, -6.627)","(11.8474, 10.6738)","(-6.9737, 0.1177)","(4.4657, 5.3995)","(-18.744, -8.1527)","(7.904, 8.7999)","(-1.8809, -2.1225)","(5.339, -8.7651)","(-5.295, -12.159)","(-8.8114, 6.6552)","(1.6515, -3.2389)","(-11.3344, 12.6529)"
9.210000000000000853e+01,"(0.1364, -2.2016)","(0.4323, 2.0046)","(-4.0795, 2.8276)","(0.1748, 1.0379)","(1.9028, 2.1525)","(-1.5286, -0.967)","(4.6369, 3.6852)","(3.9833, 0.6037)","(6.3175, -10.7736)","(7.2101, 4.6875)","(-4.6802, -0.3865)","(10.211, 12.3221)","(-21.8853, -7.8196)","(14.8173, 16.1765)","(-2.8023, -4.4506)","(1.777, -3.3858)","(-3.4849, -7.6836)","(-16.1575, 12.3207)","(0.3168, -1.1757)","(-13.3645, 15.3446)"
9.220000000000000284e+01,"(1.068, -2.8918)","(1.0964, 5.1424)","(-1.8553, 1.5971)","(0.0841, 1.0412)","(3.6843, 4.1212)","(-3.1153, -2.0532)","(1.5869, 1.2613)","(8.3917, 1.2861)","(9.15, -15.7799)","(3.9582, 2.8604)","(-5.8828, -1.1891)","(17.0382, 18.981)","(-9.7542, -1.0516)","(14.1102, 13.5873)","(-5.484, -9.4275)","(0.7638, -1.2524)","(-2.6698, -6.2266)","(-15.7142, 12.8307)","(0.1212, -1.4299)","(-7.5458, 9.3907)"
9.230000000000001137e+01,"(2.5023, -5.5445)","(2.8432, 13.3284)","(-2.5, 2.3688)","(0.1282, 2.1446)","(7.744, 8.7121)","(-7.0538, -4.6938)","(0.9876, 0.9618)","(17.4129, 2.6477)","(8.0089, -14.6242)","(3.5539, 3.6781)","(-9.9197, -2.4003)","(11.4046, 8.3888)","(-3.5795, 0.6271)","(6.5073, 4.603)","(-10.8864, -17.331)","(1.0781, -1.3864)","(-3.1086, -7.7553)","(-6.556, 6.3481)","(0.1886, -2.8321)","(-3.1768, 4.181)"
9.240000000000000568e+01,"(5.4323, -11.6337)","(6.0024, 26.4132)","(-4.6542, 4.4329)","(0.2752, 4.9628)","(14.4646, 15.9424)","(-15.4511, -10.2324)","(1.7126, 1.8193)","(23.3709, 3.1616)","(4.2341, -8.4557)","(5.2962, 6.3784)","(-16.6137, -3.9708)","(4.9619, 1.5352)","(-2.779, 1.31)","(2.3013, 1.1785)","(-14.9748, -14.1823)","(2.2506, -2.7412)","(-4.5428, -11.6148)","(-2.0642, 2.2653)","(0.4533, -6.3906)","(-1.8187, 2.2345)"
9.250000000000000000e+01,"(8.6666, -20.7545)","(5.4731, 16.5404)","(-9.4132, 8.9487)","(0.653, 11.9746)","(14.1987, 13.7135)","(-20.8416, -12.9998)","(3.696, 3.994)","(12.1229, 0.8511)","(2.4113, -4.7595)","(9.1448, 11.2976)","(-19.152, -3.3646)","(3.0987, -0.1723)","(-4.4186, 2.3799)","(1.4432, 0.4051)","(-9.0844, -0.8319)","(5.0965, -6.1317)","(-6.2737, -15.8363)","(-0.4921, 0.577)","(1.0473, -14.7459)","(-2.5188, 2.8601)"
9.260000000000000853e+01,"(2.8423, -17.8257)","(3.4996, 5.9185)","(-15.7538, 15.1683)","(1.4666, 24.1605)","(6.7499, 4.6997)","(-10.358, -4.9341)","(8.4438, 9.1551)","(4.2867, -0.0366)","(2.5436, -4.5592)","(13.3279, 15.0854)","(-11.6558, -0.2544)","(4.4557, -0.8104)","(-8.4607, 4.5306)","(2.4204, 0.5171)","(-2.6979, 1.3509)","(11.2048, -13.5275)","(-6.1673, -14.6519)","(-0.097, 0.1257)","(1.1874, -25.3099)","(-4.8068, 5.3436)"
9.270000000000000284e+01,"(-2.3211, -6.8084)","(3.4923, 4.0942)","(-12.2807, 12.6504)","(2.08, 19.785)","(2.3596, 1.1936)","(-3.9875, -1.2175)","(16.1845, 17.251)","(1.6089, -0.171)","(4.1048, -7.0302)","(11.432, 9.4231)","(-5.4837, 0.3072)","(8.0953, -1.5064)","(-15.7199, 8.5146)","(5.0063, 1.0688)","(-0.3476, 0.8093)","(15.3124, -19.5689)","(-4.1961, -9.2255)","(-0.0516, 0.0865)","(-1.3944, -15.6143)","(-9.5924, 10.6311)"
9.280000000000001137e+01,"(-1.5216, -1.65)","(5.108, 5.462)","(-4.7524, 5.5658)","(1.6383, 7.2689)","(1.1102, 0.2899)","(-2.8675, -0.4035)","(13.7318, 13.0973)","(2.0155, -0.3536)","(7.1239, -12.0944)","(6.1758, 3.4909)","(-3.657, -0.3222)","(15.239, -2.8445)","(-18.2759, 11.0694)","(11.1776, 2.4142)","(0.3515, 0.818)","(6.3808, -10.6315)","(-2.7153, -6.0592)","(-0.1067, 0.1898)","(-1.921, -5.4351)","(-14.7943, 16.6654)"
9.290000000000000568e+01,"(-1.1075, -0.1934)","(8.09, 8.614)","(-1.4429, 1.8158)","(1.2877, 3.5645)","(1.7214, 0.263)","(-4.4996, -0.4396)","(5.8026, 4.2262)","(3.8917, -0.7064)","(9.8532, -17.0716)","(3.0539, 2.1122)","(-5.0457, -1.0874)","(21.0913, -4.737)","(-8.809, 7.286)","(21.8079, 4.503)","(0.8746, 1.5617)","(1.615, -4.1744)","(-2.5805, -6.2712)","(-0.2711, 0.4817)","(-1.7888, -2.5581)","(-10.0346, 12.1918)"
9.300000000000000000e+01,"(-1.8294, 0.1383)","(11.9531, 12.5724)","(-0.3547, 0.4399)","(1.9202, 4.4535)","(3.5628, 0.5279)","(-8.4892, -0.8306)","(2.6141, 1.3684)","(8.498, -1.5269)","(7.1946, -13.4981)","(2.8276, 3.005)","(-9.1747, -2.3079)","(13.1963, -4.9188)","(-2.9993, 3.1505)","(20.2237, 2.8568)","(1.9726, 3.6517)","(0.486, -2.687)","(-3.6062, -9.1914)","(-0.7368, 1.3043)","(-2.8778, -3.27)","(-3.7622, 5.1413)"
9.310000000000000853e+01,"(-3.8565, 0.311)","(12.1037, 12.0158)","(-0.2193, 0.2234)","(3.2783, 7.4981)","(8.1718, 1.2418)","(-16.2544, -1.5758)","(3.1505, 1.2637)","(17.9972, -3.262)","(3.3182, -6.8728)","(4.5466, 5.605)","(-16.6495, -4.1516)","(5.1003, -2.8588)","(-1.1373, 1.0452)","(8.0933, -0.2283)","(4.7587, 9.0238)","(0.4801, -4.101)","(-5.5037, -14.1139)","(-2.0855, 3.6833)","(-5.1889, -5.8267)","(-1.1458, 1.6339)"
9.320000000000000284e+01,"(-8.9336, 0.6274)","(7.7467, 6.9834)","(-0.4793, 0.4562)","(5.8552, 13.3951)","(18.1649, 2.7024)","(-21.9514, -1.6937)","(5.5281, 2.1443)","(23.4619, -4.6938)","(1.8551, -3.6749)","(8.5063, 10.7724)","(-20.5797, -3.84)","(2.0136, -1.0189)","(-1.3268, 0.8065)","(2.8347, -0.609)","(11.1403, 19.419)","(0.8923, -7.7026)","(-6.7685, -16.7363)","(-5.9096, 10.4415)","(-9.7918, -11.007)","(-0.4283, 0.547)"
9.330000000000001137e+01,"(-19.5319, 1.6407)","(4.5034, 4.0474)","(-1.1575, 1.0913)","(8.398, 18.6981)","(24.7929, 2.7244)","(-13.2072, -0.0803)","(10.7985, 4.2097)","(11.1583, -3.0749)","(2.2026, -3.8986)","(13.7377, 16.1552)","(-12.0359, -0.0458)","(1.9876, -0.5266)","(-2.6987, 1.4497)","(2.3935, -0.9866)","(16.7859, 15.6887)","(1.7471, -15.063)","(-5.3242, -12.0468)","(-13.3169, 23.9782)","(-14.658, -15.7243)","(-0.6708, 0.7561)"
9.340000000000000568e+01,"(-23.6957, 5.3324)","(3.9938, 3.9692)","(-2.989, 2.8083)","(6.5782, 13.3095)","(11.661, -0.6546)","(-5.178, 0.3607)","(18.9244, 7.2477)","(3.8147, -1.4271)","(3.8688, -6.5767)","(12.4724, 10.4969)","(-4.8964, 0.671)","(3.7436, -0.713)","(-6.0706, 3.1718)","(4.0379, -1.8168)","(8.537, -2.394)","(2.1532, -22.1451)","(-3.1999, -6.8732)","(-8.4922, 18.2148)","(-11.2263, -9.9827)","(-1.4876, 1.6417)"
9.350000000000000000e+01,"(-7.6615, 7.3155)","(5.7367, 6.0418)","(-7.9296, 7.4441)","(3.3035, 6.0276)","(4.1496, -1.1902)","(-1.7444, 0.1015)","(18.2421, 6.2309)","(1.9234, -0.9693)","(7.1869, -12.1336)","(6.4402, 3.0816)","(-2.2704, 0.0163)","(8.0302, -1.4018)","(-13.7245, 7.1716)","(8.0789, -3.6118)","(0.5979, -4.1834)","(0.2985, -14.6617)","(-2.2698, -5.2404)","(-1.9915, 8.0481)","(-5.2493, -3.6417)","(-3.5831, 3.9338)"
9.360000000000000853e+01,"(-0.504, 3.9636)","(9.4622, 10.0926)","(-17.9118, 16.9698)","(1.5565, 2.9728)","(2.7872, -1.5317)","(-1.3337, -0.0724)","(8.5881, 2.1672)","(2.814, -1.5724)","(10.4737, -18.0625)","(2.4646, 1.1501)","(-2.726, -0.5438)","(16.9583, -2.9999)","(-21.9304, 12.3402)","(15.9324, -7.1672)","(-2.4004, -4.3674)","(-0.4691, -5.8425)","(-2.7036, -6.7775)","(-0.7698, 7.0165)","(-2.0002, -1.4398)","(-8.8345, 9.6929)"
9.370000000000000284e+01,"(1.6166, 2.9429)","(13.1926, 13.7484)","(-15.4617, 15.8287)","(1.5024, 3.2701)","(4.2051, -2.629)","(-2.5077, -0.2382)","(3.0789, 0.6415)","(5.4293, -3.044)","(7.3228, -13.8455)","(1.4613, 1.3459)","(-5.1834, -1.3294)","(23.3776, -5.3194)","(-11.5115, 9.2192)","(20.2997, -9.8972)","(-4.3995, -6.7841)","(-0.1784, -1.8751)","(-4.231, -10.913)","(-0.6855, 9.1247)","(-1.4748, -1.4581)","(-17.1455, 19.0693)"
9.380000000000001137e+01,"(3.1779, 4.3386)","(11.0334, 10.5468)","(-5.0522, 6.6717)","(2.5612, 5.847)","(7.8259, -4.8873)","(-5.5386, -0.5711)","(1.1776, 0.325)","(11.2957, -6.3184)","(2.9606, -6.3912)","(2.1824, 2.6711)","(-10.9244, -2.9352)","(11.4845, -5.214)","(-3.1342, 4.3737)","(10.235, -6.4682)","(-7.6409, -11.8212)","(0.0347, -0.9947)","(-6.3986, -16.3485)","(-0.9153, 12.7353)","(-2.5058, -2.7882)","(-11.4962, 14.0522)"
9.390000000000000568e+01,"(5.9043, 8.1381)","(6.1217, 5.3002)","(-2.8034, 4.7499)","(4.9928, 11.5106)","(14.459, -9.0817)","(-12.7776, -1.336)","(1.5188, 0.5634)","(19.4179, -11.0334)","(1.2911, -2.7174)","(4.4033, 5.7356)","(-20.5529, -5.1673)","(3.4522, -2.851)","(-0.8757, 2.6709)","(3.4175, -2.7637)","(-12.091, -15.8073)","(0.188, -1.7345)","(-6.6888, -16.0347)","(-1.0497, 16.0697)","(-5.23, -5.9709)","(-3.7117, 5.7061)"
9.400000000000000000e+01,"(10.8337, 14.5095)","(3.526, 3.2039)","(-3.3903, 6.3148)","(8.4979, 19.2738)","(17.6984, -11.9406)","(-24.0292, -2.2685)","(3.1348, 1.2268)","(15.1763, -9.386)","(1.335, -2.3982)","(9.3905, 12.27)","(-20.0396, -2.708)","(0.9709, -1.5636)","(-0.7331, 3.8814)","(0.8673, -0.8088)","(-12.4507, -8.9414)","(0.4629, -3.8081)","(-4.3672, -9.4213)","(-0.6782, 14.7982)","(-11.049, -12.589)","(-1.9234, 3.7769)"
9.410000000000000853e+01,"(14.2282, 14.9732)","(3.706, 3.7764)","(-5.1512, 9.6708)","(7.8205, 16.2499)","(9.3787, -7.8558)","(-18.4003, -0.5475)","(7.1761, 2.8434)","(5.8136, -4.218)","(2.4605, -4.1739)","(15.5935, 18.25)","(-8.4599, 1.2867)","(0.8627, -2.2862)","(-1.2912, 7.0988)","(0.2047, -0.2511)","(-7.2455, -1.9929)","(1.127, -9.0087)","(-2.446, -5.2375)","(-0.2591, 10.3373)","(-16.3959, -17.4551)","(-2.4446, 5.2819)"
9.420000000000000284e+01,"(9.7637, 5.1275)","(5.9729, 6.3652)","(-7.6295, 14.4059)","(3.8822, 6.8946)","(3.4492, -3.4565)","(-6.8394, 0.8072)","(16.1671, 6.3826)","(1.7184, -1.4017)","(5.0707, -8.4951)","(12.0179, 8.3613)","(-2.5534, 1.0941)","(1.59, -4.406)","(-2.5375, 13.8277)","(0.204, -0.3384)","(-3.5931, -1.5876)","(2.4137, -19.9565)","(-2.0163, -4.8175)","(-0.2522, 7.713)","(-10.2556, -8.165)","(-4.0752, 8.8528)"
9.430000000000001137e+01,"(4.2038, 1.1425)","(10.3751, 11.1192)","(-7.9747, 15.57)","(1.4042, 2.353)","(1.4633, -1.3062)","(-2.9193, 0.8421)","(23.7503, 8.8007)","(0.5812, -0.5718)","(9.7352, -16.3998)","(5.2437, 1.14)","(-0.8241, 0.8229)","(3.4536, -9.4163)","(-3.4413, 21.5393)","(0.4414, -0.7544)","(-2.8354, -3.1192)","(1.9549, -24.2788)","(-2.8439, -7.2699)","(-0.4655, 8.1913)","(-4.1659, -2.1616)","(-6.8264, 14.8763)"
9.440000000000000568e+01,"(1.7078, 0.967)","(14.002, 14.507)","(-5.0341, 10.5136)","(0.5388, 1.0409)","(1.7758, -1.203)","(-3.466, 1.3761)","(12.2349, 3.1999)","(0.7866, -0.8696)","(10.6525, -18.9529)","(1.8327, -0.4194)","(-0.9585, 1.4363)","(6.7085, -18.8156)","(-0.8659, 16.0037)","(1.1018, -1.8709)","(-3.9876, -6.0447)","(-0.7889, -10.2471)","(-4.7853, -12.4316)","(-0.7832, 11.2238)","(-1.7063, -0.4304)","(-7.9477, 17.9131)"
9.450000000000000000e+01,"(1.6367, 1.9078)","(10.2643, 9.5021)","(-2.9082, 6.1893)","(0.7062, 1.5866)","(3.5152, -2.198)","(-6.0517, 2.4684)","(4.6231, 0.5217)","(1.6519, -1.8394)","(4.4502, -9.4567)","(1.664, -1.1656)","(-1.9409, 2.9717)","(5.8307, -21.3213)","(0.6992, 6.6575)","(2.9216, -4.9351)","(-7.1714, -11.5793)","(-1.1003, -3.927)","(-7.0607, -17.9388)","(-1.0701, 15.3983)","(-2.1486, -0.1712)","(-4.6636, 11.5541)"
9.460000000000000853e+01,"(2.8978, 4.0234)","(5.0847, 4.2264)","(-2.6279, 5.2341)","(1.4543, 3.3705)","(7.6711, -4.7104)","(-11.678, 4.7428)","(3.1425, -0.1119)","(3.9081, -4.3357)","(1.3258, -3.3699)","(2.9893, -2.3127)","(-4.4859, 6.7675)","(0.2982, -9.8399)","(0.3045, 2.2603)","(7.6566, -12.9613)","(-12.2646, -17.0077)","(-1.6115, -3.4976)","(-6.3605, -14.7569)","(-0.887, 16.2567)","(-4.0968, -0.2615)","(-2.1214, 5.6006)"
9.470000000000000284e+01,"(6.1056, 8.8161)","(2.6933, 2.423)","(-3.7809, 7.182)","(3.3356, 7.7907)","(15.9239, -9.8561)","(-19.2372, 8.0066)","(4.7689, -0.3737)","(9.4327, -10.4622)","(0.3006, -0.9036)","(6.4283, -4.8901)","(-9.9103, 15.1168)","(-0.7096, -3.2501)","(-0.0703, 1.255)","(13.8569, -24.5902)","(-13.2796, -9.5707)","(-2.7442, -5.547)","(-3.6246, -7.5032)","(-0.3395, 11.9074)","(-8.8307, -0.6006)","(-1.474, 3.5632)"
9.480000000000001137e+01,"(12.3062, 16.9253)","(3.0034, 3.0886)","(-6.1661, 11.5681)","(7.416, 17.2387)","(19.406, -13.1452)","(-16.1589, 7.5976)","(8.7912, -0.6922)","(17.1696, -19.3908)","(0.0992, -0.4637)","(13.5987, -10.4362)","(-12.3147, 21.7915)","(-0.8338, -1.3649)","(-0.3562, 2.108)","(5.6184, -14.4267)","(-7.2405, -0.9975)","(-5.0123, -10.166)","(-1.8932, -4.0426)","(-0.1847, 8.009)","(-18.4164, -1.1797)","(-2.1247, 4.7184)"
9.490000000000000568e+01,"(15.28, 14.7307)","(5.2222, 5.6073)","(-8.5579, 16.2628)","(10.2534, 22.5623)","(8.1439, -7.5472)","(-6.9159, 3.9956)","(16.3924, -1.3079)","(10.34, -13.1068)","(0.1476, -0.8443)","(18.0007, -15.9992)","(-2.6475, 11.651)","(-1.5463, -1.8618)","(-0.8636, 4.5237)","(0.6862, -6.561)","(-2.8786, -0.4073)","(-8.545, -17.0529)","(-1.7357, -4.2325)","(-0.3499, 7.3084)","(-23.5519, -0.4608)","(-3.895, 8.4457)"
9.500000000000000000e+01,"(8.6766, 2.3941)","(9.8553, 10.6501)","(-7.0826, 14.2161)","(5.5436, 9.8663)","(2.3203, -3.0878)","(-2.4735, 1.5131)","(21.4153, -2.1126)","(3.2689, -5.3219)","(0.3368, -1.9309)","(6.5381, -10.9029)","(0.7685, 4.329)","(-3.1168, -3.7115)","(-2.0441, 10.4207)","(-0.4788, -5.9579)","(-1.7014, -1.5158)","(-9.1913, -16.6644)","(-2.7271, -7.0546)","(-0.6447, 9.5476)","(-11.2379, 1.6739)","(-7.0124, 15.2092)"
9.510000000000000853e+01,"(2.9256, -0.6956)","(14.7938, 15.5265)","(-3.7638, 8.1271)","(2.4622, 3.4166)","(0.7841, -1.7675)","(-1.3932, 0.6887)","(12.789, -2.0864)","(1.6589, -3.5612)","(0.8515, -4.8287)","(0.6166, -4.4769)","(1.7177, 2.6071)","(-6.8106, -8.1886)","(-3.9798, 21.4836)","(-1.0039, -8.3393)","(-2.1797, -3.2961)","(-5.3869, -8.0502)","(-4.9159, -12.8638)","(-1.0047, 13.8753)","(-3.726, 1.3508)","(-8.4704, 19.0304)"
9.520000000000000284e+01,"(1.05, -1.3408)","(11.2062, 10.4121)","(-2.295, 4.8394)","(2.18, 2.4171)","(0.9115, -2.7327)","(-2.2852, 0.9551)","(5.1261, -1.1607)","(2.1349, -5.0976)","(2.1851, -12.3714)","(-0.6698, -1.7931)","(3.0791, 3.7245)","(-13.7017, -16.0849)","(-2.1988, 21.7565)","(-1.5692, -12.8314)","(-4.1165, -7.0692)","(-2.3427, -3.2868)","(-7.4883, -19.0799)","(-1.0824, 17.0634)","(-1.5636, 1.0732)","(-4.5927, 11.5612)"
9.530000000000001137e+01,"(1.1605, -2.4746)","(5.1427, 4.0541)","(-2.5821, 5.0238)","(3.528, 3.7151)","(1.7611, -5.3447)","(-4.8074, 1.9367)","(2.0383, -0.3982)","(3.6511, -8.7605)","(4.3176, -25.5801)","(-1.5389, -2.0695)","(5.7235, 6.9267)","(-15.3276, -15.0448)","(1.325, 8.6132)","(-2.3213, -17.4063)","(-8.544, -14.5375)","(-1.3043, -2.2197)","(-6.4065, -14.6376)","(-0.5304, 14.0892)","(-2.0897, 1.8202)","(-1.7833, 4.952)"
9.540000000000000568e+01,"(2.3379, -5.0171)","(1.9672, 1.5784)","(-4.1917, 7.8787)","(6.5668, 6.9213)","(3.7734, -11.3509)","(-10.7655, 4.3023)","(2.1112, -0.2233)","(6.2929, -15.1481)","(2.1015, -18.9721)","(-3.0209, -3.8987)","(10.7254, 12.8827)","(-7.7934, -4.4107)","(1.443, 3.0432)","(-2.665, -15.4053)","(-14.5652, -18.4042)","(-1.786, -3.5169)","(-3.3394, -6.637)","(-0.1514, 8.9888)","(-4.0521, 3.5671)","(-0.9355, 2.3737)"
9.550000000000000000e+01,"(5.1836, -10.9144)","(1.4697, 1.4534)","(-7.0852, 13.2527)","(12.0439, 12.6523)","(6.6876, -20.8948)","(-20.767, 8.4742)","(4.027, -0.3206)","(7.4562, -18.6787)","(-0.2503, -7.2564)","(-6.3634, -8.3406)","(14.668, 15.7512)","(-2.986, -0.7185)","(2.0941, 2.579)","(-2.0655, -9.2891)","(-12.1602, -4.3307)","(-3.4243, -6.9931)","(-1.4696, -2.9957)","(-0.233, 6.7824)","(-8.6655, 7.5787)","(-1.2848, 2.87)"
9.560000000000000853e+01,"(8.9287, -20.6523)","(2.5276, 2.7117)","(-9.0535, 17.3362)","(14.8131, 15.0233)","(4.5903, -18.8015)","(-18.2816, 8.5494)","(8.6923, -0.6422)","(4.1985, -11.876)","(-0.8126, -4.9063)","(-12.6539, -16.0477)","(10.1341, 7.5032)","(-2.1296, 0.2011)","(3.6732, 4.1936)","(-1.2474, -6.0524)","(-4.3467, 1.6401)","(-6.8961, -14.1139)","(-1.1923, -2.8813)","(-0.4901, 7.9108)","(-16.0792, 14.3813)","(-2.5048, 5.4127)"
9.570000000000000284e+01,"(3.5119, -19.0048)","(5.2878, 5.7739)","(-6.0853, 12.5835)","(8.6922, 7.93)","(0.5901, -7.8705)","(-6.7072, 4.2771)","(18.1612, -1.3749)","(1.7649, -5.4894)","(-1.3822, -6.626)","(-15.2282, -15.0811)","(4.5015, 2.2737)","(-3.4784, 0.6256)","(7.0226, 8.0685)","(-0.98, -6.4823)","(-0.6332, 1.3189)","(-10.4864, -20.3911)","(-1.9444, -5.0545)","(-0.8558, 11.6832)","(-13.8966, 14.4115)","(-5.2014, 11.1675)"
9.580000000000001137e+01,"(-2.6395, -7.1713)","(11.1786, 12.1949)","(-2.8758, 6.3889)","(3.588, 3.0115)","(-0.1888, -2.5251)","(-2.1681, 1.8606)","(23.5243, -2.3602)","(1.1331, -3.1565)","(-2.2399, -10.6111)","(-8.5302, -3.8567)","(1.6616, 1.0304)","(-6.9715, 1.2411)","(12.6906, 14.3359)","(-1.2288, -9.8057)","(0.5417, 1.2887)","(-7.5214, -11.9659)","(-3.8254, -10.1116)","(-1.168, 16.5073)","(-4.5569, 6.9239)","(-9.0707, 19.7351)"
9.590000000000000568e+01,"(-2.0199, -1.6001)","(16.572, 17.3076)","(-1.8281, 3.8248)","(1.4676, 1.3201)","(-0.3857, -1.2686)","(-1.7246, 1.9456)","(11.376, -2.2327)","(1.6429, -4.0642)","(-3.5216, -16.4555)","(-3.1086, -0.2393)","(1.3895, 1.4471)","(-14.5481, 2.5771)","(14.2938, 14.3037)","(-1.89, -15.3831)","(1.3211, 2.2978)","(-3.3497, -4.1848)","(-7.0717, -18.4823)","(-0.8453, 16.5641)","(-1.0721, 2.4711)","(-7.2771, 17.18)"
9.600000000000000000e+01,"(-2.0182, -0.0776)","(10.0919, 8.7231)","(-2.3858, 4.5797)","(1.6223, 1.655)","(-0.788, -1.9995)","(-2.8828, 3.41)","(3.865, -1.2265)","(3.1006, -7.4261)","(-4.1103, -17.6723)","(-1.2973, 0.5703)","(2.4593, 2.9629)","(-22.8507, 4.7973)","(8.0625, 5.9068)","(-2.6449, -18.2288)","(2.8393, 5.1179)","(-1.0294, -1.1254)","(-7.8416, -18.8464)","(-0.2096, 10.9593)","(-0.2245, 1.3892)","(-2.5614, 7.331)"
9.610000000000000853e+01,"(-3.4629, 0.3261)","(4.0004, 2.6425)","(-4.2125, 7.8643)","(3.1075, 3.2759)","(-1.6423, -4.1509)","(-5.7847, 6.8163)","(1.6762, -0.812)","(5.9305, -14.1584)","(-2.9947, -11.0164)","(-1.702, 1.2771)","(5.2457, 6.5285)","(-14.4317, 5.3977)","(3.2052, 1.9259)","(-2.5698, -12.6894)","(6.4751, 11.808)","(-0.2754, -0.2488)","(-4.3117, -8.5127)","(-0.1225, 6.9161)","(-0.1541, 2.2528)","(-0.7014, 2.353)"
9.620000000000000284e+01,"(-7.1138, 0.621)","(1.5993, 0.7366)","(-7.5102, 13.9924)","(6.7045, 7.1195)","(-3.6954, -9.4276)","(-11.3736, 13.4544)","(2.3146, -1.3283)","(8.1997, -20.1993)","(-1.6841, -5.9269)","(-3.418, 2.6175)","(11.2006, 13.8235)","(-4.8243, 3.2773)","(1.2224, 0.942)","(-1.6506, -6.9543)","(13.3773, 20.5888)","(-0.2641, -0.172)","(-1.6532, -2.8847)","(-0.3289, 6.5275)","(-0.3095, 4.642)","(-0.1532, 0.6605)"
9.630000000000001137e+01,"(-15.0738, 1.307)","(1.9964, 0.6525)","(-9.5342, 18.2745)","(13.598, 14.3634)","(-7.7899, -19.4767)","(-14.122, 17.5563)","(4.4883, -2.5977)","(4.8082, -13.4842)","(-1.1916, -4.8596)","(-7.6859, 5.7911)","(16.3029, 17.6841)","(-1.2133, 1.2706)","(1.357, 1.4528)","(-0.9668, -5.1838)","(15.006, 8.9759)","(-0.5685, -0.3508)","(-0.4542, -0.8238)","(-0.6532, 9.191)","(-0.7322, 10.434)","(-0.0986, 0.6554)"
9.640000000000000568e+01,"(-23.4821, 3.6513)","(3.8032, 1.1944)","(-5.7172, 12.0541)","(15.8634, 15.9612)","(-9.5252, -20.3768)","(-6.6665, 9.9167)","(9.6096, -5.5364)","(1.6878, -5.6356)","(-1.5161, -6.9684)","(-15.8794, 12.2802)","(10.1762, 6.4677)","(-0.4694, 1.0002)","(2.6385, 3.0425)","(-0.923, -6.818)","(5.9063, -2.6821)","(-1.3893, -0.8609)","(-0.2686, -0.6441)","(-1.0738, 14.2536)","(-1.3066, 21.2215)","(-0.1883, 1.3465)"
9.650000000000000000e+01,"(-13.3274, 6.9102)","(8.1924, 2.598)","(-2.3681, 5.4627)","(7.6509, 6.5611)","(-5.4277, -7.5684)","(-2.0813, 3.7853)","(18.3002, -10.6806)","(0.6313, -2.05)","(-2.5077, -11.9326)","(-16.5422, 16.0623)","(4.1412, 0.9842)","(-0.6734, 1.8312)","(5.8403, 6.8512)","(-1.3459, -11.2898)","(0.2266, -2.9824)","(-3.641, -2.2683)","(-0.5048, -1.3313)","(-1.1735, 18.0901)","(0.1236, 21.9327)","(-0.4492, 3.1818)"
9.660000000000000853e+01,"(-3.0723, 4.6419)","(17.2334, 5.4228)","(-1.2895, 2.7677)","(2.7942, 2.0065)","(-2.5287, -2.288)","(-0.5023, 1.0467)","(17.4042, -11.1004)","(0.6291, -1.6267)","(-3.9335, -18.2961)","(-3.9982, 9.1673)","(2.0291, -0.362)","(-1.465, 3.9646)","(12.4926, 14.502)","(-2.1748, -17.5737)","(-1.8497, -3.3503)","(-9.7583, -6.0848)","(-1.1578, -3.1068)","(-0.4724, 14.2081)","(1.8972, 8.8084)","(-1.1427, 8.0284)"
9.670000000000000284e+01,"(-0.0984, 1.812)","(22.8938, 6.5096)","(-1.698, 3.2596)","(1.566, 0.8757)","(-2.5079, -1.4672)","(-0.1097, 0.3136)","(6.7896, -5.4143)","(1.2355, -2.964)","(-4.0934, -16.9158)","(0.1497, 3.5477)","(2.787, -1.0554)","(-3.4738, 9.274)","(16.5118, 17.1347)","(-2.8464, -17.7802)","(-3.558, -5.7637)","(-21.9273, -13.3808)","(-2.8611, -7.7216)","(-0.0512, 8.2152)","(1.3932, 2.9258)","(-2.7032, 19.2259)"
9.680000000000001137e+01,"(0.8385, 1.4556)","(11.5911, 1.9642)","(-3.2003, 5.9498)","(2.4673, 1.2415)","(-4.2443, -2.2583)","(-0.1005, 0.4213)","(2.0417, -1.9975)","(2.7016, -6.3835)","(-2.6016, -9.0104)","(1.3124, 2.1933)","(5.3421, -2.0771)","(-7.2308, 19.9139)","(8.9876, 6.0523)","(-2.3747, -10.2405)","(-6.7686, -11.1789)","(-18.7384, -9.4646)","(-6.782, -18.1785)","(-0.1651, 5.7273)","(1.6926, 2.0999)","(-3.185, 26.1786)"
9.690000000000000568e+01,"(1.7797, 2.528)","(4.1241, 0.1359)","(-6.3814, 11.7973)","(4.9085, 2.4625)","(-8.2196, -4.3958)","(-0.2156, 0.9382)","(0.9048, -1.1818)","(5.9448, -14.0364)","(-1.3156, -4.5486)","(2.5441, 3.2563)","(11.2298, -4.3047)","(-5.9838, 22.3055)","(3.6385, 1.2629)","(-1.3001, -5.3004)","(-12.0724, -17.3519)","(-7.8441, -1.8336)","(-9.6853, -24.1374)","(-0.4317, 6.8288)","(2.9825, 3.3644)","(-0.36, 11.1334)"
9.700000000000000000e+01,"(3.7756, 5.4768)","(1.9234, -0.2636)","(-10.2322, 19.2308)","(10.5843, 5.3274)","(-15.6466, -8.3027)","(-0.5414, 2.3317)","(1.3349, -1.9517)","(9.3161, -22.6839)","(-0.9815, -4.1134)","(4.9376, 6.3513)","(20.1735, -8.2061)","(0.3358, 9.3586)","(2.5262, 0.107)","(-0.7702, -4.5101)","(-13.745, -10.4281)","(-5.7872, -0.1634)","(-5.259, -9.746)","(-0.8232, 10.7947)","(5.8402, 6.6202)","(0.4194, 5.014)"
9.710000000000000853e+01,"(8.3602, 12.1545)","(2.732, -0.5985)","(-7.4398, 15.2295)","(19.7853, 9.8228)","(-19.605, -9.5107)","(-1.4388, 6.1488)","(2.724, -3.9922)","(4.9139, -14.1484)","(-1.3993, -6.5587)","(9.8378, 12.6126)","(16.7298, -9.3862)","(1.4134, 3.449)","(3.9782, -0.1652)","(-0.857, -6.8037)","(-7.5321, -0.7805)","(-7.6383, 0.265)","(-2.8899, -3.8548)","(-1.2559, 16.7329)","(11.4257, 12.8834)","(0.827, 5.2329)"
9.720000000000000284e+01,"(15.1512, 19.2858)","(5.2843, -1.1796)","(-2.7302, 6.5502)","(17.8579, 8.0903)","(-11.0423, -3.8468)","(-3.7076, 15.9316)","(6.088, -8.8851)","(1.3137, -5.3046)","(-2.4995, -12.042)","(15.0147, 17.0452)","(5.5325, -5.6589)","(2.2876, 2.9079)","(7.6673, -0.3183)","(-1.3867, -12.0766)","(-2.729, 0.0662)","(-11.5497, 0.4548)","(-3.3352, -3.6256)","(-1.0008, 18.0962)","(15.452, 16.1706)","(1.3572, 8.0044)"
9.730000000000001137e+01,"(13.1665, 8.4142)","(11.2224, -2.4794)","(-0.8481, 2.1687)","(7.4548, 2.6333)","(-4.2556, -0.9986)","(-5.8961, 27.7435)","(12.0546, -17.7962)","(0.3131, -2.2688)","(-4.1289, -19.3654)","(11.2686, 7.8755)","(1.2818, -2.1627)","(3.9676, 4.6131)","(15.3081, -0.6346)","(-2.3479, -19.0594)","(-1.292, -0.8613)","(-16.5649, 0.7472)","(-5.2558, -5.5331)","(-0.1585, 11.4564)","(9.601, 7.7181)","(2.2602, 13.3273)"
9.740000000000000568e+01,"(5.7328, -0.1289)","(20.9384, -4.7875)","(-0.3694, 0.8098)","(2.5123, 0.6565)","(-1.3131, -0.3351)","(-1.2025, 13.9436)","(11.2867, -18.1903)","(0.2117, -2.9108)","(-4.2413, -17.3387)","(4.9762, 1.6192)","(0.1647, -1.0119)","(7.3802, 8.6341)","(22.6168, -1.6197)","(-2.9871, -17.4968)","(-1.4447, -2.1073)","(-16.7886, 1.2138)","(-8.9658, -9.4435)","(-0.0056, 6.2121)","(3.9145, 2.3542)","(3.295, 18.6986)"
9.750000000000000000e+01,"(1.8516, -1.5502)","(19.2728, -5.4062)","(-0.6118, 1.1551)","(1.6817, 0.2467)","(-0.9004, -0.4095)","(0.7265, 6.1817)","(3.7127, -7.9161)","(0.3617, -5.3804)","(-2.524, -8.3232)","(1.4744, 0.289)","(-0.0587, -1.5259)","(12.7662, 14.571)","(14.2751, -2.8767)","(-2.2786, -8.8295)","(-2.6917, -4.6624)","(-10.975, 1.2983)","(-13.2867, -13.7895)","(-0.2105, 5.0472)","(1.1224, 0.6204)","(3.0842, 15.3507)"
9.760000000000000853e+01,"(1.3514, -2.7279)","(7.6942, -3.2098)","(-1.3452, 2.4756)","(2.8416, 0.3316)","(-1.7004, -0.9015)","(1.4823, 5.8407)","(0.9426, -2.9384)","(0.7605, -11.0698)","(-1.1, -3.5309)","(0.3426, 0.1252)","(-0.1541, -3.1738)","(13.6881, 13.4303)","(5.2655, -2.0482)","(-1.0844, -4.0832)","(-5.8599, -10.5315)","(-6.7577, 0.8283)","(-11.7601, -11.4767)","(-0.5112, 7.1624)","(0.3283, 0.2589)","(1.8853, 8.1367)"
9.770000000000000284e+01,"(2.29, -5.078)","(2.362, -1.31)","(-3.1939, 5.8405)","(5.8583, 0.6865)","(-3.8261, -2.0841)","(2.3298, 8.3022)","(0.4335, -2.4494)","(1.3298, -20.5459)","(-0.6631, -2.6913)","(0.2427, 0.2656)","(-0.3067, -7.3613)","(7.7833, 5.434)","(1.5051, -0.712)","(-0.5833, -3.4326)","(-12.1763, -19.3825)","(-6.2813, 0.4767)","(-6.4147, -5.73)","(-0.9688, 12.1977)","(0.4502, 0.4936)","(1.0288, 4.6801)"
9.780000000000001137e+01,"(4.7536, -10.2954)","(1.0202, -0.8093)","(-7.5533, 13.8227)","(12.8401, 1.5167)","(-9.163, -5.0267)","(3.6231, 12.8549)","(0.611, -4.1255)","(0.7617, -20.3242)","(-0.9398, -4.4219)","(0.492, 0.6465)","(-0.7559, -16.9001)","(3.23, 1.9574)","(0.404, -0.1432)","(-0.6761, -5.5601)","(-15.4096, -11.9355)","(-8.8906, 0.4086)","(-3.352, -3.0475)","(-1.3811, 18.6424)","(0.9999, 1.15)","(0.9353, 5.0588)"
9.790000000000000568e+01,"(8.1558, -18.9862)","(1.5108, -1.3762)","(-12.302, 23.1345)","(23.1217, 2.5616)","(-19.6405, -10.5656)","(5.0001, 17.1061)","(1.2251, -8.1947)","(-0.2883, -8.9557)","(-1.8026, -8.8045)","(1.1877, 1.613)","(-2.5616, -25.62)","(1.6478, 1.4203)","(0.4582, -0.0379)","(-1.1749, -10.6569)","(-7.409, 1.5076)","(-14.0178, 0.551)","(-3.1644, -3.176)","(-0.7772, 17.3087)","(2.4608, 2.865)","(1.4171, 8.3008)"
9.800000000000000000e+01,"(4.5338, -19.403)","(3.1087, -2.8434)","(-5.9862, 13.2285)","(18.0635, 1.2178)","(-20.3914, -9.2765)","(4.7397, 14.4723)","(2.4382, -16.4086)","(-0.2588, -2.9451)","(-3.5346, -17.1802)","(3.0863, 4.2513)","(-4.8093, -12.2609)","(2.2011, 2.451)","(1.0272, -0.0364)","(-2.1894, -18.9677)","(-1.1596, 2.5045)","(-18.2893, 0.9595)","(-5.0655, -5.3083)","(0.0372, 9.3631)","(6.3506, 7.4237)","(2.4561, 14.57)"
9.810000000000000853e+01,"(-1.7494, -8.614)","(7.0639, -6.428)","(-1.6954, 5.2018)","(6.9455, -0.1706)","(-8.5173, -1.8168)","(3.1265, 8.5095)","(2.9353, -22.7069)","(-0.1213, -0.7959)","(-4.9019, -21.7844)","(8.1429, 11.1955)","(-3.4976, -3.4479)","(4.2725, 5.0468)","(2.5155, -0.0667)","(-3.1461, -19.8783)","(1.0748, 2.4532)","(-14.575, 1.3974)","(-9.2008, -9.7265)","(0.0178, 4.7719)","(14.8471, 17.0649)","(3.5317, 19.8906)"
9.820000000000000284e+01,"(-1.4255, -2.5381)","(14.8695, -13.6451)","(-0.7939, 3.7215)","(2.3963, -0.2928)","(-3.8437, 0.1452)","(1.9693, 5.6481)","(0.7194, -13.0844)","(-0.1634, -0.6553)","(-3.369, -11.5003)","(17.1479, 21.6247)","(-3.2147, -1.2285)","(8.9563, 10.6725)","(6.538, -0.1492)","(-2.5989, -9.667)","(2.4084, 3.9816)","(-8.2473, 1.139)","(-14.1096, -14.6763)","(-0.2122, 4.3033)","(17.0934, 16.913)","(2.9835, 14.2265)"
9.830000000000001137e+01,"(-0.4711, -0.5385)","(16.5554, -16.3875)","(-1.001, 5.5042)","(2.1833, -0.4846)","(-4.2787, 0.8413)","(1.9126, 6.3098)","(-0.1582, -4.8494)","(-0.3454, -1.2989)","(-1.5009, -4.1225)","(14.1745, 9.5824)","(-5.0313, -1.2852)","(15.3392, 17.324)","(16.6572, -0.4201)","(-1.2034, -3.5951)","(4.7295, 8.0596)","(-5.504, 0.602)","(-11.8394, -11.4413)","(-0.5184, 6.813)","(8.0587, 4.3818)","(1.636, 6.6995)"
9.840000000000000568e+01,"(-0.2004, -0.0728)","(6.0957, -7.9088)","(-1.754, 9.679)","(3.8454, -0.9175)","(-7.0409, 1.525)","(2.7616, 9.7438)","(-0.1177, -1.3383)","(-0.8005, -3.0256)","(-0.4362, -1.1185)","(6.9321, -0.4863)","(-9.1115, -2.3175)","(12.5607, 10.7589)","(27.9842, -1.7557)","(-0.3915, -1.6137)","(9.4714, 15.5415)","(-6.4268, 0.3759)","(-5.8521, -5.064)","(-1.0223, 12.4341)","(4.9599, 0.9965)","(0.7944, 3.5437)"
9.850000000000000000e+01,"(-0.3138, 0.0124)","(1.7336, -3.194)","(-3.0187, 16.8052)","(7.9339, -1.8801)","(-12.7752, 2.7484)","(4.3214, 15.2994)","(-0.0757, -0.387)","(-1.9914, -7.5681)","(-0.0945, -0.286)","(4.8828, -3.1116)","(-16.4466, -4.0984)","(5.6988, 2.8502)","(13.0767, -3.9362)","(-0.2906, -2.1964)","(14.6708, 16.6555)","(-10.2426, 0.3962)","(-2.5739, -2.2522)","(-1.4985, 19.7959)","(6.208, 0.3858)","(0.7393, 4.051)"
9.860000000000000853e+01,"(-0.7241, 0.0466)","(0.9519, -2.7194)","(-3.262, 19.8719)","(16.3761, -3.8944)","(-19.6215, 4.503)","(5.3372, 17.6411)","(-0.1459, -0.4929)","(-4.8019, -18.1316)","(-0.0793, -0.364)","(6.1838, -5.0984)","(-20.5014, -3.8625)","(1.8981, 0.4781)","(4.7151, -3.671)","(-0.4798, -4.4497)","(10.9011, 3.0477)","(-16.3723, 0.6344)","(-2.1485, -2.139)","(-0.723, 17.5833)","(9.6421, 0.4634)","(1.2066, 7.1591)"
9.870000000000000284e+01,"(-1.8485, 0.1017)","(1.3899, -4.4705)","(-1.4428, 11.8054)","(22.7923, -5.7898)","(-16.1498, 4.7789)","(4.1563, 11.8006)","(-0.329, -1.0809)","(-7.2821, -25.5459)","(-0.169, -0.8404)","(9.4935, -7.9265)","(-12.235, -0.1356)","(1.1912, -0.0949)","(3.5267, -4.5221)","(-1.0087, -9.8604)","(3.8759, -1.1283)","(-18.672, 1.1784)","(-3.5796, -3.7624)","(0.1676, 8.5609)","(15.3334, 0.6983)","(2.2703, 13.6657)"
9.880000000000001137e+01,"(-4.9905, 0.2394)","(2.6835, -8.5948)","(-0.5009, 5.2337)","(12.3279, -3.9621)","(-7.4648, 3.0287)","(2.4152, 6.3819)","(-0.8049, -2.6652)","(-4.2117, -10.8413)","(-0.4149, -2.0984)","(13.0541, -11.4038)","(-5.0711, 0.6421)","(2.0407, -0.3536)","(4.8028, -6.7933)","(-2.1729, -20.1755)","(0.8722, -0.6132)","(-12.0172, 1.4635)","(-7.0942, -7.5483)","(0.0925, 3.6984)","(18.6424, 0.3466)","(3.6445, 21.0073)"
9.890000000000000568e+01,"(-13.4982, 0.6675)","(5.096, -16.4283)","(-0.3973, 3.0048)","(4.3098, -1.7705)","(-3.3186, 1.3292)","(1.6229, 4.8823)","(-2.0913, -6.9629)","(-2.4069, -4.4322)","(-1.089, -5.5499)","(11.2322, -11.7423)","(-2.4336, -0.0051)","(4.369, -0.7522)","(7.5898, -10.7695)","(-3.4611, -22.2878)","(0.0862, -0.265)","(-6.2512, 0.9381)","(-13.2524, -14.0152)","(-0.1243, 2.895)","(13.1983, -0.6901)","(3.2774, 15.8239)"
9.900000000000000000e+01,"(-27.7735, 2.8447)","(5.9821, -21.1256)","(-0.6922, 4.0394)","(1.3214, -0.6819)","(-2.9722, 0.8178)","(1.9281, 6.6226)","(-5.2879, -17.4837)","(-2.7847, -4.2121)","(-2.8722, -14.5985)","(5.9675, -8.0807)","(-2.9466, -0.5897)","(10.1262, -1.6978)","(10.164, -14.9588)","(-2.9473, -9.2819)","(-0.1326, -0.2968)","(-4.6749, 0.4422)","(-14.7957, -14.8407)","(-0.3678, 4.7539)","(7.1308, -0.712)","(1.7547, 6.7893)"
9.910000000000000853e+01,"(-15.3495, 8.6017)","(2.3392, -12.0233)","(-1.3792, 7.5763)","(1.2316, -0.7872)","(-5.0816, 1.1284)","(3.1008, 11.122)","(-8.6531, -26.3483)","(-4.3487, -6.3745)","(-5.7644, -27.5939)","(3.8198, -4.977)","(-5.5601, -1.4215)","(21.1559, -3.7909)","(7.9742, -13.4372)","(-1.5647, -3.0078)","(-0.3418, -0.6372)","(-6.461, 0.3075)","(-7.6201, -6.5968)","(-0.8038, 9.4145)","(5.0793, -0.2013)","(0.664, 2.5486)"
9.920000000000000284e+01,"(-1.018, 7.2412)","(0.5185, -4.6266)","(-2.7169, 14.8275)","(2.3177, -1.5241)","(-10.0893, 2.1201)","(4.9042, 17.3175)","(-5.2834, -10.99)","(-7.3228, -10.736)","(-4.4588, -15.0565)","(4.4701, -4.4176)","(-11.5623, -3.088)","(21.6475, -5.9477)","(4.0335, -8.1153)","(-1.4348, -1.7714)","(-0.8332, -1.6038)","(-11.164, 0.3795)","(-2.8136, -2.1745)","(-1.5094, 18.0448)","(6.5357, 0.1761)","(0.3677, 1.8598)"
9.930000000000001137e+01,"(3.0741, 5.5098)","(0.1825, -1.4643)","(-3.7863, 21.8897)","(5.1145, -3.3504)","(-18.7037, 4.0307)","(5.386, 17.1115)","(-3.3572, -4.5972)","(-10.7651, -15.5771)","(-2.8688, -6.0093)","(7.0836, -6.0539)","(-20.9592, -5.1638)","(7.6451, -4.8263)","(2.6639, -5.0084)","(-2.4729, -2.7337)","(-2.1664, -4.2925)","(-18.1055, 0.6916)","(-0.7771, -0.6089)","(-1.3198, 21.8322)","(10.879, 0.5297)","(0.5519, 3.2578)"
9.940000000000000568e+01,"(5.2824, 6.7485)","(0.2686, -1.0365)","(-1.9094, 14.6443)","(11.6876, -7.6498)","(-20.2478, 5.3479)","(3.5983, 9.5643)","(-4.0154, -4.3908)","(-9.6338, -13.2174)","(-3.152, -5.0861)","(11.3916, -9.51)","(-19.0707, -2.2928)","(2.1692, -2.768)","(3.3023, -5.1205)","(-4.8739, -5.3942)","(-5.8242, -11.5223)","(-18.5884, 1.3467)","(-0.4289, -0.4192)","(0.1512, 11.3314)","(17.4246, 0.7815)","(1.1227, 6.87)"
9.950000000000000000e+01,"(7.9565, 9.9547)","(0.6073, -1.9659)","(-0.441, 5.91)","(20.5657, -13.731)","(-9.4517, 3.8399)","(1.8798, 4.8758)","(-6.0347, -6.3677)","(-5.3913, -6.8714)","(-4.5853, -7.019)","(13.7317, -12.5777)","(-7.9213, 1.2634)","(1.285, -3.1875)","(5.4353, -7.7721)","(-10.0007, -11.0774)","(-13.9708, -23.3827)","(-10.2698, 1.4905)","(-0.8197, -0.8691)","(0.3295, 4.1096)","(18.5761, 0.0604)","(2.4179, 14.8367)"
9.960000000000000853e+01,"(11.0436, 12.9072)","(1.403, -4.4052)","(-0.1278, 1.9146)","(13.4163, -10.0347)","(-3.2317, 1.6859)","(1.349, 4.2033)","(-9.5313, -10.042)","(-2.8994, -3.7547)","(-7.0568, -10.7749)","(8.8416, -10.5964)","(-2.3731, 0.9422)","(1.8958, -5.39)","(8.9078, -12.6287)","(-15.8047, -16.8344)","(-16.4675, -8.5269)","(-4.8509, 0.8025)","(-1.8884, -2.0288)","(0.1003, 1.1478)","(10.9464, -0.9473)","(4.1001, 23.7367)"
9.970000000000000284e+01,"(11.3603, 10.5332)","(3.3554, -10.458)","(-0.1419, 1.0236)","(4.5321, -4.2089)","(-0.9705, 0.4686)","(1.837, 6.4645)","(-12.7115, -13.1157)","(-2.7598, -3.8816)","(-9.6878, -14.5909)","(4.2136, -6.2907)","(-0.6477, 0.557)","(3.6364, -10.2267)","(10.4986, -15.8992)","(-11.323, -10.0802)","(-4.7608, 5.716)","(-3.7076, 0.3345)","(-4.6924, -5.0629)","(-0.0107, 0.5189)","(5.4643, -0.6288)","(3.2902, 14.8292)"
9.980000000000001137e+01,"(8.1649, 5.6789)","(6.8131, -21.763)","(-0.3195, 1.7841)","(1.8645, -2.195)","(-0.8096, 0.219)","(3.2023, 11.6346)","(-10.6822, -10.313)","(-4.3636, -6.3696)","(-8.958, -12.8537)","(3.3258, -3.9904)","(-0.628, 0.914)","(6.2331, -18.1181)","(6.3311, -11.6626)","(-4.8061, -3.2359)","(1.9471, 5.7068)","(-5.6237, 0.237)","(-11.4938, -12.3758)","(-0.0779, 0.9594)","(4.2536, -0.1043)","(1.6297, 5.3502)"
9.990000000000000568e+01,"(5.3802, 4.0862)","(5.2971, -20.8149)","(-0.7289, 3.91)","(2.2458, -3.0051)","(-1.6536, 0.3499)","(5.246, 18.6036)","(-6.298, -5.6833)","(-7.7751, -11.4318)","(-5.6912, -7.6994)","(4.7558, -4.3273)","(-1.2599, 1.9194)","(5.1275, -19.2693)","(2.9186, -6.2651)","(-1.4874, -0.8005)","(4.5827, 6.756)","(-10.4622, 0.3135)","(-18.8089, -19.5742)","(-0.1987, 2.2002)","(6.2334, 0.2362)","(0.7538, 1.8757)"
1.000000000000000000e+02,"(4.9235, 5.1286)","(0.7154, -8.229)","(-1.7366, 9.2198)","(3.9889, -5.3922)","(-3.8213, 0.768)","(5.4967, 17.0999)","(-4.0606, -3.8179)","(-11.5127, -16.6535)","(-3.6526, -5.0329)","(8.1461, -6.7275)","(-2.9796, 4.4713)","(0.8464, -9.8648)","(2.2696, -4.0746)","(-0.6361, -0.2054)","(7.08, 10.0673)","(-18.4323, 0.6181)","(-10.1237, -8.6947)","(-0.5079, 5.4589)","(11.177, 0.6082)","(0.9814, 2.012)"
