time,A,B,C,D,E,F,G,H,I,J,K,L,M,N,O,P,Q,R,S,T
0.000000000000000000e+00,"(-11.9194, -10.0754)","(-11.9194, -10.0754)","(0.5911, 22.5232)","(0.5911, 22.5232)","(0.5911, 22.5232)","(0.5911, 22.5232)","(0.5911, 22.5232)","(0.5911, 22.5232)","(0.5911, 22.5232)","(0.5911, 22.5232)","(0.5911, 22.5232)","(0.5911, 22.5232)","(0.5911, 22.5232)","(0.5911, 22.5232)","(-11.9194, -10.0754)","(-11.9194, -10.0754)","(-11.9194, -10.0754)","(0.5911, 22.5232)","(0.5911, 22.5232)","(-20.7175, -13.1595)"
1.000000000000000056e-01,"(-5.9254, -2.2447)","(-13.5474, -4.2072)","(1.3241, 28.2735)","(-3.4786, 26.9166)","(4.3872, 29.1739)","(-2.7396, 26.7732)","(-7.882, 26.51)","(12.5542, 21.7985)","(-11.1673, 18.6526)","(0.2436, 26.499)","(3.8548, 33.2583)","(-1.4809, 11.8942)","(-0.5683, 2.2611)","(2.9105, 32.1327)","(-14.15, -0.0342)","(-11.4739, -6.9387)","(-9.4427, -6.6196)","(0.4609, 26.6774)","(17.1446, 29.1542)","(-8.7178, -3.2274)"
2.000000000000000111e-01,"(-5.2375, -0.5788)","(-10.9179, -1.461)","(2.4934, 10.8589)","(-0.8349, 16.4918)","(5.6971, 21.4792)","(2.1097, 10.3938)","(-0.9534, 14.3755)","(19.8819, 19.8512)","(-11.5967, 22.8917)","(1.7504, 10.0352)","(5.0402, 12.3965)","(-3.8894, 28.4143)","(-3.6152, 2.6806)","(3.2046, 17.6499)","(-11.2443, 3.1791)","(-7.7283, -3.8711)","(-5.2527, -3.2755)","(3.6803, 9.6651)","(14.2273, -2.3184)","(-5.3466, -0.5027)"
3.000000000000000444e-01,"(-7.1381, -0.3352)","(-7.6384, -0.6267)","(3.1333, 8.3989)","(0.7555, 6.3342)","(5.7788, 8.9963)","(2.8259, 4.7008)","(1.7905, 5.3931)","(10.8375, -3.4083)","(0.0625, 9.8175)","(2.1817, 6.6388)","(6.1448, 7.9861)","(-1.4388, 18.5882)","(-11.4853, 8.1241)","(3.6002, 9.7534)","(-7.8734, 3.0606)","(-4.9296, -2.4092)","(-2.9974, -1.8942)","(4.5985, 6.078)","(-0.5004, -10.1729)","(-5.7036, 0.1523)"
4.000000000000000222e-01,"(-11.1163, -0.5108)","(-6.8155, -0.9655)","(4.0472, 9.6211)","(1.2565, 4.6082)","(6.7382, 7.5663)","(4.3239, 5.029)","(2.8361, 3.7932)","(5.1527, -8.2595)","(2.7683, 5.1653)","(3.1845, 8.2738)","(7.2957, 7.7688)","(0.5341, 8.2305)","(-24.6057, 19.0718)","(4.3268, 9.4613)","(-7.1066, 2.1743)","(-4.6909, -2.5627)","(-3.056, -2.1126)","(6.4115, 7.033)","(-6.0472, -8.7227)","(-7.6184, 0.335)"
5.000000000000000000e-01,"(-16.6705, -0.666)","(-8.7208, -1.7777)","(4.9029, 11.4253)","(2.083, 6.5989)","(7.6912, 7.9369)","(6.8633, 7.6658)","(4.6744, 5.3953)","(3.6003, -10.1462)","(4.6158, 5.5577)","(4.5561, 11.6232)","(7.966, 8.1263)","(1.1496, 7.5087)","(-8.0021, 14.6716)","(4.8399, 10.0794)","(-8.939, 1.8249)","(-6.87, -4.0131)","(-5.0353, -3.6217)","(8.7133, 9.3185)","(-7.5587, -8.3844)","(-11.5922, 0.4651)"
6.000000000000000888e-01,"(-17.5677, -0.0503)","(-12.907, -2.8883)","(5.5255, 12.713)","(3.4954, 11.0153)","(8.3834, 8.5187)","(10.7001, 11.814)","(7.9827, 9.1839)","(3.5241, -11.3825)","(7.0337, 8.1003)","(5.96, 14.9442)","(8.5097, 8.6215)","(1.6773, 9.6474)","(2.4303, 8.6075)","(5.198, 10.7358)","(-12.7901, 2.1539)","(-11.5152, -6.8376)","(-9.5474, -6.9359)","(10.7419, 11.1993)","(-8.1949, -8.7362)","(-16.7135, 0.7517)"
7.000000000000000666e-01,"(-11.2804, 0.7704)","(-16.8983, -3.4158)","(5.4043, 12.1527)","(5.5131, 17.0729)","(8.8995, 8.9876)","(12.6981, 13.0544)","(12.4487, 13.8918)","(3.6144, -12.3157)","(10.4239, 11.8005)","(5.8661, 13.9772)","(8.8845, 8.9515)","(2.2955, 13.0259)","(5.4998, 7.2677)","(5.4771, 11.2749)","(-16.2453, 3.2228)","(-16.5309, -9.5679)","(-16.2293, -11.671)","(10.267, 10.0421)","(-8.671, -9.0491)","(-16.8478, 1.2277)"
8.000000000000000444e-01,"(-6.4612, 0.5442)","(-14.9217, -1.8723)","(4.6837, 10.3418)","(5.9527, 16.8737)","(8.948, 8.9462)","(9.3156, 8.1355)","(12.527, 12.0982)","(3.3295, -12.4242)","(12.0805, 12.4089)","(4.297, 9.6613)","(8.8333, 8.813)","(2.8275, 15.5482)","(7.3114, 8.2104)","(5.5219, 11.2979)","(-14.2304, 4.45)","(-14.0946, -7.3196)","(-15.5502, -10.4998)","(7.7901, 7.1608)","(-8.8686, -8.8571)","(-10.8603, 1.3058)"
9.000000000000000222e-01,"(-5.5999, 0.0749)","(-9.4495, -0.4248)","(4.1279, 9.1837)","(3.8922, 9.4833)","(8.5146, 8.4329)","(5.3465, 4.3203)","(7.5368, 5.6723)","(2.8348, -11.6489)","(9.2814, 7.8379)","(3.0825, 7.0277)","(8.4253, 8.3427)","(2.6951, 13.7672)","(8.953, 9.7592)","(5.3068, 10.7926)","(-9.1285, 4.0494)","(-7.6506, -3.4153)","(-7.6557, -4.5087)","(6.0692, 5.7246)","(-8.6595, -8.2951)","(-6.6087, 0.82)"
1.000000000000000000e+00,"(-7.9409, -0.2806)","(-6.5603, -0.5444)","(4.1915, 9.5493)","(2.0427, 4.8764)","(8.0468, 7.9701)","(3.8868, 3.6544)","(3.828, 2.8703)","(2.6268, -10.8106)","(5.7943, 4.5653)","(3.0216, 7.3527)","(8.0705, 8.0088)","(2.0467, 9.8713)","(9.9275, 10.2509)","(5.0524, 10.2718)","(-6.7764, 2.6223)","(-4.2162, -1.9811)","(-2.9626, -1.6582)","(6.2268, 6.3288)","(-8.2692, -7.9237)","(-6.1483, 0.4656)"
1.100000000000000089e+00,"(-13.0851, -0.6263)","(-7.1217, -1.2691)","(4.811, 11.1305)","(1.5164, 4.2311)","(7.982, 7.9808)","(4.9011, 5.2605)","(3.0499, 2.994)","(2.8539, -10.6856)","(4.5333, 4.2949)","(4.0016, 10.1201)","(8.0966, 8.1117)","(1.5839, 7.9343)","(9.3029, 8.7882)","(4.9994, 10.2215)","(-7.6263, 1.8277)","(-4.2753, -2.371)","(-1.5773, -1.0178)","(8.0237, 8.4984)","(-8.0781, -8.0717)","(-8.7826, 0.3987)"
1.200000000000000178e+00,"(-18.6599, -0.6406)","(-10.4551, -2.3337)","(5.5049, 12.6959)","(2.1039, 6.4944)","(8.3754, 8.4505)","(7.9483, 8.8774)","(4.4903, 5.0504)","(3.3015, -11.3657)","(5.6112, 6.182)","(5.5852, 14.1537)","(8.4819, 8.5611)","(1.6237, 8.8059)","(7.8066, 7.0695)","(5.1947, 10.6835)","(-10.9404, 1.8548)","(-6.911, -4.0877)","(-2.3547, -1.6816)","(10.4359, 11.0105)","(-8.258, -8.5965)","(-13.9925, 0.5414)"
1.300000000000000044e+00,"(-16.0549, 0.3779)","(-15.5726, -3.4765)","(5.5449, 12.5249)","(3.671, 11.6311)","(8.8865, 8.973)","(12.2062, 13.3844)","(8.0622, 9.3591)","(3.5987, -12.2842)","(8.5747, 9.8654)","(6.2902, 15.3539)","(8.8837, 8.9562)","(2.1029, 11.8744)","(6.9542, 6.6918)","(5.4677, 11.2543)","(-15.4752, 2.647)","(-12.2937, -7.3511)","(-4.7791, -3.4876)","(10.9228, 10.9306)","(-8.6538, -9.0399)","(-18.4412, 0.9551)"
1.400000000000000133e+00,"(-8.7601, 0.8843)","(-17.3004, -2.9701)","(4.8391, 10.6873)","(5.9342, 18.4117)","(9.0181, 9.0301)","(12.4581, 12.2109)","(13.1462, 14.7898)","(3.4142, -12.5491)","(12.027, 13.2846)","(4.9577, 11.2827)","(8.9023, 8.8945)","(2.7438, 15.3391)","(7.3649, 7.7168)","(5.5555, 11.3775)","(-16.2288, 4.1171)","(-17.6282, -10.1863)","(-10.3508, -7.5835)","(8.5709, 7.9267)","(-8.8977, -8.9499)","(-14.685, 1.4108)"
1.500000000000000000e+00,"(-5.0302, 0.3964)","(-12.0201, -0.8012)","(4.1544, 9.1944)","(6.0206, 16.7145)","(8.6143, 8.5356)","(7.718, 6.2168)","(12.8785, 12.2266)","(2.8959, -11.8323)","(11.4358, 10.7071)","(3.3206, 7.389)","(8.504, 8.4212)","(2.8719, 15.0544)","(8.7291, 9.4658)","(5.3592, 10.9031)","(-10.9827, 4.5766)","(-13.5578, -6.8206)","(-18.6318, -13.4398)","(6.25, 5.7456)","(-8.7337, -8.3837)","(-8.1898, 1.1512)"
1.600000000000000089e+00,"(-5.2372, -0.0397)","(-7.1135, -0.217)","(4.0785, 9.2483)","(3.5663, 8.278)","(8.0828, 7.9935)","(4.1114, 3.2837)","(7.124, 4.9447)","(2.5998, -10.8775)","(7.3395, 5.5906)","(2.7612, 6.5416)","(8.0858, 8.0108)","(2.2639, 10.9477)","(9.9515, 10.438)","(5.0747, 10.3079)","(-6.9293, 3.1842)","(-6.5784, -2.7541)","(-15.2075, -9.984)","(5.7822, 5.7468)","(-8.3205, -7.9197)","(-5.3466, 0.5982)"
1.700000000000000178e+00,"(-8.389, -0.3809)","(-5.905, -0.7618)","(4.6396, 10.7275)","(1.6434, 3.7562)","(7.925, 7.908)","(3.3719, 3.3175)","(3.0983, 2.0687)","(2.771, -10.5853)","(4.5106, 3.6965)","(3.3873, 8.4993)","(8.0364, 8.0376)","(1.6385, 7.9682)","(9.6429, 9.2546)","(4.9724, 10.1536)","(-6.5133, 1.9511)","(-3.1838, -1.437)","(-6.2453, -3.3101)","(7.1886, 7.5772)","(-8.0608, -7.9834)","(-6.2066, 0.3653)"
1.800000000000000044e+00,"(-14.5494, -0.7523)","(-7.8927, -1.6598)","(5.4249, 12.5549)","(1.1257, 3.1286)","(8.2743, 8.3431)","(4.8968, 5.3903)","(2.0715, 1.9628)","(3.2283, -11.1817)","(4.3339, 4.4695)","(4.913, 12.5378)","(8.3984, 8.4747)","(1.5011, 7.9504)","(8.0919, 7.2726)","(5.1421, 10.5704)","(-8.9124, 1.6396)","(-3.2093, -1.7852)","(-2.1654, -0.8981)","(9.7703, 10.4133)","(-8.1876, -8.4994)","(-9.9707, 0.3812)"
1.900000000000000133e+00,"(-19.9545, -0.598)","(-12.5524, -2.9345)","(5.6617, 12.8592)","(1.6423, 5.1152)","(8.8329, 8.9294)","(8.539, 9.6477)","(3.091, 3.4966)","(3.6036, -12.1781)","(6.3075, 7.2244)","(6.3801, 15.9495)","(8.8549, 8.9396)","(1.8688, 10.5115)","(6.9395, 6.5226)","(5.4372, 11.1992)","(-13.52, 2.0918)","(-5.5338, -3.2991)","(-1.7988, -0.5232)","(11.3431, 11.6375)","(-8.5926, -9.0241)","(-16.2163, 0.6114)"
2.000000000000000000e+00,"(-14.6908, 0.7002)","(-17.7369, -3.7887)","(5.0201, 11.1076)","(3.0909, 9.9055)","(9.0705, 9.1012)","(13.2242, 14.4858)","(5.9829, 7.0551)","(3.5071, -12.6395)","(10.0988, 11.6971)","(5.7775, 13.5126)","(8.9612, 8.9699)","(2.5559, 14.4871)","(7.0813, 7.3187)","(5.5793, 11.4409)","(-17.2595, 3.4129)","(-10.753, -6.4999)","(-3.1682, -0.8459)","(9.5646, 9.0141)","(-8.9064, -9.0405)","(-18.9851, 1.1603)"
2.100000000000000089e+00,"(-7.086, 0.9323)","(-15.9146, -2.0198)","(4.2169, 9.2873)","(5.6734, 17.9844)","(8.7206, 8.6493)","(12.2563, 11.581)","(11.5961, 13.5755)","(2.977, -12.0285)","(12.9317, 13.7363)","(3.853, 8.4692)","(8.5913, 8.5117)","(2.9822, 16.1065)","(8.3688, 9.0997)","(5.4144, 11.0224)","(-13.8756, 4.7903)","(-18.0338, -10.661)","(-6.5937, -1.7698)","(6.7138, 6.0448)","(-8.8061, -8.4886)","(-12.3065, 1.4899)"
2.200000000000000178e+00,"(-3.8611, 0.3233)","(-9.237, -0.1312)","(3.9829, 8.9796)","(6.7598, 19.4699)","(8.1366, 8.0363)","(6.7585, 5.0528)","(15.2325, 15.9588)","(2.5875, -10.9778)","(10.1098, 8.4763)","(2.6833, 6.1159)","(8.116, 8.0285)","(2.5378, 12.4895)","(9.8532, 10.5136)","(5.106, 10.3641)","(-7.9907, 4.0062)","(-15.9283, -8.2938)","(-14.2253, -3.8223)","(5.489, 5.2845)","(-8.3833, -7.9342)","(-6.25, 0.9678)"
2.300000000000000266e+00,"(-4.3908, -0.0734)","(-5.5544, -0.2459)","(4.4552, 10.2841)","(4.132, 9.4833)","(7.8794, 7.8451)","(3.206, 2.4472)","(9.4105, 6.811)","(2.6887, -10.5063)","(5.7014, 4.0489)","(2.8232, 6.9549)","(7.9836, 7.9693)","(1.7782, 8.4291)","(9.9584, 9.759)","(4.9518, 10.0978)","(-5.8145, 2.3277)","(-7.3946, -2.9324)","(-23.223, -5.9643)","(6.3438, 6.6085)","(-8.0549, -7.9005)","(-4.4406, 0.4424)"
2.400000000000000355e+00,"(-7.6289, -0.3941)","(-5.6881, -0.967)","(5.2993, 12.2997)","(1.7198, 3.4566)","(8.1683, 8.2281)","(2.6131, 2.5941)","(3.8133, 1.8619)","(3.1429, -10.99)","(3.6528, 3.1872)","(4.0454, 10.3306)","(8.3078, 8.3786)","(1.4246, 7.2872)","(8.4517, 7.5876)","(5.0875, 10.4511)","(-6.973, 1.5574)","(-2.6537, -0.9448)","(-15.281, -3.0195)","(8.7923, 9.423)","(-8.1187, -8.3907)","(-6.0415, 0.2934)"
2.500000000000000000e+00,"(-14.2627, -0.8174)","(-8.7533, -2.0126)","(5.7465, 13.1291)","(0.5904, 1.3503)","(8.7601, 8.8643)","(4.0796, 4.5497)","(1.0751, 0.4813)","(3.5896, -12.0361)","(4.2261, 4.6118)","(5.9154, 15.0691)","(8.8094, 8.9045)","(1.6333, 9.0764)","(7.0019, 6.4191)","(5.3971, 11.1226)","(-10.735, 1.6419)","(-1.2216, -0.5839)","(-5.7446, -0.5766)","(11.3146, 11.8826)","(-8.5203, -8.9872)","(-10.5388, 0.3529)"
2.600000000000000089e+00,"(-21.1353, -0.7731)","(-14.544, -3.4754)","(5.2239, 11.5992)","(0.5537, 1.6567)","(9.1072, 9.1578)","(7.6902, 8.805)","(0.3491, 0.2766)","(3.595, -12.6985)","(6.8548, 8.0425)","(6.5445, 15.8923)","(9.0101, 9.0371)","(2.2766, 13.0099)","(6.8252, 6.9227)","(5.5948, 11.4879)","(-16.1509, 2.5293)","(-1.8069, -1.0596)","(-2.0344, 0.0084)","(10.6884, 10.3889)","(-8.9008, -9.1218)","(-17.6846, 0.639)"
2.700000000000000178e+00,"(-15.485, 0.7772)","(-18.9856, -3.7804)","(4.3214, 9.4788)","(1.0457, 3.3631)","(8.8325, 8.7724)","(13.3093, 14.8982)","(0.5137, 0.5882)","(3.0756, -12.2349)","(11.3068, 13.1409)","(4.7626, 10.6059)","(8.6862, 8.6133)","(2.9615, 16.4705)","(7.9632, 8.6492)","(5.4715, 11.1487)","(-17.1551, 4.3039)","(-3.7635, -2.2927)","(-2.1348, 0.2077)","(7.5484, 6.748)","(-8.8762, -8.6073)","(-19.3378, 1.2995)"
2.800000000000000266e+00,"(-6.7164, 1.1299)","(-13.9451, -1.0778)","(3.9125, 8.761)","(2.3133, 7.5677)","(8.2096, 8.1002)","(13.5917, 13.1934)","(1.1422, 1.3795)","(2.5923, -11.1144)","(13.3186, 13.6021)","(2.9341, 6.4077)","(8.1625, 8.0637)","(2.8406, 14.4542)","(9.6393, 10.4451)","(5.147, 10.4416)","(-10.6361, 4.8821)","(-8.5457, -5.2528)","(-3.9137, 0.4283)","(5.4479, 5.0347)","(-8.4576, -7.969)","(-10.9217, 1.5515)"
2.900000000000000355e+00,"(-2.7444, 0.4116)","(-7.1478, 0.1971)","(4.2647, 9.8159)","(5.1239, 16.6875)","(7.8482, 7.7955)","(7.2956, 5.1909)","(2.814, 3.4501)","(2.6095, -10.4543)","(8.9894, 6.783)","(2.4042, 5.7064)","(7.9407, 7.9094)","(2.0278, 9.5034)","(10.2214, 10.2641)","(4.9392, 10.0574)","(-5.956, 3.1441)","(-17.8467, -10.8376)","(-8.2692, 0.8894)","(5.5708, 5.6744)","(-8.0624, -7.8261)","(-4.9534, 0.8702)"
3.000000000000000000e+00,"(-2.4261, 0.0086)","(-4.4375, -0.2752)","(5.1283, 11.9279)","(7.8123, 23.6234)","(8.0605, 8.1084)","(2.8642, 1.7895)","(7.2087, 8.8694)","(3.0467, -10.7963)","(4.5286, 2.9997)","(3.1325, 7.9275)","(8.2126, 8.2749)","(1.4269, 6.9727)","(8.8843, 8.0308)","(5.0325, 10.3287)","(-5.4004, 1.7101)","(-19.8713, -10.8556)","(-17.2766, 1.8785)","(7.5966, 8.1358)","(-8.0535, -8.2727)","(-3.3456, 0.341)"
3.100000000000000089e+00,"(-4.3128, -0.2261)","(-5.3298, -1.0438)","(5.7842, 13.2956)","(5.0504, 11.4463)","(8.6684, 8.7774)","(1.3332, 1.1418)","(15.9389, 18.9469)","(3.5552, -11.8593)","(2.904, 2.6085)","(4.8749, 12.5493)","(8.7467, 8.8501)","(1.4222, 7.7102)","(7.1599, 6.405)","(5.3476, 11.0248)","(-7.749, 1.35)","(-8.8397, -3.2149)","(-23.5627, 2.9839)","(10.6515, 11.3974)","(-8.4381, -8.9284)","(-4.8728, 0.2171)"
3.200000000000000178e+00,"(-8.947, -0.58)","(-9.0211, -2.1875)","(5.442, 12.1466)","(2.3618, 3.8505)","(9.1247, 9.1955)","(1.787, 1.9593)","(15.5763, 14.135)","(3.6729, -12.7184)","(3.7437, 4.2098)","(6.7103, 16.9009)","(9.0456, 9.0922)","(1.9363, 11.0695)","(6.6157, 6.5468)","(5.6002, 11.5144)","(-12.7411, 1.7435)","(-3.4025, -0.596)","(-12.1755, 2.4323)","(11.6817, 11.7958)","(-8.8792, -9.1892)","(-9.1416, 0.2704)"
3.300000000000000266e+00,"(-18.0314, -1.1149)","(-15.7208, -3.8464)","(4.4733, 9.7855)","(1.7566, 2.086)","(8.9462, 8.9013)","(3.5544, 4.1112)","(7.4634, 2.6265)","(3.1904, -12.4439)","(6.5848, 7.8705)","(6.0375, 14.0569)","(8.7862, 8.7237)","(2.7535, 15.686)","(7.5288, 8.1302)","(5.5287, 11.2781)","(-18.182, 3.0932)","(-2.9441, -0.0138)","(-4.2173, 1.2444)","(8.8265, 8.0174)","(-8.9409, -8.7375)","(-17.0342, 0.5159)"
3.400000000000000355e+00,"(-22.9014, -0.4467)","(-19.8865, -3.8214)","(3.8763, 8.6132)","(2.8003, 3.0069)","(8.3019, 8.1862)","(7.7518, 9.0654)","(4.9092, -0.2145)","(2.6174, -11.2884)","(11.6104, 13.7107)","(3.7267, 7.9781)","(8.226, 8.1179)","(3.0922, 16.4555)","(9.3033, 10.2098)","(5.1976, 10.5411)","(-15.4657, 5.0411)","(-4.8579, 0.1382)","(-1.5623, 0.6558)","(5.8106, 5.1456)","(-8.5425, -8.0262)","(-21.4286, 1.217)"
3.500000000000000000e+00,"(-11.4904, 1.5233)","(-12.8715, -0.5043)","(4.0763, 9.3416)","(5.2587, 5.6347)","(7.8344, 7.7626)","(14.8182, 16.8306)","(6.3492, -1.1955)","(2.5363, -10.435)","(14.048, 14.4069)","(2.3041, 5.1274)","(7.9106, 7.861)","(2.4006, 11.416)","(10.3887, 10.7119)","(4.9359, 10.0358)","(-7.897, 4.5064)","(-9.392, 0.2511)","(-1.9268, 0.9831)","(4.9762, 4.8746)","(-8.0848, -7.7635)","(-12.1716, 1.7435)"
3.600000000000000089e+00,"(-3.8926, 1.1933)","(-5.8565, 0.4565)","(4.9156, 11.4454)","(10.2884, 11.0275)","(7.9542, 7.9872)","(14.2676, 13.4001)","(10.0714, -2.0075)","(2.9414, -10.607)","(8.9892, 6.3549)","(2.3385, 5.7511)","(8.1153, 8.1661)","(1.559, 7.2612)","(9.3761, 8.6118)","(4.9789, 10.2069)","(-4.6562, 2.3763)","(-17.7618, 0.524)","(-3.6966, 1.9154)","(6.3252, 6.7075)","(-7.9946, -8.148)","(-4.7587, 1.0534)"
3.700000000000000178e+00,"(-1.1223, 0.5949)","(-3.2991, -0.1425)","(5.7602, 13.3181)","(15.4031, 16.0424)","(8.5591, 8.6696)","(6.7185, 3.873)","(15.898, -3.2607)","(3.4998, -11.6505)","(4.0089, 2.2514)","(3.5306, 9.0812)","(8.6671, 8.776)","(1.2703, 6.586)","(7.4327, 6.5103)","(5.2896, 10.9067)","(-5.1629, 1.3015)","(-21.6489, 1.2882)","(-8.0247, 4.1381)","(9.3303, 10.0996)","(-8.3477, -8.8472)","(-1.8572, 0.3282)"
3.800000000000000266e+00,"(-0.985, 0.8155)","(-4.1288, -0.8375)","(5.6604, 12.7203)","(10.8447, 10.0236)","(9.1195, 9.2101)","(2.5339, 0.7384)","(17.9759, -4.5155)","(3.7356, -12.6926)","(1.9642, 1.5752)","(5.7011, 14.714)","(9.0645, 9.1312)","(1.5811, 8.9382)","(6.4757, 6.2131)","(5.5939, 11.5166)","(-8.3322, 1.2063)","(-11.4756, 1.7859)","(-16.6861, 8.6486)","(12.0329, 12.6153)","(-8.8405, -9.2381)","(-1.9722, 0.1202)"
3.900000000000000355e+00,"(-1.8637, 1.6306)","(-7.4873, -1.8802)","(4.6766, 10.2229)","(4.6483, 3.6587)","(9.0574, 9.0316)","(2.108, 0.0304)","(11.4647, -4.1666)","(3.3185, -12.6462)","(2.3396, 2.6092)","(7.106, 17.5777)","(8.8884, 8.8401)","(2.3556, 13.6202)","(7.0868, 7.5639)","(5.5838, 11.4061)","(-14.3602, 1.8168)","(-4.2327, 1.0255)","(-20.5702, 11.2426)","(10.5229, 9.9741)","(-8.9968, -8.8756)","(-3.8178, 0.1104)"
4.000000000000000000e+00,"(-4.1939, 3.64)","(-14.3942, -3.7039)","(3.8847, 8.5609)","(1.5102, 1.1587)","(8.4134, 8.2948)","(3.6211, -0.1475)","(6.0059, -2.5187)","(2.666, -11.4993)","(4.3272, 5.2442)","(5.2776, 11.7309)","(8.3068, 8.1918)","(3.1358, 17.474)","(8.8492, 9.7987)","(5.2574, 10.6621)","(-19.4634, 3.5863)","(-1.3569, 0.2961)","(-9.2331, 6.0665)","(6.7824, 5.8587)","(-8.6364, -8.1074)","(-8.3409, 0.1825)"
4.100000000000000533e+00,"(-9.8291, 8.5067)","(-21.3541, -4.6384)","(3.8999, 8.883)","(0.7237, 0.682)","(7.841, 7.7498)","(7.4012, -0.2791)","(4.6994, -1.461)","(2.4723, -10.4544)","(8.8049, 10.8087)","(2.8964, 6.0416)","(7.8956, 7.8271)","(2.8699, 14.3093)","(10.4115, 11.0271)","(4.9433, 10.0361)","(-13.6892, 5.5165)","(-1.1102, 0.082)","(-2.9968, 2.408)","(4.7323, 4.3593)","(-8.1235, -7.7163)","(-17.7923, 0.4224)"
4.200000000000000178e+00,"(-18.2814, 16.3745)","(-14.9242, -0.8444)","(4.6678, 10.8667)","(1.1912, 1.2612)","(7.8531, 7.8683)","(15.5173, -0.5886)","(6.5708, -1.4615)","(2.8292, -10.4288)","(14.8461, 17.0931)","(1.8757, 4.2782)","(8.0188, 8.0553)","(1.8857, 8.5481)","(9.8972, 9.3237)","(4.9285, 10.0895)","(-6.0271, 4.1051)","(-2.1781, 0.0633)","(-1.379, 1.4125)","(5.1437, 5.3157)","(-7.9446, -8.0197)","(-24.1061, 1.2726)"
4.299999999999999822e+00,"(-12.1598, 13.574)","(-6.1067, 0.923)","(5.6619, 13.1604)","(2.5878, 2.7974)","(8.4339, 8.5423)","(23.609, -1.6356)","(11.2443, -2.2167)","(3.4233, -11.4139)","(12.5727, 10.5494)","(2.2726, 5.7204)","(8.5714, 8.6827)","(1.238, 5.98)","(7.8381, 6.773)","(5.224, 10.7703)","(-3.6001, 1.8485)","(-4.9213, 0.1003)","(-1.965, 2.22)","(7.5534, 8.1917)","(-8.2513, -8.7442)","(-11.8888, 2.0631)"
4.400000000000000355e+00,"(-3.1319, 6.0133)","(-2.1592, 0.3198)","(5.8582, 13.2716)","(6.1041, 6.6353)","(9.0887, 9.1977)","(14.1666, -3.0474)","(17.7836, -3.6695)","(3.7779, -12.6153)","(5.8971, 2.716)","(3.7869, 9.8426)","(9.0639, 9.1504)","(1.2645, 6.9256)","(6.434, 5.9493)","(5.5747, 11.4913)","(-4.4962, 0.9905)","(-11.6774, 0.215)","(-3.8306, 4.3424)","(11.1706, 12.057)","(-8.784, -9.2643)","(-4.0426, 1.3653)"
4.500000000000000000e+00,"(-0.674, 3.206)","(-1.5407, -0.1941)","(4.9323, 10.8026)","(13.585, 14.6749)","(9.161, 9.158)","(4.8825, -2.193)","(17.5422, -4.8077)","(3.4557, -12.8306)","(1.8834, 0.5003)","(6.305, 16.3092)","(8.9889, 8.9588)","(1.8408, 10.6645)","(6.6626, 6.976)","(5.6342, 11.5271)","(-7.8758, 0.9963)","(-23.5614, 0.6513)","(-8.1235, 9.1845)","(12.2165, 12.2941)","(-9.0405, -9.017)","(-1.8662, 1.052)"
4.600000000000000533e+00,"(-0.2875, 4.2162)","(-2.7164, -0.6681)","(3.9499, 8.6337)","(17.1485, 17.4102)","(8.5428, 8.4256)","(1.3564, -1.002)","(9.3982, -3.8959)","(2.7412, -11.7452)","(0.5221, 0.0036)","(7.2913, 17.764)","(8.4046, 8.286)","(2.8069, 16.2068)","(8.2935, 9.2204)","(5.3257, 10.8037)","(-14.5283, 1.637)","(-20.2501, 1.9133)","(-14.5565, 16.6712)","(8.5883, 7.5662)","(-8.7372, -8.2134)","(-2.5958, 1.752)"
4.700000000000000178e+00,"(-0.4179, 7.3517)","(-5.828, -1.5794)","(3.7469, 8.4662)","(8.1194, 6.4353)","(7.8707, 7.7605)","(0.919, -1.1376)","(4.5864, -2.029)","(2.4216, -10.5184)","(0.4997, -0.1638)","(4.7393, 10.1185)","(7.8986, 7.8107)","(3.2749, 17.5327)","(10.2436, 11.1261)","(4.9628, 10.0616)","(-20.6835, 3.5851)","(-7.4036, 2.0937)","(-11.8709, 14.7089)","(5.1533, 4.4097)","(-8.1794, -7.6882)","(-4.9706, 3.3798)"
4.800000000000000711e+00,"(-0.8033, 13.7912)","(-13.0768, -3.5934)","(4.3952, 10.2141)","(3.5656, 2.0228)","(7.761, 7.7559)","(1.603, -2.172)","(3.9118, -1.1472)","(2.7126, -10.2695)","(1.035, -0.3864)","(2.3273, 4.7122)","(7.9264, 7.9457)","(2.4544, 11.4072)","(10.3944, 10.1267)","(4.8834, 9.981)","(-13.7911, 5.9232)","(-3.1437, 1.621)","(-4.2718, 6.3468)","(4.2535, 4.1519)","(-7.9063, -7.8912)","(-10.3604, 7.0153)"
4.900000000000000355e+00,"(-0.827, 21.0357)","(-23.4545, -5.6916)","(5.4817, 12.798)","(3.5492, 1.4612)","(8.2955, 8.398)","(3.5012, -4.7054)","(6.0982, -1.2797)","(3.3265, -11.1552)","(2.4952, -0.9162)","(1.4632, 3.3557)","(8.4612, 8.5714)","(1.442, 6.4364)","(8.3884, 7.2389)","(5.1521, 10.6183)","(-5.1234, 4.2548)","(-3.5633, 2.3887)","(-1.1983, 2.1133)","(5.6727, 6.0734)","(-8.1513, -8.6206)","(-18.1199, 12.5468)"
5.000000000000000000e+00,"(0.6958, 16.1125)","(-17.2448, -1.0617)","(6.0067, 13.7296)","(5.7445, 2.2172)","(9.03, 9.1553)","(7.9812, -10.6895)","(11.2071, -2.1244)","(3.7952, -12.4829)","(6.4274, -2.3241)","(1.9363, 4.929)","(9.0409, 9.1463)","(1.056, 5.3785)","(6.5264, 5.7924)","(5.5416, 11.4358)","(-2.3849, 1.6522)","(-6.001, 4.1244)","(-0.4806, 1.1374)","(9.0128, 9.8803)","(-8.7095, -9.2639)","(-14.5083, 11.4001)"
5.100000000000000533e+00,"(1.1694, 7.0565)","(-6.161, 1.8924)","(5.2364, 11.526)","(10.5136, 4.0705)","(9.2512, 9.2742)","(14.1001, -19.7227)","(18.7263, -3.7551)","(3.596, -12.9844)","(16.1151, -5.8981)","(3.4842, 9.1318)","(9.0834, 9.0751)","(1.3254, 7.537)","(6.2871, 6.3962)","(5.6772, 11.6351)","(-2.7474, 0.6914)","(-11.0838, 7.5993)","(-0.6968, 1.8739)","(12.6152, 13.43)","(-9.0685, -9.1562)","(-5.2858, 5.3711)"
5.200000000000000178e+00,"(0.4519, 2.8123)","(-1.9941, 1.679)","(4.0853, 8.8665)","(17.7688, 6.7784)","(8.6881, 8.5773)","(8.3842, -15.5168)","(18.2215, -5.0587)","(2.845, -12.0218)","(25.4833, -10.9955)","(6.2954, 16.4388)","(8.5184, 8.4004)","(2.126, 12.4857)","(7.6642, 8.501)","(5.401, 10.9638)","(-5.0497, 0.6068)","(-16.8465, 11.8612)","(-1.4519, 3.9151)","(11.2766, 10.7094)","(-8.842, -8.3443)","(-1.479, 1.8357)"
5.300000000000000711e+00,"(0.0271, 2.2857)","(-1.7263, 2.5443)","(3.6317, 8.1229)","(18.045, 6.2562)","(7.926, 7.7979)","(1.4946, -6.4013)","(8.7633, -3.9814)","(2.3887, -10.6324)","(9.7326, -8.8322)","(7.8089, 19.2127)","(7.9219, 7.8149)","(3.1887, 18.246)","(9.8528, 10.9354)","(4.9954, 10.1149)","(-10.367, 0.9536)","(-12.944, 10.2286)","(-3.3382, 8.9529)","(6.7369, 5.5749)","(-8.2532, -7.683)","(-0.4184, 0.7309)"
5.400000000000000355e+00,"(-0.2032, 3.9904)","(-2.9571, 4.6428)","(4.1108, 9.5175)","(9.411, 2.5686)","(7.6823, 7.6545)","(-0.1896, -2.8055)","(3.5948, -1.8544)","(2.5945, -10.1373)","(1.8373, -5.434)","(4.958, 10.4152)","(7.8414, 7.841)","(3.1966, 16.2787)","(10.7841, 10.9274)","(4.8458, 9.8858)","(-19.6035, 2.1586)","(-5.5412, 5.1901)","(-7.0442, 19.068)","(4.0289, 3.5272)","(-7.8823, -7.7664)","(-0.4725, 1.0751)"
5.500000000000000000e+00,"(-0.5359, 8.2732)","(-5.9901, 9.2943)","(5.2193, 12.2239)","(3.9454, 0.9758)","(8.1474, 8.2398)","(-0.8546, -3.3271)","(2.522, -0.8212)","(3.2108, -10.8815)","(-0.0903, -5.5502)","(2.1866, 4.1461)","(8.3388, 8.4439)","(2.0456, 8.949)","(9.0808, 7.9565)","(5.0759, 10.454)","(-20.4417, 5.4169)","(-2.348, 2.1795)","(-7.5037, 22.1439)","(4.0613, 4.156)","(-8.0507, -8.4784)","(-0.9728, 2.2571)"
5.600000000000000533e+00,"(-1.0803, 17.0262)","(-10.6878, 17.1202)","(6.0712, 14.0039)","(2.4463, 0.7867)","(8.9423, 9.0807)","(-1.6229, -5.881)","(4.0058, -0.8382)","(3.7836, -12.2938)","(-0.6486, -8.1329)","(0.9399, 1.9931)","(8.9937, 9.1159)","(1.1101, 4.968)","(6.7968, 5.7946)","(5.4941, 11.3485)","(-7.6105, 6.1594)","(-2.1464, 1.6282)","(-2.259, 9.6524)","(6.2286, 6.8124)","(-8.6177, -9.2338)","(-2.3037, 5.2986)"
5.700000000000000178e+00,"(-0.6481, 23.4265)","(-8.9609, 18.0944)","(5.5753, 12.373)","(3.6679, 1.3801)","(9.3217, 9.3731)","(-3.157, -11.5886)","(7.9319, -1.447)","(3.7317, -13.0936)","(-1.0626, -13.0873)","(1.0386, 2.6098)","(9.1671, 9.1837)","(0.9285, 4.9333)","(5.9996, 5.8601)","(5.7098, 11.7236)","(-1.7064, 2.8602)","(-3.81, 2.6418)","(-0.4176, 3.6544)","(10.3477, 11.404)","(-9.0773, -9.2868)","(-5.5529, 12.7611)"
5.800000000000000711e+00,"(1.4512, 12.6076)","(-1.9437, 8.9856)","(4.305, 9.2997)","(7.2025, 2.8059)","(8.8458, 8.7472)","(-5.7221, -19.9239)","(15.8495, -2.8791)","(2.9788, -12.3215)","(-1.9146, -18.208)","(1.9386, 5.1048)","(8.6465, 8.5337)","(1.3461, 7.8363)","(7.0004, 7.6817)","(5.4817, 11.139)","(-0.2021, 0.8386)","(-7.7791, 5.284)","(-0.0111, 3.1005)","(13.4427, 14.0486)","(-8.9471, -8.4992)","(-9.9216, 23.7695)"
5.900000000000000355e+00,"(1.3006, 4.3566)","(-0.128, 3.1283)","(3.5723, 7.8932)","(14.5421, 5.678)","(8.0093, 7.8652)","(-6.5998, -17.5822)","(22.2487, -4.9797)","(2.3788, -10.8017)","(-3.0348, -15.5229)","(4.0767, 10.8419)","(7.9677, 7.8426)","(2.3161, 13.7391)","(9.2332, 10.4139)","(5.042, 10.1986)","(0.1689, 0.4118)","(-15.1577, 10.3546)","(0.0944, 5.0507)","(10.0665, 8.9829)","(-8.3451, -7.7046)","(-5.0012, 16.1761)"
6.000000000000000000e+00,"(0.6749, 1.2815)","(-0.0307, 0.81)","(3.8306, 8.813)","(21.491, 8.0019)","(7.6214, 7.5686)","(-4.2154, -7.2455)","(12.6461, -5.0862)","(2.4781, -10.0409)","(-2.6934, -8.5635)","(7.6842, 20.0981)","(7.7678, 7.745)","(3.4517, 19.6347)","(10.9529, 11.5656)","(4.8177, 9.8088)","(0.456, 0.6805)","(-17.9091, 13.1083)","(0.1707, 9.634)","(5.3325, 4.1934)","(-7.8754, -7.6494)","(-0.6263, 6.2878)"
6.100000000000000533e+00,"(0.9162, 1.1076)","(-0.1438, 0.3463)","(4.8833, 11.4538)","(13.6603, 4.0665)","(7.9935, 8.0716)","(-1.6583, -2.3819)","(4.2985, -2.8329)","(3.0782, -10.6011)","(-1.4354, -5.2352)","(7.773, 18.2796)","(8.2068, 8.303)","(3.1137, 15.2143)","(9.8821, 8.9578)","(4.9973, 10.2816)","(1.0523, 1.5674)","(-8.2633, 7.5225)","(0.3527, 17.8868)","(3.1983, 2.8611)","(-7.9525, -8.3203)","(0.3869, 3.8489)"
6.200000000000000178e+00,"(1.8051, 2.0597)","(-0.395, 0.6257)","(6.0158, 13.996)","(5.31, 1.0736)","(8.8253, 8.9729)","(-0.4964, -0.9575)","(1.1332, -0.9158)","(3.7404, -12.049)","(-0.8161, -5.6955)","(3.9115, 7.2852)","(8.9209, 9.0572)","(1.7801, 7.3807)","(7.2947, 6.0307)","(5.4323, 11.229)","(2.6069, 3.971)","(-2.6355, 2.9486)","(0.8437, 21.2833)","(3.7312, 3.927)","(-8.5099, -9.1717)","(0.9208, 5.3258)"
6.300000000000000711e+00,"(3.9727, 4.5695)","(-0.9638, 1.4496)","(5.9193, 13.2837)","(1.5292, 0.2267)","(9.3662, 9.4472)","(-0.4208, -1.3653)","(0.2382, -0.201)","(3.8541, -13.1441)","(-0.7842, -9.0268)","(1.4483, 2.2402)","(9.2345, 9.2787)","(0.8633, 3.7899)","(5.8528, 5.4137)","(5.7291, 11.7856)","(6.7067, 10.2572)","(-0.6384, 0.8291)","(1.1341, 11.3465)","(6.2921, 6.9783)","(-9.0639, -9.4017)","(1.6139, 9.1493)"
6.400000000000000355e+00,"(9.0978, 10.4841)","(-2.4703, 3.6549)","(4.621, 9.9758)","(0.3776, 0.0269)","(9.0114, 8.9312)","(-0.7803, -2.8979)","(0.0671, -0.0323)","(3.1416, -12.6336)","(-1.1975, -15.0943)","(0.787, 0.9425)","(8.7861, 8.684)","(0.7429, 4.0097)","(6.3502, 6.814)","(5.5653, 11.3247)","(14.9702, 20.9823)","(-0.1886, 0.3479)","(0.6403, 4.3084)","(11.0215, 12.2352)","(-9.0482, -8.6757)","(2.838, 15.9376)"
6.500000000000000000e+00,"(16.5931, 18.3573)","(-6.4528, 9.5138)","(3.5919, 7.8295)","(0.3264, -0.0169)","(8.1219, 7.9651)","(-1.752, -6.7353)","(0.1326, -0.0252)","(2.3981, -11.0303)","(-2.3088, -19.3086)","(1.2965, 1.3919)","(8.0378, 7.8965)","(1.1682, 6.8962)","(8.4137, 9.5712)","(5.1031, 10.3146)","(15.7294, 11.7113)","(-0.2592, 0.5914)","(0.1864, 1.5749)","(14.1069, 14.6537)","(-8.4544, -7.7568)","(4.0104, 19.8622)"
6.600000000000000533e+00,"(12.737, 11.0841)","(-13.6685, 21.0839)","(3.5739, 8.1441)","(0.6914, -0.0489)","(7.5829, 7.5036)","(-4.0759, -15.5978)","(0.3328, -0.0544)","(2.3677, -9.99)","(-3.3063, -13.3942)","(2.6836, 2.8698)","(7.7093, 7.6621)","(2.1735, 13.0685)","(10.777, 11.8299)","(4.8015, 9.7549)","(7.3245, -1.3777)","(-0.5816, 1.3394)","(0.0644, 1.6513)","(9.584, 8.1766)","(-7.8884, -7.5449)","(3.4098, 12.4231)"
6.700000000000000178e+00,"(5.5464, 2.8531)","(-8.3042, 19.2354)","(4.4909, 10.526)","(1.6902, -0.1169)","(7.8386, 7.8982)","(-7.3903, -24.753)","(0.8822, -0.1389)","(2.9314, -10.3235)","(-2.3655, -6.5596)","(6.1078, 6.5581)","(8.0689, 8.1519)","(3.5533, 20.5902)","(10.6998, 10.2088)","(4.9187, 10.106)","(3.0557, -4.0588)","(-1.4613, 3.3392)","(0.059, 3.2614)","(4.5432, 3.3325)","(-7.8605, -8.1496)","(1.8527, 5.5667)"
6.800000000000000711e+00,"(2.8729, 0.6061)","(0.6911, 7.8908)","(5.8125, 13.6231)","(4.4322, -0.2982)","(8.6801, 8.8322)","(-6.4003, -12.5104)","(2.456, -0.3782)","(3.6642, -11.7522)","(-1.0783, -4.1978)","(13.2562, 14.1628)","(8.8222, 8.9689)","(3.3607, 16.5467)","(8.0653, 6.6074)","(5.3569, 11.0779)","(2.7026, -6.3041)","(-3.8238, 8.7053)","(0.0984, 7.2712)","(2.3573, 2.0368)","(-8.388, -9.0765)","(0.8654, 3.1718)"
6.900000000000000355e+00,"(3.8252, 0.2647)","(2.6848, 4.4671)","(6.216, 14.1352)","(11.845, -0.794)","(9.3783, 9.4889)","(-3.6415, -3.7382)","(7.028, -1.0712)","(3.9532, -13.1224)","(-0.6363, -5.3209)","(16.9149, 17.1839)","(9.2803, 9.3535)","(1.8623, 7.3392)","(5.9211, 5.1236)","(5.7322, 11.8144)","(4.1425, -10.0728)","(-8.8726, 20.5161)","(0.2255, 16.2289)","(2.7588, 2.9168)","(-9.0257, -9.4934)","(0.8106, 4.1108)"
7.000000000000000000e+00,"(6.8236, 0.3987)","(4.4304, 5.2767)","(5.0393, 10.9317)","(25.9922, -1.9561)","(9.1786, 9.1232)","(-3.014, -1.6342)","(18.9731, -2.9993)","(3.3301, -12.9427)","(-0.6942, -9.2104)","(8.2162, 6.8584)","(8.9334, 8.8478)","(0.7341, 2.8411)","(5.7729, 5.9569)","(5.6487, 11.5146)","(6.1213, -15.5886)","(-8.5616, 23.0252)","(0.7116, 25.0528)","(4.9581, 5.5518)","(-9.1404, -8.8696)","(1.328, 7.5664)"
7.100000000000000533e+00,"(13.2077, 0.7989)","(7.0257, 8.1771)","(3.7194, 8.0011)","(20.1129, -2.872)","(8.2649, 8.0996)","(-4.6588, -1.9916)","(28.5977, -6.3506)","(2.4532, -11.3204)","(-1.1885, -16.1776)","(3.3004, 2.1305)","(8.1338, 7.979)","(0.4075, 2.0494)","(7.4584, 8.4711)","(5.1788, 10.4639)","(4.8895, -17.3211)","(-1.4061, 9.2966)","(1.3763, 13.7756)","(9.6557, 10.8981)","(-8.5799, -7.8431)","(2.5213, 14.5971)"
7.200000000000000178e+00,"(21.2689, 0.9335)","(10.8411, 12.3937)","(3.3653, 7.5648)","(7.4242, -2.5403)","(7.5718, 7.4646)","(-8.3749, -3.56)","(9.8845, -6.6334)","(2.268, -9.9951)","(-2.5159, -20.2251)","(2.7236, 1.3179)","(7.67, 7.5966)","(0.596, 3.505)","(10.1659, 11.5222)","(4.7995, 9.7293)","(0.8242, -11.4049)","(0.3633, 5.2064)","(1.0461, 4.9082)","(14.9824, 16.1692)","(-7.9236, -7.4578)","(4.089, 21.4796)"
7.300000000000000711e+00,"(17.0487, -0.6299)","(12.5378, 12.806)","(4.0672, 9.4986)","(5.1019, -2.692)","(7.6878, 7.7249)","(-15.1913, -6.4125)","(3.5649, -5.9793)","(2.7733, -10.0597)","(-3.5262, -12.3901)","(4.4056, 1.979)","(7.929, 7.9947)","(1.1924, 7.2787)","(11.3449, 11.519)","(4.8427, 9.9327)","(0.0781, -6.2805)","(1.0741, 6.2843)","(0.8806, 2.5321)","(11.5178, 10.2213)","(-7.7782, -7.9704)","(3.8521, 14.5141)"
7.400000000000000355e+00,"(7.2954, -1.2869)","(9.0898, 7.3446)","(5.4512, 12.8463)","(6.6194, -3.9)","(8.5092, 8.6606)","(-19.6241, -7.4189)","(2.654, -7.4782)","(3.555, -11.4102)","(-2.2525, -5.3427)","(8.3437, 3.7546)","(8.6982, 8.851)","(2.5151, 15.3788)","(9.1269, 7.6641)","(5.2689, 10.8974)","(1.0922, -5.0624)","(1.751, 9.6295)","(1.4473, 3.5683)","(5.2455, 3.4908)","(-8.2548, -8.9482)","(2.1504, 5.8183)"
7.500000000000000000e+00,"(2.5777, -0.5401)","(5.2431, 3.9194)","(6.3863, 14.7271)","(10.0372, -5.958)","(9.3523, 9.4911)","(-12.3955, -3.0466)","(3.321, -10.2932)","(4.0193, -13.0174)","(-0.87, -3.0447)","(15.6974, 7.0361)","(9.2989, 9.4017)","(4.0897, 23.4578)","(6.3081, 5.0954)","(5.7166, 11.804)","(2.5648, -6.8944)","(2.7767, 15.0949)","(2.6945, 6.6008)","(1.7683, 1.1209)","(-8.961, -9.5544)","(0.7565, 2.0442)"
7.600000000000000533e+00,"(1.4658, -0.0751)","(3.9254, 3.6924)","(5.5491, 12.174)","(14.3339, -8.6008)","(9.3396, 9.3154)","(-5.3449, -0.7397)","(4.4185, -14.0357)","(3.5374, -13.2289)","(-0.4594, -3.9772)","(19.9133, 8.4818)","(9.0831, 9.0203)","(3.1676, 14.094)","(5.3469, 5.1791)","(5.7281, 11.7009)","(4.7838, -11.4836)","(3.6861, 18.0418)","(5.3045, 13.0192)","(0.8473, 0.7691)","(-9.2179, -9.0752)","(0.346, 1.4759)"
7.700000000000000178e+00,"(2.42, 0.1121)","(5.0264, 5.6054)","(3.9893, 8.4971)","(14.1926, -8.9459)","(8.4377, 8.2698)","(-2.4604, -0.5475)","(4.3607, -15.5355)","(2.551, -11.6717)","(-0.498, -7.3604)","(11.4703, 4.0795)","(8.2563, 8.092)","(1.5334, 5.0812)","(6.4582, 7.2188)","(5.2687, 10.6466)","(6.696, -17.4673)","(3.2626, 12.701)","(8.5038, 20.3157)","(1.3281, 1.4662)","(-8.7191, -7.9665)","(0.477, 2.6797)"
7.800000000000000711e+00,"(5.1186, 0.3371)","(8.1457, 9.5222)","(3.2383, 7.1475)","(8.9989, -6.1375)","(7.5928, 7.4574)","(-2.7957, -1.0583)","(2.6877, -12.2872)","(2.1852, -10.0672)","(-0.8731, -14.3775)","(4.5312, 1.3356)","(7.6542, 7.5532)","(0.632, 1.6282)","(9.1167, 10.5567)","(4.8138, 9.7371)","(3.6887, -16.6233)","(2.0277, 6.9773)","(6.8575, 14.5528)","(2.8299, 3.2402)","(-7.9834, -7.3936)","(0.9672, 5.7979)"
7.900000000000000355e+00,"(11.551, 0.8094)","(12.2901, 13.8701)","(3.6437, 8.4445)","(5.5304, -3.7891)","(7.5471, 7.5576)","(-5.1959, -2.2102)","(1.6702, -8.5205)","(2.6074, -9.8216)","(-2.0846, -21.8542)","(1.5988, 0.5123)","(7.7916, 7.8359)","(0.7404, 1.5325)","(11.5184, 12.4585)","(4.7723, 9.7677)","(-0.1597, -9.2229)","(1.2629, 5.1575)","(3.2235, 5.7804)","(6.5663, 7.5877)","(-7.7098, -7.7872)","(2.1572, 13.0756)"
8.000000000000000000e+00,"(22.5355, 1.3114)","(12.1847, 11.5516)","(4.9477, 11.6927)","(5.2999, -3.35)","(8.316, 8.461)","(-10.75, -4.6788)","(1.8479, -7.4207)","(3.4143, -11.0322)","(-3.8229, -15.1099)","(1.4625, 0.6123)","(8.5507, 8.7046)","(1.4091, 2.8325)","(10.4135, 9.3203)","(5.1703, 10.6908)","(-0.006, -4.8276)","(1.3241, 6.7254)","(1.0867, 1.8619)","(14.0473, 15.9796)","(-8.1136, -8.7881)","(4.2104, 23.628)"
8.099999999999999645e+00,"(20.2486, -0.4912)","(7.5102, 5.4241)","(6.3365, 14.8055)","(7.6609, -4.5981)","(9.2837, 9.4475)","(-19.6348, -8.2479)","(2.7466, -9.0981)","(4.0435, -12.8209)","(-2.9033, -5.7356)","(2.807, 1.2597)","(9.2855, 9.4168)","(3.0365, 6.1265)","(7.1417, 5.5069)","(5.6804, 11.7492)","(1.1448, -4.3744)","(2.0139, 11.0982)","(0.4123, 0.8446)","(16.1794, 16.132)","(-8.8689, -9.5778)","(4.4517, 17.166)"
8.200000000000001066e+00,"(7.6965, -1.894)","(4.0403, 3.0131)","(6.102, 13.6201)","(12.1544, -7.2133)","(9.4848, 9.4977)","(-18.5604, -6.0404)","(4.0674, -12.7767)","(3.7526, -13.4681)","(-1.0433, -1.8976)","(6.2074, 2.826)","(9.2291, 9.1952)","(6.7234, 13.5657)","(5.1918, 4.5754)","(5.7991, 11.8741)","(2.6755, -6.6838)","(3.2049, 17.2945)","(0.5795, 1.3909)","(7.8302, 4.932)","(-9.275, -9.2845)","(2.697, 6.0724)"
8.300000000000000711e+00,"(2.6048, -1.3585)","(3.4374, 3.4431)","(4.4373, 9.4271)","(15.7159, -9.5553)","(8.6387, 8.4756)","(-8.2211, -0.9879)","(4.7471, -15.8838)","(2.698, -12.0792)","(-0.2776, -1.1859)","(13.9555, 6.3551)","(8.4052, 8.2366)","(11.1559, 21.9695)","(5.5228, 5.9387)","(5.3715, 10.8612)","(5.1602, -11.9377)","(3.8502, 17.6453)","(1.2265, 3.0333)","(3.4727, 1.0784)","(-8.8685, -8.129)","(1.5144, 2.2091)"
8.400000000000000355e+00,"(2.1938, -1.8203)","(5.0444, 5.8133)","(3.2409, 6.9969)","(12.1636, -7.9852)","(7.651, 7.4879)","(-2.6609, 0.0861)","(3.3432, -13.9828)","(2.1273, -10.2181)","(-0.1642, -2.098)","(22.8896, 10.0604)","(7.6659, 7.5369)","(7.5168, 13.1264)","(7.742, 9.0276)","(4.8468, 9.7835)","(7.2302, -18.6487)","(2.912, 10.2389)","(2.8782, 7.1752)","(3.5507, 0.3222)","(-8.0697, -7.3582)","(2.0738, 2.3261)"
8.500000000000000000e+00,"(3.665, -3.2519)","(8.7693, 10.4048)","(3.2586, 7.4503)","(6.7117, -4.7276)","(7.4229, 7.4028)","(-0.7774, 0.1937)","(1.7664, -9.4643)","(2.4378, -9.6229)","(-0.2254, -4.5531)","(14.0418, 5.0439)","(7.6619, 7.6807)","(3.1399, 4.5428)","(10.9047, 12.4424)","(4.7106, 9.6176)","(3.1432, -16.5722)","(1.5841, 5.3121)","(6.6471, 16.5096)","(5.8789, 0.3343)","(-7.6595, -7.6051)","(3.7467, 4.0868)"
8.599999999999999645e+00,"(7.2868, -6.4243)","(13.2647, 14.9031)","(4.3443, 10.2589)","(4.5353, -3.0391)","(8.1056, 8.2383)","(-0.8078, 0.3992)","(1.5705, -7.1325)","(3.2446, -10.6303)","(-0.449, -10.5512)","(5.2998, 1.2277)","(8.3825, 8.5321)","(1.5549, 1.8379)","(11.6468, 11.4473)","(5.0634, 10.4628)","(-0.8134, -8.1182)","(1.0332, 4.4956)","(10.073, 23.7433)","(11.0643, 0.656)","(-7.9686, -8.5986)","(7.4675, 8.1846)"
8.700000000000001066e+00,"(13.815, -12.3018)","(11.9154, 10.6512)","(5.9918, 14.1508)","(5.4523, -3.3457)","(9.1693, 9.3536)","(-1.6362, 0.8564)","(2.2653, -7.8724)","(4.0186, -12.5298)","(-1.2473, -21.8186)","(2.6733, 0.2553)","(9.2358, 9.3933)","(2.1517, 2.2737)","(8.539, 6.6615)","(5.6222, 11.6461)","(-0.3099, -3.6739)","(1.2678, 6.7482)","(5.7905, 10.8647)","(19.2218, 0.9788)","(-8.7496, -9.5576)","(13.6618, 14.7781)"
8.800000000000000711e+00,"(15.499, -15.1425)","(6.546, 4.2407)","(6.5765, 14.9926)","(8.8142, -5.2238)","(9.6034, 9.6578)","(-3.8406, 1.9875)","(3.5417, -11.0872)","(3.9606, -13.6323)","(-3.7685, -21.6655)","(3.6969, 0.1241)","(9.3634, 9.3643)","(3.978, 4.1665)","(5.5065, 4.3086)","(5.8569, 12.0235)","(0.7812, -3.1299)","(2.1176, 11.9393)","(2.7281, 3.8442)","(19.581, -0.0761)","(-9.3056, -9.4876)","(14.3, 14.1524)"
8.900000000000000355e+00,"(6.6567, -8.6666)","(3.1355, 2.2132)","(5.0889, 10.9077)","(14.1462, -8.3865)","(8.864, 8.7145)","(-9.4911, 4.8817)","(4.8116, -15.3004)","(2.8984, -12.5319)","(-4.426, -7.5469)","(6.7687, 0.2021)","(8.5789, 8.4129)","(8.083, 8.4865)","(4.7886, 4.7608)","(5.4852, 11.1044)","(2.0671, -5.0149)","(3.4791, 18.8098)","(2.5191, 2.8009)","(9.6378, -1.2761)","(-9.0233, -8.3314)","(7.223, 5.7184)"
9.000000000000000000e+00,"(1.9915, -3.3829)","(2.679, 2.7253)","(3.4419, 7.2691)","(15.9625, -9.8849)","(7.7508, 7.562)","(-20.4131, 10.8016)","(4.1959, -15.7226)","(2.1041, -10.4594)","(-2.7721, -2.0154)","(13.373, 0.4127)","(7.7094, 7.5526)","(14.5528, 15.1481)","(6.2457, 7.1834)","(4.9002, 9.8735)","(4.3871, -9.7113)","(3.9556, 17.3083)","(3.9902, 4.2063)","(3.7191, -0.7198)","(-8.1837, -7.3581)","(2.6189, 1.7733)"
9.099999999999999645e+00,"(0.5309, -0.9343)","(4.2251, 4.9581)","(2.9625, 6.6256)","(9.9545, -6.8231)","(7.3222, 7.268)","(-18.5644, 12.1799)","(2.1392, -11.0893)","(2.2694, -9.4791)","(-3.2876, -1.0135)","(21.7144, 0.4821)","(7.5452, 7.5346)","(13.8146, 13.6291)","(9.4004, 11.1094)","(4.6609, 9.4895)","(7.667, -17.8145)","(2.7105, 8.7711)","(7.175, 7.5678)","(1.9588, -0.14)","(-7.6315, -7.4298)","(0.7054, 0.4971)"
9.200000000000001066e+00,"(0.2986, -0.3414)","(7.9525, 9.6197)","(3.7029, 8.6926)","(5.0727, -3.6455)","(7.884, 7.9982)","(-5.3573, 6.5254)","(1.3789, -7.3414)","(3.0496, -10.2188)","(-5.5838, -1.4194)","(16.9802, -0.3499)","(8.1976, 8.3371)","(6.343, 5.5292)","(12.1586, 13.1982)","(4.9512, 10.2192)","(5.2815, -19.759)","(1.2918, 4.0892)","(12.4088, 13.0169)","(2.8558, 0.1072)","(-7.8242, -8.3835)","(0.4154, 0.4086)"
9.300000000000000711e+00,"(0.6236, -0.5602)","(13.4536, 15.6071)","(5.3424, 12.704)","(3.8552, -2.5227)","(9.0081, 9.2068)","(-1.4805, 3.9673)","(1.7934, -6.8396)","(3.94, -12.1463)","(-10.6357, -2.7519)","(7.111, -0.673)","(9.1468, 9.3265)","(2.1512, 1.7206)","(10.4864, 8.9849)","(5.5416, 11.4929)","(-1.1532, -9.7909)","(0.7898, 3.4647)","(13.991, 14.0755)","(5.7421, 0.3577)","(-8.6044, -9.4893)","(0.8051, 0.8791)"
9.400000000000000355e+00,"(1.4613, -1.2675)","(13.1769, 12.1818)","(6.7554, 15.7325)","(5.4502, -3.2829)","(9.6836, 9.7822)","(-0.9742, 5.0971)","(2.8889, -9.1959)","(4.1427, -13.6922)","(-18.7872, -4.5997)","(2.3474, -0.2846)","(9.4774, 9.5177)","(0.5305, 0.4035)","(6.5938, 4.7046)","(5.8962, 12.1371)","(-1.2736, -3.3116)","(1.0293, 5.607)","(8.0842, 7.3243)","(12.367, 0.8298)","(-9.304, -9.6726)","(1.8677, 2.0751)"
9.500000000000000000e+00,"(3.6634, -3.1442)","(7.0355, 4.1519)","(5.9247, 12.983)","(9.5249, -5.5982)","(9.1072, 8.9816)","(-1.4477, 8.3364)","(4.432, -13.6388)","(3.1528, -13.0098)","(-19.5903, -2.9988)","(0.9511, -0.0469)","(8.7746, 8.6191)","(0.1266, 0.0866)","(4.4745, 3.8482)","(5.6066, 11.3705)","(-0.2054, -1.169)","(1.8536, 10.7053)","(3.539, 3.0372)","(22.4781, 1.1912)","(-9.1769, -8.5722)","(4.6683, 5.2173)"
9.600000000000001421e+00,"(9.3805, -8.038)","(2.7162, 1.3991)","(3.9293, 8.1889)","(15.5664, -9.2142)","(7.8966, 7.6857)","(-2.494, 14.3833)","(4.9721, -16.7829)","(2.1285, -10.8021)","(-9.6998, 0.5843)","(1.4329, 0.0293)","(7.7884, 7.6056)","(0.1349, 0.0779)","(4.8694, 5.3242)","(4.9756, 10.0115)","(0.3836, -1.1949)","(3.3646, 18.8768)","(1.9965, 1.8913)","(18.7794, -0.6288)","(-8.326, -7.4002)","(11.4747, 12.7807)"
9.700000000000001066e+00,"(19.2608, -17.0285)","(1.3492, 1.1515)","(2.8343, 6.1362)","(15.936, -10.013)","(7.2525, 7.1611)","(-2.8961, 19.6895)","(2.9655, -13.5013)","(2.1084, -9.4082)","(-3.6234, 0.6253)","(3.0813, 0.1021)","(7.4476, 7.404)","(0.3086, 0.1746)","(7.287, 8.7001)","(4.6269, 9.3911)","(1.0599, -2.3319)","(4.2554, 19.4567)","(2.7267, 2.82)","(7.261, -1.6753)","(-7.6304, -7.2677)","(18.706, 19.784)"
9.800000000000000711e+00,"(12.9615, -14.4804)","(1.8694, 2.157)","(3.0975, 7.1682)","(8.5314, -6.07)","(7.6584, 7.748)","(-0.8453, 14.625)","(1.3741, -8.3535)","(2.8337, -9.8143)","(-1.6888, -0.0196)","(7.2491, 0.2636)","(8.001, 8.1244)","(0.7892, 0.4475)","(11.0822, 12.9994)","(4.8371, 9.967)","(2.562, -5.2833)","(3.0189, 9.4101)","(5.1926, 5.4909)","(2.2174, -0.9724)","(-7.6857, -8.1472)","(10.2507, 8.1108)"
9.900000000000000355e+00,"(3.0352, -6.7073)","(3.7335, 4.5951)","(4.467, 10.6399)","(3.93, -2.9039)","(8.8012, 9.0071)","(0.2535, 7.1518)","(1.3685, -6.2127)","(3.8064, -11.6788)","(-2.2926, -0.4944)","(16.8491, 0.5979)","(9.0171, 9.2137)","(2.1446, 1.2192)","(12.4196, 12.4067)","(5.4391, 11.2898)","(6.0675, -12.4248)","(1.3334, 3.5313)","(10.3633, 10.9838)","(1.297, -1.003)","(-8.436, -9.3701)","(4.9185, 2.3574)"
1.000000000000000000e+01,"(0.7201, -4.868)","(8.1188, 10.1085)","(6.3953, 15.1573)","(3.0033, -1.9578)","(9.7131, 9.8563)","(-0.0772, 3.9319)","(2.1933, -7.3556)","(4.2781, -13.62)","(-4.6003, -1.2093)","(26.0003, 0.4804)","(9.5612, 9.6443)","(6.0312, 3.4331)","(8.7816, 6.478)","(5.9118, 12.2028)","(9.84, -23.2395)","(0.4845, 1.69)","(15.7072, 16.2594)","(2.1059, -1.8482)","(-9.2652, -9.8266)","(4.8187, 1.4025)"
1.010000000000000142e+01,"(0.3633, -6.6488)","(15.0263, 17.7397)","(6.7735, 15.3278)","(4.6261, -2.7622)","(9.3585, 9.268)","(-0.5913, 4.4534)","(3.6542, -11.1287)","(3.4549, -13.4817)","(-10.1348, -2.7726)","(13.2277, -0.9082)","(8.9873, 8.8517)","(16.1701, 9.1743)","(5.0323, 3.5258)","(5.7311, 11.6509)","(1.1603, -16.9791)","(0.4582, 2.3923)","(10.8311, 10.1231)","(4.3876, -3.8388)","(-9.3216, -8.847)","(7.2494, 1.8593)"
1.020000000000000107e+01,"(0.5229, -10.6649)","(13.647, 11.8003)","(4.7943, 10.0618)","(8.7015, -5.0775)","(8.0915, 7.8644)","(-1.3279, 7.6869)","(5.1693, -16.1297)","(2.2159, -11.2539)","(-20.3356, -5.2742)","(4.9065, -1.0125)","(7.9066, 7.7007)","(25.6389, 13.9995)","(3.893, 3.7221)","(5.0743, 10.2014)","(-3.6761, -5.1151)","(0.8271, 4.8488)","(4.5065, 3.6507)","(9.7108, -8.4609)","(-8.4957, -7.4915)","(12.0774, 3.0952)"
1.030000000000000071e+01,"(0.7275, -16.684)","(6.4227, 2.5975)","(3.0089, 6.2693)","(15.6135, -9.1556)","(7.2225, 7.0911)","(-2.5531, 14.2678)","(4.2969, -16.339)","(1.9632, -9.4309)","(-21.4636, -3.2231)","(3.4896, -1.199)","(7.3755, 7.2957)","(11.2673, 4.7619)","(5.1061, 5.9311)","(4.6124, 9.3308)","(-3.3305, -0.7305)","(1.769, 10.6568)","(1.3756, 1.0525)","(17.3689, -15.6343)","(-7.6607, -7.1258)","(17.9551, 4.4321)"
1.040000000000000036e+01,"(0.1301, -18.3022)","(2.3858, 0.0941)","(2.6186, 5.8857)","(17.4932, -10.8627)","(7.4371, 7.4959)","(-3.2019, 20.8636)","(1.8036, -10.5895)","(2.6017, -9.4363)","(-8.9616, 1.4914)","(5.2014, -1.9833)","(7.7987, 7.8998)","(6.4887, 1.8124)","(8.3321, 10.1595)","(4.725, 9.7143)","(-4.6332, 0.4313)","(3.6204, 20.9529)","(0.3686, 0.313)","(12.2839, -13.4407)","(-7.5585, -7.8956)","(16.5215, 3.3963)"
1.050000000000000000e+01,"(-0.8322, -11.5823)","(2.069, -0.669)","(3.5113, 8.3128)","(8.9329, -6.4492)","(8.5523, 8.7571)","(-0.7879, 15.1919)","(1.059, -6.3881)","(3.6195, -11.1419)","(-2.7443, 1.5158)","(9.302, -3.5488)","(8.847, 9.054)","(7.3613, 1.5795)","(12.4242, 14.315)","(5.3164, 11.0393)","(-8.0988, 0.9067)","(4.6519, 20.7178)","(0.4123, 0.425)","(3.5113, -6.007)","(-8.2483, -9.1994)","(9.2353, 1.3191)"
1.060000000000000142e+01,"(-0.6193, -6.1815)","(3.5819, -1.3957)","(5.4199, 12.9838)","(3.4286, -2.7211)","(9.6805, 9.866)","(0.5134, 6.6741)","(1.5271, -5.8462)","(4.3464, -13.3933)","(-1.3741, 1.7332)","(16.2624, -6.2449)","(9.6049, 9.7321)","(10.2016, 2.0904)","(11.9834, 10.8381)","(5.8988, 12.2086)","(-14.8822, 1.6638)","(3.1299, 8.2389)","(0.9019, 0.961)","(0.7402, -2.3824)","(-9.1852, -9.9361)","(5.0005, 0.7441)"
1.070000000000000107e+01,"(-0.1137, -4.924)","(7.4213, -2.8453)","(7.1386, 16.6974)","(1.6498, -1.1684)","(9.6046, 9.5605)","(0.1331, 2.8021)","(2.6698, -8.3075)","(3.7883, -13.9031)","(-1.9721, 3.0681)","(18.7443, -7.6306)","(9.2097, 9.1044)","(14.3086, 2.9068)","(7.2579, 4.6614)","(5.8529, 11.9334)","(-20.749, 3.7037)","(1.4744, 2.6176)","(2.1913, 2.3512)","(0.2268, -2.448)","(-9.448, -9.1481)","(4.7296, 1.0276)"
1.080000000000000071e+01,"(0.2425, -6.9508)","(15.4302, -5.9555)","(6.067, 13.1797)","(2.2467, -1.3594)","(8.337, 8.1025)","(-0.2946, 2.5783)","(4.457, -13.3189)","(2.3836, -11.8171)","(-3.9484, 6.1128)","(10.4675, -4.9366)","(8.0667, 7.8426)","(16.2829, 3.1621)","(3.8894, 2.7434)","(5.1965, 10.4455)","(-13.3121, 5.9561)","(1.3232, 1.5927)","(5.6313, 6.0583)","(0.2664, -4.3404)","(-8.6906, -7.6391)","(7.4071, 1.8612)"
1.090000000000000036e+01,"(0.6063, -11.9052)","(21.6025, -9.6643)","(3.6922, 7.5119)","(4.4723, -2.5992)","(7.241, 7.0679)","(-0.7993, 4.5802)","(5.4813, -17.8121)","(1.8457, -9.5711)","(-8.1771, 12.6438)","(4.4191, -2.2693)","(7.3358, 7.2171)","(12.7865, 2.2451)","(3.4017, 3.4933)","(4.6213, 9.3174)","(-4.8783, 4.1318)","(2.3108, 2.5337)","(13.6488, 14.6145)","(0.5766, -8.8761)","(-7.7269, -7.0125)","(13.0833, 3.3815)"
1.100000000000000000e+01,"(0.7833, -18.5553)","(10.6574, -7.9513)","(2.4187, 5.1586)","(9.6435, -5.5561)","(7.2296, 7.2515)","(-1.7751, 9.4419)","(3.1618, -14.4437)","(2.3594, -9.1074)","(-11.8514, 20.0417)","(2.5055, -1.1402)","(7.5974, 7.6702)","(8.5036, 1.4145)","(5.062, 6.1007)","(4.6194, 9.4702)","(-2.3115, 1.573)","(4.6447, 5.1023)","(18.4933, 18.8433)","(1.0966, -17.7939)","(-7.449, -7.6349)","(19.348, 4.755)"
1.110000000000000142e+01,"(-0.1824, -17.7356)","(2.8627, -3.8575)","(2.6413, 6.1249)","(18.3883, -10.7318)","(8.2676, 8.4625)","(-3.3902, 18.5686)","(1.0704, -8.0852)","(3.3838, -10.5558)","(-5.1428, 14.1146)","(3.4781, -1.3757)","(8.6387, 8.8485)","(7.1193, 1.2931)","(8.8524, 10.9897)","(5.176, 10.7463)","(-2.7424, 0.6663)","(9.7599, 10.7354)","(8.4142, 6.7751)","(0.4746, -22.8417)","(-8.0461, -8.9788)","(15.8127, 3.0363)"
1.120000000000000107e+01,"(-1.0084, -9.5814)","(0.4877, -1.4944)","(4.053, 9.7238)","(17.3705, -11.0917)","(9.5765, 9.7988)","(-2.7736, 22.0208)","(0.9562, -5.1183)","(4.3305, -12.9998)","(-0.4037, 5.6635)","(6.6702, -2.5369)","(9.5987, 9.7689)","(8.7539, 1.7355)","(13.31, 15.2679)","(5.8532, 12.1442)","(-5.0885, 0.5995)","(16.0186, 17.0501)","(4.4887, 2.6454)","(-1.4806, -11.7135)","(-9.0618, -9.9878)","(7.8191, 0.9335)"
1.130000000000000071e+01,"(-0.5369, -4.7492)","(-0.0151, -1.5991)","(6.3676, 15.2566)","(6.7284, -5.3846)","(9.8278, 9.8404)","(0.5685, 10.7047)","(1.6897, -5.7689)","(4.1247, -14.2164)","(0.2688, 1.6531)","(13.4162, -5.074)","(9.4315, 9.3672)","(12.6685, 2.5833)","(11.7977, 9.9273)","(5.9644, 12.2024)","(-10.4957, 0.9562)","(11.6963, 10.589)","(5.2023, 2.5131)","(-1.1792, -4.0176)","(-9.5456, -9.4632)","(3.8167, 0.5197)"
1.140000000000000036e+01,"(-0.0459, -4.0981)","(-0.1599, -3.0206)","(7.3536, 16.8391)","(2.0224, -1.9953)","(8.6322, 8.4023)","(0.835, 3.6106)","(3.0981, -9.236)","(2.6483, -12.482)","(0.4801, 0.7838)","(20.9183, -8.1684)","(8.2701, 8.0353)","(16.4839, 3.2909)","(6.3998, 3.5556)","(5.3413, 10.744)","(-19.8192, 2.1907)","(4.929, 3.3867)","(7.9542, 3.7305)","(-0.5255, -1.0942)","(-8.9063, -7.8495)","(3.6997, 0.8167)"
1.150000000000000000e+01,"(0.2782, -6.4225)","(-0.3076, -6.6164)","(5.1221, 10.6473)","(0.9482, -1.2507)","(7.3178, 7.1028)","(0.4404, 0.985)","(5.1494, -15.2625)","(1.7731, -9.8561)","(0.9943, 1.2454)","(14.4117, -6.475)","(7.336, 7.1765)","(14.8876, 2.7249)","(3.0107, 1.9513)","(4.6577, 9.3602)","(-20.3002, 5.499)","(1.6346, 0.8467)","(12.8619, 6.0249)","(-0.6065, -0.7574)","(-7.8333, -6.9372)","(6.2389, 1.5946)"
1.160000000000000142e+01,"(0.6657, -11.8174)","(-0.6865, -14.8656)","(2.8254, 5.6619)","(1.4267, -2.0885)","(7.0466, 7.0254)","(0.5984, 0.7574)","(5.4089, -18.5396)","(2.1134, -8.8548)","(2.1657, 2.7113)","(5.5328, -3.0192)","(7.405, 7.4434)","(9.7693, 1.6073)","(2.5755, 2.6721)","(4.5251, 9.245)","(-7.3806, 6.1379)","(1.2242, 0.3834)","(17.0455, 7.7877)","(-1.2127, -1.3901)","(-7.3638, -7.3724)","(11.9406, 3.1412)"
1.170000000000000107e+01,"(0.9092, -19.5041)","(-2.1127, -24.7478)","(2.0502, 4.4986)","(2.9124, -4.2691)","(7.9555, 8.1314)","(1.2218, 1.4285)","(2.1675, -12.4513)","(3.1063, -9.9459)","(5.1123, 6.4811)","(1.6546, -0.9785)","(8.3966, 8.601)","(6.8926, 1.1829)","(4.0744, 5.0112)","(5.0217, 10.4181)","(-1.5998, 2.8127)","(2.2067, 0.5933)","(13.4916, 5.6778)","(-2.7182, -3.1343)","(-7.8357, -8.7121)","(19.8928, 5.0423)"
1.180000000000000071e+01,"(-0.236, -18.4458)","(-4.5038, -14.8218)","(2.6879, 6.3606)","(6.4624, -9.4373)","(9.3948, 9.6455)","(2.7671, 3.2612)","(0.6435, -6.2685)","(4.2198, -12.4405)","(11.7597, 14.7145)","(0.4432, -0.2391)","(9.5341, 9.7435)","(7.3696, 1.4221)","(7.738, 9.861)","(5.7719, 12.0018)","(-0.1312, 0.854)","(4.7508, 1.2848)","(7.4514, 2.8795)","(-6.5198, -7.5625)","(-8.8944, -9.9702)","(17.7698, 3.5609)"
1.190000000000000036e+01,"(-1.1928, -9.0467)","(-3.502, -4.4582)","(4.5057, 10.8999)","(12.3767, -18.3265)","(10.0062, 10.0835)","(6.6753, 7.9155)","(0.8448, -4.1407)","(4.4237, -14.3546)","(17.2891, 18.6561)","(0.4713, -0.1893)","(9.6397, 9.6264)","(10.575, 2.154)","(13.302, 16.0542)","(6.0569, 12.4381)","(0.2728, 0.5424)","(10.9455, 2.9833)","(4.7208, 1.9338)","(-14.3232, -16.3445)","(-9.6031, -9.7753)","(8.2476, 0.8323)"
1.200000000000000000e+01,"(-0.6067, -3.7586)","(-2.3345, -1.23)","(7.1089, 17.0138)","(10.6358, -17.3674)","(8.9719, 8.7621)","(14.5799, 16.9273)","(1.677, -5.3825)","(3.0203, -13.2194)","(9.9982, 5.4256)","(1.0472, -0.3937)","(8.5165, 8.2811)","(15.3734, 3.1342)","(13.3531, 12.0179)","(5.5063, 11.0941)","(0.6616, 0.9727)","(21.9588, 5.7897)","(5.4288, 2.4536)","(-16.4416, -16.3416)","(-9.1355, -8.1271)","(3.0882, 0.2226)"
1.210000000000000142e+01,"(-0.0866, -2.6074)","(-3.3916, -0.9319)","(7.275, 16.2988)","(3.4097, -7.3926)","(7.4629, 7.2081)","(16.176, 15.8189)","(3.2364, -9.3801)","(1.7708, -10.315)","(4.467, 0.2566)","(2.5442, -0.9445)","(7.3837, 7.1828)","(16.8711, 3.2443)","(7.203, 3.5262)","(4.7258, 9.4693)","(1.5166, 2.257)","(20.3364, 4.0788)","(8.8147, 4.1275)","(-7.8374, -4.7194)","(-7.9837, -6.9109)","(1.7228, 0.3055)"
1.220000000000000107e+01,"(0.1809, -4.1353)","(-6.2069, -1.6027)","(4.3832, 8.7573)","(0.8573, -2.7045)","(6.9004, 6.8303)","(7.7363, 4.1252)","(5.5729, -16.2707)","(1.8723, -8.712)","(3.7683, -1.2099)","(6.5588, -2.4227)","(7.2303, 7.2283)","(11.9708, 2.0239)","(2.693, 1.0295)","(4.4478, 9.0501)","(3.7377, 5.6782)","(8.0385, 0.2535)","(14.6533, 6.8707)","(-3.8525, -1.0309)","(-7.31, -7.1165)","(2.7008, 0.6783)"
1.230000000000000071e+01,"(0.5073, -8.2134)","(-12.3302, -3.2365)","(2.1989, 4.3413)","(0.405, -2.3072)","(7.627, 7.7744)","(3.9383, 0.6604)","(5.527, -19.2977)","(2.7951, -9.3426)","(5.7527, -2.319)","(16.4165, -6.0891)","(8.1272, 8.3172)","(7.3857, 1.1917)","(1.1667, 0.8934)","(4.8582, 10.0642)","(9.2737, 13.9265)","(3.1737, -0.4985)","(17.6933, 7.9771)","(-4.3817, -0.3434)","(-7.6243, -8.4051)","(5.5735, 1.4885)"
1.240000000000000036e+01,"(1.0131, -16.4285)","(-20.8597, -4.9498)","(1.6887, 3.7638)","(0.5863, -3.9496)","(9.1336, 9.4018)","(4.6075, -0.1283)","(1.6503, -11.6289)","(4.012, -11.7318)","(10.3568, -4.1508)","(25.7907, -10.115)","(9.4048, 9.6469)","(6.2954, 1.1521)","(1.4855, 1.7653)","(5.6538, 11.7771)","(17.0567, 21.269)","(3.2853, -1.0025)","(11.6766, 4.7099)","(-7.1699, -0.3887)","(-8.6848, -9.8746)","(12.2258, 3.3016)"
1.250000000000000000e+01,"(0.6681, -22.8416)","(-17.7614, -1.8947)","(2.4752, 5.9251)","(1.1939, -7.9582)","(10.1149, 10.2611)","(7.554, -0.3837)","(0.2924, -5.1779)","(4.6364, -14.251)","(17.2342, -7.1672)","(11.3696, -5.9167)","(9.8175, 9.8642)","(8.3563, 1.6799)","(2.9475, 3.8333)","(6.1201, 12.6179)","(12.5164, 5.1041)","(5.5704, -1.815)","(5.8109, 2.1743)","(-12.9079, -0.7193)","(-9.6093, -10.0629)","(22.3306, 5.7659)"
1.260000000000000142e+01,"(-1.2875, -13.176)","(-7.5615, 1.0355)","(4.4731, 10.8993)","(2.4209, -16.2166)","(9.3451, 9.1743)","(13.4862, -0.6678)","(0.5402, -2.9778)","(3.494, -13.9693)","(16.9482, -8.7274)","(4.5559, -3.3805)","(8.8027, 8.5799)","(12.9327, 2.6661)","(6.5568, 8.7052)","(5.6869, 11.4884)","(5.0574, -2.3059)","(10.7368, -3.4738)","(3.7929, 1.5755)","(-19.9201, -0.8157)","(-9.368, -8.473)","(18.1743, 3.4006)"
1.270000000000000107e+01,"(-1.2152, -4.7808)","(-2.4516, 0.619)","(7.4573, 17.9442)","(3.0098, -23.0374)","(7.6862, 7.3968)","(20.0414, -1.3877)","(1.2418, -3.9444)","(1.8742, -10.9748)","(7.9687, -6.1112)","(4.1293, -3.7908)","(7.4872, 7.2459)","(17.4713, 3.5101)","(13.4525, 17.156)","(4.8293, 9.6543)","(2.4863, -4.2864)","(18.7684, -6.2124)","(4.9888, 2.2884)","(-16.954, 0.4512)","(-8.1807, -6.9464)","(7.1448, 0.2526)"
1.280000000000000071e+01,"(-0.4509, -1.2958)","(-0.845, 0.0595)","(7.5603, 16.8672)","(0.7408, -13.3631)","(6.8054, 6.6806)","(16.0092, -2.4415)","(2.5877, -7.3458)","(1.6494, -8.7215)","(3.2828, -2.8551)","(5.9862, -5.7041)","(7.0831, 7.035)","(15.1818, 2.7425)","(15.427, 14.6608)","(4.3936, 8.8983)","(2.8453, -6.7719)","(18.2716, -6.9341)","(8.7956, 4.1504)","(-8.1689, 1.1035)","(-7.2957, -6.8765)","(2.4478, -0.299)"
1.290000000000000036e+01,"(-0.1478, -0.2948)","(-1.0611, -0.224)","(4.2246, 8.1847)","(-0.1928, -4.9124)","(7.2951, 7.4047)","(7.5235, -2.0619)","(5.1086, -14.3446)","(2.459, -8.782)","(2.506, -1.4788)","(9.6199, -9.1747)","(7.8387, 8.0054)","(9.07, 1.4258)","(8.0762, 2.8404)","(4.6912, 9.6961)","(4.7283, -11.2887)","(8.3242, -4.1483)","(15.4392, 7.2746)","(-3.6977, 0.4832)","(-7.42, -8.0652)","(2.1116, -0.6157)"
1.300000000000000000e+01,"(-0.1785, -0.221)","(-2.2386, -0.599)","(1.8237, 3.4183)","(-0.17, -1.3994)","(8.7967, 9.0693)","(3.578, -0.8943)","(6.7382, -21.1852)","(3.7132, -10.9057)","(4.0592, -1.7473)","(13.1868, -12.7744)","(9.2076, 9.4733)","(5.8821, 0.981)","(3.0768, -0.4037)","(5.4997, 11.4701)","(6.5818, -17.1421)","(2.9911, -1.682)","(18.5317, 8.3385)","(-3.2398, 0.0235)","(-8.4374, -9.6957)","(3.6758, -1.1847)"
1.310000000000000142e+01,"(-0.3973, -0.4603)","(-5.2667, -1.479)","(1.1178, 2.43)","(-0.2147, -0.8123)","(10.1278, 10.3416)","(3.5051, -0.387)","(2.4231, -14.3748)","(4.7148, -13.8531)","(7.9698, -3.1409)","(10.9118, -11.1831)","(9.946, 10.0583)","(6.356, 1.2307)","(2.288, -1.5088)","(6.1436, 12.717)","(3.8633, -16.6838)","(1.3726, -0.6248)","(11.1312, 4.3629)","(-5.4204, -0.2612)","(-9.554, -10.3005)","(7.5707, -2.4201)"
1.320000000000000107e+01,"(-0.9754, -1.136)","(-12.7728, -3.6091)","(1.6298, 3.9058)","(-0.4417, -1.4442)","(9.7324, 9.6217)","(6.0122, -0.3328)","(-0.0906, -5.8256)","(4.0341, -14.6297)","(15.4945, -6.1141)","(5.9503, -6.5305)","(9.1216, 8.9275)","(9.7237, 2.0012)","(3.6401, -2.8578)","(5.8755, 11.913)","(0.0126, -9.5554)","(1.9824, -0.6826)","(4.9027, 1.7369)","(-10.6212, -0.6466)","(-9.5896, -8.8828)","(15.6982, -5.035)"
1.330000000000000071e+01,"(-2.5645, -3.0062)","(-24.6844, -6.2026)","(3.1625, 7.7622)","(-0.9768, -3.1994)","(7.9961, 7.6825)","(11.7068, -0.5077)","(-0.0715, -1.881)","(2.1294, -11.8521)","(20.2751, -9.2906)","(3.6932, -3.9479)","(7.6542, 7.3762)","(15.3846, 3.1804)","(7.2129, -5.598)","(4.9714, 9.9247)","(0.0483, -5.1165)","(4.0931, -1.3159)","(2.6597, 1.0697)","(-19.3224, -1.048)","(-8.425, -7.0587)","(22.2928, -7.7343)"
1.340000000000000036e+01,"(-6.9304, -8.1375)","(-17.8647, -0.9182)","(6.2815, 15.4097)","(-2.3382, -7.7169)","(6.7782, 6.5937)","(20.2299, -1.1137)","(0.2075, -1.015)","(1.4667, -8.9375)","(10.4593, -7.5599)","(4.1423, -4.0976)","(6.9748, 6.8749)","(18.2254, 3.5603)","(13.8994, -10.9396)","(4.3694, 8.8044)","(1.1936, -4.613)","(9.1923, -2.9071)","(3.4676, 1.5909)","(-20.4528, -0.0015)","(-7.3295, -6.6636)","(12.1142, -5.5988)"
1.350000000000000000e+01,"(-16.2834, -18.6949)","(-6.1682, 2.5424)","(8.9029, 20.894)","(-5.4564, -17.8689)","(6.9752, 7.0374)","(18.8866, -2.445)","(0.5932, -1.734)","(2.107, -8.3085)","(3.2935, -3.6522)","(6.66, -6.3708)","(7.5414, 7.6754)","(12.6037, 2.1013)","(16.2674, -15.0748)","(4.5273, 9.3273)","(2.7436, -6.928)","(19.1503, -6.1511)","(6.5126, 3.0899)","(-9.7951, 1.3905)","(-7.2322, -7.7015)","(4.0882, -2.5823)"
1.360000000000000142e+01,"(-16.3756, -15.4825)","(-2.6444, 2.9216)","(5.807, 11.6411)","(-8.1642, -24.4864)","(8.393, 8.6558)","(8.4209, -2.5035)","(1.3918, -3.7808)","(3.3368, -10.0078)","(0.9714, -1.1185)","(11.1089, -10.5842)","(8.9431, 9.2211)","(6.8403, 1.0283)","(6.1934, -10.0497)","(5.3126, 11.0859)","(5.1959, -12.1456)","(21.6282, -7.9413)","(12.9707, 6.183)","(-3.4772, 0.8278)","(-8.1586, -9.4328)","(1.1719, -0.9945)"
1.370000000000000107e+01,"(-7.7757, -3.5956)","(-2.8992, 4.5519)","(2.4589, 4.1807)","(-4.922, -10.4589)","(10.0213, 10.295)","(2.9659, -1.1237)","(3.3389, -8.9028)","(4.6232, -13.1395)","(0.6594, -0.4006)","(13.8728, -13.5679)","(10.0043, 10.1842)","(4.9934, 0.8769)","(1.2293, -4.145)","(6.1172, 12.7113)","(7.0587, -18.5146)","(8.7794, -4.7256)","(20.2397, 9.3982)","(-1.2037, 0.1919)","(-9.4293, -10.4608)","(0.9586, -1.1084)"
1.380000000000000071e+01,"(-5.8322, -0.8669)","(-4.8572, 7.7904)","(0.7219, 1.141)","(-2.6308, -3.8328)","(10.1031, 10.0736)","(1.3532, -0.3027)","(7.1028, -19.4579)","(4.565, -15.0539)","(1.3072, -0.532)","(9.3038, -9.8381)","(9.4604, 9.3137)","(6.567, 1.3185)","(0.2645, -1.1665)","(6.061, 12.3454)","(3.0018, -16.2068)","(2.8019, -2.1711)","(14.5586, 5.9546)","(-1.3195, -0.026)","(-9.7824, -9.3439)","(1.7584, -2.1293)"
1.390000000000000036e+01,"(-7.6097, -0.3919)","(-8.3914, 13.5497)","(0.1535, 0.2407)","(-2.8305, -3.1618)","(8.3979, 8.0771)","(1.9732, -0.1387)","(6.3241, -22.8712)","(2.5853, -12.9326)","(2.9693, -1.1176)","(4.5448, -5.1143)","(7.8918, 7.5847)","(10.9905, 2.2934)","(0.2134, -0.3367)","(5.1542, 10.2882)","(-0.6741, -8.0975)","(1.72, -1.9168)","(6.0136, 1.9782)","(-2.6863, -0.1663)","(-8.7147, -7.2638)","(3.8741, -4.6648)"
1.400000000000000000e+01,"(-11.3567, -0.4917)","(-9.7923, 17.6583)","(0.0362, 0.0725)","(-4.5213, -4.8087)","(6.8382, 6.5903)","(4.0987, -0.1605)","(-0.2485, -9.77)","(1.363, -9.4274)","(7.2186, -2.6531)","(2.9832, -3.153)","(6.918, 6.7614)","(17.4141, 3.597)","(0.507, -0.4186)","(4.3828, 8.785)","(-0.1619, -3.9043)","(2.644, -3.2236)","(1.891, 0.5695)","(-6.1412, -0.4369)","(-7.4204, -6.4913)","(8.8451, -10.6345)"
1.410000000000000142e+01,"(-16.2621, -0.5882)","(-4.6349, 12.2975)","(0.0622, 0.1522)","(-7.9884, -8.5062)","(6.6853, 6.6906)","(9.2889, -0.2954)","(-1.4599, -3.6211)","(1.7496, -7.9794)","(16.9276, -6.3157)","(3.9126, -3.8148)","(7.2471, 7.3392)","(17.974, 3.3946)","(1.2045, -0.9066)","(4.3741, 8.9733)","(0.9603, -3.5675)","(5.1518, -6.2692)","(0.6306, 0.235)","(-14.3504, -1.0301)","(-7.0713, -7.3244)","(15.4652, -19.1544)"
1.420000000000000107e+01,"(-16.8493, -0.024)","(-1.4593, 5.8991)","(0.1527, 0.382)","(-12.9683, -13.6569)","(7.9375, 8.1757)","(19.7572, -0.7518)","(-2.3547, -3.0029)","(2.9006, -9.0951)","(23.9161, -10.7428)","(6.8503, -6.5068)","(8.6164, 8.8938)","(10.4347, 1.6005)","(3.023, -2.2203)","(5.0978, 10.6345)","(2.3728, -5.7451)","(10.2108, -12.4428)","(0.8775, 0.4069)","(-25.3706, -1.2514)","(-7.8574, -9.0899)","(9.4747, -14.0439)"
1.430000000000000071e+01,"(-11.3459, 0.6689)","(-1.2004, 3.2168)","(0.4037, 1.0153)","(-13.0139, -12.8891)","(9.7779, 10.0976)","(23.4846, -2.3343)","(-4.0503, -4.7024)","(4.3492, -12.1318)","(8.9413, -8.1977)","(11.9584, -11.3543)","(9.9723, 10.2163)","(5.2508, 0.7625)","(7.8674, -5.7311)","(6.0328, 12.5798)","(4.8663, -10.8987)","(13.9966, -17.8473)","(1.9137, 0.9183)","(-16.1696, 1.3449)","(-9.2303, -10.5172)","(2.56, -5.7182)"
1.440000000000000036e+01,"(-7.0621, 0.4805)","(-2.1207, 3.7689)","(1.1217, 2.8306)","(-7.2417, -6.3568)","(10.4137, 10.4833)","(9.7948, -3.2779)","(-7.4528, -8.7013)","(4.9717, -15.0688)","(1.7611, -4.5323)","(14.461, -14.1958)","(9.7991, 9.7197)","(4.2061, 0.7639)","(18.0591, -13.6202)","(6.2281, 12.7532)","(7.7145, -18.7058)","(7.4395, -11.4123)","(4.5959, 2.2237)","(-5.6473, 1.9986)","(-9.9249, -9.8326)","(0.6461, -2.7775)"
1.450000000000000000e+01,"(-6.4463, 0.0516)","(-4.1644, 6.6555)","(3.1922, 8.0642)","(-3.3449, -2.8673)","(8.8901, 8.5876)","(3.098, -2.0912)","(-12.7323, -14.4945)","(3.2685, -14.1353)","(0.0097, -4.3234)","(8.5164, -9.2172)","(8.2054, 7.8814)","(6.2759, 1.286)","(16.8933, -17.2311)","(5.3773, 10.7488)","(4.0212, -18.2226)","(2.3524, -4.6148)","(11.3824, 5.5147)","(-2.712, 1.9061)","(-9.0428, -7.5782)","(0.4487, -3.6344)"
1.460000000000000142e+01,"(-8.9238, -0.2974)","(-8.0109, 12.6404)","(8.3045, 20.7803)","(-2.4254, -2.3647)","(7.0076, 6.6958)","(1.8077, -2.1642)","(-13.5452, -13.2645)","(1.4068, -10.2691)","(-0.4736, -6.6248)","(3.6809, -4.2806)","(6.9275, 6.7101)","(11.2968, 2.3823)","(1.9038, -9.0034)","(4.4426, 8.8593)","(-1.2257, -8.5885)","(0.6212, -1.3522)","(22.8929, 10.8767)","(-3.4549, 3.0461)","(-7.5782, -6.3767)","(0.7447, -6.4982)"
1.470000000000000107e+01,"(-13.8755, -0.5981)","(-10.8966, 18.7638)","(10.7255, 24.4886)","(-3.6601, -3.8446)","(6.4474, 6.3856)","(2.6706, -3.6674)","(-7.7516, -5.4649)","(1.4027, -7.8744)","(-0.8159, -11.5949)","(2.1673, -2.3242)","(6.9698, 7.0108)","(18.5956, 3.8612)","(-1.954, -4.7273)","(4.2405, 8.6525)","(-0.8742, -3.1151)","(0.1855, -0.3363)","(17.4846, 7.1725)","(-6.0819, 5.4261)","(-6.9492, -6.9456)","(1.4775, -12.6953)"
1.480000000000000071e+01,"(-18.0756, -0.4692)","(-5.3401, 13.7758)","(5.4603, 8.618)","(-6.9205, -7.4027)","(7.45, 7.6487)","(5.1369, -7.0309)","(-3.2904, -2.0613)","(2.4227, -8.2353)","(-1.5891, -18.5842)","(2.9601, -2.8772)","(8.2369, 8.4997)","(18.2952, 3.4053)","(-3.8697, -4.9642)","(4.8625, 10.1304)","(0.1471, -1.6843)","(0.2748, -0.3506)","(6.8496, 1.783)","(-11.2592, 10.0455)","(-7.545, -8.6751)","(2.2208, -21.0531)"
1.490000000000000036e+01,"(-14.6875, 0.4504)","(-1.058, 6.0732)","(4.4228, 5.1649)","(-12.6236, -13.435)","(9.3911, 9.7369)","(9.866, -13.5704)","(-1.8174, -1.6116)","(3.9075, -10.8976)","(-3.0709, -18.014)","(5.5519, -5.2476)","(9.8327, 10.1316)","(9.5133, 1.3565)","(-6.1973, -7.5094)","(5.885, 12.3079)","(0.9416, -2.4149)","(0.6421, -0.7747)","(4.2655, 0.5263)","(-15.4853, 14.53)","(-8.9569, -10.4471)","(0.8681, -17.6884)"
1.500000000000000000e+01,"(-8.5125, 0.7314)","(-0.4425, 2.2388)","(5.699, 5.9804)","(-14.6094, -14.7404)","(10.6085, 10.7867)","(12.3056, -18.412)","(-2.4958, -2.7885)","(5.1269, -14.5246)","(-3.1868, -9.2392)","(10.8008, -10.173)","(10.1088, 10.1153)","(4.1663, 0.5481)","(-9.8604, -11.8176)","(6.357, 13.0928)","(2.2385, -4.8534)","(1.5926, -1.9007)","(5.8022, 0.4286)","(-9.5867, 10.862)","(-9.9932, -10.3124)","(-0.4244, -7.7177)"
1.510000000000000142e+01,"(-5.7633, 0.2863)","(-0.8064, 1.6417)","(7.9558, 8.2429)","(-8.1127, -7.0596)","(9.4588, 9.209)","(5.5346, -11.4755)","(-4.8167, -5.6821)","(4.1326, -15.2566)","(-1.6217, -4.2718)","(15.838, -15.2746)","(8.5961, 8.2744)","(2.9547, 0.5242)","(-12.6414, -13.5755)","(5.6368, 11.3035)","(5.0763, -10.6526)","(4.172, -4.9565)","(9.6412, 0.683)","(-3.606, 5.112)","(-9.3961, -8.0158)","(-0.244, -2.6767)"
1.520000000000000107e+01,"(-6.6553, -0.1132)","(-1.7584, 2.8241)","(10.7072, 11.0204)","(-3.2335, -2.5396)","(7.3107, 6.9399)","(1.4635, -4.6532)","(-9.8415, -11.6636)","(1.7091, -11.5352)","(-0.6761, -3.5217)","(10.2796, -10.9536)","(7.0199, 6.7396)","(4.5864, 0.9451)","(-10.2018, -8.2593)","(4.5576, 9.0486)","(8.9712, -20.5324)","(10.6679, -12.7126)","(16.1478, 1.1219)","(-1.6039, 2.1017)","(-7.8121, -6.3416)","(0.0171, -1.2408)"
1.530000000000000071e+01,"(-10.4294, -0.4572)","(-3.8945, 5.9688)","(11.2324, 11.2549)","(-1.2552, -1.0917)","(6.2886, 6.1492)","(0.4652, -1.4503)","(-15.516, -17.1501)","(1.0985, -8.1075)","(-0.4961, -5.5661)","(3.8934, -4.7494)","(6.726, 6.7063)","(8.8993, 1.8959)","(-5.9601, -3.994)","(4.1371, 8.386)","(3.7945, -19.4294)","(17.5828, -21.9856)","(19.5243, 1.0618)","(-1.853, 1.8268)","(-6.8796, -6.5787)","(0.1948, -1.9051)"
1.540000000000000036e+01,"(-16.3623, -0.7104)","(-8.4839, 12.9835)","(8.4731, 8.1382)","(-1.4046, -1.4461)","(6.9551, 7.0996)","(0.4952, -0.8397)","(-11.4437, -9.2728)","(1.9192, -7.5122)","(-0.6763, -10.5253)","(1.3134, -1.6179)","(7.8182, 8.0521)","(17.028, 3.6156)","(-3.9177, -3.3702)","(4.6161, 9.593)","(-2.7163, -7.3505)","(6.9193, -11.8631)","(12.6402, 0.1697)","(-3.5375, 3.1716)","(-7.2346, -8.2007)","(0.4814, -4.0256)"
1.550000000000000000e+01,"(-18.386, -0.1803)","(-12.4388, 20.9773)","(5.9138, 5.6469)","(-2.7434, -2.9415)","(8.8683, 9.2166)","(1.0727, -1.4899)","(-5.0086, -2.4744)","(3.3354, -9.5416)","(-1.3651, -18.6727)","(0.9071, -0.937)","(9.5747, 9.9136)","(21.5316, 4.2427)","(-4.457, -4.973)","(5.6732, 11.8907)","(-2.1729, -1.6193)","(1.7388, -5.7969)","(6.1437, -0.0824)","(-7.43, 6.5231)","(-8.6139, -10.2356)","(1.1451, -9.2482)"
1.560000000000000142e+01,"(-11.9541, 0.7995)","(-4.6293, 13.8705)","(5.4399, 5.4119)","(-6.0478, -6.5444)","(10.625, 10.909)","(2.4588, -3.2991)","(-1.5429, -0.4714)","(4.9405, -13.3645)","(-3.0613, -19.9521)","(1.6817, -1.5974)","(10.3511, 10.4577)","(11.9055, 1.746)","(-7.0428, -8.5559)","(6.4247, 13.3115)","(-2.2591, -0.0517)","(0.7874, -5.7854)","(3.9642, 0.089)","(-14.4584, 12.8355)","(-9.9634, -10.7335)","(2.3776, -19.8831)"
1.570000000000000107e+01,"(-6.4187, 0.6382)","(0.0806, 5.322)","(6.9684, 7.153)","(-12.8424, -13.8311)","(10.068, 9.9129)","(5.9117, -7.8586)","(-0.6437, 0.004)","(4.9945, -15.9305)","(-3.5918, -9.6986)","(3.6826, -3.4418)","(9.0584, 8.7655)","(4.5068, 0.4494)","(-11.2715, -13.4448)","(5.9228, 11.937)","(-3.8662, 0.3754)","(0.8898, -8.3879)","(5.2603, 0.3175)","(-15.6368, 15.4069)","(-9.7522, -8.5824)","(1.8707, -23.6497)"
1.580000000000000071e+01,"(-5.0004, 0.1315)","(0.8456, 1.964)","(9.8413, 10.1719)","(-16.6479, -16.9904)","(7.7714, 7.357)","(12.7106, -17.2049)","(-1.0039, 0.1634)","(2.416, -13.2381)","(-1.8283, -3.5972)","(8.4934, -7.9097)","(7.2133, 6.8716)","(1.391, 0.1464)","(-12.9419, -13.0025)","(4.7372, 9.3762)","(-7.8574, 0.703)","(1.3843, -13.1846)","(9.3744, 0.6715)","(-6.072, 8.3062)","(-8.1298, -6.4146)","(-0.7055, -10.1602)"
1.590000000000000036e+01,"(-6.9158, -0.2293)","(1.6421, 2.1022)","(11.7595, 11.9478)","(-8.4978, -7.0597)","(6.2435, 6.0157)","(12.4256, -19.7757)","(-2.1867, 0.3708)","(0.9126, -8.84)","(-0.5632, -1.8258)","(16.7007, -15.7434)","(6.5352, 6.4452)","(0.9423, 0.172)","(-8.8445, -6.1986)","(4.0765, 8.1999)","(-16.1696, 1.4916)","(1.6806, -17.9256)","(16.7322, 1.1959)","(-1.6095, 3.1176)","(-6.8785, -6.2399)","(-0.9386, -3.6716)"
1.600000000000000000e+01,"(-11.7405, -0.5899)","(3.1441, 3.8387)","(9.756, 9.4886)","(-3.2842, -2.0961)","(6.4826, 6.558)","(2.7073, -8.9395)","(-5.2956, 0.8672)","(1.4044, -7.0432)","(-0.271, -2.5897)","(14.1739, -14.5579)","(7.3782, 7.5688)","(1.8028, 0.3816)","(-4.6369, -2.9395)","(4.3701, 9.0454)","(-23.0645, 4.0749)","(0.8463, -15.4444)","(20.6321, 1.1333)","(-0.3075, 1.0485)","(-6.9417, -7.6818)","(-1.2933, -2.8809)"
1.610000000000000142e+01,"(-18.3229, -0.7771)","(6.5122, 8.0492)","(6.4979, 6.1367)","(-2.14, -0.9574)","(8.2319, 8.5574)","(-0.0857, -3.9334)","(-13.133, 2.1411)","(2.6792, -8.193)","(-0.3053, -5.1904)","(4.7821, -6.1966)","(9.196, 9.5556)","(4.0659, 0.8823)","(-3.2311, -2.9766)","(5.4018, 11.3352)","(-11.7782, 6.7956)","(0.0846, -9.0448)","(12.3632, 0.067)","(-0.1061, 1.1686)","(-8.2119, -9.8774)","(-2.2568, -4.5846)"
1.619999999999999929e+01,"(-17.8436, 0.1395)","(12.7542, 15.3902)","(5.0962, 4.9714)","(-3.3855, -1.3242)","(10.4069, 10.7781)","(-1.0031, -4.0505)","(-25.4725, 4.8011)","(4.4056, -11.6757)","(-0.5529, -11.2617)","(1.5841, -2.7121)","(10.48, 10.6928)","(9.76, 2.1321)","(-4.2272, -4.9368)","(6.4076, 13.3528)","(-2.7604, 4.1487)","(0.1612, -5.7711)","(5.2966, -0.172)","(-0.1564, 2.3185)","(-9.8148, -11.0363)","(-4.267, -8.6984)"
1.630000000000000071e+01,"(-9.8282, 0.9902)","(15.145, 15.1775)","(5.9422, 6.0532)","(-6.5477, -2.5563)","(10.6475, 10.6301)","(-1.8445, -6.5619)","(-16.751, 6.2281)","(5.5318, -15.695)","(-1.4148, -21.5279)","(1.4353, -3.0976)","(9.575, 9.3449)","(21.2043, 4.5642)","(-7.2716, -9.0391)","(6.2165, 12.614)","(-0.2162, 1.4682)","(0.499, -6.2514)","(2.6908, 0.0155)","(-0.3779, 5.2797)","(-10.0778, -9.2678)","(-7.9228, -16.0236)"
1.640000000000000213e+01,"(-4.9246, 0.5473)","(8.4033, 4.7868)","(8.5536, 8.86)","(-13.3424, -5.2191)","(8.4083, 7.9824)","(-3.3317, -11.948)","(-4.9526, 4.5647)","(3.6155, -15.1796)","(-3.705, -20.1187)","(2.3975, -5.3446)","(7.5266, 7.1314)","(22.7501, 4.2784)","(-12.0871, -14.5319)","(4.989, 9.8653)","(0.51, 0.9869)","(0.9956, -9.674)","(3.3967, 0.1999)","(-0.918, 12.5595)","(-8.5348, -6.6314)","(-9.9662, -18.6867)"
1.650000000000000000e+01,"(-4.2147, 0.0525)","(3.1221, 0.8629)","(11.5795, 11.9111)","(-21.2753, -8.0211)","(6.3563, 6.0309)","(-5.5907, -18.9794)","(-1.9456, 3.9311)","(1.0213, -10.2822)","(-3.9558, -7.4353)","(4.6522, -10.3305)","(6.4214, 6.2511)","(9.1146, 0.8686)","(-13.2621, -12.8406)","(4.0739, 8.1259)","(1.1673, 1.6849)","(1.6324, -15.5574)","(6.4141, 0.4712)","(-1.4024, 24.4753)","(-6.9648, -5.9503)","(-6.2537, -9.5157)"
1.660000000000000142e+01,"(-6.5256, -0.2765)","(1.0929, -0.0728)","(11.2196, 11.1278)","(-15.1734, -4.725)","(6.069, 6.0596)","(-6.2203, -16.5562)","(-2.0088, 5.7309)","(0.9024, -7.0155)","(-1.9978, -1.9586)","(8.0743, -18.1584)","(6.9384, 7.0713)","(3.9502, -0.0446)","(-8.1948, -5.0604)","(4.138, 8.5151)","(2.5478, 3.7324)","(1.5821, -18.776)","(13.0621, 0.9944)","(0.9294, 18.8702)","(-6.6844, -7.1362)","(-2.6661, -3.49)"
1.669999999999999929e+01,"(-11.8929, -0.6615)","(1.2745, -0.4493)","(7.6158, 7.1902)","(-6.1006, -1.2887)","(7.5181, 7.7958)","(-4.0631, -7.6313)","(-3.2872, 9.5654)","(1.979, -7.0007)","(-1.6379, -0.646)","(7.3922, -18.0687)","(8.7058, 9.0633)","(4.3015, -0.3537)","(-3.7755, -2.086)","(5.0807, 10.6605)","(5.9448, 8.8517)","(0.3837, -12.9629)","(21.9904, 1.5062)","(2.1344, 6.7137)","(-7.7669, -9.3791)","(-0.9521, -1.3905)"
1.680000000000000071e+01,"(-19.422, -0.8892)","(2.5389, -0.9669)","(5.1143, 4.8657)","(-1.8307, -0.2779)","(9.92, 10.3449)","(-1.8014, -3.2769)","(-5.3328, 15.7976)","(3.6042, -9.6799)","(-2.8137, -0.7519)","(2.8906, -8.7522)","(10.4472, 10.7605)","(7.0318, -0.645)","(-2.3819, -2.1492)","(6.285, 13.1655)","(12.9104, 18.1911)","(-0.035, -6.8557)","(17.4996, 0.4831)","(1.9624, 2.9605)","(-9.5338, -11.1587)","(-0.8718, -1.651)"
1.690000000000000213e+01,"(-18.2756, 0.2427)","(5.8146, -2.1679)","(5.0406, 5.0568)","(-0.464, -0.0337)","(11.0827, 11.2347)","(-1.0185, -2.7228)","(-5.2851, 18.4998)","(5.4317, -14.2428)","(-5.7422, -1.54)","(0.9424, -3.2322)","(10.1098, 9.9815)","(12.7194, -1.1588)","(-3.2322, -3.8392)","(6.487, 13.2703)","(16.0495, 14.9904)","(0.2038, -4.8193)","(7.1787, -0.3516)","(3.034, 3.4646)","(-10.3279, -10.0344)","(-1.6223, -3.3055)"
1.700000000000000000e+01,"(-9.0539, 1.1654)","(13.5958, -5.0634)","(7.0322, 7.2698)","(-0.3964, 0.0205)","(9.2228, 8.8404)","(-1.3335, -4.5737)","(-1.9168, 11.8521)","(5.0791, -16.6812)","(-12.4762, -3.3919)","(0.4774, -1.344)","(7.977, 7.5465)","(19.8282, -1.9141)","(-5.9724, -7.5935)","(5.3176, 10.5355)","(8.5065, 1.0283)","(0.5805, -6.2852)","(2.2353, -0.2112)","(5.2692, 5.8891)","(-9.0216, -7.0352)","(-3.5424, -7.3398)"
1.710000000000000142e+01,"(-3.8648, 0.5897)","(23.5349, -9.7608)","(10.4543, 10.8482)","(-0.826, 0.0587)","(6.6816, 6.2553)","(-2.4814, -9.0928)","(-0.5772, 5.8591)","(1.7747, -12.6317)","(-22.4599, -5.4841)","(0.7784, -1.7921)","(6.4145, 6.1545)","(17.0592, -2.0849)","(-11.2149, -14.0751)","(4.1477, 8.2036)","(2.9777, -2.0456)","(1.1521, -10.6456)","(0.5167, -0.0595)","(9.6095, 10.7533)","(-7.1606, -5.7386)","(-7.7027, -15.8888)"
1.719999999999999929e+01,"(-2.8267, 0.0772)","(13.1826, -9.1812)","(12.3448, 12.5178)","(-1.9955, 0.1387)","(5.7621, 5.6499)","(-4.816, -17.4025)","(-0.8406, 3.9768)","(0.4958, -7.7439)","(-18.0041, -1.5663)","(1.6548, -3.6628)","(6.5246, 6.5853)","(8.2371, -1.3592)","(-14.6715, -15.4785)","(3.9362, 8.0354)","(1.815, -3.5319)","(1.8387, -17.4117)","(0.0948, -0.0108)","(14.1973, 15.2112)","(-6.4844, -6.5837)","(-11.2993, -21.7203)"
1.730000000000000071e+01,"(-4.5083, -0.1995)","(3.0957, -5.0618)","(9.4007, 9.0199)","(-5.1775, 0.35)","(6.7749, 6.9812)","(-6.8609, -20.7713)","(-1.6956, 5.3654)","(1.2569, -6.163)","(-6.7838, 1.6319)","(3.7634, -8.2545)","(8.124, 8.4555)","(3.6592, -0.605)","(-9.6207, -5.9414)","(4.725, 9.8972)","(2.6476, -6.0797)","(1.4178, -18.8885)","(0.0268, 0.0002)","(11.2818, 10.2058)","(-7.2997, -8.7582)","(-6.9252, -10.1113)"
1.740000000000000213e+01,"(-8.8773, -0.5432)","(0.3782, -3.3229)","(5.7453, 5.346)","(-13.5534, 0.9182)","(9.1687, 9.6036)","(-5.2162, -10.1156)","(-3.2999, 9.512)","(2.6626, -7.67)","(-1.9827, 1.2647)","(7.9987, -17.6577)","(10.2115, 10.606)","(3.0862, -0.3606)","(-4.0277, -1.4518)","(6.0448, 12.7157)","(4.9862, -11.2717)","(0.069, -11.0586)","(0.0616, 0.0048)","(5.5522, 4.0457)","(-9.1177, -11.0473)","(-3.0202, -3.1603)"
1.750000000000000000e+01,"(-17.2753, -1.0298)","(-0.2687, -4.6694)","(4.4312, 4.3226)","(-27.1802, 2.151)","(11.2201, 11.5458)","(-2.4068, -3.3833)","(-5.6926, 16.5963)","(4.6286, -11.7138)","(-1.1964, 1.611)","(9.282, -21.9478)","(10.5997, 10.6112)","(5.1534, -0.4861)","(-1.3485, -0.6742)","(6.6888, 13.8059)","(7.4947, -18.6079)","(-0.1044, -5.3228)","(0.1612, 0.0134)","(2.4252, 1.8883)","(-10.4477, -10.8062)","(-1.966, -1.3979)"
1.760000000000000142e+01,"(-22.2869, -0.4875)","(-0.547, -8.2603)","(5.5078, 5.644)","(-17.2609, 2.8267)","(10.1726, 9.9143)","(-0.6891, -0.9462)","(-5.485, 19.358)","(6.0271, -16.5328)","(-1.9129, 2.9715)","(3.1974, -10.1647)","(8.5753, 8.1432)","(10.1559, -0.9054)","(-1.0417, -1.0974)","(5.7196, 11.3928)","(3.704, -17.5615)","(0.1888, -3.8784)","(0.4429, 0.0375)","(2.1281, 2.1539)","(-9.5693, -7.6702)","(-3.0717, -1.8697)"
1.769999999999999929e+01,"(-12.14, 1.3341)","(-1.0152, -15.2309)","(8.5049, 8.8585)","(-6.5531, 2.3873)","(7.2823, 6.7686)","(-0.2161, -0.5168)","(-1.4976, 11.3144)","(3.5724, -15.7108)","(-4.0041, 6.1517)","(0.7152, -3.7663)","(6.5515, 6.1946)","(18.8505, -1.7189)","(-1.8495, -2.3539)","(4.3195, 8.4815)","(-1.0022, -8.4854)","(0.5581, -5.6388)","(1.2681, 0.1085)","(3.603, 4.0046)","(-7.4901, -5.647)","(-5.8464, -3.5408)"
1.780000000000000071e+01,"(-4.3959, 1.089)","(-2.2892, -21.0743)","(12.1694, 12.5741)","(-4.9203, 2.6575)","(5.6285, 5.3924)","(-0.2845, -1.0104)","(-0.2262, 4.9061)","(0.4977, -9.7286)","(-8.5008, 13.0735)","(0.1705, -2.7324)","(6.1686, 6.1416)","(20.889, -2.3072)","(-4.0388, -5.3581)","(3.7856, 7.6478)","(-0.6161, -3.4149)","(1.1571, -10.2946)","(3.7366, 0.3219)","(7.2031, 8.1721)","(-6.3682, -6.0467)","(-11.8288, -7.183)"
1.790000000000000213e+01,"(-1.233, 0.3437)","(-3.6747, -13.776)","(11.7169, 11.5993)","(-6.6634, 3.9303)","(6.0604, 6.1723)","(-0.6088, -2.3275)","(-0.487, 2.7444)","(0.5268, -6.0378)","(-12.1503, 20.6301)","(0.1317, -4.3569)","(7.4815, 7.7632)","(10.253, -1.6934)","(-9.1755, -12.1805)","(4.3544, 9.0861)","(0.4343, -2.3673)","(1.9688, -18.0053)","(11.0064, 0.9459)","(13.3898, 14.9476)","(-6.8362, -8.0415)","(-19.3021, -11.3515)"
1.800000000000000000e+01,"(-0.4734, 0.0437)","(-2.5658, -5.593)","(7.3414, 6.8192)","(-10.3781, 6.1476)","(8.2027, 8.601)","(-1.4744, -5.7708)","(-1.158, 3.6648)","(1.6827, -5.9561)","(-4.6292, 13.692)","(0.2561, -8.3534)","(9.7503, 10.1941)","(3.6779, -0.7602)","(-16.1889, -19.3095)","(5.6875, 11.9984)","(1.4669, -3.6358)","(1.5268, -20.0029)","(26.9068, 2.1499)","(14.5153, 14.3689)","(-8.5777, -10.6703)","(-14.768, -7.3604)"
1.810000000000000142e+01,"(-0.8116, -0.0399)","(-0.9373, -2.4787)","(4.4325, 4.1461)","(-14.8431, 8.9076)","(10.9059, 11.3697)","(-3.6784, -14.3615)","(-2.448, 6.9207)","(3.3707, -8.6979)","(-0.0842, 5.2915)","(0.4886, -16.2693)","(10.95, 11.1273)","(1.1382, -0.2154)","(-12.4767, -8.4154)","(6.7649, 14.0891)","(3.2975, -7.2032)","(-0.085, -10.8532)","(21.9043, 0.5039)","(7.5739, 5.4676)","(-10.3799, -11.4637)","(-6.2366, -2.2469)"
1.819999999999999929e+01,"(-1.8472, -0.1294)","(-0.3798, -2.6711)","(4.227, 4.2328)","(-14.0732, 8.9313)","(11.1211, 11.0795)","(-7.4116, -25.9062)","(-4.9543, 13.8172)","(5.6131, -13.9101)","(0.5849, 1.7216)","(0.3187, -22.3398)","(9.3155, 8.9358)","(0.9854, -0.1096)","(-5.4703, -0.6007)","(6.1753, 12.4107)","(6.7415, -14.705)","(-0.2435, -4.4999)","(8.9345, -1.3919)","(2.7724, 1.5583)","(-10.1314, -8.5666)","(-1.945, -0.565)"
1.830000000000000071e+01,"(-4.5675, -0.3461)","(-0.3423, -4.9361)","(6.2083, 6.4455)","(-8.4581, 5.8387)","(8.2197, 7.6682)","(-6.9507, -14.1134)","(-6.9382, 21.3909)","(5.9048, -17.8447)","(1.1511, 1.5363)","(-0.5991, -13.3289)","(6.8764, 6.4224)","(1.9879, -0.1779)","(-2.6222, 1.1902)","(4.6125, 9.0174)","(7.9241, -21.844)","(0.0549, -2.4706)","(7.4452, -2.0862)","(0.712, 0.3755)","(-7.9769, -5.7382)","(-0.4456, -0.1242)"
1.840000000000000213e+01,"(-11.6575, -0.8978)","(-0.5493, -10.2589)","(10.0711, 10.5236)","(-5.1031, 3.509)","(5.7647, 5.3813)","(-4.4192, -4.2591)","(-2.6883, 15.1148)","(1.8265, -13.5673)","(2.2592, 2.7752)","(-0.5742, -5.1118)","(5.9116, 5.7796)","(4.5619, -0.3892)","(-3.193, 2.4542)","(3.7136, 7.407)","(0.1032, -13.6349)","(0.3343, -3.4507)","(9.2129, -2.899)","(0.186, 0.1448)","(-6.3697, -5.5536)","(-0.1212, -0.0541)"
1.850000000000000000e+01,"(-24.9051, -1.5825)","(-1.2652, -19.7325)","(13.2228, 13.5415)","(-5.0552, 3.1801)","(5.4466, 5.4394)","(-4.1995, -2.1526)","(0.1554, 6.088)","(-0.0733, -7.37)","(4.8138, 5.9923)","(-0.1865, -1.5635)","(6.8178, 7.0268)","(11.0122, -0.9277)","(-5.747, 4.5303)","(3.9928, 8.2765)","(-2.1219, -4.5698)","(0.7749, -6.7075)","(12.1447, -3.8718)","(0.2669, 0.2949)","(-6.4071, -7.2619)","(-0.214, -0.1283)"
1.860000000000000142e+01,"(-20.5416, 0.8416)","(-3.2822, -21.2044)","(10.2922, 9.887)","(-7.5795, 4.531)","(7.1113, 7.4302)","(-6.2508, -2.6203)","(0.193, 1.8444)","(0.6864, -4.9525)","(10.4006, 12.887)","(-0.0196, -0.8224)","(9.07, 9.5224)","(23.0775, -2.0415)","(-11.145, 8.7406)","(5.2292, 11.0431)","(-1.0391, -1.0015)","(1.6342, -13.8007)","(14.5852, -4.7387)","(0.615, 0.7102)","(-7.94, -10.0261)","(-0.5182, -0.3202)"
1.869999999999999929e+01,"(-7.292, 2.5688)","(-3.9658, -8.9963)","(5.6568, 5.1271)","(-12.3464, 7.307)","(10.058, 10.5864)","(-10.3912, -4.3298)","(-0.0275, 0.5485)","(2.0047, -5.9131)","(16.2797, 18.1435)","(0.0389, -1.4886)","(11.0409, 11.3856)","(21.2946, -2.578)","(-16.5377, 14.1093)","(6.6573, 13.9792)","(-0.7938, -0.0992)","(2.3468, -22.5652)","(13.473, -4.5906)","(1.5546, 1.8152)","(-10.0767, -11.8556)","(-1.3485, -0.8396)"
1.880000000000000071e+01,"(-3.9108, 2.813)","(-2.0108, -2.6375)","(3.5613, 3.3804)","(-16.1131, 9.7877)","(11.7777, 12.0175)","(-16.3397, -6.6424)","(-0.2134, 0.6727)","(3.9624, -9.6058)","(11.0133, 7.6023)","(0.1152, -3.3277)","(10.1549, 9.9022)","(7.9726, -1.7615)","(-9.992, 12.3154)","(6.6354, 13.496)","(-1.4112, 0.105)","(0.5267, -16.4787)","(10.0477, -3.576)","(4.1503, 4.8711)","(-10.6257, -9.7071)","(-3.6942, -2.3095)"
1.890000000000000213e+01,"(-4.7606, 4.2483)","(-0.8056, -0.5854)","(4.1255, 4.2077)","(-12.1087, 7.9948)","(9.5214, 9.0449)","(-17.1315, -5.9801)","(-0.5368, 1.4644)","(6.406, -15.7506)","(4.6266, 1.275)","(0.2971, -8.0207)","(7.4379, 6.9026)","(3.6499, -1.2291)","(-2.6622, 6.101)","(5.0481, 9.8745)","(-3.1181, 0.2311)","(-0.59, -6.479)","(8.0613, -2.8169)","(10.8777, 12.7083)","(-8.6358, -6.1039)","(-10.2211, -6.3889)"
1.900000000000000000e+01,"(-7.5749, 6.8621)","(-0.9749, -0.3088)","(6.7581, 7.0725)","(-6.375, 4.5469)","(6.3036, 5.7585)","(-10.3366, -2.4881)","(-1.3363, 3.5381)","(5.3692, -18.2762)","(2.0661, -0.2765)","(0.655, -18.5904)","(5.8095, 5.5527)","(4.3043, -1.7419)","(-0.8599, 2.1584)","(3.757, 7.3884)","(-7.5308, 0.4802)","(-0.3385, -1.9223)","(8.6148, -2.8518)","(19.333, 21.1314)","(-6.533, -5.1446)","(-23.0371, -14.0499)"
1.910000000000000142e+01,"(-12.0226, 10.9808)","(-1.9635, -0.5347)","(11.3287, 11.8607)","(-4.1369, 2.7924)","(5.0355, 4.8772)","(-5.3467, -1.1656)","(-3.4295, 8.9929)","(0.5356, -11.5843)","(2.629, -0.9774)","(0.3409, -25.8295)","(6.1809, 6.2948)","(7.1453, -2.9434)","(-0.9348, 1.0817)","(3.6698, 7.5279)","(-17.71, 1.2622)","(-0.1796, -0.5591)","(11.2237, -3.6011)","(11.1204, 7.9065)","(-6.0499, -6.4557)","(-17.9736, -8.7831)"
1.920000000000000284e+01,"(-13.3607, 13.0408)","(-4.4994, -1.2559)","(13.7187, 13.9228)","(-5.0188, 3.0766)","(6.009, 6.2124)","(-4.2773, -1.4026)","(-7.6646, 20.7463)","(-0.3498, -5.685)","(4.9408, -1.9252)","(-1.0375, -11.5805)","(8.2101, 8.6278)","(12.8244, -5.2775)","(-1.9204, 1.5716)","(4.7007, 9.9134)","(-25.8816, 4.5695)","(-0.3064, -0.6556)","(14.3287, -4.6139)","(6.0614, 1.7712)","(-7.2443, -9.1473)","(-7.8744, -1.5936)"
1.930000000000000071e+01,"(-8.0318, 9.1799)","(-10.8773, -3.0758)","(9.0681, 8.464)","(-8.3473, 4.9331)","(8.7306, 9.2329)","(-6.2282, -2.4984)","(-6.2175, 23.3727)","(0.6886, -4.023)","(10.3686, -3.9736)","(-1.0645, -4.5353)","(10.7563, 11.2361)","(18.7426, -7.8714)","(-4.2352, 3.232)","(6.3257, 13.3714)","(-9.5468, 7.939)","(-0.6664, -1.3844)","(14.4293, -4.8393)","(6.3279, 0.5164)","(-9.5157, -11.8326)","(-6.5377, -0.0778)"
1.940000000000000213e+01,"(-4.0367, 4.9878)","(-22.7487, -5.9722)","(4.4783, 3.9677)","(-13.9795, 8.251)","(11.7176, 12.2172)","(-10.9971, -4.6226)","(0.9215, 9.2845)","(2.0146, -5.4251)","(19.3705, -7.7678)","(-1.4212, -3.9686)","(10.9794, 10.9367)","(14.3687, -6.5317)","(-9.6671, 7.2712)","(7.0048, 14.4446)","(-0.5748, 4.8901)","(-1.5904, -3.3287)","(10.9702, -3.8905)","(9.0223, 0.4051)","(-10.9304, -10.9758)","(-8.6051, 0.3309)"
1.950000000000000000e+01,"(-3.2657, 3.4788)","(-20.9066, -2.4021)","(2.8154, 2.6891)","(-16.6326, 10.2302)","(11.0732, 10.856)","(-17.6746, -7.2066)","(2.2956, 4.2271)","(4.117, -9.551)","(18.0757, -9.5965)","(-2.3424, -6.1173)","(8.2804, 7.7121)","(6.6564, -3.3427)","(-18.1435, 14.4352)","(5.6364, 11.1054)","(2.0761, 3.7084)","(-4.0184, -8.4484)","(8.1559, -2.8993)","(13.6953, 0.584)","(-9.4539, -6.867)","(-12.4533, 0.5295)"
1.960000000000000142e+01,"(-4.7678, 4.4692)","(-7.602, 2.3526)","(3.6559, 3.7644)","(-10.375, 7.1156)","(7.4093, 6.7341)","(-17.11, -5.7215)","(3.7023, 4.42)","(6.9298, -16.544)","(6.3543, -6.1163)","(-4.1394, -10.8264)","(5.9402, 5.5384)","(3.144, -1.5398)","(-12.816, 14.6848)","(3.9644, 7.695)","(3.8904, 5.2071)","(-9.3956, -19.4908)","(7.9614, -2.6767)","(17.6243, 0.4446)","(-6.9154, -4.886)","(-16.4629, 0.8334)"
1.970000000000000284e+01,"(-8.331, 7.5213)","(-2.8292, 2.6493)","(6.4897, 6.8301)","(-4.9336, 3.6212)","(4.9948, 4.6397)","(-9.1352, -1.8673)","(5.9636, 6.8077)","(5.4744, -19.0705)","(1.5348, -2.4388)","(-6.7912, -17.5149)","(5.6307, 5.6252)","(3.1533, -1.369)","(-1.9889, 7.2047)","(3.4242, 6.917)","(6.8036, 9.1346)","(-11.74, -21.6304)","(10.1523, -3.2679)","(14.6578, -0.3945)","(-5.8126, -5.6617)","(-15.4462, 1.2174)"
1.980000000000000071e+01,"(-13.3564, 12.2013)","(-2.6233, 3.9983)","(11.6285, 12.2315)","(-3.3053, 2.2095)","(5.0288, 5.0823)","(-4.1862, -0.7812)","(9.8072, 11.1566)","(-0.1616, -10.9498)","(0.2156, -1.0296)","(-7.1103, -16.9862)","(7.2397, 7.5818)","(5.5088, -2.2772)","(0.6546, 2.8238)","(4.1443, 8.6985)","(11.3803, 14.5702)","(-6.1011, -7.4205)","(13.6284, -4.354)","(8.8687, -0.6829)","(-6.5418, -8.094)","(-10.342, 1.1825)"
1.990000000000000213e+01,"(-13.0785, 13.1234)","(-4.2202, 6.7669)","(14.529, 14.7777)","(-4.5412, 2.745)","(7.1178, 7.5131)","(-3.2037, -1.0455)","(13.0734, 13.9515)","(-0.7784, -4.6362)","(-0.0459, -1.4286)","(-4.2182, -8.7482)","(10.0314, 10.5815)","(10.8417, -4.4336)","(1.7866, 2.5247)","(5.7686, 12.2466)","(13.2701, 12.9589)","(-3.7765, -2.9596)","(15.1747, -5.0)","(6.2154, -0.2788)","(-8.7141, -11.2987)","(-7.1958, 0.7669)"
2.000000000000000000e+01,"(-6.569, 8.0147)","(-7.536, 12.0595)","(9.0334, 8.3071)","(-8.1665, 4.7876)","(10.6114, 11.2382)","(-4.9673, -2.0252)","(10.5104, 9.259)","(0.307, -2.7713)","(-0.1438, -2.9184)","(-1.9652, -3.96)","(11.5658, 11.7929)","(18.8575, -7.7984)","(3.3263, 4.223)","(7.1398, 14.9266)","(8.7939, 4.7946)","(-4.7986, -2.9392)","(12.2056, -4.2787)","(7.1115, 0.1137)","(-10.8986, -12.1099)","(-7.4354, 0.5036)"
2.010000000000000142e+01,"(-3.0557, 3.9236)","(-10.2093, 17.6022)","(3.9654, 3.3742)","(-14.5385, 8.5295)","(12.3516, 12.5724)","(-9.4638, -4.0497)","(5.8823, 4.3761)","(1.3888, -3.724)","(-0.2835, -6.7179)","(-1.3189, -3.0797)","(9.4196, 8.9193)","(17.4863, -7.7487)","(6.5147, 8.3819)","(6.3526, 12.6991)","(4.2082, 1.9394)","(-7.5793, -4.5018)","(8.5687, -3.0898)","(10.8322, 0.4497)","(-10.3561, -8.154)","(-10.4653, 0.484)"
2.020000000000000284e+01,"(-2.6506, 2.7776)","(-5.9571, 14.1078)","(1.9071, 1.7536)","(-17.5635, 10.79)","(9.2373, 8.5948)","(-17.2159, -7.2497)","(3.5532, 3.0636)","(3.1132, -6.9787)","(-0.6755, -15.5955)","(-1.8971, -4.8713)","(6.4077, 5.8491)","(7.7581, -3.9618)","(12.1793, 15.1974)","(4.394, 8.4644)","(2.6331, 2.3037)","(-12.5321, -7.4329)","(7.4564, -2.5609)","(16.3537, 0.6571)","(-7.5845, -4.8966)","(-15.2279, 0.6755)"
2.030000000000000071e+01,"(-4.2729, 3.9409)","(-1.7435, 6.9929)","(2.2781, 2.3358)","(-10.0429, 7.0368)","(5.6033, 4.9981)","(-19.4333, -6.9395)","(3.9303, 4.175)","(6.282, -13.8533)","(-2.2569, -25.662)","(-3.5483, -9.3351)","(5.2497, 5.095)","(2.6961, -1.4716)","(14.5642, 14.562)","(3.3133, 6.5552)","(3.3609, 4.2029)","(-16.6554, -9.5176)","(9.0282, -2.9293)","(17.7322, 0.1087)","(-5.7621, -4.9253)","(-17.179, 1.0862)"
2.040000000000000213e+01,"(-8.0174, 7.158)","(-1.0369, 3.3432)","(4.2605, 4.4995)","(-4.1659, 3.208)","(4.3519, 4.2081)","(-10.3108, -2.0107)","(6.371, 7.2729)","(7.8955, -21.1375)","(-4.7533, -13.8613)","(-6.5284, -17.0735)","(6.2488, 6.4796)","(1.0621, -0.5217)","(8.6558, 4.6672)","(3.6111, 7.5051)","(5.9926, 8.2123)","(-12.837, -6.4872)","(12.5023, -3.9754)","(11.6807, -0.745)","(-5.8943, -6.9424)","(-12.5699, 1.3139)"
2.050000000000000000e+01,"(-13.8367, 12.4969)","(-1.6961, 3.207)","(8.7302, 9.2718)","(-2.2154, 1.5442)","(5.4879, 5.7195)","(-3.9553, -0.3694)","(10.8363, 12.3833)","(0.9752, -14.6426)","(-3.6829, -3.979)","(-7.9107, -19.361)","(8.8971, 9.4351)","(1.4513, -0.6117)","(3.3375, 1.0019)","(5.0335, 10.6981)","(10.9748, 14.685)","(-6.8591, -3.0583)","(15.4445, -5.0016)","(6.678, -0.5691)","(-7.7333, -10.2561)","(-7.7896, 0.958)"
2.060000000000000142e+01,"(-13.9896, 13.953)","(-3.3393, 5.3975)","(15.1576, 15.8751)","(-2.9491, 1.789)","(8.5564, 9.1271)","(-1.5534, -0.3077)","(13.6941, 14.3144)","(-1.8493, -5.438)","(-3.1118, -1.3017)","(-4.7797, -9.8393)","(11.595, 12.0828)","(3.0405, -1.2393)","(0.9707, 0.3942)","(6.8882, 14.5712)","(14.2657, 14.8712)","(-4.1752, -2.044)","(13.7062, -4.7109)","(5.6131, -0.0969)","(-10.4025, -12.715)","(-6.4812, 0.5585)"
2.070000000000000284e+01,"(-6.36, 8.0803)","(-6.667, 10.4479)","(12.971, 12.5573)","(-5.6384, 3.2884)","(12.2607, 12.8913)","(-1.7993, -0.6902)","(9.636, 7.8652)","(-0.7732, -1.543)","(-4.7489, -1.2281)","(-1.9982, -3.6735)","(10.7705, 10.4993)","(7.0015, -2.8308)","(0.631, 0.6445)","(7.0803, 14.4413)","(9.6292, 4.9064)","(-4.8115, -2.7201)","(9.4148, -3.4171)","(7.7985, 0.2619)","(-11.1566, -9.9881)","(-8.389, 0.4338)"
2.080000000000000071e+01,"(-2.3964, 3.437)","(-10.8519, 17.8006)","(5.7329, 4.7361)","(-11.4845, 6.6508)","(11.6833, 11.4475)","(-3.5519, -1.5298)","(4.8089, 3.3159)","(-0.0565, -0.5433)","(-8.5116, -2.1602)","(-0.7254, -1.4733)","(7.3373, 6.6473)","(15.8697, -6.4299)","(1.1318, 1.4477)","(5.1052, 9.8671)","(4.0787, 1.0519)","(-7.9923, -4.7433)","(7.2024, -2.5408)","(12.7847, 0.6069)","(-8.5997, -5.391)","(-12.8457, 0.5268)"
2.090000000000000213e+01,"(-1.5415, 1.75)","(-7.613, 16.5212)","(1.8699, 1.3856)","(-19.0324, 11.2674)","(7.2581, 6.4269)","(-7.8844, -3.482)","(2.7425, 2.3645)","(0.278, -0.7244)","(-15.5682, -3.9132)","(-0.7136, -1.7805)","(5.1671, 4.8228)","(23.4814, -9.8857)","(2.5447, 3.4022)","(3.4252, 6.617)","(1.6193, 0.8963)","(-13.7732, -8.1979)","(7.9418, -2.6151)","(18.4498, 0.6551)","(-5.9969, -4.3158)","(-17.5023, 0.8604)"
2.100000000000000000e+01,"(-2.4738, 2.2974)","(-1.6501, 7.9327)","(0.4947, 0.3215)","(-14.3933, 9.5353)","(4.329, 3.8991)","(-16.9594, -7.4072)","(3.2791, 3.5566)","(0.7395, -1.5592)","(-20.7236, -4.1455)","(-1.3529, -3.5686)","(5.3437, 5.4291)","(11.561, -5.7801)","(6.1603, 8.3388)","(3.1644, 6.4604)","(1.54, 1.7957)","(-17.4541, -9.8733)","(11.0375, -3.5079)","(16.3598, -0.317)","(-5.3777, -5.771)","(-15.6519, 1.3134)"
2.110000000000000142e+01,"(-4.9892, 4.4154)","(-0.3429, 2.8469)","(0.3932, 0.1996)","(-5.4999, 4.4247)","(4.1243, 4.1456)","(-22.6084, -8.5387)","(5.7451, 6.6591)","(1.8677, -3.7604)","(-13.2918, -0.4484)","(-2.9691, -7.9328)","(7.4881, 7.9355)","(4.0404, -2.5351)","(13.6908, 17.8349)","(4.2081, 8.914)","(2.7406, 3.8135)","(-11.704, -5.6383)","(14.9699, -4.7771)","(9.0808, -0.8833)","(-6.6722, -8.8143)","(-9.5141, 1.2157)"
2.120000000000000284e+01,"(-10.4149, 9.1492)","(-0.4431, 1.2478)","(0.8016, 0.3868)","(-1.6369, 1.4657)","(6.1056, 6.4838)","(-11.2833, -1.8023)","(10.6021, 12.3199)","(4.7862, -9.5129)","(-5.6027, 0.6875)","(-6.4115, -17.0478)","(10.7902, 11.4353)","(2.5442, -1.9717)","(16.3532, 15.6713)","(6.1785, 13.1768)","(5.8215, 8.4345)","(-5.5903, -2.3525)","(15.2414, -5.105)","(5.1753, -0.4194)","(-9.4018, -12.4105)","(-6.1682, 0.7054)"
2.130000000000000071e+01,"(-16.8839, 15.4257)","(-1.0243, 1.7233)","(1.9035, 0.9211)","(-0.3737, 0.3446)","(10.014, 10.7336)","(-4.0463, 0.403)","(14.5721, 15.5624)","(9.9955, -21.3172)","(-2.5281, 0.0641)","(-9.0169, -22.5145)","(11.981, 12.1097)","(3.7614, -3.0919)","(8.4471, 2.2194)","(7.5312, 15.6992)","(11.973, 16.638)","(-3.1847, -1.546)","(10.8242, -3.9025)","(5.2396, 0.0246)","(-11.5284, -12.0581)","(-6.5287, 0.4282)"
2.140000000000000213e+01,"(-11.062, 12.3506)","(-2.2899, 3.5328)","(4.8738, 2.3682)","(-0.0941, 0.0724)","(13.2865, 13.7901)","(-2.3012, 0.9593)","(10.2318, 8.2104)","(4.6564, -21.8864)","(-2.7795, -0.5209)","(-5.2714, -10.444)","(8.848, 8.1514)","(6.8909, -5.6681)","(3.8909, -1.2686)","(6.1256, 12.056)","(15.5411, 15.5157)","(-3.9363, -2.2512)","(7.3535, -2.6691)","(8.2789, 0.3667)","(-9.9443, -6.7175)","(-9.8248, 0.4139)"
2.150000000000000000e+01,"(-3.4132, 5.5053)","(-5.2975, 8.0083)","(12.5896, 6.1147)","(-0.1602, 0.0945)","(10.3886, 9.7271)","(-3.395, 1.8079)","(4.6677, 2.8037)","(-4.3607, -7.2331)","(-5.1319, -1.2974)","(-2.2752, -3.4809)","(5.5896, 5.0084)","(12.7407, -10.496)","(3.8508, -2.8791)","(3.8878, 7.3734)","(9.078, 2.6559)","(-7.0446, -4.2193)","(7.0042, -2.3639)","(14.3047, 0.736)","(-6.6646, -3.9763)","(-15.4157, 0.6124)"
2.160000000000000142e+01,"(-0.7926, 1.7826)","(-11.0373, 17.0584)","(24.649, 11.6683)","(-0.3937, 0.225)","(5.6688, 4.8291)","(-6.498, 3.4703)","(1.8796, 1.3368)","(-4.5397, -1.1473)","(-10.6518, -2.8445)","(-1.5784, -1.8404)","(4.6632, 4.5609)","(16.3205, -13.7951)","(6.1165, -4.9364)","(2.8992, 5.7463)","(3.1197, -0.7883)","(-13.2333, -7.9615)","(9.386, -2.9994)","(19.8282, 0.616)","(-5.0979, -4.6539)","(-18.392, 1.0902)"
2.170000000000000284e+01,"(-0.1529, 0.824)","(-10.7809, 20.6149)","(15.7346, 6.1259)","(-1.025, 0.5818)","(3.4469, 3.1649)","(-13.038, 6.9501)","(1.7281, 1.8017)","(-5.8882, 0.5746)","(-20.0348, -5.0439)","(-2.5261, -2.6921)","(6.007, 6.3034)","(9.4578, -8.6989)","(10.799, -8.69)","(3.4015, 7.1286)","(1.1626, -1.5383)","(-18.6855, -10.7524)","(13.6264, -4.304)","(14.9581, -0.6538)","(-5.6534, -7.1534)","(-12.9507, 1.424)"
2.180000000000000071e+01,"(-0.0973, 1.3252)","(-1.5374, 9.7715)","(6.5557, 1.4661)","(-2.8118, 1.5902)","(3.9178, 4.0408)","(-19.6548, 11.1686)","(3.0711, 3.5778)","(-9.3639, 1.2114)","(-20.2928, -2.9209)","(-4.837, -5.1453)","(9.1426, 9.7812)","(3.7296, -3.7077)","(15.1282, -13.1405)","(5.0956, 10.9017)","(1.3024, -2.8047)","(-12.7357, -6.1352)","(16.2745, -5.3027)","(7.3151, -0.9362)","(-7.9955, -11.0644)","(-7.1309, 1.0073)"
2.190000000000000213e+01,"(-0.1968, 2.8387)","(0.8345, 3.5341)","(5.3469, 0.5383)","(-7.8965, 4.4607)","(6.4509, 6.9309)","(-12.2613, 9.0743)","(6.4184, 7.6632)","(-15.3292, 2.0712)","(-8.888, 1.145)","(-9.7705, -10.4057)","(12.284, 12.8473)","(1.5783, -1.4995)","(10.1975, -11.9042)","(7.282, 15.4625)","(2.5993, -5.6128)","(-5.5134, -2.1117)","(12.8861, -4.5378)","(3.9869, -0.337)","(-11.0819, -13.501)","(-5.2615, 0.5109)"
2.200000000000000000e+01,"(-0.4956, 6.7342)","(1.7098, 2.4384)","(7.5043, 0.5241)","(-19.8591, 11.3326)","(11.0414, 11.8829)","(-4.1237, 4.3578)","(12.8001, 15.0298)","(-18.7452, 3.95)","(-2.7592, 1.0269)","(-15.6176, -16.2819)","(10.9203, 10.5141)","(1.7902, -1.522)","(3.7629, -6.5937)","(7.3121, 14.8449)","(5.6082, -11.9388)","(-2.1414, -0.8804)","(8.1358, -3.015)","(4.4573, 0.0673)","(-11.3614, -9.2351)","(-6.8532, 0.3515)"
2.210000000000000142e+01,"(-1.1566, 15.9745)","(3.0934, 3.7402)","(11.9036, 0.8157)","(-21.9041, 13.76)","(13.9024, 14.2876)","(-1.128, 1.3972)","(15.4609, 15.6678)","(-12.1835, 5.3268)","(-0.725, 0.5712)","(-11.5865, -10.9248)","(6.8107, 5.9883)","(3.4529, -2.8422)","(2.0681, -3.1625)","(4.8573, 9.2237)","(8.801, -21.193)","(-1.8817, -1.0334)","(6.3754, -2.2345)","(7.6676, 0.3902)","(-7.9585, -4.2518)","(-11.3126, 0.4139)"
2.220000000000000284e+01,"(-1.1204, 26.2994)","(5.9102, 7.1925)","(17.4355, 1.1154)","(-7.2333, 6.6706)","(9.4678, 8.5196)","(-0.3056, 0.3247)","(8.443, 5.3418)","(-5.8052, 3.6451)","(-0.6123, 0.875)","(-4.9248, -3.9543)","(4.448, 4.0876)","(7.409, -6.055)","(2.7806, -2.6928)","(2.9894, 5.6941)","(2.4312, -17.4478)","(-3.407, -2.0418)","(7.7346, -2.5089)","(14.2323, 0.8083)","(-5.2286, -3.6791)","(-17.6353, 0.7138)"
2.230000000000000071e+01,"(1.7365, 14.1123)","(11.2235, 13.5047)","(16.961, 0.7285)","(-3.9752, 5.1879)","(4.6215, 3.7775)","(-0.3467, 0.2089)","(3.1839, 1.1122)","(-4.2126, 1.7344)","(-1.1881, 1.8122)","(-1.5309, -1.1277)","(4.6791, 4.7775)","(14.934, -12.254)","(5.1539, -4.2062)","(2.7372, 5.5949)","(-2.4769, -6.3976)","(-7.2219, -4.4093)","(11.5451, -3.6322)","(21.0009, 0.7616)","(-4.8194, -5.4622)","(-17.9946, 1.3058)"
2.240000000000000213e+01,"(2.1066, 4.9736)","(14.8802, 15.7488)","(10.2784, 0.0898)","(-4.4787, 6.6813)","(2.6475, 2.4238)","(-0.7938, 0.4188)","(1.3524, 0.0293)","(-5.7335, 1.1053)","(-2.7802, 4.1792)","(-0.347, -0.2524)","(6.9969, 7.4822)","(17.2115, -14.6929)","(10.0153, -7.8884)","(3.8611, 8.227)","(-1.6341, -1.4439)","(-15.085, -9.1752)","(16.0394, -5.1022)","(15.4829, -0.7586)","(-6.4085, -8.9193)","(-10.4842, 1.4247)"
2.250000000000000000e+01,"(2.402, 3.1012)","(9.6833, 6.7711)","(5.9648, 0.0519)","(-6.2687, 9.4961)","(3.2482, 3.3867)","(-1.9461, 1.0023)","(1.8641, -0.3051)","(-9.9329, 1.2606)","(-6.7537, 10.0961)","(-0.095, -0.086)","(10.8951, 11.6704)","(7.4927, -7.2916)","(15.965, -13.3146)","(6.1126, 13.1279)","(-1.4758, -0.1106)","(-20.5819, -11.7279)","(15.397, -5.2179)","(6.7966, -1.1128)","(-9.6236, -13.2067)","(-5.4372, 0.8067)"
2.260000000000000142e+01,"(3.8687, 4.3295)","(4.0808, 1.8737)","(5.6015, 0.25)","(-8.5312, 13.0346)","(5.7716, 6.2522)","(-5.0665, 2.5838)","(3.7267, -0.6549)","(-16.8464, 2.1969)","(-13.1085, 20.6064)","(-0.1706, -0.1806)","(12.8169, 13.0719)","(2.3803, -2.6648)","(11.7163, -13.1354)","(7.9879, 16.7706)","(-2.5584, 0.2216)","(-11.146, -4.7805)","(9.8638, -3.6501)","(2.8626, -0.406)","(-12.1251, -12.6064)","(-4.5706, 0.3794)"
2.270000000000000284e+01,"(6.7897, 7.5824)","(1.3209, 0.7113)","(8.3419, 0.5411)","(-8.6423, 13.7099)","(10.7393, 11.6648)","(-13.1394, 6.7173)","(8.3591, -1.4202)","(-19.196, 4.4646)","(-7.7042, 18.0808)","(-0.4142, -0.4461)","(9.1662, 8.3272)","(0.9372, -1.2711)","(3.5368, -7.0889)","(6.456, 12.6604)","(-5.4006, 0.4434)","(-4.1235, -1.123)","(6.3317, -2.3278)","(2.6211, -0.0019)","(-9.9876, -5.9358)","(-6.844, 0.2925)"
2.280000000000000071e+01,"(11.6641, 12.9017)","(0.9227, 0.9309)","(13.8915, 0.9609)","(-5.9658, 10.0808)","(14.8556, 15.4664)","(-24.4106, 13.346)","(18.1199, -3.1689)","(-10.4656, 5.5411)","(0.1746, 7.3447)","(-1.0807, -1.1692)","(5.1723, 4.4427)","(1.2683, -1.9016)","(1.1564, -2.7202)","(3.7366, 6.9183)","(-12.1609, 0.9197)","(-1.7025, -0.1567)","(6.2929, -2.1069)","(4.65, 0.2437)","(-6.0865, -3.0548)","(-12.119, 0.3953)"
2.290000000000000213e+01,"(13.8556, 14.1417)","(1.6339, 1.972)","(19.0963, 1.1593)","(-3.9912, 6.8127)","(10.1414, 9.079)","(-12.209, 10.11)","(23.7694, -5.5935)","(-4.4078, 3.2411)","(1.7572, 3.4217)","(-2.9665, -3.2174)","(3.7877, 3.6209)","(2.5075, -3.7797)","(1.1435, -1.3642)","(2.4121, 4.6841)","(-22.9909, 2.5994)","(-2.2574, 0.0375)","(9.0874, -2.8734)","(9.5613, 0.6141)","(-4.3668, -3.8871)","(-19.1466, 0.7662)"
2.300000000000000000e+01,"(8.8207, 7.3227)","(3.5838, 4.4885)","(15.175, 0.4493)","(-3.8713, 6.2136)","(4.5078, 3.4403)","(-3.1644, 5.7199)","(10.314, -5.2351)","(-3.2054, 1.3407)","(3.1457, 3.8718)","(-8.2189, -8.913)","(4.8715, 5.1193)","(5.522, -8.2972)","(2.2419, -1.8644)","(2.733, 5.7181)","(-18.1049, 6.7043)","(-4.3623, 0.1084)","(14.0613, -4.4023)","(18.7491, 1.1208)","(-4.9227, -6.4587)","(-17.7144, 1.4552)"
2.310000000000000142e+01,"(4.1242, 3.0508)","(8.2987, 10.4523)","(7.9954, -0.0423)","(-5.2834, 8.1051)","(1.7924, 1.4667)","(-1.2879, 5.4913)","(2.9533, -2.922)","(-4.7345, 0.8282)","(5.4123, 6.441)","(-18.5174, -19.7745)","(7.998, 8.647)","(11.1916, -16.9129)","(4.8114, -3.703)","(4.3463, 9.3529)","(-4.3719, 5.9974)","(-9.4511, 0.2069)","(17.2535, -5.6009)","(22.1738, 0.2655)","(-7.4172, -10.8352)","(-9.0479, 1.4375)"
2.320000000000000284e+01,"(2.3569, 2.1198)","(15.8833, 18.8494)","(4.6927, 0.0581)","(-7.746, 11.7613)","(1.6436, 1.6685)","(-1.326, 7.8482)","(1.1569, -2.4143)","(-8.8133, 0.9885)","(9.595, 11.4103)","(-14.5002, -13.5983)","(12.371, 13.2144)","(11.9591, -18.9796)","(10.5793, -8.0365)","(7.0354, 15.1237)","(0.0433, 2.7978)","(-19.3768, 0.501)","(12.8961, -4.6051)","(10.6859, -1.5284)","(-11.1936, -14.6063)","(-4.1981, 0.6957)"
2.330000000000000071e+01,"(3.0343, 3.2504)","(13.6573, 11.2357)","(5.2357, 0.2784)","(-9.2827, 14.4128)","(2.9692, 3.2223)","(-2.0505, 12.326)","(1.397, -3.9012)","(-16.4069, 1.8275)","(13.7403, 15.1153)","(-6.7183, -4.3777)","(12.5508, 12.4046)","(4.5733, -8.5732)","(18.1719, -14.8374)","(8.2195, 17.001)","(1.5117, 2.4595)","(-22.8994, 1.4481)","(7.3539, -2.8047)","(3.5897, -1.0769)","(-12.199, -10.1462)","(-3.4935, 0.2861)"
2.340000000000000213e+01,"(5.5598, 6.2403)","(6.2814, 1.8963)","(8.6731, 0.5978)","(-7.2048, 11.9124)","(6.2566, 6.8907)","(-2.6597, 17.4436)","(2.6487, -7.414)","(-21.0377, 4.2405)","(11.0762, 9.2852)","(-5.9262, -2.857)","(7.5904, 6.521)","(1.3383, -3.0785)","(11.1006, -13.6318)","(5.5423, 10.4919)","(2.9488, 4.078)","(-10.2805, 1.9983)","(5.3603, -1.9048)","(0.9506, -0.4534)","(-8.1942, -3.5434)","(-5.6234, 0.2178)"
2.350000000000000000e+01,"(10.6469, 11.9781)","(3.1138, -0.439)","(15.1762, 1.076)","(-4.4077, 7.6538)","(12.7203, 13.9211)","(-1.5763, 16.2075)","(5.2006, -14.5673)","(-11.3263, 6.113)","(5.7048, 3.5275)","(-7.9303, -3.496)","(3.9781, 3.3773)","(0.6652, -2.0505)","(1.7935, -6.4505)","(2.8976, 5.2729)","(5.8094, 8.1874)","(-3.4053, 1.1921)","(6.6981, -2.1631)","(0.6407, -0.511)","(-4.6789, -2.5612)","(-10.7492, 0.3066)"
2.360000000000000142e+01,"(15.1016, 15.9965)","(3.8161, -1.4443)","(20.2047, 1.1902)","(-3.4797, 5.7702)","(15.9847, 16.32)","(-0.198, 9.7818)","(6.7664, -21.3568)","(-3.7404, 3.6555)","(2.7411, 2.0163)","(-11.4669, -5.0174)","(3.2608, 3.2107)","(0.9788, -3.3291)","(-0.3832, -2.2952)","(1.9864, 3.9246)","(11.222, 15.299)","(-1.6453, 0.9473)","(10.7284, -3.3433)","(1.189, -1.0354)","(-3.8383, -4.1243)","(-19.0911, 0.6344)"
2.370000000000000284e+01,"(10.3422, 8.7576)","(6.6639, -2.657)","(14.0046, 0.2626)","(-4.3183, 6.7085)","(8.4842, 6.8026)","(-0.1991, 5.9708)","(2.2835, -14.1357)","(-1.7035, 1.231)","(2.6269, 2.7684)","(-15.1322, -6.5192)","(4.8, 5.1313)","(1.9389, -6.5923)","(-1.2364, -1.8309)","(2.6206, 5.5609)","(14.8244, 15.4036)","(-2.4065, 1.6254)","(16.398, -5.1459)","(2.7141, -2.3503)","(-5.0916, -7.3182)","(-20.0203, 1.4348)"
2.380000000000000071e+01,"(4.5103, 2.9489)","(12.666, -5.0117)","(6.5729, -0.1299)","(-6.5315, 9.8934)","(3.2019, 1.9418)","(-0.6991, 5.9751)","(-0.1521, -5.6274)","(-2.1456, 0.4915)","(4.3823, 5.2013)","(-14.277, -5.8261)","(8.4708, 9.2346)","(4.0412, -13.7182)","(-2.4163, -3.1074)","(4.5368, 9.8295)","(9.5651, 4.1984)","(-4.7398, 3.2155)","(16.8896, -5.6558)","(6.662, -5.7315)","(-8.3353, -12.5094)","(-9.8486, 1.6622)"
2.390000000000000213e+01,"(1.5288, 1.0381)","(19.4483, -8.3542)","(3.5468, 0.0272)","(-9.1503, 13.9549)","(1.3925, 0.5447)","(-1.4358, 8.9743)","(-0.1126, -1.7396)","(-4.1694, 0.454)","(8.42, 10.221)","(-9.6936, -3.6893)","(13.3412, 14.2664)","(6.3488, -22.2232)","(-4.9636, -6.4784)","(7.6099, 16.3985)","(3.6762, 0.338)","(-10.1322, 6.8438)","(10.2236, -3.8488)","(15.2058, -13.2276)","(-12.3845, -15.1663)","(-3.7035, 0.8314)"
2.400000000000000000e+01,"(1.0163, 0.996)","(14.1267, -8.4151)","(4.1845, 0.234)","(-8.7421, 13.9887)","(1.9623, 0.5405)","(-2.4368, 14.5885)","(0.1351, -0.7834)","(-8.9973, 0.7461)","(14.0007, 16.1224)","(-6.7683, -2.6199)","(12.4668, 12.0659)","(3.7712, -15.5593)","(-10.3334, -13.3827)","(8.4139, 17.2515)","(0.9822, 0.0358)","(-18.3074, 12.6299)","(5.5722, -2.1448)","(18.0297, -17.5051)","(-11.7203, -7.6234)","(-1.6794, 0.2403)"
2.410000000000000142e+01,"(1.7764, 1.9846)","(5.329, -4.876)","(7.4575, 0.5332)","(-5.3964, 9.3323)","(3.8792, 1.0384)","(-2.6374, 18.7781)","(0.4376, -1.2905)","(-18.5649, 1.7339)","(12.7652, 11.3196)","(-6.9337, -2.8953)","(6.7398, 5.5064)","(1.0444, -6.0702)","(-15.6801, -17.6221)","(5.0666, 9.3219)","(0.3069, 0.1908)","(-14.9562, 11.7119)","(4.8217, -1.6514)","(5.6213, -8.7751)","(-6.6805, -2.0676)","(-2.2885, 0.1091)"
2.420000000000000284e+01,"(3.846, 4.4118)","(2.0032, -1.8778)","(14.2297, 1.0523)","(-3.4118, 5.9008)","(8.5657, 2.3209)","(-0.8374, 13.989)","(1.0447, -2.8345)","(-22.7655, 4.9801)","(6.4602, 3.5521)","(-9.6841, -4.209)","(3.116, 2.5399)","(0.2118, -1.8337)","(-10.9147, -6.8388)","(2.3551, 4.1634)","(0.3921, 0.52)","(-5.3113, 5.4843)","(7.093, -2.2384)","(1.2428, -4.3169)","(-3.6393, -2.1293)","(-4.6241, 0.1213)"
2.430000000000000071e+01,"(8.7638, 10.0948)","(1.72, -0.9564)","(21.4523, 1.3761)","(-3.4676, 5.5339)","(18.1837, 4.8655)","(0.0615, 7.4516)","(2.5606, -6.795)","(-8.7929, 6.851)","(2.3366, 1.1197)","(-14.0198, -6.1119)","(2.4466, 2.4086)","(0.0213, -0.9424)","(-4.5279, -0.9113)","(1.4802, 2.9092)","(0.8493, 1.2532)","(-1.468, 1.9626)","(12.1499, -3.7524)","(0.385, -4.6455)","(-3.2879, -3.9405)","(-10.2114, 0.2188)"
2.440000000000000213e+01,"(16.2821, 18.08)","(3.1417, -1.2973)","(15.6344, 0.3402)","(-5.1017, 7.7638)","(23.2222, 5.3767)","(-0.2519, 4.8516)","(6.0007, -16.0619)","(-1.4777, 3.5738)","(1.0634, 0.8871)","(-15.8016, -6.643)","(3.8311, 4.128)","(-0.0168, -1.5882)","(-1.4949, 0.3217)","(2.0555, 4.3842)","(2.0895, 3.1798)","(-0.64, 1.287)","(18.1359, -5.7153)","(0.387, -7.3518)","(-4.8636, -7.4252)","(-20.6301, 0.554)"
2.450000000000000000e+01,"(13.1553, 11.7004)","(6.6461, -2.5535)","(6.6772, -0.2522)","(-7.9804, 12.0345)","(11.0462, 1.0801)","(-0.8167, 5.881)","(8.0504, -25.1092)","(0.4817, 1.7038)","(1.4824, 1.7173)","(-11.6954, -4.5356)","(7.3102, 8.0438)","(-0.0378, -3.4231)","(-1.33, 0.9213)","(3.825, 8.3365)","(5.4212, 8.3338)","(-0.9461, 2.2029)","(15.8731, -5.4908)","(0.6886, -12.8373)","(-8.5601, -13.3252)","(-22.057, 1.586)"
2.460000000000000142e+01,"(5.7759, 3.093)","(14.2434, -5.4463)","(2.4928, -0.0917)","(-9.8716, 15.2705)","(3.9108, -0.2441)","(-1.6584, 9.7799)","(0.8369, -12.9796)","(1.4409, 2.1142)","(3.0284, 3.745)","(-7.3355, -2.7463)","(13.0995, 14.2516)","(-0.0772, -8.0936)","(-2.4447, 1.8781)","(7.1796, 15.6247)","(13.0287, 19.0269)","(-1.9707, 4.5882)","(8.2539, -3.2538)","(0.7646, -19.4048)","(-13.102, -15.9638)","(-9.1997, 1.9835)"
2.470000000000000284e+01,"(2.7889, 0.6513)","(22.0373, -9.4923)","(1.868, 0.0717)","(-7.2241, 12.0703)","(2.2867, -0.584)","(-2.772, 16.3729)","(-1.5594, -4.8229)","(2.8895, 4.0941)","(6.825, 8.5679)","(-6.0842, -2.4538)","(14.1879, 14.1378)","(-0.2014, -18.4723)","(-5.4053, 4.0819)","(9.3123, 19.4544)","(17.2434, 16.4007)","(-4.457, 10.3138)","(4.2808, -1.6624)","(-0.3962, -16.8087)","(-11.7393, -6.4676)","(-3.0367, 1.1655)"
2.480000000000000071e+01,"(3.5408, 0.2596)","(12.2297, -8.5023)","(3.3057, 0.2334)","(-3.9498, 7.0464)","(3.481, -1.1186)","(-2.4955, 19.344)","(-2.4606, -3.3172)","(6.1506, 8.8933)","(13.993, 17.0009)","(-7.81, -3.3614)","(7.6245, 6.105)","(-0.6999, -25.5057)","(-12.126, 9.161)","(5.8024, 10.6884)","(9.0213, -0.1501)","(-8.6368, 20.4264)","(4.1533, -1.392)","(-1.0292, -8.5011)","(-5.8926, -0.9499)","(-1.8797, 1.1484)"
2.490000000000000213e+01,"(6.2882, 0.3694)","(3.301, -4.3721)","(7.0059, 0.5427)","(-2.8969, 4.872)","(6.7213, -2.1658)","(-0.3024, 12.1679)","(-4.0892, -4.732)","(12.377, 16.9997)","(15.3751, 14.6821)","(-11.8822, -5.2137)","(2.969, 2.091)","(-1.1963, -11.6186)","(-19.0864, 16.0318)","(2.451, 4.0645)","(3.591, -3.7925)","(-7.0, 19.5566)","(6.7741, -2.1087)","(-0.4635, -4.1906)","(-2.7592, -1.2458)","(-2.9702, 2.0186)"
2.500000000000000000e+01,"(12.3064, 0.756)","(0.5591, -1.8301)","(15.1727, 1.1815)","(-3.7124, 5.752)","(13.6799, -4.3959)","(0.2068, 5.8379)","(-7.1697, -8.3003)","(15.2453, 14.593)","(7.7395, 3.4159)","(-16.0931, -6.9486)","(1.1598, 0.9728)","(-0.9251, -4.4263)","(-8.5236, 12.4485)","(0.8641, 1.5073)","(2.6615, -5.9548)","(-1.5444, 8.0974)","(12.4123, -3.8009)","(-0.0061, -3.9307)","(-2.3219, -2.7691)","(-5.9021, 4.0055)"
2.510000000000000142e+01,"(20.8582, 1.0074)","(-0.0332, -2.0394)","(24.1552, 1.586)","(-6.031, 9.0718)","(21.5211, -7.2934)","(-0.227, 3.8409)","(-11.9925, -13.6177)","(8.5999, 2.3223)","(3.1566, 0.0831)","(-14.4209, -5.8197)","(1.3712, 1.4414)","(-1.1154, -3.653)","(-0.7432, 5.4549)","(0.7469, 1.5454)","(3.7962, -9.3061)","(-0.0512, 3.0071)","(19.2634, -6.0416)","(0.3055, -6.4717)","(-3.5453, -5.6177)","(-12.2267, 8.2891)"
2.520000000000000284e+01,"(18.3124, -0.4398)","(-0.2104, -3.7742)","(14.9655, 0.0825)","(-9.3332, 14.0858)","(14.5713, -6.1876)","(-0.7806, 5.2002)","(-13.4318, -13.4592)","(2.8872, -0.7038)","(2.8366, -0.9392)","(-8.91, -3.2983)","(2.7158, 3.0017)","(-1.8474, -5.6617)","(1.0088, 2.4417)","(1.3891, 3.0283)","(5.7747, -14.5356)","(0.3948, 2.7368)","(16.0339, -5.6139)","(0.7072, -12.1897)","(-6.7836, -11.3587)","(-18.9805, 13.3505)"
2.530000000000000071e+01,"(8.011, -1.3602)","(-0.3966, -8.0488)","(5.4605, -0.5004)","(-9.6784, 15.315)","(5.3921, -3.0877)","(-1.6499, 9.347)","(-8.3587, -6.3328)","(1.0443, -1.3476)","(4.7037, -1.8614)","(-5.8195, -2.2214)","(6.0464, 6.7612)","(-3.3319, -10.2254)","(2.171, 2.8613)","(3.0376, 6.6985)","(5.4229, -17.4717)","(0.8001, 4.6427)","(7.4717, -3.07)","(0.9348, -20.1324)","(-12.3451, -17.8861)","(-11.8241, 9.8425)"
2.540000000000000213e+01,"(2.7638, -0.6405)","(-0.8967, -17.0591)","(2.017, -0.4123)","(-5.6194, 9.8466)","(1.5325, -1.028)","(-2.9397, 16.7621)","(-3.9455, -2.7014)","(1.1659, -2.4888)","(9.2146, -3.5966)","(-6.129, -2.5723)","(12.9044, 14.3203)","(-5.7317, -17.4362)","(4.0596, 5.169)","(6.7208, 14.8086)","(1.4643, -12.6464)","(1.5644, 9.1971)","(3.2444, -1.3316)","(-0.3528, -18.1663)","(-13.9277, -10.1066)","(-3.9948, 4.2885)"
2.550000000000000000e+01,"(1.1973, -0.1152)","(-2.6317, -23.9151)","(2.3017, -0.6747)","(-2.9605, 5.351)","(0.3469, -0.2788)","(-2.7238, 20.5499)","(-2.4879, -2.2732)","(2.355, -5.0519)","(17.1999, -6.8803)","(-9.1608, -4.0131)","(16.5859, 16.9932)","(-6.4401, -18.4551)","(8.0145, 10.301)","(10.573, 22.5112)","(0.1003, -7.0826)","(3.0686, 17.7329)","(2.7647, -0.9422)","(-1.2458, -8.4682)","(-7.223, -0.1827)","(-1.0448, 1.3831)"
2.560000000000000142e+01,"(1.7524, 0.0674)","(-4.3891, -11.993)","(4.2538, -1.2881)","(-2.6103, 4.258)","(0.2095, -0.2347)","(-0.0906, 12.1256)","(-3.375, -3.7498)","(5.2203, -10.9921)","(19.1521, -9.3788)","(-14.2631, -6.2703)","(8.5479, 6.4701)","(-3.8729, -9.7322)","(13.8104, 16.624)","(6.6317, 12.0841)","(0.9562, -5.2662)","(4.4268, 21.5927)","(4.7017, -1.4575)","(-0.5935, -3.3104)","(-2.3054, 0.5201)","(-0.4009, 0.7871)"
2.570000000000000284e+01,"(3.6833, 0.2393)","(-2.8258, -3.558)","(8.9546, -2.6931)","(-3.9273, 5.9738)","(0.4134, -0.495)","(0.4377, 5.0857)","(-6.1952, -7.2372)","(8.9431, -20.7315)","(8.4406, -6.7718)","(-16.8631, -7.1343)","(3.4127, 1.7143)","(-1.7297, -4.1162)","(13.2024, 11.4062)","(2.802, 4.1158)","(2.3522, -6.6605)","(3.4248, 10.9535)","(9.3942, -2.8467)","(-0.0851, -2.1382)","(-0.8004, -0.2305)","(-0.5956, 1.3765)"
2.580000000000000071e+01,"(8.4737, 0.6056)","(-1.6468, -0.916)","(18.0236, -5.4651)","(-6.8112, 10.1719)","(1.0, -1.1942)","(-0.0242, 2.52)","(-11.4827, -13.3317)","(3.4147, -18.8942)","(2.6029, -2.9765)","(-11.9599, -4.5788)","(2.4881, 0.6683)","(-0.9559, -2.5722)","(6.7651, 2.9524)","(1.6284, 1.9011)","(4.4211, -10.7737)","(1.613, 3.84)","(17.8369, -5.4457)","(0.1535, -3.4389)","(-0.6869, -0.9216)","(-1.2898, 2.9873)"
2.590000000000000213e+01,"(18.7143, 1.2647)","(-2.4113, -0.6813)","(21.6042, -7.0831)","(-10.3507, 15.6521)","(2.6111, -3.1023)","(-0.4542, 3.1548)","(-14.696, -15.3193)","(-2.6507, -7.089)","(0.85, -0.8684)","(-6.705, -2.4191)","(3.9913, 0.8351)","(-1.2758, -3.8223)","(2.3345, 0.683)","(2.4326, 2.5732)","(6.4867, -16.6508)","(0.4655, 1.0377)","(20.4826, -6.7561)","(0.4443, -7.004)","(-1.2329, -2.1456)","(-3.0906, 7.1016)"
2.600000000000000000e+01,"(24.7148, 0.5403)","(-4.6316, -1.2231)","(10.0412, -4.1684)","(-9.1156, 14.775)","(6.9879, -8.2912)","(-1.0815, 5.984)","(-9.3408, -6.9995)","(-2.0137, -1.5721)","(0.8666, -0.4445)","(-4.982, -1.972)","(7.6908, 1.6112)","(-2.412, -7.4322)","(0.7406, 0.4349)","(4.5435, 4.7817)","(4.3376, -17.1511)","(0.1074, 0.3482)","(9.977, -4.0553)","(0.965, -14.7577)","(-2.7735, -5.1638)","(-7.1236, 16.4661)"
2.610000000000000142e+01,"(11.1523, -1.9035)","(-9.8617, -2.6693)","(3.3286, -1.7142)","(-4.4645, 8.1791)","(15.8169, -19.0861)","(-2.3204, 12.3524)","(-3.978, -2.2406)","(-2.0292, -0.0707)","(1.8032, -0.7127)","(-6.4651, -2.7875)","(15.2694, 3.195)","(-4.7944, -14.8047)","(0.7686, 0.8865)","(9.1202, 9.6158)","(0.2195, -10.2313)","(0.1064, 0.5857)","(3.4791, -1.652)","(0.9779, -23.5019)","(-6.6734, -12.4717)","(-9.5945, 24.0782)"
2.620000000000000284e+01,"(3.8259, -1.7085)","(-19.5089, -5.0386)","(1.1693, -0.771)","(-2.2515, 4.1252)","(12.9235, -18.0652)","(-3.697, 21.6102)","(-1.4789, -1.0283)","(-3.4908, 0.3294)","(4.1491, -1.5517)","(-10.6021, -4.6912)","(22.2438, 4.1413)","(-7.2039, -21.4768)","(1.5317, 1.9986)","(15.2088, 15.8083)","(-0.0172, -5.4104)","(0.2226, 1.3526)","(0.9445, -0.4563)","(-1.135, -15.3768)","(-14.1546, -21.7248)","(-2.8885, 11.8524)"
2.630000000000000071e+01,"(2.5028, -1.9731)","(-21.5461, -3.4621)","(1.4444, -1.1124)","(-2.2288, 3.5761)","(3.1949, -7.7922)","(-1.3786, 18.264)","(-1.385, -1.4585)","(-7.1777, 0.626)","(10.0267, -3.6942)","(-16.3186, -7.1575)","(14.1436, 1.3189)","(-5.1148, -13.3069)","(3.5503, 4.7739)","(12.4003, 11.981)","(1.0939, -4.5945)","(0.5412, 3.3788)","(0.4174, -0.1544)","(-1.4824, -5.6013)","(-14.9586, -7.2256)","(-0.18, 4.7405)"
2.640000000000000213e+01,"(3.7471, -3.333)","(-9.5801, 1.1956)","(2.8372, -2.2119)","(-3.7083, 5.582)","(1.0224, -5.586)","(0.8964, 7.4897)","(-2.5557, -2.997)","(-15.1918, 1.3211)","(21.1754, -8.1868)","(-16.4015, -6.7494)","(5.4904, -0.1344)","(-2.2628, -5.022)","(8.5287, 11.4832)","(5.4474, 4.61)","(2.5928, -6.6769)","(1.3999, 8.8295)","(0.7908, -0.2429)","(-0.7621, -1.6321)","(-4.8989, 3.8287)","(0.5379, 3.9231)"
2.650000000000000000e+01,"(7.0048, -6.2187)","(-2.9735, 1.2922)","(6.3261, -4.9111)","(-6.8799, 10.2078)","(0.807, -7.33)","(0.6032, 2.285)","(-5.5314, -6.6452)","(-23.4889, 3.6948)","(19.4008, -10.4849)","(-9.6809, -3.5121)","(1.6174, -0.1063)","(-0.6964, -1.4628)","(16.3758, 20.1214)","(1.777, 1.4071)","(4.9553, -11.6161)","(3.4563, 21.145)","(1.8326, -0.5468)","(-0.8565, -1.0784)","(0.7132, 3.8663)","(1.0569, 6.0089)"
2.660000000000000142e+01,"(12.8967, -11.5258)","(-1.0388, 1.082)","(13.8406, -10.7716)","(-10.9756, 16.519)","(1.1565, -11.102)","(0.2943, 0.6029)","(-11.7965, -14.0435)","(-13.1546, 6.9154)","(5.2987, -6.6189)","(-5.125, -1.8295)","(0.4854, 0.0187)","(-0.1774, -0.4193)","(13.4113, 9.4166)","(0.4685, 0.3938)","(7.0314, -18.1024)","(5.2797, 24.997)","(4.5834, -1.3555)","(-1.6392, -1.8709)","(2.9073, 4.7169)","(1.8792, 10.7167)"
2.670000000000000284e+01,"(15.3164, -14.7807)","(-1.2404, 1.8781)","(19.239, -15.5348)","(-9.3299, 15.2161)","(1.6141, -16.2424)","(0.4457, 0.5524)","(-16.4316, -17.4088)","(-3.0142, 4.5979)","(0.8653, -3.788)","(-4.3742, -1.7832)","(0.6588, 0.1251)","(-0.1849, -0.5517)","(6.1187, 0.3592)","(0.4106, 0.4165)","(3.4999, -16.7817)","(3.9396, 9.1475)","(11.7513, -3.4703)","(-3.5261, -4.0465)","(5.1241, 8.0236)","(3.253, 18.006)"
2.680000000000000071e+01,"(7.5782, -9.289)","(-2.4664, 3.7967)","(9.0104, -8.5314)","(-4.032, 7.6791)","(1.2681, -17.1522)","(0.952, 1.1179)","(-9.6041, -6.3822)","(-0.0865, 1.7923)","(-0.1843, -4.5506)","(-6.5416, -2.866)","(1.4672, 0.3152)","(-0.3984, -1.2406)","(3.4305, -1.8077)","(0.8692, 0.918)","(-0.5474, -8.687)","(3.1205, 4.2813)","(24.5425, -7.4386)","(-8.0468, -9.2752)","(9.0038, 13.7573)","(4.0824, 18.8443)"
2.690000000000000213e+01,"(2.6268, -3.9592)","(-5.5206, 8.3866)","(2.8858, -3.3981)","(-1.6763, 3.267)","(0.3115, -11.4883)","(2.2441, 2.658)","(-3.876, -1.2093)","(0.8416, 1.4536)","(-0.5301, -7.5168)","(-11.4926, -5.1211)","(3.5842, 0.7905)","(-0.9673, -3.0405)","(4.3042, -3.4005)","(2.076, 2.2091)","(-0.2213, -4.1525)","(4.2261, 4.6432)","(18.4262, -6.6957)","(-15.6582, -17.5342)","(13.1443, 15.2026)","(3.0101, 9.996)"
2.700000000000000000e+01,"(1.1618, -1.5146)","(-11.0807, 17.2662)","(1.4292, -2.1778)","(-1.4256, 2.3364)","(0.1192, -6.9201)","(5.6324, 6.7141)","(-2.1874, 0.0933)","(1.7839, 2.5343)","(-0.9275, -13.5144)","(-17.7497, -7.7813)","(9.1894, 2.0447)","(-2.4894, -7.8531)","(7.3817, -5.924)","(5.2782, 5.6323)","(0.9022, -3.5924)","(6.5192, 6.981)","(6.5423, -3.5093)","(-14.1203, -13.0806)","(11.1485, 5.7619)","(1.4575, 4.3449)"
2.710000000000000142e+01,"(1.5287, -1.4724)","(-10.2308, 19.9464)","(2.0046, -3.3602)","(-2.4747, 3.7182)","(0.3857, -6.1001)","(13.3118, 15.6571)","(-3.2444, 0.5715)","(3.789, 5.4983)","(-1.9466, -20.128)","(-15.9501, -6.4171)","(21.42, 4.6328)","(-6.0755, -19.0402)","(12.7597, -10.3535)","(12.8788, 13.6988)","(2.2884, -5.6265)","(10.2626, 10.9528)","(4.0177, -2.8896)","(-6.3555, -3.6092)","(5.621, 1.1777)","(0.7309, 2.93)"
2.720000000000000284e+01,"(3.0835, -2.7397)","(-1.5412, 9.4378)","(3.7735, -6.3407)","(-4.9957, 7.3598)","(0.8119, -8.4499)","(17.7315, 18.2874)","(-6.2577, 1.1282)","(8.3943, 12.2047)","(-3.4342, -15.8206)","(-8.2767, -2.8553)","(24.2938, 3.8804)","(-8.5548, -25.0669)","(14.8003, -13.7366)","(18.8091, 19.2658)","(4.6979, -10.5669)","(12.8376, 13.2141)","(5.2459, -4.1332)","(-2.8774, -0.764)","(2.8963, 1.6891)","(0.8306, 4.4171)"
2.730000000000000071e+01,"(6.771, -5.9084)","(0.6256, 3.2857)","(7.4887, -12.5725)","(-9.7772, 14.4366)","(1.4021, -13.4251)","(8.9385, 5.1022)","(-12.972, 2.2999)","(15.1837, 19.2993)","(-2.8615, -7.1569)","(-3.9536, -1.3699)","(9.5024, -0.5519)","(-4.4544, -9.8698)","(7.4219, -10.1712)","(8.9069, 7.5259)","(7.5941, -18.2844)","(9.8683, 9.2227)","(8.373, -6.6339)","(-3.3643, -0.2683)","(2.7277, 3.4492)","(1.469, 8.498)"
2.740000000000000213e+01,"(14.079, -12.3856)","(1.3066, 1.9694)","(11.2311, -19.3263)","(-12.1655, 18.8413)","(1.6999, -18.2152)","(4.7516, 0.8409)","(-21.986, 4.4085)","(13.1294, 8.3277)","(-1.2247, -3.3509)","(-3.4332, -1.4093)","(4.736, -1.4602)","(-2.7139, -4.5069)","(2.6912, -5.0416)","(4.4214, 2.8436)","(4.3928, -18.5469)","(5.6723, 4.9481)","(13.0405, -10.3861)","(-5.8655, -0.3432)","(4.3048, 6.8358)","(2.8329, 16.3779)"
2.750000000000000000e+01,"(16.9033, -16.322)","(2.4425, 2.9817)","(7.0853, -13.6531)","(-5.7653, 10.6487)","(0.7949, -15.293)","(5.3542, -0.1466)","(-16.6242, 5.4865)","(5.6982, -0.1553)","(-0.5213, -3.3208)","(-5.5541, -2.4534)","(5.41, -2.4077)","(-3.3436, -4.8011)","(1.9772, -2.6004)","(4.8029, 2.5538)","(-1.067, -9.0625)","(3.9016, 3.6828)","(14.0936, -11.6236)","(-11.4522, -0.7044)","(8.0699, 13.1168)","(4.3015, 21.7068)"
2.760000000000000142e+01,"(6.5409, -8.9608)","(4.8043, 5.8886)","(2.4509, -5.6495)","(-1.7941, 4.0541)","(0.0462, -8.7235)","(8.3219, -0.4568)","(-5.982, 3.6672)","(1.8458, -1.5677)","(-0.4434, -5.749)","(-10.5342, -4.7297)","(8.3621, -3.8576)","(-5.1366, -7.2331)","(3.173, -2.8303)","(7.3109, 3.7638)","(-0.8857, -3.3716)","(4.6878, 4.8616)","(8.6917, -7.7229)","(-20.1208, -1.0348)","(13.3248, 17.2533)","(3.6038, 12.3934)"
2.770000000000000284e+01,"(1.5981, -3.5198)","(9.7701, 11.9715)","(0.7246, -1.7768)","(-0.4519, 1.1205)","(0.1495, -5.5091)","(13.9165, -0.7667)","(-1.6155, 1.4201)","(1.3612, -2.7573)","(-0.6745, -11.3095)","(-18.0709, -8.0142)","(13.5379, -6.2663)","(-8.2646, -11.6272)","(6.125, -4.8857)","(12.0021, 6.1764)","(0.1613, -1.8416)","(7.5237, 8.057)","(4.6166, -4.2112)","(-19.4178, 0.2199)","(12.496, 6.8567)","(1.8218, 4.6334)"
2.780000000000000071e+01,"(0.3378, -1.9714)","(15.3319, 17.2139)","(0.3137, -0.6366)","(-0.1046, 0.2402)","(0.4923, -6.0689)","(19.1484, -1.4714)","(-0.3978, 0.6241)","(2.3144, -5.1331)","(-1.4821, -20.0079)","(-17.6587, -7.2044)","(17.0054, -8.2753)","(-10.9351, -15.132)","(11.8506, -9.3311)","(16.7393, 8.4659)","(1.0039, -2.5996)","(11.8418, 12.6099)","(3.7902, -3.2165)","(-8.8785, 1.3802)","(5.8502, 0.0833)","(0.5711, 1.4783)"
2.790000000000000213e+01,"(0.2008, -3.0003)","(11.4709, 8.8283)","(0.548, -0.9392)","(-0.1014, 0.16)","(0.9949, -9.5661)","(15.0252, -2.3168)","(-0.3677, 0.953)","(4.7984, -10.3983)","(-3.3646, -19.3286)","(-8.6814, -2.8962)","(12.0842, -6.7453)","(-8.7918, -11.5621)","(16.5189, -14.3926)","(14.0653, 6.6685)","(2.3689, -5.1637)","(12.8773, 12.9213)","(5.4659, -4.3897)","(-3.1202, 0.7271)","(2.1267, 0.1979)","(0.2417, 1.0363)"
2.800000000000000000e+01,"(0.3714, -5.8541)","(5.0642, 2.117)","(1.2296, -2.0513)","(-0.246, 0.3599)","(1.656, -15.6392)","(7.7236, -1.8849)","(-0.7484, 2.0238)","(8.17, -19.0805)","(-3.5676, -8.3802)","(-3.3535, -1.0224)","(6.2717, -3.887)","(-4.9739, -6.2363)","(8.9095, -11.6671)","(7.7738, 3.3972)","(5.2887, -11.1722)","(8.2241, 7.2978)","(9.3968, -7.4318)","(-1.2295, 0.148)","(1.2692, 1.2065)","(0.347, 1.9743)"
2.810000000000000142e+01,"(0.8179, -12.3619)","(1.5335, 0.3446)","(2.9711, -4.9228)","(-0.6195, 0.897)","(1.6169, -19.0535)","(4.5276, -0.9008)","(-1.8041, 4.7934)","(4.4155, -19.2678)","(-1.6362, -2.7916)","(-1.7501, -0.6595)","(4.2661, -2.3933)","(-3.1587, -4.0979)","(2.3181, -5.5529)","(4.5783, 2.0696)","(8.9201, -20.8258)","(4.3497, 3.7338)","(14.5181, -11.5813)","(-1.6223, -0.0515)","(1.7354, 2.7238)","(0.7297, 4.4158)"
2.820000000000000284e+01,"(1.1547, -22.1614)","(0.5142, -0.0545)","(7.2683, -12.0391)","(-1.6535, 2.3838)","(0.3594, -12.9835)","(5.1176, -0.491)","(-4.4509, 11.7726)","(-1.7619, -8.502)","(-0.4283, -1.1029)","(-2.5837, -1.1313)","(5.4409, -2.6442)","(-3.5806, -4.9263)","(0.8311, -1.9411)","(4.8828, 2.4169)","(3.2209, -18.6135)","(3.3306, 3.2373)","(13.5154, -11.3408)","(-3.3578, -0.2137)","(3.4417, 6.0658)","(1.7025, 10.4719)"
2.830000000000000071e+01,"(-0.5899, -18.6962)","(0.6881, -0.2448)","(13.2948, -22.5282)","(-4.5632, 6.5662)","(-0.069, -6.673)","(8.5423, -0.4871)","(-8.3866, 23.6939)","(-1.3976, -2.5051)","(-0.1633, -1.4614)","(-5.2351, -2.3644)","(9.1806, -4.2344)","(-5.7494, -8.0883)","(1.035, -1.1132)","(7.8451, 4.026)","(-2.6137, -6.9564)","(4.6689, 4.9324)","(7.0732, -6.4861)","(-7.6837, -0.5469)","(7.5349, 13.3445)","(3.7317, 21.9897)"
2.840000000000000213e+01,"(-1.6082, -7.3827)","(1.4892, -0.5567)","(7.5591, -14.942)","(-11.6593, 16.8859)","(0.1759, -4.5252)","(15.0657, -0.7816)","(-3.5856, 18.6412)","(-0.4461, -0.5401)","(-0.1699, -3.0398)","(-11.3555, -5.159)","(15.244, -7.0449)","(-9.464, -13.3192)","(2.1466, -1.7331)","(13.4496, 6.9351)","(-1.9313, -1.5495)","(8.1005, 8.7466)","(3.5313, -3.2562)","(-17.2925, -1.1939)","(14.2417, 19.9742)","(4.8828, 21.5229)"
2.850000000000000000e+01,"(-0.8708, -2.2221)","(3.6352, -1.3317)","(2.0667, -5.9697)","(-14.9556, 23.1962)","(0.5444, -5.8955)","(20.2822, -1.6262)","(1.2959, 6.9731)","(-0.1518, -0.0795)","(-0.3009, -6.9877)","(-20.7452, -9.2451)","(17.3205, -8.6169)","(-11.3327, -15.5347)","(4.7568, -3.6195)","(17.7745, 8.9308)","(-1.9069, -0.081)","(12.9367, 13.7833)","(3.1983, -2.681)","(-25.301, -0.8149)","(13.5778, 6.0745)","(3.3221, 7.9362)"
2.860000000000000142e+01,"(-0.6803, -0.9557)","(9.2981, -3.3717)","(0.8585, -4.1109)","(-4.3401, 9.9766)","(1.1073, -10.1477)","(13.9788, -2.5059)","(2.1946, 3.512)","(-0.1968, 0.0026)","(-0.7135, -16.0596)","(-17.417, -6.8535)","(10.2583, -6.0695)","(-7.6013, -9.7414)","(10.7622, -8.1143)","(12.6992, 5.8464)","(-3.2872, 0.3051)","(12.7921, 12.5813)","(5.1272, -4.0836)","(-12.5674, 1.7724)","(4.8866, -2.348)","(2.0557, 3.0379)"
2.870000000000000284e+01,"(-1.238, -1.4247)","(21.1334, -7.9913)","(0.9749, -5.8472)","(-1.4144, 6.0934)","(1.844, -17.1454)","(6.3685, -1.8001)","(3.6092, 4.2381)","(-0.4489, 0.028)","(-2.3673, -25.5465)","(-7.0716, -2.0011)","(4.8367, -3.1185)","(-3.8761, -4.7811)","(18.7378, -15.248)","(6.2473, 2.6411)","(-6.7987, 0.5852)","(7.1996, 6.1011)","(9.45, -7.4353)","(-4.3117, 1.7731)","(0.2688, -2.2662)","(2.7045, 3.0341)"
2.880000000000000071e+01,"(-2.5989, -2.9766)","(21.055, -10.9999)","(1.6357, -9.911)","(-1.0708, 7.2535)","(1.5416, -19.5297)","(3.3832, -0.7308)","(6.1043, 7.0309)","(-1.1469, 0.0627)","(-4.7428, -13.2661)","(-2.3986, -0.4277)","(3.4235, -1.8913)","(-2.5599, -3.3553)","(10.7823, -13.6672)","(3.5506, 1.6053)","(-14.5983, 1.2303)","(3.4121, 2.8401)","(15.3538, -12.2023)","(-2.4806, 1.8846)","(-1.3741, -2.5794)","(4.5903, 4.9769)"
2.890000000000000213e+01,"(-5.9522, -6.8709)","(5.4752, -7.2393)","(2.7078, -16.6042)","(-1.4219, 10.3907)","(0.0819, -11.5436)","(3.9788, -0.3624)","(10.4474, 11.9665)","(-3.1118, 0.1467)","(-3.5515, -3.7914)","(-1.8597, -0.1069)","(4.906, -2.3362)","(-3.3461, -4.6499)","(1.3784, -6.3459)","(4.2012, 2.1021)","(-23.5953, 3.4696)","(2.5931, 2.535)","(13.9098, -11.7191)","(-3.5388, 3.1395)","(-2.7808, -4.6374)","(8.4695, 9.2101)"
2.900000000000000000e+01,"(-12.9914, -14.8352)","(0.8241, -4.7782)","(2.8107, -19.3061)","(-2.007, 14.9489)","(-0.1605, -5.3123)","(7.1225, -0.3641)","(13.6612, 14.4433)","(-8.6815, 0.3838)","(-3.0034, -1.245)","(-3.2254, -0.1027)","(8.9272, -4.0666)","(-5.8448, -8.2646)","(-0.7721, -2.5536)","(7.3323, 3.7875)","(-14.0417, 6.9423)","(3.9317, 4.1914)","(6.529, -6.1438)","(-6.5237, 5.7968)","(-5.5927, -9.6259)","(13.7453, 14.6608)"
2.910000000000000142e+01,"(-16.774, -17.2347)","(-0.3258, -5.922)","(1.2025, -11.8852)","(-2.0146, 16.8845)","(0.1289, -3.445)","(13.7488, -0.6077)","(10.0442, 8.4016)","(-22.0144, 1.3714)","(-4.6263, -1.1981)","(-6.6844, -0.2212)","(15.8019, -7.2287)","(-10.0895, -14.238)","(-1.8758, -2.5657)","(13.5005, 6.9995)","(-3.2102, 4.8691)","(7.3568, 8.0083)","(2.7313, -2.6262)","(-12.1919, 10.869)","(-11.0386, -17.4343)","(12.6973, 12.2885)"
2.920000000000000284e+01,"(-8.6507, -5.8818)","(-0.7297, -9.2872)","(0.4339, -5.6536)","(-1.1167, 12.644)","(0.4684, -4.8337)","(21.4272, -1.4003)","(5.1236, 3.561)","(-25.7728, 6.3389)","(-8.3763, -2.1355)","(-14.4276, -0.4836)","(18.3268, -9.0902)","(-11.7728, -16.0852)","(-3.5073, -4.4623)","(18.8744, 9.5308)","(-0.0338, 1.9854)","(12.9787, 13.991)","(2.0698, -1.7648)","(-15.6437, 14.873)","(-14.9007, -13.7768)","(6.5302, 5.3054)"
2.930000000000000071e+01,"(-3.6725, -1.3242)","(-1.2302, -15.097)","(0.437, -3.7149)","(-0.5991, 8.0328)","(1.0125, -8.9509)","(16.1208, -2.6594)","(2.8587, 2.4217)","(-4.9016, 8.8924)","(-15.5072, -3.9209)","(-23.8556, -0.5336)","(9.9668, -6.0909)","(-7.1261, -8.9613)","(-6.9467, -8.9567)","(13.0196, 5.9386)","(1.0044, 1.6877)","(14.0408, 14.0135)","(3.4187, -2.7194)","(-8.4416, 10.017)","(-8.8868, -0.7388)","(2.7293, 2.1664)"
2.940000000000000213e+01,"(-3.1993, -0.3477)","(-2.3171, -18.8603)","(0.7947, -5.1123)","(-0.6812, 6.7028)","(1.8788, -16.6391)","(6.6591, -2.1783)","(3.2703, 3.5148)","(2.0027, 6.0956)","(-20.932, -4.2314)","(-15.9512, 0.5643)","(4.0494, -2.8144)","(-3.2265, -3.8746)","(-12.7938, -15.8423)","(5.7593, 2.3254)","(2.0776, 2.9329)","(7.6534, 6.3322)","(6.826, -5.3418)","(-2.959, 4.4089)","(-2.6515, 1.2636)","(1.8445, 1.7824)"
2.950000000000000000e+01,"(-5.1632, -0.3)","(-3.2164, -13.221)","(1.543, -9.2877)","(-1.0914, 8.5374)","(1.8699, -21.3498)","(2.3788, -0.8296)","(5.6276, 6.5028)","(4.6555, 6.2461)","(-13.4192, -0.4413)","(-5.8998, 0.8076)","(2.2211, -1.3126)","(-1.8422, -2.3851)","(-14.2851, -13.6832)","(2.4911, 1.059)","(4.3464, 6.2712)","(3.0825, 2.3122)","(13.4401, -10.5295)","(-1.2288, 1.6553)","(-0.3928, 0.7029)","(2.8863, 3.0888)"
2.960000000000000142e+01,"(-9.7288, -0.5821)","(-2.3123, -6.7823)","(2.7823, -16.794)","(-1.7473, 12.836)","(0.0607, -12.6044)","(1.5795, -0.2413)","(10.3403, 12.0116)","(6.9497, 8.6249)","(-5.5583, 0.7476)","(-1.9996, 0.4988)","(3.0846, -1.4784)","(-2.4512, -3.4127)","(-8.0202, -3.9637)","(2.4881, 1.2298)","(9.3425, 13.3927)","(1.4192, 1.2627)","(17.5132, -14.2071)","(-1.4587, 1.4308)","(0.2486, 0.6491)","(5.7371, 6.2846)"
2.970000000000000284e+01,"(-17.8357, -0.9885)","(-1.1119, -4.6384)","(3.059, -20.6626)","(-2.2253, 17.1888)","(-0.3562, -5.068)","(2.7399, -0.1537)","(14.4714, 15.5492)","(9.8802, 11.8698)","(-2.351, 0.117)","(-1.9532, 0.7061)","(5.9754, -2.6989)","(-4.5787, -6.4999)","(-2.9476, -0.7987)","(4.5089, 2.3346)","(15.4698, 18.6307)","(1.8507, 1.9492)","(9.2098, -8.4655)","(-2.8939, 2.5812)","(0.6728, 1.2133)","(11.4843, 12.56)"
2.980000000000000071e+01,"(-21.0492, -0.2745)","(-0.7001, -5.9515)","(1.1528, -12.1101)","(-1.5771, 15.3718)","(-0.0553, -2.0351)","(5.8273, -0.2136)","(10.4938, 8.593)","(11.4965, 11.8447)","(-2.4369, -0.4393)","(-3.5438, 1.3388)","(12.2582, -5.4794)","(-8.9245, -12.69)","(-0.8017, -0.2888)","(9.3022, 4.8646)","(11.9533, 6.5284)","(3.6444, 3.989)","(3.1881, -3.3491)","(-6.312, 5.5136)","(1.5316, 2.8456)","(15.8567, 16.4638)"
2.990000000000000213e+01,"(-11.2959, 1.2586)","(-0.785, -10.0839)","(0.2743, -5.0443)","(-0.6801, 9.5946)","(0.1782, -2.1582)","(13.0026, -0.4322)","(4.8962, 3.0045)","(9.4723, 7.4101)","(-4.5037, -1.138)","(-7.4839, 2.8108)","(20.264, -9.401)","(-12.9901, -18.071)","(-0.4713, -0.4721)","(17.7233, 9.2003)","(4.8986, -0.2006)","(7.8691, 8.682)","(0.8535, -0.9482)","(-13.3158, 11.6888)","(3.7354, 7.156)","(9.6057, 8.1982)"
3.000000000000000000e+01,"(-4.3371, 0.8979)","(-1.3452, -16.8551)","(0.2188, -2.3672)","(-0.5269, 6.4142)","(0.4704, -4.1251)","(23.5951, -1.2342)","(2.0246, 1.4519)","(6.4049, 4.6597)","(-9.4899, -2.5516)","(-15.775, 5.9407)","(14.9361, -8.3095)","(-8.7752, -11.197)","(-0.8494, -1.0895)","(18.9882, 9.2756)","(1.5085, -1.2293)","(14.9264, 16.1872)","(0.1938, -0.2049)","(-17.3669, 16.5031)","(9.1731, 16.8664)","(3.82, 2.5867)"
3.010000000000000142e+01,"(-1.7776, 0.2244)","(-2.6816, -19.2618)","(0.439, -2.8959)","(-0.8067, 6.8308)","(1.0781, -8.9091)","(17.7977, -3.0101)","(1.853, 1.9259)","(5.1598, 4.8757)","(-18.8711, -4.8914)","(-22.2629, 8.8243)","(5.5267, -4.1173)","(-3.703, -4.2543)","(-1.9363, -2.5974)","(8.899, 3.6139)","(1.1067, -2.2017)","(14.2404, 13.7758)","(0.167, -0.1374)","(-7.3409, 9.6347)","(16.695, 20.298)","(1.1013, 0.6258)"
3.020000000000000284e+01,"(-2.0873, -0.0468)","(-3.3545, -11.3507)","(0.9275, -5.5324)","(-1.3732, 10.1322)","(2.1857, -18.4948)","(6.2524, -2.7646)","(3.2511, 3.7789)","(6.059, 7.0538)","(-21.8818, -3.7333)","(-11.6987, 5.6555)","(1.5817, -1.3975)","(-1.1956, -1.3603)","(-4.7909, -6.5252)","(3.0567, 1.0353)","(1.9377, -4.2317)","(6.4805, 4.701)","(0.391, -0.3043)","(-1.8502, 3.8507)","(11.2613, -0.2509)","(0.4492, 0.1673)"
3.030000000000000071e+01,"(-4.1042, -0.2465)","(-2.0173, -5.2529)","(1.9804, -11.585)","(-2.118, 15.493)","(1.9751, -23.328)","(1.9818, -1.6342)","(6.7095, 7.9923)","(8.6526, 10.6504)","(-10.1691, 1.0255)","(-3.9642, 2.4166)","(0.3528, -0.3763)","(-0.6229, -0.8172)","(-11.5179, -15.4093)","(0.8819, 0.2329)","(4.2047, -8.9336)","(2.3391, 1.2403)","(0.9775, -0.7544)","(-0.379, 1.9153)","(1.684, -4.6432)","(0.7359, 0.2038)"
3.040000000000000213e+01,"(-9.0055, -0.617)","(-0.8466, -3.6621)","(3.504, -21.1843)","(-2.149, 17.877)","(-0.4265, -11.1786)","(1.6791, -2.1678)","(13.0612, 15.2582)","(11.4448, 12.9412)","(-3.2294, 1.2653)","(-1.3921, 1.0903)","(0.1856, -0.2898)","(-1.0646, -1.5037)","(-17.6526, -19.4304)","(0.8055, 0.1359)","(8.0674, -17.9092)","(1.6903, 0.5377)","(2.5974, -1.9977)","(-0.1934, 2.7545)","(-2.2149, -4.5439)","(1.6402, 0.4473)"
3.050000000000000000e+01,"(-18.8799, -1.2127)","(-0.5388, -5.2084)","(2.5137, -19.3775)","(-1.0265, 12.5621)","(-0.7038, -3.8249)","(2.8669, -3.9308)","(15.0926, 15.0708)","(10.8905, 9.4789)","(-0.9863, 0.9083)","(-1.6172, 1.4951)","(0.3498, -0.5976)","(-2.3278, -3.3325)","(-10.4305, -4.167)","(1.5986, 0.2466)","(6.1217, -21.3507)","(2.885, 0.7711)","(7.1178, -5.4677)","(-0.3354, 5.3085)","(-4.2755, -6.4968)","(4.041, 1.1151)"
3.060000000000000142e+01,"(-23.5455, -0.392)","(-0.6525, -9.5123)","(0.3802, -8.1813)","(-0.4513, 7.1929)","(-0.6632, -1.7305)","(5.8416, -7.941)","(8.1104, 5.0863)","(7.4826, 5.1051)","(-1.017, 1.5086)","(-3.0642, 2.875)","(0.8387, -1.4286)","(-5.4917, -7.8903)","(-4.8096, 1.0748)","(3.6888, 0.5744)","(-1.7981, -9.9508)","(5.9261, 1.5898)","(17.6172, -13.6276)","(-0.7493, 11.2516)","(-7.2108, -10.9837)","(10.3641, 2.8725)"
3.070000000000000284e+01,"(-10.8253, 1.7451)","(-1.2119, -17.1261)","(-0.057, -2.6218)","(-0.5459, 5.6091)","(-1.1797, -2.4445)","(11.1443, -15.3548)","(2.9987, 1.1112)","(5.1238, 4.1546)","(-1.9793, 3.0434)","(-6.6147, 6.1806)","(2.1782, -3.6863)","(-11.985, -17.1237)","(-4.1123, 2.9345)","(9.0925, 1.4273)","(-2.0695, -2.7299)","(12.8834, 3.4743)","(19.9383, -16.4922)","(-1.193, 21.209)","(-11.404, -15.2611)","(23.0779, 6.2016)"
3.080000000000000071e+01,"(-3.5733, 1.3879)","(-2.7121, -20.6183)","(-0.1201, -0.9491)","(-0.9587, 7.3934)","(-2.3238, -4.769)","(11.7583, -18.298)","(1.0759, 0.0812)","(5.119, 5.5843)","(-4.4823, 6.789)","(-13.6649, 12.8245)","(5.7808, -9.769)","(-13.981, -19.0075)","(-6.0301, 4.9131)","(20.6985, 3.1913)","(-1.3889, -0.3978)","(22.6759, 5.8011)","(6.6373, -7.3193)","(0.2853, 20.3135)","(-12.5676, -10.2447)","(21.8051, 4.3648)"
3.090000000000000213e+01,"(-1.7371, 1.2619)","(-3.6463, -11.42)","(-0.256, -1.3004)","(-1.6732, 11.9768)","(-4.9519, -10.2249)","(4.0815, -9.7136)","(1.3176, -0.2011)","(7.0996, 8.7867)","(-9.7565, 14.9284)","(-16.6419, 16.362)","(12.6544, -21.8907)","(-6.3534, -7.25)","(-10.1971, 8.2984)","(24.4025, 3.1243)","(-2.0599, 0.1389)","(17.2079, 3.0748)","(3.3973, -5.0465)","(1.6581, 8.3949)","(-8.0653, -2.9139)","(8.373, -0.1176)"
3.100000000000000000e+01,"(-2.476, 2.1732)","(-2.131, -4.4977)","(-0.5419, -2.6869)","(-2.3965, 17.7753)","(-9.5175, -19.2689)","(0.8802, -3.5617)","(2.6442, -0.4599)","(10.4131, 12.69)","(-12.1799, 21.5174)","(-7.2092, 8.4047)","(9.0473, -19.2252)","(-2.85, -2.6467)","(-14.4118, 12.4774)","(9.8778, 0.2495)","(-4.1094, 0.3587)","(6.6677, 0.194)","(3.7896, -6.4014)","(0.9835, 2.6066)","(-4.231, -1.9449)","(4.7621, -1.0977)"
3.110000000000000142e+01,"(-4.8114, 4.2406)","(-0.7238, -2.2751)","(-1.2464, -6.2471)","(-1.8123, 16.9607)","(-9.9205, -17.6717)","(0.1229, -0.9472)","(6.055, -1.0168)","(12.0233, 12.1363)","(-2.866, 11.7806)","(-2.2022, 3.1493)","(1.4841, -7.942)","(-3.0407, -2.4063)","(-10.8622, 12.031)","(4.4338, -0.434)","(-9.1474, 0.698)","(2.2563, -0.2838)","(5.4515, -9.3458)","(0.7309, 1.0563)","(-3.2646, -3.4248)","(5.9512, -1.9322)"
3.120000000000000284e+01,"(-10.0317, 8.8058)","(-0.3427, -2.9805)","(-2.9409, -14.7298)","(-0.6084, 9.8795)","(-5.0696, -6.7063)","(-0.0456, -0.3678)","(14.1934, -2.3776)","(9.232, 6.595)","(0.5964, 4.3287)","(-0.8604, 1.6382)","(-0.2253, -5.5417)","(-5.0048, -3.8601)","(-4.5894, 7.2308)","(4.8184, -0.8486)","(-19.28, 1.7358)","(1.9887, -0.5824)","(7.8024, -13.453)","(1.2954, 1.4932)","(-4.3534, -6.3822)","(9.3859, -3.1257)"
3.130000000000000071e+01,"(-16.7302, 15.2132)","(-0.3639, -5.7485)","(-5.3677, -25.3218)","(-0.3458, 5.5136)","(-1.9298, -1.9623)","(-0.1523, -0.5992)","(24.9851, -4.9573)","(5.7152, 3.8359)","(1.4263, 2.3076)","(-1.1292, 2.4813)","(-0.8397, -7.2569)","(-9.2182, -7.1214)","(-2.6538, 3.8143)","(7.6422, -1.4282)","(-22.9785, 5.2475)","(3.513, -1.1306)","(8.3214, -14.8112)","(2.6732, 3.0561)","(-7.4684, -11.7084)","(14.988, -5.0294)"
3.140000000000000213e+01,"(-11.6472, 12.7765)","(-0.6369, -12.0268)","(-4.2195, -14.8208)","(-0.5721, 5.1558)","(-1.2369, -0.8675)","(-0.3533, -1.3636)","(15.1088, -5.919)","(4.476, 4.2545)","(2.6198, 3.1977)","(-2.1987, 4.863)","(-1.3489, -11.115)","(-15.4183, -11.8175)","(-3.3793, 3.2988)","(13.2319, -2.4691)","(-7.9815, 7.0106)","(7.3262, -2.3375)","(5.6819, -10.7738)","(6.0338, 6.9536)","(-12.1664, -16.2921)","(17.6356, -6.3472)"
3.150000000000000000e+01,"(-3.6594, 5.7977)","(-1.5784, -21.6394)","(-2.2498, -5.2723)","(-1.0753, 7.8621)","(-2.0847, -1.2746)","(-0.8712, -3.4255)","(4.5111, -3.9527)","(5.5223, 6.6285)","(4.9509, 6.0177)","(-4.7275, 10.4111)","(-2.0774, -16.381)","(-15.1004, -11.053)","(-5.9412, 4.9226)","(19.2208, -3.7276)","(-0.9444, 3.6386)","(15.4433, -4.9397)","(3.5147, -6.8074)","(12.9813, 14.7965)","(-12.7864, -9.2019)","(11.7336, -4.9649)"
3.160000000000000142e+01,"(-0.8651, 1.9063)","(-3.7386, -18.7493)","(-1.8156, -3.0981)","(-1.9227, 13.5085)","(-4.2812, -2.6129)","(-2.265, -8.9871)","(1.5843, -2.9869)","(8.4548, 10.7534)","(9.6953, 11.7873)","(-8.8116, 19.69)","(-2.6731, -17.1065)","(-7.7433, -5.1419)","(-10.8227, 8.6893)","(15.6391, -3.4956)","(1.0175, 2.2459)","(22.5945, -7.7906)","(3.1801, -5.8038)","(16.5772, 17.0005)","(-7.2552, -1.6089)","(6.142, -2.8352)"
3.170000000000000284e+01,"(-0.1645, 0.8318)","(-3.6444, -7.0474)","(-2.7953, -4.3352)","(-2.5665, 19.3589)","(-9.5206, -5.8408)","(-5.5671, -21.3316)","(1.5936, -4.4385)","(11.9238, 13.8936)","(14.8704, 16.6192)","(-7.5544, 18.6947)","(-2.3519, -11.1118)","(-3.2193, -2.0759)","(-15.3835, 13.3094)","(7.8183, -2.0635)","(2.2655, 3.1746)","(12.451, -5.7267)","(4.355, -7.5728)","(8.59, 5.9004)","(-3.3156, -1.1185)","(4.515, -1.8227)"
3.180000000000000071e+01,"(-0.0967, 1.2942)","(-1.6271, -1.9215)","(-4.9365, -7.6304)","(-1.4626, 15.6736)","(-18.7823, -11.3258)","(-8.1997, -23.6422)","(2.7549, -7.8543)","(11.4582, 9.8116)","(11.4065, 9.0367)","(-2.3862, 7.9846)","(-1.4617, -6.5562)","(-2.0308, -1.4522)","(-10.2149, 12.0118)","(4.0546, -1.0247)","(4.3861, 6.1496)","(4.1792, -2.6773)","(6.7096, -11.5113)","(3.5438, 1.3432)","(-2.3882, -2.4876)","(6.0973, -2.1259)"
3.190000000000000213e+01,"(-0.19, 2.7503)","(-0.7828, -0.447)","(-8.8364, -13.6309)","(-0.3481, 7.9799)","(-18.3786, -9.755)","(-5.87, -7.6246)","(5.0555, -14.4339)","(7.3496, 4.4372)","(5.2147, 2.5051)","(-0.544, 2.6706)","(-0.9788, -5.8337)","(-3.1037, -2.3694)","(-3.5719, 6.5184)","(4.1605, -0.8603)","(8.8114, 12.369)","(1.2881, -1.1475)","(8.7845, -15.2968)","(2.8689, 0.337)","(-3.2859, -5.0008)","(10.3977, -3.4524)"
3.200000000000000000e+01,"(-0.477, 6.4985)","(-1.1931, -0.3467)","(-11.5344, -17.2223)","(-0.2586, 4.2541)","(-7.8869, -2.7667)","(-4.491, -2.8582)","(6.2872, -20.1834)","(4.4536, 3.2581)","(1.6836, 0.7352)","(-0.115, 1.5149)","(-1.0731, -8.2426)","(-6.1457, -4.763)","(-1.8367, 2.9684)","(7.0029, -1.3191)","(14.449, 17.6025)","(1.2349, -1.4503)","(7.2372, -13.3233)","(4.6312, 0.2761)","(-6.0612, -10.0716)","(16.7982, -5.639)"
3.210000000000000142e+01,"(-1.123, 15.458)","(-2.4901, -0.6794)","(-7.7124, -10.4203)","(-0.525, 4.4427)","(-2.9097, -0.5113)","(-5.9207, -2.5556)","(2.4782, -13.9868)","(4.2126, 4.5588)","(0.7137, 0.598)","(-0.0828, 2.4678)","(-1.6084, -13.3166)","(-12.4729, -9.674)","(-2.4489, 2.4018)","(13.0537, -2.4113)","(12.2832, 8.1732)","(2.2843, -2.7721)","(4.1737, -8.1827)","(8.8533, 0.5402)","(-11.2638, -17.0537)","(17.5225, -6.5076)"
3.220000000000000284e+01,"(-1.1869, 26.2145)","(-5.8049, -1.6277)","(-3.543, -4.4069)","(-1.0494, 7.4401)","(-2.4879, -0.0138)","(-9.0862, -3.7344)","(0.2259, -6.152)","(6.0796, 7.7287)","(1.0533, 1.2367)","(-0.1681, 5.0709)","(-2.4339, -18.32)","(-18.3787, -13.9366)","(-4.6155, 3.7583)","(20.2669, -3.8841)","(5.6219, 0.9852)","(4.959, -5.981)","(2.8729, -5.4653)","(16.9203, 0.9921)","(-14.3006, -12.6159)","(9.8127, -4.4305)"
3.230000000000000426e+01,"(1.6451, 14.7391)","(-13.8427, -3.8853)","(-1.7004, -2.2684)","(-1.9879, 13.6829)","(-4.2182, 0.1143)","(-14.1599, -5.7653)","(0.2612, -2.6838)","(9.8111, 12.587)","(2.2412, 2.7934)","(-0.3916, 11.2873)","(-2.7533, -15.2824)","(-11.5887, -7.9748)","(-9.2207, 7.2073)","(16.3362, -3.6713)","(1.6656, -0.0531)","(10.6963, -12.9328)","(3.3484, -5.9287)","(21.9731, 0.5033)","(-8.5798, -1.2582)","(4.7212, -2.2545)"
3.239999999999999858e+01,"(2.1156, 5.1768)","(-25.0934, -6.0808)","(-1.9179, -2.8676)","(-2.7609, 20.5108)","(-8.4295, 0.2117)","(-17.1381, -6.3769)","(0.7641, -2.6896)","(12.8465, 13.9909)","(5.2786, 6.6882)","(-0.6448, 22.0504)","(-2.0082, -8.4522)","(-4.5336, -2.7264)","(-15.8159, 12.8968)","(7.3961, -2.0561)","(0.3662, -0.0193)","(15.1106, -19.215)","(5.206, -8.9348)","(12.456, -1.2454)","(-3.0278, 0.4225)","(3.6894, -1.4569)"
3.250000000000000000e+01,"(2.3442, 3.075)","(-16.2718, -0.2992)","(-3.4907, -5.3987)","(-1.4122, 15.9142)","(-16.8667, 0.4477)","(-12.6116, -3.6221)","(1.6858, -4.8416)","(10.3396, 7.3378)","(12.047, 15.0426)","(0.1884, 20.6159)","(-1.1079, -5.1865)","(-1.3175, -0.7191)","(-13.1265, 13.9352)","(3.0399, -0.8462)","(0.0969, 0.059)","(6.9434, -11.1648)","(8.0367, -13.7795)","(4.6912, -1.0523)","(-1.1286, -0.3745)","(5.5674, -1.8995)"
3.260000000000000142e+01,"(3.7623, 4.2169)","(-5.5448, 2.452)","(-7.0186, -10.924)","(-0.1814, 7.2999)","(-22.8577, 1.1867)","(-7.17, -1.6951)","(3.6119, -9.9651)","(5.7741, 3.084)","(17.1833, 18.3264)","(0.9294, 8.1911)","(-0.8487, -5.7057)","(-0.4711, -0.2101)","(-3.9177, 7.786)","(2.4539, -0.5297)","(0.1344, 0.185)","(1.8376, -4.3305)","(8.9103, -15.796)","(1.5278, -0.3102)","(-0.9688, -1.2699)","(10.2153, -3.3455)"
3.270000000000000284e+01,"(6.5915, 7.3611)","(-2.4533, 2.8039)","(-11.9287, -18.2703)","(-0.1093, 3.1576)","(-12.6514, 1.8903)","(-5.2094, -1.5971)","(6.6551, -18.9498)","(3.5672, 2.877)","(9.7313, 5.1118)","(0.6513, 2.8409)","(-1.1105, -9.1268)","(-0.708, -0.272)","(-0.9668, 2.9131)","(4.2186, -0.7934)","(0.3124, 0.4703)","(0.4628, -2.1157)","(5.6954, -10.9274)","(1.1694, -0.0119)","(-1.6822, -2.8759)","(17.5472, -5.8242)"
3.280000000000000426e+01,"(11.4239, 12.6579)","(-2.8236, 4.4422)","(-10.2054, -14.3584)","(-0.316, 2.8335)","(-4.5342, 1.2062)","(-6.5473, -2.5201)","(5.3769, -20.3017)","(3.9592, 4.6503)","(4.3391, 0.1989)","(0.8294, 2.342)","(-1.8128, -15.2863)","(-1.5517, -0.5906)","(-0.6057, 1.0016)","(8.6172, -1.5674)","(0.8077, 1.2468)","(0.3664, -2.9844)","(3.0955, -6.1636)","(2.2343, 0.1266)","(-3.6738, -6.723)","(18.4114, -6.8401)"
3.289999999999999858e+01,"(13.9691, 14.3572)","(-4.8589, 7.7568)","(-4.6838, -5.6486)","(-0.7016, 4.9276)","(-1.2193, 0.4273)","(-10.5846, -4.355)","(0.3862, -9.4797)","(6.3653, 8.4008)","(3.7465, -1.2212)","(1.4983, 3.9538)","(-2.7062, -19.316)","(-3.7855, -1.4476)","(-1.1618, 1.0201)","(17.2611, -3.1552)","(2.2093, 3.4588)","(0.6617, -5.6529)","(2.5741, -4.7559)","(4.9906, 0.3473)","(-8.4318, -15.1237)","(9.3947, -4.4237)"
3.300000000000000000e+01,"(9.1059, 7.6363)","(-8.5379, 13.7277)","(-1.5629, -1.74)","(-1.4879, 9.9652)","(-0.4099, 0.2206)","(-16.3183, -6.5918)","(-0.4591, -3.1439)","(10.7346, 13.9066)","(5.7757, -2.3274)","(2.9885, 7.9198)","(-2.7224, -13.2448)","(-9.6599, -3.7016)","(-2.5516, 1.9702)","(22.4154, -4.4782)","(6.1675, 9.6593)","(1.4013, -11.7403)","(3.6444, -6.3238)","(11.7325, 0.8502)","(-15.4789, -20.1508)","(3.8491, -1.9985)"
3.310000000000000142e+01,"(4.2761, 3.1505)","(-9.9427, 17.9371)","(-0.3905, -0.4531)","(-2.7712, 18.9692)","(-0.6006, 0.3985)","(-16.8232, -5.8321)","(-0.3161, -0.8376)","(13.4044, 13.861)","(10.4526, -4.1836)","(5.998, 15.8458)","(-1.6959, -6.5455)","(-21.7334, -8.2366)","(-5.9408, 4.4473)","(11.6872, -3.0722)","(15.0289, 21.773)","(2.3566, -21.3061)","(6.0988, -10.3907)","(23.4518, 1.3966)","(-12.4094, -2.8054)","(2.3586, -0.9901)"
3.320000000000000284e+01,"(2.351, 2.0833)","(-4.4686, 12.1921)","(-0.2561, -0.3747)","(-2.4752, 21.2958)","(-1.3295, 0.8912)","(-10.231, -2.4922)","(-0.485, -0.6393)","(9.5496, 5.6999)","(17.3802, -7.2313)","(8.4805, 21.2645)","(-0.8526, -4.1461)","(-21.7022, -7.4591)","(-13.4915, 10.1706)","(4.1045, -1.3745)","(16.7672, 12.8114)","(1.089, -19.3751)","(9.1213, -15.684)","(20.1568, -0.6424)","(-3.3021, 3.3363)","(3.5381, -1.2105)"
3.330000000000000426e+01,"(2.9251, 3.119)","(-1.2845, 5.6462)","(-0.5258, -0.819)","(-0.3021, 10.2928)","(-3.2828, 2.1865)","(-5.4728, -1.2487)","(-1.0173, -1.2244)","(4.7074, 2.1216)","(16.8685, -8.7387)","(5.4892, 11.4714)","(-0.7266, -5.2776)","(-8.4727, -1.926)","(-19.3076, 16.7464)","(1.1264, -0.4536)","(8.0263, -2.3483)","(-0.566, -8.147)","(8.3272, -15.1211)","(7.3556, -2.0841)","(0.8057, 3.1023)","(6.9557, -2.2519)"
3.339999999999999858e+01,"(5.3241, 5.971)","(-1.025, 2.8878)","(-1.251, -1.9694)","(0.157, 3.5812)","(-8.4572, 5.6168)","(-4.5775, -1.5284)","(-2.3387, -2.8406)","(2.7455, 2.2285)","(7.8118, -6.055)","(2.3248, 4.0294)","(-1.0686, -9.2029)","(-4.7764, -0.533)","(-6.5409, 11.4316)","(0.6876, -0.3606)","(3.6461, -5.5556)","(-0.4386, -2.5761)","(4.3895, -8.769)","(2.8997, -1.7683)","(2.5409, 4.157)","(14.1435, -4.5499)"
3.350000000000000000e+01,"(10.2701, 11.5701)","(-1.8643, 3.3225)","(-3.1957, -5.0507)","(0.0749, 0.9167)","(-19.1669, 12.9165)","(-6.688, -2.6846)","(-5.7487, -7.0384)","(3.2481, 3.9581)","(3.1892, -2.7951)","(0.7002, 1.0727)","(-1.8749, -16.2395)","(-6.0046, -0.3664)","(-0.0464, 4.8637)","(1.2537, -0.6981)","(3.2261, -8.0113)","(-0.2612, -0.8021)","(2.3643, -4.725)","(3.0642, -2.6427)","(4.6871, 7.6268)","(21.6283, -7.375)"
3.360000000000000142e+01,"(15.0959, 16.1118)","(-3.7439, 5.959)","(-8.1626, -12.8864)","(0.0252, 0.1923)","(-18.5601, 14.1447)","(-11.6083, -4.8583)","(-13.2814, -15.9873)","(5.6333, 7.6654)","(2.4352, -1.4366)","(0.3174, 0.3847)","(-2.8718, -20.2638)","(-9.497, -0.5341)","(1.5911, 2.8296)","(2.8171, -1.5662)","(4.4151, -11.5367)","(-0.4455, -0.9494)","(2.3512, -4.2443)","(5.1531, -4.6028)","(8.7976, 14.0498)","(13.9507, -6.025)"
3.370000000000000284e+01,"(10.7836, 9.2957)","(-7.49, 11.7103)","(-15.103, -23.2029)","(0.0274, 0.1034)","(-5.782, 6.6949)","(-17.8577, -7.1895)","(-17.3052, -17.7553)","(10.3606, 13.956)","(3.9721, -1.706)","(0.5465, 0.5898)","(-2.7781, -12.4628)","(-15.4066, -0.8533)","(3.0202, 3.8375)","(6.8717, -3.8067)","(5.3845, -15.3503)","(-0.9405, -1.9474)","(3.7756, -6.4725)","(9.6725, -8.6048)","(13.6773, 16.4413)","(5.0941, -2.9493)"
3.380000000000000426e+01,"(4.7786, 3.1412)","(-11.2497, 18.8443)","(-9.3073, -12.0367)","(0.0645, 0.2142)","(-2.3617, 4.3586)","(-16.2838, -5.2855)","(-8.8921, -4.5881)","(14.2288, 15.5125)","(7.8419, -3.0848)","(1.2193, 1.3097)","(-1.5752, -5.4525)","(-18.9678, -0.8525)","(5.5292, 6.9944)","(16.1337, -8.9689)","(3.6717, -15.0324)","(-2.1855, -4.5616)","(6.6947, -11.3467)","(15.1714, -13.9135)","(11.5981, 5.3616)","(1.4256, -0.9628)"
3.389999999999999858e+01,"(1.6087, 1.0616)","(-6.2208, 15.0507)","(-4.5166, -4.3107)","(0.162, 0.5381)","(-2.4184, 5.6967)","(-8.6462, -1.7729)","(-4.4886, -0.3875)","(10.2983, 5.8421)","(15.3763, -6.0503)","(2.996, 3.2315)","(-0.6633, -2.9694)","(-13.269, -0.2183)","(10.2547, 12.869)","(22.6388, -13.1274)","(1.22, -10.531)","(-5.3099, -11.1117)","(9.877, -17.0086)","(11.8083, -12.5344)","(5.2055, 0.1265)","(0.3235, -0.2644)"
3.400000000000000000e+01,"(0.9447, 0.9028)","(-1.07, 6.6549)","(-4.2882, -3.2549)","(0.4336, 1.449)","(-3.705, 8.9553)","(-4.2222, -0.8887)","(-4.8583, 0.7782)","(4.5801, 1.2817)","(20.4431, -9.3106)","(7.648, 8.2605)","(-0.5213, -3.8103)","(-6.9569, 0.0255)","(14.3563, 15.7675)","(9.6496, -6.7848)","(1.0245, -7.3752)","(-10.8929, -22.1709)","(7.819, -14.4905)","(4.6689, -6.378)","(2.0642, 0.5543)","(0.2155, -0.2438)"
3.410000000000000142e+01,"(1.596, 1.7761)","(-0.2009, 2.2017)","(-6.2562, -4.5025)","(1.2142, 4.0744)","(-5.8964, 14.3295)","(-3.6901, -1.2689)","(-7.648, 1.4914)","(1.8244, 0.9562)","(10.6221, -7.6459)","(16.7268, 17.8477)","(-0.7969, -7.0881)","(-4.7298, -0.0955)","(10.5365, 7.4353)","(3.5788, -3.2329)","(2.048, -7.3191)","(-9.8721, -16.6974)","(3.571, -7.4087)","(1.8268, -2.5642)","(1.5214, 1.725)","(0.4344, -0.5203)"
3.420000000000000284e+01,"(3.4373, 3.9407)","(-0.323, 0.9117)","(-10.0304, -7.2069)","(3.4294, 11.5006)","(-6.7812, 17.4761)","(-5.8826, -2.4144)","(-13.2022, 2.5633)","(1.6252, 1.8417)","(3.2992, -3.7112)","(15.3203, 14.834)","(-1.5212, -14.0026)","(-6.0683, -0.2893)","(4.8619, 2.1309)","(3.0269, -3.2982)","(3.6173, -9.8872)","(-4.839, -5.3878)","(1.7843, -3.6293)","(1.5723, -1.6489)","(2.3107, 3.7291)","(1.0565, -1.2613)"
3.430000000000000426e+01,"(7.9021, 9.1159)","(-0.7957, 1.3211)","(-14.5619, -10.3448)","(8.0396, 26.1351)","(-4.0831, 12.4408)","(-11.0033, -4.6869)","(-19.0787, 4.1483)","(2.8007, 3.8613)","(0.9101, -1.13)","(6.5113, 4.671)","(-2.7308, -21.8561)","(-10.3043, -0.5828)","(1.9229, 1.1374)","(4.5784, -5.1675)","(5.3016, -14.1649)","(-3.1884, -2.344)","(1.8895, -3.3867)","(2.8347, -2.5753)","(4.6581, 8.1796)","(2.7659, -3.2855)"
3.439999999999999858e+01,"(15.5971, 17.5046)","(-1.8255, 2.7969)","(-13.7789, -9.3206)","(7.3344, 18.7073)","(-1.9545, 6.7319)","(-18.4352, -7.5915)","(-15.2853, 4.7813)","(5.849, 8.4299)","(0.4675, -0.3263)","(4.2762, 2.2158)","(-3.175, -15.7298)","(-17.1516, -0.956)","(1.6673, 1.7811)","(7.9723, -8.9924)","(4.8869, -16.2992)","(-4.4578, -2.7044)","(3.2861, -5.5962)","(5.8954, -5.187)","(9.7933, 16.4524)","(7.3884, -8.7682)"
3.450000000000000000e+01,"(14.3461, 13.3709)","(-4.3639, 6.5505)","(-8.2721, -5.189)","(4.519, 6.8984)","(-1.5954, 4.688)","(-17.5388, -5.7848)","(-7.4072, 3.3309)","(11.8828, 16.446)","(0.8941, -0.3712)","(5.7295, 2.5706)","(-2.045, -6.275)","(-19.313, -0.7907)","(2.8793, 3.6306)","(12.446, -14.1677)","(1.8649, -12.5228)","(-7.5258, -4.4988)","(6.2903, -10.5962)","(12.1872, -10.723)","(15.33, 16.9356)","(16.286, -19.706)"
3.460000000000000142e+01,"(6.4834, 3.6786)","(-9.9163, 15.039)","(-4.8106, -3.043)","(4.6136, 5.2217)","(-2.366, 5.9731)","(-8.6881, -1.5305)","(-3.9183, 1.6062)","(15.4067, 15.4393)","(2.0428, -0.7696)","(9.1563, 4.0597)","(-0.7328, -2.0235)","(-11.5209, -0.0551)","(5.9931, 7.8426)","(11.4175, -13.6216)","(0.6818, -7.9951)","(-13.1517, -7.8501)","(10.2887, -17.5593)","(17.1457, -16.0549)","(10.5138, 1.6144)","(12.0845, -17.2348)"
3.470000000000000284e+01,"(3.0002, 0.7817)","(-12.6966, 22.277)","(-4.5953, -3.1515)","(6.2465, 6.5609)","(-4.1356, 9.9786)","(-3.4509, -0.4622)","(-4.1814, 1.0793)","(9.1131, 2.8768)","(5.0225, -1.8396)","(14.6709, 6.474)","(-0.2081, -0.9294)","(-5.4566, 0.0686)","(12.1158, 15.4727)","(5.737, -7.4564)","(1.4118, -6.574)","(-17.5827, -10.0423)","(8.6388, -15.8864)","(8.6328, -10.5278)","(3.0183, -2.0558)","(2.9527, -7.4898)"
3.480000000000000426e+01,"(3.5419, 0.2776)","(-2.5711, 11.8177)","(-6.9262, -4.9459)","(8.8042, 9.1841)","(-6.6487, 16.1653)","(-2.0698, -0.6098)","(-7.0869, 1.4152)","(3.1576, -0.5912)","(12.5614, -4.5899)","(17.2893, 7.3076)","(-0.1856, -1.5252)","(-3.7251, -0.0822)","(15.5046, 15.9127)","(2.7423, -3.5906)","(2.808, -8.1405)","(-12.4685, -6.1195)","(3.5517, -7.6015)","(2.4379, -4.3413)","(-0.0339, -1.6537)","(0.9813, -5.6159)"
3.489999999999999858e+01,"(6.1359, 0.3553)","(0.9905, 4.5144)","(-11.5966, -8.3443)","(11.2741, 11.5996)","(-6.6066, 17.5559)","(-3.165, -1.2873)","(-13.1687, 2.4805)","(1.0554, -1.2132)","(24.2711, -9.7059)","(11.6972, 4.4178)","(-0.3444, -3.3189)","(-5.2802, -0.2686)","(9.0811, 4.4348)","(2.4409, -2.9133)","(4.6912, -12.1002)","(-5.9929, -2.515)","(1.3196, -2.9436)","(0.5001, -1.424)","(-1.1604, -2.1094)","(0.8155, -7.4813)"
3.500000000000000000e+01,"(11.8454, 0.7188)","(2.1145, 3.0484)","(-15.8166, -11.157)","(10.6262, 10.4817)","(-3.1827, 10.5502)","(-6.3626, -2.7549)","(-20.1803, 4.2603)","(1.065, -2.2376)","(14.7829, -9.8767)","(6.1985, 2.1916)","(-0.7769, -7.8402)","(-9.6658, -0.5677)","(3.4063, 0.3441)","(3.9829, -4.5293)","(5.7708, -16.3709)","(-3.1839, -1.5031)","(0.9259, -1.7457)","(0.1331, -1.2135)","(-2.3932, -4.114)","(1.1853, -11.3779)"
3.510000000000000142e+01,"(20.2837, 1.0013)","(3.6762, 4.4051)","(-12.3814, -8.1358)","(7.5319, 7.0933)","(-1.4421, 5.2132)","(-13.3797, -5.8341)","(-15.77, 5.0401)","(2.1044, -4.5182)","(3.2678, -5.8974)","(4.4374, 1.7471)","(-1.8235, -17.9614)","(-17.3768, -1.0074)","(1.3506, -0.5446)","(7.5212, -8.4553)","(3.2853, -15.085)","(-3.6502, -2.067)","(1.6062, -2.7463)","(0.151, -2.2624)","(-5.0886, -9.055)","(1.6273, -16.4915)"
3.520000000000000284e+01,"(18.8203, -0.3053)","(6.6365, 7.971)","(-6.5191, -3.9667)","(5.5138, 5.2756)","(-1.3444, 3.8391)","(-21.7129, -8.8012)","(-6.7973, 3.4076)","(4.7151, -9.8884)","(0.3185, -4.5529)","(5.8904, 2.547)","(-3.424, -25.4346)","(-20.7147, -0.8904)","(1.676, -1.2482)","(12.8254, -14.5173)","(0.6443, -9.5662)","(-6.4411, -3.8512)","(3.3511, -5.6129)","(0.3476, -4.9779)","(-10.7165, -17.7167)","(1.2142, -16.9564)"
3.530000000000000426e+01,"(8.575, -1.3356)","(11.6389, 13.7242)","(-3.7799, -2.4088)","(5.6854, 5.7365)","(-2.2326, 5.5187)","(-15.1489, -3.9765)","(-2.8518, 1.4092)","(8.7397, -19.6231)","(-0.4354, -6.325)","(10.037, 4.4591)","(-3.4102, -11.5702)","(-11.7297, 0.0045)","(3.3127, -2.5416)","(12.3906, -14.7146)","(0.7716, -6.3661)","(-12.2758, -7.4006)","(7.2024, -12.0288)","(0.8396, -11.6287)","(-15.5647, -15.257)","(0.2757, -11.1421)"
3.539999999999999858e+01,"(3.0938, -0.6656)","(13.9565, 14.2679)","(-4.2187, -2.9404)","(7.7199, 8.0155)","(-4.1709, 9.9469)","(-5.9157, -0.2749)","(-2.5349, 0.7162)","(4.8048, -20.4803)","(-0.788, -10.4402)","(16.3301, 7.2076)","(-2.2285, -4.053)","(-4.8255, 0.1518)","(7.4065, -5.5873)","(5.7345, -7.5903)","(1.946, -6.5851)","(-18.6114, -10.8349)","(11.8877, -20.293)","(1.3859, -23.2411)","(-9.2858, -0.1429)","(0.1267, -6.7649)"
3.550000000000000000e+01,"(1.4882, -0.1207)","(8.9218, 6.319)","(-7.0366, -5.0643)","(10.6994, 11.1088)","(-7.0523, 17.0062)","(-1.8045, 0.2731)","(-4.4416, 0.8789)","(-2.5384, -8.261)","(-1.4075, -16.8405)","(17.3166, 7.1861)","(-2.4083, -2.877)","(-2.3184, -0.0046)","(15.4377, -11.9071)","(2.206, -3.0522)","(3.6711, -9.5438)","(-13.9352, -6.9246)","(7.6007, -14.6318)","(-0.5953, -20.3011)","(-2.22, 2.2517)","(0.4049, -6.1469)"
3.560000000000000142e+01,"(2.2109, 0.0865)","(4.0122, 2.2962)","(-12.4365, -8.9835)","(11.5913, 11.6601)","(-6.8423, 18.2781)","(-1.1848, 0.5335)","(-9.0601, 1.6242)","(-2.2374, -1.9373)","(-2.6892, -18.6402)","(10.0361, 3.608)","(-3.917, -4.2848)","(-2.9524, -0.1418)","(16.9828, -16.1488)","(1.3357, -1.6576)","(5.6975, -14.582)","(-6.1794, -2.3902)","(2.359, -5.7837)","(-2.0576, -7.4615)","(0.4541, 1.9289)","(0.8404, -8.6547)"
3.570000000000000284e+01,"(4.5755, 0.2934)","(2.044, 1.6745)","(-16.7248, -11.7709)","(8.7137, 8.2764)","(-2.836, 10.0209)","(-2.0553, 1.0832)","(-17.823, 3.2724)","(-2.1413, -0.131)","(-3.2295, -11.1637)","(4.8303, 1.6545)","(-7.0641, -7.7369)","(-5.6994, -0.3419)","(4.4353, -9.5079)","(2.113, -2.4115)","(5.2644, -17.2377)","(-2.2944, -0.8922)","(0.5923, -1.9537)","(-1.7035, -2.8605)","(1.619, 2.7728)","(1.4361, -13.7528)"
3.580000000000000426e+01,"(10.276, 0.7182)","(2.4891, 2.7858)","(-11.7113, -7.5343)","(5.8176, 5.4476)","(-1.0522, 4.303)","(-4.4363, 2.3239)","(-21.7805, 5.3033)","(-3.5671, 0.3388)","(-1.9547, -5.5205)","(3.5531, 1.4151)","(-12.2519, -13.291)","(-11.9732, -0.7472)","(-0.0308, -3.7044)","(4.2917, -4.806)","(1.4797, -12.5049)","(-1.6266, -0.8627)","(0.3257, -1.7132)","(-2.5163, -2.9323)","(3.2379, 5.5555)","(1.6846, -18.318)"
3.589999999999999858e+01,"(20.9837, 1.2988)","(4.5988, 5.5704)","(-5.5139, -3.2411)","(5.1026, 5.0438)","(-0.8595, 2.5883)","(-10.2313, 5.3206)","(-10.3839, 4.8004)","(-7.1831, 0.6483)","(-0.8886, -4.2415)","(5.2216, 2.2835)","(-13.96, -14.0876)","(-21.7019, -1.252)","(-1.2054, -2.1211)","(9.1031, -10.1635)","(0.2114, -7.1816)","(-2.8099, -1.6746)","(0.5265, -3.0899)","(-4.3962, -4.9259)","(6.7896, 11.8316)","(0.7286, -14.922)"
3.600000000000000000e+01,"(22.1412, -0.0667)","(9.2446, 11.3114)","(-2.8173, -1.763)","(6.5238, 6.7376)","(-1.508, 3.7239)","(-20.1631, 10.8387)","(-3.2854, 2.388)","(-14.9826, 1.338)","(-0.6185, -6.108)","(9.5874, 4.2914)","(-8.2732, -6.9704)","(-19.2079, -0.5392)","(-2.3772, -3.056)","(15.2582, -17.3081)","(1.0642, -5.511)","(-5.9312, -3.6198)","(1.1265, -6.5502)","(-8.2907, -9.3332)","(12.9912, 19.1395)","(0.0348, -8.4336)"
3.610000000000000142e+01,"(8.9987, -1.8857)","(14.9762, 17.0239)","(-3.1881, -2.2282)","(9.5186, 9.9435)","(-3.0427, 7.1848)","(-16.9835, 11.3754)","(-0.7743, 0.7715)","(-23.1477, 3.6323)","(-0.7784, -10.8548)","(16.7787, 7.4617)","(-3.6471, -2.7987)","(-7.939, 0.315)","(-4.6136, -5.936)","(10.6614, -13.1763)","(2.4808, -7.0074)","(-12.8826, -7.8747)","(2.4773, -14.3795)","(-13.7765, -15.0976)","(14.278, 9.1697)","(0.1641, -5.4394)"
3.620000000000000284e+01,"(2.976, -1.3867)","(12.0237, 9.7646)","(-5.6821, -4.1091)","(12.0116, 12.3216)","(-6.0847, 14.3213)","(-5.1894, 5.9384)","(-0.2388, 0.4651)","(-13.4542, 6.7879)","(-1.456, -18.1548)","(18.4534, 7.6923)","(-1.9934, -1.8169)","(-2.5138, 0.2422)","(-9.2964, -11.9732)","(3.7137, -5.4057)","(4.5502, -11.1868)","(-20.9061, -12.2576)","(3.8593, -23.9503)","(-12.9349, -12.3359)","(6.4401, -1.183)","(0.5137, -6.175)"
3.630000000000000426e+01,"(2.0527, -1.6409)","(5.5297, 2.5303)","(-11.046, -8.0356)","(10.2935, 9.9894)","(-8.4505, 21.0454)","(-1.3017, 2.8862)","(-0.3244, 0.8634)","(-3.3153, 4.5899)","(-2.9645, -18.968)","(10.0118, 3.4937)","(-2.6491, -2.8062)","(-0.9873, 0.1838)","(-14.8954, -17.2881)","(1.0329, -1.7592)","(6.3905, -16.7715)","(-13.6954, -6.4182)","(1.6197, -15.7244)","(-6.655, -4.8826)","(1.3074, -1.5849)","(1.0279, -9.8281)"
3.639999999999999858e+01,"(3.2599, -2.888)","(1.7284, 0.5302)","(-17.5631, -12.5495)","(6.6502, 6.1476)","(-4.2002, 13.6307)","(-0.7041, 3.3594)","(-0.7301, 1.9535)","(-0.322, 1.6792)","(-3.3549, -9.9369)","(4.1403, 1.3003)","(-5.0174, -5.5197)","(-1.4361, 0.3412)","(-11.8981, -8.8015)","(0.5375, -1.1783)","(3.9845, -16.6182)","(-5.3212, -1.5711)","(0.012, -5.8325)","(-2.6228, -1.81)","(-0.3851, -1.3359)","(1.6868, -15.984)"
3.650000000000000000e+01,"(6.4134, -5.6568)","(0.3884, 0.1056)","(-13.8226, -9.0524)","(4.8158, 4.6142)","(-1.0428, 5.4033)","(-1.0429, 5.7855)","(-1.8367, 4.8353)","(0.5039, 1.0402)","(-1.7789, -4.3226)","(2.2003, 0.8243)","(-10.0536, -11.1058)","(-2.9843, 0.7175)","(-5.4181, -1.8136)","(0.8752, -2.0688)","(0.2402, -9.8994)","(-2.0905, -0.2419)","(-0.252, -2.2492)","(-1.4833, -1.3715)","(-1.2094, -2.1093)","(1.5696, -18.964)"
3.660000000000000142e+01,"(12.603, -11.1609)","(0.0821, 0.0499)","(-6.1142, -3.4571)","(5.3862, 5.4898)","(-0.238, 1.5944)","(-2.0502, 11.1636)","(-4.6606, 12.2492)","(1.1785, 1.7014)","(-0.6863, -3.0837)","(3.0474, 1.3257)","(-15.5383, -16.5036)","(-6.9302, 1.654)","(-1.642, -0.2582)","(1.8659, -4.4045)","(0.1559, -5.5035)","(-2.4665, 0.0313)","(-0.5124, -2.6149)","(-2.2185, -2.4301)","(-2.5405, -4.5024)","(0.3028, -12.5641)"
3.670000000000000284e+01,"(16.3635, -15.5373)","(0.106, 0.1255)","(-2.1411, -1.173)","(7.895, 8.2583)","(-0.094, 0.4171)","(-3.3757, 19.5757)","(-8.7288, 24.704)","(2.5419, 3.7081)","(-0.4447, -4.6866)","(5.9483, 2.6775)","(-11.182, -9.9901)","(-16.0251, 3.8343)","(-0.3662, -0.0151)","(4.2919, -10.0956)","(1.2902, -4.9885)","(-4.5586, 0.1193)","(-0.9787, -4.7773)","(-4.4692, -5.0805)","(-5.6699, -10.2975)","(-0.0655, -6.4426)"
3.680000000000000426e+01,"(8.0603, -9.9029)","(0.2508, 0.3185)","(-1.1337, -0.7379)","(11.3886, 11.8671)","(-0.1846, 0.4635)","(-1.9842, 19.38)","(-3.0493, 17.9479)","(5.8689, 8.7125)","(-0.5663, -8.9558)","(12.3662, 5.5971)","(-4.8135, -3.3378)","(-25.0757, 6.3241)","(-0.0888, 0.0258)","(8.5968, -20.4668)","(2.8706, -7.3442)","(-9.5539, 0.2227)","(-2.0063, -9.8823)","(-9.5118, -10.8613)","(-12.039, -19.4809)","(0.1917, -4.5069)"
3.689999999999999858e+01,"(2.455, -4.0801)","(0.6514, 0.8404)","(-1.8428, -1.3237)","(11.9622, 11.9684)","(-0.4419, 1.0275)","(0.5126, 9.1961)","(1.6326, 6.7438)","(12.6996, 17.8963)","(-1.0987, -16.9786)","(20.7761, 9.1756)","(-1.4798, -0.909)","(-13.0027, 4.1679)","(-0.1034, 0.072)","(7.6125, -19.8912)","(5.2721, -12.5241)","(-19.0492, 0.5169)","(-3.9452, -19.1328)","(-15.9516, -17.4201)","(-15.6649, -12.4826)","(0.566, -6.0256)"
3.700000000000000000e+01,"(0.6272, -1.1772)","(1.789, 2.328)","(-3.9131, -2.8641)","(8.2182, 7.657)","(-1.0971, 2.5132)","(0.4524, 3.3471)","(2.7172, 3.9679)","(16.0447, 15.2668)","(-2.6593, -21.6384)","(15.8348, 6.1006)","(-0.3455, -0.2342)","(-4.668, 2.0321)","(-0.243, 0.1782)","(2.2551, -8.0915)","(6.7818, -18.326)","(-22.4162, 1.4161)","(-4.9181, -21.1293)","(-12.0021, -10.4526)","(-7.5549, 1.6983)","(1.1429, -10.438)"
3.710000000000000142e+01,"(0.1892, -0.2796)","(5.0562, 6.6014)","(-8.9226, -6.5586)","(5.0754, 4.684)","(-2.863, 6.519)","(0.0005, 1.464)","(4.3433, 5.0194)","(8.661, 1.3067)","(-3.8597, -11.7915)","(6.4312, 1.8503)","(-0.2406, -0.2448)","(-3.0394, 1.7001)","(-0.6408, 0.4646)","(0.5347, -3.196)","(2.7415, -15.5849)","(-10.453, 1.9223)","(-3.0232, -9.6058)","(-5.1823, -2.9932)","(-1.0387, 2.7998)","(1.8726, -17.4965)"
3.720000000000000284e+01,"(0.2928, -0.2744)","(13.2951, 17.0071)","(-17.9723, -13.0755)","(4.4751, 4.4362)","(-7.1524, 16.3834)","(-0.3076, 2.0076)","(7.1061, 8.1185)","(3.0079, -1.8644)","(-2.3063, -4.2178)","(1.9835, 0.4288)","(-0.5103, -0.5671)","(-4.4629, 2.6679)","(-1.7821, 1.2784)","(0.2561, -3.238)","(-0.4777, -8.0046)","(-3.4748, 1.0919)","(-1.2536, -3.1808)","(-1.8376, -0.6257)","(1.3247, 2.8174)","(1.4748, -19.3201)"
3.730000000000000426e+01,"(0.69, -0.6013)","(18.9251, 19.7455)","(-17.5019, -11.7873)","(6.1159, 6.3601)","(-10.3754, 25.7401)","(-0.7661, 4.1042)","(11.2772, 12.6823)","(1.7312, -3.2604)","(-0.7065, -1.4897)","(0.8096, 0.0797)","(-1.2381, -1.396)","(-8.025, 4.8021)","(-5.1055, 3.6414)","(0.3617, -5.4869)","(0.0701, -4.2416)","(-1.164, 0.584)","(-0.457, -0.9203)","(-1.6706, -0.1739)","(2.806, 4.5787)","(0.0349, -11.1255)"
3.739999999999999858e+01,"(1.7222, -1.4793)","(10.0166, 3.2083)","(-7.3515, -3.9128)","(9.5669, 10.0607)","(-2.7623, 12.1987)","(-1.7942, 9.2232)","(12.8878, 13.0774)","(2.4715, -5.6445)","(-0.2209, -1.4135)","(1.2444, 0.0466)","(-3.2194, -3.6513)","(-14.4154, 8.6472)","(-14.0038, 10.1098)","(0.7125, -10.6108)","(1.2408, -4.2349)","(-1.371, 0.9065)","(-0.5505, -0.8854)","(-3.0371, -0.1959)","(5.3995, 9.0659)","(-0.1517, -5.1076)"
3.750000000000000000e+01,"(4.5412, -3.8762)","(6.5768, -1.2565)","(-2.9459, -1.1515)","(12.7062, 13.102)","(0.0525, 5.6893)","(-3.66, 19.4795)","(8.8131, 7.173)","(4.7219, -10.5939)","(-0.1791, -2.7531)","(2.6523, 0.0918)","(-8.5082, -9.6507)","(-17.705, 10.9475)","(-22.9681, 19.2105)","(1.2275, -19.1561)","(2.8298, -6.8462)","(-2.6965, 1.8235)","(-1.1124, -1.7407)","(-6.4814, -0.44)","(10.368, 16.3207)","(0.1422, -3.4294)"
3.760000000000000142e+01,"(11.8072, -10.1072)","(7.4445, -3.0188)","(-2.9943, -0.8413)","(10.6448, 10.2716)","(0.8941, 5.7242)","(-2.8949, 23.2168)","(4.7597, 3.5962)","(7.5339, -18.2024)","(-0.2844, -6.1238)","(6.2898, 0.2312)","(-18.0434, -19.9013)","(-10.2473, 6.9303)","(-4.9979, 12.3301)","(0.8482, -20.354)","(5.4787, -12.5319)","(-6.0635, 4.0723)","(-2.5387, -3.9886)","(-14.3475, -0.985)","(14.5208, 14.6462)","(0.4854, -4.9345)"
3.770000000000000284e+01,"(20.9394, -18.9498)","(10.2668, -4.458)","(-5.1052, -1.3504)","(6.2827, 5.6721)","(1.526, 8.4034)","(0.9973, 10.2016)","(3.443, 3.2413)","(4.3741, -18.4444)","(-0.6212, -14.0178)","(15.0752, 0.5506)","(-13.9051, -12.376)","(-4.2311, 3.065)","(2.1623, 6.7956)","(-0.1609, -9.9953)","(7.3854, -19.3222)","(-13.612, 9.1611)","(-6.1148, -9.628)","(-24.3013, -1.1283)","(9.7191, 2.1449)","(1.0436, -9.1968)"
3.780000000000000426e+01,"(9.016, -11.8516)","(13.9348, -6.2174)","(-9.9436, -2.6451)","(4.0738, 3.8347)","(2.439, 13.3704)","(1.2972, 3.4309)","(4.5572, 5.0185)","(-0.9913, -9.1115)","(-1.9214, -24.7154)","(26.2465, 0.6245)","(-6.5491, -3.2778)","(-2.0984, 1.4256)","(4.6762, 6.1327)","(-0.1929, -3.6778)","(2.5228, -15.9849)","(-20.6018, 14.5672)","(-12.7547, -19.8336)","(-16.0651, 1.1847)","(3.5061, -0.6341)","(1.9167, -17.0198)"
3.789999999999999858e+01,"(2.0113, -6.0809)","(14.456, -7.2275)","(-18.309, -4.8122)","(4.5014, 4.5882)","(3.5088, 17.9734)","(1.6022, 2.1271)","(7.7385, 8.8935)","(-0.828, -3.4781)","(-4.4818, -16.0547)","(15.3327, -0.7937)","(-5.4929, -1.4272)","(-2.6755, 1.6453)","(6.7748, 7.8979)","(-0.0198, -1.3926)","(-1.0778, -7.3228)","(-10.1907, 9.1013)","(-12.0172, -17.0527)","(-5.6972, 1.7151)","(1.1223, 0.0587)","(1.8151, -21.2443)"
3.800000000000000000e+01,"(0.5523, -5.8857)","(10.316, -6.1632)","(-20.2824, -4.8202)","(7.0107, 7.3772)","(3.5322, 14.787)","(2.8117, 3.2312)","(12.42, 13.9541)","(0.2264, -2.0162)","(-3.754, -4.87)","(5.6838, -1.1018)","(-7.5816, -1.5095)","(-5.1207, 3.0621)","(9.399, 10.7511)","(0.0875, -1.674)","(-0.3565, -3.1365)","(-3.0728, 3.9074)","(-5.2875, -5.8454)","(-2.0465, 1.2259)","(0.7179, 0.7864)","(0.0012, -12.1709)"
3.810000000000000142e+01,"(0.3926, -8.3774)","(6.962, -4.3218)","(-10.2006, -1.7306)","(11.1994, 11.7896)","(2.3933, 8.3075)","(5.4263, 6.2524)","(12.8945, 12.5794)","(1.1275, -2.8955)","(-2.5662, -1.3595)","(3.7418, -1.2578)","(-11.6946, -2.2878)","(-10.6016, 6.3044)","(11.1793, 11.774)","(0.2295, -3.3974)","(0.6791, -2.6745)","(-1.3004, 2.5391)","(-2.9151, -2.4697)","(-2.1807, 1.8659)","(1.1153, 1.8587)","(-0.3503, -4.8421)"
3.820000000000000284e+01,"(0.583, -12.9999)","(6.6123, -3.4867)","(-3.7496, -0.4578)","(13.1373, 13.3249)","(1.4005, 5.3182)","(10.6725, 12.2634)","(7.738, 5.7676)","(2.6212, -5.7259)","(-3.6772, -1.0072)","(5.3378, -2.0352)","(-16.772, -3.1511)","(-18.6345, 11.2099)","(9.8106, 8.7094)","(0.5455, -7.6781)","(1.8536, -4.4204)","(-1.6351, 3.8388)","(-3.8044, -2.7907)","(-3.9128, 3.4633)","(2.3911, 4.3766)","(-0.0468, -1.9596)"
3.830000000000000426e+01,"(0.5447, -17.7075)","(8.7899, -4.0077)","(-1.2441, -0.1898)","(8.9761, 8.3189)","(1.2421, 6.0022)","(15.3695, 16.4323)","(3.7478, 2.6904)","(5.7175, -12.183)","(-6.6037, -1.6912)","(9.2523, -3.5399)","(-16.5027, -2.536)","(-15.676, 10.0888)","(7.0113, 5.6801)","(1.2026, -17.118)","(4.057, -8.8392)","(-2.9985, 7.0873)","(-6.398, -4.6271)","(-8.0268, 7.0535)","(5.6516, 10.5633)","(0.1826, -2.1554)"
3.840000000000000568e+01,"(-0.2999, -15.6151)","(12.7007, -5.5686)","(-1.2286, -0.2978)","(4.8053, 4.2568)","(1.7547, 9.5437)","(10.404, 8.4429)","(2.7255, 2.6127)","(8.8098, -21.3883)","(-12.8061, -3.3248)","(15.8408, -6.0959)","(-10.4673, -1.0501)","(-6.2293, 4.6049)","(5.5892, 5.1853)","(1.3821, -25.0758)","(7.6244, -17.157)","(-5.8043, 13.7061)","(-11.464, -8.2964)","(-14.9635, 13.3648)","(12.5263, 20.6011)","(0.4765, -4.1589)"
3.850000000000000000e+01,"(-0.7493, -9.3422)","(15.3024, -7.1938)","(-2.4678, -0.6557)","(3.4158, 3.2916)","(2.8381, 15.5747)","(4.4375, 2.5552)","(3.9398, 4.4219)","(2.1585, -17.1078)","(-20.783, -4.8116)","(18.4452, -7.4933)","(-6.3777, -0.6431)","(-1.897, 1.5448)","(6.2165, 6.7491)","(-0.193, -12.8393)","(6.2551, -20.9452)","(-8.2132, 20.3809)","(-16.6486, -11.8082)","(-14.6855, 14.7708)","(16.0639, 11.7444)","(1.0937, -9.0224)"
3.860000000000000142e+01,"(-0.3556, -6.0215)","(12.224, -6.8972)","(-5.6194, -1.5209)","(4.4997, 4.6681)","(3.8214, 18.6979)","(1.3353, 0.7037)","(7.2183, 8.4198)","(-2.5, -6.1693)","(-16.9961, -1.6648)","(10.8124, -5.0293)","(-6.0448, -0.9464)","(-0.5049, 0.4681)","(8.474, 9.7358)","(-0.5428, -4.6338)","(-1.1624, -10.6664)","(-4.5694, 14.2403)","(-12.9087, -8.4536)","(-5.5085, 7.6866)","(6.845, -2.9671)","(2.2115, -18.7226)"
3.870000000000000284e+01,"(0.0606, -6.4334)","(7.6568, -4.9346)","(-13.1918, -3.5786)","(7.6496, 8.1101)","(3.2922, 12.4277)","(0.4548, 0.3701)","(12.5974, 14.4111)","(-1.6266, -1.3629)","(-7.3329, 0.9188)","(4.8365, -2.4291)","(-8.7564, -1.6582)","(-0.479, 0.5175)","(11.0257, 12.1556)","(-0.6459, -2.7939)","(-1.7079, -3.3518)","(-1.3009, 5.9831)","(-6.2223, -3.6706)","(-1.4999, 2.8049)","(0.1525, -3.7133)","(1.941, -23.2644)"
3.880000000000000426e+01,"(0.4045, -9.7848)","(6.0498, -3.4812)","(-24.2602, -6.3424)","(12.4236, 13.0874)","(1.9256, 6.3217)","(0.6555, 0.7313)","(13.8472, 13.7117)","(-1.5311, -0.0885)","(-2.5618, 0.4659)","(3.0063, -1.3458)","(-14.0315, -2.7499)","(-0.9754, 1.0742)","(10.8233, 10.2163)","(-1.1207, -4.1555)","(-0.6405, -0.7416)","(-0.4366, 2.051)","(-2.935, -1.7924)","(-0.2985, 0.7715)","(-2.3362, -4.0998)","(-0.4604, -10.9701)"
3.890000000000000568e+01,"(0.6885, -15.5033)","(7.3424, -3.4856)","(-16.9011, -3.4018)","(13.172, 13.1594)","(1.102, 4.3993)","(1.4327, 1.679)","(7.9915, 5.6359)","(-2.6824, 0.2357)","(-1.3983, -0.0956)","(4.187, -1.6555)","(-18.3528, -3.2968)","(-2.3084, 2.5351)","(7.9007, 6.3047)","(-2.09, -7.7257)","(-0.3009, -0.1005)","(-0.4502, 1.2875)","(-2.8741, -1.9845)","(-0.0658, 0.4885)","(-4.2857, -6.7373)","(-0.7118, -3.7447)"
3.900000000000000000e+01,"(0.3159, -18.5882)","(10.8752, -4.7356)","(-6.3617, -0.4975)","(7.7837, 6.9542)","(1.1468, 5.8675)","(3.4743, 4.127)","(3.3298, 2.0003)","(-5.6775, 0.4653)","(-2.237, -0.5248)","(7.8156, -2.9805)","(-14.3554, -1.8286)","(-5.8159, 6.3732)","(5.6393, 4.819)","(-4.029, -14.8884)","(-0.4765, 0.0218)","(-0.9381, 2.2518)","(-4.9565, -3.5755)","(-0.0673, 0.9338)","(-7.6965, -12.1549)","(-0.7005, -1.7879)"
3.910000000000000142e+01,"(-0.7078, -12.9813)","(15.0462, -6.6987)","(-3.3384, 0.1702)","(3.7671, 3.2626)","(1.8156, 10.1605)","(8.6576, 10.295)","(1.6322, 1.3788)","(-12.7301, 0.974)","(-4.7078, -1.2646)","(14.8722, -5.6589)","(-7.9402, -0.6277)","(-13.6525, 15.0235)","(5.5257, 5.7373)","(-5.9958, -21.2029)","(-1.0776, 0.0728)","(-2.0919, 4.8647)","(-9.7142, -7.0721)","(-0.1579, 2.1617)","(-12.4573, -16.378)","(-1.2515, -2.5864)"
3.920000000000000284e+01,"(-0.6966, -7.025)","(14.4913, -7.4962)","(-4.4805, 0.4867)","(2.7213, 2.6445)","(3.0873, 17.092)","(17.2575, 19.6364)","(2.1144, 2.3434)","(-23.3794, 2.788)","(-10.6697, -2.9491)","(20.2934, -8.0647)","(-5.1674, -0.5921)","(-16.8506, 19.3459)","(7.3279, 8.4086)","(-4.4944, -13.5609)","(-2.7056, 0.1554)","(-4.8162, 11.128)","(-16.7735, -12.0735)","(-0.4178, 5.4396)","(-12.593, -8.4729)","(-2.464, -5.0555)"
3.930000000000000426e+01,"(-0.1877, -5.0978)","(9.1859, -5.8564)","(-7.8491, 0.8825)","(3.9521, 4.1373)","(4.0225, 19.0785)","(13.507, 11.3744)","(4.0827, 4.8189)","(-17.1093, 6.851)","(-21.4208, -5.5413)","(12.3893, -5.7198)","(-6.0546, -1.0558)","(-6.1131, 8.4932)","(10.2728, 11.7611)","(-2.1071, -5.3636)","(-7.1644, 0.3643)","(-9.0657, 21.5358)","(-15.5531, -10.4456)","(-1.0622, 13.8571)","(-6.8661, -1.3282)","(-5.2219, -10.773)"
3.940000000000000568e+01,"(0.1866, -6.6456)","(5.9579, -3.796)","(-14.5473, 1.6321)","(7.2439, 7.7289)","(3.1453, 10.9462)","(6.2594, 2.367)","(8.594, 10.252)","(-3.9674, 5.7647)","(-20.8909, -2.7559)","(4.8552, -2.6026)","(-9.8179, -1.934)","(-2.3627, 4.231)","(11.6176, 11.8345)","(-0.7157, -1.831)","(-18.2196, 1.0901)","(-6.3365, 18.4245)","(-7.2829, -4.2015)","(-1.4972, 26.8681)","(-3.1045, -1.0774)","(-9.765, -19.683)"
3.950000000000000000e+01,"(0.5409, -11.08)","(6.0574, -3.1078)","(-20.9821, 2.582)","(12.6989, 13.4681)","(1.6272, 4.9904)","(4.5113, 0.2266)","(15.1314, 17.2122)","(0.1175, 2.662)","(-8.1645, 1.7887)","(1.7688, -0.9173)","(-16.0984, -3.1739)","(-2.2616, 4.8015)","(9.1833, 7.5647)","(-0.4029, -1.3125)","(-27.6276, 4.7292)","(-1.2138, 7.3264)","(-2.5939, -1.3897)","(1.5173, 16.9511)","(-2.2942, -2.4644)","(-9.5848, -16.8068)"
3.960000000000000142e+01,"(0.777, -17.6045)","(8.7357, -3.8607)","(-14.8339, 2.4624)","(14.0751, 14.1269)","(0.8441, 3.3565)","(6.2787, -0.3072)","(13.0119, 11.4263)","(1.5176, 2.4271)","(-2.564, 1.7677)","(1.5691, -0.6519)","(-18.8826, -3.2028)","(-3.4393, 7.4885)","(6.1028, 4.7817)","(-0.6622, -2.4225)","(-8.6012, 8.725)","(0.0658, 2.995)","(-0.9995, -0.6115)","(2.5974, 6.1121)","(-3.2404, -4.9931)","(-4.7883, -6.252)"
3.970000000000000284e+01,"(0.0158, -18.3874)","(13.3567, -5.7315)","(-6.434, 1.4186)","(7.8707, 6.8841)","(0.9223, 4.837)","(10.4001, -0.5572)","(6.0133, 3.0773)","(2.9566, 4.0959)","(-1.7244, 2.4039)","(2.9738, -1.1359)","(-12.1918, -1.2253)","(-5.7602, 12.5425)","(5.0305, 4.8328)","(-1.4143, -5.3011)","(0.5019, 5.8569)","(0.5179, 3.3042)","(-1.3245, -0.9401)","(3.1068, 3.9813)","(-6.0644, -10.1448)","(-1.7744, -1.8032)"
3.980000000000000426e+01,"(-0.9522, -10.7013)","(16.1782, -7.5939)","(-2.7119, 0.5597)","(3.2919, 2.6782)","(1.5735, 9.011)","(16.8617, -0.998)","(2.0382, 0.5233)","(5.8672, 8.2894)","(-2.6931, 4.24)","(6.4872, -2.4327)","(-6.1185, -0.3847)","(-7.8848, 17.489)","(6.1398, 6.9085)","(-3.2271, -12.1522)","(3.4389, 5.2024)","(0.992, 5.7206)","(-2.7489, -2.0082)","(4.7462, 5.265)","(-11.3636, -17.2551)","(-1.1135, -0.7826)"
3.990000000000000568e+01,"(-0.6066, -5.3773)","(11.8867, -6.9964)","(-2.579, 0.3562)","(1.6752, 1.548)","(2.922, 16.6824)","(18.8223, -1.9217)","(1.2631, -0.0969)","(11.3666, 15.4974)","(-5.3202, 8.2885)","(14.3535, -5.3792)","(-4.2321, -0.533)","(-5.9649, 14.1682)","(8.9423, 10.4811)","(-6.2518, -22.945)","(5.6022, 7.1674)","(1.9122, 11.1729)","(-6.3191, -4.6483)","(7.6927, 8.4841)","(-14.3831, -12.5173)","(-1.8936, -1.1592)"
4.000000000000000000e+01,"(-0.0905, -4.3027)","(6.7181, -4.6099)","(-4.656, 0.5306)","(2.245, 2.3384)","(4.2283, 20.924)","(11.4266, -2.3343)","(2.1373, -0.3711)","(14.8638, 15.2891)","(-9.8704, 15.6611)","(22.9861, -8.9619)","(-5.7305, -1.0592)","(-2.9062, 7.5124)","(11.7363, 12.8905)","(-5.6954, -17.9165)","(8.7143, 11.0359)","(3.5145, 19.7077)","(-14.2444, -10.4521)","(11.7949, 12.8004)","(-8.4616, -1.015)","(-3.9343, -2.404)"
4.010000000000000142e+01,"(0.2484, -6.3833)","(5.1572, -3.021)","(-9.64, 1.0475)","(4.3594, 4.6735)","(3.4559, 11.8856)","(5.6565, -1.4173)","(4.5372, -0.7841)","(9.4288, 3.9672)","(-10.0304, 18.9053)","(13.4768, -6.3274)","(-10.082, -2.0389)","(-1.726, 4.2912)","(10.7665, 9.6586)","(-2.7991, -6.513)","(11.8694, 13.5329)","(4.2952, 19.1178)","(-20.6825, -14.605)","(12.5091, 12.4598)","(-2.8679, 0.5803)","(-8.8857, -5.4602)"
4.020000000000000284e+01,"(0.6235, -11.4505)","(6.6196, -3.0817)","(-18.8948, 2.0969)","(9.1041, 9.8076)","(1.7336, 4.6643)","(4.2097, -0.6337)","(10.4243, -1.7554)","(3.5586, 0.2364)","(-2.8504, 10.4706)","(4.623, -2.835)","(-17.2602, -3.4472)","(-2.0538, 4.6437)","(7.1739, 5.3368)","(-1.4569, -2.5735)","(11.0492, 9.2846)","(2.9136, 8.6551)","(-10.6652, -6.2617)","(8.1136, 6.8925)","(-0.9599, -0.1726)","(-18.2346, -11.0493)"
4.030000000000000426e+01,"(0.8798, -18.8551)","(10.5236, -4.4656)","(-21.9131, 2.9494)","(15.6166, 16.4887)","(0.6159, 1.9292)","(6.0011, -0.4347)","(21.3906, -3.87)","(0.9161, -0.0597)","(-0.3368, 3.9367)","(1.866, -1.5039)","(-19.5004, -3.2259)","(-3.5096, 7.6582)","(4.9052, 4.1674)","(-1.9176, -2.8791)","(7.1514, 4.4984)","(1.2144, 3.0311)","(-4.1937, -1.8297)","(4.483, 3.7204)","(-0.7245, -0.8976)","(-19.3739, -10.4768)"
4.040000000000000568e+01,"(-0.1234, -18.6642)","(15.6735, -6.7881)","(-10.3595, 2.1852)","(12.5295, 11.8699)","(0.4445, 2.1755)","(10.6906, -0.5439)","(21.105, -5.9272)","(0.1906, 0.0183)","(-0.1493, 1.1718)","(2.3086, -2.1489)","(-11.2127, -0.8984)","(-6.2327, 13.5324)","(5.0671, 5.4169)","(-3.3948, -5.0108)","(4.6109, 3.6089)","(0.3722, 1.1822)","(-3.1002, -0.9289)","(3.6354, 3.5546)","(-1.2234, -2.0887)","(-8.4801, -3.0313)"
4.050000000000000000e+01,"(-1.1325, -9.6599)","(15.5133, -7.9377)","(-3.5046, 1.0061)","(5.3932, 4.1535)","(0.7308, 4.2128)","(18.0697, -1.0167)","(7.4079, -4.7102)","(0.1048, 0.1143)","(-0.3813, 0.7751)","(4.2391, -3.9888)","(-4.9776, -0.1801)","(-8.3522, 18.5717)","(7.2369, 8.5172)","(-6.6108, -9.7832)","(4.611, 5.0908)","(0.3031, 1.5576)","(-4.7999, -1.2699)","(5.1089, 5.5211)","(-2.6898, -4.964)","(-3.2399, -0.5571)"
4.060000000000000142e+01,"(-0.6228, -4.2382)","(9.0197, -6.0417)","(-1.003, 0.3787)","(1.7499, 1.1301)","(1.5196, 9.1162)","(19.3092, -2.1014)","(2.0817, -2.6304)","(0.2067, 0.3016)","(-0.9168, 1.4457)","(8.6415, -8.1061)","(-3.055, -0.3535)","(-5.4988, 13.3516)","(10.7225, 12.4904)","(-11.5119, -16.8647)","(6.6677, 8.4343)","(0.5491, 3.2347)","(-8.8414, -2.3387)","(8.652, 9.5822)","(-6.398, -11.9216)","(-2.8483, -0.01)"
4.070000000000000284e+01,"(-0.0924, -3.0611)","(5.0837, -3.5262)","(-0.8928, 0.4439)","(0.8654, 0.4036)","(3.1874, 18.7422)","(10.383, -2.4469)","(1.2165, -3.0006)","(0.5086, 0.7753)","(-2.1633, 3.268)","(15.3239, -14.5447)","(-4.2843, -0.8028)","(-2.3555, 6.3155)","(12.1658, 12.3026)","(-11.1326, -15.3715)","(10.3527, 12.9773)","(1.215, 7.4093)","(-16.2957, -4.2893)","(13.0351, 14.0602)","(-13.6811, -21.3897)","(-4.75, 0.1338)"
4.080000000000000426e+01,"(0.2005, -4.7503)","(4.8602, -2.5725)","(-1.7335, 0.8942)","(1.4265, 0.5658)","(4.678, 22.6446)","(4.511, -1.3171)","(1.8062, -5.1186)","(1.35, 2.098)","(-5.3111, 7.9247)","(13.4657, -13.7342)","(-8.08, -1.6679)","(-1.2739, 3.2234)","(9.0216, 6.9794)","(-5.4881, -6.6917)","(12.5648, 13.0075)","(2.7688, 16.7521)","(-20.6683, -5.0738)","(12.0068, 11.4602)","(-15.276, -8.5025)","(-9.2714, 0.2438)"
4.090000000000000568e+01,"(0.5498, -9.1824)","(7.3277, -3.1975)","(-3.9514, 2.0297)","(3.0362, 1.1981)","(3.4893, 10.2256)","(3.0058, -0.4938)","(3.5124, -9.839)","(3.7411, 5.8691)","(-11.6313, 17.7883)","(5.3023, -6.3683)","(-15.6166, -3.2398)","(-1.5885, 3.578)","(5.4668, 3.9942)","(-2.0172, -2.3229)","(9.5838, 6.5746)","(4.7769, 24.964)","(-12.2353, -2.3215)","(6.7784, 5.3888)","(-5.4699, 3.5102)","(-17.7312, 0.513)"
4.100000000000000000e+01,"(1.0112, -17.4555)","(12.3145, -5.1095)","(-9.5524, 4.8927)","(7.1259, 2.8315)","(1.6936, 3.3253)","(4.4647, -0.3078)","(6.2067, -17.8842)","(10.105, 15.5193)","(-10.997, 21.2933)","(1.6104, -2.1663)","(-21.7839, -3.9848)","(-2.9121, 6.3222)","(4.3094, 4.114)","(-0.7814, -0.9984)","(5.4877, 3.2481)","(3.9987, 12.4391)","(-5.0027, -0.7113)","(3.4674, 2.8403)","(0.3927, 3.7)","(-21.8771, 1.2833)"
4.110000000000000142e+01,"(0.4094, -21.8046)","(17.3138, -7.6702)","(-20.2431, 10.4905)","(16.3936, 6.4852)","(1.106, 1.4394)","(8.5417, -0.3843)","(5.4073, -19.8172)","(18.5019, 22.4075)","(-0.8842, 9.5286)","(0.3708, -0.5348)","(-13.6198, -1.2436)","(-5.6665, 12.2209)","(5.4825, 6.2901)","(-1.005, -1.453)","(3.8562, 3.4566)","(2.2727, 4.2267)","(-2.0838, -0.363)","(3.0701, 3.0815)","(2.6252, 4.3736)","(-11.5558, 1.8092)"
4.120000000000000284e+01,"(-1.2983, -11.8524)","(13.8215, -7.8196)","(-19.1273, 10.8454)","(24.172, 8.9557)","(1.8108, 2.0009)","(16.4547, -0.737)","(0.8901, -10.2257)","(12.0198, 2.3501)","(1.5024, 3.9382)","(0.0798, -0.1353)","(-5.3969, 0.0642)","(-8.8647, 19.451)","(8.5808, 10.3181)","(-2.0572, -3.0522)","(4.6553, 5.6038)","(1.9727, 2.4214)","(-2.298, -0.5617)","(4.7893, 5.2589)","(4.7094, 7.4198)","(-4.2052, 1.049)"
4.130000000000000426e+01,"(-1.0103, -4.3936)","(6.8164, -5.0858)","(-6.7914, 4.9979)","(12.0801, 3.0767)","(3.5737, 3.9232)","(22.042, -1.8114)","(-0.1146, -3.824)","(5.0686, -4.2479)","(2.8234, 3.6366)","(0.0763, -0.1622)","(-1.7736, 0.015)","(-6.4526, 15.4351)","(12.2028, 13.8174)","(-4.6842, -6.9933)","(7.4691, 9.7661)","(3.1737, 3.4636)","(-4.3898, -1.1602)","(8.7115, 9.748)","(8.4275, 13.1483)","(-1.2428, 0.3056)"
4.140000000000000568e+01,"(-0.285, -1.4167)","(3.9769, -2.7168)","(-2.8142, 2.7144)","(4.7175, 0.4535)","(7.6647, 8.4545)","(12.764, -2.8136)","(0.1297, -1.4647)","(3.1077, -6.6627)","(4.779, 5.6711)","(0.1715, -0.3738)","(-1.182, -0.1658)","(-2.4383, 6.8008)","(11.5184, 10.3634)","(-10.3399, -15.3869)","(11.6872, 14.4614)","(5.8358, 6.3569)","(-9.4124, -2.5291)","(13.7575, 14.9424)","(12.9822, 15.9781)","(-0.762, 0.0704)"
4.150000000000000000e+01,"(-0.0064, -1.1306)","(4.5509, -2.2356)","(-3.0716, 3.454)","(3.6818, -0.1694)","(14.6404, 15.8943)","(4.749, -1.7915)","(0.5136, -1.6867)","(3.7067, -9.557)","(8.4356, 10.0481)","(0.4409, -0.9572)","(-2.1648, -0.4398)","(-0.8488, 2.4398)","(7.2007, 4.8952)","(-14.1637, -20.2521)","(12.6008, 11.6733)","(10.9363, 11.8892)","(-18.9448, -5.0361)","(12.3084, 11.5884)","(11.8436, 6.7722)","(-1.4659, 0.0449)"
4.160000000000000142e+01,"(0.1266, -2.1926)","(7.6171, -3.1908)","(-5.0319, 5.7556)","(5.6371, -0.4516)","(14.4765, 14.1173)","(1.5415, -0.5616)","(1.2007, -3.3517)","(5.1209, -13.6422)","(13.0754, 14.8161)","(1.2028, -2.6018)","(-4.7699, -1.0267)","(-0.5904, 1.4158)","(4.2473, 3.2583)","(-7.3047, -8.8735)","(8.1834, 4.591)","(14.9653, 15.5507)","(-21.8354, -5.2207)","(6.3788, 4.7601)","(6.056, 1.066)","(-3.3356, 0.0674)"
4.170000000000000284e+01,"(0.3454, -4.9315)","(13.4627, -5.4839)","(-9.0173, 10.304)","(10.1637, -0.8119)","(6.7063, 4.9442)","(1.1245, -0.1505)","(2.7814, -7.5027)","(4.9542, -16.0477)","(12.2501, 11.1955)","(3.3758, -7.2906)","(-11.137, -2.4283)","(-1.076, 2.3487)","(4.0274, 4.2251)","(-3.0015, -2.9595)","(4.2514, 2.4302)","(9.9499, 8.8293)","(-10.0783, -1.5499)","(2.7327, 2.0438)","(2.8607, 1.2949)","(-8.1413, 0.1387)"
4.180000000000000426e+01,"(0.8495, -11.6644)","(18.4306, -8.2612)","(-13.1893, 15.3327)","(17.7183, -1.4676)","(2.4006, 1.3168)","(2.1312, -0.1046)","(6.0688, -16.5314)","(2.2081, -12.9532)","(6.8701, 4.5021)","(8.7124, -18.9534)","(-22.504, -4.6874)","(-2.3161, 4.9645)","(5.9492, 7.1241)","(-2.3852, -1.8985)","(3.2266, 3.1611)","(4.3358, 3.2679)","(-3.4628, -0.2268)","(2.0183, 1.974)","(2.3937, 2.8318)","(-18.9812, 0.3793)"
4.190000000000000568e+01,"(1.4108, -23.4909)","(12.6604, -7.7389)","(-9.9945, 12.475)","(19.9896, -2.147)","(1.5268, 0.5052)","(4.7456, -0.1575)","(7.3481, -23.7107)","(0.8336, -8.5249)","(3.2479, 2.2303)","(10.8503, -25.5148)","(-20.5245, -2.8385)","(-5.2132, 11.1344)","(9.8245, 11.9373)","(-3.8109, -2.8671)","(4.4232, 5.6067)","(1.6505, 1.3315)","(-1.6153, 0.0838)","(3.2115, 3.5412)","(3.622, 5.7101)","(-25.8455, 1.39)"
4.200000000000000000e+01,"(-0.6355, -20.2922)","(5.4418, -4.5011)","(-4.4692, 6.1618)","(11.0196, -1.8987)","(2.5481, 0.6843)","(11.173, -0.3284)","(0.9091, -12.3187)","(1.4215, -6.8923)","(2.6083, 2.6028)","(2.7165, -10.4616)","(-7.944, 0.415)","(-9.7051, 21.0224)","(13.1307, 14.3126)","(-7.1433, -5.3767)","(7.6861, 10.3339)","(1.4651, 1.484)","(-2.3898, 0.2535)","(6.3454, 7.1911)","(6.8756, 11.4539)","(-11.0937, 2.3614)"
4.210000000000000142e+01,"(-2.1164, -7.3895)","(2.9695, -2.1179)","(-2.1345, 2.877)","(4.6405, -0.9752)","(5.2271, 1.403)","(22.8534, -0.9614)","(-1.0598, -4.3289)","(2.7443, -8.2156)","(4.0161, 4.6918)","(0.6215, -6.4995)","(-3.235, 0.8793)","(-7.4105, 17.6442)","(10.5116, 8.3301)","(-13.4365, -10.093)","(12.4555, 15.5268)","(2.6675, 2.8971)","(-4.7572, 0.516)","(12.2611, 13.7862)","(12.3817, 17.7826)","(-4.2888, 1.9144)"
4.220000000000000284e+01,"(-1.8348, -2.9706)","(3.6279, -1.7424)","(-2.2204, 2.6654)","(2.626, -0.3963)","(11.5348, 3.1208)","(20.9167, -2.8773)","(-1.5115, -2.2643)","(4.5226, -11.8767)","(7.5486, 9.135)","(0.22, -7.7218)","(-3.4787, 1.5061)","(-2.2766, 6.9954)","(5.7593, 3.5147)","(-17.5119, -12.7561)","(12.8319, 11.167)","(5.6964, 6.2821)","(-10.4288, 1.113)","(15.2675, 15.6644)","(13.8048, 9.9089)","(-3.7791, 2.4573)"
4.230000000000000426e+01,"(-2.7527, -3.1827)","(6.5324, -2.6691)","(-3.9238, 4.5034)","(3.6736, -0.3422)","(21.8461, 5.691)","(7.4434, -3.2425)","(-2.6633, -3.1452)","(5.6034, -15.9459)","(13.0962, 15.3191)","(0.2161, -10.8612)","(-5.8728, 2.6636)","(-0.6076, 2.6707)","(3.3517, 2.692)","(-10.5366, -6.9077)","(7.5362, 3.4478)","(11.9989, 13.1825)","(-20.7683, 2.299)","(8.7435, 6.7058)","(7.1682, 0.2682)","(-5.7688, 3.9818)"
4.240000000000000568e+01,"(-4.7693, -5.3344)","(12.5592, -4.9709)","(-7.7217, 8.7767)","(7.083, -0.5562)","(19.2192, 3.7652)","(2.6199, -2.2971)","(-5.0183, -5.9005)","(3.4645, -15.094)","(13.5922, 12.9359)","(0.2606, -15.1484)","(-11.1261, 5.0201)","(-0.4059, 2.7572)","(3.6527, 4.0541)","(-4.2847, -2.5322)","(3.3957, 1.5921)","(16.5452, 17.1426)","(-21.4749, 3.04)","(3.4035, 1.967)","(2.3631, -0.3842)","(-10.0738, 6.9432)"
4.250000000000000000e+01,"(-8.8296, -9.9098)","(19.4971, -8.3454)","(-13.3518, 15.3235)","(14.3361, -1.097)","(7.6939, 0.3313)","(2.3985, -3.1603)","(-9.8191, -11.5511)","(0.8832, -9.9855)","(7.4935, 4.5507)","(0.0658, -16.5213)","(-18.3841, 8.514)","(-0.6558, 4.825)","(5.9701, 7.3533)","(-1.5564, -0.9614)","(2.3417, 2.2473)","(9.2685, 7.6015)","(-8.9018, 2.0984)","(0.9247, 0.4762)","(0.9226, 0.4174)","(-15.5877, 10.9398)"
4.260000000000000142e+01,"(-13.9563, -15.1549)","(14.2932, -8.4773)","(-12.1176, 14.7961)","(22.5075, -2.0021)","(2.6645, -0.3113)","(3.9218, -5.4335)","(-14.9877, -16.4638)","(0.8738, -6.7903)","(2.9308, 1.4683)","(-0.2568, -12.3415)","(-16.1161, 8.535)","(-1.3278, 9.675)","(10.4315, 12.8592)","(-1.424, -1.024)","(3.3154, 4.2946)","(3.6129, 2.175)","(-2.961, 1.0097)","(0.1989, 0.126)","(0.9008, 1.2686)","(-13.9288, 10.6688)"
4.270000000000000284e+01,"(-12.2306, -11.4287)","(5.3521, -4.9256)","(-5.0874, 7.14)","(15.6159, -2.3093)","(2.2273, -0.6447)","(7.3596, -10.1432)","(-11.2997, -9.3594)","(1.9943, -6.9016)","(1.3249, 1.0679)","(-0.2373, -8.1683)","(-7.0668, 4.7395)","(-2.508, 18.549)","(13.817, 14.86)","(-2.6949, -2.0248)","(6.2053, 8.6295)","(1.7528, 0.6599)","(-1.8752, 0.8975)","(0.1701, 0.1801)","(1.6613, 2.899)","(-6.8545, 6.0841)"
4.280000000000000426e+01,"(-6.2037, -4.5545)","(1.9505, -1.8789)","(-1.7282, 2.6007)","(6.0666, -1.4681)","(3.8121, -1.2303)","(11.6656, -16.6092)","(-5.1225, -2.8444)","(3.6617, -9.7142)","(1.7097, 1.949)","(-0.0475, -7.1763)","(-2.665, 1.9007)","(-2.5209, 21.595)","(10.1262, 7.3013)","(-5.8956, -4.4713)","(11.5552, 15.4901)","(2.5319, 0.6896)","(-3.0214, 1.5667)","(0.3791, 0.4358)","(3.7236, 6.8868)","(-3.2887, 2.9358)"
4.290000000000000568e+01,"(-2.5659, -1.8837)","(1.5817, -0.9016)","(-0.758, 1.014)","(1.7969, -0.5257)","(7.7484, -2.4818)","(9.0262, -15.2643)","(-1.6659, -0.8629)","(5.5384, -14.436)","(3.3698, 4.1384)","(0.1222, -9.2086)","(-1.7212, 0.9587)","(-0.6474, 10.7323)","(4.9511, 2.5862)","(-12.9688, -9.8297)","(14.4555, 14.4769)","(4.9001, 1.3052)","(-6.0484, 3.1332)","(0.9464, 1.1035)","(8.6695, 15.6168)","(-3.0235, 2.2975)"
4.300000000000000000e+01,"(-1.8303, -1.7825)","(2.8785, -1.1928)","(-1.1305, 1.3173)","(0.4035, -0.1209)","(15.8261, -5.0887)","(3.1721, -7.6677)","(-0.7339, -0.6375)","(5.086, -16.8291)","(7.3624, 9.1839)","(0.2559, -13.4745)","(-2.8513, 1.3284)","(-0.0408, 3.7988)","(2.4989, 1.8774)","(-19.9267, -14.6972)","(9.0897, 3.9611)","(10.4582, 2.815)","(-12.7048, 6.573)","(2.5191, 2.9565)","(15.8, 20.1266)","(-4.9964, 3.491)"
4.310000000000000142e+01,"(-2.932, -3.2367)","(6.1151, -2.3472)","(-2.3886, 2.7065)","(0.1246, -0.0212)","(22.0046, -7.6674)","(1.1924, -3.0929)","(-1.1178, -1.2778)","(1.6316, -12.483)","(14.3236, 17.1708)","(0.204, -17.0996)","(-5.8908, 2.6326)","(0.011, 0.9912)","(2.7068, 3.0352)","(-11.559, -7.4614)","(3.5406, 0.5889)","(20.2035, 5.2962)","(-20.568, 10.9077)","(6.8758, 8.0815)","(12.066, 1.9589)","(-9.4679, 6.4841)"
4.320000000000000284e+01,"(-5.8771, -6.6741)","(13.3371, -5.0703)","(-5.4818, 6.1701)","(0.2455, -0.0196)","(11.9278, -5.5134)","(1.1493, -1.9763)","(-2.3903, -2.8696)","(0.4128, -7.5098)","(14.5804, 13.4473)","(-0.1652, -14.6325)","(-12.6582, 5.6218)","(0.0015, 0.1999)","(4.7016, 5.9063)","(-4.4033, -2.2876)","(1.1508, 0.4458)","(20.5439, 4.3479)","(-13.7698, 8.2252)","(16.3215, 18.7618)","(2.8753, -3.6238)","(-16.0666, 11.1537)"
4.330000000000000426e+01,"(-11.7369, -13.2652)","(22.0734, -9.2739)","(-12.1099, 13.6724)","(0.6026, -0.0421)","(4.0646, -2.5228)","(2.1664, -3.0739)","(-5.6221, -6.84)","(1.2219, -5.9703)","(7.1896, 3.1943)","(-0.3129, -9.3275)","(-21.2741, 9.852)","(-0.0071, 0.0756)","(9.0903, 11.5919)","(-2.2415, -0.8678)","(0.9008, 1.0036)","(8.9361, 0.6805)","(-4.9669, 3.5793)","(16.498, 15.6091)","(-1.1315, -3.4037)","(-15.1937, 11.5318)"
4.340000000000000568e+01,"(-15.7246, -16.3991)","(13.5458, -8.8997)","(-16.1128, 18.9404)","(1.5773, -0.1062)","(1.098, -0.873)","(4.5343, -6.1745)","(-12.6577, -15.1866)","(2.645, -7.533)","(2.7039, 0.202)","(-0.1357, -6.7597)","(-14.5253, 8.2837)","(-0.0235, 0.1705)","(14.3984, 16.7086)","(-3.1926, -1.0508)","(1.5981, 2.2363)","(2.9594, -0.1553)","(-1.4301, 1.2089)","(7.8785, 3.5966)","(-2.9297, -4.6936)","(-6.868, 6.2897)"
4.350000000000000000e+01,"(-9.3707, -7.3242)","(3.701, -4.777)","(-6.8179, 9.5752)","(4.3384, -0.286)","(0.6796, -0.7619)","(9.3913, -12.7704)","(-17.0808, -17.8022)","(4.6577, -11.6763)","(2.1309, -0.6552)","(0.0545, -7.6103)","(-4.9671, 3.9719)","(-0.0615, 0.4322)","(11.979, 9.316)","(-5.971, -1.946)","(3.5268, 5.1976)","(1.4337, -0.3414)","(-0.8233, 0.8756)","(6.0242, 0.8734)","(-5.3025, -8.5346)","(-2.6096, 2.5638)"
4.360000000000000142e+01,"(-3.7109, -2.0766)","(0.6351, -2.0708)","(-2.076, 3.7765)","(12.0297, -0.7939)","(1.2058, -1.4552)","(13.2623, -19.3434)","(-9.1523, -5.2636)","(6.1406, -16.6934)","(3.565, -1.391)","(0.2156, -11.1928)","(-1.3981, 1.5336)","(-0.1668, 1.1612)","(5.7319, 2.3377)","(-12.1165, -3.9632)","(8.1976, 12.1133)","(2.1912, -0.6945)","(-1.3999, 1.5811)","(7.831, 0.3945)","(-9.636, -14.8672)","(-1.6103, 1.3125)"
4.370000000000000284e+01,"(-1.0899, -0.4336)","(-0.0385, -2.2927)","(-1.1408, 2.8307)","(26.9574, -2.0134)","(2.6792, -3.2218)","(6.2001, -12.6167)","(-4.1249, -0.6672)","(3.5938, -15.8675)","(7.2562, -2.7944)","(0.2956, -16.1934)","(-0.9169, 1.4741)","(-0.4716, 3.2636)","(1.9374, 0.7136)","(-20.7483, -6.6418)","(15.5467, 20.1455)","(4.4563, -1.4226)","(-3.013, 3.3986)","(11.5414, 0.4865)","(-13.7514, -14.9746)","(-2.5854, 1.8188)"
4.380000000000000426e+01,"(-0.6646, -0.0935)","(-0.2396, -4.1664)","(-1.6322, 4.4528)","(19.7818, -2.9499)","(6.3985, -7.6595)","(1.321, -5.0236)","(-3.8419, 0.5208)","(0.3889, -9.6464)","(14.9844, -5.7931)","(0.027, -17.0444)","(-1.5505, 2.6919)","(-1.3501, 9.3298)","(0.9063, 0.7657)","(-17.3062, -4.8866)","(13.5347, 8.3414)","(9.9398, -3.1447)","(-6.9988, 7.8714)","(16.2165, 0.5591)","(-10.5221, -4.1444)","(-5.278, 3.5885)"
4.390000000000000568e+01,"(-1.2192, -0.0866)","(-0.4466, -8.7148)","(-3.0512, 8.3213)","(7.5679, -2.7539)","(13.7241, -16.6235)","(0.1087, -1.5464)","(-6.0807, 1.1565)","(0.4357, -5.832)","(21.462, -9.5105)","(-0.3367, -11.542)","(-3.2959, 5.6891)","(-3.3351, 23.5889)","(1.3153, 1.6108)","(-7.332, -1.5397)","(5.8136, -0.7632)","(20.0596, -6.4808)","(-14.4519, 16.395)","(16.5413, -0.0044)","(-4.7005, -0.4448)","(-11.2475, 7.6052)"
4.400000000000000000e+01,"(-2.7449, -0.1964)","(-1.0066, -17.839)","(-5.722, 15.6525)","(5.7931, -3.1351)","(13.819, -18.5215)","(-0.2211, -1.09)","(-11.0901, 2.083)","(1.5965, -5.6963)","(11.209, -8.0649)","(-0.2512, -7.0847)","(-7.2468, 12.4914)","(-2.7442, 25.0965)","(2.7405, 3.6035)","(-2.3428, -0.3929)","(2.1483, -2.4698)","(20.5071, -7.725)","(-14.014, 17.0254)","(11.2312, -0.6426)","(-2.206, -1.1617)","(-18.9767, 13.2063)"
4.410000000000000142e+01,"(-6.7373, -0.5081)","(-2.8243, -23.109)","(-7.1155, 20.4755)","(7.4533, -4.4198)","(4.1726, -8.1985)","(-0.5214, -1.9632)","(-18.5966, 3.7155)","(3.2753, -8.3953)","(3.1398, -3.9849)","(-0.0332, -6.3169)","(-11.7681, 21.1482)","(0.2002, 9.6396)","(6.3031, 8.4351)","(-0.5518, -0.0855)","(1.9049, -4.1668)","(7.958, -4.4174)","(-4.8252, 7.3192)","(7.2002, -0.4503)","(-2.064, -2.6754)","(-13.2555, 10.7392)"
4.420000000000000284e+01,"(-16.3822, -1.2078)","(-4.2464, -11.0642)","(-3.5264, 12.2559)","(10.732, -6.4107)","(1.035, -3.7293)","(-1.1329, -4.3118)","(-18.3648, 5.0506)","(5.5945, -13.6895)","(0.5896, -1.4066)","(0.1429, -8.7006)","(-6.4158, 14.6647)","(0.906, 6.8438)","(13.4145, 17.2885)","(-0.1233, -0.0267)","(3.2779, -7.4547)","(2.5165, -1.9911)","(-1.5375, 3.0955)","(6.7383, -0.0357)","(-3.4024, -5.5757)","(-4.5028, 4.8088)"
4.430000000000000426e+01,"(-26.9218, -1.1292)","(-2.5245, -3.3129)","(-1.1444, 4.9341)","(14.0718, -8.5289)","(0.5386, -4.0907)","(-2.6335, -10.1621)","(-8.9191, 4.0188)","(6.14, -18.0831)","(0.0291, -1.1683)","(0.298, -13.6327)","(-1.4168, 5.7498)","(1.4374, 8.4341)","(15.8906, 15.3114)","(-0.1742, -0.0555)","(6.0877, -13.849)","(1.6462, -1.8545)","(-1.2473, 3.2664)","(9.3008, 0.3077)","(-6.7957, -11.6145)","(-1.2122, 1.6829)"
4.440000000000000568e+01,"(-13.6788, 1.906)","(-1.229, -0.7889)","(-0.4622, 1.8164)","(13.0112, -8.2826)","(0.7523, -6.7257)","(-5.759, -21.2986)","(-3.6594, 1.8898)","(1.9356, -13.942)","(-0.1075, -2.1524)","(0.2534, -18.1213)","(-0.1128, 2.2707)","(2.0379, 11.6654)","(8.3291, 2.7137)","(-0.4213, -0.1396)","(7.2391, -20.0368)","(2.6085, -3.1797)","(-2.0075, 5.494)","(14.1786, 0.5873)","(-12.6876, -18.5364)","(-0.6145, 1.2787)"
4.450000000000000000e+01,"(-4.9816, 2.3168)","(-1.6648, -0.4959)","(-0.5754, 1.6965)","(8.6143, -5.8177)","(1.392, -12.2913)","(-7.571, -20.8808)","(-2.5285, 0.8317)","(-0.2059, -7.3884)","(-0.2156, -4.7328)","(-0.2089, -15.0377)","(0.2433, 2.6239)","(2.7271, 15.3232)","(3.4012, -0.7092)","(-1.0902, -0.364)","(1.3423, -14.3968)","(5.166, -6.2783)","(-3.8293, 10.4398)","(17.8455, 0.4034)","(-14.1127, -9.6231)","(-0.9778, 2.2807)"
4.460000000000000142e+01,"(-3.5715, 2.8752)","(-3.2567, -0.8713)","(-1.1777, 3.2219)","(6.057, -4.0351)","(2.0507, -19.7249)","(-5.0368, -7.1335)","(-3.9823, 0.8372)","(0.5331, -4.6932)","(-0.4588, -11.1038)","(-0.3785, -8.7023)","(0.518, 4.782)","(2.9044, 15.2897)","(2.9021, -2.0333)","(-2.9787, -0.9984)","(-1.2393, -6.0789)","(10.3457, -12.5951)","(-6.6154, 18.2631)","(14.186, -0.4759)","(-6.8141, 0.5344)","(-2.0825, 4.8401)"
4.470000000000000284e+01,"(-5.0601, 4.5531)","(-7.1873, -1.9763)","(-2.6136, 7.0394)","(6.3844, -3.9833)","(1.0125, -17.7337)","(-2.8884, -2.1881)","(-7.8652, 1.437)","(1.8135, -5.4529)","(-1.3355, -22.7112)","(-0.1563, -5.7047)","(1.0409, 9.8887)","(2.2977, 11.1034)","(4.6401, -3.6857)","(-8.353, -2.8036)","(-0.2699, -2.5646)","(14.1293, -18.0285)","(-6.1952, 18.6258)","(8.3977, -0.68)","(-1.7862, 1.0669)","(-4.7418, 10.9653)"
4.480000000000000426e+01,"(-8.5918, 7.7374)","(-15.9213, -4.3399)","(-5.7131, 15.406)","(9.0494, -5.4405)","(-0.2323, -8.6381)","(-3.5394, -1.6239)","(-15.7207, 2.8549)","(3.7035, -8.9268)","(-3.9861, -20.8258)","(0.0473, -6.4228)","(2.1205, 19.2424)","(1.6383, 7.9168)","(8.8371, -6.9451)","(-21.2317, -7.056)","(0.6861, -2.4041)","(7.2899, -11.2825)","(-2.459, 9.2739)","(6.0101, -0.2466)","(-0.1934, 0.5627)","(-8.941, 21.2312)"
4.490000000000000568e+01,"(-13.4017, 12.2865)","(-24.3647, -5.3076)","(-8.2314, 23.2622)","(13.1041, -7.8552)","(-0.1373, -3.6853)","(-5.9715, -2.5287)","(-22.2424, 4.9546)","(6.3127, -15.161)","(-4.4105, -6.8934)","(0.22, -10.0628)","(3.3016, 21.6107)","(1.4696, 7.7499)","(15.1146, -12.322)","(-25.2449, -7.5748)","(1.812, -4.1998)","(2.2363, -4.4919)","(-0.8292, 3.5581)","(7.147, 0.1406)","(0.2742, 0.609)","(-6.4706, 18.629)"
4.500000000000000000e+01,"(-12.6988, 12.8328)","(-13.5152, 0.4221)","(-3.6181, 13.0761)","(14.5555, -9.0236)","(0.1571, -2.7961)","(-11.1105, -4.7386)","(-12.8034, 5.1009)","(5.9662, -18.8626)","(-2.9092, -1.8726)","(0.3597, -16.05)","(2.8343, 9.8483)","(1.8214, 10.2444)","(13.5858, -13.937)","(-9.9272, -1.5866)","(4.038, -8.6723)","(0.5403, -1.2931)","(-0.4957, 1.6928)","(11.0998, 0.4787)","(0.6774, 1.2288)","(-1.3013, 7.484)"
4.510000000000000142e+01,"(-6.407, 7.807)","(-4.4972, 1.9021)","(-0.8074, 4.8147)","(10.4529, -6.9509)","(0.4801, -4.5578)","(-18.4233, -7.5683)","(-4.3747, 2.863)","(0.7725, -12.4406)","(-3.7263, -1.083)","(0.1286, -18.6937)","(1.3657, 3.2175)","(2.5204, 14.3292)","(4.6375, -8.2712)","(-6.51, -0.195)","(7.7988, -17.3156)","(0.1014, -0.3468)","(-0.8409, 2.3734)","(16.7645, 0.6724)","(1.5753, 2.9638)","(0.0223, 2.9203)"
4.520000000000000284e+01,"(-3.1341, 3.9371)","(-1.7559, 1.89)","(-0.1029, 2.333)","(6.4798, -4.435)","(1.0567, -9.0464)","(-17.3606, -5.7012)","(-1.1641, 0.9287)","(-0.5794, -5.8471)","(-6.3536, -1.604)","(-0.3928, -12.447)","(0.547, 0.8986)","(3.0054, 16.3213)","(1.3832, -3.3552)","(-7.9458, 0.1514)","(6.4511, -21.4273)","(0.0531, -0.3741)","(-1.7649, 4.7924)","(17.6734, 0.0484)","(3.9201, 7.5722)","(0.4617, 3.0246)"
4.530000000000000426e+01,"(-2.902, 2.9935)","(-2.0235, 3.1184)","(0.0457, 3.2627)","(5.5334, -3.5598)","(2.0234, -17.5826)","(-8.631, -1.5378)","(-0.2551, 0.1989)","(0.4216, -3.6344)","(-11.9187, -3.0556)","(-0.3425, -6.5836)","(0.6903, 0.8035)","(2.5926, 12.7949)","(1.0824, -1.4679)","(-11.2357, 0.2776)","(-1.4508, -10.5645)","(0.1013, -0.8119)","(-3.9008, 10.5058)","(11.2354, -0.7899)","(9.7026, 17.7925)","(0.9031, 5.2238)"
4.540000000000000568e+01,"(-4.7043, 4.3293)","(-3.7273, 5.8407)","(0.1061, 6.1201)","(7.2824, -4.4185)","(1.8931, -22.1409)","(-3.4938, -0.5004)","(-0.1287, 0.0427)","(1.6419, -4.6007)","(-19.6683, -4.6216)","(-0.0815, -4.8381)","(1.3973, 1.5577)","(1.8009, 8.4841)","(2.0151, -1.7321)","(-15.478, 0.4243)","(-1.9816, -3.0799)","(0.2539, -1.9964)","(-7.454, 20.3777)","(6.3461, -0.5526)","(17.0526, 19.4979)","(1.7587, 10.3169)"
4.550000000000000000e+01,"(-8.6867, 7.7715)","(-7.4562, 11.616)","(0.201, 12.5071)","(11.1516, -6.644)","(-0.1631, -11.802)","(-2.2255, -0.6761)","(-0.2916, 0.0524)","(3.5205, -8.1331)","(-17.9127, -2.2346)","(0.1013, -6.5277)","(3.1798, 3.567)","(1.4007, 7.1079)","(4.2583, -3.3051)","(-16.3008, 0.6466)","(-1.0972, -0.5271)","(0.6786, -5.2423)","(-6.4158, 19.6162)","(5.4586, -0.077)","(10.4464, -1.4162)","(3.3416, 19.0183)"
4.560000000000000142e+01,"(-14.2276, 12.956)","(-11.3554, 18.9439)","(0.4938, 21.7195)","(14.9832, -9.064)","(-0.4779, -4.2845)","(-3.4519, -1.4082)","(-0.7247, 0.1181)","(6.5137, -14.9602)","(-8.4553, 0.6589)","(0.2811, -11.1318)","(7.6378, 8.5966)","(1.5788, 8.7534)","(9.366, -7.1153)","(-11.8517, 0.7182)","(-1.4167, 0.0489)","(1.7843, -13.8254)","(-1.8609, 8.2074)","(7.7799, 0.2782)","(1.0865, -4.8676)","(4.3861, 20.3051)"
4.570000000000000284e+01,"(-13.0085, 13.267)","(-6.3038, 15.2156)","(1.1097, 18.3169)","(13.0653, -8.4008)","(-0.1656, -1.1694)","(-6.9101, -2.9893)","(-1.9166, 0.3019)","(6.7993, -20.1342)","(-3.3163, 0.4129)","(0.4046, -17.9266)","(15.8757, 17.5181)","(2.2139, 12.6779)","(17.3239, -13.8299)","(-7.9305, 0.5146)","(-2.7902, 0.2362)","(3.1204, -27.507)","(-0.3593, 2.8351)","(12.9439, 0.6295)","(-2.5963, -4.8698)","(3.1305, 9.512)"
4.580000000000000426e+01,"(-5.764, 7.4191)","(-1.014, 6.6752)","(1.0554, 7.5822)","(7.8222, -5.4022)","(-0.0119, -0.3355)","(-14.2583, -6.1899)","(-5.3002, 0.8191)","(0.5444, -13.018)","(-2.1576, -0.2108)","(-0.0036, -18.5558)","(14.9778, 14.2827)","(2.9509, 16.5115)","(13.2997, -14.6478)","(-7.253, 0.3257)","(-6.3023, 0.4607)","(0.0019, -16.9705)","(-0.0227, 2.0585)","(18.7364, 0.6682)","(-4.7138, -7.0769)","(1.3667, 3.2891)"
4.590000000000000568e+01,"(-2.3629, 3.2346)","(-0.1191, 2.1446)","(0.4566, 2.3814)","(5.1827, -3.4912)","(0.0506, -0.4919)","(-21.6956, -8.6234)","(-14.4935, 2.2654)","(-1.1977, -5.2907)","(-3.4176, -0.7974)","(-0.5033, -10.5068)","(6.6368, 4.1218)","(2.9083, 14.9055)","(2.6543, -7.4738)","(-9.5299, 0.2792)","(-14.5708, 1.056)","(-1.6609, -6.7252)","(0.0571, 3.4553)","(16.2953, -0.362)","(-7.7998, -11.6614)","(0.3775, 0.9894)"
4.600000000000000000e+01,"(-1.905, 2.0324)","(-0.183, 0.6956)","(0.1363, 0.5698)","(5.6702, -3.5204)","(0.1386, -1.1284)","(-14.0028, -3.4209)","(-28.4541, 5.3887)","(-0.1388, -2.3402)","(-6.9191, -1.8295)","(-0.3098, -5.0886)","(3.5709, 1.2269)","(2.0845, 9.7441)","(-0.161, -2.6523)","(-13.9174, 0.3542)","(-25.0706, 3.3908)","(-2.3848, -5.317)","(0.1098, 6.9977)","(8.8113, -0.9108)","(-11.7649, -14.9419)","(0.1826, 0.8424)"
4.610000000000000142e+01,"(-3.2243, 2.9582)","(-0.4987, 0.852)","(0.0927, 0.2598)","(8.6149, -5.1403)","(0.3584, -2.8128)","(-5.3792, -0.2297)","(-14.5254, 6.6622)","(0.786, -2.4728)","(-14.5199, -3.8804)","(-0.0467, -3.9349)","(4.5651, 0.9828)","(1.4238, 6.8748)","(-1.0062, -1.6571)","(-17.1546, 0.5584)","(-14.0334, 7.4934)","(-3.6208, -7.2153)","(0.227, 14.7431)","(4.9149, -0.416)","(-12.0159, -8.9689)","(0.296, 1.7214)"
4.620000000000000284e+01,"(-6.4439, 5.7029)","(-1.1731, 1.7995)","(0.1912, 0.4781)","(13.4041, -7.972)","(0.9559, -7.3894)","(-1.5665, 0.2003)","(-4.4667, 5.6252)","(1.9739, -4.489)","(-22.9634, -5.169)","(0.1176, -5.9102)","(7.6803, 1.5621)","(1.3682, 7.369)","(-2.0173, -2.6078)","(-14.1068, 0.7499)","(-2.3386, 5.3674)","(-5.6028, -11.1038)","(0.6232, 23.515)","(4.9983, 0.027)","(-7.4694, -2.8033)","(0.6514, 3.9811)"
4.630000000000000426e+01,"(-12.6312, 11.1955)","(-2.8544, 4.271)","(0.4524, 1.1298)","(15.556, -9.5921)","(2.3509, -18.5694)","(-0.8661, 0.3701)","(-2.5263, 6.3393)","(4.3881, -9.3825)","(-15.0956, -0.4945)","(0.3042, -10.85)","(13.8183, 2.8193)","(1.8518, 10.5876)","(-4.1102, -5.3577)","(-8.9303, 0.6251)","(0.9621, 2.9877)","(-7.9431, -15.4213)","(1.2453, 15.4299)","(8.022, 0.365)","(-4.1824, -2.3809)","(1.5705, 9.7412)"
4.640000000000000568e+01,"(-16.2869, 15.4846)","(-7.0569, 10.5155)","(1.159, 2.909)","(10.6005, -7.1279)","(2.5948, -27.537)","(-1.4803, 0.7746)","(-2.903, 8.8051)","(8.1793, -18.3936)","(-5.4621, 1.4548)","(0.4672, -18.6462)","(20.1115, 3.7684)","(2.6889, 15.3997)","(-8.7635, -11.4662)","(-6.7083, 0.3753)","(2.5104, 3.5556)","(-7.8673, -14.1167)","(0.9725, 5.7387)","(14.1242, 0.7472)","(-3.6081, -4.1053)","(3.5974, 21.5206)"
4.650000000000000000e+01,"(-8.0164, 9.8514)","(-13.5284, 21.3357)","(3.1032, 7.8084)","(5.8293, -4.1063)","(-0.9381, -11.8146)","(-3.2444, 1.6939)","(-4.1357, 12.7543)","(5.5707, -20.7793)","(-1.495, 0.9001)","(0.0024, -19.572)","(15.3991, 1.8884)","(3.1425, 16.9016)","(-15.1951, -18.1488)","(-7.8468, 0.2653)","(4.59, 6.2753)","(-5.255, -8.4932)","(0.4526, 1.7567)","(20.0801, 0.6693)","(-5.0542, -7.4819)","(5.031, 22.9423)"
4.660000000000000142e+01,"(-2.4622, 4.0633)","(-7.0282, 17.5056)","(7.7668, 19.3894)","(4.5103, -2.9464)","(-1.7482, -5.4239)","(-7.7447, 4.0027)","(-4.8562, 16.1122)","(-1.8777, -9.4035)","(-0.81, 1.0564)","(-0.5997, -10.2013)","(7.2267, 0.2956)","(2.4994, 11.9481)","(-12.7133, -9.6059)","(-11.6509, 0.2889)","(8.6383, 11.8496)","(-3.2638, -5.3668)","(0.4944, 1.3045)","(15.2969, -0.6512)","(-8.545, -13.005)","(3.5541, 8.493)"
4.670000000000000284e+01,"(-0.6522, 1.1793)","(0.4996, 7.037)","(10.5978, 24.4813)","(6.064, -3.6721)","(-2.6359, -5.52)","(-17.3915, 9.1143)","(-3.3661, 14.1377)","(-1.8991, -2.5794)","(-1.3168, 2.0228)","(-0.359, -4.2154)","(3.3824, 0.2206)","(1.5984, 7.3542)","(-5.7837, -1.5255)","(-16.5624, 0.4418)","(13.6763, 16.5339)","(-3.0244, -5.575)","(0.9457, 2.3349)","(7.3102, -0.9886)","(-12.7579, -15.4233)","(2.3934, 3.4587)"
4.680000000000000426e+01,"(-0.2641, 0.3394)","(2.0875, 3.6485)","(5.3803, 8.9913)","(10.0354, -5.9309)","(-4.0538, -8.0591)","(-21.3516, 12.838)","(-1.6887, 9.3515)","(-1.176, -0.3905)","(-2.8709, 4.3687)","(-0.069, -2.4849)","(3.3421, 0.5473)","(1.2307, 6.2901)","(-1.9454, 0.2801)","(-16.6728, 0.7039)","(12.1789, 8.9273)","(-4.2744, -8.388)","(2.0322, 5.0363)","(3.7297, -0.3653)","(-11.6191, -6.9029)","(3.1927, 3.5582)"
4.690000000000000568e+01,"(-0.4929, 0.4509)","(3.6173, 4.3773)","(3.6669, 4.4712)","(15.3264, -9.1373)","(-6.3548, -12.5968)","(-7.5621, 7.5675)","(-1.4812, 6.8757)","(-1.709, 0.1012)","(-6.6406, 10.0245)","(0.0698, -3.6581)","(5.811, 1.1683)","(1.4867, 8.3721)","(-1.4722, 0.9729)","(-10.9695, 0.7454)","(6.1354, 1.9818)","(-6.7301, -13.3356)","(4.629, 11.5045)","(3.9777, 0.0446)","(-6.2307, -1.5517)","(5.254, 5.6746)"
4.700000000000000000e+01,"(-1.1451, 0.9963)","(6.1157, 7.2415)","(4.6686, 4.952)","(14.92, -9.4383)","(-8.4261, -16.1256)","(-1.9404, 3.8125)","(-2.182, 7.5802)","(-3.4415, 0.292)","(-12.4804, 19.7567)","(0.2182, -7.1859)","(11.4669, 2.398)","(2.2353, 12.9647)","(-2.5364, 1.9574)","(-6.853, 0.4769)","(2.3433, 0.877)","(-8.6518, -16.4362)","(8.9538, 21.815)","(6.8813, 0.3521)","(-3.2332, -1.7974)","(9.2247, 9.9754)"
4.710000000000000142e+01,"(-2.8456, 2.4449)","(10.4003, 12.2173)","(6.9477, 7.2442)","(8.3826, -5.8851)","(-7.2483, -12.5326)","(-0.8739, 3.9131)","(-3.4903, 10.8526)","(-7.7963, 0.5707)","(-7.9563, 17.9836)","(0.466, -14.7007)","(20.0988, 4.0281)","(3.1082, 17.5114)","(-5.4309, 4.1304)","(-6.4318, 0.2786)","(1.515, 1.4703)","(-6.9465, -11.7648)","(8.0246, 17.2817)","(13.1427, 0.7748)","(-2.9124, -3.5435)","(13.6735, 14.414)"
4.720000000000000284e+01,"(-7.3614, 6.2984)","(13.5271, 14.3827)","(10.4609, 10.8728)","(4.44, -3.1503)","(-4.4465, -7.033)","(-1.1086, 6.2733)","(-4.8804, 15.3555)","(-17.3657, 1.3836)","(-0.3333, 7.4835)","(0.4604, -22.9222)","(18.9686, 2.7643)","(2.9981, 15.1774)","(-11.9105, 9.0486)","(-9.0837, 0.2419)","(2.285, 3.0457)","(-4.0578, -6.3287)","(3.732, 6.1831)","(20.9738, 0.9061)","(-4.4223, -6.8889)","(11.5774, 11.0144)"
4.730000000000000426e+01,"(-16.9497, 14.743)","(10.038, 8.0504)","(12.4306, 12.6133)","(4.0271, -2.563)","(-2.8837, -4.8675)","(-2.0241, 11.3344)","(-4.3451, 16.0969)","(-24.7073, 4.4698)","(1.115, 2.869)","(-0.5232, -15.402)","(8.6595, 0.235)","(1.996, 9.0171)","(-18.6591, 15.6855)","(-14.1875, 0.3274)","(4.6058, 6.5946)","(-2.6491, -4.5091)","(1.8098, 2.3144)","(17.0352, -0.5897)","(-8.0804, -12.9548)","(6.0528, 5.0088)"
4.740000000000000568e+01,"(-17.0335, 17.1601)","(5.1792, 3.3639)","(9.4309, 9.0421)","(6.2112, -3.7044)","(-3.1036, -5.8719)","(-3.1452, 18.7692)","(-2.1315, 11.2385)","(-10.1289, 7.4574)","(2.1322, 2.7556)","(-0.6932, -5.9174)","(3.0114, -0.1045)","(1.2424, 5.8617)","(-8.889, 12.4904)","(-18.2015, 0.5653)","(9.7167, 13.8198)","(-3.0275, -5.7855)","(2.2731, 2.4498)","(7.4738, -1.2453)","(-13.1181, -16.8753)","(2.9697, 2.5507)"
4.750000000000000000e+01,"(-4.4502, 8.1063)","(2.9417, 2.4516)","(5.6954, 5.2865)","(10.9618, -6.435)","(-4.7392, -9.3912)","(-1.9341, 18.5989)","(-1.2788, 7.1703)","(-1.2954, 4.3953)","(3.8486, 4.6385)","(-0.2969, -1.7183)","(1.0658, 0.0503)","(1.1782, 6.3697)","(-1.062, 5.5209)","(-14.3622, 0.8055)","(15.4605, 18.1662)","(-4.8118, -9.5855)","(4.0102, 4.2377)","(2.799, -0.5228)","(-12.4002, -7.1249)","(2.7629, 2.7864)"
4.760000000000000142e+01,"(-1.0097, 4.9349)","(3.3696, 3.6917)","(4.337, 4.2247)","(16.6765, -9.9518)","(-7.4677, -14.7707)","(0.2456, 9.6056)","(-1.6676, 6.4751)","(1.1683, 2.6958)","(7.4125, 9.0173)","(-0.1371, -0.505)","(1.3085, 0.2388)","(1.6871, 9.764)","(0.6624, 2.1422)","(-8.2289, 0.6471)","(11.4854, 5.9573)","(-7.7196, -15.3001)","(7.8425, 8.3111)","(1.8643, -0.0617)","(-6.0656, -0.478)","(4.5413, 4.8811)"
4.770000000000000284e+01,"(-0.3863, 6.1452)","(5.7563, 6.8481)","(5.393, 5.527)","(14.2962, -9.2356)","(-8.7238, -16.2206)","(0.2533, 4.1408)","(-2.7509, 8.7387)","(2.6002, 3.6166)","(13.0872, 15.3795)","(-0.2266, -0.6209)","(2.7207, 0.5747)","(2.6535, 15.4423)","(1.6131, 2.2094)","(-5.6363, 0.3452)","(4.621, -0.141)","(-8.847, -16.359)","(13.8978, 14.5911)","(3.138, 0.1503)","(-2.4347, -0.562)","(8.5835, 9.3489)"
4.780000000000000426e+01,"(-0.4604, 9.5488)","(10.4539, 12.4754)","(8.3969, 8.7517)","(6.9899, -5.0996)","(-6.1803, -10.0678)","(-0.2157, 2.8812)","(-4.3676, 13.3016)","(4.8571, 6.7119)","(13.7948, 13.2056)","(-0.4964, -1.3296)","(6.2982, 1.3724)","(3.3405, 18.2545)","(3.0981, 3.9722)","(-6.6717, 0.2216)","(1.3669, -1.0161)","(-5.9853, -9.5767)","(13.8611, 13.7203)","(6.5487, 0.4264)","(-1.6674, -1.7524)","(14.1119, 15.0671)"
4.790000000000000568e+01,"(-0.6997, 15.2448)","(14.3057, 15.4134)","(12.1848, 12.6052)","(3.3863, -2.4522)","(-3.4153, -5.2891)","(-0.719, 4.4389)","(-5.1664, 17.0803)","(9.3047, 12.8031)","(7.5884, 4.5519)","(-1.1953, -3.2215)","(14.7666, 3.2165)","(2.6538, 12.5405)","(6.3492, 8.2663)","(-10.5905, 0.2382)","(0.9457, -1.8322)","(-3.1525, -4.8043)","(6.8176, 5.8894)","(14.1957, 0.9551)","(-2.3843, -3.7541)","(12.7097, 12.2175)"
4.800000000000000000e+01,"(-0.365, 18.7019)","(10.3048, 7.9476)","(11.8799, 11.777)","(3.2046, -2.0243)","(-2.4256, -4.2516)","(-1.5824, 8.6345)","(-3.1513, 14.0761)","(14.2288, 16.6918)","(2.9061, 1.3609)","(-3.049, -8.2488)","(25.3117, 4.9748)","(1.5491, 6.7802)","(12.3835, 15.6345)","(-16.6281, 0.3836)","(1.6502, -3.5746)","(-2.1913, -3.8402)","(2.4917, 1.9974)","(23.8054, 1.0921)","(-4.6704, -8.1)","(6.2853, 4.9911)"
4.810000000000000142e+01,"(0.6835, 13.3269)","(4.8279, 2.689)","(7.4105, 6.874)","(5.3606, -3.1713)","(-3.1291, -6.0836)","(-3.051, 16.7577)","(-1.3162, 8.4724)","(11.5566, 7.4918)","(1.1395, 0.8423)","(-7.2874, -19.5339)","(15.2363, 1.1851)","(1.0131, 4.9917)","(15.0382, 15.0474)","(-18.3574, 0.6982)","(3.6619, -7.7035)","(-2.9055, -5.6746)","(0.8833, 0.7811)","(16.21, -1.0924)","(-9.6524, -16.1015)","(2.4331, 1.856)"
4.820000000000000284e+01,"(0.7239, 7.1725)","(2.0844, 1.4731)","(4.3757, 4.0749)","(10.2063, -5.9474)","(-5.2324, -10.4863)","(-3.083, 22.0396)","(-1.2164, 5.8955)","(5.3666, 1.3585)","(1.3444, 1.5128)","(-9.6492, -23.6983)","(5.6168, -0.7547)","(1.1748, 6.6079)","(8.6697, 4.259)","(-11.6806, 0.833)","(7.5979, -16.3505)","(-5.0232, -10.1139)","(1.0376, 1.0669)","(5.8584, -1.6235)","(-15.1033, -16.9147)","(1.4094, 1.3329)"
4.830000000000000426e+01,"(0.2102, 5.0381)","(2.0257, 2.1628)","(4.0795, 4.0769)","(17.1761, -10.1423)","(-8.3207, -16.4408)","(0.0772, 12.4891)","(-1.9863, 6.7536)","(1.8583, 0.574)","(2.6449, 3.2489)","(-5.0191, -8.8636)","(3.2726, -1.1914)","(1.8812, 11.0698)","(3.1991, 0.5321)","(-6.2242, 0.5225)","(7.627, -22.6756)","(-8.3347, -16.5749)","(2.1166, 2.247)","(1.8683, -0.9937)","(-10.6972, -2.1495)","(2.1791, 2.3306)"
4.840000000000000568e+01,"(-0.1692, 6.4337)","(3.5633, 4.2805)","(5.9916, 6.2208)","(15.7683, -10.0873)","(-8.6953, -15.7138)","(0.7285, 4.6417)","(-3.4195, 10.3564)","(1.1163, 1.0702)","(5.9025, 7.4032)","(-3.1108, -3.9464)","(4.5611, -2.0549)","(3.0106, 17.5018)","(0.9529, -0.1918)","(-4.8932, 0.2529)","(-1.3561, -11.7336)","(-9.0273, -16.4243)","(4.8461, 5.1828)","(1.6382, -1.3627)","(-3.332, 1.7489)","(4.4446, 4.8813)"
4.850000000000000000e+01,"(-0.5224, 10.7178)","(7.2821, 8.9681)","(9.8514, 10.3052)","(7.1226, -5.3384)","(-5.3521, -8.2664)","(0.2352, 1.3629)","(-5.1608, 15.7747)","(1.718, 2.3153)","(12.6064, 15.5112)","(-3.9192, -4.2037)","(8.0724, -3.6634)","(3.4027, 17.9527)","(0.8298, -0.5664)","(-6.8831, 0.1847)","(-2.5684, -3.267)","(-5.4939, -8.3908)","(11.1203, 11.8811)","(2.9041, -2.5608)","(-0.2788, 1.3018)","(9.5448, 10.5189)"
4.860000000000000142e+01,"(-0.7876, 17.301)","(13.5898, 16.1668)","(13.3126, 13.6702)","(2.6944, -2.128)","(-2.6715, -4.0456)","(-0.036, 0.6809)","(-4.7324, 17.1971)","(3.5764, 5.1839)","(16.2677, 16.7487)","(-6.109, -6.4149)","(14.5965, -6.6455)","(2.3232, 10.3119)","(1.5975, -1.2123)","(-11.8039, 0.2349)","(-1.9862, -0.4473)","(-2.5622, -3.7336)","(17.7966, 18.4668)","(6.1242, -5.3585)","(0.733, 1.4766)","(16.1757, 17.2836)"
4.870000000000000284e+01,"(-0.0953, 18.7439)","(14.328, 13.5913)","(10.6064, 10.2213)","(1.6234, -1.0922)","(-1.9757, -3.5306)","(-0.2146, 1.23)","(-1.963, 11.3481)","(8.0091, 11.706)","(8.9583, 4.7184)","(-9.9601, -10.4483)","(18.8437, -9.1402)","(1.2127, 5.1916)","(3.6971, -2.7599)","(-18.4946, 0.4321)","(-2.96, 0.2386)","(-1.634, -2.8456)","(10.3399, 9.23)","(12.7977, -11.2432)","(1.6201, 2.8163)","(12.0287, 10.9305)"
4.880000000000000426e+01,"(0.9476, 11.13)","(7.4689, 3.9619)","(5.7774, 5.2185)","(2.6082, -1.5528)","(-2.8395, -5.6052)","(-0.5389, 2.7717)","(-0.9245, 6.4023)","(14.9946, 19.4418)","(3.627, 0.3982)","(-13.2027, -13.5553)","(11.4305, -6.7236)","(0.8316, 4.2273)","(8.9977, -6.657)","(-17.8514, 0.805)","(-5.7077, 0.5379)","(-2.2773, -4.4856)","(4.1949, 2.922)","(17.3121, -16.3331)","(3.5139, 6.363)","(5.0676, 3.4207)"
4.890000000000000568e+01,"(0.6485, 5.5077)","(2.6332, 0.7431)","(3.4652, 3.2621)","(5.3574, -3.1021)","(-5.1248, -10.3733)","(-1.3554, 6.764)","(-1.2797, 5.2539)","(13.6208, 9.1679)","(2.6505, -0.7711)","(-10.4125, -9.9954)","(4.7046, -3.2565)","(1.1036, 6.3559)","(18.515, -14.3672)","(-9.7139, 0.8287)","(-12.0151, 1.0371)","(-4.2356, -8.6134)","(2.8765, 1.5118)","(7.9149, -10.0342)","(7.9537, 14.2381)","(1.8452, 0.8775)"
4.900000000000000000e+01,"(0.1162, 4.1788)","(0.8031, -0.0085)","(3.868, 3.934)","(11.5403, -6.6508)","(-8.665, -17.2645)","(-3.2364, 16.3216)","(-2.3107, 7.261)","(6.0566, -0.1197)","(4.1523, -1.6351)","(-5.7444, -5.1751)","(2.2996, -1.4214)","(1.9197, 11.4424)","(14.2535, -15.7489)","(-4.7889, 0.4299)","(-21.6918, 2.6216)","(-7.891, -15.9661)","(4.3387, 2.0639)","(2.0964, -4.0447)","(14.9307, 20.2921)","(1.8086, 0.5315)"
4.910000000000000142e+01,"(-0.2251, 6.0658)","(0.8118, -0.2724)","(6.3396, 6.635)","(19.9568, -11.7692)","(-9.105, -16.4121)","(-4.2252, 26.464)","(-4.0725, 12.0203)","(2.0009, -1.7186)","(8.017, -3.1349)","(-3.5744, -3.3746)","(2.8167, -1.3785)","(3.2046, 18.7366)","(1.7265, -7.8546)","(-4.0508, 0.1898)","(-18.1143, 6.2161)","(-10.0038, -18.7861)","(7.8694, 3.7342)","(0.4154, -1.6265)","(13.0711, 4.3316)","(3.2982, 0.8789)"
4.920000000000000284e+01,"(-0.5942, 10.8948)","(1.633, -0.616)","(10.8954, 11.4299)","(14.5189, -9.7058)","(-5.252, -7.7968)","(0.6714, 13.5539)","(-5.7016, 17.7316)","(1.4709, -2.9983)","(15.5351, -6.1288)","(-4.081, -4.163)","(5.3202, -2.415)","(3.5027, 18.191)","(-1.3487, -3.6849)","(-6.326, 0.1474)","(-5.4244, 5.6995)","(-6.299, -9.5928)","(14.5572, 6.896)","(0.1639, -2.0354)","(4.0201, -2.9819)","(6.9774, 1.879)"
4.930000000000000426e+01,"(-0.8983, 18.399)","(3.8272, -1.4165)","(13.9985, 14.2912)","(5.1444, -4.3411)","(-2.2648, -3.1813)","(2.015, 4.9796)","(-3.8969, 16.1488)","(2.464, -5.5033)","(20.25, -9.292)","(-6.6595, -6.9876)","(10.9364, -4.8864)","(2.2025, 9.309)","(-2.9174, -3.8481)","(-11.6588, 0.2054)","(-0.8631, 2.3455)","(-2.6845, -3.5004)","(19.4262, 8.8603)","(0.2505, -3.9006)","(-0.364, -2.7848)","(15.0723, 4.0548)"
4.940000000000000568e+01,"(-0.0076, 19.3034)","(9.4861, -3.469)","(9.6511, 9.0707)","(1.5079, -1.5877)","(-1.2906, -2.2119)","(2.7428, 3.5207)","(-1.1504, 9.0319)","(5.0013, -10.9396)","(10.4106, -7.5404)","(-11.2015, -11.765)","(19.3749, -8.8797)","(1.0102, 4.0861)","(-5.0338, -6.2522)","(-19.3963, 0.4154)","(0.3018, 1.0371)","(-0.9361, -1.3496)","(12.3547, 4.9114)","(0.5796, -8.4658)","(-2.0707, -3.5187)","(23.5651, 5.8325)"
4.950000000000000000e+01,"(1.1396, 10.2732)","(20.8926, -7.9719)","(4.7001, 4.1324)","(1.0014, -1.387)","(-1.8038, -3.5599)","(4.4175, 4.99)","(-0.7156, 4.9379)","(8.0887, -19.33)","(3.2801, -3.6358)","(-13.7532, -13.9906)","(16.8447, -8.9622)","(0.6, 2.9953)","(-8.9284, -11.1114)","(-18.6471, 0.8536)","(0.9216, 1.3712)","(-0.8197, -1.5453)","(5.2356, 1.792)","(1.171, -17.9503)","(-3.9186, -6.4336)","(14.3318, 2.1055)"
4.960000000000000142e+01,"(0.6882, 4.4268)","(20.539, -10.7685)","(2.6637, 2.5019)","(1.6979, -2.4938)","(-3.4792, -7.11)","(7.5727, 8.5496)","(-1.2839, 4.7324)","(3.8554, -18.4513)","(0.9735, -1.1131)","(-9.2205, -8.5881)","(6.612, -4.7287)","(0.8124, 4.7138)","(-13.3545, -15.2763)","(-9.2566, 0.8893)","(1.9566, 2.8303)","(-1.5187, -3.0933)","(2.1794, 0.809)","(0.5754, -23.9839)","(-7.5806, -12.5313)","(5.2716, -0.0215)"
4.970000000000000284e+01,"(0.1256, 2.9024)","(5.5758, -6.9917)","(3.2242, 3.3038)","(3.5799, -5.2405)","(-7.0071, -14.3389)","(12.1983, 13.506)","(-2.4662, 7.4069)","(-1.6576, -8.0965)","(0.6772, -0.4069)","(-4.5633, -4.0099)","(1.9841, -1.7127)","(1.5162, 9.1541)","(-11.7059, -9.7695)","(-3.8376, 0.4236)","(4.448, 6.5911)","(-3.3249, -6.8919)","(2.2519, 1.0122)","(-1.6675, -11.7437)","(-13.0594, -17.6981)","(2.0079, -0.3607)"
4.980000000000000426e+01,"(-0.1695, 4.3309)","(0.8936, -4.2462)","(5.7087, 6.0073)","(7.8817, -11.5209)","(-10.5209, -20.406)","(12.9935, 12.8789)","(-4.5043, 13.0381)","(-1.148, -2.5261)","(1.3457, -0.5468)","(-2.8162, -2.6744)","(0.4521, -0.4587)","(2.894, 17.3804)","(-6.3104, -3.4903)","(-2.5564, 0.1461)","(10.1426, 14.7751)","(-7.3399, -15.1737)","(4.1985, 1.9894)","(-1.432, -3.9264)","(-13.0741, -7.8992)","(2.3672, -0.7317)"
4.990000000000000568e+01,"(-0.4983, 8.3532)","(-0.2352, -5.1411)","(10.6356, 11.2212)","(13.3124, -19.953)","(-7.4038, -11.6906)","(7.9684, 6.3304)","(-6.0861, 19.0705)","(-0.1862, -0.8065)","(3.0564, -1.1501)","(-3.5989, -3.7086)","(0.175, -0.2594)","(3.9028, 21.4188)","(-2.9769, -1.9463)","(-4.0135, 0.0936)","(16.4767, 19.222)","(-11.3736, -22.0944)","(8.8776, 4.2545)","(-1.1859, -1.7086)","(-6.2653, 0.0057)","(4.3994, -1.417)"
5.000000000000000000e+01,"(-0.9784, 16.3027)","(-0.6135, -8.277)","(14.9259, 15.3547)","(8.3393, -14.4244)","(-3.2671, -4.0543)","(3.943, 2.9895)","(-3.3084, 15.4013)","(0.2617, -0.8095)","(7.4225, -2.729)","(-6.3673, -6.7215)","(0.2956, -0.5033)","(2.6801, 11.4711)","(-2.5848, -2.6965)","(-7.9739, 0.1228)","(11.2935, 4.429)","(-7.3041, -10.9043)","(17.6446, 8.3976)","(-2.0029, -2.2935)","(-2.1095, 0.133)","(9.2711, -2.9568)"
5.010000000000000142e+01,"(-0.6313, 22.354)","(-1.0547, -14.2409)","(10.2723, 9.6236)","(2.4379, -5.7234)","(-0.9982, -1.0773)","(2.8554, 2.7312)","(-0.6454, 7.6169)","(0.7512, -1.6309)","(17.2847, -6.4638)","(-11.4596, -12.0968)","(0.6939, -1.1833)","(1.1987, 4.2665)","(-4.1148, -5.068)","(-16.0653, 0.2437)","(4.3021, -1.3868)","(-3.2442, -3.4352)","(20.2728, 9.0326)","(-3.8813, -4.4019)","(-1.0112, -0.7366)","(18.4108, -5.957)"
5.020000000000000284e+01,"(1.2075, 13.2273)","(-2.1149, -19.658)","(4.5417, 3.8336)","(0.6142, -2.2337)","(-0.299, -0.2546)","(4.0648, 4.4666)","(-0.466, 3.7654)","(1.8614, -3.7969)","(23.6791, -10.7665)","(-14.5776, -14.8703)","(1.7856, -3.0243)","(0.3665, 1.3589)","(-7.8235, -9.9703)","(-22.9495, 0.6394)","(1.85, -2.7802)","(-2.0688, -1.485)","(9.6031, 3.3911)","(-8.1036, -9.2429)","(-1.2099, -1.8324)","(20.9501, -7.6605)"
5.030000000000000426e+01,"(1.1412, 4.9751)","(-3.354, -14.6261)","(1.828, 1.6028)","(0.4069, -2.5149)","(-0.3678, -0.2342)","(7.3468, 8.3594)","(-1.0356, 3.7183)","(4.6701, -9.3634)","(8.5807, -8.0642)","(-9.2312, -8.4719)","(4.7625, -8.0427)","(0.2056, 1.0732)","(-13.3834, -16.1164)","(-13.6673, 1.0909)","(2.087, -4.7166)","(-3.1727, -1.9318)","(3.3387, 0.8829)","(-14.708, -16.3229)","(-2.3503, -4.1472)","(9.225, -4.7095)"
5.040000000000000568e+01,"(0.3707, 1.5037)","(-2.6058, -6.9658)","(1.6785, 1.6903)","(0.6765, -4.5591)","(-0.8037, -0.4952)","(12.6248, 14.1342)","(-2.138, 6.2654)","(9.6725, -20.7074)","(1.6721, -4.4419)","(-4.0736, -3.4301)","(11.3088, -19.3682)","(0.3495, 2.0996)","(-13.2703, -11.8419)","(-5.0895, 0.7449)","(3.8444, -8.6679)","(-5.9563, -3.6026)","(1.3509, 0.2016)","(-13.6728, -12.8976)","(-5.2805, -9.6738)","(2.918, -1.9798)"
5.050000000000000000e+01,"(0.0406, 0.7761)","(-1.163, -3.894)","(3.0332, 3.1954)","(1.4167, -9.4066)","(-1.9677, -1.2194)","(13.6964, 13.5892)","(-4.2379, 11.9566)","(5.0459, -22.001)","(-0.0077, -4.3133)","(-1.9174, -1.745)","(11.3425, -22.2702)","(0.7666, 4.7409)","(-7.102, -3.4401)","(-1.4212, 0.2669)","(6.8448, -15.8187)","(-11.8922, -7.2113)","(1.8758, 0.1534)","(-6.4391, -4.2014)","(-11.5298, -19.1789)","(0.9683, -0.9262)"
5.060000000000000142e+01,"(-0.0726, 1.3972)","(-0.6006, -4.487)","(6.3684, 6.7758)","(2.7456, -18.5865)","(-5.1372, -3.1989)","(7.8883, 5.9397)","(-6.5715, 19.6767)","(-3.962, -7.653)","(-0.4755, -6.656)","(-2.2252, -2.2808)","(2.2364, -9.2728)","(1.8087, 11.2649)","(-2.6413, -1.012)","(-0.3836, 0.1008)","(6.3402, -20.0092)","(-19.1353, -11.233)","(3.7464, 0.2896)","(-2.2003, -1.014)","(-16.0193, -13.977)","(1.1515, -1.371)"
5.070000000000000284e+01,"(-0.2169, 3.1259)","(-0.5909, -7.7468)","(12.8725, 13.6421)","(2.6616, -22.1804)","(-13.3025, -8.2636)","(3.3779, 2.2704)","(-3.946, 17.2365)","(-4.0704, -1.3475)","(-0.8189, -11.6974)","(-4.1375, -4.383)","(-0.0353, -5.5666)","(3.7976, 22.9869)","(-1.1575, -0.8967)","(-0.437, 0.1517)","(0.0162, -11.9728)","(-14.6287, -7.2956)","(8.3792, 0.6647)","(-0.96, -0.1941)","(-8.1699, 1.5828)","(2.2699, -2.7476)"
5.080000000000000426e+01,"(-0.5623, 7.5574)","(-0.9597, -14.3192)","(15.9948, 16.2167)","(0.3251, -10.8215)","(-24.2087, -14.3616)","(1.8415, 1.6412)","(-0.3823, 7.9715)","(-5.1864, 0.4225)","(-1.6062, -18.7192)","(-8.4899, -9.052)","(-0.75, -6.796)","(4.0703, 20.3822)","(-1.4931, -1.7794)","(-0.9472, 0.3369)","(-1.1419, -4.7377)","(-6.2466, -2.2912)","(18.1994, 1.414)","(-1.4581, -0.1087)","(-1.1281, 3.0997)","(5.1037, -6.1382)"
5.090000000000000568e+01,"(-1.2729, 17.782)","(-2.1009, -20.8537)","(8.2579, 7.1851)","(-0.2223, -3.7389)","(-13.5819, -5.7518)","(2.5031, 2.7417)","(-0.017, 2.98)","(-8.3809, 1.0359)","(-3.1011, -17.9289)","(-14.9779, -15.7539)","(-1.2401, -10.2069)","(2.2718, 7.5708)","(-2.9728, -3.869)","(-2.3259, 0.8233)","(-0.0524, -2.1841)","(-1.9938, -0.6287)","(24.4251, 1.4061)","(-3.0486, -0.2079)","(1.4771, 3.1099)","(11.2094, -13.5334)"
5.100000000000000000e+01,"(-0.8456, 26.257)","(-3.6054, -14.9244)","(3.042, 2.2367)","(-0.1827, -1.1137)","(-6.2305, -1.0173)","(4.8131, 5.5377)","(-0.3568, 1.7446)","(-14.4157, 1.7894)","(-3.1777, -9.0893)","(-13.2808, -12.8968)","(-1.9234, -15.4238)","(1.3829, 3.3026)","(-6.6203, -8.7909)","(-6.0781, 2.1431)","(0.8479, -2.5051)","(-0.5959, -0.2432)","(11.6943, -0.301)","(-7.0987, -0.515)","(3.0717, 4.954)","(15.3047, -19.5613)"
5.110000000000000142e+01,"(2.0123, 12.1843)","(-2.7541, -6.2706)","(1.2075, 0.7032)","(-0.3055, -1.0563)","(-5.8061, 0.0169)","(9.8162, 11.3507)","(-0.9209, 2.7555)","(-19.5055, 3.5963)","(-1.5952, -4.1804)","(-5.9589, -4.8861)","(-2.6069, -17.6202)","(1.8891, 3.8277)","(-13.5459, -17.2544)","(-15.5778, 5.5075)","(2.0779, -4.6667)","(-0.7099, -0.41)","(4.1601, -0.5644)","(-16.4625, -1.169)","(5.7849, 9.566)","(6.376, -10.6243)"
5.120000000000000284e+01,"(2.1315, 4.423)","(-1.0691, -2.7379)","(1.6183, 0.7873)","(-0.6312, -2.0548)","(-8.2719, 0.3062)","(15.5437, 16.9823)","(-2.061, 5.6814)","(-13.6347, 5.5309)","(-0.6607, -3.4656)","(-1.9701, -1.4318)","(-2.4844, -12.3642)","(3.233, 6.4433)","(-15.3662, -14.4978)","(-26.4187, 9.7437)","(4.6211, -9.8468)","(-1.5274, -0.9325)","(2.5633, -0.6728)","(-25.9022, -1.0039)","(10.7354, 16.4085)","(1.6141, -4.1697)"
5.130000000000000426e+01,"(2.6946, 3.3109)","(-0.422, -2.7264)","(3.1988, 1.5319)","(-1.4214, -4.6632)","(-12.9372, 0.496)","(11.4846, 9.7046)","(-4.5633, 12.4121)","(-5.9679, 4.0937)","(-0.4868, -5.5147)","(-0.5369, -0.3355)","(-1.6275, -7.1749)","(5.9504, 11.8775)","(-7.9927, -2.755)","(-12.5068, 5.8525)","(8.4108, -19.0782)","(-3.6573, -2.2604)","(3.9058, -1.1838)","(-13.5195, 1.7439)","(14.2226, 13.5384)","(0.4851, -2.679)"
5.140000000000000568e+01,"(4.366, 4.8632)","(-0.3576, -4.8991)","(7.1141, 3.4249)","(-3.385, -11.1525)","(-17.7844, 0.8609)","(5.0181, 2.8247)","(-7.5714, 22.1598)","(-3.5568, 1.8322)","(-0.6674, -10.4779)","(-0.4614, -0.2214)","(-1.0284, -5.7524)","(9.2975, 18.2721)","(-3.0477, 0.4267)","(-5.0956, 3.3004)","(4.9675, -20.2842)","(-9.1665, -5.6845)","(7.4153, -2.2507)","(-4.7087, 1.9573)","(9.2238, 2.0665)","(0.4788, -4.0887)"
5.150000000000000000e+01,"(7.6427, 8.5231)","(-0.5529, -10.0408)","(15.6393, 7.5078)","(-7.0456, -22.6202)","(-15.7065, 1.3388)","(1.549, 0.6256)","(-3.4285, 17.3308)","(-4.4534, 0.9787)","(-1.3542, -18.6893)","(-0.9424, -0.4302)","(-1.0275, -7.6229)","(7.9822, 14.6471)","(-2.3061, 1.5322)","(-4.5904, 3.6037)","(-2.118, -8.6972)","(-20.0908, -12.2448)","(14.617, -4.436)","(-2.8155, 2.1575)","(3.5211, -0.1851)","(0.8902, -7.6823)"
5.160000000000000142e+01,"(12.4906, 13.6855)","(-1.2366, -19.2669)","(22.5472, 10.3453)","(-7.0918, -19.1428)","(-9.2933, 1.2254)","(0.5488, 0.0823)","(0.5331, 6.7184)","(-7.8225, 0.9851)","(-3.0634, -20.0546)","(-2.2296, -1.0215)","(-1.4821, -12.2197)","(3.9974, 6.6243)","(-3.688, 2.8965)","(-6.5338, 5.3148)","(-1.8789, -2.2713)","(-19.5432, -10.2879)","(21.3758, -6.7746)","(-3.9602, 3.5265)","(1.4548, 0.6393)","(1.7448, -15.0365)"
5.170000000000000284e+01,"(13.1345, 12.9996)","(-3.1748, -21.3445)","(11.8341, 4.3515)","(-3.6939, -6.7581)","(-5.882, 0.689)","(0.7812, -0.0156)","(0.843, 2.1789)","(-14.4814, 1.6214)","(-3.6149, -9.7064)","(-5.6766, -2.6125)","(-2.2821, -17.7291)","(1.6877, 2.8052)","(-7.312, 5.6752)","(-10.2603, 8.3568)","(-1.3116, -0.3027)","(-8.0061, -2.3315)","(13.6417, -5.1014)","(-7.0979, 6.3332)","(1.3339, 1.7722)","(2.1574, -22.1545)"
5.180000000000000426e+01,"(7.7566, 6.2412)","(-3.9506, -9.4273)","(4.4032, 1.0931)","(-2.2447, -2.8949)","(-6.2425, 0.4075)","(1.691, -0.0532)","(1.341, 1.7396)","(-20.7349, 3.5658)","(-1.8405, -3.5543)","(-14.3557, -6.5945)","(-2.7725, -16.4682)","(1.2799, 2.399)","(-14.0264, 11.0544)","(-13.8756, 11.4496)","(-2.0394, 0.1488)","(-4.4782, -0.3212)","(5.2319, -2.3679)","(-12.622, 11.335)","(2.3041, 3.8989)","(0.303, -14.6978)"
5.190000000000000568e+01,"(3.6657, 2.809)","(-2.0343, -2.8665)","(2.6027, 0.3133)","(-3.0653, -3.319)","(-9.5586, 0.3929)","(4.0994, -0.1095)","(2.5245, 2.9827)","(-13.8701, 5.9389)","(-0.5565, -1.7279)","(-25.3051, -11.1876)","(-2.1933, -9.5376)","(2.0942, 4.1498)","(-16.1422, 15.0509)","(-11.7254, 10.1238)","(-4.1539, 0.3534)","(-5.6509, 0.1439)","(1.6031, -0.7572)","(-14.8551, 14.3529)","(4.9099, 8.8124)","(-0.4712, -5.8561)"
5.200000000000000000e+01,"(2.5487, 2.4302)","(-0.6738, -0.6385)","(3.9039, 0.2971)","(-5.2235, -5.5626)","(-15.3489, 0.5885)","(10.4043, -0.2553)","(5.2031, 6.2068)","(-5.1159, 4.2826)","(-0.2572, -2.4073)","(-13.7982, -4.6642)","(-1.2387, -5.5318)","(4.1908, 8.4114)","(-6.0383, 9.9216)","(-6.707, 6.1062)","(-9.3628, 0.6974)","(-9.1146, 0.3133)","(0.6987, -0.2642)","(-7.7911, 9.3386)","(10.5505, 17.7086)","(-0.1809, -1.8742)"
5.210000000000000142e+01,"(3.679, 4.0004)","(-0.4878, -0.1949)","(7.3417, 0.5499)","(-9.4979, -10.1269)","(-18.7707, 1.0796)","(23.2135, -0.8289)","(10.8272, 12.8551)","(-2.3342, 1.6557)","(-0.284, -4.8367)","(-5.9384, -1.0051)","(-0.8606, -5.4494)","(8.1849, 16.3727)","(-1.2022, 4.0659)","(-4.3182, 3.8487)","(-19.7719, 1.7802)","(-15.2389, 0.5401)","(1.1861, -0.3685)","(-2.983, 4.218)","(15.7656, 15.8677)","(0.0322, -0.9747)"
5.220000000000000284e+01,"(6.8242, 7.6673)","(-0.9419, -0.2629)","(14.538, 1.0949)","(-14.2307, -14.8459)","(-13.1921, 1.4576)","(22.617, -2.9453)","(16.0246, 17.3535)","(-2.6522, 0.6798)","(-0.5098, -10.5833)","(-5.3001, -0.2662)","(-1.0416, -8.364)","(10.2431, 19.6517)","(-0.2719, 1.1417)","(-4.8034, 4.0297)","(-22.8004, 5.4399)","(-19.4555, 1.0597)","(2.6344, -0.7898)","(-1.6808, 1.9976)","(9.4907, 0.0182)","(0.183, -1.6919)"
5.230000000000000426e+01,"(12.3196, 13.7143)","(-2.1603, -0.6049)","(22.2593, 1.438)","(-11.4723, -10.941)","(-7.0165, 1.0344)","(7.7833, -3.7487)","(10.4436, 7.7321)","(-4.8769, 0.5875)","(-1.2894, -20.914)","(-7.6797, -0.1904)","(-1.6649, -14.1006)","(5.726, 9.643)","(-0.2424, 0.3537)","(-7.5233, 6.1429)","(-7.4574, 7.0148)","(-13.6014, 1.5193)","(6.3492, -1.8846)","(-2.4182, 2.2889)","(2.1184, -2.5701)","(0.4515, -3.715)"
5.240000000000000568e+01,"(14.4005, 14.5912)","(-5.3911, -1.5453)","(15.4418, 0.2661)","(-5.6025, -4.7228)","(-4.9054, 0.5029)","(3.3285, -3.3269)","(4.3079, 1.7989)","(-10.0524, 0.9173)","(-3.5553, -21.1998)","(-12.4218, -0.3002)","(-2.5735, -19.2167)","(2.213, 3.3131)","(-0.5747, 0.4699)","(-12.1116, 9.8653)","(-0.7059, 3.6132)","(-6.7912, 1.0843)","(15.249, -4.5347)","(-4.7281, 4.2085)","(-0.7086, -2.3073)","(1.1015, -8.8003)"
5.250000000000000000e+01,"(8.4011, 6.6027)","(-13.6253, -3.8996)","(6.1978, -0.3211)","(-2.4822, -2.1462)","(-6.3199, 0.3284)","(3.4756, -4.7413)","(1.5337, 0.188)","(-19.2968, 2.0655)","(-4.1245, -8.0661)","(-18.036, -0.3296)","(-2.8075, -14.6769)","(0.6122, 0.8533)","(-1.3615, 1.0237)","(-14.4662, 12.0698)","(1.2271, 2.4407)","(-4.2492, 0.4865)","(25.3599, -7.9221)","(-9.7384, 8.5704)","(-2.0276, -3.3904)","(2.384, -19.6447)"
5.260000000000000142e+01,"(3.4693, 2.3058)","(-26.1205, -6.497)","(1.9439, -0.1416)","(-2.1814, -2.1851)","(-10.6228, 0.3779)","(5.4159, -7.6193)","(1.6102, -0.2297)","(-20.9133, 5.2945)","(-2.194, -2.1532)","(-16.6429, 0.1148)","(-1.8958, -7.4395)","(0.1973, 0.2375)","(-3.4153, 2.5085)","(-9.7092, 8.6329)","(2.5737, 3.5696)","(-5.3165, 0.2856)","(13.3318, -5.3444)","(-16.3338, 14.836)","(-3.9564, -6.7037)","(2.032, -24.5642)"
5.270000000000000284e+01,"(1.4455, 1.1806)","(-16.6233, -0.1118)","(0.7578, 0.0001)","(-3.6955, -3.9185)","(-17.3089, 0.6538)","(8.8523, -12.5112)","(3.0464, -0.5386)","(-7.9589, 6.2837)","(-1.8318, -0.719)","(-9.6047, 0.4289)","(-0.9517, -4.3444)","(0.289, 0.3083)","(-8.8207, 6.4382)","(-5.0438, 4.6701)","(4.9384, 6.9)","(-9.2121, 0.3129)","(4.8057, -2.7251)","(-12.0392, 12.9921)","(-8.0205, -13.5361)","(-0.7637, -10.5129)"
5.280000000000000426e+01,"(1.6654, 1.7681)","(-5.7243, 3.0368)","(1.1844, 0.0791)","(-7.3496, -7.8921)","(-18.8752, 1.2668)","(10.5848, -15.9696)","(6.6912, -1.1451)","(-1.7479, 2.9975)","(-3.1063, -0.8252)","(-5.522, 0.2213)","(-0.7244, -4.9935)","(0.6517, 0.6889)","(-19.2168, 14.702)","(-3.6336, 3.1847)","(9.6744, 13.3953)","(-16.2368, 0.5383)","(3.3576, -2.479)","(-3.9839, 6.0624)","(-13.8903, -18.3246)","(-1.1105, -4.0193)"
5.290000000000000568e+01,"(3.2003, 3.6167)","(-3.0473, 3.8691)","(2.5981, 0.203)","(-13.5594, -14.4358)","(-11.1318, 1.4994)","(6.4419, -11.8217)","(14.9934, -2.5682)","(-0.1468, 0.9275)","(-6.2433, -1.6639)","(-5.4166, -0.0039)","(-0.9981, -8.447)","(1.6273, 1.7251)","(-14.6766, 16.3294)","(-4.8658, 4.0224)","(14.6255, 16.9013)","(-20.4139, 1.1477)","(4.8386, -3.8111)","(-1.032, 2.008)","(-12.7471, -6.0663)","(-1.6149, -3.5166)"
5.300000000000000000e+01,"(6.9188, 7.9278)","(-3.6676, 5.9184)","(6.2259, 0.505)","(-14.5014, -14.4522)","(-5.4145, 0.8737)","(2.9241, -6.3176)","(24.3875, -5.049)","(0.2933, 0.5861)","(-13.2605, -3.5703)","(-8.3538, -0.1765)","(-1.7263, -15.0442)","(4.3063, 4.5744)","(-1.1571, 8.1799)","(-8.3101, 6.7431)","(11.2498, 6.6441)","(-12.772, 1.626)","(8.3622, -6.5925)","(-0.1963, 0.5129)","(-5.2371, 1.0105)","(-2.7412, -5.5397)"
5.310000000000000142e+01,"(13.8086, 15.5653)","(-5.9439, 9.6806)","(15.0324, 1.2165)","(-7.3153, -6.1345)","(-4.0033, 0.3774)","(2.2128, -4.0136)","(13.9622, -5.6612)","(0.7087, 1.04)","(-22.5948, -5.3439)","(-14.192, -0.3556)","(-2.7471, -20.3404)","(11.2066, 11.8863)","(2.1198, 4.494)","(-13.5682, 11.0431)","(4.9122, 0.878)","(-5.66, 1.0477)","(13.841, -10.9755)","(-0.0429, 0.3201)","(-1.259, 0.8414)","(-4.9875, -10.1112)"
5.320000000000000284e+01,"(15.3164, 15.185)","(-8.9559, 15.0023)","(26.3433, 1.8147)","(-2.6621, -1.9704)","(-5.8109, 0.2596)","(3.2356, -4.8271)","(4.225, -3.5157)","(1.6143, 2.3975)","(-16.812, -1.1495)","(-19.5218, -0.2983)","(-2.8779, -13.8976)","(19.7591, 20.4651)","(3.9848, 5.0334)","(-14.4781, 12.2108)","(1.4858, 0.2001)","(-3.0717, 0.3961)","(14.7931, -12.2235)","(-0.0466, 0.6328)","(-0.1158, 0.4151)","(-8.4958, -16.9549)"
5.330000000000000426e+01,"(7.6049, 5.1148)","(-8.0736, 15.9227)","(15.3679, -0.049)","(-0.7227, -0.5473)","(-10.5306, 0.3305)","(5.7588, -8.0876)","(1.3154, -2.2659)","(3.9534, 5.9933)","(-6.297, 1.507)","(-15.0021, 0.3039)","(-1.7711, -6.2576)","(10.4853, 9.3123)","(6.4322, 7.8168)","(-8.1739, 7.4684)","(0.5932, 0.4442)","(-3.8921, 0.2045)","(8.1407, -7.3925)","(-0.1122, 1.5058)","(0.2208, 0.4767)","(-9.1949, -16.6992)"
5.340000000000000568e+01,"(2.8598, 1.1917)","(-3.537, 10.0643)","(5.7795, -0.797)","(-0.4116, -0.4036)","(-18.1576, 0.6297)","(9.7674, -13.747)","(1.2289, -3.3352)","(9.6917, 14.4779)","(-1.7718, 1.019)","(-7.5993, 0.4528)","(-0.7568, -3.196)","(5.1813, 3.5441)","(10.2544, 12.2744)","(-3.885, 3.658)","(0.8059, 1.0678)","(-7.1987, 0.2202)","(3.7205, -3.5107)","(-0.3032, 3.8814)","(0.5453, 1.0011)","(-5.4294, -8.1442)"
5.350000000000000000e+01,"(1.8625, 0.2667)","(-1.767, 5.4266)","(3.9634, -1.0591)","(-0.7962, -0.8523)","(-19.7358, 1.3431)","(10.7599, -16.5517)","(2.1812, -6.1334)","(17.1379, 20.8448)","(-0.8995, 1.1478)","(-4.3077, 0.1663)","(-0.5321, -3.6972)","(5.3043, 3.0302)","(12.754, 13.4617)","(-2.9378, 2.5553)","(1.6973, 2.4796)","(-14.1554, 0.3851)","(2.6955, -2.3182)","(-0.8194, 10.3295)","(1.2972, 2.4685)","(-2.382, -3.3547)"
5.360000000000000142e+01,"(3.0372, 0.1973)","(-2.1163, 4.386)","(5.6811, -1.7392)","(-1.844, -2.0024)","(-10.5964, 1.6024)","(5.3934, -10.7003)","(4.3793, -12.1929)","(12.0253, 4.4166)","(-1.4003, 2.1544)","(-4.8477, -0.0378)","(-0.7635, -6.6727)","(7.6326, 4.2063)","(9.8194, 7.6608)","(-4.3902, 3.6011)","(4.0377, 6.0724)","(-21.9622, 0.9241)","(4.048, -3.2427)","(-1.6571, 23.9627)","(3.2983, 6.4493)","(-1.3401, -2.2835)"
5.370000000000000284e+01,"(6.1096, 0.3963)","(-3.6711, 6.2162)","(9.7732, -3.0022)","(-4.6033, -5.0227)","(-4.4597, 0.8609)","(2.1747, -5.1122)","(6.8725, -20.4663)","(4.7682, -2.3087)","(-2.9929, 4.5704)","(-8.2185, -0.2045)","(-1.4268, -13.0993)","(11.7568, 6.4678)","(5.5844, 3.6988)","(-8.071, 6.5171)","(9.6846, 14.3697)","(-15.8322, 1.7524)","(7.5816, -5.9599)","(0.4481, 23.1013)","(8.4686, 16.0426)","(-1.8317, -3.6053)"
5.380000000000000426e+01,"(13.0972, 0.8768)","(-6.6078, 10.672)","(16.4291, -5.0866)","(-11.3432, -12.3485)","(-2.6606, 0.3012)","(1.6866, -3.0729)","(3.7523, -17.1837)","(2.3966, -4.2125)","(-6.8019, 10.3056)","(-14.8367, -0.4053)","(-2.5955, -21.286)","(15.6082, 8.4632)","(3.7522, 3.3043)","(-14.0761, 11.4071)","(16.8797, 20.4459)","(-6.4194, 1.3935)","(13.7809, -10.8567)","(2.8194, 8.2585)","(16.7076, 22.0582)","(-3.4973, -7.1386)"
5.390000000000000568e+01,"(22.9732, 1.149)","(-9.7842, 16.4843)","(18.5556, -6.1199)","(-18.8242, -19.7244)","(-3.8499, 0.173)","(2.7087, -3.9743)","(0.0943, -7.4469)","(2.8299, -6.7139)","(-12.4076, 19.78)","(-20.7028, -0.3235)","(-3.1926, -16.8933)","(13.42, 6.9369)","(4.4591, 5.0475)","(-15.3263, 12.9097)","(11.956, 4.6941)","(-2.1092, 0.5121)","(16.2034, -13.2678)","(3.2394, 4.5212)","(12.2789, 0.2731)","(-6.9916, -14.2946)"
5.400000000000000000e+01,"(17.711, -0.8111)","(-7.301, 15.4893)","(10.8126, -4.1249)","(-10.314, -8.6799)","(-7.4627, 0.2088)","(5.1755, -7.1727)","(-0.1893, -2.4394)","(4.775, -11.3275)","(-7.6176, 17.5081)","(-14.6232, 0.4059)","(-2.1877, -7.0418)","(8.1283, 3.9847)","(7.2071, 8.8063)","(-7.9435, 7.379)","(4.7015, -1.9564)","(-1.0499, 0.1249)","(8.5889, -7.8692)","(4.7459, 5.2971)","(1.7761, -5.3606)","(-10.4571, -20.2739)"
5.410000000000000142e+01,"(6.6892, -1.6323)","(-2.5103, 8.5298)","(4.9684, -2.0314)","(-4.8038, -2.7816)","(-15.0072, 0.3928)","(9.6275, -13.3284)","(0.0602, -0.8152)","(6.6838, -17.3341)","(-0.386, 7.279)","(-6.6129, 0.507)","(-0.8354, -2.388)","(5.4133, 2.7255)","(11.5688, 13.7875)","(-3.2208, 3.155)","(2.2337, -3.7124)","(-1.7574, 0.0656)","(3.3118, -3.2973)","(7.2795, 7.9685)","(-2.6189, -5.2076)","(-7.4008, -11.7237)"
5.420000000000000284e+01,"(2.0215, -0.9193)","(-1.2697, 4.1995)","(3.3119, -1.1895)","(-4.5854, -1.9005)","(-22.6788, 1.0003)","(11.8951, -17.8305)","(0.3185, -1.0102)","(3.8173, -16.7494)","(0.9475, 2.6566)","(-3.1431, 0.1703)","(-0.2562, -1.168)","(5.935, 3.1753)","(12.95, 12.796)","(-1.8518, 1.66)","(2.5857, -6.0355)","(-3.8122, 0.0861)","(1.5179, -1.3974)","(10.9087, 11.8126)","(-4.8334, -7.132)","(-3.2809, -4.1141)"
5.430000000000000426e+01,"(1.2768, -1.0045)","(-1.784, 3.5637)","(4.7252, -1.4985)","(-6.8741, -2.6324)","(-14.8475, 1.8366)","(5.7748, -11.5773)","(0.7773, -2.1351)","(-0.1084, -9.3953)","(1.8376, 2.415)","(-3.3668, -0.0216)","(-0.2308, -1.88)","(9.033, 4.9598)","(8.5503, 5.7869)","(-2.7013, 2.2208)","(4.4999, -10.4827)","(-8.9378, 0.1675)","(1.9577, -1.587)","(12.3135, 12.4926)","(-7.7377, -11.3075)","(-0.996, -1.12)"
5.440000000000000568e+01,"(2.1329, -1.8727)","(-3.3544, 5.5347)","(8.7605, -2.6796)","(-11.4524, -4.3825)","(-5.669, 1.3593)","(1.7804, -4.9735)","(1.8911, -5.0354)","(-0.0189, -4.9083)","(3.3779, 4.0897)","(-6.0385, -0.1618)","(-0.4204, -4.0162)","(14.0301, 7.7093)","(4.3664, 2.726)","(-5.3047, 4.2676)","(6.8629, -17.0519)","(-19.7341, 0.4439)","(3.8631, -3.0293)","(8.8981, 7.9146)","(-11.3934, -14.3713)","(-0.2169, -0.2385)"
5.450000000000000000e+01,"(4.4929, -3.9269)","(-6.4632, 10.2378)","(16.154, -4.9462)","(-17.2022, -6.4551)","(-1.6499, 0.4887)","(0.8515, -1.9712)","(4.6236, -12.2577)","(1.1261, -4.3842)","(6.6647, 8.1567)","(-12.0564, -0.374)","(-0.93, -9.2815)","(16.0969, 8.5994)","(3.065, 2.8542)","(-10.9132, 8.751)","(4.5694, -17.8697)","(-24.3887, 1.4799)","(8.324, -6.48)","(5.3365, 4.5482)","(-11.8322, -9.3388)","(-0.0445, -0.0653)"
5.460000000000000142e+01,"(9.981, -8.6932)","(-10.3589, 17.0688)","(20.2338, -6.5672)","(-16.1798, -5.5257)","(-0.3834, 0.1033)","(1.2355, -1.8977)","(8.4005, -23.9646)","(2.6465, -6.6435)","(12.4916, 14.9304)","(-20.946, -0.5254)","(-2.099, -20.004)","(11.015, 5.5016)","(4.1121, 4.8409)","(-17.5903, 14.3495)","(-0.1686, -10.0703)","(-10.2921, 2.2177)","(16.2234, -12.7278)","(4.2495, 4.1079)","(-7.8108, -3.4811)","(-0.0644, -0.1301)"
5.470000000000000284e+01,"(17.5959, -15.8765)","(-7.8238, 16.4791)","(11.5764, -4.4535)","(-9.1605, -2.6412)","(-0.2552, 0.0193)","(2.5247, -3.4877)","(3.209, -17.8715)","(5.1078, -11.8315)","(14.6527, 14.6904)","(-18.7843, 0.2006)","(-3.5304, -23.5004)","(6.1268, 2.9635)","(7.2072, 9.0065)","(-12.232, 10.8621)","(-0.3687, -4.7373)","(-3.7388, 1.5983)","(16.4487, -13.7085)","(5.5224, 5.8887)","(-4.6651, -2.8824)","(-0.156, -0.3267)"
5.480000000000000426e+01,"(11.853, -13.154)","(-2.1155, 8.4598)","(4.6023, -2.0187)","(-4.9102, -1.4266)","(-0.5662, 0.0137)","(5.4981, -7.4234)","(-1.2988, -6.6506)","(7.2123, -18.5453)","(8.42, 5.1733)","(-8.2128, 0.7139)","(-3.1352, -9.6392)","(4.6922, 2.4187)","(12.1734, 14.7077)","(-4.5065, 4.6105)","(0.7363, -3.601)","(-3.0436, 1.9503)","(6.5647, -6.5)","(8.7349, 9.5722)","(-4.0986, -4.6192)","(-0.4097, -0.8653)"
5.490000000000000568e+01,"(3.3113, -5.8117)","(-0.686, 3.4289)","(1.9529, -0.784)","(-4.511, -1.5701)","(-1.3878, 0.0236)","(11.1734, -15.2441)","(-2.1394, -3.3815)","(3.2491, -16.6817)","(3.2288, 1.2862)","(-2.7544, 0.3529)","(-1.8838, -3.3158)","(6.2755, 3.413)","(13.4263, 13.0007)","(-1.2824, 1.4419)","(2.0538, -5.2574)","(-4.7739, 3.2771)","(1.997, -2.3475)","(12.452, 13.3099)","(-5.5877, -8.0561)","(-1.1343, -2.4069)"
5.500000000000000000e+01,"(0.6913, -2.3889)","(-0.9206, 2.1038)","(2.2461, -0.7307)","(-6.9929, -2.6428)","(-3.6336, 0.0515)","(12.5855, -19.2981)","(-3.5389, -4.1539)","(-0.7767, -8.2496)","(0.8953, 0.3972)","(-0.8574, 0.0732)","(-2.1173, -2.5014)","(10.4059, 5.7486)","(8.188, 4.9252)","(-0.3385, 0.4438)","(4.2592, -9.6666)","(-8.8309, 6.0451)","(0.8665, -1.303)","(11.5429, 11.0827)","(-9.0029, -13.1715)","(-3.2317, -6.8716)"
5.510000000000000142e+01,"(0.228, -2.6344)","(-1.903, 3.1571)","(4.3412, -1.3237)","(-12.3645, -4.7546)","(-9.8102, 0.1303)","(4.0877, -10.0816)","(-6.0501, -6.9831)","(-0.3131, -3.7457)","(0.4827, 0.4646)","(-0.9465, -0.0109)","(-3.5764, -3.9231)","(15.9153, 8.7292)","(3.6404, 1.8908)","(-0.355, 0.5481)","(7.2648, -17.1501)","(-15.3151, 10.5973)","(1.2544, -2.0911)","(7.0252, 5.8502)","(-12.5605, -14.3091)","(-8.674, -18.2731)"
5.520000000000000284e+01,"(0.2868, -4.7057)","(-4.0357, 6.2713)","(9.3363, -2.8051)","(-18.5655, -6.9549)","(-23.4314, 0.4628)","(0.6316, -3.6987)","(-10.4759, -12.0268)","(0.7824, -3.1688)","(0.8603, 1.0421)","(-1.9979, -0.0639)","(-6.737, -7.4139)","(15.5092, 8.132)","(2.1383, 1.8714)","(-0.7437, 1.1677)","(5.3611, -19.354)","(-15.9013, 11.8688)","(2.5322, -4.2333)","(4.141, 3.5911)","(-10.9436, -6.4483)","(-13.2571, -25.363)"
5.530000000000000426e+01,"(0.62, -9.5951)","(-8.3843, 12.9728)","(18.7708, -5.6949)","(-15.603, -5.1614)","(-24.1395, 1.9063)","(-0.1914, -1.6677)","(-13.7956, -14.6061)","(2.0737, -5.0474)","(1.9497, 2.4578)","(-4.6963, -0.1707)","(-12.2895, -13.4127)","(8.9195, 4.3089)","(2.8557, 3.3872)","(-1.7932, 2.8055)","(-0.618, -10.3788)","(-7.7028, 6.8784)","(5.608, -9.3417)","(4.0095, 4.0707)","(-6.1599, -2.1703)","(-7.2346, -8.6621)"
5.540000000000000568e+01,"(1.1149, -18.7249)","(-11.839, 20.1688)","(21.317, -7.0581)","(-7.8187, -2.1019)","(-8.7442, 2.749)","(-0.6111, -2.3396)","(-10.0692, -8.3715)","(4.3907, -9.737)","(4.8018, 6.1329)","(-11.5193, -0.4307)","(-14.5916, -14.8193)","(4.6955, 2.258)","(5.3458, 6.8289)","(-4.5822, 7.1511)","(-0.9824, -4.0084)","(-2.9961, 2.9216)","(10.9797, -18.4784)","(6.0425, 6.5926)","(-3.6909, -2.6438)","(-5.5079, -4.1006)"
5.550000000000000000e+01,"(0.2605, -22.0918)","(-4.8175, 13.7224)","(9.3759, -3.9862)","(-3.7604, -1.0491)","(-5.0455, 2.8939)","(-1.2376, -4.5978)","(-5.0458, -3.442)","(7.644, -17.7957)","(11.5387, 14.5639)","(-24.0046, -0.7466)","(-8.4576, -7.016)","(4.1127, 2.1578)","(10.4507, 13.3056)","(-10.8968, 17.0908)","(0.1042, -2.0696)","(-1.754, 1.451)","(10.1983, -18.5387)","(10.0507, 11.0831)","(-3.7316, -4.7519)","(-6.8654, -4.1239)"
5.560000000000000142e+01,"(-1.5138, -10.691)","(-0.3183, 5.425)","(3.0605, -1.6304)","(-3.5022, -1.2276)","(-6.0263, 4.1479)","(-2.6507, -10.0186)","(-2.7082, -2.2579)","(5.2566, -19.6985)","(17.8573, 19.5648)","(-20.7191, 0.3361)","(-3.4651, -2.4883)","(6.2753, 3.4462)","(15.0183, 16.5727)","(-13.4663, 22.2362)","(0.9985, -2.7071)","(-2.6662, 1.888)","(3.4453, -7.9576)","(13.3986, 14.0857)","(-5.7199, -8.7437)","(-9.5037, -5.5341)"
5.570000000000000284e+01,"(-1.0612, -3.6081)","(0.3005, 1.5798)","(1.339, -0.9299)","(-5.8404, -2.2283)","(-8.9163, 6.2429)","(-5.4583, -19.9008)","(-3.0532, -3.2762)","(-1.1218, -9.7975)","(10.3878, 5.4944)","(-7.6932, 1.1719)","(-1.3779, -1.1448)","(11.1328, 6.1783)","(10.562, 6.9337)","(-4.4985, 9.5573)","(2.3628, -5.2207)","(-5.3335, 3.6351)","(0.9079, -2.8596)","(10.3941, 9.3943)","(-9.7645, -14.5326)","(-12.9404, -7.4632)"
5.580000000000000426e+01,"(-0.4181, -0.9333)","(0.5509, 0.8512)","(1.9192, -1.4902)","(-11.1841, -4.3439)","(-12.9825, 9.1684)","(-7.2481, -20.5652)","(-5.2967, -6.1318)","(-1.2436, -3.3488)","(4.9903, 0.0465)","(-3.9072, 1.1824)","(-1.5226, -1.5874)","(17.1919, 9.431)","(4.5173, 1.4568)","(-1.546, 4.8045)","(5.2056, -11.083)","(-11.1871, 7.5765)","(0.436, -2.2247)","(5.5802, 4.4018)","(-13.3077, -14.1068)","(-14.104, -7.7946)"
5.590000000000000568e+01,"(-0.401, -0.5194)","(1.1331, 1.4127)","(3.8146, -2.9756)","(-18.9463, -7.2218)","(-13.838, 10.2544)","(-4.9113, -7.9355)","(-9.9456, -11.6082)","(-0.175, -1.2363)","(4.6074, -1.5772)","(-4.8742, 1.8375)","(-2.9297, -3.2284)","(15.1744, 7.8505)","(1.3268, 0.3549)","(-1.3201, 5.4542)","(8.7285, -20.4556)","(-18.6954, 13.0233)","(0.6338, -3.7417)","(3.2689, 2.8903)","(-10.2583, -4.5368)","(-10.9751, -5.6082)"
5.600000000000000000e+01,"(-0.8098, -0.9328)","(2.4713, 3.0942)","(8.3628, -6.5006)","(-17.5963, -5.9594)","(-9.2712, 7.5308)","(-2.2325, -2.2485)","(-14.6011, -15.8971)","(0.4399, -1.3279)","(6.9001, -2.828)","(-8.0611, 3.0916)","(-6.3832, -7.1224)","(7.7304, 3.6214)","(0.4568, 0.334)","(-1.9426, 8.3969)","(3.4222, -18.6505)","(-13.2966, 10.7222)","(1.2773, -7.4976)","(3.6726, 3.8416)","(-5.0338, -1.1962)","(-7.6009, -3.7899)"
5.610000000000000142e+01,"(-1.8425, -2.1288)","(5.8122, 7.3597)","(16.5294, -12.9566)","(-8.3504, -2.13)","(-5.5925, 4.6673)","(-1.6865, -0.9208)","(-11.0103, -9.1845)","(1.1823, -2.5976)","(11.741, -4.8033)","(-13.9944, 5.3718)","(-13.1991, -14.5954)","(3.62, 1.7026)","(0.626, 0.7663)","(-3.1803, 13.764)","(-2.3961, -7.237)","(-4.6331, 4.8533)","(2.6243, -15.4177)","(6.1129, 6.7678)","(-2.8278, -2.0151)","(-6.7115, -3.5951)"
5.620000000000000284e+01,"(-4.5383, -5.2827)","(12.9256, 16.0263)","(16.5277, -13.8011)","(-3.1373, -0.7097)","(-4.985, 3.8151)","(-2.8385, -1.2357)","(-5.1448, -3.0823)","(2.8396, -5.8653)","(17.362, -7.5373)","(-18.6669, 7.4298)","(-16.0784, -16.3192)","(3.13, 1.6447)","(1.349, 1.7893)","(-4.1095, 18.4889)","(-1.7212, -1.7332)","(-1.2495, 1.622)","(3.6092, -23.0288)","(10.7327, 11.9231)","(-2.983, -4.0043)","(-8.3545, -4.7614)"
5.630000000000000426e+01,"(-11.0655, -12.8253)","(16.7336, 17.1513)","(6.3847, -6.4019)","(-1.6288, -0.5047)","(-6.8996, 4.9254)","(-5.6901, -2.4757)","(-1.9455, -1.2684)","(6.576, -13.5743)","(14.7208, -8.095)","(-12.9953, 5.8001)","(-8.1772, -6.17)","(5.1174, 2.8236)","(3.2655, 4.4326)","(-2.8175, 14.5616)","(-1.3998, -0.1774)","(-0.4445, 0.8512)","(1.3988, -14.223)","(14.107, 14.7454)","(-4.9165, -7.8854)","(-11.7911, -6.8357)"
5.640000000000000568e+01,"(-18.3399, -19.8399)","(8.9455, 4.2388)","(1.9572, -2.3834)","(-2.4626, -0.9281)","(-10.8697, 7.6109)","(-12.1334, -5.312)","(-1.4717, -1.4736)","(9.5487, -23.6623)","(7.1448, -5.3782)","(-6.0894, 3.0192)","(-3.143, -1.6389)","(9.8242, 5.4806)","(8.1514, 11.0756)","(-1.2866, 7.842)","(-2.3401, 0.194)","(-0.6197, 1.4299)","(0.095, -5.3345)","(9.9016, 8.5644)","(-9.1361, -14.498)","(-14.5247, -8.2132)"
5.650000000000000000e+01,"(-10.6994, -7.8711)","(3.9876, 0.0342)","(1.1067, -1.727)","(-5.0562, -1.9794)","(-14.6324, 10.4645)","(-21.2483, -8.8061)","(-2.5066, -2.9019)","(0.0867, -15.2957)","(3.7782, -2.745)","(-3.3752, 1.5596)","(-2.0059, -0.568)","(17.218, 9.5338)","(16.4907, 20.609)","(-0.8768, 4.8169)","(-4.877, 0.4061)","(-1.3147, 3.0499)","(-0.0773, -1.5514)","(4.7638, 3.5103)","(-13.8661, -16.109)","(-12.5584, -6.5856)"
5.660000000000000142e+01,"(-5.0976, -1.771)","(3.7099, -1.2621)","(1.7253, -2.8908)","(-11.1364, -4.393)","(-12.2054, 9.46)","(-16.8481, -4.8905)","(-5.2448, -6.2683)","(-3.5101, -4.404)","(3.9782, -2.0262)","(-4.039, 1.6268)","(-3.2053, -0.6789)","(17.3031, 9.084)","(13.9941, 10.0257)","(-1.1963, 5.5061)","(-11.0071, 0.8239)","(-3.1112, 7.1588)","(-0.1434, -0.8681)","(2.4324, 2.0791)","(-11.2113, -4.668)","(-8.4382, -4.1437)"
5.670000000000000284e+01,"(-4.721, -0.4774)","(5.8869, -2.3692)","(3.4637, -5.798)","(-21.0325, -8.1189)","(-6.8938, 5.8581)","(-6.8008, -0.4362)","(-11.0737, -13.175)","(-3.165, -0.5682)","(6.6379, -2.7925)","(-7.1737, 2.7523)","(-6.3138, -1.332)","(8.5074, 3.9215)","(6.5658, 0.1539)","(-2.088, 9.0498)","(-21.8835, 2.2416)","(-7.0934, 16.417)","(-0.305, -1.5189)","(2.7472, 2.8888)","(-4.8667, -0.0254)","(-6.4018, -3.3039)"
5.680000000000000426e+01,"(-7.0803, -0.3676)","(10.805, -4.3095)","(7.3034, -12.2101)","(-18.5404, -6.1491)","(-4.4863, 3.6697)","(-2.1495, 0.3097)","(-16.2534, -17.5328)","(-4.5454, 0.4381)","(12.1514, -4.8916)","(-13.524, 5.1498)","(-13.2291, -2.8112)","(3.2066, 1.3807)","(4.0034, -2.2614)","(-3.5722, 15.4112)","(-20.1318, 6.278)","(-9.4999, 23.8602)","(-0.6688, -3.3327)","(4.876, 5.4508)","(-1.9303, -0.5619)","(-7.178, -4.0259)"
5.690000000000000568e+01,"(-11.9694, -0.6196)","(17.8427, -7.4465)","(11.7625, -20.1197)","(-7.5369, -1.5513)","(-5.0812, 3.7378)","(-1.3817, 0.6167)","(-10.2491, -7.3516)","(-8.1307, 0.8839)","(18.5179, -7.9696)","(-19.8568, 7.8083)","(-22.4121, -4.421)","(1.4327, 0.6953)","(5.0298, -4.0377)","(-4.2404, 19.3696)","(-5.419, 6.4393)","(-2.9305, 11.8606)","(-1.5866, -7.9793)","(9.4636, 10.6782)","(-1.474, -1.7241)","(-10.2062, -5.9285)"
5.700000000000000000e+01,"(-18.3952, -0.7604)","(16.5135, -8.7439)","(7.4358, -14.3389)","(-2.6479, -0.2118)","(-8.0017, 5.6104)","(-2.3307, 1.2316)","(-4.1884, -1.5852)","(-15.1692, 1.6561)","(14.5903, -8.3306)","(-13.9867, 6.2398)","(-16.9617, -1.994)","(1.971, 1.0762)","(8.2769, -6.7379)","(-2.3436, 12.9389)","(-0.2066, 3.0731)","(-0.2185, 4.6523)","(-3.6823, -18.347)","(14.8554, 16.0731)","(-2.2949, -3.7392)","(-14.061, -8.1071)"
5.710000000000000142e+01,"(-17.5415, 0.1811)","(7.302, -5.853)","(2.3516, -5.6966)","(-2.2357, 0.1158)","(-12.8527, 8.9757)","(-4.9243, 2.5884)","(-1.783, -0.0751)","(-21.0708, 3.792)","(6.1604, -5.1339)","(-5.871, 3.0504)","(-6.6847, 0.1832)","(4.0063, 2.2421)","(13.1428, -10.9489)","(-0.9509, 6.2373)","(1.4065, 2.4351)","(0.485, 3.6604)","(-5.5748, -25.0277)","(11.7277, 10.5178)","(-4.6781, -8.2524)","(-14.2373, -7.7374)"
5.720000000000000284e+01,"(-9.6429, 0.9725)","(2.9148, -2.6045)","(0.5832, -1.81)","(-3.8531, 0.2965)","(-15.1858, 11.0786)","(-11.0646, 5.78)","(-2.2927, 0.3719)","(-12.974, 6.0736)","(2.7526, -2.2518)","(-2.3282, 1.1855)","(-2.0252, 0.3025)","(8.9097, 5.0139)","(13.3683, -13.0371)","(-0.6871, 3.7548)","(2.7949, 3.8631)","(0.9817, 5.6104)","(-3.5693, -10.9397)","(5.4196, 3.6537)","(-9.8907, -16.6404)","(-9.9207, -4.9025)"
5.730000000000000426e+01,"(-4.9422, 0.52)","(2.2515, -1.3197)","(0.252, -1.2562)","(-7.8495, 0.5908)","(-10.0022, 8.1652)","(-20.4966, 11.1547)","(-4.3854, 0.7843)","(-4.5048, 4.0814)","(2.7243, -1.4279)","(-2.0507, 0.8559)","(-0.9784, 0.3499)","(18.1424, 10.1404)","(6.6339, -9.2126)","(-1.0562, 4.7683)","(5.4503, 7.6582)","(1.7695, 10.1388)","(-1.973, -4.1207)","(1.8669, 1.2001)","(-15.422, -16.8538)","(-6.5592, -3.2365)"
5.740000000000000568e+01,"(-4.3941, 0.0367)","(3.7577, -1.6017)","(0.3828, -2.2299)","(-16.1992, 1.2289)","(-5.1557, 4.5078)","(-15.4975, 10.7463)","(-9.4451, 1.6367)","(-1.9788, 1.4788)","(4.8058, -1.993)","(-3.7182, 1.4264)","(-1.5772, 0.6953)","(19.6107, 10.3528)","(3.0503, -4.8675)","(-1.9805, 8.485)","(10.612, 14.5743)","(3.1484, 17.6287)","(-2.1511, -3.477)","(0.928, 0.8476)","(-10.3832, -1.3503)","(-6.178, -3.3608)"
5.750000000000000000e+01,"(-6.8524, -0.2947)","(7.5359, -2.9487)","(0.8255, -4.7851)","(-23.3721, 2.1916)","(-3.8054, 3.0203)","(-4.7177, 5.4488)","(-19.156, 3.4693)","(-2.2867, 0.579)","(9.6051, -3.7556)","(-7.8211, 2.9436)","(-3.3594, 1.4857)","(8.5642, 3.7256)","(2.9162, -3.2522)","(-3.6375, 15.5322)","(14.8345, 16.1376)","(4.1464, 19.601)","(-3.4694, -5.3542)","(1.4531, 1.6034)","(-2.8693, 2.1667)","(-8.409, -4.8577)"
5.760000000000000142e+01,"(-12.3918, -0.6819)","(15.1033, -5.9003)","(1.9153, -11.0149)","(-13.4058, 2.2817)","(-5.1849, 3.7148)","(-1.1527, 2.4625)","(-22.0134, 5.5902)","(-4.3078, 0.5)","(17.769, -7.1386)","(-16.1881, 6.1088)","(-7.8654, 3.4491)","(3.1018, 1.0496)","(4.7504, -4.1063)","(-4.5603, 20.631)","(10.2287, 5.0754)","(3.1579, 10.5769)","(-6.184, -9.5548)","(3.0763, 3.5194)","(0.1601, 1.784)","(-12.5338, -7.321)"
5.770000000000000284e+01,"(-19.6547, -0.8505)","(20.8617, -9.3654)","(3.7417, -22.1934)","(-4.7958, 1.3188)","(-8.8805, 6.1575)","(-0.5977, 2.7841)","(-9.1745, 4.8071)","(-9.1052, 0.7892)","(18.7233, -9.392)","(-21.8783, 8.7232)","(-17.5161, 7.7555)","(2.3425, 0.5553)","(8.6794, -6.9943)","(-2.3341, 13.2067)","(4.13, 0.5192)","(1.5357, 4.4063)","(-10.2443, -15.6864)","(7.0644, 8.1518)","(1.326, 2.3533)","(-15.3255, -8.6437)"
5.780000000000000426e+01,"(-17.6052, 0.3459)","(11.0048, -7.8558)","(2.7103, -20.8178)","(-1.4025, 0.5389)","(-14.416, 10.0564)","(-0.898, 4.9138)","(-2.6224, 2.3872)","(-18.4273, 1.7831)","(7.8241, -6.528)","(-11.2021, 5.4547)","(-22.3146, 10.9265)","(3.871, 0.8269)","(14.2272, -11.7637)","(-0.7618, 5.663)","(1.1604, 0.0992)","(0.6792, 2.5448)","(-10.6224, -15.4263)","(14.6132, 16.5358)","(2.6915, 4.612)","(-12.1665, -6.2276)"
5.790000000000000568e+01,"(-8.6262, 1.13)","(3.2953, -3.857)","(0.1865, -8.1894)","(-1.0541, 0.5731)","(-15.1047, 11.2434)","(-1.8392, 9.8454)","(-0.8317, 1.539)","(-22.3882, 4.9375)","(2.352, -2.7717)","(-3.7875, 2.2919)","(-8.9946, 6.3755)","(7.6448, 1.638)","(13.3265, -13.4364)","(-0.4045, 2.5303)","(0.4195, 0.299)","(0.6942, 3.6268)","(-6.0046, -7.8303)","(15.4786, 15.0849)","(5.677, 10.0192)","(-7.4809, -3.5639)"
5.800000000000000000e+01,"(-3.8128, 0.5327)","(0.7712, -1.1957)","(-0.3153, -3.2174)","(-1.9292, 1.1119)","(-8.3183, 7.1246)","(-3.3658, 18.7165)","(-0.9116, 2.4746)","(-8.9565, 6.7041)","(0.7309, -0.7761)","(-1.2236, 0.9353)","(-2.8553, 3.1047)","(15.463, 3.3098)","(5.4681, -8.5788)","(-0.6044, 2.7829)","(0.5694, 0.7597)","(1.2134, 7.0274)","(-2.7151, -3.4382)","(7.2937, 4.4586)","(11.5686, 18.4307)","(-5.5615, -2.8666)"
5.810000000000000142e+01,"(-3.0901, 0.0484)","(0.1275, -0.3004)","(-0.6409, -3.3191)","(-4.2519, 2.4409)","(-3.9452, 3.5461)","(-2.5797, 21.3031)","(-1.781, 4.9135)","(-1.7278, 3.4732)","(0.718, -0.3724)","(-1.3092, 1.2034)","(-1.8871, 3.0416)","(22.5618, 4.5706)","(2.1794, -3.9973)","(-1.214, 5.175)","(1.2244, 1.8007)","(2.4237, 14.2433)","(-1.8069, -2.558)","(3.1903, 0.9644)","(15.2512, 13.0742)","(-6.6531, -3.7736)"
5.820000000000000284e+01,"(-5.0563, -0.2344)","(0.0084, -0.2174)","(-1.163, -5.6278)","(-9.962, 5.7003)","(-3.1031, 2.4266)","(0.513, 10.4168)","(-3.9032, 10.6226)","(0.1896, 1.395)","(1.5152, -0.5974)","(-2.4938, 2.337)","(-2.8005, 4.9311)","(13.8603, 2.15)","(2.1084, -2.4091)","(-2.5613, 10.7471)","(2.9755, 4.5087)","(4.1546, 22.2611)","(-2.6514, -4.0384)","(3.3487, 0.2971)","(8.2024, -0.461)","(-10.156, -5.9585)"
5.830000000000000426e+01,"(-9.9085, -0.6033)","(-0.0172, -0.4523)","(-2.2268, -10.8497)","(-19.9918, 11.6218)","(-4.724, 3.3369)","(0.6992, 3.5952)","(-7.1696, 20.4039)","(0.9588, 1.4879)","(3.5218, -1.3133)","(-5.4869, 5.12)","(-5.1655, 9.0706)","(5.2593, 0.4918)","(3.7051, -3.1485)","(-4.7115, 20.1065)","(7.4948, 11.3704)","(4.0251, 15.1762)","(-5.0391, -7.8165)","(5.6541, 0.3268)","(1.8742, -1.9522)","(-14.7693, -8.5811)"
5.840000000000000568e+01,"(-18.5275, -1.0464)","(-0.0396, -1.1105)","(-4.0148, -19.1679)","(-17.2837, 11.2254)","(-8.7013, 5.9803)","(0.2284, 0.9247)","(-4.8507, 19.8194)","(1.9926, 2.8458)","(8.6598, -3.1737)","(-12.0625, 11.2716)","(-8.9813, 15.9508)","(1.494, 0.0806)","(7.2971, -5.7523)","(-4.1213, 20.0342)","(15.724, 21.3216)","(2.2661, 5.7557)","(-9.525, -14.7429)","(10.851, 0.6575)","(-0.3882, -1.6329)","(-14.8717, -8.0583)"
5.850000000000000000e+01,"(-21.2642, -0.2001)","(-0.0891, -2.9326)","(-4.5804, -19.2703)","(-5.9624, 5.1549)","(-15.0384, 10.4131)","(0.0265, 0.2189)","(0.1381, 8.3784)","(4.3561, 6.3771)","(19.5391, -7.3904)","(-17.8473, 17.2257)","(-9.1962, 17.8571)","(0.4593, -0.009)","(13.6648, -10.856)","(-1.1778, 8.8755)","(14.6632, 9.4043)","(0.7813, 1.6727)","(-12.0913, -17.9706)","(19.299, 1.0166)","(-1.392, -2.4115)","(-9.5717, -4.5903)"
5.860000000000000142e+01,"(-10.6888, 1.3791)","(-0.2237, -8.0368)","(-2.7941, -9.1042)","(-2.1885, 2.575)","(-15.9166, 11.8396)","(-0.0396, 0.2587)","(0.751, 2.6821)","(9.6825, 14.0157)","(21.9887, -10.8541)","(-8.9723, 10.0834)","(-3.9689, 9.9195)","(0.6131, -0.0494)","(15.7972, -14.6983)","(-0.2146, 2.935)","(6.4869, -1.5953)","(0.1836, 0.3686)","(-7.1729, -9.3959)","(20.0182, -0.0407)","(-2.8472, -4.9542)","(-5.7212, -2.7318)"
5.870000000000000284e+01,"(-3.8335, 0.9243)","(-0.7448, -20.5038)","(-1.1479, -3.3237)","(-2.2104, 3.1975)","(-7.9607, 7.0316)","(-0.1174, 0.6026)","(1.0123, 1.4621)","(16.0047, 19.0652)","(6.5836, -7.3733)","(-2.8026, 3.9731)","(-1.4052, 4.1251)","(1.3369, -0.1139)","(6.4455, -10.0051)","(0.0046, 0.8905)","(2.757, -3.8976)","(0.0306, 0.0684)","(-2.9129, -3.4251)","(9.6981, -1.336)","(-6.1433, -10.929)","(-5.2166, -2.8276)"
5.880000000000000426e+01,"(-1.2079, 0.2399)","(-3.4241, -27.2529)","(-0.4106, -1.4243)","(-3.6985, 5.4842)","(-3.1965, 3.0725)","(-0.3081, 1.5205)","(1.8981, 2.2585)","(11.6958, 5.539)","(1.1519, -4.2333)","(-1.1422, 2.1765)","(-0.9287, 2.1157)","(3.2704, -0.2737)","(1.5907, -4.2925)","(0.0838, 0.9715)","(2.6279, -6.1343)","(0.0113, 0.0555)","(-0.9551, -1.1675)","(3.5716, -0.7719)","(-12.4299, -19.3245)","(-7.4707, -4.3485)"
5.890000000000000568e+01,"(-1.0366, -0.002)","(-5.9015, -9.0955)","(-0.4257, -1.9434)","(-6.984, 10.3267)","(-1.9629, 1.609)","(-0.8397, 4.0704)","(3.8712, 4.6151)","(4.5917, -0.8181)","(-0.1515, -4.7596)","(-1.4469, 3.1886)","(-1.547, 2.8395)","(8.4478, -0.6991)","(0.7065, -1.4487)","(0.1876, 1.9651)","(4.2089, -10.0794)","(0.0228, 0.1397)","(-0.749, -1.0971)","(1.5399, -0.1641)","(-15.0588, -11.0551)","(-12.0837, -7.1394)"
5.900000000000000000e+01,"(-2.0651, -0.1232)","(-5.4457, -2.8751)","(-0.8137, -3.9848)","(-11.2861, 16.9638)","(-2.9731, 2.1056)","(-2.2951, 11.0974)","(8.3779, 10.0429)","(1.674, -2.019)","(-0.554, -7.5699)","(-2.6904, 5.9739)","(-3.1518, 5.5096)","(20.357, -1.7274)","(1.105, -1.0672)","(0.4275, 4.5604)","(6.3481, -15.9574)","(0.0582, 0.3673)","(-1.4074, -2.1809)","(2.0522, 0.0651)","(-7.1157, 1.3675)","(-16.284, -9.3309)"
5.910000000000000142e+01,"(-4.7102, -0.3341)","(-6.9777, -1.8155)","(-1.7985, -8.9581)","(-9.3072, 15.2579)","(-5.8671, 4.0042)","(-4.8542, 25.3527)","(15.2541, 17.4757)","(1.6208, -3.5176)","(-0.9483, -13.2153)","(-5.4419, 12.0484)","(-6.6291, 11.4922)","(26.0114, -2.7649)","(2.3547, -1.8579)","(1.0344, 11.1369)","(4.9166, -17.6425)","(0.1587, 1.016)","(-3.129, -4.9056)","(4.1648, 0.2604)","(-1.2377, 2.172)","(-13.2228, -6.7876)"
5.920000000000000284e+01,"(-11.2979, -0.8322)","(-10.1162, -2.312)","(-3.8656, -19.0253)","(-3.7938, 7.3781)","(-11.9886, 8.1424)","(-1.3428, 21.2835)","(13.3787, 11.8176)","(2.98, -6.6153)","(-1.9014, -19.5212)","(-8.8833, 20.1166)","(-11.0275, 19.7349)","(10.3077, -2.1249)","(5.329, -4.0241)","(2.291, 23.4321)","(0.5382, -11.1315)","(0.4522, 2.9198)","(-7.2479, -11.382)","(9.3025, 0.6476)","(0.8172, 2.0517)","(-7.3721, -3.3507)"
5.930000000000000426e+01,"(-23.3397, -1.4441)","(-14.7154, -3.26)","(-5.2722, -23.1037)","(-1.4343, 2.8997)","(-18.6466, 13.109)","(2.6038, 7.8253)","(6.1713, 3.0207)","(5.9417, -13.0879)","(-3.3018, -16.0019)","(-6.2969, 16.1232)","(-7.3384, 15.7863)","(4.948, -1.6442)","(12.0674, -9.0989)","(2.859, 21.0903)","(-0.1039, -5.8104)","(1.3162, 8.5186)","(-13.4581, -20.7281)","(19.5718, 1.2582)","(1.9775, 3.322)","(-4.5544, -2.2311)"
5.940000000000000568e+01,"(-20.9548, 0.5478)","(-16.8921, -3.0225)","(-3.2704, -10.0903)","(-1.0776, 1.7978)","(-12.0997, 9.9638)","(3.631, 4.9303)","(2.2722, 0.4131)","(8.0066, -20.7455)","(-2.8528, -7.6949)","(-2.0607, 6.8318)","(-1.9953, 6.6103)","(5.4773, -2.2174)","(19.22, -16.0873)","(1.9566, 7.7995)","(0.9496, -4.5551)","(3.5791, 22.4003)","(-10.2942, -14.108)","(23.4063, 0.2748)","(3.9736, 6.8755)","(-5.0769, -2.8539)"
5.950000000000000000e+01,"(-7.642, 2.1939)","(-12.7408, -1.1367)","(-1.5512, -3.4579)","(-1.894, 2.8468)","(-4.2293, 4.4235)","(5.3463, 5.9772)","(1.9656, -0.2425)","(1.6771, -15.6165)","(-1.3103, -3.8961)","(-0.5582, 2.178)","(-0.3794, 2.0812)","(8.311, -3.4466)","(8.5987, -12.5473)","(1.4414, 3.7613)","(2.3826, -6.3166)","(5.6396, 26.4145)","(-4.3938, -4.7507)","(10.2372, -1.8363)","(8.3062, 14.2019)","(-8.1793, -4.8353)"
5.960000000000000142e+01,"(-3.1648, 1.981)","(-7.9955, -0.3761)","(-1.3535, -2.2561)","(-3.9431, 5.7956)","(-1.1502, 1.3939)","(7.9733, 8.7794)","(3.4437, -0.6185)","(-1.79, -6.0966)","(-0.6085, -3.9723)","(-0.1469, 0.5365)","(0.0071, 0.9023)","(13.3432, -5.5412)","(0.6911, -5.517)","(2.0727, 4.561)","(4.6247, -10.881)","(4.5385, 9.2657)","(-2.3875, -1.9993)","(3.3905, -1.443)","(14.4172, 18.6473)","(-13.7088, -8.1308)"
5.970000000000000284e+01,"(-3.4214, 2.9698)","(-6.5399, -0.8112)","(-2.2648, -3.5189)","(-8.3558, 12.2541)","(-0.2544, 0.3829)","(11.1912, 12.0758)","(7.1769, -1.2575)","(-0.7999, -1.8449)","(-0.535, -6.7005)","(-0.1411, 0.3439)","(0.1386, 1.4029)","(17.1999, -7.3089)","(-1.1047, -2.555)","(3.4733, 7.5279)","(6.951, -17.4699)","(4.5251, 5.6665)","(-3.2766, -2.4025)","(1.9857, -1.5255)","(12.4669, 4.8548)","(-17.0405, -9.6118)"
5.980000000000000426e+01,"(-5.6602, 5.0724)","(-8.2454, -1.6613)","(-4.3602, -6.779)","(-13.0367, 19.6921)","(-0.1737, 0.377)","(11.5779, 11.4783)","(15.298, -2.6852)","(-0.0032, -0.7795)","(-0.8151, -12.6414)","(-0.3283, 0.7268)","(0.3049, 2.9769)","(13.0243, -5.9206)","(-2.326, -3.0453)","(6.094, 13.2087)","(4.2001, -17.5405)","(5.9793, 6.4109)","(-5.7991, -4.2076)","(2.9928, -2.6447)","(4.5736, -1.6278)","(-11.6224, -5.6428)"
5.990000000000000568e+01,"(-10.2681, 9.181)","(-12.4614, -2.8259)","(-8.6042, -13.3677)","(-7.6156, 13.3603)","(-0.347, 0.7997)","(8.2096, 7.152)","(23.4656, -5.0074)","(0.444, -1.1236)","(-1.7552, -20.3916)","(-0.7993, 1.7447)","(0.6942, 7.013)","(7.0562, -3.4001)","(-4.3137, -5.4796)","(8.6218, 18.2375)","(-0.3391, -9.5514)","(8.1222, 8.5415)","(-11.0306, -8.0165)","(5.8086, -5.1275)","(0.6945, -1.3589)","(-5.807, -2.5157)"
6.000000000000000000e+01,"(-14.9923, 13.9133)","(-17.0243, -3.557)","(-12.4643, -18.7895)","(-2.2979, 5.277)","(-0.8436, 1.933)","(5.3262, 4.6427)","(13.4912, -5.4186)","(1.1296, -2.3907)","(-3.4729, -17.2438)","(-2.0681, 4.4904)","(1.6461, 16.4195)","(4.6801, -2.1539)","(-8.4026, -10.7513)","(6.7785, 13.1789)","(-0.3282, -4.4916)","(10.5031, 10.9176)","(-17.2665, -12.3242)","(11.6231, -10.2637)","(-0.536, -1.3066)","(-3.6157, -1.7977)"
6.010000000000000142e+01,"(-10.8332, 11.724)","(-15.5903, -2.0697)","(-8.2636, -11.0888)","(-0.5455, 1.741)","(-2.2009, 5.0106)","(4.8271, 4.8087)","(4.259, -3.1931)","(2.7968, -5.6701)","(-3.1643, -7.4864)","(-5.4085, 11.7405)","(3.2739, 25.9265)","(5.6659, -2.4194)","(-13.9775, -16.5903)","(3.4643, 6.1604)","(0.7858, -3.5606)","(10.7977, 10.7862)","(-13.7415, -9.0222)","(16.6441, -15.5248)","(-1.325, -2.3017)","(-4.5779, -2.6244)"
6.020000000000000284e+01,"(-4.4476, 5.9769)","(-9.7116, -0.3724)","(-3.4634, -4.0503)","(-0.2616, 1.4934)","(-5.7258, 13.0507)","(6.4877, 7.0196)","(1.1043, -1.4964)","(6.712, -13.6504)","(-1.3435, -2.9045)","(-10.9559, 24.3414)","(3.5311, 13.1906)","(9.3112, -3.8647)","(-12.7224, -10.6358)","(1.7375, 3.2318)","(2.1192, -5.3398)","(8.399, 7.9417)","(-6.2413, -3.578)","(9.3079, -10.9207)","(-2.8366, -5.101)","(-8.0203, -4.7914)"
6.030000000000000426e+01,"(-2.0716, 2.665)","(-6.3181, -0.4116)","(-1.0494, -1.1827)","(-0.4107, 2.728)","(-10.6829, 25.4631)","(9.7871, 10.7538)","(0.7416, -1.8666)","(9.9731, -24.424)","(-0.4466, -2.1358)","(-6.4647, 17.3474)","(2.3834, 4.5822)","(15.2688, -6.3391)","(-6.4065, -2.8014)","(1.7611, 3.6605)","(4.3881, -9.9147)","(6.2101, 5.8634)","(-2.3565, -1.3376)","(2.9019, -4.6931)","(-6.4456, -11.7363)","(-14.2761, -8.5292)"
6.040000000000000568e+01,"(-2.2526, 2.2464)","(-6.5411, -1.1165)","(-0.3468, -0.4568)","(-0.8949, 5.8709)","(-4.6045, 15.8749)","(12.3393, 12.9215)","(1.2709, -3.5194)","(-0.3629, -15.1959)","(-0.297, -3.5978)","(-1.4004, 7.0805)","(2.3795, 2.9122)","(17.5835, -7.57)","(-2.2374, -0.7888)","(2.9851, 6.4613)","(7.393, -17.52)","(5.886, 5.8727)","(-1.5847, -1.059)","(0.7452, -1.4171)","(-13.3048, -20.5045)","(-17.9583, -10.134)"
6.050000000000000000e+01,"(-4.0966, 3.6997)","(-9.6509, -2.1623)","(-0.5032, -0.7693)","(-2.0302, 13.2446)","(-0.2972, 6.7054)","(10.1602, 9.3133)","(2.7612, -7.518)","(-4.0463, -4.1064)","(-0.4071, -7.3887)","(-0.3415, 5.4408)","(3.795, 4.1558)","(10.968, -5.1538)","(-0.9324, -0.7185)","(5.6657, 12.3556)","(5.0969, -19.1842)","(7.3813, 7.6683)","(-2.6697, -1.922)","(0.1797, -0.3153)","(-15.0238, -9.1475)","(-11.3211, -5.3143)"
6.060000000000000142e+01,"(-8.2313, 7.2716)","(-15.0024, -3.4456)","(-1.1079, -1.7352)","(-3.4071, 23.8896)","(0.7574, 5.5584)","(6.2686, 5.2005)","(5.8359, -16.022)","(-4.0354, -0.367)","(-0.8276, -15.4704)","(-0.1884, 7.4574)","(6.7432, 7.3763)","(5.4176, -2.6615)","(-1.2324, -1.4817)","(8.9844, 19.216)","(-0.793, -9.962)","(9.9377, 10.3923)","(-5.5754, -4.0769)","(0.1616, -0.1635)","(-5.9977, 2.5965)","(-5.0297, -2.0134)"
6.070000000000000284e+01,"(-14.8199, 13.3053)","(-17.9864, -3.3322)","(-2.6913, -4.2419)","(-1.3903, 17.4721)","(1.3968, 7.7277)","(4.4022, 4.0494)","(7.1832, -23.0568)","(-5.849, 0.6588)","(-2.2819, -23.4989)","(-0.2706, 11.6613)","(11.7642, 12.7784)","(3.8435, -1.745)","(-2.5118, -3.2879)","(7.5006, 14.6914)","(-0.9743, -3.7753)","(11.2808, 11.4622)","(-12.0221, -8.8028)","(0.3853, -0.338)","(-0.297, 2.9281)","(-2.5269, -1.1856)"
6.080000000000000426e+01,"(-14.183, 14.337)","(-12.9715, -0.974)","(-6.7442, -10.6405)","(0.3313, 6.536)","(2.2109, 12.1003)","(5.0366, 5.2996)","(1.2799, -12.7533)","(-10.0978, 1.1902)","(-4.2216, -13.8976)","(-0.324, 17.1006)","(14.0894, 14.3617)","(5.3553, -2.2574)","(-5.7419, -7.6795)","(3.6269, 6.2419)","(0.1031, -1.9448)","(9.3375, 8.9334)","(-19.5423, -13.9685)","(0.9566, -0.8228)","(1.7782, 3.2597)","(-3.0598, -1.7482)"
6.090000000000000568e+01,"(-5.5376, 7.5681)","(-7.2849, -0.0743)","(-13.8369, -21.4687)","(0.524, 2.6403)","(3.285, 17.199)","(7.6785, 8.4864)","(-0.7781, -4.4962)","(-17.0483, 2.2209)","(-2.9759, -4.48)","(0.0283, 17.0967)","(8.7876, 7.5542)","(9.5223, -3.926)","(-12.5179, -16.2934)","(1.3716, 2.3362)","(0.965, -2.587)","(6.597, 6.1353)","(-12.9826, -8.1972)","(2.5224, -2.1528)","(3.4489, 5.5977)","(-5.6757, -3.4135)"
6.100000000000000000e+01,"(-1.6675, 2.816)","(-5.394, -0.563)","(-11.1564, -15.3806)","(0.9233, 3.0654)","(3.6277, 16.063)","(11.5314, 12.6085)","(-0.9413, -1.712)","(-19.1041, 4.535)","(-1.2825, -1.0689)","(0.3922, 10.6713)","(3.9886, 3.0868)","(16.3224, -6.7528)","(-16.3784, -16.7679)","(0.8437, 1.6791)","(2.2925, -5.0411)","(5.5591, 5.4302)","(-5.0617, -2.5598)","(6.8648, -5.8421)","(6.5882, 10.9252)","(-11.435, -6.9385)"
6.110000000000000142e+01,"(-0.5408, 0.8115)","(-6.8925, -1.4064)","(-4.9537, -5.1517)","(1.7006, 5.4478)","(2.6792, 9.6313)","(12.3287, 12.2949)","(-1.6786, -2.0395)","(-10.2136, 5.5227)","(-1.298, -0.4444)","(0.2454, 6.2574)","(2.1452, 1.9366)","(18.1682, -7.8585)","(-9.1234, -3.5664)","(1.36, 2.9353)","(5.1038, -10.8141)","(6.5509, 6.7548)","(-1.8819, -0.7154)","(16.8124, -14.5168)","(11.9016, 17.3495)","(-19.0019, -11.2074)"
6.120000000000000284e+01,"(-0.6217, 0.611)","(-11.2001, -2.6542)","(-3.5452, -2.8292)","(3.3699, 10.8649)","(1.5909, 5.8463)","(8.2911, 6.9889)","(-3.2537, -3.851)","(-4.2955, 3.1713)","(-2.4352, -0.6543)","(0.0174, 5.7602)","(2.7267, 2.8732)","(10.0886, -4.8569)","(-3.6975, 0.5143)","(2.8152, 6.1847)","(8.7861, -20.3546)","(9.0444, 9.4999)","(-2.0833, -0.581)","(18.2787, -18.133)","(13.912, 10.9354)","(-15.2497, -7.7153)"
6.130000000000000426e+01,"(-1.3447, 1.1882)","(-17.2428, -3.9126)","(-4.9866, -3.6155)","(6.1452, 19.4222)","(1.2646, 5.8474)","(4.7746, 3.9334)","(-6.8556, -8.1953)","(-3.1757, 1.3054)","(-5.2918, -1.4504)","(-0.1581, 8.3978)","(5.0621, 5.5568)","(4.3897, -2.2287)","(-2.8028, 1.869)","(6.0832, 13.3877)","(3.6992, -19.0813)","(11.3694, 11.7455)","(-3.8492, -1.0264)","(4.6265, -8.6869)","(7.7571, 0.8361)","(-6.5827, -2.4292)"
6.140000000000000568e+01,"(-3.1545, 2.7303)","(-17.5612, -2.6836)","(-8.1981, -5.9096)","(6.6297, 18.564)","(1.6495, 8.8055)","(3.9368, 3.8519)","(-13.398, -15.6522)","(-4.7445, 0.8161)","(-12.1367, -3.3666)","(-0.3272, 13.787)","(10.0015, 11.0321)","(2.7327, -1.2592)","(-4.3093, 3.4183)","(10.1466, 21.7577)","(-2.4791, -7.4111)","(10.4299, 10.1823)","(-8.1372, -2.1862)","(1.0824, -5.8478)","(2.7674, -0.1805)","(-2.1089, -0.6402)"
6.150000000000000000e+01,"(-7.7575, 6.675)","(-10.4356, -0.1896)","(-13.3833, -9.6097)","(3.7157, 8.109)","(2.6144, 14.3475)","(5.4175, 5.9016)","(-15.0471, -14.8456)","(-8.8725, 0.9861)","(-23.1276, -5.8038)","(-0.2867, 18.8655)","(15.3496, 16.2922)","(3.9332, -1.6535)","(-8.161, 6.4147)","(7.3038, 13.8)","(-1.8754, -1.7397)","(7.322, 6.7635)","(-16.9665, -4.5352)","(0.4138, -7.2544)","(1.22, 0.7054)","(-0.5266, -0.1793)"
6.160000000000000142e+01,"(-16.8413, 14.7547)","(-5.5542, 0.0021)","(-15.66, -10.8666)","(1.4198, 2.7025)","(3.6845, 18.5703)","(8.9028, 9.9528)","(-7.8601, -4.733)","(-16.5364, 1.839)","(-18.7078, -1.6118)","(0.2475, 15.2274)","(11.1933, 10.0554)","(7.4978, -3.0748)","(-14.4694, 11.6661)","(3.1331, 4.8624)","(-1.6654, -0.1479)","(5.4491, 5.1787)","(-22.9896, -5.6991)","(0.4585, -10.6488)","(1.2816, 1.8297)","(-0.3759, -0.2066)"
6.170000000000000284e+01,"(-16.0537, 16.3385)","(-4.7559, -0.6612)","(-10.2471, -6.5223)","(0.3849, 0.7877)","(3.4629, 13.8256)","(12.8654, 13.898)","(-2.8849, -0.947)","(-21.0524, 4.2865)","(-6.7749, 2.0196)","(0.4245, 8.2112)","(4.8901, 3.4591)","(14.5994, -5.9772)","(-14.5817, 14.2851)","(1.2739, 1.6188)","(-2.8091, 0.2481)","(5.7692, 5.8645)","(-12.0428, -2.0771)","(0.5926, -15.5268)","(2.3555, 4.0735)","(-0.7919, -0.4816)"
6.180000000000000426e+01,"(-4.4051, 7.6674)","(-7.0297, -1.5784)","(-5.2229, -3.1731)","(0.247, 0.7152)","(2.1798, 7.3004)","(11.5562, 10.8512)","(-1.3249, 0.0075)","(-11.1644, 6.124)","(-2.2716, 1.9437)","(0.1682, 4.9484)","(1.5549, 1.0249)","(20.503, -8.6559)","(-5.4233, 9.0216)","(1.5002, 1.6147)","(-5.8058, 0.4954)","(7.9162, 8.3177)","(-4.2994, -0.3503)","(0.1605, -17.217)","(5.1532, 9.3385)","(-1.8981, -1.1731)"
6.190000000000000568e+01,"(-0.9684, 4.0722)","(-12.248, -3.0111)","(-3.6076, -2.3788)","(0.4661, 1.501)","(1.2339, 4.7457)","(6.6847, 5.2327)","(-1.9402, 0.3246)","(-3.6455, 3.6184)","(-1.9768, 2.9331)","(-0.0397, 5.5223)","(0.5584, 0.4807)","(12.5715, -5.9493)","(-1.5317, 3.7822)","(2.7837, 2.9347)","(-12.7723, 1.0159)","(10.8788, 11.3947)","(-1.6829, 0.0503)","(-0.606, -12.3015)","(11.1294, 18.5366)","(-4.8733, -3.0303)"
6.200000000000000000e+01,"(-0.35, 4.9109)","(-18.8322, -4.2454)","(-4.8496, -3.4327)","(1.071, 3.5216)","(1.1642, 5.7766)","(3.7022, 3.0833)","(-3.9363, 0.6895)","(-1.6404, 1.2037)","(-3.3085, 5.2262)","(-0.2117, 9.0196)","(0.803, 0.8628)","(4.825, -2.5909)","(-1.0103, 1.5227)","(5.8565, 6.1949)","(-23.0605, 2.8213)","(11.4763, 11.4979)","(-2.1696, 0.2233)","(-0.5397, -7.5706)","(15.8918, 14.7364)","(-12.5407, -7.788)"
6.210000000000000142e+01,"(-0.4219, 7.9937)","(-16.974, -2.1223)","(-8.4877, -6.1305)","(2.6432, 8.7492)","(1.7432, 9.632)","(3.5571, 3.6342)","(-8.8784, 1.5054)","(-2.0655, 0.4743)","(-6.4748, 10.1282)","(-0.3902, 15.4412)","(1.7352, 1.9347)","(1.5408, -0.8336)","(-1.7963, 1.5893)","(12.1536, 12.8246)","(-17.0035, 6.7305)","(8.4645, 7.8801)","(-4.1857, 0.4557)","(-0.1117, -6.4077)","(8.7148, -0.8811)","(-23.7285, -14.1617)"
6.220000000000000284e+01,"(-0.7445, 13.9738)","(-8.7731, 0.2897)","(-14.4141, -10.3736)","(6.1304, 20.0272)","(2.9184, 16.1531)","(5.5387, 6.1628)","(-18.9997, 3.3491)","(-4.0295, 0.4364)","(-10.7283, 17.5072)","(-0.2365, 19.8891)","(4.1491, 4.6718)","(0.9376, -0.4245)","(-3.7721, 2.9449)","(16.4856, 16.8278)","(-4.187, 5.6402)","(5.6865, 5.2453)","(-9.0888, 0.9715)","(0.245, -8.4463)","(1.5804, -2.7985)","(-14.4751, -6.432)"
6.230000000000000426e+01,"(-0.6745, 19.9313)","(-4.2672, 0.1085)","(-16.1088, -11.1069)","(8.0645, 23.4108)","(3.9381, 19.1474)","(9.666, 10.9065)","(-23.2302, 5.7054)","(-8.7363, 0.7173)","(-7.9702, 16.886)","(0.4073, 13.5988)","(10.0442, 11.3014)","(1.7274, -0.7128)","(-8.33, 6.3231)","(9.0032, 8.0743)","(-0.1201, 2.4598)","(5.1296, 5.087)","(-18.8592, 2.0581)","(0.5564, -13.0479)","(-1.0808, -2.6627)","(-6.3397, -1.1778)"
6.240000000000000568e+01,"(0.6147, 15.4435)","(-3.8115, -0.5738)","(-9.3804, -5.8075)","(4.5105, 8.838)","(3.2765, 11.9502)","(13.7658, 14.774)","(-9.4578, 5.0964)","(-18.2453, 1.6622)","(-1.8104, 8.2793)","(0.4299, 6.5431)","(17.9851, 19.42)","(3.8323, -1.554)","(-16.3468, 12.8254)","(3.3859, 2.5878)","(1.1636, 1.995)","(6.678, 6.9782)","(-23.1309, 3.0549)","(0.5356, -17.7274)","(-2.5141, -4.1202)","(-5.4457, -0.0331)"
6.250000000000000000e+01,"(0.9825, 7.4857)","(-6.1283, -1.4438)","(-4.2436, -2.4923)","(2.7179, 3.6497)","(1.8085, 5.6919)","(11.0255, 9.8577)","(-2.6755, 2.797)","(-23.1237, 4.8503)","(-0.3641, 3.0101)","(0.1289, 3.8429)","(11.7162, 9.8753)","(9.0794, -3.6646)","(-15.2236, 15.4404)","(1.3694, 0.8493)","(2.3697, 3.3148)","(9.7428, 10.2991)","(-10.633, 2.3035)","(-0.3088, -15.5653)","(-4.8306, -8.1147)","(-7.7152, 0.2748)"
6.260000000000000142e+01,"(0.3717, 3.8646)","(-11.511, -2.9388)","(-2.6407, -1.7247)","(3.4121, 3.7196)","(0.96, 3.7657)","(5.6939, 4.1383)","(-1.146, 2.5087)","(-9.1545, 6.9485)","(-0.4387, 1.2833)","(-0.0576, 4.7622)","(5.1982, 2.6497)","(19.6155, -7.9811)","(-3.5729, 8.4928)","(1.806, 0.9578)","(4.8054, 6.8548)","(12.0431, 12.3922)","(-3.5994, 1.1488)","(-0.7479, -9.3015)","(-9.4506, -15.3029)","(-12.2627, 0.4553)"
6.270000000000000284e+01,"(-0.0435, 4.1016)","(-19.383, -4.6101)","(-3.7063, -2.6335)","(5.4758, 5.8081)","(0.9979, 5.1458)","(2.8371, 2.2968)","(-1.471, 4.1278)","(-1.5197, 3.7178)","(-1.0099, 1.7121)","(-0.2239, 8.4289)","(4.0175, 1.0745)","(21.3982, -9.3229)","(0.0096, 3.1293)","(3.5048, 1.8328)","(9.9086, 13.9597)","(10.0434, 9.5947)","(-1.7991, 0.8241)","(-0.3513, -6.0157)","(-14.423, -16.3295)","(-17.6843, 0.7984)"
6.280000000000000426e+01,"(-0.3557, 7.0366)","(-18.4283, -2.472)","(-6.962, -5.0543)","(9.3799, 9.9535)","(1.6365, 9.2727)","(2.8122, 2.9109)","(-2.8233, 7.8964)","(0.5373, 1.8186)","(-2.252, 3.4808)","(-0.4337, 15.5098)","(5.907, 1.2069)","(8.2915, -4.5028)","(0.9496, 1.7072)","(7.6481, 4.017)","(15.2655, 17.6296)","(6.4533, 5.8287)","(-2.6631, 1.3758)","(0.0637, -6.4566)","(-10.8956, -3.4497)","(-16.5902, 1.3216)"
6.290000000000000568e+01,"(-0.7754, 13.3114)","(-8.8531, 0.6271)","(-13.2993, -9.658)","(13.5177, 14.0554)","(2.9403, 16.6183)","(4.7134, 5.3117)","(-5.4596, 15.3538)","(1.5552, 2.2687)","(-5.1957, 7.8599)","(-0.3046, 21.1703)","(10.1429, 2.0562)","(3.1743, -2.1746)","(1.9346, 2.5099)","(16.2195, 8.4872)","(11.1881, 5.8169)","(4.774, 4.5519)","(-5.2088, 2.7006)","(0.4075, -9.8322)","(-4.1428, 0.7308)","(-9.8248, 1.3)"
6.300000000000000000e+01,"(-0.8756, 20.9092)","(-3.4399, 0.4648)","(-17.9599, -12.6287)","(11.3063, 10.8788)","(4.1406, 20.3168)","(8.9344, 10.2261)","(-6.5787, 21.3071)","(3.0905, 4.3655)","(-10.8757, 16.7907)","(0.4779, 13.9322)","(16.958, 3.3666)","(3.0576, -2.4613)","(3.8797, 5.0372)","(21.4011, 10.7073)","(4.5211, 0.1011)","(5.4806, 5.641)","(-11.034, 5.703)","(0.689, -15.5573)","(-1.2248, 0.1739)","(-5.7919, 0.7375)"
6.310000000000000142e+01,"(0.6097, 16.7588)","(-2.0705, -0.1656)","(-11.0872, -6.9256)","(6.0148, 5.246)","(3.38, 11.8015)","(14.2841, 15.7026)","(-1.884, 13.1775)","(6.5072, 9.3658)","(-10.97, 20.7462)","(0.5126, 5.972)","(19.1347, 3.1701)","(4.9568, -4.0864)","(8.2179, 10.7482)","(10.6826, 4.42)","(1.2428, -0.6256)","(8.0997, 8.5879)","(-19.7034, 10.3507)","(0.3064, -18.5668)","(-0.5907, -0.4838)","(-5.682, 0.4037)"
6.320000000000000284e+01,"(1.2107, 7.4058)","(-3.1772, -0.7292)","(-4.5054, -2.4708)","(3.1837, 2.8769)","(1.7288, 4.908)","(12.217, 11.1201)","(0.1775, 5.1391)","(12.7484, 17.2677)","(-1.6908, 9.9983)","(0.1602, 2.6231)","(11.3906, 0.9892)","(9.141, -7.5237)","(14.7112, 17.8396)","(3.8835, 1.2142)","(0.6428, -1.1013)","(11.5645, 12.1651)","(-16.1729, 9.3331)","(-0.713, -12.9108)","(-0.7826, -1.2523)","(-8.613, 0.36)"
6.330000000000000426e+01,"(0.4967, 2.8738)","(-6.4072, -1.6909)","(-1.5287, -0.8611)","(3.1858, 3.2225)","(0.7118, 2.4814)","(5.9994, 4.0188)","(0.0741, 1.589)","(14.8778, 13.6244)","(0.7898, 3.6059)","(-0.0179, 2.7754)","(5.3393, 0.2636)","(15.0634, -12.5016)","(13.3088, 10.7924)","(2.1237, 0.4176)","(1.0293, -2.1923)","(11.8026, 11.7339)","(-6.1596, 4.3063)","(-0.6915, -6.9919)","(-1.6237, -2.9511)","(-14.3179, 0.5189)"
6.340000000000000568e+01,"(0.0475, 2.1121)","(-13.5945, -3.6534)","(-1.1642, -0.7929)","(5.2264, 5.5266)","(0.6289, 3.1844)","(2.2611, 1.4701)","(-0.1829, 0.8664)","(8.1337, 2.0707)","(1.6407, 2.3806)","(-0.1421, 5.1213)","(3.5725, 0.4442)","(13.9491, -12.1242)","(6.3177, 1.9659)","(3.2073, 0.4905)","(2.3325, -4.8446)","(7.9688, 7.2344)","(-1.839, 1.5075)","(-0.1833, -5.1051)","(-3.8466, -7.2801)","(-19.1825, 0.9763)"
6.350000000000000000e+01,"(-0.1771, 3.6065)","(-22.753, -5.3188)","(-2.1621, -1.5667)","(9.5433, 10.1728)","(1.0556, 6.0751)","(1.3452, 1.2639)","(-0.5286, 1.5309)","(2.6731, -0.5735)","(2.9793, 3.6076)","(-0.3438, 10.6258)","(5.0354, 0.9446)","(6.5878, -6.2753)","(2.0897, -0.118)","(6.1937, 0.9385)","(5.495, -11.2758)","(4.9543, 4.4901)","(-0.8552, 0.8855)","(0.19, -6.6825)","(-9.2426, -16.7952)","(-14.6224, 1.4826)"
6.360000000000000142e+01,"(-0.4841, 7.4779)","(-16.3489, -0.959)","(-4.7552, -3.4887)","(14.3158, 14.934)","(2.1168, 12.5064)","(2.1134, 2.3663)","(-1.2542, 3.3929)","(0.9018, -1.0805)","(5.6975, 6.9367)","(-0.5753, 20.1677)","(9.2576, 1.8972)","(2.6921, -2.6249)","(1.2553, -0.7513)","(12.8635, 1.9619)","(9.6598, -22.0813)","(4.499, 4.4792)","(-1.3328, 1.5029)","(0.5446, -11.1462)","(-16.4958, -19.8406)","(-7.5852, 1.1628)"
6.370000000000000284e+01,"(-1.0271, 15.7512)","(-6.0553, 1.5058)","(-10.8847, -8.0001)","(11.4469, 10.8975)","(3.889, 21.5809)","(4.3509, 5.0563)","(-3.0599, 8.1251)","(0.9653, -2.0265)","(10.9317, 13.1941)","(0.0298, 20.9935)","(16.8748, 3.4381)","(1.8945, -1.6751)","(2.034, -1.5589)","(22.129, 3.2208)","(2.6435, -18.7254)","(6.2534, 6.5909)","(-2.7884, 3.1488)","(0.7752, -17.6612)","(-11.1933, -0.0812)","(-4.5992, 0.5517)"
6.380000000000000426e+01,"(-0.8691, 23.7795)","(-1.6936, 0.9996)","(-19.8527, -14.3236)","(5.536, 4.6473)","(4.2864, 17.6149)","(9.4287, 11.0023)","(-6.8119, 18.4552)","(1.9627, -4.1784)","(14.9726, 16.0447)","(0.7922, 9.3879)","(20.713, 3.5715)","(3.0805, -2.5631)","(4.3258, -3.2885)","(17.6409, 1.8958)","(-3.4798, -6.1705)","(9.7891, 10.4375)","(-6.4006, 7.2025)","(0.0011, -18.3229)","(-1.9054, 4.2658)","(-5.3679, 0.3127)"
6.390000000000000568e+01,"(1.3173, 14.1349)","(-0.8952, 1.1579)","(-14.643, -9.4187)","(2.4067, 2.0704)","(2.6376, 6.9928)","(16.0737, 17.8091)","(-7.038, 24.0244)","(4.4987, -9.3473)","(10.0194, 7.1609)","(0.4868, 3.1049)","(11.9572, 0.9464)","(6.1803, -5.0699)","(9.7995, -7.3778)","(7.1283, 0.2389)","(-3.0508, -1.0666)","(12.7527, 13.2127)","(-13.5432, 15.3359)","(-0.9533, -10.6227)","(1.893, 4.1408)","(-9.0037, 0.3226)"
6.400000000000000000e+01,"(1.4389, 4.9949)","(-1.4194, 2.1849)","(-5.7911, -2.8664)","(2.0828, 2.084)","(1.0045, 2.1147)","(12.1406, 10.2762)","(0.0429, 10.6982)","(8.7455, -19.2528)","(4.275, 1.9509)","(0.2253, 0.9019)","(4.8747, 0.0339)","(12.482, -10.2363)","(18.1739, -14.508)","(2.1967, -0.049)","(-3.9968, 0.2867)","(10.3922, 9.8479)","(-14.9214, 17.87)","(-0.5993, -5.3506)","(3.8548, 5.9559)","(-15.6684, 0.5294)"
6.410000000000000853e+01,"(0.7921, 1.5118)","(-3.0493, 4.6534)","(-2.7446, -0.9556)","(3.5411, 3.7558)","(0.3118, 0.5161)","(5.2747, 2.665)","(1.5935, 4.039)","(5.4664, -21.3671)","(1.3501, 0.6717)","(0.3214, 0.8925)","(2.1623, 0.1515)","(17.6234, -14.7989)","(12.5603, -14.5376)","(0.7876, -0.0904)","(-6.9097, 0.7618)","(6.0898, 5.329)","(-5.523, 8.1059)","(-0.086, -4.3204)","(6.6819, 10.409)","(-20.164, 1.0948)"
6.420000000000000284e+01,"(1.0676, 1.291)","(-6.9329, 10.5036)","(-3.5485, -0.9617)","(7.0975, 7.6263)","(0.313, 0.3676)","(2.0709, 0.4413)","(2.5609, 3.2777)","(-2.6666, -8.7056)","(0.8093, 0.7836)","(0.6664, 1.7784)","(2.5668, 0.4568)","(10.0127, -9.2525)","(1.9502, -7.093)","(1.1111, -0.1951)","(-13.0857, 1.3735)","(4.0152, 3.7438)","(-1.6917, 3.2373)","(0.2524, -6.4343)","(11.096, 15.561)","(-13.3461, 1.5928)"
6.429999999999999716e+01,"(2.0627, 2.3483)","(-12.4974, 19.9813)","(-6.3107, -1.6687)","(13.354, 14.2426)","(0.6564, 0.7283)","(2.2631, -0.0286)","(4.313, 4.9878)","(-2.5897, -1.9934)","(1.3854, 1.6635)","(1.5306, 4.1091)","(4.9318, 1.0213)","(3.5245, -3.6733)","(-0.6222, -2.7492)","(2.3426, -0.4205)","(-20.6458, 3.0667)","(4.5547, 4.6894)","(-1.1388, 2.9156)","(0.6284, -11.542)","(13.0895, 11.4303)","(-6.1693, 1.0848)"
6.440000000000000568e+01,"(4.4513, 5.1077)","(-7.3538, 17.2343)","(-12.2805, -3.2624)","(14.8359, 14.8641)","(1.5554, 1.7325)","(4.1334, -0.1689)","(7.714, 8.9563)","(-2.6801, -0.0737)","(3.0294, 3.7931)","(3.7251, 10.0365)","(10.5046, 2.2419)","(0.9473, -1.0696)","(-1.7196, -2.4392)","(5.5418, -0.9843)","(-15.9738, 5.8668)","(7.1631, 7.6548)","(-1.7575, 4.8019)","(0.8764, -18.928)","(8.5723, 2.8765)","(-3.474, 0.4373)"
6.450000000000000000e+01,"(9.8912, 11.3519)","(-0.3051, 7.1013)","(-20.3879, -5.2678)","(7.5783, 6.377)","(3.9653, 4.4391)","(8.6745, -0.3153)","(12.6962, 14.3356)","(-4.434, 0.4509)","(7.1153, 8.9967)","(8.0938, 21.4722)","(20.2958, 4.1884)","(0.2813, -0.3719)","(-3.2198, -4.0942)","(13.4486, -2.3856)","(-5.883, 4.8735)","(11.3949, 12.1555)","(-3.3617, 9.1564)","(-0.1448, -18.5581)","(4.1595, 1.3862)","(-4.318, 0.2326)"
6.460000000000000853e+01,"(16.6786, 18.1967)","(0.9773, 2.6221)","(-17.3656, -3.8326)","(2.7678, 2.0232)","(10.1229, 11.3153)","(17.8302, -0.7129)","(13.1057, 12.7225)","(-8.7053, 0.8308)","(14.7821, 17.9704)","(8.6239, 20.3379)","(20.8409, 3.1955)","(0.3712, -0.5521)","(-6.3474, -8.1829)","(25.3047, -4.7054)","(-2.1894, 1.964)","(13.0523, 13.2213)","(-6.1783, 16.9404)","(-1.1312, -9.5613)","(2.8087, 2.6401)","(-7.7901, 0.2483)"
6.470000000000000284e+01,"(11.6808, 9.79)","(1.8878, 2.4619)","(-7.7354, -1.175)","(0.7207, 0.5043)","(18.8171, 20.2499)","(23.28, -2.0151)","(7.5916, 5.4694)","(-17.0081, 1.7337)","(15.2276, 13.963)","(4.2648, 7.2751)","(9.0846, 0.077)","(0.8104, -1.2151)","(-12.0284, -15.0808)","(16.8277, -4.0823)","(-1.9254, 0.6698)","(8.7458, 7.8699)","(-6.851, 20.0473)","(-0.6128, -4.2062)","(3.5307, 5.1224)","(-14.8111, 0.4291)"
6.479999999999999716e+01,"(4.9574, 2.5363)","(3.4695, 4.1996)","(-2.7336, -0.3535)","(0.1721, 0.1423)","(11.7262, 9.8318)","(11.4827, -3.0809)","(3.4357, 2.3334)","(-21.9786, 4.4231)","(7.389, 2.6993)","(2.5349, 3.1784)","(2.9795, -0.3872)","(1.9913, -2.9758)","(-14.7379, -14.9236)","(6.0684, -2.2536)","(-3.4183, 0.4576)","(4.6669, 3.9984)","(-2.9866, 10.8353)","(-0.0873, -3.0824)","(6.1557, 9.9461)","(-21.5873, 0.994)"
6.490000000000000568e+01,"(2.4063, 0.5267)","(6.8432, 8.3727)","(-1.3069, -0.2606)","(0.2223, 0.2335)","(5.5895, 2.8082)","(3.7265, -1.8887)","(2.281, 2.1416)","(-10.6538, 6.4595)","(3.4834, -0.3034)","(3.3434, 3.584)","(1.3164, -0.445)","(5.1384, -7.6649)","(-8.8598, -4.8127)","(3.5525, -1.8111)","(-7.1298, 0.6394)","(3.3841, 3.2509)","(-0.9456, 4.1822)","(0.2052, -4.8106)","(11.0112, 16.3636)","(-14.8413, 1.7214)"
6.500000000000000000e+01,"(3.2124, 0.2306)","(12.701, 15.1348)","(-2.0137, -0.5164)","(0.5142, 0.5577)","(5.1296, 1.5319)","(1.1336, -1.0054)","(3.2962, 3.7057)","(-2.8413, 3.6583)","(3.8728, -1.4259)","(5.541, 5.8437)","(1.9341, -0.8518)","(12.0311, -18.0518)","(-3.4213, -0.9607)","(4.8291, -2.7181)","(-15.1616, 1.3124)","(4.54, 4.7727)","(-0.4004, 1.5381)","(0.5575, -9.3037)","(13.9135, 12.6305)","(-6.1597, 1.2778)"
6.510000000000000853e+01,"(5.9008, 0.3575)","(14.4941, 14.3546)","(-4.2358, -1.1347)","(1.2988, 1.4183)","(7.4219, 1.8967)","(1.1324, -1.4803)","(6.2358, 7.3228)","(-0.6868, 1.1066)","(6.4922, -2.6063)","(9.7449, 10.2819)","(3.9264, -1.7455)","(13.3125, -21.1075)","(-0.9376, -0.2831)","(8.2224, -4.6502)","(-23.5517, 3.6818)","(7.7684, 8.3768)","(-0.5582, 1.6206)","(1.015, -17.6168)","(8.8487, 2.0908)","(-2.3229, 0.4563)"
6.520000000000000284e+01,"(11.9387, 0.7595)","(8.1852, 4.9432)","(-9.6558, -2.6129)","(3.4742, 3.8065)","(11.9118, 3.0286)","(2.1461, -2.9116)","(11.7548, 13.6847)","(-0.3362, 0.2305)","(12.0857, -4.8094)","(13.9769, 14.4508)","(8.8189, -3.8877)","(4.3014, -8.6873)","(-0.4233, -0.3798)","(14.1478, -8.0214)","(-13.1973, 6.9375)","(12.562, 13.4105)","(-1.169, 3.1863)","(0.3759, -21.7056)","(3.5802, 0.2273)","(-1.9193, 0.1489)"
6.529999999999999716e+01,"(21.102, 1.0864)","(3.1035, 1.2422)","(-20.1701, -5.3831)","(9.3245, 10.2091)","(17.3319, 4.2572)","(4.7565, -6.387)","(14.8914, 15.444)","(-0.6244, 0.0901)","(18.8522, -8.0428)","(11.0414, 10.5782)","(18.3914, -8.2197)","(1.7061, -4.7588)","(-0.6999, -0.885)","(17.3025, -10.1226)","(-2.9906, 4.6263)","(13.0538, 12.9674)","(-2.6365, 7.0893)","(-1.3082, -11.6662)","(1.7782, 1.1807)","(-3.4851, 0.1137)"
6.540000000000000568e+01,"(19.0331, -0.4004)","(0.8718, 0.4153)","(-22.0979, -5.2035)","(19.1127, 20.4322)","(16.3603, 3.4126)","(10.3108, -13.922)","(9.1424, 6.6372)","(-1.4335, 0.1097)","(14.8359, -8.4835)","(5.5408, 4.8401)","(20.6155, -10.3599)","(1.6995, -5.7619)","(-1.5687, -2.0975)","(10.7264, -6.8516)","(-0.048, 1.8307)","(7.6318, 6.5559)","(-5.8275, 15.6995)","(-0.9924, -4.3147)","(1.9181, 2.7029)","(-7.4296, 0.1714)"
6.550000000000000000e+01,"(8.0868, -1.478)","(0.5435, 0.5441)","(-9.3401, -1.2499)","(12.7834, 11.4097)","(9.7022, 1.4847)","(13.7927, -20.366)","(3.7456, 1.965)","(-3.5553, 0.2132)","(5.9898, -5.1671)","(2.7662, 2.5082)","(8.0885, -5.8081)","(2.5661, -8.9174)","(-3.8674, -5.2675)","(4.8752, -3.3132)","(0.9063, 1.5366)","(3.6675, 3.0507)","(-8.3124, 23.5259)","(-0.2746, -1.4067)","(3.4143, 5.7676)","(-15.978, 0.3693)"
6.560000000000000853e+01,"(2.585, -0.7498)","(0.9985, 1.2148)","(-3.4769, -0.0649)","(6.1453, 3.6282)","(5.6184, 0.888)","(5.0252, -11.5573)","(1.1964, 0.7244)","(-9.2228, 0.4987)","(2.425, -2.1411)","(2.7889, 2.8206)","(2.4601, -2.5664)","(4.1145, -14.3338)","(-9.5975, -12.9902)","(2.93, -1.8543)","(1.8997, 2.6931)","(2.6721, 2.5893)","(-3.4783, 12.791)","(-0.002, -1.1761)","(7.0754, 12.2668)","(-24.2278, 1.082)"
6.570000000000000284e+01,"(0.6288, -0.1927)","(2.2713, 2.8648)","(-2.9843, 0.269)","(5.7125, 2.3838)","(5.3988, 1.1759)","(0.6948, -4.4527)","(0.8855, 0.8996)","(-21.7485, 1.5922)","(2.1699, -1.1873)","(4.7366, 4.9854)","(1.4148, -2.2215)","(5.0149, -18.0984)","(-17.4947, -20.899)","(3.9043, -2.2636)","(4.0204, 5.8258)","(3.9195, 4.1639)","(-0.7445, 4.7266)","(0.1337, -2.2939)","(13.2888, 19.1452)","(-13.882, 2.0219)"
6.579999999999999716e+01,"(0.2196, -0.0199)","(5.5722, 7.1086)","(-4.9138, 0.5472)","(7.9268, 3.0095)","(8.1784, 2.0385)","(-0.3469, -2.3895)","(1.6199, 1.8985)","(-24.2031, 6.2206)","(3.857, -1.6028)","(9.0215, 9.5696)","(2.1208, -3.706)","(3.3308, -13.378)","(-12.3164, -6.9416)","(7.1653, -4.0465)","(8.8176, 12.7558)","(7.2304, 7.8597)","(-0.0841, 2.6232)","(0.362, -5.1633)","(13.9666, 8.2956)","(-4.8602, 1.4669)"
6.590000000000000568e+01,"(0.4142, 0.0228)","(12.9226, 16.1582)","(-9.4774, 1.0447)","(11.9206, 4.499)","(13.7445, 3.511)","(-0.9203, -3.4307)","(3.5944, 4.3389)","(-5.3656, 8.0473)","(7.9278, -3.0734)","(14.5247, 15.1674)","(4.1277, -7.1942)","(1.647, -7.2574)","(-5.6863, 0.5551)","(13.5352, -7.6255)","(15.3797, 19.1162)","(12.7265, 13.7191)","(0.0612, 3.8331)","(0.8829, -12.1679)","(6.0701, -1.2703)","(-1.7711, 0.8937)"
6.600000000000000000e+01,"(0.9882, 0.072)","(17.2891, 17.8806)","(-17.7994, 1.997)","(16.0753, 5.9351)","(18.8337, 4.5288)","(-1.7703, -6.486)","(8.3878, 10.1725)","(1.1345, 5.0205)","(15.9731, -6.2328)","(12.2758, 11.8599)","(8.1158, -14.179)","(1.2123, -4.875)","(-4.0938, 2.6607)","(18.7339, -10.8394)","(12.6114, 7.4485)","(14.0765, 14.1127)","(0.1271, 7.1549)","(1.3927, -23.9303)","(1.2051, -1.4969)","(-2.0472, 1.3592)"
6.610000000000000853e+01,"(2.5357, 0.1973)","(9.2055, 4.0874)","(-21.3408, 2.8251)","(14.7659, 5.0296)","(14.6953, 2.7555)","(-3.5571, -13.1407)","(16.1379, 18.6579)","(3.5476, 5.036)","(20.9224, -9.601)","(5.7859, 4.9001)","(10.7072, -19.8622)","(1.6673, -6.004)","(-5.5678, 4.5262)","(11.844, -7.5532)","(5.321, -0.2303)","(7.8789, 6.5975)","(0.2434, 14.1791)","(-0.7849, -19.465)","(-0.3727, -1.2627)","(-3.816, 2.5939)"
6.620000000000000284e+01,"(6.8252, 0.547)","(4.5103, -0.2276)","(-11.2261, 2.1953)","(9.4403, 2.8884)","(7.6293, 1.0012)","(-6.2727, -21.3758)","(13.6367, 11.6607)","(5.7923, 7.4926)","(9.9613, -7.5934)","(2.1864, 1.8134)","(5.1513, -12.2842)","(2.8604, -9.9394)","(-9.2604, 7.5504)","(4.7444, -3.3624)","(1.705, -1.4762)","(3.2612, 2.4822)","(0.5974, 22.1572)","(-2.0885, -7.0119)","(-1.1549, -2.0199)","(-8.0864, 5.4629)"
6.629999999999999716e+01,"(17.7318, 1.3671)","(4.6129, -1.6673)","(-4.1689, 1.0418)","(6.2878, 1.9863)","(4.4071, 0.7163)","(-6.4035, -15.5316)","(6.2053, 2.4275)","(9.2742, 11.8574)","(2.7888, -3.5666)","(1.3246, 1.28)","(1.417, -4.8559)","(4.6722, -16.2725)","(-13.8466, 11.7646)","(1.8352, -1.2646)","(1.288, -2.6125)","(1.5837, 1.423)","(1.1476, 15.9125)","(-1.8155, -2.8746)","(-2.4427, -4.3475)","(-16.0704, 10.9574)"
6.640000000000000568e+01,"(28.5291, 1.0984)","(7.1824, -2.937)","(-1.3831, 0.3159)","(6.5222, 2.3135)","(4.9352, 1.1348)","(-3.6957, -5.7099)","(3.2631, 0.0291)","(12.4236, 13.8641)","(0.5413, -1.1582)","(2.1373, 2.2418)","(0.363, -1.4188)","(5.0016, -18.3973)","(-12.1039, 12.5562)","(1.733, -1.031)","(2.2322, -4.9239)","(2.0787, 2.1891)","(0.9161, 6.4301)","(-2.762, -3.1817)","(-5.4965, -10.0358)","(-17.949, 13.2686)"
6.650000000000000000e+01,"(12.4582, -2.4413)","(12.4051, -5.0577)","(-1.2462, 0.1712)","(9.5096, 3.563)","(8.2626, 2.11)","(-1.3093, -1.6375)","(4.1898, -0.7275)","(10.7203, 8.2792)","(0.0432, -0.7909)","(4.4266, 4.7243)","(0.1744, -0.4453)","(2.6788, -11.3659)","(-5.5286, 8.1625)","(3.2576, -1.8398)","(4.6991, -10.1165)","(4.047, 4.4248)","(0.3383, 2.0418)","(-4.8204, -5.3953)","(-11.8393, -19.4091)","(-7.4556, 7.0821)"
6.660000000000000853e+01,"(5.356, -3.0968)","(17.8616, -7.8388)","(-2.4634, 0.2741)","(14.4597, 5.4433)","(14.6773, 3.7955)","(-0.3063, -0.3751)","(7.3025, -1.3741)","(6.4136, 3.7072)","(-0.0659, -1.4472)","(9.6095, 10.2796)","(0.3567, -0.6434)","(1.2309, -5.6155)","(-2.8934, 4.334)","(7.0006, -3.9088)","(8.2322, -18.9827)","(8.5633, 9.4283)","(0.075, 0.7944)","(-8.9671, -10.0692)","(-15.8465, -13.1051)","(-2.2094, 2.7088)"
6.670000000000000284e+01,"(4.9611, -4.2706)","(13.9565, -7.986)","(-5.5571, 0.5891)","(16.8706, 6.0542)","(19.9404, 4.7702)","(-0.0677, -0.1468)","(13.7045, -2.5543)","(4.0438, 3.2168)","(-0.1411, -3.2356)","(16.4324, 17.2179)","(0.834, -1.4351)","(1.0091, -3.9789)","(-3.2649, 3.3584)","(14.8638, -8.311)","(4.711, -19.7261)","(15.3288, 16.5079)","(0.0322, 1.2221)","(-14.0915, -15.2805)","(-7.7896, 1.71)","(-0.6904, 1.2289)"
6.679999999999999716e+01,"(6.9151, -6.3293)","(6.4323, -5.0304)","(-13.0045, 1.3674)","(12.1709, 3.8675)","(13.9566, 2.4141)","(-0.0855, -0.3082)","(20.6413, -4.4043)","(4.2818, 4.8959)","(-0.2965, -7.8607)","(12.013, 11.2598)","(2.0676, -3.5171)","(1.5738, -5.5767)","(-5.5264, 4.6648)","(20.8479, -12.0675)","(-1.8571, -8.6814)","(13.2384, 12.5298)","(0.039, 2.6677)","(-12.099, -11.2251)","(-1.0387, 2.9665)","(-0.7831, 1.7959)"
6.690000000000000568e+01,"(10.3928, -9.5595)","(3.4415, -2.4844)","(-24.429, 2.7696)","(7.0872, 2.1027)","(6.4637, 0.6923)","(-0.1941, -0.7531)","(15.1487, -5.0533)","(6.5632, 8.499)","(-0.7977, -18.4148)","(4.9121, 3.7412)","(5.3066, -8.9959)","(2.8962, -9.9786)","(-9.996, 8.0558)","(10.6759, -7.1174)","(-1.5699, -2.4583)","(5.8841, 4.2244)","(0.0738, 6.3649)","(-6.0497, -4.3973)","(1.4325, 2.9965)","(-1.5374, 3.5891)"
6.700000000000000000e+01,"(12.7283, -12.1776)","(3.8528, -1.9143)","(-17.8586, 2.9754)","(5.4723, 1.8201)","(3.2675, 0.4822)","(-0.4948, -1.9619)","(6.2447, -3.2726)","(10.6261, 13.5355)","(-2.9157, -25.9473)","(1.8504, 1.1118)","(11.7442, -20.2758)","(4.9642, -17.1963)","(-14.9594, 12.7272)","(3.5736, -2.8465)","(-0.6983, -0.4385)","(2.0018, 1.0984)","(0.1807, 15.2739)","(-2.4625, -1.7976)","(2.9836, 4.8358)","(-3.4509, 7.9886)"
6.710000000000000853e+01,"(9.6786, -10.3155)","(6.6374, -2.758)","(-6.4634, 1.8785)","(7.072, 2.6035)","(3.6764, 0.8504)","(-1.3365, -5.361)","(2.5001, -1.2787)","(12.992, 13.3628)","(-5.0439, -10.6772)","(1.967, 0.9223)","(10.0716, -20.4374)","(5.1817, -19.1385)","(-11.3827, 12.55)","(1.3558, -1.3305)","(-0.7844, -0.0011)","(1.2164, 0.4057)","(0.6374, 26.3424)","(-1.7535, -1.7099)","(5.6736, 9.4441)","(-7.3551, 17.1655)"
6.720000000000000284e+01,"(5.5886, -6.5134)","(12.3796, -4.9509)","(-2.9893, 1.3035)","(11.3119, 4.2932)","(6.5665, 1.7007)","(-3.6331, -14.4796)","(2.2, -0.6219)","(9.4866, 6.0254)","(-3.7597, -2.9748)","(3.5873, 1.6191)","(1.9586, -8.3833)","(2.425, -10.7119)","(-4.291, 7.2829)","(1.6918, -1.8761)","(-1.5726, 0.1215)","(2.0691, 0.5584)","(1.4645, 15.0463)","(-2.8342, -3.1327)","(10.6653, 16.463)","(-8.7631, 22.4768)"
6.729999999999999716e+01,"(4.2464, -4.5855)","(18.9211, -8.1387)","(-3.7505, 1.9346)","(16.6748, 6.2392)","(12.8398, 3.3917)","(-7.8122, -27.7407)","(3.9415, -0.7721)","(5.0225, 2.6394)","(-4.1913, -1.3445)","(7.5091, 3.4066)","(-0.0294, -4.8505)","(0.9458, -4.6386)","(-2.0758, 3.4145)","(3.2149, -3.5974)","(-3.6644, 0.2482)","(4.3513, 1.1732)","(1.3023, 5.5757)","(-5.7246, -6.5075)","(14.3488, 13.8365)","(-2.6885, 10.9504)"
6.740000000000000568e+01,"(5.335, -5.1328)","(14.387, -8.3663)","(-6.5273, 3.4101)","(16.0379, 5.512)","(20.8206, 5.2339)","(-7.2925, -13.8485)","(8.2197, -1.4567)","(3.2785, 2.8497)","(-6.5971, -1.6303)","(15.6402, 7.0746)","(-0.6614, -6.0789)","(0.673, -2.7447)","(-2.5206, 2.5662)","(6.8595, -7.6508)","(-9.1019, 0.547)","(9.9382, 2.706)","(1.3873, 3.761)","(-11.5736, -13.1046)","(9.3257, 1.9927)","(-0.3025, 4.0086)"
6.750000000000000000e+01,"(8.3459, -7.6743)","(5.7889, -5.0145)","(-12.2628, 6.3964)","(9.5616, 2.8283)","(16.75, 3.1544)","(-5.3845, -4.4385)","(16.8996, -3.0297)","(3.9862, 4.8568)","(-11.5275, -2.8648)","(21.7527, 9.3678)","(-1.1352, -9.5893)","(1.0953, -3.8763)","(-4.6014, 3.7999)","(13.4379, -15.0824)","(-20.8528, 1.6099)","(20.6065, 5.4772)","(2.2132, 5.3948)","(-15.8804, -16.6449)","(3.458, -0.3703)","(0.2849, 2.5322)"
6.760000000000000853e+01,"(12.2916, -11.3862)","(2.4252, -2.083)","(-18.5998, 9.914)","(5.4352, 1.6168)","(7.2763, 0.6052)","(-5.9841, -2.8042)","(22.8267, -5.2454)","(6.6979, 8.9579)","(-18.3384, -4.2372)","(11.9296, 4.1276)","(-1.8612, -15.4498)","(2.1681, -7.4195)","(-9.0092, 7.0894)","(14.0497, -16.5795)","(-24.0967, 5.853)","(21.8031, 4.6716)","(3.8423, 9.3421)","(-9.5757, -7.5209)","(1.3003, 0.4051)","(0.6661, 3.9038)"
6.770000000000000284e+01,"(12.2445, -12.2294)","(2.3125, -1.2312)","(-13.9136, 8.1274)","(5.0734, 1.7681)","(2.5125, 0.1353)","(-8.4124, -3.4224)","(11.4946, -5.0984)","(11.3521, 14.6456)","(-17.7957, -2.5107)","(4.3637, 1.0681)","(-2.6806, -18.6908)","(4.3108, -14.7079)","(-15.3715, 12.5531)","(5.6419, -7.763)","(-6.2457, 7.7399)","(9.0668, 0.5029)","(6.5608, 15.858)","(-3.8116, -2.1006)","(1.0752, 1.3673)","(1.2789, 7.4765)"
6.779999999999999716e+01,"(7.3059, -8.3788)","(4.1502, -1.7151)","(-5.9424, 3.9432)","(7.64, 2.876)","(1.2264, 0.2051)","(-12.3975, -4.9901)","(3.5718, -2.7255)","(13.464, 13.2753)","(-9.5135, 0.2044)","(1.5984, 0.2065)","(-2.6266, -12.8103)","(6.1178, -21.6714)","(-13.3412, 13.8911)","(1.6921, -2.7351)","(0.4846, 4.5342)","(3.3742, -0.4205)","(7.871, 18.0894)","(-1.1892, -0.4249)","(1.8148, 3.0668)","(2.5459, 14.9012)"
6.790000000000000568e+01,"(4.2251, -4.9553)","(8.5088, -3.3001)","(-2.36, 1.5587)","(12.9434, 4.949)","(1.9427, 0.4893)","(-15.9431, -6.0919)","(0.8813, -1.1467)","(8.9127, 4.7657)","(-4.4975, 0.1882)","(1.9155, 0.0786)","(-1.652, -6.7)","(3.3568, -14.1255)","(-4.3553, 8.0521)","(0.6382, -1.32)","(2.7866, 4.2152)","(2.9757, -0.8745)","(5.1515, 10.4747)","(-0.9684, -0.1098)","(3.8987, 7.0752)","(4.2131, 22.194)"
6.800000000000000000e+01,"(4.0585, -4.1401)","(16.7613, -6.5913)","(-1.9662, 1.1101)","(18.1936, 6.746)","(4.1259, 1.1075)","(-14.032, -4.5313)","(0.5539, -1.3664)","(4.1449, 1.7551)","(-3.6456, -0.4836)","(3.6755, 0.1185)","(-0.9091, -4.7159)","(1.0063, -5.5952)","(-1.2535, 3.1837)","(0.8571, -2.017)","(4.8209, 6.3666)","(4.9097, -1.5969)","(2.4757, 4.7216)","(-1.8336, -0.1249)","(8.7852, 15.5424)","(3.8982, 14.2808)"
6.810000000000000853e+01,"(6.0527, -5.6343)","(20.3246, -9.6212)","(-3.4949, 1.8384)","(14.6341, 4.7887)","(9.4883, 2.5855)","(-9.1096, -2.4269)","(0.9645, -2.6472)","(2.4223, 2.0262)","(-5.657, -1.3064)","(8.0235, 0.2759)","(-0.8387, -6.1859)","(0.2764, -1.6981)","(-0.9645, 1.3363)","(1.7178, -4.0666)","(8.2441, 10.9101)","(9.475, -3.062)","(1.4321, 3.0446)","(-4.1069, -0.2913)","(15.5379, 19.4484)","(2.1244, 5.3919)"
6.820000000000000284e+01,"(9.971, -9.0765)","(9.0329, -7.2109)","(-7.286, 3.7721)","(7.6193, 2.1096)","(20.0864, 5.3627)","(-6.4961, -1.9333)","(2.1643, -5.8423)","(3.0123, 3.7497)","(-10.6063, -2.7069)","(17.3166, 0.5753)","(-1.2365, -10.5154)","(0.135, -0.6026)","(-1.823, 1.5658)","(3.8356, -9.0392)","(12.4734, 14.9762)","(17.5017, -5.7299)","(1.8254, 4.3191)","(-9.8609, -0.7291)","(11.9024, 2.3433)","(0.7021, 1.5867)"
6.829999999999999716e+01,"(13.6043, -12.771)","(2.5242, -3.2483)","(-15.0429, 7.7982)","(4.2262, 1.2626)","(22.4921, 4.9366)","(-7.0958, -2.6056)","(4.9546, -13.338)","(5.4139, 7.4605)","(-18.559, -4.5205)","(24.4257, 0.3596)","(-2.0751, -17.2772)","(0.2641, -0.9238)","(-3.8927, 3.0138)","(7.8645, -18.6804)","(12.0427, 10.0547)","(19.8233, -7.2362)","(3.3056, 8.0631)","(-21.5123, -1.4214)","(3.1625, -3.0692)","(0.1638, 0.4762)"
6.840000000000000568e+01,"(10.6703, -11.2844)","(0.5055, -0.9895)","(-20.6906, 11.1622)","(4.5259, 1.6207)","(9.5363, 0.5923)","(-10.297, -4.1171)","(7.9821, -23.548)","(10.2811, 14.0292)","(-19.4868, -3.019)","(12.5493, -0.8184)","(-2.8874, -18.8377)","(0.6061, -2.0477)","(-8.7021, 6.5824)","(8.3115, -21.1746)","(7.129, 3.6032)","(9.7965, -4.6951)","(6.2123, 15.1639)","(-23.3182, 0.0301)","(-0.6724, -2.8064)","(0.1222, 0.6389)"
6.850000000000000000e+01,"(5.4148, -6.6107)","(0.0515, -0.5353)","(-10.8591, 6.8279)","(7.5318, 2.8738)","(3.572, -0.4311)","(-14.96, -5.9528)","(2.6265, -16.1826)","(14.5391, 16.0753)","(-9.8709, 0.4885)","(4.4128, -0.7738)","(-2.5288, -10.9153)","(1.4826, -4.9647)","(-16.9265, 13.3182)","(2.8238, -9.3849)","(3.6668, 2.2485)","(3.5214, -2.0154)","(8.5106, 19.9087)","(-8.9947, 2.1915)","(-2.2842, -3.7878)","(0.2378, 1.4275)"
6.860000000000000853e+01,"(3.3662, -3.869)","(-0.0382, -0.949)","(-3.6782, 2.7668)","(13.5678, 5.2279)","(3.0872, -0.9028)","(-16.1275, -5.7331)","(-0.9576, -5.9604)","(10.5036, 5.7711)","(-3.8222, 0.5715)","(2.1552, -0.6746)","(-1.3731, -5.1934)","(3.6955, -12.3602)","(-14.6003, 15.2934)","(0.6813, -3.3812)","(3.1265, 3.2989)","(1.2624, -0.6459)","(5.755, 11.717)","(-3.4612, 1.9745)","(-4.2976, -7.083)","(0.5612, 3.4812)"
6.870000000000000284e+01,"(3.9927, -3.8984)","(-0.0904, -2.143)","(-1.0984, 0.9994)","(19.3222, 7.1707)","(5.0274, -1.6372)","(-11.253, -3.1303)","(-1.4207, -2.5096)","(4.4984, 0.9321)","(-1.9793, -0.0772)","(3.0628, -1.1502)","(-0.7039, -3.7796)","(7.1927, -24.6413)","(-3.0405, 8.0929)","(0.2287, -2.4274)","(4.6468, 6.0464)","(1.3754, -0.4956)","(2.5594, 4.5887)","(-3.2927, 2.8057)","(-8.2964, -13.571)","(1.4214, 8.9227)"
6.879999999999999716e+01,"(6.6368, -6.0554)","(-0.1899, -5.3089)","(-1.0095, 1.1129)","(14.2808, 4.5376)","(9.5901, -3.1049)","(-6.9177, -1.801)","(-2.4456, -2.9378)","(1.4935, 0.4901)","(-2.7834, -0.6101)","(5.8189, -2.2019)","(-0.7082, -5.5183)","(4.3623, -17.9835)","(0.2217, 2.9926)","(0.2659, -3.9458)","(8.3054, 11.2339)","(2.7785, -0.8994)","(0.9336, 1.7597)","(-5.2553, 4.7133)","(-13.6255, -17.3191)","(3.4471, 20.9938)"
6.890000000000000568e+01,"(11.3207, -10.2422)","(-0.4738, -13.4026)","(-1.8941, 2.1429)","(6.66, 1.7084)","(17.4821, -5.7367)","(-5.9701, -1.9981)","(-4.4548, -5.2121)","(0.9882, 1.0128)","(-5.5326, -1.4496)","(11.9797, -4.5161)","(-1.142, -10.1075)","(0.8812, -6.9016)","(1.215, 1.9584)","(0.525, -7.7344)","(13.12, 15.986)","(6.2799, -1.9839)","(0.77, 1.7616)","(-9.5019, 8.4944)","(-12.2693, -6.1038)","(5.2156, 24.673)"
6.900000000000000000e+01,"(14.2954, -13.6166)","(-1.7321, -26.3125)","(-4.1846, 4.7163)","(3.1331, 0.8789)","(19.5762, -7.1637)","(-8.0236, -3.1444)","(-8.6291, -10.1508)","(1.6234, 2.2274)","(-11.8804, -3.2136)","(20.5779, -7.9379)","(-2.0618, -17.8004)","(0.0936, -4.4203)","(2.3747, 3.0488)","(1.0562, -15.5911)","(12.3623, 9.7936)","(14.3803, -4.5403)","(1.3859, 3.3817)","(-14.6311, 13.4532)","(-5.4511, 0.2196)","(3.8546, 9.1332)"
6.910000000000000853e+01,"(9.1678, -10.2652)","(-4.8854, -17.0458)","(-9.5223, 10.7262)","(3.197, 1.1403)","(9.7581, -4.6551)","(-12.5104, -5.0926)","(-14.2283, -15.9902)","(3.475, 5.078)","(-21.7617, -5.3763)","(16.4889, -7.1786)","(-3.0265, -20.0246)","(-0.0949, -6.0496)","(4.729, 6.1252)","(1.2808, -22.8866)","(6.7024, 2.676)","(23.9738, -8.0572)","(2.9734, 7.3606)","(-11.868, 12.4571)","(-1.8544, -0.0204)","(2.9022, 4.065)"
6.920000000000000284e+01,"(4.1341, -5.3376)","(-4.6972, -4.8881)","(-16.3006, 18.7506)","(5.628, 2.1621)","(3.5904, -2.0141)","(-16.8671, -6.5306)","(-12.5981, -11.3604)","(7.9404, 11.6819)","(-18.8038, -2.0023)","(6.4754, -3.4977)","(-2.6583, -10.7678)","(-0.1777, -10.0151)","(9.6946, 12.5284)","(0.0917, -14.2331)","(2.8811, 1.3509)","(13.9175, -6.303)","(6.4043, 15.8199)","(-5.088, 6.6692)","(-1.0227, -0.9166)","(3.9045, 4.3122)"
6.929999999999999716e+01,"(2.6531, -3.0234)","(-4.4453, -1.7433)","(-9.907, 12.855)","(11.1582, 4.3515)","(1.4548, -0.7041)","(-14.4772, -4.5854)","(-6.2346, -3.8059)","(15.1396, 19.7696)","(-7.3789, 1.5076)","(1.9482, -1.2051)","(-1.344, -4.395)","(-0.3164, -16.4987)","(15.2757, 17.5401)","(-0.3222, -5.4014)","(2.0952, 2.1069)","(4.6088, -3.1838)","(9.5099, 22.4085)","(-2.2686, 2.9787)","(-1.3713, -2.1576)","(6.133, 6.5845)"
6.940000000000000568e+01,"(3.5831, -3.418)","(-6.4456, -1.5996)","(-3.093, 5.1064)","(19.4273, 7.4299)","(1.7945, -0.6344)","(-8.5747, -2.0787)","(-2.2424, -1.2328)","(13.7756, 9.1659)","(-2.1474, 1.1628)","(0.5056, -0.3723)","(-0.5221, -2.3778)","(-0.6202, -19.2343)","(11.5324, 8.0029)","(-0.1503, -1.5367)","(3.1434, 4.1527)","(2.0908, -2.1538)","(5.8559, 11.4155)","(-2.2003, 2.2477)","(-2.7512, -4.8974)","(9.9805, 10.6962)"
6.950000000000000000e+01,"(6.4456, -5.8041)","(-10.5437, -2.5491)","(-1.1496, 2.577)","(17.8726, 6.0291)","(3.6129, -1.1683)","(-5.5183, -1.5395)","(-1.0382, -0.8942)","(6.087, -0.3694)","(-1.0071, 1.2446)","(0.4608, -0.4182)","(-0.4351, -3.3104)","(-0.7951, -12.1624)","(5.0356, 1.4009)","(-0.0554, -0.3665)","(6.0853, 8.559)","(2.6755, -3.2465)","(2.4806, 3.8416)","(-3.8705, 3.5189)","(-6.2056, -11.3007)","(13.1361, 13.6228)"
6.960000000000000853e+01,"(11.7056, -10.489)","(-16.644, -3.8525)","(-1.301, 3.5011)","(8.1257, 1.9876)","(8.0491, -2.5486)","(-5.9812, -2.198)","(-1.4922, -1.6876)","(2.1121, -2.0736)","(-1.4815, 2.2815)","(0.9411, -0.877)","(-0.7076, -6.4494)","(-0.5024, -5.9997)","(1.5059, -0.0055)","(-0.071, -0.2868)","(11.6443, 15.7708)","(4.8059, -5.8818)","(1.3568, 1.6319)","(-7.6986, 6.8129)","(-12.9493, -20.2913)","(10.3491, 9.7146)"
6.970000000000000284e+01,"(15.1786, -14.3962)","(-18.1144, -3.008)","(-2.3122, 6.3123)","(2.8033, 0.5555)","(17.3336, -5.532)","(-9.218, -3.7485)","(-3.0761, -3.6712)","(1.6855, -3.5584)","(-3.0903, 4.7388)","(2.2402, -2.0805)","(-1.4157, -13.3511)","(-0.2195, -4.1308)","(0.7089, -0.3742)","(-0.1591, -0.6016)","(14.7491, 14.7934)","(9.1908, -11.2345)","(2.0338, 2.1714)","(-14.1524, 12.6641)","(-15.2714, -10.1255)","(5.7567, 4.9431)"
6.979999999999999716e+01,"(8.9352, -10.2866)","(-11.2464, -0.3508)","(-4.5329, 12.3359)","(0.9307, 0.2397)","(22.9149, -8.0975)","(-14.7336, -6.0238)","(-6.9553, -8.4047)","(2.8513, -6.4319)","(-6.8895, 10.4805)","(5.6941, -5.272)","(-2.6906, -22.3632)","(-0.1421, -5.6662)","(1.1186, -0.84)","(-0.3874, -1.4708)","(9.1073, 3.6546)","(13.4313, -16.9708)","(3.8824, 4.117)","(-14.8462, 14.7056)","(-6.4267, 2.4062)","(3.6031, 3.3285)"
6.990000000000000568e+01,"(3.4635, -4.8391)","(-5.87, 0.0641)","(-7.2283, 20.1459)","(1.092, 0.4018)","(10.4753, -5.2653)","(-17.5869, -6.4945)","(-14.2435, -16.7567)","(5.5565, -12.3762)","(-12.2579, 19.6577)","(13.8008, -12.8275)","(-3.3127, -16.8209)","(-0.171, -10.079)","(2.4598, -1.8502)","(-1.0116, -3.8624)","(3.3853, 0.2337)","(8.6895, -12.6566)","(8.0857, 8.5995)","(-6.236, 8.2077)","(-0.4793, 2.9169)","(4.1193, 4.2497)"
7.000000000000000000e+01,"(1.7685, -2.1841)","(-4.6285, -0.5656)","(-5.1966, 16.4341)","(2.2806, 0.8931)","(3.3754, -2.4565)","(-12.1781, -3.3263)","(-15.3628, -14.8076)","(7.8219, -19.9215)","(-7.434, 17.1804)","(19.2451, -18.7132)","(-2.2267, -6.4616)","(-0.3133, -17.4824)","(5.9587, -4.4089)","(-2.7205, -10.4026)","(0.874, -0.0043)","(3.1544, -5.6517)","(14.8042, 15.5701)","(-1.9445, 3.1876)","(1.6754, 3.1616)","(6.707, 7.1966)"
7.010000000000000853e+01,"(2.2962, -2.2139)","(-6.5715, -1.4397)","(-1.756, 7.2023)","(5.3179, 2.1112)","(1.6843, -1.7987)","(-6.5224, -1.44)","(-7.5449, -3.9032)","(2.4849, -16.4165)","(-0.4953, 7.1854)","(7.3578, -8.9911)","(-0.8675, -1.8896)","(-0.6673, -20.0317)","(13.9951, -10.4651)","(-6.3873, -23.96)","(0.2352, 0.1176)","(1.1592, -2.0667)","(13.8957, 13.6239)","(-0.6729, 0.9802)","(3.2995, 5.355)","(11.2271, 12.0503)"
7.020000000000000284e+01,"(4.3884, -3.9248)","(-11.4201, -2.8057)","(-0.5539, 2.4935)","(12.7364, 5.0636)","(2.388, -2.9013)","(-4.6241, -1.4087)","(-3.1458, -0.48)","(-1.4889, -7.0008)","(0.7571, 2.4734)","(2.6448, -4.4929)","(-0.3794, -0.5631)","(-0.8459, -11.4177)","(19.8599, -17.2994)","(-6.6519, -21.3921)","(0.2689, 0.351)","(1.0335, -1.4172)","(6.2743, 5.2137)","(-0.7884, 0.7736)","(6.3059, 10.485)","(13.6476, 13.9502)"
7.029999999999999716e+01,"(8.9997, -7.9256)","(-18.2484, -4.2239)","(-0.349, 1.1715)","(23.8041, 9.1534)","(4.5541, -5.5471)","(-6.0178, -2.3419)","(-2.9959, 0.4103)","(-0.6805, -2.4749)","(1.4881, 2.0168)","(2.2597, -4.8847)","(-0.5947, -0.6784)","(-0.4854, -4.9571)","(5.7904, -11.2845)","(-3.6017, -7.7078)","(0.5819, 0.8598)","(1.9711, -2.435)","(2.1134, 1.5295)","(-1.6705, 1.4791)","(11.5616, 17.1852)","(9.1689, 8.2294)"
7.040000000000000568e+01,"(15.7554, -14.2114)","(-17.9095, -2.5687)","(-0.6542, 1.8262)","(16.4814, 5.0058)","(9.1738, -11.1571)","(-10.1514, -4.222)","(-5.028, 0.932)","(0.2432, -1.5438)","(2.7935, 3.4005)","(3.3063, -7.455)","(-1.273, -1.4235)","(-0.1758, -2.8879)","(-0.4704, -4.9684)","(-3.0748, -4.9323)","(1.4417, 2.1995)","(4.2633, -5.1551)","(0.7942, 0.4598)","(-3.8603, 3.3473)","(14.1089, 11.8089)","(4.5746, 3.7927)"
7.050000000000000000e+01,"(13.1507, -13.738)","(-9.637, 0.1852)","(-1.4335, 3.8739)","(6.3425, 0.8958)","(14.0415, -17.6471)","(-16.4671, -6.7439)","(-9.8183, 1.7806)","(1.0087, -2.4513)","(5.6423, 6.9463)","(5.4485, -12.29)","(-3.0239, -3.4045)","(-0.0988, -4.0057)","(-2.2776, -3.5305)","(-4.2387, -6.2196)","(3.8012, 5.884)","(9.3699, -11.3074)","(1.1134, 0.5422)","(-9.2379, 7.9758)","(8.1913, 1.0816)","(2.8475, 2.657)"
7.060000000000000853e+01,"(4.6221, -6.728)","(-4.5459, 0.198)","(-3.3268, 8.92)","(3.7291, -0.0643)","(8.8326, -12.9639)","(-17.6279, -6.1989)","(-18.2754, 3.452)","(2.3835, -5.0929)","(11.3149, 13.7778)","(7.4786, -17.2512)","(-7.5191, -8.4885)","(-0.1156, -7.6174)","(-4.0077, -4.9856)","(-6.3913, -9.3096)","(9.8832, 15.0202)","(15.1728, -18.9577)","(2.3084, 1.1091)","(-18.1064, 16.0947)","(2.927, -0.2687)","(3.6452, 3.8162)"
7.070000000000000284e+01,"(1.2638, -2.3339)","(-3.6353, -0.4725)","(-7.0591, 19.0995)","(5.1339, -0.3988)","(2.8945, -5.5003)","(-10.4135, -2.4326)","(-20.5499, 5.246)","(5.4371, -11.3508)","(15.5377, 16.5809)","(5.7909, -14.553)","(-16.1449, -17.8733)","(-0.2131, -15.0629)","(-7.0164, -8.7425)","(-9.2629, -13.4088)","(17.9355, 21.84)","(8.6696, -13.0673)","(5.3728, 2.595)","(-13.2082, 14.3705)","(1.2086, 0.5828)","(6.4366, 6.967)"
7.079999999999999716e+01,"(0.2779, -0.5729)","(-5.6066, -1.2903)","(-7.5377, 22.2379)","(8.8568, -0.717)","(0.7807, -1.7031)","(-5.0721, -1.0086)","(-9.7347, 4.5063)","(9.2312, -21.4529)","(9.8155, 6.516)","(2.8454, -8.0084)","(-15.2795, -14.5469)","(-0.5287, -22.3945)","(-11.7072, -14.1198)","(-9.8553, -13.8291)","(12.0572, 3.2867)","(2.4112, -5.2506)","(12.8065, 6.1875)","(-3.4068, 6.462)","(1.1754, 1.6253)","(11.5177, 12.4517)"
7.090000000000000568e+01,"(0.056, -0.1072)","(-10.499, -2.6782)","(-2.249, 9.6571)","(15.7032, -1.2834)","(0.1971, -0.3995)","(-3.7363, -1.1834)","(-3.2933, 2.1388)","(2.8348, -18.4724)","(3.9549, 1.3917)","(1.731, -4.6592)","(-6.802, -4.0617)","(-0.9475, -14.795)","(-13.3142, -13.1977)","(-6.8608, -9.1155)","(4.9396, -3.4191)","(0.5666, -2.1771)","(23.2772, 10.9533)","(-0.7419, 3.5392)","(2.1108, 3.6303)","(14.4413, 14.8094)"
7.100000000000000000e+01,"(0.0445, -0.0453)","(-18.4387, -4.5015)","(-0.4112, 3.7003)","(20.4609, -2.0128)","(0.1854, -0.2481)","(-5.4148, -2.1705)","(-1.0788, 0.6128)","(-2.9654, -6.4951)","(1.1642, 0.1294)","(2.0717, -4.9252)","(-4.1487, -1.3198)","(-0.6967, -5.8368)","(-8.5748, -5.5535)","(-4.2435, -5.5856)","(2.8356, -5.6715)","(0.3431, -2.6432)","(15.3305, 6.0634)","(-0.3091, 4.5985)","(4.6074, 8.3762)","(9.153, 8.0237)"
7.110000000000000853e+01,"(0.1159, -0.1009)","(-19.5968, -3.0843)","(-0.0069, 3.2304)","(13.3178, -2.0313)","(0.4329, -0.5249)","(-9.8495, -4.1706)","(-1.0456, 0.2735)","(-2.3284, -1.2923)","(0.7394, -0.2035)","(3.4984, -7.9224)","(-5.4773, -1.1492)","(-0.242, -1.8076)","(-4.0889, -2.3154)","(-3.6911, -5.1276)","(3.4242, -8.5159)","(0.5662, -4.8534)","(5.9438, 1.5136)","(-0.4331, 7.8394)","(10.186, 17.4776)","(4.0716, 3.1677)"
7.120000000000000284e+01,"(0.3016, -0.2581)","(-10.0093, 0.4622)","(0.0996, 5.2612)","(5.9425, -1.2018)","(1.0638, -1.2712)","(-17.0638, -7.1022)","(-2.1255, 0.3912)","(-2.7564, 0.0753)","(1.3364, -0.5027)","(6.0808, -13.6768)","(-8.9631, -1.8016)","(-0.0525, -0.7476)","(-2.5741, -2.2959)","(-4.9913, -7.2031)","(5.1712, -13.0686)","(1.1995, -10.0422)","(3.6687, 0.4453)","(-0.7977, 14.2539)","(15.9846, 16.9553)","(1.9414, 1.7094)"
7.129999999999999716e+01,"(0.8252, -0.7016)","(-3.8836, 0.5815)","(0.179, 9.9775)","(3.0927, -0.5056)","(2.7791, -3.3021)","(-18.608, -6.5662)","(-4.8615, 0.8215)","(-4.824, 0.489)","(3.0148, -1.1249)","(7.9, -18.3571)","(-15.1196, -3.0196)","(-0.0243, -1.2252)","(-3.3963, -3.9994)","(-7.7816, -11.3352)","(5.7064, -16.9168)","(2.2297, -19.4573)","(5.1757, 0.3857)","(-0.7238, 20.6851)","(9.9563, 0.0658)","(2.2774, 2.3693)"
7.140000000000000568e+01,"(2.3511, -1.9908)","(-1.9863, -0.0694)","(0.3705, 18.2102)","(3.738, -0.3734)","(7.4048, -8.7894)","(-10.1985, -2.1255)","(-11.6233, 1.925)","(-9.729, 0.895)","(7.3801, -2.7055)","(5.088, -13.2743)","(-19.3479, -3.4299)","(-0.031, -2.7066)","(-6.1469, -7.7711)","(-10.3886, -14.911)","(2.5266, -14.1358)","(1.6157, -21.6065)","(8.9981, 0.651)","(0.7285, 15.3507)","(2.0967, -2.975)","(4.23, 4.6035)"
7.150000000000000000e+01,"(6.8008, -5.7527)","(-2.7629, -0.602)","(0.8669, 20.8741)","(6.848, -0.5532)","(16.2715, -19.6941)","(-4.2744, -0.6089)","(-23.4167, 4.299)","(-18.6822, 1.9855)","(17.3322, -6.466)","(2.2008, -6.496)","(-13.4672, -1.4951)","(-0.06, -6.5093)","(-11.2896, -14.072)","(-8.8195, -12.0356)","(0.3907, -8.5145)","(-0.4371, -10.0163)","(15.9643, 1.1422)","(1.0638, 6.9315)","(-0.9865, -2.7617)","(8.6502, 9.4938)"
7.160000000000000853e+01,"(17.5086, -15.0389)","(-5.4781, -1.4336)","(1.1131, 10.9368)","(13.5137, -1.0467)","(12.0516, -17.193)","(-2.3939, -0.6599)","(-19.2567, 6.1104)","(-21.1927, 5.0607)","(23.8536, -10.8321)","(1.327, -3.5884)","(-6.6696, -0.3836)","(-0.1494, -15.6613)","(-14.4273, -15.0757)","(-5.2539, -6.8113)","(0.8787, -5.9415)","(-0.5176, -3.3589)","(20.551, 1.1752)","(0.3861, 3.1508)","(-2.4877, -4.0704)","(15.0093, 16.1113)"
7.170000000000000284e+01,"(18.6571, -18.6361)","(-11.7596, -3.1808)","(0.6072, 4.1862)","(21.6686, -1.8993)","(2.9487, -7.4606)","(-3.3472, -1.333)","(-6.0693, 4.5868)","(-8.6404, 6.3158)","(8.5282, -8.1098)","(1.7684, -4.1507)","(-4.0597, -0.4423)","(-0.5365, -26.5302)","(-9.4528, -5.9086)","(-3.3957, -4.5354)","(2.1624, -6.717)","(-0.2925, -0.9898)","(13.1904, 0.1579)","(-0.0177, 3.1225)","(-4.7172, -7.8508)","(12.9875, 12.3216)"
7.179999999999999716e+01,"(4.3618, -9.0676)","(-21.65, -5.365)","(0.178, 1.6922)","(16.5724, -2.2879)","(0.976, -5.5652)","(-6.4863, -2.7862)","(-1.9091, 3.0983)","(-2.0728, 3.1367)","(1.6388, -4.5509)","(3.2234, -7.2395)","(-5.0338, -0.9007)","(-1.2029, -14.6039)","(-4.0379, -1.6229)","(-3.7069, -5.265)","(4.0248, -10.1836)","(-0.4495, -0.9739)","(5.8747, -0.1589)","(-0.2887, 5.5134)","(-9.1372, -14.7857)","(5.9039, 4.3729)"
7.190000000000000568e+01,"(1.0679, -7.0118)","(-18.9756, -2.086)","(0.0705, 2.0202)","(6.8537, -1.5341)","(0.8105, -7.4219)","(-13.2724, -5.7561)","(-1.5658, 4.2374)","(-0.3596, 0.9072)","(-0.0338, -4.5278)","(6.0364, -13.4752)","(-8.7797, -1.7702)","(-1.0653, -5.5104)","(-1.5576, -0.9642)","(-5.734, -8.3544)","(6.0248, -15.5191)","(-0.9273, -1.9171)","(3.043, 0.0177)","(-0.6925, 11.0688)","(-14.1751, -16.5733)","(1.9452, 1.2108)"
7.200000000000000000e+01,"(0.4156, -8.6453)","(-7.4916, 1.4964)","(0.071, 4.013)","(2.2701, -0.5702)","(1.1823, -11.3251)","(-21.2016, -8.5655)","(-2.5167, 7.2231)","(0.0057, 0.2438)","(-0.5069, -6.9619)","(8.4577, -19.4801)","(-15.7408, -3.1945)","(-1.1839, -3.9785)","(-1.496, -1.6563)","(-9.139, -13.3241)","(4.8177, -17.1474)","(-2.1094, -4.3937)","(3.7026, 0.2123)","(-1.087, 20.1381)","(-11.2678, -4.2111)","(0.5179, 0.2582)"
7.210000000000000853e+01,"(0.42, -11.7784)","(-2.1863, 1.167)","(0.1225, 8.8672)","(1.0188, -0.1636)","(1.6336, -16.4995)","(-15.1815, -4.0989)","(-4.6031, 13.1523)","(0.1362, 0.2304)","(-0.8656, -12.0867)","(5.3032, -13.9223)","(-20.4364, -3.6322)","(-1.8911, -5.7924)","(-2.7189, -3.4694)","(-10.7733, -15.2648)","(0.9024, -11.4194)","(-5.0604, -10.5784)","(6.8172, 0.495)","(0.1504, 20.1124)","(-4.5468, 0.4926)","(0.4117, 0.1264)"
7.220000000000000284e+01,"(0.4225, -15.3108)","(-1.0034, 1.2288)","(0.2946, 18.7689)","(1.6189, -0.1418)","(1.2265, -17.0416)","(-6.1003, -0.4499)","(-6.3043, 19.6178)","(0.3314, 0.4965)","(-1.6853, -18.8106)","(1.9581, -6.1623)","(-13.1153, -1.2792)","(-3.2701, -9.9998)","(-5.828, -7.6809)","(-7.4399, -9.8421)","(0.1634, -6.4327)","(-10.5105, -21.4479)","(13.5227, 1.0178)","(1.4654, 9.0632)","(-1.49, -0.018)","(0.8396, 0.2292)"
7.229999999999999716e+01,"(-0.0149, -15.4157)","(-1.4604, 2.2475)","(0.8921, 23.7827)","(3.4879, -0.2593)","(0.2728, -11.1762)","(-1.8011, 0.0941)","(-3.2213, 15.4667)","(0.8222, 1.2536)","(-3.1297, -17.354)","(0.8478, -2.5395)","(-5.7701, -0.1598)","(-5.484, -16.6493)","(-12.1129, -15.588)","(-4.0145, -5.1301)","(1.1671, -5.2772)","(-10.1762, -17.59)","(21.8048, 1.4575)","(0.8195, 3.0326)","(-0.8613, -0.8373)","(1.9961, 0.5484)"
7.240000000000000568e+01,"(-0.4715, -11.4822)","(-3.0397, 4.662)","(1.3428, 11.0537)","(8.1709, -0.5797)","(0.1181, -6.7304)","(-0.5176, 0.1402)","(-0.4505, 7.2621)","(2.1729, 3.3708)","(-3.0697, -8.8098)","(0.9607, -2.3106)","(-2.8578, -0.2364)","(-6.328, -18.2333)","(-15.8372, -16.3751)","(-2.8492, -3.8766)","(2.6567, -7.1637)","(-4.9993, -5.7806)","(16.7458, 0.4237)","(0.2048, 0.8167)","(-1.2273, -1.9814)","(5.1175, 1.42)"
7.250000000000000000e+01,"(-0.3506, -8.3419)","(-6.7854, 10.319)","(0.8672, 3.824)","(18.4415, -1.3456)","(0.396, -6.0678)","(-0.5944, 0.2962)","(-0.2982, 3.2332)","(5.9181, 9.2113)","(-1.5275, -4.2613)","(1.8439, -4.134)","(-3.3808, -0.5976)","(-4.0548, -10.4024)","(-9.2133, -4.3055)","(-3.7265, -5.3691)","(4.8623, -11.7719)","(-2.9852, -2.2858)","(6.9738, -0.3102)","(0.0099, 0.5188)","(-2.537, -4.575)","(13.2575, 3.6762)"
7.260000000000000853e+01,"(-0.0131, -8.1173)","(-12.2048, 19.5203)","(0.7747, 2.1584)","(25.1436, -2.4661)","(0.83, -8.546)","(-1.26, 0.6562)","(-0.798, 2.9524)","(14.3594, 20.8662)","(-0.6724, -3.8249)","(3.8871, -8.585)","(-6.2402, -1.2784)","(-1.964, -4.8013)","(-3.5036, -0.1019)","(-6.3011, -9.2363)","(6.5735, -17.4646)","(-4.0234, -2.4611)","(2.2782, -0.158)","(-0.0632, 1.0545)","(-5.8528, -10.8021)","(26.2866, 6.8707)"
7.270000000000000284e+01,"(0.2878, -10.5151)","(-7.6412, 17.4067)","(1.3294, 3.2741)","(11.3732, -2.4061)","(1.4297, -13.65)","(-3.0508, 1.5714)","(-1.7344, 5.0581)","(16.9753, 14.084)","(-0.5312, -6.1617)","(7.6925, -17.0857)","(-12.5766, -2.644)","(-1.2199, -3.3257)","(-1.7855, 0.9348)","(-10.1825, -14.8501)","(3.4553, -16.2032)","(-6.8149, -4.0799)","(0.8921, -0.0021)","(-0.1789, 2.4714)","(-12.6328, -20.3868)","(17.0397, 2.5587)"
7.279999999999999716e+01,"(0.4643, -14.4287)","(-0.548, 7.3295)","(2.5761, 6.3315)","(4.1362, -1.5537)","(1.7017, -18.3641)","(-7.8077, 3.9932)","(-3.6288, 10.0971)","(8.2992, -1.6435)","(-0.7538, -11.5409)","(8.7437, -20.7112)","(-21.3007, -4.2112)","(-1.6223, -4.8525)","(-2.5056, 1.9258)","(-10.7776, -15.0808)","(-0.0909, -9.055)","(-12.2489, -7.3404)","(1.3324, 0.0872)","(-0.4769, 6.2193)","(-15.7398, -11.2253)","(6.8, -0.5804)"
7.290000000000000568e+01,"(0.1957, -16.3135)","(0.7535, 2.522)","(5.2709, 12.9802)","(3.1411, -1.7068)","(0.748, -15.0792)","(-18.438, 9.589)","(-6.5066, 18.6781)","(3.5958, -4.935)","(-1.5518, -19.4747)","(3.4364, -10.3442)","(-17.6402, -2.2962)","(-2.9421, -9.0302)","(-4.9394, 3.8162)","(-6.4106, -8.2439)","(0.133, -4.9638)","(-17.7483, -10.2725)","(2.8752, 0.2232)","(-1.1763, 15.58)","(-6.7674, 2.6253)","(5.1954, -1.448)"
7.300000000000000000e+01,"(-0.4125, -13.001)","(1.4832, 2.0197)","(8.7386, 20.9461)","(4.8253, -2.8181)","(0.0276, -8.4844)","(-21.8774, 13.3128)","(-5.2602, 19.8775)","(3.0424, -7.3223)","(-3.2554, -18.6247)","(0.8964, -3.6614)","(-7.4575, -0.0256)","(-5.3864, -16.4952)","(-10.4616, 8.0126)","(-3.137, -3.9467)","(1.3038, -4.7243)","(-13.6631, -6.8721)","(6.7958, 0.5486)","(-1.3002, 27.3757)","(-0.3699, 3.3181)","(7.1298, -2.3675)"
7.310000000000000853e+01,"(-0.4748, -8.8628)","(2.7808, 3.3845)","(6.9865, 14.7602)","(8.8272, -5.1485)","(0.151, -5.3814)","(-6.8308, 7.603)","(-0.5504, 9.5756)","(4.2751, -10.8922)","(-3.3704, -8.6407)","(0.1696, -1.1803)","(-2.389, 0.1521)","(-6.8291, -19.9142)","(-17.5885, 14.4432)","(-2.2954, -3.1488)","(2.9114, -7.2575)","(-6.554, -2.7192)","(16.0269, 1.2856)","(1.8642, 14.6355)","(1.9826, 3.6182)","(11.2631, -3.7675)"
7.320000000000000284e+01,"(-0.1356, -7.5349)","(5.6041, 6.8966)","(3.2031, 5.5835)","(15.5131, -9.1117)","(0.4978, -6.0389)","(-1.8769, 4.6442)","(0.2915, 3.3078)","(5.6357, -15.3384)","(-1.5792, -3.3538)","(0.0576, -1.2754)","(-0.6259, 0.0147)","(-4.3462, -11.0457)","(-11.2733, 13.5026)","(-3.3332, -4.8391)","(5.4306, -12.7165)","(-3.0631, -1.3612)","(26.1516, 1.7266)","(2.5271, 5.4047)","(3.7718, 6.0246)","(16.4546, -5.6294)"
7.329999999999999716e+01,"(0.1978, -9.1678)","(11.2388, 13.6877)","(1.0439, 1.6187)","(17.1903, -10.6874)","(1.007, -9.6226)","(-1.0934, 5.5995)","(0.0698, 0.8858)","(4.1684, -15.8878)","(-0.5207, -2.1713)","(0.0837, -2.5034)","(-0.5028, -0.0823)","(-1.9018, -4.3801)","(-2.2215, 6.5504)","(-6.0776, -8.9536)","(6.9802, -18.7882)","(-2.9909, -1.657)","(14.1362, -0.1615)","(3.1727, 3.9279)","(6.9915, 11.3453)","(15.9006, -6.0122)"
7.340000000000000568e+01,"(0.4579, -12.9879)","(15.5323, 16.6194)","(0.3318, 0.4324)","(8.9536, -6.4259)","(1.677, -15.802)","(-1.4727, 8.6745)","(-0.1046, 0.4705)","(1.1673, -11.0124)","(-0.3114, -3.4334)","(0.2006, -5.6536)","(-1.0678, -0.2254)","(-0.7682, -1.9249)","(-0.008, 2.1524)","(-10.5191, -15.414)","(2.5033, -15.5169)","(-5.1685, -3.082)","(5.2887, -0.7485)","(4.9116, 5.4377)","(12.0762, 16.9442)","(9.4883, -4.1679)"
7.350000000000000000e+01,"(0.403, -16.5311)","(9.8898, 6.6204)","(0.4164, 0.4536)","(3.5871, -2.7931)","(1.6131, -19.1314)","(-2.3915, 14.1751)","(-0.3201, 0.9063)","(0.7038, -7.1094)","(-0.3973, -6.9189)","(0.4787, -13.2708)","(-2.5496, -0.5593)","(-0.7952, -2.3391)","(0.5646, 1.0606)","(-11.4073, -15.9846)","(-0.7172, -7.5763)","(-10.1784, -6.1626)","(3.6762, -0.9888)","(8.0705, 8.9137)","(13.3972, 10.0386)","(5.5203, -2.4299)"
7.360000000000000853e+01,"(-0.2331, -14.8581)","(4.004, 1.4298)","(0.8905, 0.9519)","(1.972, -1.3593)","(0.3278, -12.831)","(-2.6997, 18.7581)","(-0.7866, 2.1041)","(1.693, -6.5635)","(-0.7722, -14.4771)","(0.6703, -24.8)","(-6.5012, -1.4461)","(-1.481, -4.5596)","(1.2219, 1.6116)","(-6.3518, -8.0209)","(-0.0593, -3.7727)","(-17.7601, -10.5576)","(5.3951, -1.6494)","(12.2244, 13.2255)","(7.4786, 1.1482)","(5.2847, -1.9881)"
7.370000000000000284e+01,"(-0.5774, -9.962)","(1.1707, 0.1471)","(2.1386, 2.2941)","(2.8184, -1.6974)","(-0.0809, -6.5144)","(-0.9612, 14.4898)","(-2.0101, 5.2792)","(3.2498, -8.8546)","(-2.0689, -23.1754)","(-0.5423, -17.8027)","(-16.2979, -3.5975)","(-3.1534, -9.8078)","(2.5902, 3.4119)","(-2.6869, -3.2376)","(1.0703, -3.6941)","(-16.7341, -8.8522)","(9.5159, -2.9147)","(12.2887, 12.0582)","(2.9876, 0.3987)","(7.9295, -2.7034)"
7.379999999999999716e+01,"(-0.2882, -7.2928)","(0.6914, -0.1815)","(5.4623, 5.875)","(5.5395, -3.2217)","(0.171, -4.4026)","(0.0592, 7.7612)","(-5.0883, 13.3815)","(5.2183, -13.3817)","(-4.1224, -15.2178)","(-1.0361, -6.5261)","(-27.1621, -5.2494)","(-6.2752, -19.3335)","(5.9163, 7.9083)","(-1.4555, -1.9361)","(2.5496, -6.0947)","(-7.8744, -3.1397)","(16.474, -5.0816)","(7.6085, 6.3379)","(1.7302, 1.4952)","(13.1922, -4.3991)"
7.390000000000000568e+01,"(0.0805, -7.8959)","(1.2303, -0.4613)","(13.272, 14.2148)","(11.5211, -6.6597)","(0.5379, -5.7883)","(-0.2181, 4.8827)","(-8.8581, 25.5723)","(5.598, -16.9575)","(-3.1509, -5.1175)","(-0.9662, -3.1852)","(-13.5875, -0.4665)","(-7.1837, -20.5259)","(12.7601, 16.5466)","(-2.0142, -2.9181)","(5.1647, -11.5751)","(-2.7795, -0.9378)","(19.0743, -6.2671)","(4.1603, 3.4636)","(2.172, 3.2566)","(18.0124, -6.2665)"
7.400000000000000000e+01,"(0.391, -11.148)","(2.7713, -1.0339)","(18.6315, 19.056)","(19.3815, -11.4585)","(1.1014, -10.049)","(-0.771, 5.7067)","(-2.1482, 16.285)","(2.319, -13.7961)","(-1.3044, -1.2607)","(-1.5456, -4.111)","(-5.6321, 1.246)","(-3.7517, -8.7447)","(16.2043, 16.3164)","(-3.9099, -5.7838)","(7.7605, -19.2531)","(-0.9701, -0.4144)","(10.9283, -4.1937)","(3.5489, 3.5164)","(4.0683, 6.9662)","(14.0816, -5.6619)"
7.410000000000000853e+01,"(0.5383, -15.7061)","(6.8018, -2.4912)","(8.6592, 7.0655)","(14.425, -9.5907)","(1.8541, -17.148)","(-1.587, 9.4054)","(1.809, 6.1921)","(0.3801, -8.2793)","(-1.0093, -0.4011)","(-2.7317, -7.1615)","(-4.9426, 2.0697)","(-1.4605, -2.8403)","(8.8778, 3.3496)","(-8.04, -11.9266)","(3.3169, -17.3907)","(-1.1716, -0.6745)","(4.7543, -1.9893)","(5.1889, 5.641)","(8.4241, 14.341)","(7.288, -3.3914)"
7.420000000000000284e+01,"(0.074, -16.6729)","(16.2825, -6.0364)","(4.4699, 2.674)","(5.3452, -4.3759)","(1.5689, -19.7112)","(-2.7091, 15.9028)","(2.9416, 4.0615)","(0.9477, -5.927)","(-1.8282, -0.4988)","(-5.0781, -13.3313)","(-7.139, 3.29)","(-0.8556, -1.3336)","(3.5672, -0.5215)","(-12.9918, -18.8966)","(-1.3291, -7.869)","(-2.4231, -1.4739)","(2.8149, -1.0358)","(8.9297, 9.9106)","(14.4612, 18.4818)","(4.362, -1.8875)"
7.429999999999999716e+01,"(-0.5906, -11.8293)","(24.4605, -10.7344)","(5.0363, 2.4437)","(1.5288, -1.4527)","(0.0721, -11.6001)","(-2.616, 19.5338)","(4.6655, 5.3564)","(2.26, -6.8721)","(-3.9459, -1.0814)","(-7.7149, -19.6328)","(-11.5896, 5.3504)","(-1.3959, -1.9988)","(2.7374, -1.8348)","(-9.5516, -12.6542)","(-0.7482, -2.8726)","(-5.606, -3.4533)","(3.9104, -1.2444)","(13.3356, 14.35)","(12.3119, 4.6462)","(5.0004, -1.8041)"
7.440000000000000568e+01,"(-0.4749, -7.6209)","(9.6184, -8.4946)","(7.6936, 3.6104)","(0.4762, -0.5802)","(-0.18, -5.2464)","(-0.4158, 12.7496)","(7.6101, 8.6811)","(4.1578, -10.4867)","(-9.2311, -2.5851)","(-6.2915, -14.1856)","(-16.5096, 7.8353)","(-2.8156, -4.0208)","(4.2514, -3.368)","(-4.0465, -4.6323)","(0.2396, -1.7336)","(-13.1179, -8.0761)","(7.4041, -2.2596)","(11.7889, 11.1004)","(4.4963, -1.5807)","(8.3345, -2.7824)"
7.450000000000000000e+01,"(-0.0695, -6.8566)","(1.9064, -4.8112)","(12.552, 5.8859)","(0.6072, -0.8765)","(0.11, -3.2744)","(0.2261, 6.1206)","(11.7181, 13.0687)","(6.0791, -15.8044)","(-20.0249, -5.3744)","(-3.133, -6.0899)","(-14.418, 7.6137)","(-6.1906, -8.8653)","(8.1134, -6.3647)","(-1.2645, -1.3068)","(1.0639, -2.6422)","(-22.2776, -13.1232)","(14.5178, -4.4109)","(6.4308, 5.0191)","(0.7097, -1.2842)","(14.5196, -4.8007)"
7.460000000000000853e+01,"(0.2747, -9.1437)","(0.0197, -4.5481)","(17.0783, 7.8279)","(1.2766, -1.8637)","(0.4389, -4.5526)","(-0.1899, 3.8326)","(12.5168, 12.408)","(4.5733, -16.9319)","(-23.2404, -3.8782)","(-1.267, -2.5212)","(-7.9073, 4.8)","(-12.289, -17.4661)","(14.506, -11.6673)","(-0.4904, -0.4224)","(2.4953, -5.3796)","(-13.6003, -6.1256)","(21.224, -6.7262)","(3.2175, 2.6269)","(-0.4763, -1.2073)","(19.0149, -6.6857)"
7.470000000000000284e+01,"(0.5543, -13.7491)","(-0.4999, -6.8543)","(13.9033, 5.8825)","(3.0427, -4.4182)","(0.9629, -8.4874)","(-0.7318, 4.9947)","(8.2021, 6.5477)","(0.763, -11.0233)","(-9.5542, 1.7904)","(-0.9591, -2.3071)","(-4.6311, 2.7315)","(-12.6879, -17.0594)","(14.7073, -14.3757)","(-0.7498, -0.5736)","(5.5842, -11.7578)","(-5.391, -1.2676)","(13.7325, -5.1151)","(2.9125, 2.9411)","(-1.2136, -2.1183)","(12.7873, -5.4054)"
7.479999999999999716e+01,"(0.4251, -17.5546)","(-0.8543, -11.7669)","(7.6608, 2.9547)","(7.4499, -10.8072)","(1.8373, -16.1054)","(-1.5663, 8.9089)","(4.5066, 3.5003)","(0.2133, -6.2764)","(-3.1414, 2.1875)","(-1.5921, -4.1475)","(-4.8684, 2.4561)","(-5.7513, -6.6233)","(5.3981, -9.0562)","(-1.6172, -1.2282)","(9.0698, -21.4938)","(-3.4884, -0.1263)","(5.3376, -2.3948)","(4.6571, 5.1322)","(-2.6129, -4.7129)","(5.8806, -2.8946)"
7.490000000000000568e+01,"(-0.3976, -14.5547)","(-1.6305, -18.4313)","(4.6678, 1.8935)","(14.2645, -21.1498)","(1.9819, -21.7263)","(-2.853, 16.1602)","(3.5908, 3.4925)","(1.2547, -5.3449)","(-2.131, 2.992)","(-3.2417, -8.6008)","(-7.7407, 3.6104)","(-2.1567, -2.1123)","(1.4567, -3.7564)","(-3.8829, -2.96)","(2.4699, -17.8065)","(-5.0584, 0.1425)","(1.7016, -0.784)","(8.6359, 9.6903)","(-5.989, -10.9925)","(3.3106, -1.4528)"
7.500000000000000000e+01,"(-0.6695, -8.869)","(-3.0445, -17.6354)","(5.1783, 2.3311)","(9.0726, -15.6932)","(0.1306, -13.295)","(-2.8767, 20.7792)","(4.9994, 5.5549)","(2.7811, -7.403)","(-3.1895, 5.0726)","(-6.4969, -17.1465)","(-13.2032, 6.0729)","(-1.7068, -1.3853)","(0.8917, -1.4277)","(-9.6681, -7.378)","(-2.7709, -6.2989)","(-8.9889, 0.2718)","(0.9166, -0.3324)","(13.9027, 15.1469)","(-12.7485, -20.3348)","(4.0851, -1.4507)"
7.510000000000000853e+01,"(-0.2699, -6.2981)","(-3.1037, -9.2489)","(8.3784, 3.9218)","(2.409, -6.3344)","(-0.3997, -5.3072)","(-0.2337, 12.8476)","(8.4807, 9.7323)","(5.0236, -12.1722)","(-5.9684, 9.419)","(-8.4905, -20.9944)","(-17.6954, 8.5091)","(-2.8934, -2.2436)","(1.577, -1.4102)","(-19.9593, -15.0375)","(-2.0178, -1.2976)","(-16.2232, 0.5123)","(1.6289, -0.5036)","(12.4883, 11.7564)","(-15.5512, -10.8047)","(7.3371, -2.416)"
7.520000000000000284e+01,"(0.1192, -7.2437)","(-1.6063, -4.5194)","(14.1776, 6.66)","(0.8324, -4.0127)","(-0.0989, -1.9212)","(0.4661, 5.4311)","(12.9124, 14.3003)","(6.5352, -17.6766)","(-10.0271, 16.3069)","(-5.0174, -10.1133)","(-12.7773, 7.1076)","(-5.7997, -4.5035)","(3.3376, -2.6055)","(-16.2605, -11.1295)","(-2.2528, 0.01)","(-20.8751, 1.1408)","(3.5931, -1.0774)","(6.3644, 4.6692)","(-6.6471, 2.5132)","(13.8973, -4.5252)"
7.529999999999999716e+01,"(0.4527, -10.9899)","(-0.7158, -3.9634)","(17.9558, 8.1465)","(0.8157, -5.551)","(0.1216, -1.6874)","(0.0138, 2.552)","(12.1384, 11.396)","(3.1146, -15.7547)","(-8.6889, 17.3401)","(-2.0313, -3.3858)","(-6.1716, 3.9451)","(-12.021, -9.3356)","(7.4677, -5.6496)","(-6.5455, -3.406)","(-3.9727, 0.3842)","(-12.9233, 1.671)","(8.5229, -2.5343)","(2.5806, 1.8528)","(-0.4322, 3.1389)","(20.2988, -6.9773)"
7.540000000000000568e+01,"(0.6446, -16.4187)","(-0.5557, -6.2582)","(12.3077, 5.0088)","(1.3442, -9.3635)","(0.3586, -3.1775)","(-0.4122, 2.9877)","(6.9537, 5.0758)","(-0.1461, -8.6633)","(-2.57, 9.4032)","(-0.6972, -0.9575)","(-3.6237, 2.1246)","(-18.5933, -14.1487)","(15.4392, -11.9366)","(-4.0946, -1.5438)","(-8.2051, 0.7161)","(-5.4956, 1.0795)","(18.9922, -5.6981)","(1.701, 1.6299)","(1.8392, 3.4105)","(13.9762, -5.8801)"
7.550000000000000000e+01,"(0.0795, -17.5456)","(-0.7736, -11.5682)","(6.0654, 2.2538)","(2.2715, -15.9843)","(0.8426, -6.9344)","(-1.0042, 5.5943)","(3.4948, 2.6502)","(0.2146, -4.8735)","(-0.7115, 3.8368)","(-0.7429, -0.8204)","(-4.3635, 2.1438)","(-12.191, -8.4395)","(16.8161, -16.0469)","(-5.5473, -1.803)","(-16.8947, 1.5639)","(-2.6493, 0.384)","(23.3995, -7.6598)","(2.6694, 2.9398)","(3.5549, 5.7188)","(5.7243, -3.0247)"
7.560000000000000853e+01,"(-0.7383, -11.5287)","(-1.564, -19.304)","(3.6706, 1.4993)","(2.4434, -19.7404)","(1.8691, -15.361)","(-2.1769, 11.5722)","(2.9747, 2.9828)","(1.4068, -4.8551)","(-0.8138, 2.0544)","(-1.464, -1.5661)","(-7.5765, 3.4814)","(-4.7804, -2.8573)","(4.4428, -9.4438)","(-9.1421, -2.9395)","(-23.0676, 4.3444)","(-3.1628, 0.1761)","(9.6086, -4.2556)","(5.3653, 6.0961)","(6.6809, 10.9635)","(2.2237, -1.1433)"
7.570000000000000284e+01,"(-0.5479, -6.6908)","(-3.2201, -18.4801)","(4.5891, 2.0946)","(0.9174, -12.7739)","(2.5043, -24.6135)","(-3.6665, 20.9887)","(4.5733, 5.1847)","(3.0695, -7.5824)","(-1.676, 2.8356)","(-3.2973, -3.5402)","(-13.7356, 6.2565)","(-1.4653, -0.7636)","(0.0322, -3.6507)","(-15.2482, -4.8839)","(-10.8216, 6.8312)","(-5.9261, 0.1784)","(3.5605, -2.1561)","(10.9907, 12.4734)","(11.86, 17.0919)","(1.9476, -0.7374)"
7.579999999999999716e+01,"(-0.0839, -5.7529)","(-3.3276, -8.7457)","(8.0666, 3.8052)","(0.209, -6.0391)","(0.0256, -14.7127)","(-1.7375, 19.3545)","(8.3522, 9.7222)","(5.6342, -13.2381)","(-3.5508, 5.5383)","(-7.8518, -8.4489)","(-18.7603, 8.998)","(-0.9359, -0.3826)","(-1.0946, -1.9915)","(-18.6247, -5.6997)","(-2.3507, 3.9456)","(-12.1571, 0.3037)","(3.0897, -2.3407)","(15.9916, 16.978)","(13.7299, 10.8107)","(3.561, -1.174)"
7.590000000000000568e+01,"(0.2732, -8.0315)","(-1.5805, -3.5301)","(14.5699, 6.8848)","(0.2847, -3.645)","(-0.8587, -5.2807)","(0.8593, 8.2023)","(13.5105, 15.1524)","(6.8484, -18.9424)","(-7.5274, 11.5989)","(-16.1109, -17.1231)","(-12.4567, 7.1169)","(-1.6748, -0.6356)","(-2.1958, -2.8359)","(-12.3723, -3.3099)","(-0.0253, 1.4656)","(-21.4613, 0.7331)","(4.8677, -3.8322)","(10.2135, 8.2711)","(7.7861, 1.1032)","(7.5497, -2.4105)"
7.600000000000000000e+01,"(0.6124, -13.0685)","(-0.5513, -2.4586)","(19.0194, 8.6534)","(0.6107, -4.7277)","(-0.8322, -2.285)","(0.6623, 2.5669)","(12.6554, 11.7747)","(2.0794, -14.8662)","(-11.9346, 19.7048)","(-14.7782, -14.3518)","(-5.3109, 3.6088)","(-3.6516, -1.3874)","(-4.2939, -5.5369)","(-6.1313, -1.4838)","(0.739, 1.2504)","(-18.7572, 1.6854)","(8.885, -6.9831)","(4.1693, 2.3401)","(2.9536, 0.0986)","(15.9136, -5.0927)"
7.610000000000000853e+01,"(0.6204, -18.4704)","(-0.3501, -3.9145)","(12.2207, 4.8775)","(1.2305, -8.5206)","(-1.412, -2.9332)","(0.3334, 0.6879)","(6.7426, 4.5269)","(-0.7193, -7.1528)","(-6.218, 15.4669)","(-6.2319, -4.688)","(-2.5684, 1.6028)","(-8.6341, -3.2936)","(-8.7962, -11.3927)","(-3.9506, -1.086)","(1.5833, 2.2646)","(-7.7816, 1.6581)","(14.8801, -11.794)","(1.325, 0.4816)","(1.4916, 1.0797)","(22.6039, -7.8466)"
7.620000000000000284e+01,"(-0.3617, -15.9732)","(-0.4565, -7.7988)","(5.3648, 1.8812)","(2.2941, -15.7789)","(-2.6466, -5.4007)","(0.5001, 0.6204)","(2.8217, 1.8475)","(0.0426, -3.7025)","(-0.5905, 6.4306)","(-3.175, -1.7598)","(-2.9426, 1.4574)","(-19.0439, -7.2142)","(-14.7811, -17.502)","(-5.1548, -1.6038)","(3.4426, 5.0364)","(-2.4395, 0.7338)","(14.6129, -12.1948)","(1.0493, 0.1217)","(1.7163, 2.5107)","(11.9071, -5.5827)"
7.629999999999999716e+01,"(-0.8572, -8.8774)","(-0.9015, -15.7973)","(2.5413, 0.9823)","(2.7128, -21.168)","(-5.3431, -10.9617)","(1.0562, 1.2385)","(1.875, 1.7843)","(1.1845, -3.8575)","(0.3122, 1.9491)","(-4.0143, -1.8321)","(-5.4091, 2.4666)","(-22.7602, -8.0601)","(-12.5168, -9.7045)","(-9.0835, -2.927)","(7.8497, 11.5415)","(-0.5845, 0.2257)","(7.1389, -6.6536)","(1.9564, 0.1325)","(3.1801, 5.4702)","(3.9459, -2.5774)"
7.640000000000000568e+01,"(-0.3884, -5.2268)","(-2.3695, -22.9047)","(2.9192, 1.3239)","(0.9207, -13.4476)","(-9.5354, -19.1041)","(2.4651, 2.9162)","(2.8631, 3.2533)","(2.7386, -6.4839)","(0.5802, 0.944)","(-6.8023, -3.0401)","(-10.9154, 4.8903)","(-9.7405, -2.5581)","(-5.8355, -1.9467)","(-16.0297, -5.1612)","(15.0192, 19.6733)","(-0.2832, 0.1688)","(2.949, -2.8537)","(4.3352, 0.3049)","(6.7845, 11.9674)","(1.2804, -1.1815)"
7.650000000000000000e+01,"(0.0447, -5.4833)","(-4.0951, -13.4023)","(5.4025, 2.5593)","(0.0505, -5.6458)","(-9.2728, -16.278)","(6.1174, 7.2809)","(5.6507, 6.6871)","(5.4635, -12.2794)","(1.1814, 1.4745)","(-12.4391, -5.5693)","(-19.0755, 8.7598)","(-3.9785, -0.6166)","(-1.8109, -0.1561)","(-19.5535, -5.9741)","(13.8672, 9.4342)","(-0.5218, 0.3485)","(2.0068, -1.7343)","(10.2939, 0.7543)","(13.2116, 19.595)","(1.3566, -1.6069)"
7.660000000000000853e+01,"(0.3886, -8.6991)","(-2.764, -4.4924)","(11.0273, 5.2689)","(0.0923, -2.3785)","(-4.7392, -6.4335)","(14.0236, 16.41)","(11.2737, 13.2759)","(7.712, -19.6751)","(2.528, 3.1541)","(-18.8261, -8.2273)","(-16.7635, 8.8889)","(-3.8724, -0.2802)","(-0.5815, 0.1999)","(-11.8408, -3.0611)","(6.1861, -0.2642)","(-1.2298, 0.8213)","(3.1724, -2.5325)","(21.9297, 1.4126)","(14.4036, 8.8328)","(2.5449, -3.0896)"
7.670000000000000284e+01,"(0.7453, -14.8191)","(-0.9831, -1.1245)","(19.4259, 9.1385)","(0.2994, -2.4874)","(-1.6838, -1.9652)","(17.0759, 17.1639)","(15.5736, 16.5534)","(2.6319, -16.4807)","(5.8489, 7.3846)","(-15.0845, -5.9144)","(-6.7802, 4.7588)","(-6.255, -0.3665)","(-0.7013, 0.5061)","(-5.1953, -1.1709)","(2.1181, -1.9875)","(-3.1571, 2.0961)","(6.2838, -4.9209)","(22.5491, -0.1711)","(6.1639, -1.6642)","(5.5156, -6.6548)"
7.680000000000001137e+01,"(0.5346, -19.7161)","(-0.401, -0.2398)","(17.2228, 7.3569)","(0.6754, -4.6439)","(-0.4131, -0.4645)","(8.352, 4.5388)","(9.8408, 7.1937)","(-1.3645, -7.2198)","(12.8318, 15.869)","(-7.123, -2.3468)","(-2.1334, 1.7431)","(-11.4645, -0.6802)","(-1.4848, 1.1171)","(-2.7666, -0.7281)","(1.6385, -3.423)","(-8.3825, 5.5536)","(12.5726, -9.838)","(8.6049, -2.1448)","(0.9474, -1.9835)","(11.5539, -14.0123)"
7.690000000000000568e+01,"(-0.7156, -14.2576)","(-0.6108, -0.182)","(7.505, 2.5421)","(1.4792, -9.7981)","(-0.0919, -0.1334)","(4.4602, 0.7255)","(4.0066, 1.8395)","(-0.6108, -2.6939)","(16.5744, 17.0049)","(-3.1051, -1.0477)","(-0.5955, 0.4518)","(-19.1821, -1.0691)","(-3.5975, 2.6592)","(-3.5548, -1.1053)","(2.7505, -6.1955)","(-19.5082, 13.1156)","(17.7616, -14.3012)","(3.2658, -1.8621)","(-0.8301, -1.9374)","(14.5539, -18.802)"
7.700000000000000000e+01,"(-0.8788, -7.0133)","(-1.3406, -0.3728)","(2.4464, 0.6922)","(2.8572, -19.3635)","(-0.1197, -0.2395)","(5.1945, -0.1566)","(1.1519, 0.3362)","(0.3503, -1.8511)","(8.9332, 4.3841)","(-2.7121, -1.1185)","(-0.5313, 0.269)","(-18.85, -0.6489)","(-9.0548, 6.6476)","(-6.6656, -2.1614)","(5.4083, -11.9987)","(-18.812, 14.3638)","(10.2443, -9.2484)","(3.1189, -2.6553)","(-1.9315, -3.2617)","(5.9835, -10.013)"
7.710000000000000853e+01,"(-0.2908, -4.0852)","(-3.2726, -0.9325)","(0.591, 0.1448)","(2.5522, -21.9306)","(-0.2783, -0.5805)","(8.2497, -0.4424)","(0.4874, -0.0085)","(1.2311, -2.9754)","(3.8429, 0.1514)","(-4.6407, -2.0611)","(-1.1425, 0.5119)","(-9.5161, 0.1005)","(-19.089, 14.7273)","(-13.3236, -4.3481)","(7.9011, -19.779)","(-5.7514, 6.8531)","(3.6258, -3.7736)","(5.0483, -4.519)","(-3.9396, -6.8817)","(1.5586, -3.7818)"
7.720000000000000284e+01,"(0.0991, -4.8567)","(-8.4303, -2.4367)","(0.1858, 0.0279)","(0.1993, -10.131)","(-0.7112, -1.4981)","(14.059, -0.7531)","(0.7964, -0.1294)","(2.8488, -6.1173)","(3.3571, -1.0994)","(-9.3064, -4.2005)","(-2.7126, 1.1883)","(-3.9657, 0.0979)","(-14.1505, 15.9348)","(-21.1843, -6.7176)","(2.8295, -16.9356)","(-2.5519, 4.871)","(0.9943, -1.1083)","(9.2977, -8.2898)","(-8.3589, -14.3972)","(0.4003, -1.9175)"
7.730000000000001137e+01,"(0.4328, -8.4058)","(-20.1673, -5.617)","(0.2895, 0.0246)","(-0.2617, -3.4215)","(-1.9239, -4.0736)","(19.4978, -1.4859)","(1.7818, -0.2989)","(6.2227, -13.2037)","(5.3289, -2.131)","(-17.5535, -7.8619)","(-6.8507, 2.9773)","(-2.5849, -0.0572)","(-1.2857, 7.9011)","(-15.6253, -4.2755)","(-1.5215, -7.2894)","(-2.6934, 6.4055)","(0.213, -0.2394)","(14.7383, -13.4889)","(-14.6064, -18.8562)","(0.3444, -2.8239)"
7.740000000000000568e+01,"(0.8405, -15.2661)","(-25.294, -4.5007)","(0.6771, 0.0552)","(-0.2666, -1.2696)","(-5.2734, -11.1636)","(14.9893, -2.3703)","(4.4082, -0.7148)","(8.8682, -22.252)","(9.9716, -3.9484)","(-19.5788, -8.1632)","(-16.6613, 7.2923)","(-3.9992, -0.2136)","(1.8204, 4.1153)","(-6.4403, -1.3261)","(-0.7808, -2.505)","(-4.0135, 9.7614)","(0.0685, -0.0624)","(12.2459, -12.7804)","(-12.4264, -4.4717)","(0.6456, -5.4741)"
7.750000000000000000e+01,"(0.6094, -20.8954)","(-9.8819, 2.4407)","(1.7409, 0.1446)","(-0.5013, -1.6645)","(-11.862, -24.3748)","(7.4427, -1.8949)","(11.2838, -1.8104)","(1.0142, -15.7202)","(17.4006, -7.1204)","(-9.6706, -3.2092)","(-24.3798, 11.6398)","(-7.908, -0.481)","(3.5691, 4.5684)","(-2.0297, -0.3637)","(0.1507, -1.3854)","(-5.9955, 14.725)","(0.1463, -0.1148)","(5.127, -6.7915)","(-4.3447, 1.9036)","(1.3949, -11.5984)"
7.760000000000000853e+01,"(-0.8949, -14.1072)","(-3.8182, 3.4316)","(4.727, 0.3984)","(-1.0227, -3.3196)","(-10.1677, -16.6271)","(4.1841, -0.8675)","(24.3182, -4.3237)","(-2.6814, -5.201)","(17.7728, -9.0144)","(-3.4455, -0.9177)","(-9.9022, 7.0341)","(-15.9114, -0.9726)","(5.933, 7.2822)","(-0.6325, -0.1463)","(0.8491, -2.1072)","(-6.3172, 16.578)","(0.3662, -0.2829)","(2.1127, -2.8852)","(-0.4504, 1.6261)","(2.4018, -21.5002)"
7.770000000000000284e+01,"(-1.0018, -6.1684)","(-3.2524, 4.9567)","(12.902, 1.0853)","(-2.2812, -7.4706)","(-5.6261, -5.4517)","(4.7064, -0.453)","(20.0278, -6.4085)","(-1.8044, -0.9961)","(8.0026, -6.3232)","(-0.9035, -0.2271)","(-3.4254, 4.0008)","(-22.8877, -1.1416)","(9.9013, 12.0506)","(-0.8143, -0.2554)","(2.039, -4.3629)","(-3.7886, 11.5905)","(0.9699, -0.7461)","(1.8519, -1.9353)","(0.8518, 1.7559)","(1.1161, -19.7049)"
7.780000000000001137e+01,"(-0.3194, -2.8921)","(-4.7359, 7.7537)","(27.543, 2.0839)","(-5.0828, -16.5672)","(-5.327, -3.511)","(7.999, -0.4441)","(6.0177, -5.1259)","(-2.1574, 0.0539)","(2.8907, -2.8164)","(-0.2733, -0.095)","(-2.6721, 4.4527)","(-13.8512, -0.0517)","(13.1388, 14.266)","(-1.7723, -0.5822)","(4.755, -9.8549)","(-2.0744, 6.7796)","(2.6955, -2.0687)","(3.2549, -2.9658)","(1.8715, 3.2033)","(-0.6217, -8.144)"
7.790000000000000568e+01,"(0.0471, -3.1718)","(-7.591, 12.4913)","(18.4807, 0.1471)","(-7.8382, -23.7548)","(-7.3032, -4.3105)","(14.547, -0.7157)","(2.2539, -4.3003)","(-3.9337, 0.3723)","(1.7099, -1.1509)","(-0.4463, -0.1979)","(-3.8334, 6.8324)","(-5.2174, 0.2888)","(10.411, 8.1872)","(-4.2551, -1.4125)","(9.0263, -20.0502)","(-1.9427, 5.4593)","(7.6282, -5.851)","(6.606, -5.8316)","(3.942, 7.0166)","(-0.5114, -2.5807)"
7.800000000000000000e+01,"(0.3168, -5.7777)","(-9.1548, 16.3644)","(7.4894, -1.1754)","(-5.0992, -11.5835)","(-10.7325, -6.2809)","(20.6951, -1.5388)","(2.1151, -6.0152)","(-8.3017, 0.6978)","(2.6691, -1.1743)","(-1.0379, -0.4738)","(-6.3661, 11.3492)","(-1.4706, 0.1313)","(5.6817, 3.4683)","(-10.6442, -3.5427)","(4.7276, -20.7387)","(-2.8955, 7.2591)","(18.9485, -14.6602)","(13.009, -11.5241)","(8.6006, 14.9877)","(-0.4606, -1.1728)"
7.810000000000000853e+01,"(0.7404, -11.7153)","(-5.5434, 12.9965)","(6.1615, -1.7237)","(-2.4033, -3.9078)","(-14.4381, -8.2941)","(14.7822, -2.5586)","(3.268, -9.627)","(-17.3057, 1.5694)","(5.4115, -2.1169)","(-2.6166, -1.2034)","(-8.974, 16.4432)","(-0.3521, 0.0488)","(3.336, 2.7032)","(-22.8319, -7.4729)","(-2.9212, -7.9568)","(-4.7976, 11.6543)","(19.0095, -15.9565)","(16.304, -15.588)","(15.064, 19.0953)","(-0.8598, -1.7854)"
7.820000000000000284e+01,"(1.0918, -20.904)","(-2.3474, 7.3099)","(8.1998, -2.555)","(-1.8175, -2.1528)","(-13.7982, -7.4039)","(6.5172, -1.9323)","(5.1192, -15.342)","(-23.2847, 4.491)","(11.6029, -4.4317)","(-6.9308, -3.1977)","(-7.1006, 14.584)","(-0.2882, 0.0646)","(3.6815, 4.1014)","(-20.5088, -5.8351)","(-2.6495, -1.7084)","(-6.7703, 16.8173)","(6.198, -7.155)","(7.5921, -9.5416)","(12.14, 3.399)","(-1.787, -3.6894)"
7.830000000000001137e+01,"(-0.3414, -19.3301)","(-1.9297, 4.6997)","(12.0586, -3.785)","(-2.8927, -3.1043)","(-9.2966, -4.5498)","(3.0271, -0.7598)","(5.1346, -17.9327)","(-10.2949, 6.9328)","(20.7331, -8.458)","(-17.4558, -8.0096)","(-3.3517, 8.1709)","(-0.6095, 0.1452)","(6.0414, 7.4473)","(-7.9111, -1.2715)","(-2.9599, 0.0218)","(-5.5648, 15.4704)","(3.6619, -5.6245)","(2.2426, -3.842)","(3.7599, -2.4434)","(-4.0446, -8.4109)"
7.840000000000000568e+01,"(-1.4837, -8.3047)","(-2.9828, 5.3832)","(15.994, -5.1196)","(-5.4055, -5.7895)","(-6.3045, -3.144)","(3.1677, -0.3242)","(2.148, -12.118)","(-2.0048, 3.9126)","(16.1988, -9.3654)","(-25.337, -10.9135)","(-1.9536, 4.5566)","(-1.4945, 0.3546)","(10.5364, 12.9747)","(-4.431, -0.1674)","(-4.9822, 0.5209)","(-2.7117, 9.0441)","(4.2425, -7.2232)","(0.5253, -1.084)","(-0.0722, -2.1489)","(-8.7125, -17.9243)"
7.850000000000000000e+01,"(-0.7712, -2.675)","(-5.2771, 8.6544)","(14.6608, -5.0102)","(-10.4733, -11.2164)","(-6.3229, -3.481)","(5.6723, -0.2929)","(0.801, -6.4614)","(0.2421, 1.6483)","(5.0635, -5.4943)","(-11.0634, -3.209)","(-2.3205, 4.4997)","(-3.9317, 0.9277)","(13.8128, 14.7762)","(-5.6899, 0.0871)","(-9.7595, 0.9436)","(-1.6259, 5.2438)","(5.9061, -10.1698)","(0.0919, -0.2538)","(-1.5001, -2.672)","(-11.1629, -20.823)"
7.860000000000000853e+01,"(-0.2014, -0.6544)","(-8.6566, 14.2283)","(9.4975, -3.5016)","(-15.3371, -15.9358)","(-8.873, -5.1474)","(11.4054, -0.4653)","(1.0493, -4.7148)","(1.1443, 1.7597)","(1.0721, -2.1356)","(-5.7086, -0.7017)","(-3.9538, 7.1081)","(-10.5962, 2.4969)","(10.0082, 7.145)","(-9.2463, 0.1829)","(-18.3244, 2.02)","(-1.9329, 5.1417)","(7.8365, -13.6132)","(0.0219, -0.1794)","(-2.9845, -5.0206)","(-6.0871, -8.2173)"
7.870000000000000284e+01,"(-0.0217, -0.2199)","(-9.0284, 16.9067)","(6.5283, -2.3591)","(-10.5961, -9.7562)","(-13.132, -7.6597)","(20.4608, -1.0611)","(1.968, -6.2699)","(2.329, 3.3022)","(0.0978, -1.4259)","(-6.3427, -0.2249)","(-7.0072, 12.4314)","(-24.3029, 5.8403)","(4.8693, 2.5448)","(-15.4718, 0.3175)","(-20.8513, 4.938)","(-3.2265, 7.8917)","(7.6791, -13.8072)","(0.0286, -0.38)","(-6.0857, -10.5153)","(-2.725, -2.573)"
7.880000000000001137e+01,"(0.0219, -0.4059)","(-4.1213, 11.2684)","(6.8789, -2.2813)","(-4.5409, -3.5871)","(-15.2809, -8.5376)","(19.5371, -2.4774)","(3.6334, -10.6299)","(4.9818, 7.2344)","(-0.1206, -2.3982)","(-9.3359, -0.2129)","(-9.5703, 17.6378)","(-21.3239, 5.9904)","(2.4834, 1.8883)","(-19.5098, 0.6262)","(-9.0181, 6.1702)","(-5.5323, 13.336)","(5.2963, -10.0283)","(0.0721, -0.9419)","(-11.8533, -18.2219)","(-2.4901, -1.6363)"
7.890000000000000568e+01,"(0.0702, -0.9662)","(-1.63, 5.7023)","(9.918, -3.1361)","(-1.5156, -1.1913)","(-11.4629, -5.7752)","(8.4346, -2.6285)","(5.7018, -17.1126)","(10.6286, 15.0964)","(-0.2494, -5.0103)","(-14.4001, -0.3134)","(-6.3909, 13.7187)","(-7.7724, 3.2622)","(2.733, 3.078)","(-13.4045, 0.8845)","(-2.4809, 3.1284)","(-7.2109, 18.1555)","(3.6817, -6.9813)","(0.1998, -2.5052)","(-14.7348, -11.9267)","(-4.122, -2.4863)"
7.900000000000000000e+01,"(0.1924, -2.475)","(-1.6503, 3.8022)","(14.6945, -4.629)","(-0.8849, -0.8562)","(-7.0103, -3.3432)","(2.7389, -1.2061)","(4.7415, -17.8535)","(15.8523, 17.6535)","(-0.5081, -11.2941)","(-18.0376, -0.2006)","(-2.6022, 6.8238)","(-5.1068, 2.8265)","(4.7697, 5.9978)","(-6.6656, 0.6179)","(-0.818, 0.8869)","(-4.6963, 13.9293)","(3.7029, -6.6632)","(0.5649, -6.931)","(-7.8577, 0.1243)","(-7.8652, -4.7573)"
7.910000000000000853e+01,"(0.5333, -6.6569)","(-2.877, 4.9723)","(16.6163, -5.4669)","(-1.528, -1.6228)","(-5.5236, -2.8923)","(0.7501, -0.3001)","(1.3666, -10.3001)","(10.5495, 4.2828)","(-1.3951, -22.2363)","(-14.0321, 0.2589)","(-1.4572, 3.4825)","(-6.5003, 3.909)","(9.2156, 11.7449)","(-4.19, 0.2735)","(-0.8692, 0.2503)","(-1.986, 7.1686)","(5.0683, -8.8052)","(1.4294, -18.3365)","(-2.1048, 1.3249)","(-14.8705, -8.9483)"
7.920000000000000284e+01,"(1.3423, -17.354)","(-5.4148, 8.6883)","(11.8577, -4.2765)","(-3.3161, -3.5848)","(-6.9657, -3.9821)","(0.5586, -0.0681)","(0.5032, -5.0089)","(3.9321, -0.6609)","(-3.8717, -20.3086)","(-8.1617, 0.346)","(-1.8927, 3.6219)","(-9.7319, 5.8916)","(14.4553, 16.6986)","(-5.311, 0.1619)","(-1.7819, 0.188)","(-1.2883, 4.1048)","(7.2656, -12.5446)","(1.0437, -28.913)","(-0.1422, 0.8312)","(-18.9083, -10.6705)"
7.930000000000001137e+01,"(1.1662, -28.6089)","(-9.2714, 15.0419)","(7.1176, -2.6712)","(-7.6844, -8.3411)","(-10.7625, -6.3233)","(1.1619, -0.0493)","(0.9033, -3.8227)","(1.3523, -1.5461)","(-4.1472, -7.0412)","(-5.8103, 0.1195)","(-3.476, 6.1812)","(-13.9635, 8.5056)","(11.8392, 9.0859)","(-9.2654, 0.1799)","(-4.0847, 0.2982)","(-1.7941, 4.6261)","(8.3254, -14.701)","(-2.6429, -12.0201)","(0.4966, 0.9982)","(-10.9722, -4.9393)"
7.940000000000000568e+01,"(-2.3888, -12.8007)","(-9.2916, 17.6138)","(5.8525, -2.0288)","(-15.5705, -16.6813)","(-15.2221, -8.8026)","(2.7347, -0.0802)","(1.8433, -5.6462)","(1.3057, -2.774)","(-2.3747, -1.8364)","(-7.0123, -0.0741)","(-6.6744, 11.7106)","(-14.3167, 8.9867)","(5.6169, 2.2672)","(-16.3779, 0.3129)","(-9.9122, 0.6329)","(-3.2426, 7.8108)","(6.2808, -11.7152)","(-3.3978, -5.5431)","(1.1329, 2.0206)","(-4.3453, -1.5413)"
7.950000000000000000e+01,"(-3.0841, -5.4269)","(-3.4601, 10.6825)","(7.7002, -2.468)","(-14.8853, -14.4999)","(-14.3445, -7.6563)","(6.8849, -0.1705)","(3.611, -10.3144)","(2.48, -5.4082)","(-2.6799, -0.8593)","(-11.0601, -0.2451)","(-10.1854, 18.4507)","(-9.441, 6.239)","(1.891, 0.7065)","(-20.4875, 0.6721)","(-21.6936, 1.8514)","(-5.8629, 14.0078)","(3.9592, -7.6333)","(-4.7189, -5.4005)","(2.5732, 4.7828)","(-1.4587, -0.5653)"
7.960000000000000853e+01,"(-4.229, -4.9334)","(-1.0629, 4.7646)","(12.0692, -3.7716)","(-6.4381, -4.786)","(-8.8834, -4.206)","(16.9863, -0.4634)","(6.0468, -17.7466)","(5.2893, -11.3222)","(-4.6521, -1.2008)","(-16.9166, -0.3479)","(-7.0765, 15.0293)","(-5.8206, 3.8754)","(0.9098, 0.7826)","(-12.7063, 0.9474)","(-22.4782, 6.1983)","(-7.6334, 19.2213)","(3.3169, -6.1159)","(-6.8203, -7.4102)","(6.1882, 11.6036)","(-1.209, -0.6636)"
7.970000000000000284e+01,"(-6.2624, -6.8436)","(-1.0721, 2.6917)","(16.8945, -5.3705)","(-2.902, -1.5456)","(-5.439, -2.6302)","(27.2837, -1.8224)","(5.0295, -18.8492)","(8.6127, -20.4413)","(-9.1917, -2.4204)","(-17.867, -0.0256)","(-2.439, 6.9323)","(-5.3751, 3.4005)","(1.3428, 1.6497)","(-5.6072, 0.6039)","(-5.5627, 7.2941)","(-4.3707, 13.5025)","(4.2184, -7.3912)","(-9.8671, -10.6411)","(13.4754, 21.4383)","(-2.2978, -1.384)"
7.980000000000001137e+01,"(-9.4689, -10.2979)","(-2.0492, 3.5239)","(15.2547, -5.235)","(-3.3527, -1.3503)","(-5.3364, -2.9329)","(12.7041, -3.8067)","(1.0385, -10.0621)","(3.2132, -18.2415)","(-17.6404, -4.5135)","(-11.2003, 0.4116)","(-0.913, 2.6574)","(-7.5562, 4.6135)","(2.8078, 3.6945)","(-2.9919, 0.2243)","(0.4289, 4.0613)","(-1.5573, 6.2175)","(6.2995, -10.8413)","(-11.8276, -12.2063)","(15.5685, 9.1752)","(-5.1069, -3.1335)"
7.990000000000000568e+01,"(-12.1586, -12.7315)","(-4.1619, 6.5654)","(9.0111, -3.4099)","(-5.7389, -2.2214)","(-7.9114, -4.6262)","(4.4365, -3.3256)","(0.1431, -4.1708)","(-2.2574, -7.1478)","(-21.5054, -3.914)","(-6.1754, 0.2847)","(-0.8758, 1.802)","(-11.8574, 7.1785)","(6.459, 8.6421)","(-3.7857, 0.1146)","(2.5095, 3.817)","(-0.8768, 3.0059)","(8.4254, -14.6402)","(-9.7453, -9.0912)","(5.6869, -3.6059)","(-11.7618, -7.2337)"
8.000000000000000000e+01,"(-10.4115, -9.8008)","(-8.2534, 12.9176)","(5.5638, -2.0626)","(-10.9494, -4.2574)","(-12.7708, -7.5409)","(3.1606, -3.9921)","(0.4618, -2.4164)","(-1.5278, -1.7877)","(-11.2253, 0.4885)","(-5.2064, 0.0412)","(-1.682, 3.0018)","(-15.4836, 9.5115)","(13.6349, 17.5167)","(-7.0378, 0.1234)","(4.4527, 5.9496)","(-1.2629, 3.2656)","(7.5664, -13.7628)","(-6.4147, -5.6303)","(-0.4178, -3.8736)","(-21.3056, -12.6808)"
8.010000000000000853e+01,"(-6.5938, -5.6594)","(-11.2671, 19.3783)","(5.7599, -1.9144)","(-18.7187, -7.1464)","(-16.4133, -9.3257)","(4.3821, -6.1566)","(1.1217, -3.4636)","(-1.015, -0.2327)","(-3.9458, 0.9858)","(-7.4774, -0.1358)","(-3.5902, 6.223)","(-12.4201, 8.0079)","(15.7254, 14.8942)","(-13.9531, 0.2163)","(7.8962, 10.6228)","(-2.4453, 5.8408)","(4.6679, -9.0232)","(-4.9608, -4.7189)","(-2.7395, -4.54)","(-15.3064, -7.3924)"
8.020000000000000284e+01,"(-4.6006, -4.2457)","(-5.0064, 13.6003)","(8.7967, -2.7603)","(-17.8745, -6.0969)","(-12.4404, -6.2619)","(7.2511, -10.1975)","(2.4116, -6.7534)","(-1.6198, 0.1124)","(-1.0773, 0.3059)","(-12.6543, -0.3158)","(-7.6692, 13.2699)","(-7.0589, 4.7712)","(8.1288, 2.5276)","(-22.0316, 0.5228)","(12.5588, 15.4715)","(-4.9288, 11.596)","(3.1656, -6.0346)","(-5.7976, -6.0624)","(-4.8637, -7.6036)","(-6.0499, -1.6908)"
8.030000000000001137e+01,"(-5.0915, -5.2814)","(-0.7156, 5.6657)","(14.2928, -4.4456)","(-8.6104, -2.2206)","(-6.7984, -3.0731)","(10.467, -15.1686)","(4.9929, -13.8283)","(-3.3951, 0.2736)","(-0.4479, -0.016)","(-18.8354, -0.3592)","(-11.5395, 20.9734)","(-4.7452, 3.1138)","(3.3268, -0.745)","(-16.2026, 1.0181)","(12.5718, 10.6922)","(-8.1358, 19.6907)","(3.4357, -6.1305)","(-8.4513, -9.1424)","(-8.5767, -13.2279)","(-3.0056, -0.2318)"
8.040000000000000568e+01,"(-7.5867, -8.247)","(-0.1303, 1.7608)","(18.029, -5.8299)","(-3.261, -0.7384)","(-4.4188, -2.2065)","(8.6565, -14.3535)","(7.1273, -21.8307)","(-7.894, 0.5477)","(-0.7861, -0.1929)","(-16.7817, 0.1608)","(-5.7913, 13.6059)","(-5.5414, 3.4331)","(2.9112, -2.0582)","(-6.6233, 0.8306)","(7.3125, 3.3746)","(-5.9433, 17.0359)","(5.0885, -8.7738)","(-11.6119, -12.349)","(-12.9369, -15.6324)","(-3.9598, 0.0862)"
8.050000000000000000e+01,"(-11.3022, -12.2119)","(-0.2619, 0.7194)","(12.9766, -4.6795)","(-1.6587, -0.5095)","(-5.2795, -2.9988)","(4.0552, -8.4087)","(2.6253, -15.2018)","(-17.8693, 1.3822)","(-1.7952, -0.4972)","(-8.9951, 0.4802)","(-1.3258, 5.2754)","(-8.7885, 5.318)","(4.6971, -3.7302)","(-2.135, 0.3113)","(3.3872, 1.7244)","(-1.7434, 7.5758)","(7.6828, -13.1999)","(-11.3423, -11.0959)","(-11.6248, -6.6117)","(-7.033, 0.2055)"
8.060000000000000853e+01,"(-12.2839, -12.3365)","(-0.6702, 1.0991)","(6.822, -2.6696)","(-2.4596, -0.9249)","(-8.6958, -5.1549)","(2.2821, -4.6035)","(-0.3048, -5.9449)","(-24.9953, 4.6562)","(-4.462, -1.2769)","(-4.7521, 0.2281)","(-0.1397, 1.8589)","(-13.9383, 8.4333)","(8.9663, -7.0439)","(-0.8639, 0.0707)","(2.5099, 2.501)","(-0.4549, 2.5598)","(8.7449, -15.455)","(-7.6741, -6.7111)","(-6.0309, -1.2645)","(-13.5055, 0.3769)"
8.070000000000000284e+01,"(-8.4904, -7.4258)","(-1.564, 2.3841)","(4.5636, -1.65)","(-5.0228, -1.965)","(-14.4132, -8.5326)","(2.6521, -4.2129)","(-0.3513, -1.7066)","(-9.467, 7.6084)","(-11.4332, -3.2925)","(-4.5703, -0.001)","(0.1643, 1.9276)","(-15.7763, 9.8169)","(15.2408, -12.4491)","(-1.3394, 0.0313)","(3.6447, 4.7458)","(-0.2291, 0.8678)","(6.0175, -11.3947)","(-5.0143, -4.4807)","(-3.0042, -1.5605)","(-21.2854, 0.868)"
8.080000000000001137e+01,"(-5.0113, -4.2631)","(-3.8152, 5.7024)","(5.7299, -1.8491)","(-11.0322, -4.3508)","(-16.8623, -9.401)","(4.496, -6.4182)","(-0.2598, -0.5066)","(-0.8989, 4.4674)","(-24.4335, -6.4444)","(-7.3401, -0.1664)","(0.38, 3.5678)","(-10.1236, 6.7236)","(13.3954, -13.8711)","(-2.9105, 0.0383)","(6.7879, 9.3973)","(-0.4343, 1.0851)","(3.4469, -6.7798)","(-4.8307, -4.8748)","(-2.6533, -3.2222)","(-16.5665, 1.6773)"
8.090000000000000568e+01,"(-4.1275, -4.0316)","(-9.0753, 13.6326)","(9.6393, -2.985)","(-20.8885, -8.0668)","(-10.7958, -5.125)","(7.9976, -11.1771)","(-0.4914, -0.6116)","(1.556, 3.0782)","(-20.1406, -1.6895)","(-13.2545, -0.3632)","(0.7891, 7.6405)","(-5.3197, 3.641)","(4.4882, -8.1314)","(-6.9064, 0.0726)","(12.1761, 15.9725)","(-0.9794, 2.2886)","(2.8409, -5.254)","(-6.7622, -7.2847)","(-4.0605, -6.3862)","(-7.092, 1.4205)"
8.100000000000000000e+01,"(-5.5692, -5.9751)","(-13.5717, 22.7953)","(16.0523, -4.9787)","(-18.6772, -6.2202)","(-5.3258, -2.3067)","(11.2429, -16.3942)","(-1.078, -1.3025)","(3.1482, 4.2989)","(-7.0198, 2.9706)","(-20.1259, -0.3959)","(1.7142, 16.4233)","(-4.0815, 2.6301)","(1.3419, -3.2695)","(-16.2962, 0.1802)","(13.9946, 13.0984)","(-2.3331, 5.3697)","(3.8407, -6.6923)","(-10.2623, -11.1452)","(-7.5871, -12.4081)","(-2.5778, 0.5538)"
8.110000000000000853e+01,"(-8.9669, -9.8511)","(-3.5462, 13.3666)","(18.4222, -6.0576)","(-7.641, -1.5928)","(-3.5392, -1.7972)","(7.8247, -13.6834)","(-2.5885, -3.163)","(5.7489, 7.8703)","(-3.2375, 3.7007)","(-16.5513, 0.2609)","(3.152, 24.1218)","(-5.6853, 3.475)","(1.0717, -1.4387)","(-26.2559, 0.634)","(8.2995, 3.3509)","(-5.6065, 12.89)","(6.163, -10.5386)","(-12.484, -12.8954)","(-12.9233, -17.456)","(-1.665, 0.1621)"
8.120000000000000284e+01,"(-12.7199, -13.5736)","(1.0422, 5.2413)","(11.1548, -4.2078)","(-2.6592, -0.2258)","(-4.7689, -2.7566)","(3.1112, -7.0936)","(-6.5368, -8.0302)","(10.4608, 14.0017)","(-3.4878, 5.5617)","(-7.9148, 0.547)","(3.277, 13.0228)","(-9.7637, 5.875)","(2.0108, -1.7222)","(-13.8308, 1.3192)","(3.1977, 0.6979)","(-9.9142, 23.7881)","(8.8597, -15.2892)","(-9.6971, -8.8349)","(-13.0194, -8.0973)","(-2.844, 0.1028)"
8.130000000000001137e+01,"(-11.3981, -10.8239)","(2.339, 3.4315)","(5.3104, -2.1442)","(-2.1503, 0.1063)","(-8.5038, -5.0909)","(1.6959, -3.5398)","(-14.8264, -17.7444)","(14.0795, 15.1698)","(-5.4738, 8.9392)","(-3.6063, 0.228)","(1.9318, 4.4144)","(-15.5431, 9.4047)","(4.2611, -3.3033)","(-5.1606, 1.1079)","(1.2628, 0.7674)","(-4.9136, 15.9906)","(8.0584, -14.6368)","(-5.8248, -4.9211)","(-6.4194, -0.2567)","(-6.01, 0.1418)"
8.140000000000000568e+01,"(-6.7169, -5.5116)","(3.9775, 4.7434)","(3.6348, -1.3004)","(-3.6872, 0.2829)","(-14.9842, -8.9374)","(2.1758, -3.3935)","(-16.4863, -15.8827)","(10.1208, 5.7662)","(-8.4958, 14.1164)","(-3.2668, 0.0051)","(1.1711, 1.6705)","(-15.4832, 9.7587)","(9.3936, -7.1317)","(-3.6777, 1.217)","(1.3443, 1.6398)","(-0.6146, 6.2081)","(4.5118, -8.8938)","(-4.2344, -3.9834)","(-2.3097, -0.0888)","(-13.3019, 0.2864)"
8.150000000000000000e+01,"(-3.9015, -3.3793)","(6.9221, 8.2418)","(5.1071, -1.6227)","(-7.5194, 0.5653)","(-17.7527, -9.9027)","(3.983, -5.6024)","(-8.0093, -3.3546)","(4.5698, 1.4286)","(-8.6069, 16.2837)","(-5.5476, -0.1366)","(1.7975, 2.0213)","(-8.4331, 5.7542)","(17.382, -13.8754)","(-5.4241, 1.9699)","(2.527, 3.5727)","(0.3822, 3.7957)","(2.6629, -5.2154)","(-5.1173, -5.3943)","(-1.2567, -1.0655)","(-23.6718, 0.8148)"
8.160000000000000853e+01,"(-3.8667, -3.948)","(11.6171, 13.5462)","(9.272, -2.8433)","(-15.6805, 1.1826)","(-10.523, -4.8154)","(7.65, -10.5443)","(-4.6795, -0.0191)","(1.9809, 1.1898)","(-4.2062, 11.1218)","(-10.9121, -0.3331)","(3.4316, 3.7929)","(-4.0881, 2.8352)","(13.2556, -14.6442)","(-9.5576, 3.4746)","(5.5491, 8.127)","(0.9103, 5.2688)","(2.7616, -4.9583)","(-7.9961, -8.7535)","(-1.6049, -2.4616)","(-17.4883, 1.9285)"
8.170000000000000284e+01,"(-5.97, -6.5379)","(13.4539, 13.609)","(16.5193, -5.0802)","(-23.5033, 2.1559)","(-4.5719, -1.8173)","(11.9116, -17.0254)","(-5.728, 1.0277)","(1.9333, 2.2493)","(-1.9402, 6.0519)","(-19.6755, -0.5259)","(7.1928, 7.9969)","(-3.3488, 2.139)","(2.6047, -7.4467)","(-16.3904, 5.9961)","(11.8226, 16.6645)","(1.6011, 9.0876)","(4.3119, -7.4055)","(-11.9417, -12.8917)","(-3.1204, -5.4717)","(-6.4158, 1.7426)"
8.180000000000001137e+01,"(-10.114, -11.1836)","(8.7342, 6.3636)","(19.5624, -6.4063)","(-14.0476, 2.3207)","(-2.396, -1.1483)","(8.6005, -14.8608)","(-9.0851, 1.7959)","(3.3686, 4.6449)","(-2.0503, 4.4782)","(-20.1478, 0.0388)","(13.8563, 15.1933)","(-5.1843, 3.1455)","(-0.1922, -2.6524)","(-18.5392, 7.1428)","(15.9519, 16.2887)","(2.829, 15.9138)","(7.2179, -12.291)","(-12.212, -12.0527)","(-6.8383, -12.2102)","(-2.214, 1.0283)"
8.190000000000000568e+01,"(-13.6067, -14.3229)","(4.2063, 2.6791)","(11.0194, -4.2542)","(-5.0632, 1.3847)","(-3.103, -1.788)","(2.873, -7.2086)","(-14.946, 2.99)","(6.9168, 9.8776)","(-3.4345, 5.929)","(-9.5217, 0.7021)","(14.8986, 14.7655)","(-9.5717, 5.7321)","(-1.0542, -1.7091)","(-10.4722, 4.5723)","(9.3695, 2.5441)","(4.0206, 19.9569)","(9.5695, -16.6471)","(-7.8348, -6.6427)","(-13.5049, -20.0618)","(-2.1416, 1.3997)"
8.200000000000000000e+01,"(-10.4122, -9.3491)","(2.5978, 2.3163)","(4.5594, -1.9533)","(-1.5149, 0.5881)","(-5.8725, -3.5403)","(1.0585, -2.8089)","(-18.7006, 4.4235)","(13.0931, 17.4253)","(-6.1408, 9.9656)","(-3.3862, 0.4022)","(7.3358, 5.4802)","(-16.2351, 9.7824)","(-2.0995, -2.7096)","(-4.588, 2.1372)","(3.2602, -1.1831)","(3.4268, 12.4792)","(6.953, -13.052)","(-4.4524, -3.7589)","(-14.4448, -8.259)","(-3.775, 2.5722)"
8.210000000000000853e+01,"(-5.4392, -4.2152)","(3.3971, 3.8396)","(2.3528, -0.8931)","(-1.1871, 0.6483)","(-11.8996, -7.2238)","(1.0422, -1.7849)","(-12.8391, 4.4401)","(14.4152, 12.5751)","(-9.4483, 15.7657)","(-1.1575, 0.0901)","(2.6318, 1.4863)","(-16.2825, 10.2633)","(-4.2692, -5.5616)","(-2.8343, 1.1826)","(1.4313, -2.2204)","(1.858, 5.5462)","(3.4038, -6.9391)","(-3.8295, -3.7919)","(-5.7928, 2.1614)","(-7.7455, 5.2474)"
8.220000000000000284e+01,"(-3.0429, -2.6538)","(6.131, 7.3742)","(3.1189, -0.9981)","(-2.1634, 1.2482)","(-19.3529, -11.3746)","(2.0079, -2.8382)","(-6.4135, 2.8034)","(7.6567, 1.8937)","(-7.9581, 16.0892)","(-1.292, -0.0141)","(1.1046, 0.3785)","(-8.0928, 5.627)","(-9.0423, -11.8036)","(-4.0281, 1.5052)","(1.7717, -3.9339)","(0.8523, 3.0912)","(2.1273, -4.1205)","(-5.4767, -5.9315)","(-0.5589, 2.3704)","(-15.2626, 10.4123)"
8.230000000000001137e+01,"(-3.3781, -3.5311)","(11.2711, 13.4586)","(6.0055, -1.83)","(-4.7268, 2.7155)","(-14.6804, -7.2963)","(4.2663, -5.7946)","(-4.2945, 1.4783)","(2.4734, -0.3812)","(-2.9999, 9.4182)","(-2.6528, -0.0828)","(1.5929, 0.3526)","(-3.3078, 2.3863)","(-15.3023, -18.0913)","(-7.6344, 2.7664)","(3.4868, -7.6495)","(0.7848, 3.9691)","(2.6392, -4.6477)","(-9.1569, -10.1164)","(1.2839, 2.5421)","(-18.0918, 13.2384)"
8.240000000000000568e+01,"(-5.707, -6.3336)","(14.5286, 15.2476)","(12.398, -3.7432)","(-10.8878, 6.2392)","(-6.176, -2.2153)","(9.0589, -12.27)","(-5.5623, 1.2924)","(0.7219, -0.7034)","(-1.3923, 4.6884)","(-6.0947, -0.2174)","(3.2435, 0.6932)","(-2.0946, 1.3709)","(-12.3732, -9.0741)","(-14.801, 5.3517)","(6.7954, -15.075)","(1.2848, 7.3247)","(4.529, -7.7093)","(-13.1611, -14.0642)","(2.6586, 4.4099)","(-8.1931, 7.5128)"
8.250000000000000000e+01,"(-10.3361, -11.5406)","(9.5106, 6.7612)","(21.1708, -6.5626)","(-20.5957, 12.0428)","(-1.9173, -0.5521)","(13.556, -19.5478)","(-9.5788, 1.8855)","(0.6637, -1.3378)","(-1.7757, 3.6881)","(-14.3077, -0.5148)","(7.3879, 1.6059)","(-3.231, 1.9621)","(-5.5434, -1.4275)","(-20.7549, 7.786)","(7.4255, -21.2886)","(2.456, 14.2615)","(7.9134, -13.4255)","(-11.3936, -10.679)","(5.2907, 9.0683)","(-2.5554, 2.9285)"
8.260000000000000853e+01,"(-14.3886, -15.2178)","(4.1303, 2.1024)","(16.7513, -5.9528)","(-15.7103, 10.4307)","(-0.4369, -0.1159)","(6.6709, -13.277)","(-16.386, 3.2331)","(1.3324, -2.809)","(-3.2566, 5.4454)","(-25.4505, -0.6342)","(16.6739, 3.5961)","(-6.4096, 3.8223)","(-1.8305, 0.2537)","(-12.803, 5.4936)","(0.0658, -13.0929)","(4.0624, 21.5383)","(10.0379, -17.5464)","(-6.3558, -5.058)","(10.4927, 16.8067)","(-0.6268, 0.9098)"
8.270000000000000284e+01,"(-10.4628, -9.1516)","(1.6195, 1.1007)","(6.6005, -2.9574)","(-5.3305, 4.6865)","(-0.0874, -0.0318)","(1.3493, -5.3265)","(-19.3115, 4.7541)","(3.1684, -6.4855)","(-6.1963, 9.8629)","(-16.3158, 0.6721)","(24.9452, 4.6494)","(-13.0596, 7.775)","(-1.3656, 0.8972)","(-4.9487, 2.454)","(-1.7866, -4.6084)","(3.9208, 14.9804)","(6.2382, -12.0363)","(-3.4552, -2.932)","(14.8843, 14.872)","(-0.37, 0.7907)"
8.280000000000001137e+01,"(-4.9543, -3.5518)","(1.577, 1.698)","(1.9896, -1.0269)","(-1.9528, 2.3214)","(-0.1058, -0.0621)","(0.0341, -1.7985)","(-11.3798, 4.4003)","(7.2443, -14.9969)","(-10.0518, 16.5174)","(-5.9496, 1.0286)","(12.9642, 0.6427)","(-19.644, 11.9559)","(-2.3664, 1.8218)","(-1.6235, 0.8056)","(-0.6573, -1.2566)","(2.2236, 6.0002)","(2.7028, -5.7153)","(-3.3975, -3.4739)","(9.5841, 1.462)","(-0.6625, 1.5374)"
8.290000000000000568e+01,"(-2.2129, -1.7767)","(2.8804, 3.4886)","(0.5308, -0.3293)","(-2.0515, 2.9723)","(-0.2572, -0.1588)","(-0.3794, -1.6534)","(-5.0649, 2.448)","(9.1519, -24.1569)","(-8.1972, 16.7514)","(-3.2373, 1.0287)","(4.7092, -0.7131)","(-12.2829, 8.225)","(-5.1096, 3.8773)","(-1.0866, 0.438)","(-0.0351, -0.449)","(0.782, 2.0365)","(1.5941, -3.1188)","(-5.4251, -5.9737)","(3.0658, -1.1945)","(-1.5099, 3.4837)"
8.300000000000000000e+01,"(-2.1836, -2.2553)","(6.1463, 7.6432)","(0.519, -0.3935)","(-3.5289, 5.2236)","(-0.6705, -0.4175)","(-0.8138, -3.0237)","(-3.2491, 1.1387)","(-1.1614, -13.4077)","(-2.4664, 9.0135)","(-4.4223, 1.6726)","(2.9016, -1.0902)","(-4.4907, 3.428)","(-11.3968, 8.6195)","(-2.0179, 0.7355)","(0.2528, -0.6377)","(0.3125, 1.2647)","(2.1266, -3.7209)","(-9.6614, -10.7687)","(0.5837, -0.6144)","(-3.694, 8.4703)"
8.310000000000000853e+01,"(-3.8436, -4.2937)","(12.5767, 15.3337)","(1.0693, -0.8297)","(-6.8435, 10.0969)","(-1.8446, -1.1537)","(-1.7248, -6.5196)","(-4.5339, 1.0143)","(-3.5608, -3.5402)","(-0.8364, 3.8258)","(-7.7851, 2.9696)","(4.2579, -1.9177)","(-1.2544, 1.0399)","(-18.8061, 15.556)","(-4.4588, 1.5932)","(0.6697, -1.4005)","(0.4024, 2.2405)","(3.9229, -6.6387)","(-14.0035, -14.9538)","(-0.0729, -0.414)","(-8.2256, 19.1042)"
8.320000000000000284e+01,"(-7.7581, -8.8099)","(15.729, 16.0575)","(2.5483, -1.9704)","(-11.4354, 17.134)","(-5.2477, -3.2898)","(-3.8149, -14.4356)","(-8.3935, 1.5894)","(-3.4639, -0.3124)","(-1.0617, 2.4158)","(-14.2839, 5.4514)","(7.8324, -3.5369)","(-0.3509, 0.3357)","(-9.7014, 13.0356)","(-10.4337, 3.7104)","(1.7081, -3.4225)","(0.8103, 4.8571)","(7.4952, -12.6261)","(-11.1392, -10.0983)","(-0.3622, -0.6774)","(-8.6709, 22.8333)"
8.330000000000001137e+01,"(-14.0504, -15.6058)","(8.7683, 4.8806)","(6.4685, -4.9874)","(-9.6053, 15.7055)","(-14.4477, -9.0175)","(-6.9403, -23.5622)","(-15.7702, 2.9577)","(-5.186, 0.5558)","(-2.1269, 3.5497)","(-19.6265, 7.786)","(14.6922, -6.6529)","(-0.418, 0.4549)","(-1.1571, 5.8873)","(-21.2954, 7.6813)","(4.4449, -8.785)","(1.8322, 11.1761)","(10.8258, -18.6901)","(-5.5992, -4.1649)","(-0.8397, -1.5601)","(-1.8867, 9.7223)"
8.340000000000000568e+01,"(-13.9353, -13.4432)","(3.3588, 0.6691)","(15.4892, -11.9968)","(-3.7728, 7.4378)","(-25.7372, -15.1815)","(-6.4621, -13.9684)","(-21.0627, 4.8343)","(-9.345, 1.0246)","(-4.4159, 6.8982)","(-12.9394, 5.8561)","(19.4759, -9.4046)","(-0.8979, 0.9879)","(0.7561, 2.3617)","(-19.7287, 7.8804)","(9.7662, -20.4377)","(3.8438, 22.3016)","(6.9876, -13.4006)","(-2.6237, -2.1172)","(-2.0551, -3.9643)","(0.0706, 4.2974)"
8.350000000000000000e+01,"(-6.9069, -4.7894)","(1.7724, -0.378)","(20.4543, -16.6271)","(-1.2824, 2.7259)","(-12.6343, -4.7495)","(-3.5705, -4.3594)","(-12.53, 4.8436)","(-16.778, 1.9744)","(-8.8188, 13.7702)","(-5.4814, 2.8305)","(11.4678, -6.8228)","(-2.1879, 2.4001)","(1.8033, 2.4534)","(-7.3047, 3.7925)","(5.7969, -23.1661)","(4.7308, 20.2056)","(2.6157, -5.8197)","(-2.4822, -2.538)","(-5.2937, -10.3089)","(0.7094, 4.5218)"
8.360000000000000853e+01,"(-2.4219, -1.3155)","(2.6184, -0.9982)","(7.728, -7.8647)","(-0.724, 1.2696)","(-7.0566, -0.7565)","(-1.9836, -1.3421)","(-4.7731, 2.7159)","(-20.3357, 4.3965)","(-11.3094, 19.806)","(-2.4446, 1.1922)","(4.4028, -3.1822)","(-5.6382, 6.1728)","(3.408, 4.3501)","(-2.8395, 1.9048)","(-4.3814, -7.9863)","(3.1043, 7.4504)","(0.9907, -2.1741)","(-4.1967, -4.6621)","(-12.6619, -21.7406)","(1.279, 7.2103)"
8.370000000000000284e+01,"(-0.6007, -0.2884)","(5.1995, -2.0055)","(2.9963, -4.0838)","(-1.2275, 1.8559)","(-7.5997, 0.1627)","(-2.7857, -1.2468)","(-1.908, 0.9472)","(-10.7682, 5.9007)","(-4.1903, 12.6773)","(-2.6263, 1.07)","(1.7364, -1.167)","(-13.5717, 14.9178)","(6.8467, 8.8617)","(-2.956, 2.3367)","(-4.7889, -1.3355)","(1.7426, 2.659)","(0.9138, -1.6601)","(-8.1787, -9.2426)","(-16.9021, -12.0837)","(2.2468, 12.7297)"
8.380000000000001137e+01,"(-0.1148, -0.0533)","(11.221, -4.2687)","(2.8069, -4.6335)","(-2.6117, 3.835)","(-10.2751, 0.4445)","(-5.1457, -2.2125)","(-1.9914, 0.5128)","(-3.8665, 3.4303)","(-0.396, 4.9873)","(-4.8538, 1.8561)","(1.8006, -0.9043)","(-17.2864, 19.8027)","(12.8139, 15.9457)","(-4.9551, 3.9977)","(-6.0826, 0.5783)","(2.2101, 2.5028)","(1.7354, -2.9409)","(-14.0692, -15.4976)","(-6.4351, 4.4963)","(3.6161, 19.2899)"
8.390000000000000568e+01,"(-0.0199, -0.0139)","(20.5865, -8.3203)","(4.2028, -7.1481)","(-5.9134, 8.6254)","(-14.206, 0.6611)","(-10.4721, -4.5497)","(-3.805, 0.7182)","(-2.1886, 1.2273)","(0.0615, 1.3993)","(-10.0333, 3.7828)","(3.463, -1.5713)","(-6.227, 8.6837)","(14.4711, 13.9191)","(-9.3633, 7.5382)","(-9.4493, 1.2592)","(3.8546, 4.1946)","(3.7359, -6.2402)","(-13.2608, -12.6278)","(0.8823, 5.0626)","(3.8748, 16.3602)"
8.400000000000000000e+01,"(-0.0286, -0.0321)","(16.8599, -9.5321)","(6.9482, -11.821)","(-11.9437, 17.6031)","(-16.3102, 0.9989)","(-19.136, -8.0467)","(-8.2135, 1.4289)","(-3.064, 0.5994)","(0.0428, 0.2988)","(-18.8648, 7.1971)","(7.5032, -3.3272)","(-2.5118, 4.5481)","(8.0842, 3.8914)","(-15.581, 12.67)","(-15.1455, 2.1113)","(7.4398, 8.1306)","(8.0666, -13.47)","(-6.6068, -4.6745)","(3.656, 5.7448)","(2.5293, 8.0183)"
8.410000000000000853e+01,"(-0.0731, -0.0853)","(5.2879, -5.7025)","(9.4658, -16.4171)","(-11.6119, 18.6141)","(-13.196, 1.2264)","(-18.8156, -6.2635)","(-17.3295, 3.0686)","(-5.9104, 0.6342)","(0.0392, 0.0818)","(-19.2235, 8.0057)","(15.9183, -7.0895)","(-2.4668, 5.2565)","(2.93, 0.6572)","(-13.9956, 12.0261)","(-18.3794, 3.9025)","(13.3107, 14.3682)","(12.1934, -20.987)","(-2.3871, -1.478)","(6.0001, 8.8692)","(1.1851, 3.8511)"
8.420000000000000284e+01,"(-0.1985, -0.2334)","(1.1019, -2.2916)","(7.2813, -13.5455)","(-3.8323, 8.1504)","(-8.9796, 0.9971)","(-8.6197, -1.1806)","(-23.3236, 5.3857)","(-12.2628, 1.1053)","(0.0903, 0.1182)","(-8.3224, 4.2938)","(21.6825, -10.4504)","(-3.6843, 8.0378)","(0.7349, 0.0887)","(-6.2894, 6.0272)","(-12.2886, 5.2049)","(14.1233, 14.0317)","(6.4209, -12.8562)","(-0.8936, -0.7283)","(9.5197, 13.4419)","(0.7933, 3.6132)"
8.430000000000001137e+01,"(-0.5636, -0.6657)","(0.0879, -1.6616)","(3.6457, -7.385)","(-0.9788, 3.0936)","(-7.4992, 0.6491)","(-2.8691, -0.0063)","(-11.0773, 5.1734)","(-21.5907, 2.7202)","(0.2229, 0.2853)","(-2.6769, 1.6198)","(10.4276, -6.7465)","(-5.9453, 12.9843)","(0.1413, 0.0189)","(-2.398, 2.3741)","(-6.1482, 3.6473)","(7.4178, 6.0178)","(1.8711, -4.8759)","(-1.1266, -1.2149)","(12.3818, 13.1249)","(1.0975, 6.0485)"
8.440000000000000568e+01,"(-1.6535, -1.9588)","(-0.1483, -2.8056)","(2.2176, -4.3183)","(-0.4674, 2.6743)","(-9.006, 0.5117)","(-0.7031, 0.0673)","(-3.2886, 2.796)","(-17.6314, 6.1831)","(0.5863, 0.758)","(-0.6978, 0.4979)","(3.256, -2.9575)","(-7.6692, 17.1032)","(0.0377, 0.0299)","(-1.5071, 1.33)","(-4.6076, 1.82)","(2.8383, 2.0482)","(0.5088, -1.96)","(-2.3043, -2.6248)","(10.1927, 5.8146)","(2.0035, 11.5823)"
8.450000000000000000e+01,"(-4.9228, -5.8368)","(-0.2961, -5.8024)","(2.629, -4.6517)","(-0.6607, 4.4781)","(-12.7493, 0.5851)","(-0.2357, 0.0824)","(-0.9651, 1.6352)","(-5.4412, 5.5237)","(1.6245, 2.1169)","(-0.5243, 0.4704)","(1.161, -1.5851)","(-5.621, 13.4115)","(0.0674, 0.0879)","(-2.4594, 2.0072)","(-6.211, 1.2043)","(1.0737, 0.9068)","(0.4314, -2.4327)","(-5.2828, -6.0989)","(5.9427, 2.6268)","(3.5568, 19.7044)"
8.460000000000000853e+01,"(-13.6181, -15.9696)","(-0.6075, -12.7729)","(4.4291, -7.5526)","(-1.3088, 8.7854)","(-16.4209, 0.867)","(-0.3676, 0.1871)","(-0.9211, 2.469)","(-1.0467, 2.2121)","(4.6325, 6.0576)","(-1.017, 0.9485)","(1.3775, -2.3621)","(-2.8919, 7.3837)","(0.1683, 0.2303)","(-5.0572, 4.0564)","(-10.5118, 1.3836)","(1.2618, 1.3195)","(0.772, -4.5515)","(-11.886, -13.6387)","(4.0256, 3.4081)","(4.1943, 18.3854)"
8.470000000000000284e+01,"(-20.0919, -20.9835)","(-1.6899, -23.1688)","(7.7039, -13.0752)","(-2.5204, 17.1017)","(-15.0413, 1.2185)","(-0.8517, 0.4397)","(-1.7214, 4.7727)","(0.0273, 0.7178)","(12.4711, 16.0397)","(-2.3595, 2.1941)","(2.6134, -4.5474)","(-1.9384, 4.7155)","(0.4528, 0.6285)","(-10.8259, 8.6615)","(-17.1055, 2.3838)","(2.5186, 2.7598)","(1.6451, -9.5914)","(-17.311, -18.2845)","(4.4547, 5.8645)","(2.8054, 8.4386)"
8.480000000000001137e+01,"(-9.9526, -5.2206)","(-4.0998, -17.8635)","(9.9824, -17.41)","(-2.7785, 22.1421)","(-10.1431, 1.1482)","(-2.1783, 1.1131)","(-3.7161, 10.15)","(0.4133, 0.6827)","(19.4115, 20.9875)","(-5.8817, 5.4514)","(5.5602, -9.6127)","(-2.4377, 5.4784)","(1.2768, 1.7884)","(-18.1355, 14.758)","(-18.357, 4.5841)","(5.6573, 6.2669)","(3.2222, -19.0982)","(-9.6728, -7.0285)","(6.854, 10.2605)","(1.1759, 3.1448)"
8.490000000000000568e+01,"(-7.5114, -1.2717)","(-3.7371, -5.9665)","(6.4795, -12.4018)","(-0.6091, 12.224)","(-7.3175, 0.7486)","(-5.8596, 2.9742)","(-6.9255, 19.6374)","(0.9312, 1.3611)","(10.564, 3.8565)","(-13.9464, 12.9795)","(10.3947, -18.2989)","(-4.0843, 8.9207)","(3.7042, 5.2115)","(-12.4648, 11.0964)","(-9.9634, 5.295)","(12.3735, 13.6382)","(3.1751, -22.0921)","(-4.1357, -1.6209)","(10.9011, 14.9699)","(0.458, 1.711)"
8.500000000000000000e+01,"(-8.9149, -0.4406)","(-1.9621, -1.5097)","(2.8708, -6.0256)","(0.1219, 4.5354)","(-7.7759, 0.5105)","(-15.272, 7.8084)","(-5.241, 20.3448)","(2.1639, 3.2356)","(6.7933, -1.1368)","(-18.825, 18.3569)","(9.1624, -18.3918)","(-6.7799, 14.7966)","(10.4038, 14.4379)","(-4.3938, 4.6025)","(-4.6059, 3.0506)","(17.0464, 17.633)","(0.6606, -10.3256)","(-3.2546, -0.3988)","(12.7477, 11.3448)","(0.4947, 2.6494)"
8.510000000000000853e+01,"(-11.6361, -0.3767)","(-2.2215, -0.7136)","(1.6912, -3.3111)","(0.0575, 1.2771)","(-10.9171, 0.5065)","(-24.9689, 14.0589)","(-0.0988, 9.0025)","(5.3529, 8.1191)","(7.4696, -2.9962)","(-7.2064, 8.7932)","(2.7376, -8.299)","(-7.8493, 17.702)","(19.4849, 23.0898)","(-1.2904, 1.5885)","(-3.8097, 1.3697)","(9.0614, 7.1897)","(-0.0596, -3.5211)","(-5.0743, -0.296)","(8.7185, 3.5078)","(0.9241, 5.4487)"
8.520000000000000284e+01,"(-14.6671, -0.3658)","(-3.9812, -1.0412)","(2.2005, -3.8591)","(-0.0247, 0.4521)","(-15.4876, 0.7129)","(-9.5601, 9.1714)","(0.6513, 2.9024)","(12.4742, 18.0823)","(10.1182, -4.4098)","(-2.5198, 4.2311)","(0.5302, -2.8076)","(-4.6814, 11.5627)","(12.175, 4.413)","(-0.896, 1.3553)","(-5.7621, 0.9553)","(3.6714, 1.9974)","(-0.1708, -1.3485)","(-9.3712, -0.5506)","(4.5941, 1.951)","(1.9853, 11.9468)"
8.530000000000001137e+01,"(-14.9957, -0.0187)","(-8.1582, -2.182)","(3.9986, -6.7754)","(-0.1055, 0.7504)","(-16.7654, 1.1148)","(-2.589, 5.7123)","(0.7439, 1.211)","(16.9606, 16.8158)","(13.6477, -6.1003)","(-2.093, 4.5036)","(-0.0093, -1.2685)","(-2.1945, 5.7462)","(6.9218, -2.4612)","(-1.5504, 2.4478)","(-10.4871, 1.216)","(2.6584, 0.8565)","(-0.356, -1.8015)","(-17.1535, -0.9525)","(3.3368, 3.2707)","(3.9134, 22.2226)"
8.540000000000000568e+01,"(-11.8557, 0.3771)","(-16.6474, -4.3857)","(7.5281, -12.6961)","(-0.2618, 1.7076)","(-12.0679, 1.2814)","(-1.2924, 6.319)","(1.3973, 1.6848)","(9.2406, 0.828)","(14.3948, -7.1441)","(-3.1041, 6.9834)","(-0.1909, -1.9078)","(-1.5805, 3.8001)","(6.4003, -4.977)","(-3.2969, 5.1912)","(-18.0152, 2.3111)","(4.1945, 1.1087)","(-0.7266, -3.5833)","(-21.1227, -0.3774)","(4.2204, 6.0399)","(4.5169, 18.7585)"
8.550000000000000000e+01,"(-9.0406, 0.3163)","(-22.7949, -4.5922)","(10.6929, -18.4884)","(-0.6622, 4.2256)","(-7.7228, 0.9132)","(-1.4922, 9.0716)","(2.8605, 3.415)","(3.473, -2.9046)","(10.5908, -6.2273)","(-5.2705, 11.8512)","(-0.4065, -3.905)","(-2.2755, 5.0522)","(8.1468, -7.0473)","(-7.3371, 11.5381)","(-19.1257, 4.8766)","(7.936, 2.0965)","(-1.6089, -8.0183)","(-12.0095, 1.1756)","(7.0967, 11.085)","(2.8449, 7.0539)"
8.560000000000000853e+01,"(-8.7095, 0.0267)","(-12.4918, 0.3592)","(6.9106, -13.2474)","(-1.709, 10.8429)","(-6.7925, 0.5511)","(-2.2179, 13.7127)","(6.3635, 7.6749)","(2.3011, -4.7947)","(7.2352, -4.4575)","(-7.6111, 17.4535)","(-0.8932, -8.8595)","(-4.1131, 8.9271)","(10.7538, -9.5088)","(-12.7287, 20.3797)","(-9.1337, 5.5899)","(15.3858, 4.0552)","(-3.5424, -17.5271)","(-4.7848, 0.9249)","(11.712, 16.0989)","(1.3165, 2.2208)"
8.570000000000000284e+01,"(-10.7573, -0.2459)","(-4.2764, 1.3225)","(2.6553, -5.8476)","(-3.6107, 23.9204)","(-8.9504, 0.4522)","(-2.4462, 17.4393)","(13.2755, 15.7029)","(3.2828, -7.808)","(6.7588, -3.5882)","(-6.1166, 15.2692)","(-2.0015, -19.1254)","(-7.1842, 15.6177)","(11.3908, -10.9616)","(-8.3721, 14.9011)","(-3.502, 2.9185)","(21.6016, 5.201)","(-5.3424, -24.0789)","(-2.0825, 0.243)","(13.0279, 10.2801)","(1.3504, 1.5855)"
8.580000000000001137e+01,"(-14.0643, -0.3905)","(-1.1337, 0.7541)","(1.0918, -2.3329)","(-2.1073, 21.7379)","(-13.474, 0.5669)","(-1.1386, 14.3782)","(15.9326, 16.0254)","(5.5533, -13.2337)","(8.7864, -4.0411)","(-2.8797, 8.2028)","(-3.4513, -23.8657)","(-8.1921, 18.5119)","(8.4701, -9.5359)","(-2.6028, 5.8327)","(-2.4962, 1.0815)","(13.5769, 2.1115)","(-3.5627, -11.5323)","(-2.4537, -0.0539)","(7.8422, 2.0587)","(2.4243, 2.656)"
8.590000000000000568e+01,"(-15.6004, -0.1601)","(-0.7211, 0.9807)","(1.1226, -2.0167)","(0.5845, 8.1937)","(-17.4724, 0.9194)","(-0.2193, 8.7607)","(8.2992, 4.7838)","(6.5347, -18.4139)","(12.51, -5.5166)","(-1.5704, 4.3543)","(-3.1689, -10.3553)","(-4.3405, 10.9785)","(5.8228, -7.0013)","(-0.7719, 2.3515)","(-3.8751, 0.6414)","(5.3929, 0.3173)","(-1.7281, -3.9832)","(-4.7358, -0.2789)","(3.6287, 1.1522)","(4.9597, 5.4553)"
8.600000000000000000e+01,"(-12.9376, 0.3306)","(-1.263, 1.9363)","(2.1243, -3.5973)","(1.1495, 4.7555)","(-14.8088, 1.3182)","(-0.4036, 6.2392)","(3.3232, 0.7417)","(2.1891, -14.6521)","(15.076, -7.086)","(-1.7638, 4.236)","(-1.8513, -3.4767)","(-1.7641, 4.8232)","(5.5216, -5.828)","(-0.6716, 2.7338)","(-7.5575, 0.7798)","(1.7366, 0.0983)","(-1.3556, -2.3035)","(-10.1592, -0.6809)","(2.4996, 2.4659)","(10.4336, 11.4733)"
8.610000000000000853e+01,"(-9.4365, 0.4012)","(-2.8345, 4.2922)","(4.5008, -7.5253)","(1.8881, 6.0341)","(-9.0629, 1.1442)","(-0.9577, 7.2013)","(2.5641, -0.272)","(-0.4243, -7.4859)","(12.3223, -6.875)","(-3.018, 6.8331)","(-1.8442, -2.2413)","(-1.0807, 2.6635)","(7.1447, -6.571)","(-1.1644, 4.9241)","(-15.1327, 1.471)","(1.0579, 0.2059)","(-2.2025, -3.4259)","(-20.1233, -1.2091)","(3.2939, 4.9149)","(16.3059, 17.2321)"
8.620000000000000284e+01,"(-8.2812, 0.1192)","(-6.6859, 10.0532)","(9.181, -15.3955)","(3.0429, 9.5424)","(-6.3114, 0.6652)","(-1.7632, 10.9446)","(4.1541, -0.7592)","(0.27, -4.2876)","(7.9166, -5.0269)","(-5.5184, 12.3511)","(-3.1016, -3.4127)","(-1.5908, 3.5304)","(9.983, -8.7754)","(-2.3847, 10.0163)","(-22.3545, 3.7245)","(1.9136, 0.4948)","(-4.1644, -6.4685)","(-21.8945, -0.0364)","(5.951, 9.8077)","(10.9027, 9.5985)"
8.630000000000001137e+01,"(-9.7784, -0.1818)","(-12.7276, 20.0914)","(11.5083, -20.1762)","(4.8762, 15.1874)","(-7.1085, 0.4348)","(-2.5864, 16.3446)","(8.1312, -1.4668)","(1.4831, -4.677)","(6.2743, -3.6016)","(-8.1265, 18.6049)","(-5.8909, -6.4922)","(-3.0789, 6.6522)","(11.8609, -10.9552)","(-4.4739, 19.0359)","(-13.1854, 6.5118)","(4.2241, 1.1427)","(-8.1912, -12.7262)","(-9.5144, 1.7003)","(10.9954, 16.6961)","(4.4627, 2.9649)"
8.640000000000000568e+01,"(-13.1124, -0.3973)","(-7.8635, 18.0289)","(5.0862, -10.6314)","(6.0236, 17.684)","(-10.7295, 0.4496)","(-2.0301, 17.3966)","(16.1097, -2.9353)","(3.2154, -7.7067)","(7.4842, -3.5758)","(-5.9471, 15.1143)","(-11.2709, -12.3802)","(-6.1409, 13.221)","(9.6883, -10.41)","(-4.3904, 20.8167)","(-3.7255, 4.3444)","(9.96, 2.725)","(-12.3211, -18.6501)","(-3.0447, 1.1427)","(14.2416, 13.0667)","(1.5489, 0.7399)"
8.650000000000000000e+01,"(-15.832, -0.3058)","(-0.1321, 7.4117)","(1.4698, -3.8682)","(4.5615, 11.7018)","(-16.1587, 0.6841)","(-0.4236, 11.4122)","(22.1251, -5.0147)","(5.9514, -13.8108)","(10.8796, -4.771)","(-2.428, 7.2842)","(-15.2345, -15.836)","(-9.242, 20.3516)","(6.2583, -7.6849)","(-1.4085, 9.851)","(-0.8717, 1.4513)","(21.1207, 5.6351)","(-8.7207, -11.867)","(-1.2872, 0.8974)","(8.908, 1.6994)","(1.4967, 0.4417)"
8.660000000000000853e+01,"(-14.2025, 0.218)","(1.359, 3.0662)","(0.3715, -1.3891)","(2.5728, 6.162)","(-17.6771, 1.1681)","(-0.1232, 6.6221)","(12.3158, -5.029)","(6.9386, -19.5083)","(14.8321, -6.6407)","(-1.1318, 3.303)","(-9.6708, -8.2939)","(-5.8446, 14.3068)","(5.1413, -5.795)","(-0.2937, 3.3926)","(-0.3034, 0.3122)","(21.9995, 4.6672)","(-3.7705, -4.4724)","(-1.8003, 1.5669)","(3.3042, -0.2576)","(2.7893, 0.7465)"
8.670000000000000284e+01,"(-10.1738, 0.4713)","(2.5336, 3.1988)","(0.3002, -1.67)","(1.7029, 4.5762)","(-11.8175, 1.3704)","(-0.553, 5.6967)","(4.1872, -2.7547)","(1.5234, -14.3009)","(14.3165, -7.3969)","(-1.2356, 2.9855)","(-4.0422, -2.8391)","(-2.0148, 5.8548)","(6.2392, -5.9297)","(-0.0369, 0.8775)","(-0.4518, 0.0892)","(8.8875, 0.3566)","(-1.2027, -1.3852)","(-3.6049, 3.1622)","(1.3371, 0.5709)","(6.0411, 1.6338)"
8.680000000000001137e+01,"(-8.0565, 0.2287)","(4.4872, 5.3813)","(0.5555, -3.2487)","(2.0535, 6.2139)","(-6.8129, 0.9053)","(-1.2177, 7.9611)","(1.1202, -0.8715)","(-0.9574, -6.4287)","(9.31, -5.8517)","(-2.252, 5.0734)","(-1.323, -0.9652)","(-0.5932, 1.8343)","(8.9237, -7.821)","(0.0218, 0.3963)","(-1.0242, 0.0853)","(3.6305, -0.5708)","(-0.4929, -0.6707)","(-7.9723, 6.9429)","(1.2254, 1.6378)","(13.5917, 3.6855)"
8.690000000000000568e+01,"(-8.8228, -0.0982)","(8.3869, 10.1204)","(1.2451, -7.1936)","(3.37, 10.5964)","(-5.6949, 0.4839)","(-2.174, 12.9747)","(0.2838, -0.179)","(-0.0517, -3.1275)","(6.2006, -3.89)","(-4.5117, 10.011)","(-0.9039, -0.8925)","(-0.2504, 0.6483)","(11.7898, -10.4976)","(0.0652, 0.7021)","(-2.5089, 0.1557)","(3.7316, -1.1411)","(-0.7694, -1.1796)","(-15.7818, 13.9856)","(2.1361, 3.6342)","(23.7367, 6.0494)"
8.700000000000000000e+01,"(-11.8824, -0.3664)","(13.6227, 15.6094)","(2.7629, -16.0143)","(5.4664, 17.0127)","(-7.8383, 0.3745)","(-2.7809, 18.3502)","(0.309, -0.0736)","(1.0177, -3.273)","(6.3175, -3.2351)","(-8.075, 18.1087)","(-1.6339, -1.7887)","(-0.4338, 0.9528)","(11.0826, -11.1917)","(0.151, 1.6133)","(-6.5187, 0.3481)","(6.1506, -2.0135)","(-1.6729, -2.6185)","(-15.1932, 15.3763)","(4.5978, 8.3089)","(16.338, 2.6879)"
8.710000000000000853e+01,"(-15.5169, -0.423)","(12.6188, 11.3566)","(3.8941, -24.7132)","(6.1225, 17.495)","(-12.7522, 0.4771)","(-1.3524, 15.8637)","(0.7106, -0.1232)","(2.4397, -5.6779)","(8.968, -3.9849)","(-7.6522, 18.6064)","(-3.5942, -4.0159)","(-0.9745, 2.0855)","(7.1456, -8.6786)","(0.3735, 4.0624)","(-16.5996, 0.9782)","(11.4331, -3.7225)","(-3.9878, -6.2777)","(-4.9605, 7.5298)","(10.0812, 17.2489)","(6.118, -0.0213)"
8.720000000000000284e+01,"(-15.4982, 0.0336)","(6.6409, 3.9369)","(1.1764, -13.7658)","(4.0231, 9.7726)","(-18.3021, 0.8398)","(-0.0036, 8.8261)","(1.7615, -0.2862)","(5.1049, -11.2207)","(13.4047, -5.8003)","(-2.9417, 8.959)","(-8.343, -9.3586)","(-2.3565, 5.0107)","(4.9874, -6.054)","(0.9684, 10.5985)","(-27.7306, 4.0715)","(18.8112, -6.2986)","(-9.3596, -14.6977)","(-1.1251, 2.9012)","(15.8653, 17.0338)","(2.5868, -0.5001)"
8.730000000000001137e+01,"(-11.3373, 0.4986)","(2.6605, 1.5246)","(-0.1221, -5.0018)","(2.0324, 4.7387)","(-16.2753, 1.3839)","(-0.1405, 5.172)","(4.6421, -0.7326)","(8.0916, -19.5353)","(15.8498, -7.5115)","(-0.8911, 3.2058)","(-16.2105, -17.7411)","(-5.7931, 12.3111)","(5.389, -5.4135)","(2.2959, 23.9413)","(-10.6477, 8.6045)","(17.0903, -6.6013)","(-14.455, -21.8496)","(-0.2726, 2.2002)","(10.1078, 0.3873)","(3.1535, -0.9877)"
8.740000000000000568e+01,"(-8.1433, 0.3557)","(1.6535, 1.5444)","(-0.3916, -2.6104)","(1.3708, 3.756)","(-9.1369, 1.285)","(-0.6629, 5.4003)","(12.3906, -1.9533)","(3.5568, -18.0769)","(11.6649, -6.8587)","(-0.3217, 1.0167)","(-13.8427, -12.8798)","(-10.875, 23.565)","(7.6584, -6.7808)","(2.9965, 22.3061)","(-0.181, 5.9735)","(7.9329, -3.9073)","(-7.9198, -9.9462)","(-0.2287, 3.6576)","(2.2852, -2.8138)","(5.6677, -1.8379)"
8.750000000000000000e+01,"(-7.9721, 0.0067)","(2.4957, 2.9177)","(-0.7526, -3.7061)","(1.8504, 5.6986)","(-5.2864, 0.6819)","(-1.4144, 8.5656)","(26.3356, -4.7439)","(-1.6706, -7.8269)","(6.8402, -4.5912)","(-0.4292, 1.0113)","(-6.0265, -3.7377)","(-6.5005, 16.1511)","(11.0233, -9.556)","(2.1806, 8.1962)","(2.9782, 4.8813)","(3.1795, -1.6528)","(-3.5592, -3.4284)","(-0.4677, 7.3033)","(-0.8073, -2.5598)","(11.3238, -3.6447)"
8.760000000000000853e+01,"(-10.4721, -0.3)","(4.9849, 6.1284)","(-1.4118, -6.8697)","(3.2878, 10.4534)","(-5.381, 0.3659)","(-2.5122, 14.6374)","(17.9815, -6.5873)","(-1.0772, -2.4559)","(5.4677, -3.1361)","(-0.9305, 2.0624)","(-2.9964, -1.0608)","(-1.7671, 6.3062)","(12.2836, -11.5976)","(1.9409, 4.8168)","(5.0746, 6.5622)","(2.2038, -0.8884)","(-3.2116, -2.4531)","(-0.9713, 15.1031)","(-2.2423, -3.7107)","(19.7996, -6.5596)"
8.770000000000000284e+01,"(-14.5456, -0.4838)","(10.3207, 12.6793)","(-2.786, -13.6076)","(5.6728, 17.8135)","(-8.4605, 0.3354)","(-2.8288, 19.5881)","(5.2749, -5.3773)","(-0.133, -0.854)","(7.0401, -3.2684)","(-2.1737, 4.7582)","(-3.8118, -0.8323)","(-0.7113, 4.1724)","(8.6436, -9.9599)","(2.7857, 6.0623)","(8.0794, 10.3731)","(3.6008, -1.2126)","(-4.9895, -3.6106)","(-0.9041, 23.2781)","(-4.2995, -7.2026)","(17.7402, -6.8974)"
8.780000000000001137e+01,"(-16.4977, -0.2019)","(15.753, 17.4694)","(-4.6155, -21.5356)","(6.4228, 18.3247)","(-14.4601, 0.5014)","(-0.775, 14.2644)","(2.4035, -5.3194)","(0.3378, -0.97)","(10.9711, -4.6867)","(-5.2273, 11.4156)","(-6.6409, -1.3661)","(-0.7878, 5.8471)","(5.2184, -6.7385)","(4.3663, 9.4006)","(11.6699, 13.8188)","(7.2825, -2.345)","(-8.8144, -6.3808)","(1.1555, 14.8803)","(-8.5007, -14.0557)","(7.429, -3.889)"
8.790000000000000568e+01,"(-12.9836, 0.4377)","(10.9486, 7.8768)","(-4.1099, -15.8017)","(3.9801, 9.3184)","(-19.6651, 0.9838)","(0.2275, 7.024)","(2.5289, -7.4609)","(0.9163, -1.9774)","(15.6981, -6.9013)","(-10.0842, 22.4855)","(-12.6406, -2.6232)","(-1.3102, 9.8468)","(4.682, -5.1315)","(6.7769, 14.5218)","(11.7038, 10.4088)","(14.9558, -4.8047)","(-14.7538, -10.6067)","(1.3992, 5.4542)","(-14.003, -17.5549)","(2.4111, -1.4642)"
8.800000000000000000e+01,"(-8.6922, 0.4924)","(4.6297, 1.6449)","(-2.1401, -6.371)","(1.7712, 3.8487)","(-14.6453, 1.5295)","(-0.1166, 4.0256)","(3.7778, -11.3765)","(2.2575, -4.6053)","(14.8385, -7.7461)","(-6.8237, 17.705)","(-20.4413, -3.9849)","(-2.1703, 16.4876)","(6.3192, -5.7678)","(7.9037, 16.3633)","(7.7303, 4.7645)","(22.0073, -7.5711)","(-15.8187, -10.8528)","(0.6409, 1.5301)","(-12.0956, -5.2776)","(0.7219, -0.3923)"
8.810000000000000853e+01,"(-7.3372, 0.1377)","(1.5097, 0.0788)","(-0.7391, -2.0404)","(0.9228, 2.4121)","(-7.2489, 1.178)","(-0.6422, 4.7185)","(5.1306, -16.1323)","(5.5458, -11.1983)","(8.7094, -5.8048)","(-1.653, 6.8776)","(-17.222, -2.2976)","(-2.2897, 19.3867)","(9.5948, -8.211)","(5.6614, 10.8729)","(4.6262, 3.2704)","(12.9626, -5.7947)","(-8.9616, -5.5129)","(0.5491, 0.7385)","(-4.9789, 0.6941)","(0.7447, -0.2685)"
8.820000000000000284e+01,"(-9.0092, -0.2024)","(1.244, -0.3909)","(-0.2332, -0.8152)","(1.1891, 3.6578)","(-4.1141, 0.526)","(-1.4105, 8.1561)","(4.1374, -15.9619)","(10.1068, -22.7351)","(5.2704, -3.5028)","(-0.3551, 3.6813)","(-7.8076, -0.2185)","(-1.0063, 12.1111)","(12.6697, -11.2607)","(3.2305, 6.0058)","(4.1734, 4.403)","(4.5377, -2.7392)","(-4.0591, -2.3926)","(1.0504, 1.2081)","(-1.4346, 0.3691)","(1.5861, -0.5098)"
8.830000000000001137e+01,"(-12.9499, -0.4731)","(2.2771, -0.8708)","(-0.2706, -1.261)","(2.2427, 7.1998)","(-4.7425, 0.2791)","(-2.6458, 14.9063)","(1.7909, -10.3904)","(2.4139, -18.9534)","(5.367, -2.7589)","(-0.1563, 4.8438)","(-2.9472, -0.0251)","(-0.3644, 5.8047)","(10.7623, -11.3303)","(2.398, 4.7736)","(5.8665, 7.3979)","(1.226, -0.9205)","(-2.6741, -1.7622)","(2.2895, 2.633)","(-0.5441, -0.275)","(3.7425, -1.1746)"
8.840000000000000568e+01,"(-16.7134, -0.4292)","(5.0203, -1.8887)","(-0.5552, -2.745)","(4.5199, 14.5671)","(-8.1514, 0.2816)","(-3.0769, 20.772)","(1.1391, -6.4914)","(-4.0441, -5.8706)","(8.0978, -3.524)","(-0.2265, 8.2604)","(-1.862, -0.2386)","(-0.3598, 3.8019)","(6.1117, -7.9911)","(3.0945, 6.5483)","(9.4568, 12.1697)","(0.5601, -0.5997)","(-3.8835, -2.7662)","(5.4247, 6.2867)","(-0.5819, -0.8718)","(9.3058, -2.8991)"
8.850000000000000000e+01,"(-15.033, 0.2369)","(11.6551, -4.344)","(-1.2987, -6.5229)","(7.1016, 21.7479)","(-14.862, 0.4633)","(-0.5991, 14.3375)","(1.6431, -6.1624)","(-3.877, -0.8562)","(13.1482, -5.5205)","(-0.4067, 14.8306)","(-3.0593, -0.6029)","(-0.6484, 5.1818)","(4.2606, -5.2655)","(5.0554, 10.8975)","(12.7455, 14.1979)","(0.9149, -1.0998)","(-7.3363, -5.3282)","(12.4227, 14.2782)","(-1.1478, -2.0606)","(20.8757, -6.6345)"
8.860000000000000853e+01,"(-9.9029, 0.6064)","(22.1865, -8.881)","(-3.0916, -15.4949)","(5.4512, 13.6413)","(-20.8568, 1.008)","(0.47, 6.2955)","(2.8205, -8.773)","(-5.2534, 0.5109)","(17.0413, -7.7906)","(-0.3208, 20.6355)","(-6.3453, -1.3448)","(-1.2528, 9.3578)","(5.0452, -4.9166)","(7.7119, 16.47)","(10.7063, 7.9411)","(2.009, -2.4162)","(-13.8472, -10.0458)","(17.5331, 18.3614)","(-2.6908, -5.0975)","(22.2933, -8.3431)"
8.870000000000000284e+01,"(-7.0893, 0.3037)","(16.3449, -9.7918)","(-5.4935, -25.7202)","(2.5582, 5.03)","(-14.5595, 1.6491)","(0.064, 2.8456)","(4.5719, -13.7733)","(-8.8264, 1.0545)","(12.552, -7.3851)","(0.4017, 14.6117)","(-13.736, -2.939)","(-2.2474, 16.8292)","(7.7358, -6.6616)","(7.6829, 15.5494)","(6.1088, 3.2768)","(4.845, -5.7936)","(-17.7819, -12.4376)","(9.3033, 6.4106)","(-6.661, -12.6154)","(7.9324, -4.8023)"
8.880000000000001137e+01,"(-7.6418, -0.0751)","(4.315, -5.7204)","(-4.088, -13.8805)","(0.8124, 1.4146)","(-6.4272, 1.2147)","(-0.3758, 2.9682)","(5.3066, -17.6156)","(-15.3635, 1.8841)","(6.4187, -4.6894)","(0.5027, 6.6472)","(-23.2716, -4.5805)","(-2.4666, 20.6426)","(11.6996, -9.9585)","(4.6545, 8.629)","(3.6725, 2.8472)","(11.3359, -13.6107)","(-10.4522, -6.4554)","(4.2155, 1.4361)","(-14.4118, -22.2723)","(3.2272, -3.0519)"
8.890000000000000568e+01,"(-10.9184, -0.3942)","(0.6849, -3.0723)","(-2.2202, -5.0102)","(0.2063, 0.3151)","(-2.9471, 0.4645)","(-0.946, 5.3651)","(2.9204, -13.7806)","(-19.8296, 3.9151)","(4.3247, -2.7191)","(0.1689, 3.2055)","(-16.3936, -1.7461)","(-0.9423, 12.1474)","(12.8862, -12.2057)","(2.483, 4.5962)","(3.8958, 4.4914)","(16.2031, -20.6052)","(-4.1857, -2.2903)","(3.9485, 0.3943)","(-15.0518, -6.6993)","(3.3088, -3.9751)"
8.900000000000000000e+01,"(-15.7011, -0.5669)","(-0.1488, -3.8019)","(-2.0056, -3.3481)","(0.147, 0.1708)","(-3.0947, 0.197)","(-2.0478, 10.9454)","(1.0958, -7.8469)","(-12.4515, 5.6726)","(5.4256, -2.5605)","(-0.0234, 3.4661)","(-6.1907, 0.3426)","(-0.2332, 5.1082)","(8.1158, -9.8733)","(2.0971, 4.263)","(6.1442, 8.067)","(6.2509, -10.7619)","(-1.4574, -0.8366)","(6.2187, 0.3423)","(-4.5409, 4.3669)","(5.2015, -6.4309)"
8.910000000000000853e+01,"(-17.0024, -0.1116)","(-0.4305, -6.5949)","(-3.121, -4.8262)","(0.309, 0.3365)","(-5.5889, 0.1803)","(-3.5589, 20.1678)","(1.0868, -5.338)","(-5.145, 3.8048)","(9.0496, -3.7825)","(-0.1659, 6.2038)","(-2.0699, 0.4768)","(-0.1907, 2.4779)","(4.4043, -6.1132)","(3.109, 6.6578)","(10.3903, 13.5219)","(1.544, -4.6497)","(-1.275, -0.8785)","(11.1891, 0.6304)","(1.1423, 4.3381)","(8.902, -11.005)"
8.920000000000000284e+01,"(-12.0097, 0.6121)","(-0.7759, -12.6163)","(-5.4698, -8.4464)","(0.7514, 0.8192)","(-11.3254, 0.2894)","(-2.0502, 20.0956)","(1.889, -6.3185)","(-3.147, 1.5894)","(15.0145, -6.2528)","(-0.3796, 12.3168)","(-1.8939, 0.7906)","(-0.379, 3.0869)","(3.9923, -4.4233)","(5.4461, 11.804)","(13.3964, 14.2198)","(0.613, -4.1171)","(-2.4251, -1.7604)","(18.6901, 0.8985)","(3.4235, 5.3746)","(12.1307, -15.4537)"
8.930000000000001137e+01,"(-7.5088, 0.5105)","(-1.7377, -20.6536)","(-9.4114, -14.4669)","(1.9679, 2.1538)","(-20.5219, 0.6662)","(0.7385, 8.9618)","(3.3776, -10.0838)","(-4.1886, 0.855)","(17.4628, -8.3521)","(-0.5145, 21.0594)","(-3.3881, 1.5166)","(-0.7952, 5.8813)","(5.7743, -5.1655)","(8.3482, 17.8173)","(9.9293, 6.2243)","(0.7048, -6.3302)","(-5.3558, -3.9304)","(19.0105, -0.0632)","(5.8266, 8.929)","(8.6988, -12.3625)"
8.940000000000000568e+01,"(-6.556, 0.0892)","(-3.5282, -17.399)","(-11.1502, -16.4691)","(5.3642, 5.8824)","(-19.8082, 1.5829)","(0.6528, 2.9221)","(5.3093, -15.9899)","(-7.6166, 0.9017)","(10.422, -6.8734)","(0.2289, 18.3975)","(-7.1334, 3.1676)","(-1.679, 12.1972)","(9.4272, -7.8752)","(7.5108, 14.9405)","(4.9964, 2.2575)","(1.245, -11.1414)","(-12.092, -8.8782)","(9.9183, -1.1466)","(9.7514, 14.22)","(3.9874, -6.4506)"
8.950000000000000000e+01,"(-8.7419, -0.2626)","(-3.2218, -7.3433)","(-6.9735, -9.3036)","(13.7193, 14.9568)","(-8.6925, 1.7101)","(0.2343, 0.7063)","(4.9553, -17.8208)","(-14.5164, 1.5431)","(4.8439, -3.8097)","(0.7003, 8.0113)","(-15.079, 6.7153)","(-2.8618, 21.5994)","(13.4093, -11.6113)","(4.0529, 7.28)","(2.8371, 2.219)","(1.937, -18.3016)","(-20.3041, -14.5446)","(4.2771, -0.6571)","(12.9743, 13.6189)","(2.304, -3.4935)"
8.960000000000000853e+01,"(-13.4052, -0.563)","(-1.3444, -2.6668)","(-3.2337, -4.0751)","(19.2295, 19.7094)","(-2.8583, 0.8003)","(0.1437, 0.2273)","(1.8562, -11.3919)","(-21.2699, 3.5521)","(3.5318, -2.1342)","(0.3337, 2.705)","(-21.6556, 10.3258)","(-1.8916, 18.5982)","(11.4973, -12.0365)","(1.9287, 3.5038)","(3.2244, 3.8713)","(1.3078, -18.744)","(-13.0158, -8.1325)","(2.9128, -0.1098)","(10.148, 4.901)","(2.8195, -3.6849)"
8.970000000000000284e+01,"(-17.7439, -0.4914)","(-0.4046, -1.7084)","(-1.8551, -2.5616)","(8.7842, 6.5349)","(-0.7096, 0.2108)","(0.2863, 0.3429)","(0.7262, -5.9774)","(-13.9299, 6.1207)","(5.066, -2.2733)","(0.0642, 0.9543)","(-11.3551, 7.0877)","(-0.2783, 7.7385)","(5.7315, -8.0505)","(1.6293, 3.3266)","(5.4988, 7.4471)","(-0.0647, -10.1761)","(-5.0597, -2.4287)","(4.439, 0.181)","(5.3125, 1.7225)","(4.9631, -6.1502)"
8.980000000000001137e+01,"(-15.1038, 0.3616)","(-0.2413, -2.8407)","(-2.4219, -3.658)","(5.4759, 2.6933)","(-0.2269, 0.0344)","(0.6675, 0.7906)","(1.0567, -4.5528)","(-4.7422, 4.3682)","(9.1194, -3.7044)","(-0.0198, 1.2385)","(-3.6384, 3.1505)","(0.0316, 2.4417)","(3.4352, -4.6847)","(2.5998, 5.6021)","(10.0925, 13.6122)","(-0.1334, -4.6342)","(-2.5889, -0.8658)","(8.6017, 0.5162)","(3.268, 2.5807)","(9.1315, -11.221)"
8.990000000000000568e+01,"(-9.0315, 0.7209)","(-0.3181, -5.9224)","(-4.4658, -6.9128)","(6.608, 2.5794)","(-0.4077, 0.0136)","(1.6905, 2.0194)","(2.0193, -6.3265)","(-1.8253, 1.5935)","(15.9167, -6.5136)","(-0.0849, 2.6215)","(-1.1108, 1.3921)","(0.0631, 0.7411)","(4.0161, -4.0043)","(4.9252, 10.7438)","(14.149, 15.6914)","(0.1672, -3.3582)","(-3.5847, -0.9645)","(16.7055, 0.9956)","(3.5854, 4.8277)","(12.9011, -16.3685)"
9.000000000000000000e+01,"(-6.0623, 0.3143)","(-0.6266, -12.9957)","(-8.578, -13.2998)","(9.5798, 3.6168)","(-0.9677, 0.0183)","(4.5099, 5.4163)","(3.7599, -10.9329)","(-1.8354, 0.5508)","(18.2144, -8.7876)","(-0.2222, 6.1345)","(-1.0913, 1.8381)","(0.1342, 0.8656)","(6.5568, -5.5634)","(8.4502, 18.2243)","(10.5777, 6.2991)","(0.5164, -5.0936)","(-6.5324, -1.7305)","(22.2712, 0.5658)","(5.8089, 9.1108)","(8.6297, -12.4645)"
9.010000000000000853e+01,"(-6.7408, -0.0896)","(-1.7374, -23.2497)","(-12.1912, -18.3499)","(14.0412, 5.2658)","(-2.4712, 0.0374)","(11.6581, 13.8948)","(5.8502, -17.5816)","(-3.418, 0.4165)","(9.6125, -6.8304)","(-0.5298, 14.5856)","(-2.0221, 3.514)","(0.2903, 1.7922)","(11.0595, -9.0972)","(8.3546, 16.8223)","(4.8259, 1.4284)","(1.1037, -9.6496)","(-12.8573, -3.4194)","(12.7534, -1.2531)","(10.174, 15.2344)","(3.4413, -5.8923)"
9.020000000000000284e+01,"(-10.3061, -0.4309)","(-4.1205, -17.5045)","(-8.2166, -11.0811)","(16.2724, 5.8384)","(-6.6312, 0.0885)","(19.1784, 20.8226)","(4.5799, -17.6986)","(-7.2938, 0.6216)","(3.8432, -3.4086)","(-0.6376, 25.8554)","(-4.3774, 7.5487)","(0.678, 4.227)","(14.3543, -12.8078)","(4.3601, 7.6675)","(1.9526, 1.0218)","(1.9928, -17.7616)","(-20.9339, -5.3888)","(4.7478, -1.1071)","(13.6331, 13.8225)","(1.596, -2.5905)"
9.030000000000001137e+01,"(-15.9962, -0.6815)","(-3.6698, -5.8285)","(-3.5361, -4.222)","(12.3182, 3.9814)","(-17.2688, 0.2638)","(10.5111, 6.5463)","(1.1778, -9.8118)","(-15.7058, 1.3293)","(2.4183, -1.5808)","(0.7251, 15.9599)","(-9.1061, 15.8088)","(1.6743, 10.4922)","(9.5252, -11.2224)","(1.7022, 2.8527)","(1.7128, 1.9223)","(1.7082, -21.0402)","(-16.6799, -3.596)","(1.4267, -0.3476)","(9.831, 3.5824)","(1.8089, -2.3938)"
9.040000000000000568e+01,"(-18.2344, -0.2115)","(-1.8931, -1.467)","(-1.198, -1.4472)","(7.6686, 2.3391)","(-28.5837, 1.1806)","(5.9484, 1.0992)","(0.4379, -4.6519)","(-23.9225, 3.869)","(3.5598, -1.5931)","(1.07, 5.854)","(-11.0963, 20.8927)","(3.7327, 22.8268)","(4.0837, -6.4856)","(0.8148, 1.5582)","(2.911, 3.9952)","(-0.1115, -11.3701)","(-7.1542, -1.0353)","(0.7785, -0.0345)","(4.468, 0.7397)","(3.3676, -4.1554)"
9.050000000000000000e+01,"(-12.2817, 0.7412)","(-2.127, -0.6868)","(-0.7928, -1.1412)","(6.1472, 2.0593)","(-12.8677, 2.6453)","(6.4543, -0.1784)","(0.8597, -3.5878)","(-12.4093, 7.0866)","(6.8576, -2.7272)","(1.1482, 3.5071)","(-4.0348, 10.8416)","(4.2894, 21.8982)","(2.7909, -3.6586)","(1.1383, 2.4341)","(6.0155, 8.6371)","(-0.348, -4.3948)","(-2.4077, -0.2918)","(1.4308, 0.0763)","(2.3793, 1.6363)","(6.886, -8.3692)"
9.060000000000000853e+01,"(-6.7802, 0.6349)","(-3.8292, -1.004)","(-1.4034, -2.1661)","(7.7252, 2.8306)","(-5.6282, 2.6794)","(9.3061, -0.5692)","(1.7895, -5.4337)","(-2.5247, 4.5355)","(13.6441, -5.3397)","(1.8627, 4.903)","(-0.7899, 3.9685)","(2.4682, 8.1085)","(3.9021, -3.6309)","(2.29, 5.0207)","(12.0333, 16.5359)","(-0.042, -1.7394)","(-1.0245, -0.1968)","(3.2156, 0.2242)","(2.5217, 3.4476)","(12.6437, -15.5479)"
9.070000000000000284e+01,"(-5.2898, 0.1412)","(-7.8943, -2.1169)","(-3.0488, -4.7727)","(11.7638, 4.4336)","(-5.3616, 3.5582)","(14.1402, -0.9019)","(3.563, -10.1175)","(0.2455, 1.9742)","(20.499, -8.898)","(3.2683, 8.5538)","(0.0107, 1.888)","(1.709, 3.9747)","(6.9119, -5.6739)","(5.0029, 11.0247)","(15.2219, 14.9908)","(0.1717, -1.976)","(-1.5588, -0.3994)","(7.7915, 0.5806)","(4.2879, 7.0338)","(12.2407, -16.4611)"
9.080000000000001137e+01,"(-7.1594, -0.2242)","(-16.3128, -4.3229)","(-6.9717, -10.9409)","(16.3009, 6.0412)","(-7.5334, 5.2672)","(17.6954, -1.5339)","(6.1075, -17.7941)","(1.3082, 2.0213)","(12.9099, -8.3109)","(5.8042, 15.1442)","(0.2758, 2.7088)","(2.3711, 4.7736)","(12.1273, -9.8347)","(9.4461, 20.511)","(8.9033, 2.803)","(0.4486, -3.8836)","(-3.3322, -0.8941)","(18.2466, 1.2994)","(8.3572, 13.7993)","(4.7138, -8.1166)"
9.090000000000000568e+01,"(-11.8981, -0.578)","(-23.034, -4.7559)","(-13.1095, -20.2199)","(15.1447, 5.169)","(-11.3905, 7.9925)","(14.0101, -2.1152)","(5.181, -19.2334)","(2.6111, 3.6709)","(4.2518, -4.4404)","(7.6615, 19.0792)","(0.5611, 5.2602)","(3.8902, 7.726)","(14.9953, -13.6066)","(8.7009, 17.2348)","(3.0678, -0.4712)","(1.0431, -8.5539)","(-7.783, -2.1123)","(26.1015, 0.7584)","(13.8613, 17.613)","(1.3645, -2.8852)"
9.100000000000000000e+01,"(-18.1432, -0.7347)","(-12.9001, 0.2758)","(-10.6423, -14.7593)","(9.4505, 2.8599)","(-14.3056, 10.3281)","(8.3043, -1.7061)","(0.986, -10.1382)","(5.4386, 7.8209)","(1.2223, -1.4789)","(5.4045, 11.7601)","(1.167, 11.2266)","(6.6474, 13.1948)","(8.2596, -10.7207)","(3.9934, 6.4706)","(0.9555, -0.9878)","(2.1768, -18.2225)","(-17.6143, -4.7519)","(11.7437, -2.063)","(12.2677, 5.688)","(0.3209, -0.7341)"
9.110000000000000853e+01,"(-17.4785, 0.155)","(-4.4221, 1.3958)","(-4.5683, -5.05)","(6.002, 1.8653)","(-11.3511, 8.8827)","(6.0241, -0.959)","(0.0435, -4.0291)","(11.1495, 15.5592)","(0.583, -0.4304)","(2.6028, 5.1094)","(2.3849, 21.2228)","(9.0524, 17.577)","(3.0175, -5.5157)","(1.5497, 2.0751)","(0.8942, -1.8388)","(2.0947, -23.9301)","(-24.6052, -6.118)","(4.3007, -2.1302)","(5.1822, -0.5876)","(0.0825, -0.1559)"
9.120000000000000284e+01,"(-9.8421, 0.9373)","(-1.2116, 0.8661)","(-2.2124, -1.9106)","(6.072, 2.1452)","(-6.6845, 5.6136)","(7.2149, -0.6497)","(0.3303, -2.0329)","(15.4824, 16.4573)","(1.0335, -0.4397)","(1.2619, 2.7207)","(3.4188, 20.0568)","(6.9555, 12.5808)","(2.0463, -2.7946)","(1.4254, 1.5622)","(1.7561, -3.7498)","(-0.4377, -11.5273)","(-11.7083, -1.8205)","(3.3454, -2.747)","(1.5477, -0.3149)","(0.1263, -0.1601)"
9.130000000000001137e+01,"(-5.188, 0.5152)","(-0.8658, 1.2096)","(-2.8476, -2.1014)","(8.9723, 3.3683)","(-4.8619, 3.8758)","(11.1776, -0.7099)","(0.8875, -2.7784)","(9.8689, 3.8355)","(2.3091, -0.8772)","(1.3808, 3.4548)","(2.6451, 8.0815)","(3.6104, 6.1038)","(3.1325, -2.852)","(2.515, 2.651)","(4.0291, -8.3688)","(-0.7911, -3.9954)","(-4.4786, -0.1367)","(4.9664, -4.4611)","(0.6363, 0.3806)","(0.3101, -0.3726)"
9.140000000000000568e+01,"(-4.6656, 0.0351)","(-1.5401, 2.3705)","(-5.0442, -3.6631)","(14.136, 5.3495)","(-5.8486, 4.262)","(16.7398, -1.1263)","(1.9595, -5.4735)","(3.6054, -0.3647)","(5.5688, -2.0512)","(2.458, 6.441)","(1.2222, 2.4957)","(1.9927, 3.5272)","(5.9547, -4.7829)","(5.145, 5.436)","(8.2627, -17.8264)","(-0.8516, -2.1072)","(-3.5193, 0.2999)","(8.713, -7.814)","(0.7201, 1.0925)","(0.7948, -0.946)"
9.150000000000000000e+01,"(-7.1905, -0.3028)","(-3.4272, 5.2023)","(-9.8312, -7.1589)","(17.3864, 6.3002)","(-9.059, 6.3613)","(17.4281, -1.9257)","(4.267, -11.6725)","(1.0771, -0.966)","(13.5609, -4.9943)","(4.8506, 12.8121)","(0.8691, 1.132)","(2.1922, 4.2239)","(11.4592, -9.0397)","(10.7822, 11.3885)","(6.8114, -22.5179)","(-1.5065, -3.0974)","(-5.4597, 0.6129)","(13.8274, -12.645)","(1.4261, 2.5553)","(2.1517, -2.5496)"
9.160000000000000853e+01,"(-12.7671, -0.6849)","(-7.8216, 11.8434)","(-16.8067, -12.0884)","(12.7828, 4.081)","(-13.5392, 9.5431)","(10.9951, -2.1344)","(7.2942, -21.1789)","(0.8838, -1.7761)","(24.3218, -9.9794)","(7.9622, 20.4595)","(1.5141, 1.6899)","(3.7117, 7.3692)","(16.3705, -14.1452)","(16.488, 17.0071)","(-2.2483, -10.1539)","(-2.9116, -5.9591)","(-9.9806, 1.1166)","(12.7593, -12.9773)","(3.3218, 6.2581)","(5.9716, -7.0652)"
9.170000000000000284e+01,"(-19.6071, -0.7947)","(-12.9466, 21.1498)","(-15.3795, -10.3108)","(7.1246, 2.0652)","(-14.0801, 10.483)","(6.2786, -1.3267)","(4.0351, -18.2605)","(1.6614, -3.565)","(13.1952, -9.4041)","(6.7013, 15.1633)","(3.1131, 3.4626)","(6.764, 13.4804)","(9.4687, -11.9406)","(10.4907, 9.7231)","(-2.75, -2.5023)","(-5.9645, -12.248)","(-17.683, 2.0191)","(6.0407, -7.5548)","(8.037, 14.8621)","(14.7271, -17.6283)"
9.180000000000001137e+01,"(-17.0077, 0.4029)","(-5.6664, 15.4294)","(-7.197, -4.1536)","(5.0252, 1.6319)","(-8.8039, 7.2766)","(5.5388, -0.704)","(-0.2558, -7.4604)","(3.7773, -7.8729)","(2.9025, -5.3982)","(3.2319, 6.0509)","(6.9581, 7.7833)","(9.5832, 18.6587)","(2.6102, -5.8685)","(4.126, 3.2687)","(-2.6396, -0.1877)","(-10.1398, -20.1269)","(-20.2291, 2.7202)","(2.7578, -3.5765)","(15.701, 21.4388)","(15.2136, -20.3878)"
9.190000000000000568e+01,"(-8.4279, 1.0702)","(0.1772, 6.0524)","(-2.5835, -1.3957)","(6.2877, 2.3041)","(-5.0326, 4.2631)","(7.9473, -0.5674)","(-0.6307, -2.3028)","(7.8926, -16.9183)","(0.2688, -4.1606)","(1.0988, 1.9311)","(14.2322, 15.7045)","(7.0278, 12.5847)","(0.9895, -2.1527)","(1.387, 0.9284)","(-4.2154, 0.4213)","(-8.604, -14.4933)","(-11.0558, 2.1023)","(2.4755, -2.5734)","(12.9984, 2.7267)","(3.8524, -8.8628)"
9.200000000000000000e+01,"(-3.971, 0.4821)","(1.2467, 2.5525)","(-1.0826, -0.6742)","(10.2775, 3.9126)","(-4.5123, 3.4494)","(13.1439, -0.7545)","(-0.8064, -1.1839)","(7.4542, -22.86)","(-0.3986, -5.9316)","(0.3627, 0.7567)","(15.5778, 15.4503)","(3.314, 5.4287)","(1.2372, -1.3112)","(1.3129, 0.7127)","(-8.1385, 0.7929)","(-4.1081, -5.3109)","(-4.5258, 1.0223)","(4.1206, -3.7806)","(3.0594, -4.2188)","(1.1998, -6.1906)"
9.210000000000000853e+01,"(-3.5696, 0.0191)","(2.3325, 2.9159)","(-1.5165, -1.0796)","(16.2297, 6.1372)","(-6.5224, 4.6305)","(18.6818, -1.3698)","(-1.5447, -1.8474)","(-1.8126, -11.1195)","(-0.7261, -10.104)","(0.4523, 1.1572)","(7.3774, 5.2383)","(1.4556, 2.4786)","(2.5133, -2.0344)","(2.4539, 1.2844)","(-16.0137, 1.6018)","(-1.3724, -1.5006)","(-2.3349, 0.416)","(7.9015, -7.0311)","(-1.4564, -4.0236)","(0.8553, -7.7575)"
9.220000000000000284e+01,"(-5.9046, -0.2801)","(4.2739, 5.1646)","(-3.149, -2.3008)","(17.2917, 6.078)","(-10.754, 7.4872)","(15.8449, -2.2365)","(-3.2256, -3.8612)","(-2.7552, -2.9013)","(-1.3346, -16.9265)","(0.9468, 2.52)","(2.9332, 1.3587)","(1.3965, 2.6711)","(5.4839, -4.1892)","(5.3329, 2.8016)","(-22.1619, 4.0524)","(-0.4402, -0.3735)","(-3.1607, 0.3932)","(13.9602, -12.5644)","(-3.4715, -5.4207)","(1.1315, -11.1612)"
9.230000000000001137e+01,"(-11.3448, -0.6747)","(8.3093, 10.1133)","(-7.1887, -5.2855)","(10.5234, 3.1285)","(-15.1436, 10.7645)","(8.5003, -1.9772)","(-7.233, -8.7283)","(-2.4486, -0.302)","(-2.6936, -19.3178)","(2.2276, 5.9892)","(2.5502, 0.6365)","(2.4586, 4.8947)","(11.988, -9.1217)","(12.0922, 6.3603)","(-11.9532, 6.4749)","(-0.5441, -0.3456)","(-6.149, 0.6824)","(14.301, -14.2282)","(-6.0256, -9.4071)","(1.5088, -15.6101)"
9.240000000000000568e+01,"(-19.7441, -1.0018)","(13.9722, 16.1433)","(-15.6182, -11.4297)","(5.4458, 1.5383)","(-12.6478, 9.8059)","(4.8944, -1.0026)","(-14.4881, -16.9634)","(-3.8047, 0.3606)","(-3.3683, -11.2921)","(5.3255, 14.3087)","(4.2825, 0.8922)","(4.9813, 10.004)","(18.586, -15.6754)","(21.6892, 11.1838)","(-3.3533, 3.9922)","(-1.156, -0.7105)","(-12.8208, 1.3912)","(6.3124, -8.1233)","(-10.2725, -14.9932)","(1.226, -16.4855)"
9.250000000000000000e+01,"(-19.3895, 0.1699)","(12.9061, 11.5185)","(-19.8333, -13.8102)","(4.2972, 1.4468)","(-6.6881, 5.7977)","(5.1839, -0.5356)","(-14.9699, -14.1901)","(-7.3059, 0.7103)","(-2.0112, -5.1738)","(9.4796, 24.4829)","(8.4232, 1.7711)","(9.1973, 18.3115)","(8.7711, -12.3915)","(15.6165, 7.1255)","(-0.8725, 1.269)","(-2.7656, -1.7103)","(-22.162, 2.5693)","(2.217, -3.3251)","(-13.2856, -13.1465)","(0.4213, -11.7849)"
9.260000000000000853e+01,"(-9.1577, 1.325)","(6.5489, 3.5887)","(-9.3457, -5.3058)","(6.22, 2.3287)","(-3.9395, 3.3047)","(8.3727, -0.503)","(-7.2549, -3.7033)","(-14.696, 1.4014)","(-0.8332, -3.572)","(6.5239, 13.6401)","(16.5819, 3.4569)","(9.4725, 17.7639)","(1.0723, -5.4605)","(6.0261, 2.0654)","(-0.4982, 0.2862)","(-7.0352, -4.3702)","(-17.6884, 2.7951)","(1.2006, -1.4394)","(-9.6095, -3.8325)","(0.2145, -7.6989)"
9.270000000000000284e+01,"(-3.3808, 0.7094)","(2.3488, 1.0835)","(-3.637, -1.5413)","(10.9535, 4.2107)","(-4.3149, 3.1911)","(14.5691, -0.772)","(-2.9563, -0.4626)","(-22.3715, 3.5622)","(-0.5255, -5.0898)","(3.1501, 4.7529)","(22.2024, 3.9771)","(4.6924, 7.6378)","(-0.617, -2.0799)","(2.6932, 0.6042)","(-0.9317, 0.1291)","(-16.9127, -10.4223)","(-7.0108, 1.7101)","(1.8619, -1.743)","(-4.6831, -1.2743)","(0.4531, -6.9748)"
9.280000000000001137e+01,"(-1.6183, 0.1371)","(0.9815, 0.7826)","(-2.9234, -0.858)","(17.6381, 6.6821)","(-7.0226, 4.9066)","(19.951, -1.557)","(-2.7853, 0.3764)","(-13.8264, 6.506)","(-0.6355, -9.3425)","(2.5728, 2.9475)","(12.6206, 0.932)","(1.6767, 2.473)","(-1.5308, -2.1089)","(3.3917, 0.5298)","(-2.1044, 0.1644)","(-22.8663, -12.9274)","(-2.1295, 0.6653)","(3.8228, -3.3789)","(-2.8269, -2.2782)","(0.8655, -9.267)"
9.290000000000000568e+01,"(-2.3324, -0.0862)","(1.3085, 1.5064)","(-4.6967, -1.243)","(17.225, 5.9245)","(-12.1071, 8.3821)","(14.4948, -2.4469)","(-4.7223, 0.8699)","(-3.9351, 4.5219)","(-1.1815, -16.9867)","(3.9053, 4.1339)","(4.6987, -0.1854)","(0.4309, 0.5982)","(-2.9565, -3.7961)","(6.0651, 0.9099)","(-5.1469, 0.3195)","(-10.2301, -3.5972)","(-0.7567, 0.3262)","(8.361, -7.2989)","(-3.211, -4.459)","(1.3867, -13.8029)"
9.300000000000000000e+01,"(-4.7672, -0.3016)","(2.6674, 3.298)","(-8.8836, -2.3568)","(9.2244, 2.5686)","(-16.1296, 11.5624)","(6.8656, -1.8504)","(-9.3544, 1.6837)","(-0.8822, 1.5504)","(-2.6776, -20.8242)","(6.8041, 7.1876)","(1.3046, -0.1085)","(0.1289, 0.1559)","(-6.0974, -7.9541)","(11.9781, 1.8117)","(-12.8886, 0.7733)","(-5.0497, -0.5859)","(-1.0575, 0.5396)","(16.0104, -14.2566)","(-5.42, -8.7218)","(1.5336, -17.3838)"
9.310000000000000853e+01,"(-10.5839, -0.732)","(6.0652, 7.6321)","(-16.6669, -4.3965)","(4.2587, 1.1382)","(-11.2611, 9.0762)","(3.7433, -0.7943)","(-17.9084, 3.3314)","(-0.2316, 0.3414)","(-3.6838, -11.6193)","(11.7175, 12.3296)","(0.3149, -0.0035)","(0.1865, 0.1993)","(-12.1012, -15.3736)","(20.6456, 3.0125)","(-25.6477, 2.7226)","(-5.5396, 0.0924)","(-2.2238, 1.1459)","(14.4683, -14.8524)","(-9.9296, -15.3737)","(0.7295, -14.3393)"
9.320000000000000284e+01,"(-21.18, -1.2805)","(13.0199, 16.0212)","(-20.973, -5.1362)","(3.2654, 1.1002)","(-5.2584, 4.7584)","(4.3097, -0.403)","(-21.2246, 5.2547)","(-0.2416, 0.0719)","(-2.182, -4.5162)","(14.018, 14.2105)","(0.3309, 0.0599)","(0.4306, 0.4556)","(-15.2776, -15.6108)","(18.5431, 2.1413)","(-16.7984, 7.7399)","(-8.4745, 0.302)","(-5.2521, 2.6926)","(4.6992, -7.1737)","(-14.0105, -14.8076)","(0.1611, -8.8573)"
9.330000000000001137e+01,"(-21.6007, 0.1508)","(16.2543, 16.4619)","(-11.9234, -2.2051)","(5.0693, 1.9159)","(-3.0504, 2.561)","(7.5362, -0.4001)","(-10.2122, 4.674)","(-0.5521, 0.05)","(-0.7299, -2.1608)","(8.773, 8.0464)","(0.7517, 0.1616)","(1.0956, 1.1623)","(-9.0049, -4.5373)","(8.2468, 0.4332)","(-2.4049, 6.5471)","(-13.9211, 0.5013)","(-12.651, 6.4844)","(1.0768, -2.6592)","(-10.2142, -3.4272)","(0.2742, -6.4156)"
9.340000000000000568e+01,"(-8.7499, 1.8381)","(8.676, 4.2566)","(-4.6728, -0.6195)","(9.6265, 3.7357)","(-3.747, 2.7257)","(14.1603, -0.6576)","(-3.3585, 2.2853)","(-1.3533, 0.0849)","(-0.3267, -2.7315)","(4.0644, 3.5048)","(1.8654, 0.4127)","(2.9557, 3.1422)","(-3.3759, -0.5173)","(2.829, 0.0622)","(1.7081, 4.2024)","(-18.8949, 0.9398)","(-22.9576, 12.0664)","(0.2469, -1.82)","(-4.2845, -0.109)","(0.6264, -7.4329)"
9.350000000000000000e+01,"(-2.8391, 1.286)","(3.6122, 0.2087)","(-1.68, -0.2634)","(17.3772, 6.6865)","(-6.6206, 4.5789)","(21.1332, -1.4703)","(-0.9036, 0.6539)","(-3.5401, 0.1848)","(-0.3349, -5.2708)","(2.3474, 2.215)","(4.9213, 1.1022)","(8.0894, 8.6009)","(-1.0905, 0.2887)","(1.0071, 0.0689)","(3.6921, 5.0047)","(-15.005, 1.451)","(-14.0915, 8.6054)","(0.1959, -3.0276)","(-1.8693, -0.8602)","(1.1362, -11.2083)"
9.360000000000000853e+01,"(-1.8429, 1.4545)","(3.0215, -0.9629)","(-1.6047, -0.3851)","(19.3534, 6.8399)","(-12.2293, 8.3985)","(15.4455, -2.6195)","(-0.4028, 0.1561)","(-9.5598, 0.4652)","(-0.5766, -11.1488)","(3.0645, 3.1649)","(13.0819, 2.9267)","(18.2437, 19.1865)","(-1.0886, 0.7701)","(1.293, 0.1787)","(6.189, 8.1542)","(-8.0103, 1.1884)","(-4.8081, 3.8792)","(0.4023, -6.1531)","(-1.6885, -2.1819)","(1.6327, -16.4644)"
9.370000000000000284e+01,"(-2.9252, 2.5847)","(4.8319, -1.9197)","(-3.0995, -0.8196)","(10.1587, 2.7667)","(-17.1574, 12.218)","(6.5517, -2.0559)","(-0.7584, 0.1481)","(-22.9901, 1.632)","(-1.4101, -20.992)","(5.6377, 5.9683)","(26.8786, 5.5797)","(14.7563, 14.1563)","(-2.1147, 1.6125)","(2.7195, 0.4142)","(10.2136, 13.1388)","(-4.8726, 0.5863)","(-2.7023, 2.8214)","(0.8929, -13.2709)","(-2.8138, -4.6675)","(1.252, -17.1938)"
9.380000000000001137e+01,"(-5.833, 5.1342)","(9.2309, -3.6286)","(-6.851, -1.8478)","(3.9383, 0.8757)","(-11.4312, 9.3276)","(2.6325, -0.7839)","(-1.7543, 0.2968)","(-23.7308, 6.7419)","(-3.5806, -20.112)","(10.7912, 11.4447)","(17.6958, 1.556)","(6.4824, 4.7677)","(-4.8425, 3.6269)","(6.3344, 0.9858)","(13.02, 13.8292)","(-5.5307, 0.333)","(-3.6384, 4.1447)","(1.1514, -23.1994)","(-5.7875, -10.1427)","(0.2759, -11.2891)"
9.390000000000000568e+01,"(-11.8744, 10.4632)","(16.9067, -6.8029)","(-15.2798, -4.119)","(1.6487, 0.4627)","(-4.6938, 4.481)","(2.2938, -0.2769)","(-4.3792, 0.7084)","(-4.2948, 8.3119)","(-3.8672, -7.8013)","(15.2817, 15.754)","(7.0564, -1.2874)","(5.3987, 3.1838)","(-11.3377, 8.4733)","(14.9219, 2.3214)","(9.9443, 6.6221)","(-9.0883, 0.3363)","(-6.2504, 7.1467)","(-0.868, -17.4872)","(-11.6508, -18.3974)","(0.1055, -6.7173)"
9.400000000000000000e+01,"(-16.925, 15.8055)","(18.8876, -9.227)","(-24.1941, -6.1719)","(2.0426, 0.7524)","(-2.0927, 1.8944)","(4.0909, -0.2161)","(-11.2728, 1.8042)","(1.8488, 5.5142)","(-1.8614, -2.1435)","(10.194, 9.4346)","(5.4716, -2.1988)","(7.2398, 3.9943)","(-19.6027, 16.0044)","(25.6246, 3.7055)","(5.3368, 2.7524)","(-15.5611, 0.5396)","(-10.8046, 12.3862)","(-1.6483, -6.5259)","(-15.1266, -12.768)","(0.3809, -5.9583)"
9.410000000000000853e+01,"(-9.0115, 10.7613)","(8.6969, -6.764)","(-14.0737, -2.5874)","(4.0577, 1.5814)","(-2.2526, 1.6676)","(8.527, -0.3239)","(-24.4098, 4.3308)","(4.3134, 5.8286)","(-1.0416, -0.539)","(4.3318, 3.5377)","(7.3335, -3.3908)","(10.662, 5.8517)","(-9.7322, 13.3834)","(15.2537, 1.2518)","(3.3205, 2.7488)","(-19.8723, 1.0876)","(-13.0005, 15.3835)","(-0.9583, -2.0017)","(-8.1054, 0.3889)","(0.8112, -8.368)"
9.420000000000000284e+01,"(-2.6686, 4.5225)","(2.8837, -3.0486)","(-5.1795, -0.3786)","(8.9378, 3.527)","(-4.1729, 2.8759)","(17.4632, -0.703)","(-20.0571, 6.4328)","(6.6768, 8.4471)","(-1.6556, -0.4671)","(1.5063, 1.2513)","(11.1828, -5.2098)","(14.5452, 7.9112)","(-0.7016, 6.0726)","(5.6903, -0.1746)","(3.8432, 4.6018)","(-13.3723, 1.5633)","(-7.6731, 9.9557)","(-1.1428, -1.4209)","(-1.9241, 1.8)","(1.4141, -13.4513)"
9.430000000000001137e+01,"(-0.5966, 1.3723)","(1.2292, -1.0183)","(-2.595, 0.133)","(18.4645, 7.2156)","(-8.6206, 5.8474)","(23.236, -1.956)","(-6.0073, 5.1726)","(9.9557, 12.2416)","(-3.4039, -0.9211)","(1.0849, 1.0744)","(15.4986, -7.3865)","(14.1282, 7.4186)","(1.3874, 3.0162)","(3.5426, -0.5134)","(6.3589, 8.4782)","(-6.3715, 1.0774)","(-3.3497, 4.6497)","(-2.1315, -2.4223)","(0.2629, 1.4422)","(1.7255, -18.3943)"
9.440000000000000568e+01,"(-0.1142, 0.6358)","(1.6292, -0.7631)","(-3.6139, 0.3889)","(21.5917, 7.6714)","(-16.3223, 11.1901)","(11.8534, -3.0536)","(-2.2825, 4.4047)","(11.9646, 12.4835)","(-7.7608, -2.1569)","(1.9502, 2.0602)","(14.3506, -7.4621)","(9.4905, 4.7386)","(2.7968, 3.6136)","(5.0684, -0.9314)","(10.9094, 14.2136)","(-3.7806, 0.4532)","(-2.0368, 2.6135)","(-4.455, -5.0936)","(1.1815, 2.0822)","(0.7871, -15.356)"
9.450000000000000000e+01,"(-0.0785, 1.0612)","(3.329, -1.3085)","(-6.6731, 0.7389)","(9.8617, 2.3598)","(-16.9619, 12.6834)","(3.9093, -1.8958)","(-2.1577, 6.1578)","(9.6746, 7.2655)","(-17.3151, -4.7224)","(4.2279, 4.5257)","(8.771, -5.1208)","(6.3157, 3.1704)","(5.0174, 6.3106)","(8.94, -1.655)","(13.5879, 13.9428)","(-4.7534, 0.2533)","(-2.8116, 3.2939)","(-9.6699, -11.0686)","(2.4526, 4.2911)","(0.021, -8.611)"
9.460000000000000853e+01,"(-0.165, 2.3332)","(7.4548, -2.8085)","(-13.289, 1.4587)","(3.5035, 0.3994)","(-7.0771, 6.7042)","(1.0987, -0.8914)","(-3.3178, 9.7972)","(6.1159, 4.091)","(-24.5569, -5.0189)","(9.5322, 10.2204)","(5.5886, -3.2105)","(6.2235, 3.2948)","(9.2914, 11.6942)","(15.9915, -2.9743)","(9.4355, 5.3574)","(-8.4547, 0.2754)","(-5.2492, 5.9931)","(-16.2732, -17.7677)","(5.368, 9.6765)","(0.1315, -5.3247)"
9.470000000000000284e+01,"(-0.4244, 5.6645)","(16.2915, -6.2013)","(-21.6977, 2.5608)","(2.2052, -0.0708)","(-2.1609, 2.4959)","(0.9225, -1.1786)","(-5.1267, 15.4329)","(4.613, 4.2286)","(-12.0249, 1.0391)","(16.8776, 17.7283)","(5.7658, -2.9208)","(8.7271, 4.7623)","(13.9869, 15.948)","(20.3419, -4.0672)","(4.4633, 1.8393)","(-15.5807, 0.478)","(-10.0676, 11.4633)","(-11.8733, -10.1774)","(11.4043, 18.7043)","(0.4735, -5.8468)"
9.480000000000001137e+01,"(-1.0495, 13.9956)","(22.5252, -10.1586)","(-16.827, 2.6858)","(3.4969, -0.2661)","(-0.5086, 0.7191)","(1.7097, -2.3151)","(-5.0348, 17.742)","(5.4294, 6.3907)","(-3.9243, 2.0638)","(12.2135, 11.4038)","(8.5815, -4.0464)","(13.069, 7.1631)","(11.5413, 9.0636)","(12.5752, -3.0719)","(2.4639, 1.9375)","(-21.1811, 1.0749)","(-14.2206, 16.5933)","(-5.0687, -2.7827)","(15.7124, 13.9293)","(0.9734, -9.3082)"
9.490000000000000568e+01,"(-1.4128, 26.3179)","(9.6622, -7.9474)","(-6.9135, 1.6159)","(6.873, -0.5237)","(-0.2589, 0.5415)","(3.8151, -5.1152)","(-2.1096, 11.9396)","(8.1395, 10.2943)","(-1.9418, 2.4128)","(4.9719, 3.6721)","(13.5046, -6.2958)","(15.5729, 8.3561)","(5.7429, 2.7454)","(5.4212, -1.5325)","(2.8925, 3.534)","(-13.7604, 1.691)","(-8.8636, 11.4076)","(-2.0392, -0.5685)","(8.3752, -0.9419)","(1.6555, -15.4835)"
9.500000000000000000e+01,"(1.4443, 16.7348)","(2.2158, -3.9043)","(-2.221, 0.5892)","(14.2225, -1.0741)","(-0.4592, 1.0611)","(8.7035, -11.6584)","(-0.8389, 6.4669)","(11.6012, 13.6763)","(-2.5626, 4.0318)","(2.3319, 1.295)","(16.5339, -8.0873)","(11.8212, 6.0073)","(2.3341, 1.3198)","(2.7286, -0.6826)","(5.1062, 7.0076)","(-5.8173, 1.1623)","(-3.3545, 4.8846)","(-2.3418, -0.1982)","(1.5501, -2.5912)","(1.6762, -19.339)"
9.510000000000000853e+01,"(2.3673, 5.9299)","(0.2464, -2.5413)","(-0.7581, 0.1556)","(22.9, -2.0108)","(-1.0629, 2.4469)","(14.4186, -20.4107)","(-1.1117, 4.8692)","(11.6394, 10.3927)","(-4.7627, 7.4944)","(3.0363, 1.3904)","(11.9125, -6.6193)","(7.1279, 3.5006)","(1.8145, 1.8557)","(3.3537, -0.6685)","(9.7544, 13.3888)","(-2.5482, 0.414)","(-1.2123, 1.7427)","(-4.305, -0.2685)","(-0.9567, -2.4397)","(0.3759, -13.2733)"
9.520000000000000284e+01,"(2.6653, 3.5174)","(-0.21, -3.8038)","(-1.031, 0.1266)","(15.863, -2.355)","(-2.6715, 6.1063)","(7.1897, -14.2479)","(-2.0591, 6.538)","(7.774, 4.8845)","(-8.8693, 14.0586)","(5.4791, 2.4631)","(6.5158, -3.9555)","(5.4511, 2.8035)","(2.9554, 3.6761)","(6.2733, -1.1599)","(14.4485, 16.5357)","(-2.7181, 0.1687)","(-1.0437, 1.2707)","(-9.0222, -0.5986)","(-2.2973, -3.7992)","(-0.1007, -6.6678)"
9.530000000000001137e+01,"(4.1573, 4.6441)","(-0.4278, -7.1751)","(-2.2309, 0.2408)","(6.0228, -1.5147)","(-6.5739, 15.0789)","(1.12, -5.7529)","(-3.7533, 11.0079)","(4.7335, 3.3991)","(-10.5166, 18.8576)","(10.9011, 4.92)","(4.7315, -2.608)","(6.785, 3.6686)","(5.9761, 7.7672)","(12.7007, -2.314)","(11.0927, 6.6425)","(-5.0378, 0.1559)","(-1.9831, 2.2685)","(-18.3206, -1.1421)","(-4.4782, -7.5965)","(0.1414, -4.2832)"
9.540000000000000568e+01,"(6.9912, 7.7598)","(-0.8273, -14.3145)","(-5.3079, 0.5544)","(1.7531, -0.585)","(-10.3228, 25.2552)","(-0.3249, -2.8562)","(-5.7174, 17.3157)","(4.3011, 4.5403)","(-4.0992, 12.1042)","(19.0696, 8.4702)","(6.0691, -2.9452)","(10.5409, 5.7959)","(11.8674, 15.0944)","(21.4251, -4.0462)","(4.9349, 1.0961)","(-10.4907, 0.2538)","(-4.3205, 4.8794)","(-23.013, -0.4172)","(-8.9739, -14.8476)","(0.498, -5.4657)"
9.550000000000000000e+01,"(11.4873, 12.6203)","(-2.0579, -22.2537)","(-12.9843, 1.3498)","(0.7011, -0.3432)","(-3.4572, 13.3749)","(-0.9959, -3.7482)","(-4.5073, 17.397)","(6.008, 7.5468)","(-0.7801, 5.0571)","(17.5578, 7.0704)","(9.9542, -4.6116)","(15.259, 8.3349)","(15.3105, 15.8498)","(17.2934, -3.8989)","(1.6413, 0.4777)","(-20.0617, 0.5918)","(-9.6189, 10.8497)","(-11.2355, 1.5813)","(-14.4302, -17.298)","(1.0404, -9.493)"
9.560000000000000853e+01,"(13.3396, 13.5683)","(-3.9099, -15.291)","(-25.2837, 2.8392)","(1.0762, -0.6145)","(-0.1719, 5.6357)","(-1.8601, -6.7349)","(-1.2988, 9.9356)","(9.5601, 12.2222)","(-0.4514, 1.9024)","(7.9554, 2.5206)","(15.598, -7.2801)","(14.8494, 7.7917)","(9.2261, 4.8322)","(7.0822, -2.1036)","(0.9791, 0.9477)","(-21.1473, 1.529)","(-16.0347, 18.4792)","(-3.7529, 1.2242)","(-11.5362, -4.0282)","(1.8147, -16.5718)"
9.570000000000000284e+01,"(8.7893, 7.4568)","(-2.9967, -5.5873)","(-17.9792, 3.0524)","(2.3139, -1.3287)","(0.6911, 4.8862)","(-3.5855, -13.0872)","(-0.5628, 4.979)","(12.6572, 13.9553)","(-0.9127, 1.7198)","(2.7205, 0.7389)","(16.2889, -8.2494)","(9.2082, 4.5251)","(3.5112, 0.616)","(2.2284, -0.7523)","(1.5368, 2.0857)","(-9.3732, 1.8326)","(-9.7477, 12.6399)","(-1.2169, 0.725)","(-4.3485, 1.0353)","(1.699, -20.1874)"
9.580000000000001137e+01,"(4.4516, 3.4831)","(-1.0865, -1.6375)","(-6.5095, 2.0148)","(5.5305, -3.1579)","(1.2825, 7.1692)","(-6.1138, -20.6396)","(-1.0091, 4.074)","(10.5378, 7.7987)","(-1.9886, 3.1486)","(0.8251, 0.2601)","(9.532, -5.6573)","(5.4735, 2.696)","(1.0701, -0.2162)","(0.5539, -0.1803)","(3.2475, 4.7308)","(-3.0503, 0.9452)","(-3.0834, 5.0033)","(-1.3361, 1.1362)","(-1.0577, 0.5964)","(0.1441, -12.352)"
9.590000000000000568e+01,"(2.9705, 2.775)","(-0.2346, -0.5724)","(-3.7081, 1.7061)","(13.2908, -7.5958)","(2.1394, 11.9304)","(-6.2533, -15.4202)","(-2.017, 6.1373)","(6.0814, 3.3738)","(-4.4399, 6.7794)","(0.8527, 0.3639)","(4.9306, -3.0528)","(5.1664, 2.7265)","(0.9316, -0.6371)","(0.3529, -0.0761)","(7.419, 10.9339)","(-0.8981, 0.4228)","(-1.0288, 2.2224)","(-2.581, 2.2637)","(-0.1943, 0.1633)","(-0.2173, -5.5104)"
9.600000000000000000e+01,"(3.9436, 4.2337)","(-0.0827, -0.8263)","(-4.9412, 2.5743)","(22.7212, -13.4445)","(3.3662, 17.9596)","(-3.6739, -6.081)","(-3.8792, 11.1143)","(3.7919, 3.0365)","(-9.4667, 14.5545)","(1.7801, 0.8047)","(4.1378, -2.1927)","(7.6059, 4.1662)","(1.7721, -1.3485)","(0.7548, -0.1377)","(14.6223, 19.5054)","(-0.9233, 0.6021)","(-1.0686, 2.8498)","(-5.7534, 5.002)","(-0.0192, 0.0511)","(0.0661, -3.1081)"
9.610000000000000853e+01,"(6.9527, 7.7563)","(-0.091, -1.8218)","(-8.3183, 4.364)","(12.2429, -8.803)","(3.8041, 16.8207)","(-1.3534, -2.0795)","(-6.143, 18.3232)","(4.1142, 4.7718)","(-11.9959, 21.0916)","(4.1734, 1.909)","(6.1611, -2.9109)","(12.4505, 6.8701)","(4.0591, -3.0379)","(1.813, -0.3218)","(14.3821, 10.5828)","(-1.8337, 1.2365)","(-1.9111, 5.2049)","(-12.6972, 11.0784)","(0.0235, 0.0558)","(0.3778, -4.0641)"
9.620000000000000284e+01,"(12.0503, 13.3362)","(-0.1688, -4.3958)","(-14.2241, 7.4821)","(4.05, -4.047)","(2.716, 9.2967)","(-0.5284, -1.2702)","(-4.5017, 17.8797)","(6.4674, 8.46)","(-3.2687, 12.0796)","(10.2446, 4.6998)","(10.84, -4.9619)","(16.675, 9.0409)","(9.7212, -7.2213)","(4.664, -0.8196)","(6.6462, -0.0376)","(-4.2251, 2.8305)","(-3.8978, 10.5641)","(-18.2139, 17.0214)","(0.0667, 0.1297)","(0.854, -7.5478)"
9.630000000000001137e+01,"(13.9406, 14.1204)","(-0.3906, -11.0431)","(-17.5056, 9.5373)","(2.408, -3.2626)","(1.4475, 4.962)","(-0.6415, -2.2082)","(-0.8683, 9.2376)","(10.6945, 13.7415)","(0.3251, 4.4328)","(21.6395, 9.7732)","(17.0889, -7.9731)","(13.1164, 6.6891)","(18.9643, -14.9385)","(12.2238, -2.1458)","(2.2611, -1.9643)","(-10.1674, 6.794)","(-7.0246, 19.3116)","(-8.0606, 10.3779)","(0.1745, 0.3467)","(1.7036, -14.7269)"
9.640000000000000568e+01,"(8.4822, 6.8719)","(-1.2794, -23.8542)","(-11.0599, 6.6463)","(3.2995, -4.896)","(1.0256, 4.6387)","(-1.2652, -4.739)","(-0.2315, 3.9636)","(13.2054, 13.6081)","(0.9853, 1.8764)","(19.659, 7.8257)","(15.8875, -8.2762)","(7.0965, 3.3941)","(12.7443, -14.9864)","(25.8236, -4.711)","(1.6451, -3.3827)","(-20.1273, 13.7605)","(-6.264, 19.0081)","(-1.9689, 4.312)","(0.4797, 0.9755)","(2.1616, -21.9832)"
9.650000000000000000e+01,"(3.7919, 2.7297)","(-4.273, -21.204)","(-5.1105, 3.2931)","(5.6959, -8.4707)","(1.3451, 7.2638)","(-2.8293, -10.8107)","(-0.621, 2.7494)","(9.5075, 5.8424)","(1.8886, 2.3569)","(7.7336, 1.9316)","(8.0139, -5.0346)","(4.3612, 2.1746)","(1.3879, -7.2393)","(18.8445, -4.4563)","(2.6848, -6.0666)","(-15.2351, 12.1757)","(-2.1402, 8.6293)","(-0.4296, 2.5857)","(1.3732, 2.8389)","(0.3759, -15.0551)"
9.660000000000000853e+01,"(2.0607, 1.8376)","(-4.9103, -6.4897)","(-3.1253, 1.862)","(9.5832, -14.3349)","(2.2836, 12.8869)","(-5.9089, -21.5024)","(-1.4028, 4.2343)","(4.8486, 2.3658)","(3.6515, 4.4646)","(4.0904, 0.4171)","(3.7767, -2.4212)","(4.9822, 2.677)","(-1.3041, -3.3831)","(6.9654, -2.6801)","(5.2594, -11.6878)","(-4.7253, 5.5504)","(-0.5559, 2.9085)","(-0.2461, 3.8354)","(4.0195, 8.3279)","(-0.4556, -6.104)"
9.670000000000000284e+01,"(2.6839, 2.883)","(-4.0383, -1.9967)","(-4.1426, 2.2367)","(10.53, -16.5417)","(3.6486, 19.4028)","(-7.3234, -19.6076)","(-2.952, 8.2638)","(3.0002, 2.53)","(7.5736, 9.3509)","(5.1783, 0.1691)","(3.27, -1.7155)","(8.1849, 4.5188)","(-2.7841, -3.6588)","(4.8092, -2.5132)","(7.8545, -19.4816)","(-1.7957, 3.2759)","(-0.1153, 0.7181)","(-0.4342, 7.1711)","(11.1362, 21.219)","(-0.1757, -2.0242)"
9.680000000000001137e+01,"(5.036, 5.6715)","(-5.5674, -1.4569)","(-7.5278, 3.9431)","(5.6435, -10.079)","(3.8609, 16.1716)","(-4.713, -6.7662)","(-5.7335, 16.1322)","(3.6115, 4.4062)","(13.9894, 16.5752)","(8.5483, 0.2258)","(5.2978, -2.4691)","(13.9259, 7.703)","(-4.8875, -6.1047)","(6.3878, -3.6217)","(3.1646, -17.3032)","(-1.8986, 4.4338)","(-0.0169, 0.1569)","(-0.878, 14.2122)","(18.7473, 17.6264)","(0.0478, -1.1645)"
9.690000000000000568e+01,"(10.0244, 11.3439)","(-9.0408, -2.1973)","(-13.9986, 7.3157)","(2.4554, -4.7069)","(2.4923, 7.8552)","(-2.421, -1.963)","(-6.4546, 21.4065)","(6.1779, 8.3415)","(14.0559, 12.9891)","(14.8375, 0.3889)","(10.0396, -4.5418)","(17.4505, 9.3963)","(-8.8686, -11.1124)","(9.9448, -5.6658)","(-1.4391, -7.6486)","(-3.1606, 7.5443)","(-0.0007, 0.1262)","(-0.9014, 22.1742)","(7.8349, -6.0482)","(0.2211, -2.0366)"
9.700000000000000000e+01,"(15.3851, 16.5491)","(-15.0477, -3.6098)","(-18.8231, 10.1633)","(1.7454, -2.952)","(1.1598, 3.7792)","(-2.7652, -1.3056)","(-1.4888, 12.3299)","(10.9261, 14.4176)","(7.0995, 3.5651)","(20.0557, 0.2872)","(17.4203, -8.0004)","(11.6792, 5.7976)","(-13.5529, -15.614)","(14.6684, -8.42)","(-0.7943, -2.6877)","(-5.6695, 13.528)","(0.003, 0.2805)","(0.886, 15.8552)","(-1.7203, -7.194)","(0.5376, -4.4347)"
9.710000000000000853e+01,"(11.1748, 9.6654)","(-19.0609, -3.6947)","(-11.7005, 7.066)","(2.6478, -4.0347)","(0.7865, 3.6038)","(-4.7864, -2.0455)","(0.276, 4.619)","(13.9001, 14.3858)","(2.4503, 0.5979)","(14.3965, -0.3736)","(17.4715, -8.9563)","(5.659, 2.6361)","(-11.8836, -9.8558)","(14.837, -8.8468)","(0.1676, -1.5073)","(-7.6364, 19.1063)","(0.0069, 0.7143)","(1.304, 6.3173)","(-5.156, -7.439)","(1.2852, -10.3334)"
9.720000000000000284e+01,"(4.8863, 3.0873)","(-13.3657, -0.8652)","(-4.7497, 3.2037)","(5.0093, -7.4264)","(1.0998, 6.0763)","(-9.3455, -4.0319)","(0.1326, 1.3078)","(9.5426, 5.1792)","(0.9015, -0.1005)","(6.8993, -0.4625)","(8.2229, -5.3327)","(3.3982, 1.6981)","(-6.256, -3.2739)","(9.2308, -5.8805)","(0.9093, -2.2699)","(-4.6453, 14.0634)","(0.0161, 1.9378)","(0.5102, 1.9849)","(-7.3316, -9.6171)","(2.5488, -21.6193)"
9.730000000000001137e+01,"(1.5114, 0.839)","(-6.7355, 0.2207)","(-1.9993, 1.2843)","(9.3313, -13.8363)","(2.0167, 11.6688)","(-17.3647, -7.3496)","(-0.0639, 0.4753)","(4.2906, 1.481)","(1.1797, -0.425)","(3.7617, -0.1538)","(3.1124, -2.2378)","(4.3045, 2.3329)","(-2.7387, -1.6435)","(5.3657, -3.4477)","(2.169, -4.6589)","(-1.6761, 6.5966)","(0.0408, 5.4646)","(0.0804, 0.7817)","(-9.6619, -11.7651)","(1.4666, -22.2158)"
9.740000000000000568e+01,"(0.406, 0.2921)","(-4.2901, -0.3031)","(-2.1301, 1.172)","(11.6585, -18.0356)","(3.5799, 19.8178)","(-19.7814, -7.0805)","(-0.2591, 0.7655)","(2.0759, 1.4588)","(2.4357, -0.9224)","(4.356, 0.0404)","(1.7196, -1.0038)","(7.6553, 4.2493)","(-2.1865, -2.2318)","(4.909, -2.9499)","(4.9932, -10.4027)","(-0.906, 3.1517)","(0.1249, 15.1443)","(-0.0509, 1.203)","(-10.7238, -10.4007)","(-0.871, -8.8226)"
9.750000000000000000e+01,"(0.4399, 0.4714)","(-5.358, -1.0798)","(-4.0215, 2.1029)","(6.1783, -11.0689)","(4.1938, 18.2958)","(-10.2757, -1.915)","(-0.6386, 1.7235)","(2.2838, 2.7552)","(5.7019, -2.1136)","(7.6484, 0.2003)","(2.6117, -1.234)","(14.0114, 7.7883)","(-3.4711, -4.2828)","(7.1518, -4.1135)","(9.0775, -20.5214)","(-1.252, 3.2667)","(0.6047, 29.5068)","(-0.1766, 2.6245)","(-9.1051, -6.6378)","(-1.0034, -3.3798)"
9.760000000000000853e+01,"(0.9438, 1.0808)","(-9.2163, -2.254)","(-8.5246, 4.4072)","(2.2175, -4.5985)","(2.7856, 8.3266)","(-3.7917, -0.2494)","(-1.6102, 4.2453)","(4.0731, 5.6357)","(13.5792, -5.0314)","(14.3791, 0.4143)","(5.2953, -2.3748)","(18.5895, 10.0554)","(-6.7889, -8.7374)","(11.7674, -6.6971)","(4.0368, -19.8804)","(-2.3995, 5.7462)","(1.7437, 15.302)","(-0.462, 6.2653)","(-6.8313, -5.1258)","(-1.5164, -3.2516)"
9.770000000000000284e+01,"(2.2813, 2.6509)","(-16.1018, -3.942)","(-17.0233, 8.852)","(0.9368, -1.7922)","(1.1573, 3.0777)","(-1.1964, -0.1482)","(-4.1273, 10.8247)","(8.2161, 11.5977)","(23.8895, -9.8591)","(21.2736, 0.3873)","(11.4001, -5.0605)","(11.9559, 5.8783)","(-12.6173, -15.684)","(16.2563, -9.3947)","(-2.8811, -7.4474)","(-4.8149, 11.3369)","(2.0273, 7.0153)","(-1.1057, 15.0754)","(-6.0129, -6.0934)","(-2.6469, -5.3635)"
9.780000000000001137e+01,"(5.8316, 6.8114)","(-19.9305, -3.7479)","(-19.6821, 10.8345)","(1.1394, -1.7818)","(0.4446, 1.655)","(-1.0289, -0.3702)","(-8.4385, 23.3472)","(14.1411, 17.7705)","(13.1939, -9.2825)","(15.4069, -0.4028)","(20.487, -9.3764)","(5.1674, 2.3064)","(-14.4399, -14.0378)","(13.2307, -8.105)","(-2.4292, -1.5858)","(-8.0299, 19.4029)","(2.6726, 6.7335)","(-1.2546, 26.3157)","(-6.9154, -8.5741)","(-4.9834, -10.145)"
9.790000000000000568e+01,"(13.87, 15.9915)","(-12.455, -0.35)","(-8.7943, 5.7786)","(2.2669, -3.3563)","(0.4792, 2.5679)","(-2.0226, -0.8686)","(-4.3286, 20.288)","(12.979, 9.4284)","(3.0046, -5.2048)","(6.6708, -0.5715)","(16.3899, -8.93)","(2.2909, 1.0861)","(-8.2307, -4.1452)","(7.0636, -4.6298)","(-2.6985, 0.0113)","(-6.1156, 17.3331)","(3.7642, 8.9826)","(1.605, 15.2355)","(-9.0703, -11.4671)","(-8.7149, -17.4483)"
9.800000000000000000e+01,"(17.748, 18.0763)","(-5.5553, 0.4786)","(-2.8352, 2.2121)","(4.9464, -7.2368)","(0.8979, 5.2989)","(-4.6017, -2.0424)","(1.4349, 7.6637)","(6.1972, 1.186)","(0.3289, -3.6963)","(2.6576, -0.2061)","(5.8788, -4.4931)","(2.4941, 1.3395)","(-3.0538, -0.8123)","(4.2305, -2.6954)","(-4.6075, 0.4688)","(-1.8552, 7.8599)","(5.3177, 12.6202)","(2.1902, 5.3707)","(-10.8549, -11.5144)","(-9.3619, -16.9383)"
9.810000000000000853e+01,"(8.6013, 5.0733)","(-3.1251, -0.1407)","(-0.9842, 0.9563)","(10.3149, -15.1536)","(1.938, 11.6808)","(-10.9839, -4.9089)","(2.577, 4.0545)","(1.8731, -0.1579)","(-0.3269, -5.2479)","(2.2755, -0.006)","(1.6668, -1.7136)","(4.6283, 2.5752)","(-0.8151, -0.2543)","(4.7079, -2.7728)","(-9.192, 0.8579)","(-0.5029, 2.7181)","(6.5266, 15.1484)","(2.4462, 3.2077)","(-9.9114, -7.6027)","(-5.3261, -7.8009)"
9.820000000000000284e+01,"(4.8836, 1.1382)","(-3.9949, -0.8225)","(-1.2197, 1.3651)","(12.8103, -19.8641)","(3.8669, 22.0722)","(-22.1221, -9.469)","(4.127, 4.81)","(0.429, -0.2143)","(-0.6274, -9.1383)","(4.0642, 0.1068)","(0.8592, -1.3259)","(9.6191, 5.3921)","(-0.3986, -0.3742)","(7.6935, -4.3835)","(-17.8598, 1.8488)","(-0.2768, 0.9997)","(5.7805, 12.7104)","(3.8942, 4.3595)","(-7.3292, -5.0184)","(-2.178, -2.9249)"
9.830000000000001137e+01,"(5.8043, 0.3982)","(-7.342, -1.8558)","(-2.4068, 2.7226)","(5.281, -10.1994)","(4.5609, 19.19)","(-18.9597, -5.7037)","(6.6885, 7.6329)","(0.2191, -0.3674)","(-1.162, -16.154)","(8.4993, 0.2773)","(1.348, -2.3348)","(18.0528, 10.039)","(-0.6884, -0.8774)","(13.2081, -7.493)","(-21.7018, 4.7445)","(-0.527, 1.3108)","(4.03, 8.5085)","(6.7423, 7.5161)","(-5.884, -5.3809)","(-0.9971, -1.6269)"
9.840000000000000568e+01,"(8.9744, 0.4377)","(-14.2977, -3.7011)","(-5.3873, 6.0693)","(1.4258, -3.7526)","(2.9101, 7.2495)","(-7.4265, 0.0112)","(10.7465, 12.1365)","(0.3918, -0.8039)","(-2.5053, -20.3751)","(17.4771, 0.5527)","(2.8164, -4.8661)","(18.1527, 9.516)","(-1.5626, -2.0948)","(17.1938, -9.9965)","(-9.6056, 6.4202)","(-1.1741, 2.7451)","(3.0781, 6.7239)","(11.4877, 12.6938)","(-6.2878, -7.5462)","(-1.2823, -2.5138)"
9.850000000000000000e+01,"(14.5803, 0.6936)","(-21.5453, -4.7279)","(-11.7703, 13.2959)","(0.4133, -1.8643)","(1.3744, 2.3075)","(-3.444, 1.1412)","(13.0083, 13.4636)","(0.9605, -1.9323)","(-3.5563, -12.4606)","(23.3968, 0.2917)","(6.2805, -10.8051)","(8.1891, 3.6409)","(-3.8824, -5.2965)","(11.7824, -7.4026)","(-2.4154, 3.3966)","(-2.7673, 6.377)","(3.3754, 7.805)","(13.7655, 14.0881)","(-8.2413, -10.7361)","(-2.5074, -5.135)"
9.860000000000000853e+01,"(18.9, 0.4753)","(-15.1012, -0.856)","(-16.0218, 18.7895)","(0.4195, -2.7455)","(1.4319, 1.677)","(-4.0532, 2.128)","(9.4212, 7.9001)","(2.5302, -4.9805)","(-2.2762, -5.2932)","(12.2231, -0.7552)","(11.4085, -20.1752)","(2.7515, 1.0489)","(-9.6833, -13.1187)","(5.5975, -3.7653)","(-0.4912, 1.0)","(-6.4197, 14.8241)","(4.6868, 11.1114)","(8.9624, 7.5284)","(-10.6156, -12.3391)","(-5.3898, -11.1334)"
9.870000000000000284e+01,"(14.2127, -0.6108)","(-6.0857, 0.9928)","(-7.1396, 9.8825)","(0.7988, -5.3405)","(2.5564, 2.7985)","(-6.8337, 3.7154)","(5.1599, 3.8776)","(6.5385, -12.9313)","(-0.863, -2.9106)","(4.2911, -0.6512)","(8.0099, -17.0053)","(0.8787, 0.2629)","(-17.603, -20.985)","(3.283, -2.0909)","(-0.106, 0.2032)","(-9.7677, 23.9955)","(6.3393, 14.9201)","(4.2965, 3.2277)","(-10.7102, -9.0488)","(-10.0418, -20.2149)"
9.880000000000001137e+01,"(7.5794, -0.7903)","(-2.0227, 0.3833)","(-2.1639, 3.8123)","(1.7222, -11.3698)","(5.1919, 5.7066)","(-12.4373, 6.7466)","(3.5042, 3.2086)","(10.9345, -25.4173)","(-0.4404, -3.7479)","(1.4176, -0.3706)","(1.9226, -6.967)","(1.0257, 0.2298)","(-12.2462, -6.7397)","(4.0738, -2.3758)","(-0.0836, 0.0337)","(-3.7292, 13.5169)","(6.4328, 14.4726)","(2.5324, 2.2916)","(-8.1068, -5.2418)","(-9.4351, -16.32)"
9.890000000000000568e+01,"(4.9185, -0.2686)","(-1.1917, -0.1103)","(-1.016, 2.448)","(3.0908, -21.3149)","(10.7651, 11.8198)","(-17.9276, 10.2704)","(4.378, 4.7666)","(-0.4086, -16.1974)","(-0.4688, -6.9655)","(1.5399, -0.5611)","(0.2203, -2.6106)","(2.0839, 0.4507)","(-5.6916, 0.6522)","(7.2175, -4.087)","(-0.2018, 0.0182)","(-0.4009, 5.2097)","(4.6487, 9.8335)","(3.2486, 3.4759)","(-5.9635, -4.7501)","(-4.6066, -5.854)"
9.900000000000000000e+01,"(5.9286, 0.1258)","(-2.0446, -0.4959)","(-1.3887, 3.7717)","(2.0391, -19.9251)","(16.2112, 17.0445)","(-12.6988, 8.9323)","(7.3074, 8.3761)","(-5.1514, -4.1339)","(-0.8151, -13.8005)","(2.9548, -1.1124)","(-0.2143, -2.5675)","(4.8268, 1.0519)","(-4.1981, 2.7725)","(13.3005, -7.5062)","(-0.5098, 0.0301)","(0.4001, 3.4816)","(3.163, 6.7198)","(5.8726, 6.5783)","(-5.7411, -6.4622)","(-1.7684, -1.6925)"
9.910000000000000853e+01,"(9.8293, 0.4748)","(-4.4207, -1.201)","(-2.6158, 7.1217)","(-0.0279, -8.3095)","(10.4858, 9.1385)","(-5.2813, 4.7631)","(11.9336, 13.4803)","(-5.5717, -0.1279)","(-1.9583, -21.8677)","(6.5325, -2.4433)","(-0.4892, -4.4941)","(11.6984, 2.5573)","(-5.7289, 4.6705)","(18.2998, -10.5911)","(-1.3643, 0.0669)","(0.8867, 5.1136)","(2.9658, 6.7241)","(10.9801, 12.307)","(-7.2924, -9.5937)","(-1.4702, -0.9791)"
9.920000000000000284e+01,"(16.4367, 0.7981)","(-10.2559, -2.8596)","(-5.1628, 14.0473)","(-0.2722, -2.6843)","(4.2523, 2.8364)","(-2.4471, 2.071)","(13.1897, 13.1756)","(-7.7728, 1.0312)","(-3.8147, -15.9473)","(14.6364, -5.4788)","(-0.9664, -9.1129)","(23.7483, 5.0604)","(-9.4558, 7.7315)","(12.021, -7.6132)","(-3.8196, 0.1648)","(1.5982, 9.1549)","(3.949, 9.3326)","(14.8681, 15.601)","(-9.9426, -12.5335)","(-2.5954, -1.5789)"
9.930000000000001137e+01,"(19.4935, 0.2938)","(-21.2946, -5.5941)","(-7.4701, 21.0726)","(-0.3312, -1.3356)","(1.391, 0.6922)","(-2.6393, 1.6404)","(8.3136, 6.3881)","(-12.2174, 1.6999)","(-3.0704, -6.049)","(23.3151, -9.0994)","(-1.9623, -17.9761)","(19.6459, 3.4109)","(-13.8513, 11.8481)","(5.0608, -3.5255)","(-10.8131, 0.4624)","(2.9009, 16.4317)","(5.7419, 13.6549)","(9.8944, 8.2934)","(-11.2925, -10.8769)","(-5.3788, -3.2832)"
9.940000000000000568e+01,"(12.2944, -0.9094)","(-21.6676, -3.0362)","(-4.2948, 14.3145)","(-0.6428, -2.0979)","(1.1845, 0.3594)","(-4.7974, 2.6308)","(4.0829, 2.9049)","(-17.3424, 2.9426)","(-1.1471, -1.8913)","(13.1491, -6.2445)","(-3.2018, -22.2562)","(7.4459, 0.5255)","(-11.7777, 12.3641)","(2.2418, -1.4998)","(-25.7944, 1.9206)","(4.1304, 20.3881)","(6.868, 15.8552)","(4.3317, 2.9011)","(-9.1898, -6.0272)","(-11.7211, -7.1713)"
9.950000000000000000e+01,"(5.9123, -0.7575)","(-8.4342, 1.9175)","(-1.3215, 5.8039)","(-1.3297, -4.3211)","(2.2092, 0.5939)","(-9.6912, 5.1649)","(2.7802, 2.5976)","(-15.7747, 4.7489)","(-0.273, -0.8692)","(4.4855, -2.8145)","(-2.9496, -11.1053)","(3.8741, -0.1438)","(-5.417, 7.9857)","(2.4024, -1.4164)","(-20.91, 7.9065)","(3.415, 12.0246)","(5.5349, 11.9306)","(1.6303, 1.2169)","(-6.3533, -4.2861)","(-20.3886, -12.0823)"
9.960000000000000853e+01,"(3.915, -0.1848)","(-2.7584, 2.0526)","(-0.3824, 1.8225)","(-2.977, -9.7456)","(4.8438, 1.3134)","(-17.6008, 9.5926)","(3.8263, 4.2564)","(-8.8277, 4.5426)","(-0.1252, -1.4096)","(2.0533, -1.7043)","(-1.5072, -3.7882)","(4.9732, -0.4363)","(-2.9763, 4.3266)","(4.4501, -2.5141)","(-2.3102, 8.4609)","(1.7648, 5.0155)","(3.55, 7.3696)","(1.4383, 1.4712)","(-5.3512, -5.3881)","(-15.1973, -7.4698)"
9.970000000000000284e+01,"(5.3081, 0.1673)","(-2.0252, 2.9007)","(-0.2228, 0.7596)","(-6.2132, -20.018)","(11.2814, 3.0798)","(-17.0696, 10.8861)","(6.8989, 8.0271)","(-5.3789, 2.6188)","(-0.1539, -3.0619)","(2.7195, -2.5445)","(-0.5102, -0.9833)","(8.3564, -0.768)","(-3.4615, 3.4998)","(9.2224, -5.1615)","(3.0053, 6.1527)","(0.7237, 2.4994)","(2.7094, 5.9447)","(2.6091, 2.9272)","(-6.3169, -8.1601)","(-6.0865, -1.9292)"
9.980000000000001137e+01,"(9.5184, 0.5172)","(-3.1649, 5.0185)","(-0.4416, 1.2277)","(-7.4001, -21.0858)","(22.5048, 5.9227)","(-6.8631, 6.2857)","(12.1465, 13.937)","(-5.7211, 1.5025)","(-0.292, -7.2433)","(4.9842, -4.6945)","(-0.3703, -0.4685)","(14.7827, -1.3596)","(-5.8497, 4.9264)","(17.4672, -9.8475)","(5.4016, 6.886)","(0.6254, 3.1498)","(3.2174, 7.5187)","(5.5823, 6.3918)","(-8.851, -11.8539)","(-2.2168, -0.3265)"
9.990000000000000568e+01,"(16.9764, 0.9064)","(-6.0537, 9.5104)","(-1.0006, 2.6958)","(-4.078, -8.3404)","(19.8671, 3.875)","(-2.0839, 2.4265)","(14.0361, 14.1628)","(-8.794, 1.3684)","(-0.731, -16.8976)","(9.8654, -9.2745)","(-0.7197, -0.8075)","(20.2807, -2.0507)","(-10.4264, 8.4354)","(18.0688, -10.7846)","(7.7785, 9.5096)","(1.0415, 5.9853)","(4.7982, 11.4639)","(11.8119, 13.4511)","(-11.3499, -12.63)","(-2.2292, 0.0097)"
1.000000000000000000e+02,"(20.628, 0.3465)","(-10.2616, 16.6496)","(-2.4164, 6.4563)","(-1.8604, -2.7872)","(7.717, 0.1489)","(-0.5741, 0.6422)","(8.4635, 6.1752)","(-14.4318, 1.9768)","(-2.5543, -25.967)","(15.7652, -15.0905)","(-1.6274, -1.8258)","(14.3901, -1.9201)","(-14.9448, 12.8945)","(7.821, -5.4309)","(10.4481, 12.0908)","(2.0851, 12.3194)","(6.7252, 15.8829)","(16.4795, 17.2954)","(-10.491, -7.689)","(-4.0107, 0.1047)"
