time,A,B,C,D,E,F,G,H,I,J,K,L,M,N,O,P,Q,R,S,T
0.000000000000000000e+00,"(22.8001, -14.6159)","(1.9082, -7.8365)","(17.2537, -16.9513)","(9.6372, 15.7909)","(-12.4588, 22.3376)","(-8.6514, 24.3638)","(6.2548, 19.8607)","(-11.9194, -10.0754)","(15.2501, 15.397)","(3.3458, -3.4628)","(-18.5715, -0.0361)","(-10.9962, -1.9427)","(22.1528, 0.5664)","(-3.9811, 21.2935)","(-20.7175, -13.1595)","(18.2399, 17.7651)","(-5.0347, 10.8707)","(18.5125, -10.6591)","(0.5911, 22.5232)","(16.5492, -6.9527)"
1.000000000000000056e-01,"(4.2619, -11.0231)","(-0.2757, -10.1222)","(6.8421, -6.0729)","(15.6081, 17.9313)","(-9.4851, 22.4379)","(-6.6582, 18.0519)","(11.5236, 14.6247)","(-13.5474, -4.2072)","(10.924, 8.4006)","(9.6144, -3.6303)","(-8.3787, 0.721)","(-25.3673, -5.3138)","(17.2389, -6.6556)","(-9.6067, 19.0635)","(-18.7823, -4.3055)","(9.8939, 1.5983)","(-9.9532, 16.8628)","(7.8193, -6.6991)","(-11.1673, 18.6526)","(7.0251, -5.405)"
2.000000000000000111e-01,"(-0.0519, -10.7015)","(-1.2205, -17.3223)","(6.8241, -3.5888)","(10.8644, 7.7769)","(2.3157, 9.9994)","(-0.7223, 7.458)","(8.6502, 7.0034)","(-10.9179, -1.461)","(5.1542, 2.9183)","(23.3985, -8.7911)","(-4.5958, -0.1621)","(-20.192, -2.3469)","(5.2444, -5.0385)","(-5.1605, 13.6491)","(-7.5777, 1.1944)","(7.8605, -2.2444)","(-7.9461, 16.5819)","(2.734, -2.7494)","(-11.5967, 22.8917)","(2.2625, -2.458)"
3.000000000000000444e-01,"(-1.354, -12.7557)","(-2.7499, -19.9847)","(11.0663, -4.7499)","(4.6088, 1.4374)","(5.2409, 7.3056)","(0.1613, 2.1753)","(4.2213, 2.4779)","(-7.6384, -0.6267)","(2.295, 1.6599)","(20.0304, -11.3347)","(-5.5469, -1.0934)","(-7.737, 1.1213)","(1.0048, -2.8899)","(-1.5252, 6.4729)","(-2.5642, 1.7576)","(8.8488, -3.8519)","(-2.3418, 8.7778)","(1.7148, -1.1121)","(0.0625, 9.8175)","(0.8434, -0.7745)"
4.000000000000000222e-01,"(-1.9451, -13.7088)","(-3.5197, -11.0697)","(16.2293, -7.0941)","(1.8198, -0.131)","(7.2192, 8.0775)","(0.2217, 0.5875)","(1.9619, 1.4489)","(-6.8155, -0.9655)","(2.2871, 2.4515)","(4.3438, -7.6911)","(-9.5994, -2.3495)","(-5.2785, 2.0068)","(-0.0366, -2.9231)","(-1.1257, 3.2677)","(-1.7045, 2.3889)","(10.9763, -5.0088)","(-0.8384, 3.7308)","(2.8556, -1.2284)","(2.7683, 5.1653)","(0.9834, -0.4819)"
5.000000000000000000e-01,"(-2.2027, -12.5369)","(-2.0225, -4.6051)","(15.012, -7.9232)","(2.0755, -0.743)","(8.9091, 9.579)","(0.4563, 0.6068)","(1.9843, 2.1303)","(-8.7208, -1.7777)","(4.0058, 4.8051)","(0.4092, -6.4157)","(-16.6152, -4.0416)","(-6.854, 3.148)","(-0.3283, -4.479)","(-1.9767, 3.5789)","(-2.4572, 3.9319)","(13.0042, -6.131)","(-1.1128, 2.4645)","(5.9095, -2.2939)","(4.6158, 5.5577)","(2.016, -0.7957)"
6.000000000000000888e-01,"(-2.0382, -10.6327)","(-0.7379, -2.7358)","(8.2743, -5.7296)","(3.8712, -1.5024)","(9.9061, 10.2018)","(1.016, 1.2786)","(3.4796, 4.1768)","(-12.907, -2.8883)","(8.033, 9.8445)","(-0.6546, -8.199)","(-19.7317, -3.5604)","(-10.48, 4.8724)","(-0.5307, -8.2098)","(-3.9057, 6.257)","(-4.6431, 7.311)","(12.6352, -6.5)","(-2.2314, 3.7041)","(12.6944, -4.8477)","(7.0337, 8.1003)","(4.5925, -1.7215)"
7.000000000000000666e-01,"(-1.7025, -9.8755)","(-0.4064, -3.8366)","(4.742, -3.2628)","(8.2971, -3.1554)","(9.3147, 8.9481)","(2.4453, 3.1148)","(7.0965, 8.7381)","(-16.8983, -3.4158)","(14.1225, 16.5083)","(-1.1002, -11.7936)","(-11.8375, -0.1811)","(-15.15, 7.1618)","(-0.996, -15.5269)","(-7.63, 12.0019)","(-8.7545, 13.8416)","(10.084, -5.6987)","(-4.6276, 7.224)","(21.4786, -8.9421)","(10.4239, 11.8005)","(10.936, -4.0472)"
8.000000000000000444e-01,"(-1.5355, -10.7493)","(-0.4678, -7.3179)","(4.8372, -2.4897)","(17.1358, -6.6384)","(7.8372, 7.2528)","(6.1971, 7.9456)","(13.3655, 15.9483)","(-14.9217, -1.8723)","(13.3971, 12.0586)","(-1.7151, -16.0044)","(-5.2489, 0.4508)","(-15.1199, 7.7259)","(-2.3416, -21.5741)","(-11.0118, 18.6499)","(-10.6767, 18.9806)","(8.2674, -4.6342)","(-9.1198, 14.2824)","(14.4903, -9.0318)","(12.0805, 12.4089)","(21.9521, -8.6334)"
9.000000000000000222e-01,"(-1.6424, -12.621)","(-0.8534, -14.5948)","(7.5518, -3.2493)","(21.1915, -9.9758)","(6.9783, 6.7434)","(14.2794, 17.7776)","(14.5118, 13.9697)","(-9.4495, -0.4248)","(6.7024, 3.4501)","(-2.5788, -15.8099)","(-3.0945, -0.185)","(-9.4789, 5.4898)","(-3.7907, -13.5141)","(-5.9534, 14.5822)","(-4.2622, 12.3839)","(8.4668, -4.2938)","(-11.0735, 19.7133)","(4.2377, -4.9945)","(9.2814, 7.8379)","(17.6728, -10.148)"
1.000000000000000000e+00,"(-1.9653, -13.8902)","(-2.1192, -22.3128)","(12.8278, -5.3003)","(8.7054, -7.3689)","(7.3686, 7.6184)","(16.7959, 16.3007)","(7.6987, 4.1861)","(-6.5603, -0.5444)","(2.2764, 0.7649)","(-2.6668, -10.7616)","(-4.1333, -0.8747)","(-5.7006, 3.3396)","(-2.575, -5.1766)","(-1.169, 6.5453)","(-0.7678, 5.1682)","(10.3782, -4.8656)","(-3.7826, 12.0788)","(0.8219, -1.9456)","(5.7943, 4.5653)","(4.6541, -6.1406)"
1.100000000000000089e+00,"(-2.2355, -13.0014)","(-3.9291, -14.9037)","(17.6444, -7.8857)","(2.1096, -3.3656)","(8.7116, 9.2806)","(8.4409, 2.8733)","(2.7526, 0.8033)","(-7.1217, -1.2691)","(0.5455, 0.1738)","(-1.7975, -7.2594)","(-7.6788, -1.9515)","(-5.3966, 2.7852)","(-0.8798, -1.9935)","(-0.3855, 2.3451)","(-0.3893, 1.8593)","(12.7816, -5.9594)","(-0.3464, 4.676)","(0.0389, -1.641)","(4.5333, 4.2949)","(0.7308, -3.4945)"
1.200000000000000178e+00,"(-2.1206, -10.9109)","(-2.9307, -5.4041)","(13.2433, -7.7262)","(0.284, -1.7206)","(9.9318, 10.3399)","(4.7196, -0.695)","(0.8186, 0.0106)","(-10.4551, -2.3337)","(0.1587, 0.1227)","(-1.1502, -7.1585)","(-14.8941, -3.8454)","(-7.8377, 3.7138)","(-0.3015, -1.9003)","(-0.6585, 1.4468)","(-0.7871, 1.526)","(13.1745, -6.6093)","(0.0355, 1.2954)","(-0.1559, -2.9038)","(5.6112, 6.182)","(-0.1883, -4.342)"
1.300000000000000044e+00,"(-1.7578, -9.77)","(-1.042, -1.5821)","(6.2923, -4.8252)","(-0.105, -2.4603)","(9.6481, 9.3849)","(5.4751, -2.1196)","(0.7656, -0.2508)","(-15.5726, -3.4765)","(0.2509, 0.3014)","(-1.044, -9.8703)","(-21.6474, -4.622)","(-12.6077, 5.8559)","(-0.2454, -3.5628)","(-1.4641, 2.3754)","(-1.738, 2.7596)","(10.7196, -5.9975)","(-0.0037, 0.2776)","(-0.303, -6.1407)","(8.5747, 9.8654)","(-0.5029, -7.3493)"
1.400000000000000133e+00,"(-1.5275, -10.3643)","(-0.2244, -0.5845)","(3.716, -2.5224)","(-0.2623, -4.8001)","(8.1197, 7.4792)","(8.5716, -3.5431)","(1.5218, -0.5738)","(-17.3004, -2.9701)","(0.5849, 0.7411)","(-1.3972, -14.5269)","(-14.3482, -0.5798)","(-16.699, 8.0415)","(-0.3819, -7.6717)","(-3.259, 4.9986)","(-3.9106, 5.9648)","(8.3778, -4.8035)","(-0.0649, 0.1357)","(-0.6411, -13.6189)","(12.027, 13.2846)","(-0.8938, -13.5173)"
1.500000000000000000e+00,"(-1.5811, -12.2322)","(-0.0844, -0.8877)","(4.4435, -2.1456)","(-0.5048, -10.3811)","(6.9681, 6.6133)","(14.0048, -5.8344)","(3.5554, -1.3167)","(-12.0201, -0.8012)","(1.4962, 1.9254)","(-2.2483, -17.2076)","(-5.6728, 0.9827)","(-13.1109, 7.116)","(-0.8423, -16.4936)","(-7.3283, 11.1396)","(-8.6359, 13.1758)","(8.0689, -4.207)","(-0.1858, 0.2859)","(-1.8561, -23.882)","(11.4358, 10.7071)","(-1.936, -20.5046)"
1.600000000000000089e+00,"(-1.8893, -13.8997)","(-0.0967, -1.9627)","(7.6191, -3.1623)","(-1.2589, -20.5313)","(7.0936, 7.2516)","(17.3189, -8.0664)","(8.8331, -3.2273)","(-7.1135, -0.217)","(4.0311, 5.2266)","(-2.8826, -13.131)","(-1.8789, 0.3403)","(-7.0953, 4.327)","(-2.4972, -24.19)","(-12.5519, 20.3238)","(-12.6134, 21.2973)","(9.7137, -4.5937)","(-0.4749, 0.7056)","(-4.2757, -16.5971)","(7.3395, 5.5906)","(-3.5136, -15.9571)"
1.700000000000000178e+00,"(-2.2255, -13.4515)","(-0.1815, -4.7419)","(13.6719, -5.5397)","(-3.4642, -21.4279)","(8.3597, 8.9182)","(11.5835, -7.1679)","(19.9758, -7.5541)","(-5.905, -0.7618)","(10.6344, 13.6651)","(-2.2324, -8.023)","(-1.2007, -0.1322)","(-4.6083, 2.6254)","(-4.4253, -12.6736)","(-6.5841, 16.3073)","(-4.3772, 13.6868)","(12.3458, -5.6879)","(-1.2727, 1.8668)","(-3.62, -5.2995)","(4.5106, 3.6965)","(-2.9191, -6.9389)"
1.800000000000000044e+00,"(-2.1966, -11.2768)","(-0.4257, -11.8572)","(18.7229, -8.3952)","(-4.1228, -8.3894)","(9.8326, 10.3679)","(5.6671, -4.2799)","(21.7677, -10.9043)","(-7.8927, -1.6598)","(18.954, 21.6602)","(-1.3072, -6.3569)","(-2.1238, -0.5225)","(-5.433, 2.6795)","(-2.9812, -3.7832)","(-0.2076, 6.6024)","(0.2497, 5.2035)","(13.583, -6.6274)","(-3.5396, 5.1577)","(-2.035, -1.3536)","(4.3339, 4.4695)","(-1.201, -2.9906)"
1.900000000000000133e+00,"(-1.8271, -9.737)","(-1.4322, -24.7075)","(12.4669, -7.7514)","(-2.1795, -2.2751)","(9.9544, 9.8425)","(3.9701, -2.4474)","(6.2565, -7.3239)","(-12.5524, -2.9345)","(11.571, 6.1808)","(-0.961, -7.9327)","(-4.6279, -1.2616)","(-8.8376, 4.1026)","(-1.7785, -0.9856)","(0.8975, 2.3911)","(1.0753, 2.1566)","(11.4997, -6.309)","(-9.4632, 13.9071)","(-2.6104, -0.7783)","(6.3075, 7.2244)","(-0.4631, -2.7539)"
2.000000000000000000e+00,"(-1.5323, -9.9919)","(-4.4819, -19.7078)","(5.1513, -4.3978)","(-1.6296, -0.6921)","(8.4727, 7.8078)","(5.3164, -2.447)","(1.0549, -4.3601)","(-17.7369, -3.7887)","(6.3357, -0.2826)","(-1.1046, -12.0903)","(-10.755, -2.9995)","(-14.5491, 6.7322)","(-2.5912, -0.7294)","(1.7403, 2.2704)","(2.0426, 2.5569)","(8.66, -5.0522)","(-15.1742, 25.0886)","(-4.7368, -1.2319)","(10.0988, 11.6971)","(-0.3691, -4.8098)"
2.100000000000000089e+00,"(-1.5247, -11.7729)","(-4.7656, -5.8837)","(2.6832, -1.9711)","(-2.7184, -0.7316)","(7.0324, 6.5508)","(9.184, -3.7877)","(-0.1996, -5.0728)","(-15.9146, -2.0198)","(6.2179, -2.267)","(-1.7568, -17.0198)","(-21.9312, -5.7057)","(-17.2476, 8.5004)","(-4.9237, -1.2944)","(3.2461, 3.9422)","(3.856, 4.6908)","(7.7522, -4.1799)","(-2.4992, 13.3902)","(-9.6572, -2.5721)","(12.9317, 13.7363)","(-0.5495, -9.7392)"
2.200000000000000178e+00,"(-1.8033, -13.7841)","(-4.0194, -1.8627)","(3.2642, -1.5723)","(-5.47, -1.4611)","(6.8457, 6.8928)","(15.5207, -6.4223)","(-0.6009, -8.0511)","(-9.237, -0.1312)","(8.6459, -3.6682)","(-2.7798, -16.1731)","(-20.9074, -2.6251)","(-10.9908, 6.3452)","(-10.3443, -2.7843)","(6.5228, 8.014)","(7.7874, 9.5609)","(9.0171, -4.3314)","(2.3988, 6.2924)","(-18.6453, -4.7723)","(10.1098, 8.4763)","(-1.1934, -18.7264)"
2.300000000000000266e+00,"(-2.1916, -13.8808)","(-5.6625, -1.46)","(5.9763, -2.4303)","(-11.8379, -3.2161)","(7.9647, 8.4836)","(17.712, -8.5451)","(-1.024, -13.8118)","(-5.5544, -0.2459)","(12.8923, -5.5341)","(-2.7662, -9.9597)","(-7.918, 1.9997)","(-5.4015, 3.4225)","(-19.8898, -5.0645)","(12.4858, 14.9983)","(13.9232, 16.3623)","(11.705, -5.3529)","(4.3453, 5.5268)","(-21.3696, -3.6211)","(5.7014, 4.0489)","(-3.0495, -21.5753)"
2.400000000000000355e+00,"(-2.2664, -11.7416)","(-9.2991, -2.2673)","(11.8078, -4.6312)","(-21.8678, -5.4251)","(9.6225, 10.2619)","(9.9234, -6.7945)","(-2.0291, -19.479)","(-5.6881, -0.967)","(15.8345, -7.3781)","(-1.6753, -6.2276)","(-2.6259, 2.0736)","(-3.7887, 2.1023)","(-20.8066, -3.1247)","(14.9107, 15.0345)","(13.6765, 12.542)","(13.7694, -6.5353)","(6.4158, 7.3331)","(-10.259, 0.8385)","(3.6528, 3.1872)","(-3.9557, -9.966)"
2.500000000000000000e+00,"(-1.9126, -9.7967)","(-15.4701, -3.7052)","(19.5229, -8.1683)","(-18.9103, -2.0089)","(10.2092, 10.2857)","(4.3503, -3.5806)","(-3.3071, -15.137)","(-8.7533, -2.0126)","(12.3005, -7.0367)","(-0.9833, -6.2495)","(-2.0657, 3.0095)","(-5.1989, 2.4939)","(-9.1221, 1.189)","(8.525, 5.1429)","(6.9568, 3.6491)","(12.3937, -6.6057)","(9.3215, 10.5364)","(-3.3774, 1.0658)","(4.2261, 4.6118)","(-2.0998, -3.1326)"
2.600000000000000089e+00,"(-1.5532, -9.65)","(-19.0831, -3.6058)","(15.5069, -8.8499)","(-7.3582, 1.5654)","(8.8951, 8.2503)","(3.0747, -1.8889)","(-2.6883, -7.3458)","(-14.544, -3.4754)","(7.2516, -4.8431)","(-0.8903, -9.2017)","(-3.3005, 5.2349)","(-9.1698, 4.1982)","(-2.8163, 1.1455)","(3.2296, 1.1431)","(2.3975, 0.7961)","(9.1594, -5.3868)","(11.6252, 12.3514)","(-0.825, 0.4664)","(6.8548, 8.0425)","(-0.6378, -0.7432)"
2.700000000000000178e+00,"(-1.4764, -11.2573)","(-12.8831, -0.6958)","(5.6981, -5.3085)","(-2.1547, 1.2452)","(7.1888, 6.5776)","(4.5229, -2.0151)","(-1.2336, -4.042)","(-18.9856, -3.7804)","(5.5178, -3.2416)","(-1.2566, -14.5859)","(-6.3177, 9.9286)","(-15.7099, 7.2241)","(-0.8617, 0.8123)","(0.8488, 0.1914)","(0.5801, 0.1553)","(7.5589, -4.2345)","(10.218, 9.3074)","(-0.3734, 0.4628)","(11.3068, 13.1409)","(-0.1825, -0.1395)"
2.800000000000000266e+00,"(-1.711, -13.528)","(-6.4059, 0.2353)","(1.7988, -1.9958)","(-1.1243, 1.4452)","(6.6431, 6.5595)","(8.4041, -3.3779)","(-0.6266, -4.4906)","(-13.9451, -1.0778)","(6.8118, -3.218)","(-2.2282, -18.3702)","(-10.4412, 17.0507)","(-17.7731, 8.8568)","(-0.9272, 1.378)","(0.216, -0.0041)","(0.1118, 0.0485)","(8.3251, -4.0974)","(6.916, 5.6227)","(-0.6205, 0.9373)","(13.3186, 13.6021)","(-0.2033, -0.0675)"
2.900000000000000355e+00,"(-2.1317, -14.2478)","(-4.1714, -0.3243)","(0.9506, -0.6718)","(-1.7083, 2.6446)","(7.5427, 7.9922)","(15.4493, -6.2102)","(-0.5978, -7.637)","(-7.1478, 0.1971)","(10.4936, -4.5056)","(-3.1068, -13.6352)","(-8.1748, 16.9615)","(-9.9115, 5.9956)","(-1.8437, 2.826)","(0.2294, -0.0763)","(0.087, 0.0967)","(10.8836, -4.9703)","(5.1181, 4.6508)","(-1.4273, 2.1459)","(8.9894, 6.783)","(-0.4549, -0.1288)"
3.000000000000000000e+00,"(-2.3224, -12.3034)","(-5.373, -1.1064)","(1.6039, -0.691)","(-3.5521, 5.4573)","(9.2958, 10.0047)","(19.2325, -8.9734)","(-0.9494, -14.0415)","(-4.4375, -0.2752)","(15.2902, -6.6758)","(-2.3624, -7.409)","(-2.099, 8.6532)","(-4.3105, 2.8871)","(-4.2414, 6.4035)","(0.5108, -0.188)","(0.1964, 0.2476)","(13.64, -6.3121)","(5.6098, 5.9636)","(-3.5858, 5.3221)","(4.5286, 2.9997)","(-1.1404, -0.328)"
3.100000000000000089e+00,"(-2.0137, -9.9699)","(-9.3632, -2.3054)","(3.4538, -1.3262)","(-7.7118, 11.8003)","(10.3717, 10.6614)","(10.3523, -7.2742)","(-2.0468, -20.6662)","(-5.3298, -1.0438)","(15.2579, -7.7748)","(-1.2176, -5.1898)","(-0.5373, 3.3394)","(-2.7628, 1.5633)","(-9.4765, 14.4189)","(1.2927, -0.4687)","(0.5011, 0.6446)","(13.3182, -6.8417)","(7.9679, 9.0132)","(-8.8511, 13.198)","(2.904, 2.6085)","(-3.0512, -0.8937)"
3.200000000000000178e+00,"(-1.5934, -9.3595)","(-16.4005, -4.018)","(8.0126, -2.9857)","(-12.3264, 20.3094)","(9.374, 8.8099)","(3.746, -3.6155)","(-3.5595, -15.2524)","(-9.0211, -2.1875)","(9.2997, -6.0598)","(-0.788, -6.4603)","(-0.6624, 1.6986)","(-3.9898, 1.8989)","(-12.6365, 21.8996)","(3.4811, -1.2437)","(1.36, 1.7667)","(9.9237, -5.8035)","(11.1397, 12.355)","(-14.0992, 23.2996)","(3.7437, 4.2098)","(-8.4242, -2.4853)"
3.300000000000000266e+00,"(-1.4392, -10.7036)","(-19.9618, -3.6889)","(17.6736, -6.7168)","(-5.9031, 15.3254)","(7.455, 6.7207)","(1.7735, -1.3795)","(-2.7985, -6.5379)","(-15.7208, -3.8464)","(5.5042, -3.7006)","(-0.8703, -10.5468)","(-1.4267, 2.3968)","(-7.5517, 3.4203)","(-3.1659, 12.3689)","(9.5841, -3.4108)","(3.8322, 5.0038)","(7.5451, -4.3973)","(11.5697, 11.3533)","(-3.7499, 13.9354)","(6.5848, 7.8705)","(-21.2326, -6.0118)"
3.400000000000000355e+00,"(-1.6165, -13.1251)","(-12.136, -0.2312)","(22.3861, -10.4771)","(-0.2703, 6.1602)","(6.5076, 6.2729)","(2.3006, -1.0847)","(-1.1174, -2.9001)","(-19.8865, -3.8214)","(5.3053, -2.7934)","(-1.4433, -16.8398)","(-3.0945, 4.799)","(-14.5022, 6.5487)","(0.6831, 4.6273)","(22.8105, -8.5295)","(10.5183, 13.6075)","(7.6814, -3.9154)","(8.2669, 6.7581)","(1.2945, 5.645)","(11.6104, 13.7107)","(-25.9225, -4.3969)"
3.500000000000000000e+00,"(-2.0456, -14.502)","(-5.3189, 0.4986)","(8.2033, -7.6149)","(0.6312, 2.0301)","(7.1133, 7.4638)","(4.5065, -1.7931)","(-0.4482, -2.8669)","(-12.8715, -0.5043)","(7.7977, -3.4307)","(-2.6957, -18.4346)","(-6.8196, 10.4171)","(-19.8375, 9.5247)","(1.6354, 2.588)","(20.6762, -11.361)","(19.4693, 22.4462)","(9.9267, -4.5628)","(5.3503, 4.4198)","(2.7986, 3.9701)","(14.048, 14.4069)","(-9.5478, 3.1724)"
3.600000000000000089e+00,"(-2.3551, -12.9488)","(-2.9715, -0.1337)","(1.6888, -3.8188)","(1.2394, 1.6791)","(8.8566, 9.5917)","(9.6278, -3.6812)","(-0.3783, -5.0952)","(-5.8565, 0.4565)","(12.637, -5.3113)","(-3.1893, -11.0919)","(-12.0294, 19.3322)","(-11.7681, 6.9891)","(2.9465, 3.5761)","(4.6359, -7.6795)","(11.8652, 6.0839)","(13.1284, -5.9511)","(4.8062, 4.8077)","(4.5947, 5.4237)","(8.9892, 6.3549)","(-4.2876, 4.534)"
3.700000000000000178e+00,"(-2.1275, -10.2797)","(-3.8519, -0.8007)","(0.0829, -3.2779)","(2.3911, 2.9278)","(10.3961, 10.9039)","(18.7501, -7.4142)","(-0.581, -10.3348)","(-3.2991, -0.1425)","(16.8943, -7.6285)","(-1.9336, -5.6051)","(-7.5523, 17.1827)","(-4.3938, 3.2405)","(5.4541, 6.5969)","(0.5025, -6.1804)","(6.9505, -0.5463)","(14.1176, -6.9551)","(6.4206, 7.1918)","(7.6579, 9.0132)","(4.0089, 2.2514)","(-4.0309, 6.4302)"
3.800000000000000266e+00,"(-1.6567, -9.1448)","(-7.1561, -1.8182)","(-0.333, -5.1663)","(4.9877, 6.183)","(9.8813, 9.4738)","(19.2848, -9.8097)","(-1.2925, -19.4605)","(-4.1288, -0.8375)","(13.1677, -7.531)","(-0.9015, -4.4316)","(-0.6821, 7.3156)","(-1.5214, 1.0934)","(10.3006, 12.4073)","(-0.5995, -7.8669)","(6.9996, -2.6403)","(10.9893, -6.2809)","(9.6899, 11.0658)","(11.9163, 13.5937)","(1.9642, 1.5752)","(-5.5873, 9.3789)"
3.900000000000000355e+00,"(-1.4167, -10.1342)","(-14.1097, -3.6738)","(-0.6026, -9.6256)","(10.535, 12.9907)","(7.8475, 7.0123)","(7.0222, -6.543)","(-3.2243, -20.8724)","(-7.4873, -1.8802)","(6.8541, -4.9406)","(-0.6446, -6.3997)","(0.5723, 2.3988)","(-1.2629, 0.6581)","(14.6667, 15.9931)","(-1.0434, -11.4514)","(9.3641, -4.0495)","(7.7871, -4.6977)","(12.2818, 13.0645)","(12.5705, 12.2672)","(2.3396, 2.6092)","(-7.8053, 13.3703)"
4.000000000000000000e+00,"(-1.5244, -12.5797)","(-21.6931, -4.824)","(-1.2112, -17.5536)","(16.041, 17.7352)","(6.4661, 6.0597)","(1.6704, -2.7417)","(-3.8602, -9.1719)","(-14.3942, -3.7039)","(4.448, -2.8532)","(-0.8205, -11.2649)","(1.1319, 1.6232)","(-2.4168, 1.1003)","(10.6095, 8.1277)","(-1.6458, -15.9643)","(13.045, -5.7473)","(7.141, -3.8171)","(10.2324, 8.9864)","(8.0421, 5.9312)","(4.3272, 5.2442)","(-7.7832, 14.8603)"
4.100000000000000533e+00,"(-1.936, -14.5883)","(-15.3918, -0.9153)","(-2.8003, -20.8221)","(10.7931, 7.4784)","(6.7006, 6.9223)","(0.2198, -1.341)","(-1.9292, -2.8402)","(-21.3541, -4.6384)","(5.3354, -2.564)","(-1.5346, -18.374)","(2.1744, 2.6647)","(-5.3289, 2.3579)","(4.8206, 2.4598)","(-2.5601, -16.2623)","(14.8746, -7.1411)","(8.8956, -4.1591)","(6.3413, 4.8513)","(4.263, 3.0815)","(8.8049, 10.8087)","(-4.6834, 11.1977)"
4.200000000000000178e+00,"(-2.3542, -13.6464)","(-6.1393, 1.0597)","(-3.7106, -11.0076)","(4.4973, 1.3826)","(8.3202, 9.0328)","(-0.0798, -1.9685)","(-0.556, -0.6724)","(-14.9242, -0.8444)","(8.7535, -3.6839)","(-3.0207, -18.4124)","(4.4673, 5.5242)","(-12.1752, 5.3626)","(1.7532, 1.036)","(-2.748, -11.0465)","(11.5608, -6.6096)","(12.2217, -5.4646)","(4.4016, 3.9297)","(3.3404, 3.2488)","(14.8461, 17.0931)","(-2.8199, 7.2689)"
4.299999999999999822e+00,"(-2.2477, -10.7495)","(-1.9378, 0.4529)","(-2.0924, -4.1197)","(1.7294, -0.1167)","(10.2395, 10.9432)","(-0.2044, -3.9672)","(-0.1183, -0.1268)","(-6.1067, 0.923)","(14.5552, -6.0567)","(-3.2546, -9.5613)","(9.5119, 11.77)","(-22.0749, 10.1037)","(1.3308, 1.3516)","(-1.8554, -7.1605)","(7.5719, -4.764)","(14.5639, -6.8758)","(4.967, 5.3536)","(4.7091, 5.3832)","(12.5727, 10.5494)","(-2.9771, 6.1573)"
4.400000000000000355e+00,"(-1.7471, -9.036)","(-0.8788, -0.03)","(-0.6608, -1.8645)","(1.9658, -0.7)","(10.3673, 10.1997)","(-0.3996, -8.9027)","(-0.0255, -0.0204)","(-2.1592, 0.3198)","(17.5304, -8.263)","(-1.6904, -4.3271)","(15.7453, 17.9383)","(-15.3855, 8.7471)","(2.2925, 2.7492)","(-1.1405, -6.7979)","(6.4418, -3.5729)","(12.3435, -6.7673)","(7.5447, 8.6971)","(8.1756, 9.7112)","(5.8971, 2.716)","(-4.4415, 7.8097)"
4.500000000000000000e+00,"(-1.4133, -9.5754)","(-1.4078, -0.3313)","(-0.281, -2.3545)","(3.7055, -1.4331)","(8.3777, 7.4894)","(-0.9967, -19.0615)","(-0.0246, -0.0086)","(-1.5407, -0.1941)","(10.98, -7.0456)","(-0.6861, -3.3795)","(11.925, 9.1414)","(-5.0234, 4.2714)","(4.862, 6.0463)","(-0.9935, -9.3553)","(8.014, -3.7588)","(8.387, -5.1607)","(11.3897, 12.913)","(12.896, 14.703)","(1.8834, 0.5003)","(-6.8871, 11.6059)"
4.600000000000000533e+00,"(-1.4395, -11.9081)","(-3.0553, -0.83)","(-0.2858, -4.6222)","(8.0279, -3.043)","(6.552, 5.955)","(-3.0976, -23.7753)","(-0.0599, -0.0175)","(-2.7164, -0.6681)","(5.1557, -4.017)","(-0.4807, -5.2565)","(5.2302, 1.8699)","(-1.7458, 2.2638)","(10.5133, 13.0259)","(-1.3089, -14.1096)","(11.596, -5.0882)","(6.7804, -3.8472)","(12.3539, 12.267)","(12.5278, 11.6616)","(0.5221, 0.0036)","(-8.5661, 15.2298)"
4.700000000000000178e+00,"(-1.808, -14.4551)","(-7.2501, -2.041)","(-0.4924, -10.0094)","(16.8736, -6.5001)","(6.3334, 6.3959)","(-4.5283, -9.9288)","(-0.1611, -0.0473)","(-5.828, -1.5794)","(3.6346, -2.2349)","(-0.638, -9.9639)","(1.8671, 0.0178)","(-1.7798, 3.036)","(16.328, 18.1409)","(-2.154, -17.5297)","(15.0616, -6.8711)","(7.8635, -3.795)","(8.4488, 6.5932)","(7.1587, 4.7445)","(0.4997, -0.1638)","(-6.2265, 13.472)"
4.800000000000000711e+00,"(-2.3105, -14.339)","(-16.8851, -4.6817)","(-1.1983, -20.0463)","(21.6233, -10.0384)","(7.7126, 8.3527)","(-2.8015, -2.7283)","(-0.455, -0.1354)","(-13.0768, -3.5934)","(5.0513, -2.2945)","(-1.2677, -18.1034)","(1.7564, -0.5858)","(-3.0904, 5.42)","(10.9023, 7.4227)","(-2.9322, -13.8074)","(13.4938, -7.2104)","(10.9743, -4.8867)","(4.8375, 3.6668)","(3.3554, 2.2519)","(1.035, -0.3864)","(-3.1575, 8.5761)"
4.900000000000000355e+00,"(-2.3632, -11.3998)","(-25.4653, -5.4361)","(-3.3473, -21.9301)","(9.0011, -7.5502)","(9.8716, 10.7201)","(-2.4904, -0.9544)","(-1.3306, -0.3996)","(-23.4545, -5.6916)","(8.9734, -3.6639)","(-2.9259, -20.6019)","(3.1875, -1.2327)","(-6.0785, 10.6065)","(4.5621, 1.2105)","(-2.3603, -8.1955)","(8.6391, -5.4841)","(14.4062, -6.5451)","(3.8906, 3.7806)","(2.5516, 2.5)","(2.4952, -0.9162)","(-2.4703, 5.8732)"
5.000000000000000000e+00,"(-1.8678, -9.0702)","(-12.5527, 1.1068)","(-4.1807, -8.8519)","(2.1428, -3.5259)","(10.7545, 10.9003)","(-4.0722, -1.0604)","(-3.9819, -1.2026)","(-17.2448, -1.0617)","(15.6112, -6.3949)","(-3.6945, -10.395)","(6.8427, -2.5972)","(-10.1681, 18.1686)","(2.1043, -0.312)","(-1.3454, -6.0604)","(6.1726, -3.7329)","(13.842, -7.1637)","(5.2705, 5.9545)","(3.8402, 4.467)","(6.4274, -2.3241)","(-3.3946, 6.3022)"
5.100000000000000533e+00,"(-1.4345, -9.0584)","(-4.1948, 2.4535)","(-2.2585, -2.435)","(0.2731, -1.9631)","(9.044, 8.1878)","(-7.8015, -2.0361)","(-11.8088, -3.5467)","(-6.161, 1.8924)","(18.212, -8.7133)","(-1.9858, -3.8059)","(14.8573, -5.6578)","(-8.0845, 16.5992)","(2.7389, -1.0257)","(-0.9247, -7.321)","(6.7775, -3.3576)","(9.4745, -5.7924)","(8.6649, 10.1492)","(7.2032, 8.7185)","(16.1151, -5.8981)","(-5.5055, 9.268)"
5.200000000000000178e+00,"(-1.3668, -11.1377)","(-2.3677, 3.1146)","(-1.6049, -0.7116)","(-0.1361, -2.8732)","(6.8056, 6.0063)","(-15.3334, -3.985)","(-27.7757, -7.5532)","(-1.9941, 1.679)","(9.9504, -6.9201)","(-0.6042, -1.7071)","(22.4207, -9.7594)","(-2.7204, 7.7524)","(5.1594, -2.0115)","(-1.0148, -11.2914)","(9.7755, -4.309)","(6.7133, -4.0675)","(12.7037, 14.1776)","(12.7515, 15.014)","(25.4833, -10.9955)","(-8.2509, 13.9271)"
5.300000000000000711e+00,"(-1.6692, -14.0647)","(-3.1768, 5.0678)","(-2.6338, -0.713)","(-0.3118, -5.5555)","(6.0483, 5.9182)","(-21.9849, -4.6347)","(-19.4417, -0.4406)","(-1.7263, 2.5443)","(4.0689, -3.5379)","(-0.2562, -2.2102)","(11.4165, -8.3724)","(-0.8128, 2.7489)","(10.7803, -4.1381)","(-1.6033, -16.7153)","(14.1322, -6.1893)","(6.9164, -3.5172)","(11.7425, 10.7415)","(13.924, 13.5756)","(9.7326, -8.8322)","(-8.1968, 15.6485)"
5.400000000000000355e+00,"(-2.218, -14.937)","(-5.6622, 9.0195)","(-5.2687, -1.4053)","(-0.6006, -11.7508)","(7.0695, 7.5887)","(-13.8732, -0.335)","(-7.2415, 4.8829)","(-2.9571, 4.6428)","(2.5855, -1.6819)","(-0.2652, -4.3969)","(2.8885, -4.2311)","(-0.4482, 1.0913)","(19.6947, -7.9603)","(-2.6974, -17.1265)","(15.34, -7.5329)","(9.5011, -4.2695)","(6.9121, 4.8496)","(7.9111, 4.9363)","(1.8373, -5.434)","(-4.3356, 11.037)"
5.500000000000000000e+00,"(-2.4571, -12.2408)","(-9.4476, 15.3938)","(-11.4033, -3.0998)","(-1.5173, -21.6217)","(9.2858, 10.2039)","(-5.2744, 1.0683)","(-4.6785, 6.6231)","(-5.9901, 9.2943)","(3.7532, -1.6868)","(-0.4619, -9.6382)","(0.4274, -2.1037)","(-0.8096, 1.4784)","(17.4071, -9.4732)","(-2.9332, -10.7006)","(10.5685, -6.432)","(13.4792, -5.9471)","(3.7447, 2.8662)","(3.137, 1.5397)","(-0.0903, -5.5502)","(-2.2886, 6.4871)"
5.600000000000000533e+00,"(-2.0203, -9.2931)","(-8.97, 17.3241)","(-21.4675, -5.3847)","(-3.7313, -19.2434)","(10.938, 11.4353)","(-1.5779, 0.3991)","(-5.1166, 8.7542)","(-10.6878, 17.1202)","(7.1423, -2.852)","(-1.1297, -19.7408)","(-0.108, -2.7822)","(-1.7702, 3.0701)","(5.9978, -5.8884)","(-1.8221, -6.2072)","(6.4698, -4.2452)","(15.0958, -7.3135)","(3.4437, 3.5419)","(1.3127, 0.9992)","(-0.6486, -8.1329)","(-2.4672, 5.2001)"
5.700000000000000178e+00,"(-1.4875, -8.6215)","(-3.2185, 10.2351)","(-19.5412, -2.3138)","(-3.7579, -7.1796)","(9.818, 9.1246)","(-0.6933, -0.024)","(-6.4888, 11.3957)","(-8.9609, 18.0944)","(13.9646, -5.4969)","(-3.2703, -22.5508)","(-0.3018, -5.1995)","(-4.1176, 7.0536)","(1.4519, -2.2886)","(-0.991, -5.6624)","(5.7715, -3.1403)","(11.1778, -6.5509)","(5.2717, 6.1296)","(1.5718, 1.7686)","(-1.0626, -13.0873)","(-3.9549, 6.8524)"
5.800000000000000711e+00,"(-1.3118, -10.3058)","(-1.0604, 4.5813)","(-7.7615, 1.531)","(-1.7533, -1.9212)","(7.272, 6.2792)","(-1.1494, -0.2749)","(-7.2253, 13.3472)","(-1.9437, 8.9856)","(20.2667, -8.9103)","(-4.2972, -9.1931)","(-0.5664, -10.8358)","(-9.1492, 15.7652)","(0.2082, -0.9092)","(-0.8165, -8.1763)","(7.8277, -3.5517)","(7.1155, -4.5552)","(9.2514, 10.9873)","(3.0564, 3.7449)","(-1.9146, -18.208)","(-6.6635, 10.9727)"
5.900000000000000355e+00,"(-1.5284, -13.4037)","(-1.157, 2.7631)","(-2.2925, 1.2706)","(-1.0904, -0.5149)","(5.8941, 5.5335)","(-2.5436, -0.6962)","(-5.9318, 12.3254)","(-0.128, 3.1283)","(12.422, -8.1106)","(-2.4272, -2.5237)","(-1.3596, -20.478)","(-11.8406, 22.084)","(-0.0345, -1.2248)","(-1.0952, -13.4005)","(12.0704, -5.1691)","(6.1675, -3.395)","(13.5852, 15.0886)","(6.6953, 8.3622)","(-3.0348, -15.5229)","(-9.2104, 15.8426)"
6.000000000000000000e+00,"(-2.0766, -15.3195)","(-2.2168, 3.7726)","(-1.1272, 1.4167)","(-1.8121, -0.5024)","(6.4353, 6.7872)","(-6.1498, -1.743)","(-4.1697, 9.5287)","(-0.0307, 0.81)","(4.1896, -4.283)","(-1.8881, -0.7891)","(-3.4594, -20.4803)","(-3.985, 11.1248)","(-0.1214, -2.518)","(-1.9753, -18.593)","(16.0334, -7.2532)","(7.9541, -3.679)","(11.4451, 9.8551)","(13.5525, 16.4392)","(-2.6934, -8.5635)","(-6.9172, 14.6809)"
6.100000000000000533e+00,"(-2.5064, -13.256)","(-4.485, 7.0673)","(-1.6645, 2.5738)","(-3.7608, -1.019)","(8.5072, 9.4059)","(-14.9289, -4.2103)","(-3.7079, 7.9092)","(-0.1438, 0.3463)","(1.3464, -1.444)","(-3.1106, -0.8297)","(-3.8837, -8.2583)","(-0.6183, 4.3339)","(-0.2412, -5.8531)","(-3.12, -15.2868)","(13.4789, -7.4256)","(11.8129, -5.1315)","(6.0388, 3.7925)","(15.3594, 14.9503)","(-1.4354, -5.2352)","(-2.8968, 8.7028)"
6.200000000000000178e+00,"(-2.2004, -9.7598)","(-8.7116, 13.6973)","(-3.4354, 5.2828)","(-8.5854, -2.3855)","(10.8021, 11.6268)","(-25.964, -6.1102)","(-4.4944, 8.4495)","(-0.395, 0.6257)","(0.9773, -0.5811)","(-6.1435, -1.6279)","(-1.8851, -2.3473)","(0.1915, 3.219)","(-0.5646, -13.9595)","(-2.6678, -8.1254)","(7.7447, -5.2401)","(15.4594, -7.0325)","(2.8788, 2.0726)","(7.9581, 3.867)","(-0.8161, -5.6955)","(-1.8286, 5.0239)"
6.300000000000000711e+00,"(-1.5817, -8.3138)","(-10.9821, 19.3317)","(-7.4734, 11.4299)","(-18.6903, -5.0367)","(10.619, 10.2577)","(-14.8397, 0.4249)","(-6.0543, 10.729)","(-0.9638, 1.4496)","(1.8605, -0.7642)","(-12.9183, -3.4662)","(-0.8426, -0.5335)","(0.5518, 4.983)","(-1.8843, -25.5189)","(-1.3603, -4.8975)","(5.2475, -3.2767)","(13.4714, -7.2936)","(2.6212, 2.7223)","(3.0526, 0.3267)","(-0.7842, -9.0268)","(-2.5252, 4.8449)"
6.400000000000000355e+00,"(-1.2813, -9.4584)","(-4.3325, 12.6452)","(-12.2738, 20.0808)","(-23.7985, -4.4111)","(7.9937, 6.8619)","(-5.0406, 2.7095)","(-7.3172, 13.228)","(-2.4703, 3.6549)","(4.1131, -1.5603)","(-22.2069, -5.2887)","(-1.1767, -0.3518)","(1.0196, 9.2392)","(-4.6818, -16.1749)","(-0.7607, -5.444)","(6.0196, -2.9375)","(8.2572, -5.3752)","(4.2788, 5.0568)","(2.204, -0.6396)","(-1.1975, -15.0943)","(-4.4237, 7.3582)"
6.500000000000000000e+00,"(-1.3951, -12.4904)","(-0.63, 5.158)","(-6.3258, 15.811)","(-10.6606, 1.396)","(5.9385, 5.3046)","(-2.6627, 3.3839)","(-6.5126, 13.0746)","(-6.4528, 9.5138)","(9.6428, -3.5832)","(-17.2457, -1.389)","(-2.404, -0.6533)","(1.9187, 17.0087)","(-4.0913, -4.7355)","(-0.7408, -8.8317)","(9.3076, -4.0004)","(5.7979, -3.544)","(8.1707, 9.91)","(3.5608, -1.3898)","(-2.3088, -19.3086)","(-7.6554, 12.4438)"
6.600000000000000533e+00,"(-1.8942, -15.3501)","(-0.1941, 1.6328)","(-0.3727, 6.4501)","(-3.4291, 1.9867)","(5.8644, 6.0019)","(-3.3357, 5.3394)","(-4.4708, 10.2188)","(-13.6685, 21.0839)","(20.1967, -7.8183)","(-6.6286, 1.4273)","(-5.5294, -1.544)","(3.008, 21.0367)","(-3.3578, -1.4954)","(-1.1558, -15.1029)","(14.4803, -6.1716)","(6.5016, -3.1964)","(13.759, 15.9191)","(7.1193, -2.7538)","(-3.3063, -13.3942)","(-9.7076, 17.0899)"
6.700000000000000178e+00,"(-2.4854, -14.3756)","(-0.4126, 0.9179)","(0.6055, 2.1084)","(-1.8788, 2.4468)","(7.5922, 8.3824)","(-5.6854, 9.143)","(-3.5692, 7.9537)","(-8.3042, 19.2354)","(19.9379, -10.3899)","(-1.8722, 0.9371)","(-13.138, -3.6857)","(2.8313, 11.8309)","(-4.9495, -1.2848)","(-2.3005, -19.6907)","(16.4512, -7.9335)","(9.6547, -4.2101)","(13.0118, 11.7843)","(14.588, -5.6511)","(-2.3655, -6.5596)","(-5.6134, 13.4039)"
6.800000000000000711e+00,"(-2.3937, -10.5328)","(-0.9837, 1.5782)","(1.1895, 1.6376)","(-2.635, 4.1549)","(10.2588, 11.3119)","(-9.1567, 15.0605)","(-4.0822, 7.902)","(0.6911, 7.8908)","(5.9741, -6.7003)","(-0.7426, 0.8576)","(-24.5721, -6.0723)","(1.5017, 4.6452)","(-8.6052, -2.1565)","(-3.3837, -13.5201)","(10.6743, -6.7119)","(14.3429, -6.2177)","(6.742, 3.8177)","(21.2796, -9.3576)","(-1.0783, -4.1978)","(-1.9734, 6.9879)"
6.900000000000000355e+00,"(-1.7284, -8.2012)","(-2.2747, 3.4587)","(2.2943, 2.8103)","(-4.9934, 7.8362)","(11.28, 11.4161)","(-8.7157, 16.8301)","(-5.5628, 9.886)","(2.6848, 4.4671)","(1.0837, -3.4223)","(-1.0464, 1.592)","(-17.2829, -0.7676)","(0.5143, 1.9565)","(-15.334, -3.8078)","(-2.41, -6.3604)","(5.7143, -4.0743)","(15.7373, -7.6957)","(2.4987, 1.2198)","(11.712, -8.1593)","(-0.6363, -5.3209)","(-1.4502, 3.9185)"
7.000000000000000000e+00,"(-1.2845, -8.65)","(-5.4613, 8.1871)","(4.7725, 5.9141)","(-9.2439, 14.6742)","(8.9924, 7.8627)","(-3.4879, 10.3797)","(-7.21, 12.7768)","(4.4304, 5.2767)","(-0.0658, -3.6571)","(-2.2205, 3.3857)","(-5.9618, 2.3771)","(0.3221, 2.2624)","(-20.2445, -4.0358)","(-1.048, -3.8194)","(4.6523, -2.6531)","(10.5232, -6.5081)","(1.1493, 0.9556)","(3.4141, -4.1091)","(-0.6942, -9.2104)","(-2.3393, 4.2688)"
7.100000000000000533e+00,"(-1.2785, -11.3758)","(-11.6141, 17.8735)","(10.1441, 12.534)","(-10.3135, 18.8511)","(6.274, 5.3272)","(-1.3806, 5.0378)","(-7.104, 13.7078)","(7.0257, 8.1771)","(-0.4038, -6.0619)","(-5.1978, 7.8243)","(-2.4395, 2.6177)","(0.4854, 4.3905)","(-13.4326, -0.6114)","(-0.5812, -4.7669)","(6.4892, -2.9263)","(6.1331, -4.1461)","(1.5779, 1.8215)","(0.7083, -1.3698)","(-1.1885, -16.1776)","(-4.3926, 7.1233)"
7.200000000000000178e+00,"(-1.6867, -14.9115)","(-10.586, 20.7557)","(15.9977, 17.9111)","(-3.6066, 11.4361)","(5.4279, 5.2971)","(-1.5501, 3.4632)","(-4.9589, 11.128)","(10.8411, 12.3937)","(-0.7147, -11.4008)","(-11.0648, 17.0193)","(-2.6442, 4.1181)","(0.9829, 9.4912)","(-5.9741, 0.5526)","(-0.6169, -8.3934)","(10.8478, -4.5164)","(5.3446, -2.9443)","(3.192, 3.9397)","(0.0725, -0.7772)","(-2.5159, -20.2251)","(-8.0361, 12.8487)"
7.300000000000000711e+00,"(-2.3724, -15.4378)","(-0.9608, 9.3096)","(11.2254, 8.0726)","(-0.6379, 4.6259)","(6.6224, 7.224)","(-2.8226, 4.7972)","(-3.535, 8.2251)","(12.5378, 12.806)","(-1.5172, -19.4755)","(-11.0694, 20.9995)","(-4.5134, 7.1956)","(2.082, 19.3091)","(-3.0447, -0.0379)","(-1.0502, -15.3607)","(16.4955, -7.0919)","(7.3734, -3.3286)","(7.1182, 8.9158)","(-0.0579, -1.3414)","(-3.5262, -12.3901)","(-10.3254, 18.0854)"
7.400000000000000355e+00,"(-2.569, -11.6713)","(1.2722, 3.6609)","(4.7657, 1.5335)","(-0.3909, 1.684)","(9.2952, 10.4193)","(-5.4464, 8.6663)","(-3.6931, 7.4559)","(9.0898, 7.3446)","(-3.2515, -18.8841)","(-1.4737, 9.9051)","(-8.1346, 12.9944)","(3.3752, 22.5162)","(-3.5598, -0.6913)","(-2.3233, -20.9204)","(15.5869, -8.1503)","(11.7508, -4.9733)","(14.25, 17.204)","(-0.1318, -2.9436)","(-2.2525, -5.3427)","(-5.2146, 13.2898)"
7.500000000000000000e+00,"(-1.9382, -8.3744)","(2.4458, 3.2113)","(1.8035, -0.0886)","(-0.83, 1.5491)","(11.531, 12.2394)","(-9.5149, 15.35)","(-4.9972, 8.9793)","(5.2431, 3.9194)","(-3.4247, -8.7112)","(0.9979, 3.6927)","(-10.2952, 18.1042)","(2.9657, 9.9737)","(-6.4567, -1.6205)","(-3.646, -13.5673)","(8.2462, -5.8549)","(16.3537, -7.2676)","(14.9729, 13.9972)","(-0.2719, -7.091)","(-0.87, -3.0447)","(-1.3824, 6.22)"
7.600000000000000533e+00,"(-1.3352, -7.9482)","(4.2413, 5.0653)","(1.9636, -0.6907)","(-1.834, 2.891)","(10.2238, 9.3647)","(-9.4199, 17.9251)","(-6.8668, 11.995)","(3.9254, 3.6924)","(-1.6103, -3.2863)","(2.0063, 2.7733)","(-5.0815, 13.1133)","(1.5297, 3.2222)","(-12.8117, -3.3501)","(-2.5137, -5.5805)","(4.3386, -3.1538)","(14.1191, -7.6859)","(7.4227, 3.2219)","(-0.6995, -16.8537)","(-0.4594, -3.9772)","(-0.8819, 2.8697)"
7.700000000000000178e+00,"(-1.1882, -10.1383)","(7.7465, 9.3112)","(3.6566, -1.416)","(-4.1517, 6.3186)","(7.0155, 5.7525)","(-3.2027, 10.4798)","(-7.5878, 14.0647)","(5.0264, 5.6054)","(-0.5086, -1.966)","(3.5543, 4.2722)","(-1.348, 6.1057)","(1.0626, 1.4107)","(-21.1506, -4.9388)","(-0.9288, -2.5994)","(4.1924, -2.2136)","(7.7732, -5.3936)","(2.9487, 0.0983)","(-2.5357, -26.3803)","(-0.498, -7.3604)","(-1.5517, 2.8773)"
7.800000000000000711e+00,"(-1.4744, -13.9514)","(12.8795, 14.9065)","(7.8758, -2.9897)","(-9.106, 13.9133)","(5.2319, 4.7622)","(-0.8327, 4.4163)","(-5.6649, 12.2354)","(8.1457, 9.5222)","(-0.2846, -3.0522)","(6.6449, 8.042)","(-0.8861, 2.838)","(1.7772, 1.9827)","(-17.1097, -1.611)","(-0.3983, -2.9324)","(6.6433, -2.8509)","(4.8372, -3.1711)","(2.6053, -0.8536)","(-5.0097, -12.3234)","(-0.8731, -14.3775)","(-3.1417, 5.0301)"
7.900000000000000355e+00,"(-2.1613, -16.1638)","(13.1324, 12.4621)","(16.5721, -6.38)","(-12.4699, 21.439)","(5.6973, 6.0399)","(-0.8032, 2.2005)","(-3.6606, 8.7972)","(12.2901, 13.8701)","(-0.3526, -6.1835)","(11.9704, 14.1938)","(-1.5732, 2.8997)","(3.5305, 3.9143)","(-7.1462, 1.0515)","(-0.3737, -5.4187)","(11.8107, -4.8046)","(5.3402, -2.654)","(4.3645, -1.7194)","(-3.8735, -3.4536)","(-2.0846, -21.8542)","(-6.4635, 10.0513)"
8.000000000000000000e+00,"(-2.6736, -13.1954)","(7.4574, 4.7977)","(21.7141, -9.9882)","(-3.7052, 12.8408)","(8.0019, 9.0228)","(-1.6098, 2.7842)","(-3.3571, 7.1795)","(12.1847, 11.5516)","(-0.6724, -13.2244)","(14.2462, 14.4621)","(-3.1879, 5.0974)","(7.6103, 8.4819)","(-2.3006, 0.5683)","(-0.6101, -11.1378)","(17.9032, -7.7148)","(8.4144, -3.5988)","(8.6877, -3.3732)","(-3.9659, -1.3819)","(-3.8229, -15.1099)","(-11.0321, 17.8762)"
8.099999999999999645e+00,"(-2.2126, -8.9567)","(3.2078, 1.9096)","(9.3312, -7.6489)","(0.388, 4.795)","(11.0708, 12.2428)","(-3.3753, 5.2966)","(-4.3925, 8.0736)","(7.5102, 5.4241)","(-1.7984, -22.9302)","(8.7215, 5.867)","(-6.5553, 10.1934)","(14.6189, 16.0102)","(-0.8582, 0.0301)","(-1.4254, -20.5226)","(14.8557, -8.2638)","(13.8367, -5.7813)","(16.7624, -6.6308)","(-6.1329, -1.5268)","(-2.9033, -5.7356)","(-8.0698, 17.2005)"
8.200000000000001066e+00,"(-1.4546, -7.4452)","(1.9821, 1.8177)","(2.2646, -3.5978)","(1.1844, 2.1655)","(11.469, 11.2546)","(-7.1282, 10.9984)","(-6.2942, 10.9174)","(4.0403, 3.0131)","(-4.0476, -17.0736)","(3.6657, 1.8773)","(-11.0915, 18.0116)","(14.5383, 14.1379)","(-1.181, -0.26)","(-3.4747, -19.912)","(6.7408, -5.3194)","(17.3304, -8.0355)","(19.9405, -9.5059)","(-10.6871, -2.6597)","(-1.0433, -1.8976)","(-1.5535, 8.1354)"
8.300000000000000711e+00,"(-1.136, -8.8754)","(2.8393, 3.2808)","(0.3044, -1.8919)","(2.2245, 2.7534)","(8.2757, 6.8204)","(-11.7234, 19.1732)","(-7.8068, 13.9528)","(3.4374, 3.4431)","(-3.4965, -5.8509)","(1.5518, 1.1545)","(-7.903, 17.0297)","(6.777, 4.8167)","(-2.5132, -0.6758)","(-3.7561, -8.1068)","(3.2581, -2.5177)","(11.7875, -7.23)","(8.9928, -7.1019)","(-17.6106, -4.166)","(-0.2776, -1.1859)","(-0.1086, 2.7452)"
8.400000000000000355e+00,"(-1.2779, -12.5159)","(5.4717, 6.6761)","(-0.1191, -2.6949)","(4.2104, 5.123)","(5.4486, 4.5452)","(-6.9231, 16.2054)","(-6.5707, 13.4352)","(5.0444, 5.8133)","(-1.6014, -1.4681)","(1.7433, 1.9323)","(-1.4842, 7.9823)","(2.4606, 1.2362)","(-5.9256, -1.6651)","(-1.7522, -2.3818)","(3.305, -1.713)","(5.7776, -4.3549)","(2.6385, -3.1933)","(-18.6658, -2.9706)","(-0.1642, -2.098)","(-0.0701, 0.725)"
8.500000000000000000e+00,"(-1.8717, -16.1957)","(10.8344, 13.171)","(-0.2906, -5.1951)","(8.4513, 10.3521)","(4.9386, 4.9483)","(-0.8542, 6.9883)","(-4.0292, 9.7492)","(8.7693, 10.4048)","(-1.4203, -0.5259)","(3.2868, 4.003)","(-0.1009, 2.6747)","(1.6771, 0.4569)","(-14.1945, -3.9883)","(-0.5566, -0.5142)","(5.6618, -2.3663)","(3.9882, -2.4778)","(0.6486, -0.9091)","(-10.4914, 0.0486)","(-0.2254, -4.5531)","(-0.2363, 0.4707)"
8.599999999999999645e+00,"(-2.6389, -14.9905)","(15.3457, 16.6083)","(-0.5565, -11.0542)","(14.4165, 16.6896)","(6.5562, 7.3269)","(0.2122, 2.1537)","(-3.1186, 7.1698)","(13.2647, 14.9031)","(-2.5488, -0.6832)","(7.0295, 8.7367)","(-0.0701, 0.7044)","(2.8209, 0.5988)","(-25.3698, -6.0894)","(-0.421, -0.1636)","(10.8684, -4.3063)","(5.2742, -2.4398)","(0.2078, -0.195)","(-4.8472, 0.2812)","(-0.449, -10.5512)","(-0.5961, 0.929)"
8.700000000000001066e+00,"(-2.5258, -10.1086)","(10.2503, 7.227)","(-1.3865, -21.0346)","(12.9012, 11.239)","(9.76, 11.1009)","(0.3827, 0.7642)","(-3.7878, 7.2465)","(11.9154, 10.6512)","(-5.3742, -1.4582)","(13.7362, 16.5166)","(-0.2371, 0.4682)","(5.7709, 1.228)","(-15.791, -0.0646)","(-0.8329, -0.233)","(18.3978, -7.6233)","(9.077, -3.7495)","(0.3445, -0.1498)","(-3.487, -0.3762)","(-1.2473, -21.8186)","(-1.4501, 2.1754)"
8.800000000000000711e+00,"(-1.6731, -7.2797)","(4.2892, 1.732)","(-3.5889, -20.3198)","(6.285, 3.1441)","(12.1657, 12.8699)","(0.7933, 1.0115)","(-5.5377, 9.6308)","(6.546, 4.2407)","(-12.0459, -3.3144)","(14.8538, 14.1784)","(-0.5972, 0.9296)","(12.5782, 2.6994)","(-5.3599, 2.5166)","(-1.9397, -0.5457)","(16.6684, -8.9262)","(15.3724, -6.356)","(0.8134, -0.3058)","(-5.1326, -1.15)","(-3.7685, -21.6655)","(-3.7071, 5.4867)"
8.900000000000000355e+00,"(-1.1402, -7.7007)","(1.2223, 0.3439)","(-3.924, -7.8136)","(2.086, 0.724)","(10.0846, 8.853)","(1.7003, 2.1232)","(-7.6153, 13.2224)","(3.1355, 2.2132)","(-22.6461, -5.6536)","(7.6201, 3.7503)","(-1.4546, 2.1812)","(22.6649, 4.5612)","(-2.4978, 2.956)","(-4.9018, -1.4108)","(6.8637, -5.804)","(17.7724, -8.5274)","(2.0449, -0.7446)","(-9.5636, -2.4344)","(-4.426, -7.5469)","(-9.2065, 13.7139)"
9.000000000000000000e+00,"(-1.1156, -10.7507)","(0.2576, 0.063)","(-1.9306, -2.1198)","(0.5112, 0.2198)","(6.3389, 4.9188)","(3.976, 5.036)","(-7.5364, 14.4682)","(2.679, 2.7253)","(-18.7608, -1.7573)","(2.7834, 0.4333)","(-3.7231, 5.509)","(18.0397, 2.2228)","(-2.9624, 4.6868)","(-12.6219, -3.6371)","(2.4324, -2.4143)","(10.1058, -6.8584)","(5.4298, -1.9478)","(-17.3825, -4.331)","(-2.7721, -2.0154)","(-14.1535, 23.6176)"
9.099999999999999645e+00,"(-1.5483, -15.245)","(0.0463, 0.0231)","(-1.2418, -0.58)","(0.2987, 0.3017)","(4.5323, 4.1003)","(9.4766, 11.9807)","(-4.7564, 11.1436)","(4.2251, 4.9581)","(-6.9621, 1.8355)","(1.6672, -0.4197)","(-9.2481, 13.7756)","(7.0107, -0.2802)","(-5.0986, 8.1528)","(-25.724, -6.6102)","(1.5531, -0.9985)","(4.4361, -3.6451)","(14.2679, -5.1508)","(-20.5129, -3.643)","(-3.2876, -1.0135)","(-3.2025, 13.3852)"
9.200000000000001066e+00,"(-2.4091, -16.63)","(0.0492, 0.0576)","(-2.048, -0.5643)","(0.5788, 0.7113)","(5.1768, 5.5908)","(17.0927, 19.8358)","(-3.0511, 7.5658)","(7.9525, 9.6197)","(-2.172, 1.6301)","(2.6391, -1.0131)","(-14.1502, 23.6429)","(2.3325, -0.4928)","(-8.7639, 14.171)","(-18.1585, -0.7072)","(2.5848, -1.1112)","(3.0941, -1.9142)","(26.2128, -10.7153)","(-11.257, 0.22)","(-5.5838, -1.4194)","(1.5004, 5.542)"
9.300000000000000711e+00,"(-2.7949, -12.0072)","(0.1186, 0.151)","(-4.1954, -1.1309)","(1.3659, 1.7342)","(7.7955, 8.9593)","(12.3343, 8.7193)","(-3.2275, 6.5997)","(13.4536, 15.6071)","(-1.6301, 2.3314)","(5.3869, -2.0659)","(-3.1427, 13.3213)","(1.9181, -0.7858)","(-9.627, 17.6966)","(-6.2784, 3.1486)","(5.3595, -2.0785)","(4.5061, -2.0155)","(11.9634, -9.6049)","(-4.3912, 0.6981)","(-10.6357, -2.7519)","(3.0658, 4.1997)"
9.400000000000000355e+00,"(-2.0247, -7.67)","(0.3129, 0.4048)","(-9.4239, -2.6019)","(3.4861, 4.4819)","(11.4886, 12.9267)","(5.594, 0.9815)","(-4.6713, 8.261)","(13.1769, 12.1818)","(-2.682, 4.2099)","(11.7777, -4.4655)","(1.5201, 5.5284)","(3.3307, -1.4918)","(-4.1258, 11.6168)","(-3.2363, 4.0156)","(11.692, -4.4419)","(8.344, -3.3585)","(2.3122, -6.1764)","(-1.9375, 0.0337)","(-18.7872, -4.5997)","(4.952, 5.8141)"
9.500000000000000000e+00,"(-1.2341, -6.7593)","(0.8709, 1.1357)","(-19.7053, -5.2122)","(8.9927, 11.5341)","(12.0828, 11.8526)","(3.7203, -0.9537)","(-6.9538, 11.8543)","(7.0355, 4.1519)","(-5.4251, 8.4132)","(21.2436, -8.6448)","(3.0903, 4.2196)","(6.9068, -3.0721)","(-1.2857, 5.4112)","(-3.7439, 6.0473)","(21.0982, -8.5832)","(15.3367, -6.165)","(-0.0371, -6.0469)","(-2.3537, -0.4753)","(-19.5903, -2.9988)","(8.1234, 9.5148)"
9.600000000000001421e+00,"(-1.005, -8.8664)","(2.5116, 3.2922)","(-22.6046, -3.7563)","(17.7775, 21.0995)","(8.2098, 6.4183)","(5.1829, -2.0674)","(-8.2369, 14.8844)","(2.7162, 1.3991)","(-10.1531, 16.0764)","(15.9979, -9.4347)","(4.9847, 5.8499)","(14.5521, -6.482)","(-1.1551, 3.0026)","(-5.9082, 9.6778)","(16.1182, -9.4344)","(19.2395, -8.948)","(-0.7051, -8.466)","(-4.5712, -1.1833)","(-9.6998, 0.5843)","(12.1334, 13.6605)"
9.700000000000001066e+00,"(-1.2434, -13.2926)","(7.2652, 9.5062)","(-9.6509, 1.5056)","(13.1246, 9.185)","(4.8444, 3.7787)","(9.0394, -3.6425)","(-5.9483, 12.9486)","(1.3492, 1.1515)","(-9.9692, 19.0115)","(4.7238, -5.4605)","(8.1661, 9.5608)","(21.5509, -10.2132)","(-2.1124, 3.6978)","(-8.7558, 14.7375)","(4.831, -5.4879)","(10.4862, -7.3124)","(-1.1302, -12.975)","(-9.8833, -2.6845)","(-3.6234, 0.6253)","(12.0732, 11.49)"
9.800000000000000711e+00,"(-1.995, -17.2624)","(17.4096, 21.6695)","(-3.0315, 1.7623)","(6.4696, 0.6132)","(4.1101, 4.0645)","(15.6315, -6.4018)","(-3.2878, 8.5533)","(1.8694, 2.157)","(-2.5333, 10.1214)","(0.9041, -2.2779)","(12.1515, 13.6639)","(11.9752, -7.3105)","(-4.2034, 6.6805)","(-7.9963, 15.7059)","(0.9472, -2.2481)","(3.8179, -3.662)","(-1.9146, -17.4395)","(-19.7416, -5.1171)","(-1.6888, -0.0196)","(7.5888, 5.5907)"
9.900000000000000355e+00,"(-2.8595, -14.6907)","(15.7185, 12.5958)","(-1.6487, 2.1439)","(5.2033, -1.6028)","(5.6468, 6.3921)","(18.1547, -8.6989)","(-2.7728, 6.2873)","(3.7335, 4.5951)","(-0.164, 3.6597)","(0.024, -2.0742)","(12.0274, 11.4195)","(3.9149, -3.2932)","(-8.1651, 12.848)","(-3.7233, 10.2266)","(0.0421, -1.9242)","(1.8145, -1.4086)","(-2.8829, -15.2233)","(-21.6428, -3.4341)","(-2.2926, -0.4944)","(4.2197, 3.2163)"
1.000000000000000000e+01,"(-2.5066, -8.9524)","(8.4855, 0.6744)","(-2.3726, 3.7213)","(7.1147, -2.9444)","(9.1328, 10.6395)","(9.9179, -6.8974)","(-3.7796, 6.9569)","(8.1188, 10.1085)","(0.026, 0.9517)","(-0.206, -3.6218)","(7.5481, 5.5604)","(1.1126, -1.3089)","(-11.0187, 19.0154)","(-1.957, 5.7419)","(-0.1862, -3.3395)","(2.3431, -1.1065)","(-2.6081, -9.0855)","(-9.4237, 1.3037)","(-4.6003, -1.2093)","(3.6634, 3.6818)"
1.010000000000000142e+01,"(-1.4814, -6.2831)","(7.1187, -2.2771)","(-4.6286, 7.215)","(11.2802, -4.7146)","(12.7632, 14.0154)","(4.0806, -3.5308)","(-5.8955, 10.0049)","(15.0263, 17.7397)","(-0.0278, 0.2137)","(-0.3886, -7.4775)","(4.2158, 3.2279)","(0.9183, -1.5185)","(-5.1207, 13.5874)","(-2.3091, 4.7521)","(-0.3559, -6.9152)","(4.5742, -1.8221)","(-1.5131, -6.0306)","(-2.9025, 1.3888)","(-10.1348, -2.7726)","(5.3267, 6.1199)"
1.020000000000000107e+01,"(-0.9727, -7.0985)","(8.7667, -3.7804)","(-8.9923, 14.1112)","(16.175, -7.0915)","(11.1746, 9.9643)","(2.6267, -1.6965)","(-8.2372, 14.1841)","(13.647, 11.8003)","(-0.1205, 0.2091)","(-0.8307, -15.7506)","(3.6917, 3.72)","(1.66, -2.8808)","(-0.9061, 5.8369)","(-3.9023, 6.6399)","(-0.7516, -14.824)","(9.7381, -3.7276)","(-0.9394, -6.5996)","(-1.1782, 1.347)","(-20.3356, -5.2742)","(9.0646, 10.6933)"
1.030000000000000071e+01,"(-0.9977, -10.6651)","(11.8125, -5.2418)","(-10.9875, 19.5199)","(14.7324, -7.8221)","(6.5354, 4.6389)","(3.8263, -1.7168)","(-7.5121, 14.8168)","(6.4227, 2.5975)","(-0.3119, 0.4727)","(-2.3395, -23.6956)","(5.3811, 6.1848)","(3.6141, -6.2255)","(-0.3248, 2.0159)","(-6.8149, 11.0929)","(-2.1286, -23.7986)","(18.8264, -7.4627)","(-0.9255, -10.0029)","(-1.5438, 2.3709)","(-21.4636, -3.2231)","(13.2087, 14.6676)"
1.040000000000000036e+01,"(-1.5019, -15.9892)","(14.2546, -6.6771)","(-3.9558, 12.2204)","(8.2103, -5.6477)","(3.7915, 3.0698)","(7.2705, -2.904)","(-4.0736, 10.345)","(2.3858, 0.0941)","(-0.8012, 1.1863)","(-4.2766, -13.5558)","(9.1396, 10.7747)","(7.9302, -13.676)","(-0.6125, 1.3022)","(-9.5954, 16.4004)","(-4.2748, -14.8065)","(19.0915, -9.77)","(-1.3815, -15.5717)","(-3.0851, 4.7613)","(-8.9616, 1.4914)","(11.4992, 10.1404)"
1.050000000000000000e+01,"(-2.5405, -17.4683)","(12.6401, -6.7804)","(-0.467, 4.8301)","(4.8652, -3.2799)","(3.8233, 4.0277)","(14.1408, -5.5761)","(-2.5333, 6.5702)","(2.069, -0.669)","(-2.164, 3.1694)","(-2.967, -4.2753)","(13.2231, 14.6476)","(11.8757, -21.6099)","(-1.383, 2.2239)","(-6.8619, 14.8422)","(-3.2161, -4.7261)","(6.9347, -6.4762)","(-2.4386, -18.129)","(-6.7131, 10.2638)","(-2.7443, 1.5158)","(6.3593, 4.2177)"
1.060000000000000142e+01,"(-2.974, -11.6105)","(8.8686, -5.3588)","(-0.0785, 1.4138)","(5.0791, -2.5863)","(5.9556, 6.9392)","(20.207, -8.9364)","(-2.9474, 5.898)","(3.5819, -1.3957)","(-5.9402, 8.6791)","(-1.3788, -1.0232)","(11.4105, 10.0165)","(5.4372, -13.217)","(-3.1202, 4.7667)","(-2.5407, 8.3009)","(-1.5771, -1.1544)","(1.6624, -2.6901)","(-3.0877, -12.3606)","(-11.8918, 19.0875)","(-1.3741, 1.7332)","(3.2673, 2.4571)"
1.070000000000000107e+01,"(-1.9834, -6.7053)","(7.0592, -4.0307)","(-0.203, 0.5558)","(7.9028, -3.401)","(10.141, 11.9279)","(12.1717, -8.0232)","(-4.6207, 7.9646)","(7.4213, -2.8453)","(-13.6479, 20.6976)","(-1.6212, -0.5141)","(6.2969, 4.1802)","(1.1016, -5.0579)","(-7.1427, 10.8151)","(-1.504, 4.4367)","(-1.879, -0.5898)","(0.2243, -1.2584)","(-2.1331, -6.7652)","(-7.7587, 17.3535)","(-1.9721, 3.0681)","(3.0664, 3.1915)"
1.080000000000000071e+01,"(-1.0796, -5.7204)","(7.8734, -3.8605)","(-0.5409, 0.8796)","(13.1934, -5.4841)","(13.5628, 14.574)","(4.1189, -4.202)","(-7.2916, 12.1913)","(15.4302, -5.9555)","(-9.5356, 20.8229)","(-3.0666, -0.8171)","(3.2654, 2.4781)","(0.0216, -2.3241)","(-12.6661, 20.3352)","(-2.1651, 4.1708)","(-3.4983, -0.9253)","(-0.0692, -1.815)","(-1.0985, -5.247)","(-0.8059, 7.4933)","(-3.9484, 6.1128)","(4.8928, 5.7467)"
1.090000000000000036e+01,"(-0.8396, -7.8919)","(10.7, -4.8156)","(-1.2831, 1.9477)","(17.4722, -7.9238)","(10.3571, 8.4489)","(1.3647, -1.4191)","(-8.7802, 15.745)","(21.6025, -9.6643)","(0.8634, 8.6904)","(-6.6305, -1.8114)","(3.1126, 3.2524)","(-0.3128, -3.1038)","(-6.9349, 16.8181)","(-3.9649, 6.5338)","(-7.4289, -2.0148)","(-0.187, -3.666)","(-0.78, -7.0277)","(0.4976, 2.4286)","(-8.1771, 12.6438)","(8.959, 10.7507)"
1.100000000000000000e+01,"(-1.0652, -12.7605)","(13.9984, -6.3689)","(-3.1867, 4.7453)","(12.6746, -7.5199)","(5.3753, 3.4674)","(1.0824, -0.6188)","(-5.7705, 13.0529)","(10.6574, -7.9513)","(3.2357, 5.2222)","(-14.6902, -4.0116)","(4.9846, 5.8578)","(-0.6264, -5.7713)","(-0.1536, 6.8267)","(-7.2844, 11.6606)","(-15.8994, -4.2767)","(-0.3658, -8.2806)","(-0.9379, -11.6128)","(0.9852, 1.4696)","(-11.8514, 20.0417)","(13.8614, 15.6313)"
1.110000000000000142e+01,"(-1.8569, -18.1362)","(13.8744, -7.0814)","(-7.9114, 11.7811)","(6.1496, -4.655)","(2.9374, 2.3815)","(2.0789, -0.8488)","(-2.7481, 7.864)","(2.8627, -3.8575)","(5.1142, 6.0091)","(-24.0573, -5.5082)","(9.101, 10.9106)","(-1.2537, -11.8227)","(1.0688, 2.6142)","(-10.2575, 17.5063)","(-23.6812, -5.0791)","(-0.8996, -18.1653)","(-1.6298, -17.791)","(1.9131, 2.3535)","(-5.1428, 14.1146)","(11.9542, 10.3548)"
1.120000000000000107e+01,"(-3.0137, -15.9359)","(9.9077, -5.921)","(-14.0222, 22.5451)","(3.9008, -2.5392)","(3.2238, 3.4982)","(4.5901, -1.7408)","(-2.2786, 5.37)","(0.4877, -1.4944)","(7.6198, 8.7132)","(-15.017, -0.1773)","(13.9058, 15.6153)","(-2.4442, -21.1198)","(2.0433, 2.6229)","(-6.3459, 14.6085)","(-13.4648, 0.2504)","(-2.877, -24.5316)","(-2.9144, -17.4384)","(3.947, 4.8867)","(-0.4037, 5.6635)","(6.1266, 3.6025)"
1.130000000000000071e+01,"(-2.7663, -8.823)","(7.0796, -4.2644)","(-5.315, 15.7076)","(4.8682, -2.3074)","(5.458, 6.4846)","(10.662, -3.9739)","(-3.3361, 6.0684)","(-0.0151, -1.5991)","(10.8029, 12.0493)","(-5.1531, 1.8542)","(11.7866, 10.1115)","(-3.3227, -18.9304)","(3.7415, 4.5235)","(-1.8358, 7.3153)","(-4.554, 1.6301)","(-4.6287, -10.8497)","(-3.0346, -9.7726)","(8.5759, 10.6696)","(0.2688, 1.6531)","(2.539, 1.5868)"
1.140000000000000036e+01,"(-1.4862, -5.2309)","(7.081, -3.6445)","(0.9497, 6.2779)","(8.3232, -3.4522)","(10.0207, 12.0019)","(21.2376, -8.364)","(-5.6072, 9.3211)","(-0.1599, -3.0206)","(11.6542, 11.639)","(-1.7621, 1.6627)","(6.0035, 3.5264)","(-2.4728, -7.8228)","(7.3349, 8.9569)","(-0.9874, 3.3872)","(-1.4509, 1.3051)","(-3.0261, -3.0205)","(-1.6813, -5.1497)","(15.3807, 17.9761)","(0.4801, 0.7838)","(1.8887, 1.871)"
1.150000000000000000e+01,"(-0.8194, -5.4988)","(9.4305, -4.2894)","(2.4692, 3.81)","(14.4936, -5.9339)","(14.3206, 15.6779)","(18.0885, -10.0868)","(-8.5743, 14.3719)","(-0.3076, -6.6164)","(8.6412, 7.2102)","(-1.759, 2.6512)","(2.515, 1.6053)","(-1.0313, -2.4395)","(13.182, 15.5563)","(-1.5683, 3.0362)","(-1.4004, 2.0821)","(-2.6516, -1.037)","(-0.8184, -4.6639)","(13.0863, 10.8573)","(0.9943, 1.2454)","(3.0232, 3.5692)"
1.160000000000000142e+01,"(-0.761, -8.6577)","(13.1442, -5.8397)","(4.1395, 4.9299)","(18.3065, -8.4728)","(10.8112, 8.6001)","(5.0972, -6.162)","(-8.3017, 15.9738)","(-0.6865, -14.8656)","(5.6207, 4.617)","(-3.1541, 4.9387)","(1.9488, 1.9536)","(-0.3135, -0.5852)","(13.9837, 13.3949)","(-3.0967, 5.0253)","(-2.5696, 3.9933)","(-4.2592, -1.1062)","(-0.6592, -7.1502)","(6.0019, 2.2846)","(2.1657, 2.7113)","(6.0457, 7.4254)"
1.170000000000000107e+01,"(-1.1399, -14.6369)","(14.8427, -7.165)","(6.9377, 8.1874)","(11.2898, -7.3143)","(5.1513, 2.8589)","(0.8797, -3.1369)","(-4.0098, 10.7254)","(-2.1127, -24.7478)","(4.8608, 4.785)","(-6.4546, 9.998)","(3.1562, 3.7335)","(-0.2466, -0.3059)","(7.5992, 4.4345)","(-6.2443, 9.7699)","(-5.5004, 8.4324)","(-8.0212, -2.0787)","(-0.9141, -12.618)","(2.2411, 0.0283)","(5.1123, 6.4811)","(11.9095, 14.4234)"
1.180000000000000071e+01,"(-2.2094, -19.4239)","(11.4195, -6.5638)","(11.2794, 13.0585)","(4.8229, -4.0288)","(2.1231, 1.4108)","(-0.0952, -3.5635)","(-1.9901, 5.9699)","(-4.5038, -14.8218)","(6.284, 6.9814)","(-11.1224, 17.9712)","(6.3087, 7.7452)","(-0.5055, -0.5681)","(2.8225, 1.1888)","(-10.6586, 17.2744)","(-10.6795, 16.7658)","(-15.4636, -3.9837)","(-1.7861, -19.3397)","(2.0867, -0.6963)","(11.7597, 14.7145)","(15.3336, 15.947)"
1.190000000000000036e+01,"(-3.3172, -14.0122)","(7.5, -4.7134)","(13.1108, 13.338)","(2.9323, -1.9581)","(1.8588, 1.9371)","(-0.396, -6.0645)","(-2.2159, 4.6885)","(-3.502, -4.4582)","(9.3878, 10.7041)","(-8.1323, 17.3339)","(12.2542, 14.7798)","(-1.1874, -1.3364)","(0.8938, 0.5476)","(-8.3837, 17.358)","(-10.0899, 19.5047)","(-21.6536, -4.4896)","(-3.2518, -16.7987)","(3.6842, -1.4351)","(17.2891, 18.6561)","(9.1812, 5.7816)"
1.200000000000000000e+01,"(-2.4811, -6.8225)","(6.4625, -3.563)","(8.9173, 6.8035)","(3.9553, -1.8261)","(3.1921, 3.819)","(-0.7077, -11.6148)","(-3.7062, 6.3585)","(-2.3345, -1.23)","(12.1173, 12.9948)","(-1.4814, 8.1199)","(15.1311, 15.4676)","(-3.0197, -3.419)","(0.8446, 0.9198)","(-1.9223, 8.6225)","(-1.966, 9.6814)","(-13.6441, -0.3401)","(-2.994, -8.157)","(7.6952, -2.945)","(9.9982, 5.4256)","(3.5819, 1.2241)"
1.210000000000000142e+01,"(-1.1293, -4.1279)","(8.105, -3.7883)","(4.6283, 3.1717)","(7.2702, -2.941)","(6.5418, 8.0686)","(-1.5471, -19.9286)","(-6.5116, 10.5988)","(-3.3916, -0.9319)","(10.4892, 9.4112)","(-0.0265, 2.6928)","(8.804, 5.389)","(-7.8907, -8.9439)","(1.6453, 2.0193)","(-0.3141, 3.1089)","(0.2587, 3.3179)","(-5.3079, 0.9619)","(-1.4073, -3.9175)","(15.9412, -6.1625)","(4.467, 0.2566)","(1.0204, 0.1189)"
1.220000000000000107e+01,"(-0.6314, -5.0131)","(11.7263, -5.1447)","(3.136, 2.8738)","(13.8239, -5.4919)","(12.7583, 15.3798)","(-3.3529, -18.7535)","(-9.5129, 16.0973)","(-6.2069, -1.6027)","(6.6638, 5.1584)","(0.0408, 0.6468)","(3.3717, 1.154)","(-17.2166, -19.0697)","(3.7539, 4.7343)","(-0.3245, 1.1451)","(0.6282, 1.2578)","(-1.7629, 0.2986)","(-0.6148, -3.6736)","(21.4987, -9.7631)","(3.7683, -1.2099)","(0.6207, -0.167)"
1.230000000000000071e+01,"(-0.658, -8.6347)","(15.1019, -6.9126)","(4.0915, 4.6054)","(19.7424, -8.7247)","(15.0973, 15.1124)","(-3.4358, -8.2984)","(-7.3318, 15.3641)","(-12.3302, -3.2365)","(4.5729, 4.0344)","(0.0027, 0.1231)","(0.9252, 0.1364)","(-14.8334, -13.7018)","(8.8756, 11.2132)","(-0.7773, 1.3507)","(1.2538, 1.5866)","(-1.2312, -0.1564)","(-0.5024, -6.0911)","(10.0383, -7.7629)","(5.7527, -2.319)","(1.1284, -0.4224)"
1.240000000000000036e+01,"(-1.0981, -15.4479)","(13.347, -7.177)","(7.091, 8.4399)","(12.5153, -8.0097)","(8.3817, 4.791)","(-1.5576, -2.9698)","(-2.7637, 8.8063)","(-20.8597, -4.9498)","(4.9807, 5.3117)","(-0.0261, 0.0544)","(0.4622, -0.108)","(-6.7757, -3.6432)","(16.5987, 19.5131)","(-1.7582, 2.7235)","(2.5518, 3.1542)","(-2.2356, -0.557)","(-0.7349, -11.6025)","(2.6321, -3.6846)","(10.3568, -4.1508)","(2.5725, -0.9569)"
1.250000000000000000e+01,"(-2.3523, -20.523)","(8.5177, -5.4183)","(12.0104, 14.0191)","(4.5271, -4.3284)","(3.1113, 0.8852)","(-0.454, -1.598)","(-1.4929, 4.6001)","(-17.7614, -1.8947)","(7.406, 8.4958)","(-0.0798, 0.1215)","(0.8098, -0.2996)","(-5.1265, -1.4241)","(13.0117, 9.9275)","(-4.1156, 6.2097)","(5.6508, 7.0796)","(-4.9038, -1.3407)","(-1.5538, -19.7769)","(0.4262, -1.4956)","(17.2342, -7.1672)","(6.3803, -2.33)"
1.260000000000000142e+01,"(-3.5649, -13.3505)","(6.1584, -3.702)","(13.5494, 13.5134)","(1.7665, -1.5965)","(1.0404, -0.0445)","(-0.2328, -2.457)","(-2.0441, 4.0458)","(-7.5615, 1.0355)","(11.1375, 12.6277)","(-0.2107, 0.311)","(1.8541, -0.6878)","(-6.9789, -1.4093)","(5.9155, 1.3634)","(-9.3126, 14.1343)","(12.121, 14.9443)","(-11.3905, -3.1746)","(-3.3209, -18.6833)","(-0.0351, -1.7515)","(16.9482, -8.7274)","(15.572, -5.7389)"
1.270000000000000107e+01,"(-2.4403, -5.7121)","(6.8482, -3.374)","(8.404, 5.8607)","(1.7599, -0.9185)","(1.1451, -0.3965)","(-0.281, -5.0604)","(-3.7251, 6.1783)","(-2.4516, 0.619)","(12.3361, 12.3785)","(-0.5788, 0.8452)","(4.6528, -1.693)","(-10.9069, -2.1486)","(3.4792, -0.7435)","(-12.8439, 22.0476)","(16.3758, 17.2034)","(-22.6256, -5.8037)","(-3.4075, -8.4036)","(-0.1787, -3.3489)","(7.9687, -6.1112)","(24.8895, -10.6732)"
1.280000000000000071e+01,"(-0.9429, -2.956)","(9.91, -4.3615)","(3.8418, 2.3329)","(3.3401, -1.3556)","(2.2732, -0.8642)","(-0.5271, -11.2074)","(-6.9051, 11.0414)","(-0.845, 0.0595)","(8.6925, 6.9265)","(-1.6537, 2.3982)","(11.9225, -4.3267)","(-16.4014, -3.1412)","(4.6411, -1.821)","(-3.3552, 12.6975)","(9.3707, 5.265)","(-19.9091, -2.1242)","(-1.5595, -3.1015)","(-0.342, -7.3462)","(3.2828, -2.8551)","(10.4207, -8.8042)"
1.290000000000000036e+01,"(-0.4517, -3.561)","(14.2517, -6.2536)","(2.2626, 1.998)","(7.1662, -2.7386)","(5.2233, -1.945)","(-1.3921, -21.8159)","(-10.2116, 17.1958)","(-1.0611, -0.224)","(5.0745, 3.8739)","(-4.7962, 6.9406)","(24.2441, -9.533)","(-17.3768, -2.7944)","(8.0976, -3.2511)","(0.7129, 4.7897)","(3.7831, 0.5651)","(-7.3368, 2.0619)","(-0.4769, -1.8117)","(-0.7829, -16.2105)","(2.506, -1.4788)","(2.0838, -5.0971)"
1.300000000000000000e+01,"(-0.4525, -6.5219)","(15.2479, -7.5338)","(3.0026, 3.4119)","(15.2889, -5.8578)","(12.4175, -4.5998)","(-3.7718, -20.3321)","(-6.9638, 15.3335)","(-2.2386, -0.599)","(4.0324, 3.8872)","(-12.4253, 18.3951)","(15.8879, -10.219)","(-11.2464, -1.1535)","(14.5786, -5.883)","(1.7203, 2.7107)","(2.4714, -0.654)","(-2.479, 2.0827)","(-0.2621, -2.8333)","(-2.4206, -24.7168)","(4.0592, -1.7473)","(0.0393, -4.7462)"
1.310000000000000142e+01,"(-0.7595, -12.9657)","(10.3912, -6.3613)","(5.5694, 6.7425)","(22.0864, -9.7715)","(23.1993, -9.3626)","(-4.0642, -7.2958)","(-2.0515, 7.8864)","(-5.2667, -1.479)","(5.3364, 5.9921)","(-12.7644, 24.1503)","(3.4878, -6.2985)","(-6.4332, -0.5755)","(18.9519, -8.6772)","(3.0755, 3.7249)","(3.7631, -1.4711)","(-2.0961, 3.1017)","(-0.3249, -5.7927)","(-4.5409, -13.0507)","(7.9698, -3.1409)","(-0.5211, -7.0295)"
1.320000000000000107e+01,"(-1.7892, -21.4654)","(6.4047, -4.1878)","(10.7223, 12.9578)","(10.8526, -8.1303)","(15.0603, -9.6638)","(-2.1827, -1.9004)","(-0.9668, 3.5636)","(-12.7728, -3.6091)","(8.6265, 10.0641)","(0.4025, 10.4364)","(0.3335, -4.9718)","(-5.503, -0.81)","(11.3557, -7.4854)","(5.6378, 6.8033)","(7.2548, -2.8331)","(-3.4301, 5.4378)","(-0.6189, -12.5767)","(-3.2021, -3.8273)","(15.4945, -6.1141)","(-0.8851, -11.8462)"
1.330000000000000071e+01,"(-3.7121, -17.1178)","(5.8115, -3.1372)","(15.0032, 16.2087)","(2.7843, -4.0076)","(3.6466, -5.5533)","(-2.1609, -0.7552)","(-1.4456, 2.9059)","(-24.6844, -6.2026)","(12.5358, 13.9643)","(3.5754, 6.1403)","(-0.4847, -6.786)","(-7.7629, -1.4559)","(4.4545, -3.9865)","(10.4839, 12.5782)","(14.4351, -5.6418)","(-6.5812, 10.3416)","(-1.6613, -22.7398)","(-2.2187, -1.0853)","(20.2751, -9.2906)","(-1.6542, -18.2201)"
1.340000000000000036e+01,"(-3.2577, -6.6961)","(7.9466, -3.5929)","(10.2575, 7.4567)","(0.426, -1.8483)","(0.4889, -3.5103)","(-3.7467, -0.9806)","(-2.8484, 4.6582)","(-17.8647, -0.9182)","(11.6927, 10.7689)","(5.5513, 6.5136)","(-0.8612, -10.8733)","(-12.8055, -2.5359)","(2.3212, -1.7018)","(14.5345, 15.708)","(20.7177, -9.1557)","(-10.6098, 17.4373)","(-3.9976, -18.1053)","(-3.3538, -0.9086)","(10.4593, -7.5599)","(-3.0042, -17.3731)"
1.350000000000000000e+01,"(-1.2954, -2.1058)","(12.2389, -5.2426)","(4.4234, 2.025)","(-0.0777, -2.3658)","(-0.2615, -4.7446)","(-7.5326, -2.0026)","(-5.7718, 9.0315)","(-6.1682, 2.5424)","(7.0294, 5.0371)","(7.7286, 8.6648)","(-1.4982, -16.8203)","(-18.3689, -3.4347)","(2.9921, -1.411)","(10.3528, 7.8723)","(11.856, -8.0587)","(-7.7232, 16.5068)","(-3.6974, -6.2418)","(-6.2679, -1.6293)","(3.2935, -3.6522)","(-3.0419, -9.3463)"
1.360000000000000142e+01,"(-0.3093, -0.8539)","(16.0689, -7.3026)","(1.3908, 0.6663)","(-0.2512, -4.4692)","(-0.5589, -8.2009)","(-15.454, -4.0894)","(-10.2912, 16.5018)","(-2.6444, 2.9216)","(3.9282, 3.0594)","(10.2315, 11.1993)","(-2.7005, -17.8918)","(-15.9775, -2.2292)","(5.6546, -2.2732)","(4.7237, 2.4878)","(3.7263, -4.1104)","(-1.8775, 8.1877)","(-1.8114, -1.5811)","(-12.626, -3.3316)","(0.9714, -1.1185)","(-1.6114, -4.7851)"
1.370000000000000107e+01,"(-0.1247, -1.2654)","(13.2702, -7.3729)","(0.7669, 0.7229)","(-0.474, -9.5262)","(-1.0154, -14.901)","(-22.8012, -4.8865)","(-9.2182, 18.1655)","(-2.8992, 4.5519)","(3.654, 3.7609)","(10.9508, 10.9835)","(-3.0827, -10.9094)","(-8.8016, -0.6715)","(11.4972, -4.4668)","(1.8443, 1.1956)","(0.9855, -1.3045)","(-0.5107, 3.1222)","(-1.7574, -0.6191)","(-21.2903, -5.0333)","(0.6594, -0.4006)","(-0.7582, -4.3581)"
1.380000000000000071e+01,"(-0.1413, -2.7194)","(7.6043, -5.1558)","(1.2814, 1.5331)","(-1.1246, -19.2315)","(-2.2263, -20.7506)","(-13.8747, -0.1263)","(-2.3533, 9.5063)","(-4.8572, 7.7904)","(5.5289, 6.407)","(8.7774, 7.7385)","(-1.8819, -5.8331)","(-4.9969, -0.4655)","(19.7714, -8.1615)","(1.6128, 1.6896)","(0.3373, -0.3088)","(-0.6822, 1.672)","(-3.131, -0.8293)","(-17.4428, -1.6844)","(1.3072, -0.532)","(-0.6107, -6.8317)"
1.390000000000000036e+01,"(-0.2605, -6.4074)","(5.2393, -3.2427)","(2.7919, 3.4939)","(-3.1531, -22.444)","(-3.5972, -14.1169)","(-4.9612, 1.3293)","(-0.337, 3.5096)","(-8.3914, 13.5497)","(9.5001, 11.2194)","(6.3796, 5.5585)","(-0.9358, -4.9284)","(-5.1043, -0.8375)","(16.1188, -9.0978)","(2.8333, 3.4067)","(0.5287, -0.234)","(-1.4761, 2.4568)","(-6.4923, -1.7484)","(-7.1844, 1.1388)","(2.9693, -1.1176)","(-0.8592, -12.3388)"
1.400000000000000000e+01,"(-0.6267, -15.2105)","(6.1078, -2.9601)","(6.5835, 8.3343)","(-4.2099, -9.6245)","(-2.596, -5.962)","(-1.3112, 0.7115)","(-0.2602, 1.1709)","(-9.7923, 17.6583)","(13.475, 14.8019)","(5.7532, 5.6885)","(-0.7131, -7.1426)","(-8.1412, -1.5943)","(5.6763, -5.4826)","(5.946, 7.3723)","(1.2096, -0.4591)","(-3.2121, 4.9699)","(-14.0115, -3.7919)","(-2.2113, 0.6653)","(7.2186, -2.6531)","(-1.7206, -19.5194)"
1.410000000000000142e+01,"(-2.1591, -26.0115)","(9.4782, -4.0666)","(14.1213, 17.324)","(-2.3309, -2.7348)","(-0.9985, -2.8148)","(-0.5748, 0.6997)","(-0.6301, 1.1439)","(-4.6349, 12.2975)","(11.0815, 9.4446)","(7.0203, 7.6401)","(-0.9314, -12.2392)","(-14.1665, -2.852)","(1.5576, -2.036)","(12.1526, 14.8287)","(2.9731, -1.0894)","(-7.0761, 10.8081)","(-23.2816, -5.4039)","(-0.5663, 0.1333)","(16.9276, -6.3157)","(-3.2826, -17.3246)"
1.420000000000000107e+01,"(-4.8305, -14.3748)","(14.6554, -6.26)","(15.9118, 15.2836)","(-1.4023, -0.7162)","(-0.4329, -3.1072)","(-0.8915, 1.3551)","(-1.4412, 2.2463)","(-1.4593, 5.8991)","(5.9061, 3.8146)","(9.5426, 10.5825)","(-1.7289, -18.6862)","(-19.6708, -3.6161)","(0.4019, -0.499)","(15.768, 16.3755)","(7.688, -2.7787)","(-12.1807, 19.6948)","(-15.8434, -0.6567)","(-0.4113, -0.0638)","(23.9161, -10.7428)","(-3.1094, -8.1984)"
1.430000000000000071e+01,"(-3.9227, -4.1114)","(16.3364, -7.9411)","(7.9675, 3.1997)","(-2.1849, -0.6088)","(-0.4003, -5.651)","(-1.9688, 2.9825)","(-3.3762, 5.0973)","(-1.2004, 3.2168)","(3.0314, 2.3185)","(11.2858, 11.782)","(-3.1096, -17.0298)","(-14.7661, -1.7823)","(0.3104, -0.1739)","(9.1237, 5.3819)","(18.6308, -6.8979)","(-7.059, 16.662)","(-5.6721, 1.6394)","(-0.8626, -0.228)","(8.9413, -8.1977)","(-1.4366, -3.6384)"
1.440000000000000036e+01,"(-3.4937, -1.4049)","(10.43, -6.6171)","(3.6827, -0.2081)","(-4.3453, -1.1605)","(-0.6455, -11.4467)","(-4.7548, 7.1127)","(-7.9184, 11.927)","(-2.1207, 3.7689)","(3.0005, 3.1745)","(9.7756, 8.8957)","(-2.9999, -8.7994)","(-7.2016, -0.3723)","(0.6903, -0.2707)","(3.5263, 0.8598)","(24.0703, -11.2521)","(-0.5261, 6.955)","(-1.6604, 1.2131)","(-2.0614, -0.5817)","(1.7611, -4.5323)","(-0.5701, -3.1061)"
1.450000000000000000e+01,"(-5.2895, -1.3485)","(5.6247, -3.9945)","(3.8719, -1.3965)","(-9.5344, -2.6102)","(-1.49, -20.5902)","(-10.6815, 16.2412)","(-13.2953, 21.6487)","(-4.1644, 6.6555)","(4.9322, 5.8295)","(6.9108, 5.8206)","(-1.5136, -4.4603)","(-3.8263, -0.3349)","(1.6597, -0.6136)","(1.5579, -0.2397)","(7.3331, -8.0816)","(0.6134, 2.2909)","(-1.2161, 1.7178)","(-5.2838, -1.5267)","(0.0097, -4.3234)","(-0.4289, -5.1401)"
1.460000000000000142e+01,"(-9.2751, -2.3262)","(4.6924, -2.6446)","(6.3575, -2.5585)","(-19.5174, -5.1179)","(-3.4948, -19.3693)","(-12.1152, 22.0672)","(-5.4488, 15.3897)","(-8.0109, 12.6404)","(9.1557, 11.0154)","(5.5137, 5.1716)","(-0.7035, -4.1919)","(-4.2193, -0.7213)","(4.2625, -1.5424)","(2.1152, -0.7869)","(1.2562, -5.1238)","(1.2086, 1.6879)","(-2.0816, 3.234)","(-13.6441, -3.9315)","(-0.4736, -6.6248)","(-0.6065, -10.0566)"
1.470000000000000107e+01,"(-16.244, -3.9889)","(6.6244, -2.9719)","(11.7317, -4.6787)","(-22.2412, -3.6866)","(-3.6404, -7.933)","(-1.7402, 10.7444)","(0.4388, 6.0153)","(-10.8966, 18.7638)","(14.0985, 15.8529)","(6.2021, 6.6173)","(-0.5803, -6.7396)","(-7.2923, -1.4651)","(11.1803, -4.0312)","(4.1709, -1.6053)","(-0.238, -5.832)","(2.3161, 2.8343)","(-4.4353, 6.7971)","(-26.5723, -6.6514)","(-0.8159, -11.5949)","(-1.2659, -18.632)"
1.480000000000000071e+01,"(-19.9697, -3.7295)","(11.0762, -4.6098)","(18.5291, -7.8651)","(-9.7187, 1.3489)","(-1.6431, -2.4105)","(1.2299, 4.2061)","(1.6316, 2.9216)","(-5.3401, 13.7758)","(11.799, 10.0132)","(8.5357, 9.5477)","(-0.8373, -12.3749)","(-13.7049, -2.8244)","(23.9701, -9.2639)","(9.1858, -3.4693)","(-0.7086, -8.8115)","(4.7696, 5.8992)","(-9.2715, 14.3097)","(-16.5982, 0.0327)","(-1.5891, -18.5842)","(-3.0391, -20.8413)"
1.490000000000000036e+01,"(-12.3084, -0.2898)","(16.6402, -7.1867)","(15.278, -8.5384)","(-3.0194, 1.5511)","(-0.4217, -0.599)","(2.4439, 3.3134)","(2.9389, 3.5966)","(-1.058, 6.0732)","(5.882, 3.3308)","(11.1406, 12.0788)","(-1.7187, -19.7936)","(-20.7668, -3.9464)","(17.2848, -10.5907)","(18.7132, -7.2927)","(-1.1644, -14.1697)","(10.0626, 12.4163)","(-11.8215, 20.7417)","(-5.7773, 3.2872)","(-3.0709, -18.014)","(-3.7826, -9.9257)"
1.500000000000000000e+01,"(-5.4315, 0.4945)","(15.316, -8.1041)","(6.3774, -5.352)","(-1.3797, 1.669)","(-0.0756, -0.2765)","(4.1824, 4.9828)","(5.2496, 6.3018)","(-0.4425, 2.2388)","(2.3296, 1.402)","(10.8502, 10.3944)","(-3.3407, -17.402)","(-15.7878, -1.9072)","(3.8008, -6.7303)","(20.2516, -10.0964)","(-2.1312, -18.5393)","(15.8787, 17.7961)","(-3.5491, 12.2723)","(-3.2755, 4.2984)","(-3.1868, -9.2392)","(-1.9663, -3.3706)"
1.510000000000000142e+01,"(-3.0284, -0.1319)","(8.011, -5.7317)","(2.6263, -2.2883)","(-1.8833, 2.9209)","(-0.0372, -0.5538)","(7.4792, 8.9518)","(9.6897, 11.6281)","(-0.8064, 1.6417)","(1.6685, 1.6438)","(7.8176, 6.5179)","(-3.1453, -8.0022)","(-6.9995, -0.1665)","(0.3733, -5.3585)","(7.1498, -6.8398)","(-3.128, -14.2414)","(11.2864, 8.2317)","(0.1218, 4.5483)","(-3.9721, 6.4675)","(-1.6217, -4.2718)","(-0.545, -1.1641)"
1.520000000000000107e+01,"(-3.8892, -0.8035)","(4.2886, -3.0842)","(2.3164, -1.2762)","(-3.7249, 5.7737)","(-0.0541, -1.3142)","(12.4323, 14.4148)","(14.2126, 15.7142)","(-1.7584, 2.8241)","(2.6948, 3.1897)","(5.5478, 4.8625)","(-1.4144, -3.3816)","(-2.7819, -0.0845)","(-0.5245, -7.1596)","(1.5545, -3.0517)","(-2.4768, -7.6237)","(4.8174, 1.6376)","(0.6765, 1.597)","(-6.2574, 10.2829)","(-0.6761, -3.5217)","(-0.1712, -1.2212)"
1.530000000000000071e+01,"(-7.1904, -1.8226)","(4.2697, -2.2248)","(4.0473, -1.6915)","(-7.7656, 11.9883)","(-0.1119, -3.3539)","(13.2348, 12.8551)","(11.1623, 9.1205)","(-3.8945, 5.9688)","(5.4819, 6.7597)","(5.4739, 5.6241)","(-0.5273, -2.7419)","(-2.2474, -0.3378)","(-0.9228, -11.1331)","(0.1401, -2.1564)","(-1.2612, -5.0262)","(1.7133, -0.0127)","(1.3336, 1.7175)","(-8.8732, 15.1237)","(-0.4961, -5.5661)","(-0.1494, -2.4709)"
1.540000000000000036e+01,"(-14.1201, -3.6698)","(6.8271, -2.9177)","(8.2136, -3.1978)","(-11.877, 19.7936)","(-0.2708, -8.9137)","(7.8828, 5.3321)","(5.4363, 3.0688)","(-8.4839, 12.9835)","(11.226, 13.7339)","(7.3389, 8.194)","(-0.3796, -4.5632)","(-3.9229, -0.788)","(-1.5587, -16.6227)","(-0.1916, -3.4518)","(-0.77, -6.0253)","(1.6887, -0.5723)","(2.6277, 3.228)","(-7.4589, 15.1275)","(-0.6763, -10.5253)","(-0.2478, -5.6267)"
1.550000000000000000e+01,"(-21.6268, -4.7983)","(12.112, -4.9299)","(16.2274, -6.3729)","(-5.8131, 14.9368)","(-0.8908, -21.6476)","(3.5728, 2.2161)","(2.2428, 1.4635)","(-12.4388, 20.9773)","(15.7939, 16.9804)","(10.364, 11.578)","(-0.53, -9.0936)","(-8.1459, -1.7277)","(-2.6718, -17.3068)","(-0.3782, -6.8172)","(-0.8127, -9.8522)","(3.1203, -1.204)","(5.6315, 7.0128)","(-3.4166, 9.5776)","(-1.3651, -18.6727)","(-0.5503, -13.2437)"
1.560000000000000142e+01,"(-15.3612, -0.9217)","(18.0238, -7.8212)","(20.4988, -9.5392)","(-0.5503, 6.1515)","(-3.7226, -25.4642)","(2.2755, 2.0891)","(1.8741, 1.9266)","(-4.6293, 13.8705)","(9.9888, 6.5752)","(11.7144, 11.948)","(-1.098, -17.6788)","(-16.7845, -3.5391)","(-2.9638, -10.8719)","(-0.7586, -14.1794)","(-1.3221, -16.2364)","(6.7745, -2.5635)","(11.8054, 14.4957)","(-2.0133, 5.5848)","(-3.0613, -19.9521)","(-1.7442, -24.772)"
1.570000000000000107e+01,"(-6.1604, 1.0365)","(14.4459, -8.1703)","(9.6337, -7.4016)","(0.2561, 1.83)","(-5.6059, -8.2192)","(3.1866, 3.6595)","(3.1562, 3.7622)","(0.0806, 5.322)","(4.0259, 1.2731)","(9.1516, 7.8552)","(-2.8068, -22.0555)","(-23.0805, -4.1715)","(-1.8558, -6.2209)","(-2.0079, -22.966)","(-2.5548, -19.0758)","(14.8565, -5.6409)","(16.0981, 17.0323)","(-2.5482, 5.0419)","(-3.5918, -9.6986)","(-4.4908, -17.2775)"
1.580000000000000071e+01,"(-1.9801, 0.4323)","(6.4946, -5.1649)","(2.7802, -3.4257)","(0.4557, 0.786)","(-4.943, -2.5686)","(5.9832, 7.2571)","(6.4197, 7.9075)","(0.8456, 1.964)","(1.3759, -0.0226)","(6.0163, 4.9174)","(-3.9904, -11.096)","(-12.5709, -0.8017)","(-0.9954, -5.5544)","(-4.0687, -15.6188)","(-3.2946, -11.9701)","(22.6166, -9.8166)","(9.5408, 5.733)","(-4.3119, 7.276)","(-1.8283, -3.5972)","(-4.0759, -5.2215)"
1.590000000000000036e+01,"(-0.9863, -0.056)","(3.2213, -2.4457)","(0.6103, -1.0238)","(0.9435, 1.1864)","(-6.4759, -1.6906)","(11.3606, 13.6643)","(12.5396, 15.1311)","(1.6421, 2.1022)","(1.3972, -0.4756)","(4.9492, 4.7607)","(-2.2853, -3.6441)","(-4.4861, 0.35)","(-0.8034, -7.9739)","(-3.189, -5.3554)","(-2.1094, -5.8157)","(11.4204, -8.4256)","(3.7779, 0.8462)","(-7.3361, 11.9995)","(-0.5632, -1.8258)","(-3.0032, -1.5197)"
1.600000000000000000e+01,"(-1.6245, -0.3867)","(3.4029, -1.7337)","(0.0844, -0.3265)","(2.0402, 2.551)","(-9.7649, -2.283)","(14.9043, 15.7007)","(15.1574, 15.327)","(3.1441, 3.8387)","(2.6625, -1.02)","(6.0974, 6.6905)","(-0.6918, -0.9487)","(-1.4224, 0.3458)","(-1.0647, -13.1382)","(-1.2939, -1.3476)","(-0.9429, -4.1165)","(2.8313, -4.2844)","(1.8795, -0.3561)","(-9.4949, 16.6263)","(-0.271, -2.5897)","(-4.2988, -1.1543)"
1.610000000000000142e+01,"(-3.519, -0.956)","(5.8841, -2.4481)","(-0.0078, -0.431)","(4.7949, 6.0753)","(-14.8917, -3.3979)","(9.555, 6.5832)","(8.5769, 5.0384)","(6.5122, 8.0492)","(5.9377, -2.2294)","(8.9674, 10.1984)","(-0.1279, -0.2867)","(-1.4019, 0.5899)","(-1.9212, -18.5713)","(-0.8292, -0.3702)","(-0.6099, -5.6793)","(0.3996, -2.2814)","(2.6531, -1.006)","(-6.0076, 13.7516)","(-0.3053, -5.1904)","(-7.5189, -1.8987)"
1.619999999999999929e+01,"(-8.2901, -2.3268)","(11.2742, -4.469)","(-0.0392, -0.9546)","(11.1365, 13.9762)","(-17.6367, -3.2397)","(3.9787, 1.7875)","(3.2224, 0.9785)","(12.7542, 15.3902)","(13.5842, -5.0903)","(11.8525, 12.8449)","(-0.0403, -0.4308)","(-2.6565, 1.1825)","(-3.1092, -15.6407)","(-1.4531, -0.4035)","(-0.727, -10.0577)","(-0.1376, -3.1183)","(5.1691, -2.0017)","(-2.3003, 7.5472)","(-0.5529, -11.2617)","(-13.9337, -3.5372)"
1.630000000000000071e+01,"(-18.6317, -5.0839)","(18.6793, -7.8011)","(-0.0835, -2.3706)","(17.3615, 19.1581)","(-12.926, -1.0365)","(1.2531, 0.6512)","(0.9994, 0.0099)","(15.145, 15.1775)","(23.1062, -9.6339)","(10.8278, 9.9967)","(-0.0454, -0.9951)","(-5.8752, 2.5923)","(-2.7318, -8.3119)","(-3.1304, -0.859)","(-1.319, -17.3504)","(-0.3434, -5.8061)","(11.0298, -4.2091)","(-1.6519, 4.386)","(-1.4148, -21.5279)","(-20.5813, -4.4783)"
1.640000000000000213e+01,"(-24.484, -4.6523)","(16.0887, -8.8197)","(-0.1922, -6.2495)","(10.5721, 6.1952)","(-7.5256, -0.1709)","(0.8329, 0.8323)","(0.9438, -0.3112)","(8.4033, 4.7868)","(13.2069, -9.0719)","(7.1277, 5.6123)","(-0.0877, -2.4853)","(-13.3465, 5.8838)","(-1.3977, -4.8668)","(-7.3999, -2.0823)","(-2.7773, -19.7654)","(-0.6453, -11.9017)","(20.2413, -8.1756)","(-2.5317, 4.6694)","(-3.705, -20.1187)","(-15.3158, -1.162)"
1.650000000000000000e+01,"(-10.8136, 1.5509)","(6.4886, -5.5839)","(-0.5464, -16.1987)","(4.7071, 0.4347)","(-5.7621, -0.64)","(1.4727, 1.7776)","(1.8427, -0.6984)","(3.1221, 0.8629)","(3.2291, -4.923)","(4.8167, 4.1772)","(-0.2016, -6.5572)","(-22.6226, 10.4772)","(-0.759, -5.2564)","(-17.1264, -4.7365)","(-3.4781, -10.9689)","(-1.5635, -21.2398)","(17.1192, -9.5237)","(-4.6063, 7.5376)","(-3.9558, -7.4353)","(-6.7534, 0.7123)"
1.660000000000000142e+01,"(-3.5764, 2.3046)","(2.3412, -2.2844)","(-2.34, -28.25)","(3.6948, -1.1252)","(-7.3331, -1.4906)","(3.2466, 4.0706)","(4.2361, -1.576)","(1.0929, -0.0728)","(0.4413, -2.8958)","(4.9797, 5.2247)","(-0.5819, -16.8853)","(-13.6644, 8.133)","(-0.718, -8.4935)","(-25.3324, -5.3286)","(-1.9894, -4.665)","(-3.6463, -18.8326)","(5.5618, -5.7816)","(-8.1088, 13.0976)","(-1.9978, -1.9586)","(-2.8406, 0.1924)"
1.669999999999999929e+01,"(-2.2258, 3.042)","(1.6267, -1.0007)","(-5.4949, -13.0414)","(5.5192, -2.2194)","(-11.6496, -2.7244)","(7.6192, 9.6274)","(10.2855, -3.7837)","(1.2745, -0.4493)","(-0.1996, -3.9622)","(7.1789, 8.1774)","(-2.5077, -28.2059)","(-4.3595, 3.881)","(-1.103, -14.6822)","(-12.2949, 1.169)","(-0.7472, -2.9248)","(-3.6034, -7.3339)","(1.2239, -2.2796)","(-9.8979, 17.6139)","(-1.6379, -0.646)","(-2.573, -0.4086)"
1.680000000000000071e+01,"(-3.1771, 5.062)","(2.7834, -1.1824)","(-4.9999, -3.7534)","(9.8903, -3.9649)","(-17.254, -3.817)","(15.3613, 18.5071)","(21.5812, -8.3651)","(2.5389, -0.9669)","(-0.4522, -7.1162)","(10.7584, 12.2067)","(-5.5387, -12.2594)","(-1.6566, 2.2693)","(-2.2083, -19.8043)","(-4.0971, 2.4146)","(-0.4321, -4.1707)","(-1.5833, -2.1041)","(0.1298, -1.3667)","(-5.0246, 12.816)","(-2.8137, -0.7519)","(-4.513, -1.111)"
1.690000000000000213e+01,"(-5.8228, 9.2265)","(5.7909, -2.2411)","(-5.7348, -1.7626)","(16.7754, -6.926)","(-16.8895, -2.4554)","(14.5742, 12.743)","(18.9379, -10.4488)","(5.8146, -2.1679)","(-0.838, -13.7436)","(12.315, 12.5516)","(-4.9547, -3.5497)","(-1.8909, 3.2596)","(-3.3956, -14.0943)","(-2.3271, 3.07)","(-0.5096, -7.9097)","(-0.4933, -0.4452)","(-0.1066, -2.2224)","(-1.5799, 6.2582)","(-5.7422, -1.54)","(-9.2624, -2.4634)"
1.700000000000000000e+01,"(-9.7653, 15.8893)","(12.5368, -4.7753)","(-8.3454, -1.9657)","(17.4873, -8.7774)","(-10.1377, -0.2357)","(6.8958, 2.2731)","(5.0189, -6.525)","(13.5958, -5.0634)","(-1.957, -21.4365)","(9.0728, 7.441)","(-5.8015, -1.7373)","(-3.3728, 5.9119)","(-2.5191, -6.5911)","(-3.1468, 5.0163)","(-0.9422, -15.4389)","(-0.3922, -0.1484)","(-0.231, -4.6019)","(-1.206, 3.3378)","(-12.4762, -3.3919)","(-18.2196, -4.706)"
1.710000000000000142e+01,"(-8.8412, 17.3647)","(21.5333, -8.9181)","(-12.9443, -3.0086)","(8.5476, -6.3822)","(-5.7612, -0.1344)","(3.3781, -0.4081)","(0.7892, -3.8567)","(23.5349, -9.7608)","(-3.7185, -15.922)","(5.4219, 4.1655)","(-8.4932, -1.9977)","(-6.6138, 11.5492)","(-1.0939, -3.7467)","(-5.6423, 8.9758)","(-2.3095, -22.128)","(-0.7894, -0.2209)","(-0.4637, -10.3935)","(-2.0775, 3.7424)","(-22.4599, -5.4841)","(-21.854, -3.8871)"
1.719999999999999929e+01,"(-2.8596, 9.784)","(14.7523, -9.1259)","(-17.4403, -3.6039)","(3.4678, -3.0494)","(-5.3279, -0.8118)","(3.9729, -1.4921)","(-0.2168, -4.7605)","(13.1826, -9.1812)","(-3.009, -6.3011)","(4.2008, 3.99)","(-13.1861, -3.0632)","(-10.4317, 18.8027)","(-0.5746, -4.4749)","(-9.4744, 15.412)","(-3.9096, -13.7359)","(-1.8559, -0.5236)","(-1.235, -21.2245)","(-4.0531, 6.5031)","(-18.0041, -1.5663)","(-10.7416, 0.7744)"
1.730000000000000071e+01,"(-0.8629, 4.165)","(4.2788, -5.0845)","(-15.1961, -1.8459)","(2.4561, -1.5055)","(-7.9241, -1.7856)","(6.7703, -2.7145)","(-0.5605, -7.8752)","(3.0957, -5.0618)","(-1.1402, -2.2041)","(5.3554, 5.9554)","(-17.5469, -3.5876)","(-7.2485, 15.3976)","(-0.5829, -7.8416)","(-9.0304, 17.4153)","(-2.6881, -4.9937)","(-4.7241, -1.3627)","(-3.6256, -21.7486)","(-7.7958, 12.3069)","(-6.7838, 1.6319)","(-3.5495, 1.1518)"
1.740000000000000213e+01,"(-0.9678, 2.3703)","(0.8118, -2.0434)","(-9.118, -0.248)","(3.8541, -1.6811)","(-13.3644, -3.2256)","(12.6156, -5.0224)","(-0.9818, -14.0115)","(0.3782, -3.3229)","(-0.3289, -1.4816)","(8.4711, 9.8347)","(-14.9441, -1.7375)","(-2.3293, 6.8889)","(-0.9678, -14.5803)","(-3.1989, 10.2491)","(-0.8979, -1.5888)","(-12.2689, -3.5458)","(-4.3237, -7.9425)","(-10.871, 18.5896)","(-1.9827, 1.2647)","(-0.8974, 0.5788)"
1.750000000000000000e+01,"(-1.927, 3.2665)","(0.0232, -1.849)","(-5.9709, -0.4102)","(7.5215, -2.9729)","(-18.8985, -4.0166)","(19.1108, -8.2456)","(-2.0522, -20.1468)","(-0.2687, -4.6694)","(-0.2049, -2.5872)","(12.2695, 13.6742)","(-8.8842, -0.2196)","(-0.7209, 2.388)","(-2.1519, -21.0368)","(-1.0172, 4.535)","(-0.2285, -1.0105)","(-25.5668, -6.6429)","(-2.5241, -2.1021)","(-5.668, 14.1534)","(-1.1964, 1.611)","(-0.5371, 0.719)"
1.760000000000000142e+01,"(-4.0006, 6.2669)","(-0.1813, -3.279)","(-6.4537, -1.1497)","(14.7845, -5.8111)","(-15.423, -1.592)","(14.1027, -8.3263)","(-3.4492, -15.122)","(-0.547, -8.2603)","(-0.2823, -5.5212)","(11.7307, 10.9648)","(-5.8977, -0.4307)","(-0.4899, 1.1086)","(-3.6504, -14.6205)","(-1.0958, 2.6608)","(-0.1378, -1.85)","(-18.7371, -0.9304)","(-2.6558, -0.8929)","(-1.1815, 6.3689)","(-1.9129, 2.9715)","(-0.9539, 1.4535)"
1.769999999999999929e+01,"(-8.1604, 12.6847)","(-0.346, -6.8842)","(-9.8036, -2.2359)","(20.4803, -9.1747)","(-8.0198, 0.209)","(5.5537, -4.9008)","(-2.731, -6.8434)","(-1.0152, -15.2309)","(-0.5673, -12.4209)","(7.2863, 5.3654)","(-6.516, -1.1841)","(-0.9446, 1.7013)","(-2.7153, -6.0173)","(-2.1157, 3.6058)","(-0.1948, -4.0853)","(-6.4911, 3.2075)","(-4.5209, -1.1665)","(-0.487, 2.3993)","(-4.0041, 6.1517)","(-2.1878, 3.2971)"
1.780000000000000071e+01,"(-11.6039, 19.729)","(-0.7412, -14.9126)","(-15.4166, -3.5623)","(11.3651, -7.8605)","(-4.4824, -0.123)","(2.2901, -1.9905)","(-1.1561, -3.3952)","(-2.2892, -21.0743)","(-1.6091, -23.2596)","(4.1896, 3.299)","(-9.9848, -2.2889)","(-2.0791, 3.5967)","(-1.0244, -2.5692)","(-4.3083, 6.7817)","(-0.3921, -9.6558)","(-3.3285, 4.1079)","(-8.8266, -2.3152)","(-0.8561, 1.753)","(-8.5008, 13.0735)","(-5.3621, 7.9994)"
1.790000000000000213e+01,"(-5.1619, 13.9873)","(-2.1422, -24.0345)","(-18.1759, -3.3046)","(3.6289, -3.9458)","(-4.7754, -0.8505)","(2.1917, -1.1648)","(-0.5262, -3.634)","(-3.6747, -13.776)","(-4.1199, -18.483)","(3.8691, 3.961)","(-15.657, -3.6096)","(-4.8342, 8.281)","(-0.3947, -2.5556)","(-8.5001, 13.3165)","(-1.0849, -20.9325)","(-3.7992, 6.1433)","(-17.0099, -4.3668)","(-1.8473, 2.9761)","(-12.1503, 20.6301)","(-11.7044, 17.9127)"
1.800000000000000000e+01,"(-0.5595, 5.715)","(-4.3327, -14.7059)","(-12.5863, -0.8004)","(1.0512, -1.2447)","(-7.8681, -1.8801)","(3.9744, -1.6372)","(-0.4788, -6.3615)","(-2.5658, -5.593)","(-3.9156, -6.0908)","(5.7252, 6.5963)","(-18.1231, -3.2325)","(-10.2349, 17.7432)","(-0.3336, -4.6395)","(-11.198, 19.4574)","(-3.5486, -23.2437)","(-5.9221, 9.7289)","(-21.6748, -4.1246)","(-4.0568, 6.2307)","(-4.6292, 13.692)","(-10.8842, 21.1989)"
1.810000000000000142e+01,"(0.0876, 1.6639)","(-3.2598, -4.6119)","(-6.8666, -0.0063)","(0.6111, -0.4015)","(-14.0993, -3.5088)","(8.2245, -3.1802)","(-0.7542, -12.3758)","(-0.9373, -2.4787)","(-2.2419, -1.5739)","(9.603, 11.272)","(-12.2978, -0.7135)","(-10.7253, 20.7971)","(-0.5177, -9.616)","(-4.64, 13.129)","(-4.6846, -8.3657)","(-8.6775, 14.6537)","(-11.9019, 0.2793)","(-8.6985, 13.3587)","(-0.0842, 5.2915)","(-0.8262, 9.4339)"
1.819999999999999929e+01,"(0.1024, 0.3916)","(-1.7279, -1.1485)","(-5.0994, -0.5423)","(1.1699, -0.4837)","(-20.0869, -4.2652)","(16.4852, -6.4455)","(-1.6871, -20.7066)","(-0.3798, -2.6711)","(-2.7485, -0.8374)","(13.2726, 14.4678)","(-6.695, -0.007)","(-2.9793, 9.3605)","(-1.1597, -18.8961)","(-0.6284, 5.376)","(-3.1247, -2.2759)","(-7.9138, 15.5579)","(-4.3029, 0.9899)","(-12.2288, 20.8628)","(0.5849, 1.7216)","(1.5186, 3.9163)"
1.830000000000000071e+01,"(0.1847, 0.2649)","(-2.2364, -0.6696)","(-6.6934, -1.3925)","(2.6419, -0.9976)","(-14.9276, -1.1507)","(20.7353, -9.6743)","(-3.536, -17.804)","(-0.3423, -4.9361)","(-4.8747, -1.2598)","(10.859, 9.2686)","(-5.0746, -0.5649)","(-0.3933, 3.6848)","(-3.0824, -21.9761)","(-0.1172, 1.6423)","(-3.6895, -1.1343)","(-3.7781, 10.2405)","(-1.2449, 0.302)","(-4.3234, 13.3866)","(1.1511, 1.5363)","(2.8448, 3.6537)"
1.840000000000000213e+01,"(0.419, 0.5303)","(-4.1621, -1.0938)","(-11.1264, -2.6702)","(6.412, -2.3575)","(-6.8944, 0.5433)","(9.3681, -7.3975)","(-3.312, -7.4296)","(-0.5493, -10.2589)","(-9.744, -2.5751)","(5.9255, 3.9661)","(-6.7753, -1.4259)","(0.249, 3.259)","(-4.0639, -9.8677)","(-0.2529, 0.6796)","(-6.1108, -1.5355)","(-2.0485, 5.8709)","(-0.6574, -0.0561)","(0.0521, 5.0979)","(2.2592, 2.7752)","(4.8149, 5.7132)"
1.850000000000000000e+01,"(1.0144, 1.2939)","(-8.7368, -2.3557)","(-17.4678, -4.0097)","(15.3639, -5.6906)","(-3.3245, 0.0477)","(2.5617, -3.3896)","(-1.393, -2.5639)","(-1.2652, -19.7325)","(-18.4813, -4.6929)","(3.2685, 2.6164)","(-11.3203, -2.7239)","(0.5903, 5.303)","(-2.1884, -2.9603)","(-0.6506, 1.062)","(-11.2705, -2.8723)","(-2.4157, 4.941)","(-1.1984, -0.2984)","(0.729, 1.793)","(4.8138, 5.9923)","(8.4953, 10.117)"
1.860000000000000142e+01,"(2.6337, 3.3965)","(-17.8024, -4.6764)","(-17.8422, -2.7266)","(24.4786, -10.4965)","(-3.4517, -0.6109)","(0.4705, -1.1271)","(-0.3852, -1.3812)","(-3.2822, -21.2044)","(-21.0699, -3.5626)","(3.4029, 3.6344)","(-17.6711, -4.0393)","(1.1011, 10.053)","(-0.8662, -0.6631)","(-1.5242, 2.3199)","(-18.9075, -4.4983)","(-4.0346, 6.8761)","(-2.7085, -0.7483)","(1.4288, 1.8483)","(10.4006, 12.887)","(13.1113, 14.8345)"
1.869999999999999929e+01,"(7.0297, 9.0842)","(-22.6509, -4.2569)","(-10.3318, -0.0874)","(10.7078, -8.754)","(-6.0315, -1.4849)","(0.0238, -0.9261)","(-0.1993, -2.2056)","(-3.9658, -8.9963)","(-10.3397, 0.7215)","(5.5562, 6.5486)","(-17.6817, -2.6262)","(2.0786, 18.2385)","(-0.9792, -0.3187)","(-3.7362, 5.5785)","(-18.5633, -2.6308)","(-6.9338, 11.3323)","(-6.6331, -1.8878)","(2.7738, 3.3972)","(16.2797, 18.1435)","(12.1881, 11.094)"
1.880000000000000071e+01,"(16.0974, 19.9187)","(-11.2802, 0.7807)","(-5.2586, 0.0872)","(2.2178, -4.9028)","(-11.865, -3.0933)","(-0.0835, -1.7477)","(-0.2473, -4.6301)","(-2.0108, -2.6375)","(-3.5143, 0.9565)","(9.9423, 11.8402)","(-10.078, -0.0325)","(3.1088, 20.5123)","(-1.9432, -0.5285)","(-8.9569, 13.4334)","(-9.2875, 0.4836)","(-9.4888, 16.3533)","(-16.0681, -4.5222)","(5.8458, 7.2549)","(11.0133, 7.6023)","(6.8093, 4.4528)"
1.890000000000000213e+01,"(15.8528, 13.7932)","(-3.6859, 1.3605)","(-4.3415, -0.5782)","(0.1112, -4.2593)","(-20.3483, -4.8741)","(-0.1709, -3.928)","(-0.4701, -10.469)","(-0.8056, -0.5854)","(-0.9051, 0.2988)","(14.0275, 15.3194)","(-5.1314, 0.0781)","(2.7052, 10.4804)","(-4.4123, -1.228)","(-13.6909, 22.8623)","(-3.7929, 0.4204)","(-6.6217, 14.488)","(-26.2258, -5.9068)","(11.9854, 14.6408)","(4.6266, 1.275)","(3.227, 2.2277)"
1.900000000000000000e+01,"(7.8921, 1.5632)","(-1.0977, 0.9576)","(-6.4702, -1.46)","(-0.446, -6.3306)","(-18.3084, -2.1982)","(-0.3652, -9.4823)","(-1.249, -21.3079)","(-0.9749, -0.3088)","(-0.2701, 0.0171)","(10.7877, 8.7429)","(-4.3249, -0.5944)","(1.3192, 3.9514)","(-10.6137, -2.9969)","(-3.6939, 13.6049)","(-2.4487, -0.2255)","(-2.5468, 8.1645)","(-13.4868, 0.9842)","(15.8142, 16.541)","(2.0661, -0.2765)","(2.6227, 2.6271)"
1.910000000000000142e+01,"(5.5476, -1.4117)","(-1.0455, 1.5373)","(-11.5633, -2.8814)","(-0.7788, -10.9439)","(-8.0888, 0.9366)","(-1.0426, -21.0264)","(-3.6461, -21.6235)","(-1.9635, -0.5347)","(-0.4152, -0.0978)","(5.3259, 3.1433)","(-6.527, -1.4838)","(0.4278, 1.6682)","(-22.345, -5.8897)","(1.0645, 5.3615)","(-3.7417, -0.8565)","(-1.6254, 4.5572)","(-4.61, 2.7997)","(9.2832, 5.578)","(2.629, -0.9774)","(4.0571, 4.7437)"
1.920000000000000284e+01,"(6.9919, -2.8721)","(-1.9826, 3.0556)","(-18.7287, -4.3636)","(-1.4761, -17.8915)","(-2.7373, 0.6149)","(-3.5695, -23.7074)","(-4.3061, -7.8652)","(-4.4994, -1.2559)","(-0.9602, -0.2663)","(2.435, 1.755)","(-11.7139, -2.9248)","(0.2867, 2.0925)","(-21.316, -2.641)","(2.3993, 3.5182)","(-7.4039, -1.938)","(-2.3655, 4.4867)","(-2.7243, 3.6536)","(3.6131, 0.9156)","(4.9408, -1.9252)","(7.6271, 9.2292)"
1.930000000000000071e+01,"(10.5692, -4.4705)","(-4.4365, 6.7351)","(-17.9755, -2.4782)","(-2.9125, -18.6353)","(-1.0819, 0.0276)","(-4.8431, -8.3628)","(-2.5037, -2.0785)","(-10.8773, -3.0758)","(-2.4162, -0.6943)","(2.3391, 2.4774)","(-18.8963, -4.3893)","(0.4548, 4.1792)","(-7.8643, 2.2768)","(4.059, 4.8343)","(-15.09, -3.9808)","(-4.2778, 7.0478)","(-3.5881, 5.7791)","(1.5451, -0.2161)","(10.3686, -3.9736)","(13.1683, 15.3792)"
1.940000000000000213e+01,"(15.1898, -6.644)","(-9.6008, 14.7079)","(-9.2411, 0.3535)","(-3.274, -10.0925)","(-1.4612, -0.3172)","(-3.4288, -2.3197)","(-2.6416, -0.8864)","(-22.7487, -5.9722)","(-6.4153, -1.8728)","(3.9958, 4.7689)","(-17.8317, -2.3912)","(0.9452, 9.2232)","(-2.8473, 2.557)","(7.011, 8.3319)","(-22.5922, -4.9022)","(-7.6492, 12.3212)","(-6.1157, 9.8577)","(2.0471, -0.7568)","(19.3705, -7.7678)","(13.5127, 12.7891)"
1.950000000000000000e+01,"(15.1016, -7.7023)","(-12.1638, 21.3916)","(-4.1044, 0.2774)","(-1.7833, -4.6555)","(-3.0471, -0.813)","(-4.2199, -1.246)","(-4.505, -1.1629)","(-20.9066, -2.4021)","(-16.5899, -4.768)","(7.9059, 9.6642)","(-9.048, 0.3937)","(2.0481, 19.2336)","(-2.5339, 3.8254)","(11.6404, 13.5338)","(-14.2915, -0.3219)","(-10.0487, 17.4967)","(-9.4036, 15.6599)","(4.0195, -1.5472)","(18.0757, -9.5965)","(7.4026, 4.4704)"
1.960000000000000142e+01,"(9.3342, -6.0334)","(-3.0715, 11.978)","(-3.1226, -0.3835)","(-0.742, -3.5725)","(-7.0498, -1.967)","(-6.8942, -1.7108)","(-8.8105, -2.3125)","(-7.602, 2.3526)","(-27.713, -6.2753)","(13.8824, 16.2389)","(-3.9961, 0.2744)","(3.4067, 23.0737)","(-4.0472, 6.4819)","(13.3304, 13.4312)","(-5.2317, 1.2777)","(-5.7203, 13.7309)","(-8.043, 16.1603)","(8.8592, -3.3444)","(6.3543, -6.1163)","(2.888, 1.4551)"
1.970000000000000284e+01,"(5.6443, -3.7454)","(0.4928, 4.3982)","(-4.8866, -1.1334)","(-0.5129, -5.4212)","(-16.2027, -4.4752)","(-12.3262, -3.0894)","(-17.0093, -4.3702)","(-2.8292, 2.6493)","(-13.0168, 1.6641)","(13.4751, 12.3077)","(-3.0708, -0.3846)","(3.0486, 10.1356)","(-7.3058, 11.6569)","(8.6578, 6.3322)","(-1.4005, 0.6377)","(-1.7716, 6.8699)","(-3.0706, 9.5413)","(18.2893, -7.0948)","(1.5348, -2.4388)","(1.3308, 1.0861)"
1.980000000000000071e+01,"(5.4889, -2.8769)","(1.264, 2.1553)","(-9.4257, -2.4387)","(-0.6668, -10.1096)","(-25.146, -5.5033)","(-19.2202, -4.3694)","(-21.7089, -4.1363)","(-2.6233, 3.9983)","(-4.8522, 3.719)","(6.8858, 3.6956)","(-4.8498, -1.1305)","(1.651, 3.3086)","(-10.2878, 17.5427)","(4.2321, 2.7535)","(-0.4192, 0.4185)","(-1.1643, 3.4782)","(-1.4084, 4.7555)","(20.7401, -10.1361)","(0.2156, -1.0296)","(1.7442, 1.9936)"
1.990000000000000213e+01,"(8.0087, -3.5311)","(2.3563, 2.8957)","(-17.6388, -4.4561)","(-1.3011, -18.0513)","(-13.2621, 0.7391)","(-17.0575, -2.0597)","(-11.9094, 0.2854)","(-4.2202, 6.7669)","(-3.519, 5.1542)","(2.4024, 0.9123)","(-9.4028, -2.4386)","(1.3752, 1.7423)","(-6.3448, 14.623)","(2.7178, 2.4609)","(-0.5179, 0.7682)","(-1.9169, 3.5557)","(-1.7708, 3.7)","(7.5596, -7.036)","(-0.0459, -1.4286)","(3.4472, 4.2352)"
2.000000000000000000e+01,"(12.7923, -5.4043)","(4.4853, 5.4625)","(-21.0147, -3.7496)","(-2.9201, -20.2708)","(-4.4005, 2.2523)","(-8.4895, 0.4227)","(-4.2945, 0.9998)","(-7.536, 12.0595)","(-4.6469, 7.683)","(0.6578, 0.3455)","(-17.6742, -4.4742)","(2.3281, 2.579)","(-1.8133, 7.2944)","(3.5999, 4.0763)","(-1.1188, 1.6917)","(-3.7232, 6.013)","(-3.2366, 5.4227)","(1.6657, -3.1871)","(-0.1438, -2.9184)","(7.5237, 9.3815)"
2.010000000000000142e+01,"(16.7246, -7.6171)","(8.9762, 10.9783)","(-11.121, 0.3994)","(-3.6204, -10.3748)","(-2.1529, 2.6481)","(-3.8882, 0.1863)","(-1.2271, 0.312)","(-10.2093, 17.6022)","(-7.0966, 11.8169)","(0.519, 0.5522)","(-21.0923, -3.767)","(4.5498, 5.0329)","(-0.9633, 3.3473)","(6.4599, 7.7562)","(-2.7472, 4.0937)","(-7.2436, 11.4149)","(-6.1507, 9.7961)","(0.1593, -2.1947)","(-0.2835, -6.7179)","(14.487, 17.3127)"
2.020000000000000284e+01,"(12.8759, -7.407)","(14.7412, 16.849)","(-4.0658, 0.8499)","(-1.9467, -3.953)","(-2.7476, 4.3375)","(-3.3173, -0.4786)","(-0.602, -0.0423)","(-5.9571, 14.1078)","(-8.7363, 15.5355)","(1.0187, 1.253)","(-11.1036, 0.4262)","(9.3874, 10.4079)","(-1.5332, 2.9753)","(11.617, 13.7846)","(-6.9074, 10.2576)","(-10.8559, 18.2)","(-10.0062, 16.4314)","(-0.1915, -3.4676)","(-0.6755, -15.5955)","(14.3828, 13.0883)"
2.030000000000000071e+01,"(6.8432, -4.8698)","(12.294, 10.2585)","(-1.3742, 0.1727)","(-0.6259, -2.0228)","(-4.9647, 7.8608)","(-5.3995, -1.2799)","(-1.082, -0.2678)","(-1.7435, 6.9929)","(-6.0622, 13.3697)","(2.3733, 3.0058)","(-4.0221, 0.8739)","(15.5729, 16.7129)","(-3.0376, 4.9281)","(14.273, 14.704)","(-13.6268, 21.352)","(-6.5697, 15.2389)","(-8.2631, 16.8045)","(-0.3812, -6.7987)","(-2.2569, -25.662)","(7.0178, 3.056)"
2.040000000000000213e+01,"(4.6307, -2.9013)","(5.7907, 2.7815)","(-1.2734, -0.2194)","(-0.3019, -2.7924)","(-8.9225, 14.2667)","(-10.4388, -2.7027)","(-2.4474, -0.6761)","(-1.0369, 3.3432)","(-2.9348, 8.2367)","(5.9025, 7.5456)","(-1.2996, 0.1952)","(12.0798, 11.0262)","(-6.1518, 9.6159)","(9.07, 6.3263)","(-7.3206, 17.9439)","(-1.4415, 7.129)","(-2.5217, 9.1065)","(-0.759, -14.0773)","(-4.7533, -13.8613)","(2.6287, 0.1778)"
2.050000000000000000e+01,"(5.6516, -2.6939)","(1.8625, 0.6523)","(-2.484, -0.641)","(-0.3338, -5.5103)","(-10.0827, 18.3581)","(-18.8026, -4.6471)","(-6.0121, -1.7132)","(-1.6961, 3.207)","(-2.3261, 5.5592)","(13.6127, 16.9769)","(-1.1073, -0.1797)","(5.2693, 3.6213)","(-10.6283, 17.1731)","(3.9355, 2.0852)","(0.5838, 7.254)","(-0.4842, 2.678)","(-0.8541, 3.8838)","(-1.9891, -22.8362)","(-3.6829, -3.979)","(2.1117, -0.6565)"
2.060000000000000142e+01,"(9.1985, -3.8789)","(0.4701, 0.2374)","(-5.588, -1.5433)","(-0.5981, -11.7583)","(-3.9906, 11.7281)","(-19.9551, -3.115)","(-14.8137, -4.1994)","(-3.3393, 5.3975)","(-3.3012, 6.0783)","(17.0406, 17.0828)","(-2.1538, -0.5542)","(1.677, 0.918)","(-8.5634, 17.5626)","(1.7233, 1.2931)","(2.2881, 3.9035)","(-0.7678, 1.6889)","(-1.0723, 2.447)","(-4.0372, -15.747)","(-3.1118, -1.3017)","(3.5596, -1.3884)"
2.070000000000000284e+01,"(14.9027, -6.259)","(0.3714, 0.3994)","(-13.033, -3.6323)","(-1.5161, -21.7354)","(-0.9597, 5.0817)","(-9.7857, 0.6463)","(-26.2272, -6.231)","(-6.667, 10.4479)","(-5.4818, 9.1605)","(8.7668, 3.446)","(-4.8657, -1.3459)","(0.6768, 0.2269)","(-1.9689, 8.7699)","(1.9177, 2.1165)","(3.898, 4.6888)","(-1.662, 2.7116)","(-2.1405, 3.5772)","(-3.1898, -5.4617)","(-4.7489, -1.2281)","(7.2752, -2.7988)"
2.080000000000000071e+01,"(17.0742, -8.2128)","(0.7531, 0.9318)","(-24.1417, -5.9458)","(-3.7577, -19.2643)","(-0.7352, 2.3006)","(-3.5273, 0.7126)","(-14.9963, 0.4509)","(-10.8519, 17.8006)","(-8.392, 14.0723)","(4.5402, -0.447)","(-11.5482, -3.2425)","(1.0378, 0.2305)","(-0.2881, 3.1499)","(3.5614, 4.3236)","(6.4628, 7.6128)","(-3.6373, 5.6019)","(-4.4339, 6.9312)","(-1.2736, -1.3962)","(-8.5116, -2.1602)","(15.0571, -5.8177)"
2.090000000000000213e+01,"(10.4234, -6.7839)","(1.7929, 2.2796)","(-17.4031, -0.9251)","(-3.7823, -7.1118)","(-1.427, 2.5544)","(-1.3795, 0.0642)","(-5.1298, 2.8626)","(-7.613, 16.5212)","(-8.372, 15.9467)","(4.9744, -1.865)","(-23.1655, -5.9598)","(2.226, 0.481)","(-0.2707, 1.0819)","(7.4835, 9.264)","(10.644, 12.3926)","(-7.9276, 12.1332)","(-8.8271, 13.7935)","(-0.6942, -0.3455)","(-15.5682, -3.9132)","(21.5083, -9.5424)"
2.100000000000000000e+01,"(5.1044, -3.8679)","(4.5739, 5.877)","(-6.0652, 2.2055)","(-1.7897, -1.8823)","(-2.9823, 4.7133)","(-1.671, -0.3407)","(-2.8185, 3.6503)","(-1.6501, 7.9327)","(-4.2377, 11.0252)","(7.8025, -3.2043)","(-19.7431, -1.9253)","(5.3181, 1.1684)","(-0.6652, 1.1756)","(14.0654, 16.7337)","(13.2184, 13.8308)","(-12.3814, 20.5268)","(-11.2685, 19.761)","(-1.1666, -0.3306)","(-20.7236, -4.1455)","(11.1192, -8.052)"
2.110000000000000142e+01,"(3.9294, -2.3082)","(11.3731, 14.4488)","(-2.2824, 2.2803)","(-1.2386, -0.543)","(-6.3469, 9.7841)","(-3.3625, -0.883)","(-3.5413, 5.6987)","(-0.3429, 2.8469)","(-2.1079, 6.2393)","(13.2038, -5.4277)","(-7.107, 2.2565)","(13.0532, 2.8744)","(-1.5201, 2.3578)","(14.2474, 13.1872)","(9.6305, 7.6876)","(-5.5289, 14.9052)","(-4.1788, 12.6399)","(-2.5109, -0.6902)","(-13.2918, -0.4484)","(3.0859, -3.9665)"
2.120000000000000284e+01,"(5.6233, -2.5196)","(18.3011, 20.2738)","(-2.3332, 3.5799)","(-2.1035, -0.5748)","(-11.3012, 18.1191)","(-7.5828, -2.0955)","(-5.9293, 9.5859)","(-0.4431, 1.2478)","(-2.2688, 4.8446)","(17.78, -8.0075)","(-2.5875, 2.411)","(25.2387, 5.1638)","(-3.5799, 5.3961)","(7.1501, 3.4762)","(5.1173, 3.4902)","(-0.165, 5.907)","(-0.4132, 4.9823)","(-5.9766, -1.6871)","(-5.6027, 0.6875)","(0.5664, -1.4282)"
2.130000000000000071e+01,"(9.8853, -4.0459)","(10.6896, 5.526)","(-4.0048, 6.3517)","(-4.3582, -1.1783)","(-8.3911, 17.7715)","(-16.8545, -4.5929)","(-9.178, 15.2583)","(-1.0243, 1.7233)","(-3.7233, 6.4303)","(12.7956, -7.6255)","(-2.4202, 3.6748)","(17.6766, 1.7912)","(-8.3601, 12.6039)","(2.5035, 0.4768)","(3.2371, 2.8484)","(0.6838, 1.9908)","(0.0377, 1.4048)","(-14.4119, -4.0579)","(-2.5281, 0.0641)","(0.0188, -1.2717)"
2.140000000000000213e+01,"(16.3839, -6.8284)","(5.4444, -0.1304)","(-7.5479, 11.9228)","(-9.8403, -2.7207)","(-1.3424, 8.1811)","(-24.4948, -5.1158)","(-8.2529, 16.2778)","(-2.2899, 3.5328)","(-6.4623, 10.5607)","(5.9767, -4.6453)","(-3.9844, 6.3529)","(6.6098, -0.8449)","(-13.3294, 21.997)","(1.2497, -0.2622)","(3.9324, 4.3543)","(1.3414, 1.7831)","(0.0048, 0.3014)","(-25.6114, -6.119)","(-2.7795, -0.5209)","(-0.1201, -2.3601)"
2.150000000000000000e+01,"(17.1568, -8.5875)","(5.2698, -1.8728)","(-10.755, 18.2737)","(-20.346, -5.3479)","(0.1744, 2.6574)","(-12.4904, 0.8372)","(-3.3547, 9.9679)","(-5.2975, 8.0083)","(-9.3794, 15.9061)","(3.5988, -2.4158)","(-7.3503, 11.6676)","(3.9362, -1.4276)","(-4.7017, 14.5185)","(1.9133, -0.7208)","(6.656, 7.8882)","(2.5814, 3.1575)","(-0.0464, 0.1114)","(-15.5049, 0.099)","(-5.1319, -1.2974)","(-0.2375, -5.185)"
2.160000000000000142e+01,"(8.8544, -6.3804)","(7.722, -3.2072)","(-6.0586, 14.5547)","(-22.0829, -3.4201)","(0.3663, 0.8481)","(-4.0888, 1.9881)","(-1.527, 5.0714)","(-11.0373, 17.0584)","(-7.3439, 15.299)","(4.4431, -2.1185)","(-10.5072, 17.8389)","(5.2747, -2.3872)","(0.5913, 5.6155)","(3.9672, -1.5107)","(11.4121, 13.3913)","(5.3809, 6.6671)","(-0.143, 0.222)","(-5.2598, 2.5993)","(-10.6518, -2.8445)","(-0.5103, -12.0529)"
2.170000000000000284e+01,"(3.8973, -3.2097)","(12.5, -5.2079)","(-1.3808, 6.7616)","(-9.0959, 1.635)","(0.7495, 0.9714)","(-1.8499, 2.1943)","(-1.8329, 3.8791)","(-10.7809, 20.6149)","(-2.8901, 8.9453)","(7.719, -3.187)","(-6.329, 14.7346)","(8.8622, -4.0533)","(1.7407, 2.9274)","(9.052, -3.385)","(13.7416, 14.11)","(11.1757, 13.7147)","(-0.3666, 0.5453)","(-2.5719, 3.1322)","(-20.0348, -5.0439)","(-1.5169, -23.5453)"
2.180000000000000071e+01,"(3.0229, -1.7711)","(16.9391, -7.5992)","(-0.5875, 2.6659)","(-2.8533, 1.7784)","(1.5839, 1.9731)","(-2.3435, 3.6632)","(-3.2837, 5.5415)","(-1.5374, 9.7715)","(-1.6038, 4.8004)","(13.915, -5.6292)","(-1.6418, 7.1377)","(14.925, -6.8723)","(3.1023, 3.7696)","(19.0357, -7.3489)","(9.0626, 6.6366)","(15.9528, 17.2259)","(-0.9803, 1.4386)","(-3.1156, 4.9541)","(-20.2928, -2.9209)","(-4.1888, -19.1947)"
2.190000000000000213e+01,"(4.7044, -2.0496)","(13.3968, -7.6069)","(-0.9869, 2.0098)","(-1.6927, 2.2711)","(3.6532, 4.6168)","(-4.3587, 6.8445)","(-6.151, 9.8395)","(0.8345, 3.5341)","(-2.1662, 4.2756)","(18.8425, -8.4882)","(-0.7815, 3.0503)","(17.6347, -8.7004)","(5.5553, 6.67)","(20.7498, -10.3342)","(4.2766, 2.6062)","(10.0897, 6.6009)","(-2.7326, 3.9799)","(-5.3375, 8.5561)","(-8.888, 1.145)","(-4.1868, -6.1465)"
2.200000000000000000e+01,"(8.8929, -3.5492)","(6.9293, -5.0125)","(-2.0829, 3.3669)","(-2.5196, 3.9614)","(8.7078, 11.0198)","(-8.3818, 13.183)","(-9.8719, 16.2725)","(1.7098, 2.4384)","(-3.8873, 6.4665)","(12.176, -7.6952)","(-1.2632, 2.509)","(10.7071, -6.2838)","(10.1621, 12.1561)","(6.9159, -6.9687)","(2.3933, 2.0371)","(4.0762, 1.1976)","(-7.5527, 11.0268)","(-8.9378, 14.5504)","(-2.7592, 1.0269)","(-2.7447, -1.669)"
2.210000000000000142e+01,"(16.2375, -6.5445)","(4.3837, -2.853)","(-4.4963, 6.9326)","(-4.9338, 7.6926)","(16.5658, 19.5687)","(-10.9882, 19.1167)","(-8.189, 16.6309)","(3.0934, 3.7402)","(-7.0686, 11.3577)","(4.935, -4.2841)","(-2.5723, 4.1683)","(4.9578, -3.2255)","(14.2714, 15.5306)","(1.3831, -3.3311)","(2.9772, 3.3359)","(1.5537, -0.1193)","(-15.2642, 23.8361)","(-9.2633, 17.3624)","(-0.725, 0.5712)","(-3.6469, -1.0391)"
2.220000000000000284e+01,"(18.9804, -9.0916)","(5.1739, -2.5042)","(-9.2675, 14.3591)","(-9.3864, 14.8035)","(13.24, 10.2355)","(-4.8073, 13.1991)","(-2.638, 9.179)","(5.9102, 7.1925)","(-10.0827, 17.152)","(2.5483, -1.8819)","(-5.3771, 8.3478)","(3.2832, -1.8475)","(10.6206, 8.3808)","(0.0461, -2.9805)","(5.3906, 6.4957)","(1.8152, -0.6488)","(-5.5888, 16.9139)","(-3.8489, 11.0948)","(-0.6123, 0.875)","(-6.3386, -1.6092)"
2.230000000000000071e+01,"(9.4167, -6.9653)","(8.4955, -3.5764)","(-11.6096, 20.4764)","(-10.5889, 19.285)","(6.0638, 1.3958)","(-0.8126, 5.5735)","(-0.9823, 4.0694)","(11.2235, 13.5047)","(-6.6417, 14.8639)","(3.1388, -1.5053)","(-10.1658, 16.0693)","(4.5642, -2.1855)","(5.0586, 2.841)","(-0.3052, -4.8581)","(10.3221, 12.471)","(3.4819, -1.3414)","(1.8905, 7.374)","(-1.3253, 5.2492)","(-1.1881, 1.8122)","(-12.0726, -3.1146)"
2.240000000000000213e+01,"(3.3111, -3.2953)","(14.2975, -5.9242)","(-3.5684, 12.165)","(-3.4402, 11.4171)","(3.6071, -0.7779)","(-0.2975, 1.8907)","(-1.2469, 2.7525)","(14.8802, 15.7488)","(-2.0649, 7.7044)","(5.8065, -2.353)","(-10.0627, 19.1381)","(8.3174, -3.7891)","(2.1589, 1.4907)","(-0.5553, -9.3275)","(14.8596, 16.2449)","(7.6582, -2.8901)","(3.9991, 5.4995)","(-1.3204, 3.1929)","(-2.7802, 4.1792)","(-20.0126, -4.7086)"
2.250000000000000000e+01,"(1.5825, -1.2183)","(17.7299, -8.2594)","(0.0104, 4.5292)","(-0.4176, 4.4261)","(4.7922, -1.8852)","(-0.5825, 1.2293)","(-2.4324, 4.0596)","(9.6833, 6.7711)","(-1.1132, 3.694)","(11.6014, -4.5334)","(-2.5184, 10.1628)","(15.1164, -6.8849)","(2.0025, 2.1133)","(-1.1474, -17.577)","(10.6567, 8.0704)","(16.4803, -6.3014)","(5.9615, 6.8435)","(-2.4099, 4.1592)","(-6.7537, 10.0961)","(-17.8276, -2.1236)"
2.260000000000000142e+01,"(2.1575, -0.9994)","(11.3567, -7.1988)","(0.494, 1.426)","(-0.1302, 1.3158)","(8.289, -3.3379)","(-1.3259, 2.1259)","(-4.9421, 7.7544)","(4.0808, 1.8737)","(-1.7008, 3.3073)","(19.5643, -8.1291)","(-0.1173, 3.6517)","(18.8762, -9.2213)","(3.4694, 4.156)","(-2.7939, -21.4655)","(4.7528, 2.3006)","(22.1902, -10.107)","(8.6278, 9.7625)","(-4.7335, 7.5238)","(-13.1085, 20.6064)","(-8.1672, 0.7625)"
2.270000000000000284e+01,"(4.3103, -1.7024)","(5.2457, -4.1305)","(0.9767, 1.302)","(-0.3221, 0.7148)","(14.7172, -5.9673)","(-3.0094, 4.5901)","(-9.3747, 14.8158)","(1.3209, 0.7113)","(-3.2909, 5.3679)","(15.8701, -8.9705)","(0.0882, 0.9381)","(10.8393, -6.4985)","(7.0636, 8.6951)","(-3.8522, -11.1077)","(1.5888, 0.8255)","(9.4462, -7.8051)","(11.2607, 12.194)","(-8.8214, 14.0133)","(-7.7042, 18.0808)","(-3.0536, 0.4579)"
2.280000000000000071e+01,"(9.3619, -3.5606)","(3.5192, -2.2226)","(1.9596, 2.4179)","(-0.7937, 1.2651)","(18.7113, -8.6408)","(-6.9551, 10.5095)","(-10.5043, 19.1754)","(0.9227, 0.9309)","(-6.4911, 10.2121)","(5.7628, -5.419)","(0.0851, 0.2309)","(4.3372, -3.049)","(13.3183, 15.8988)","(-2.189, -3.8859)","(0.9837, 0.9518)","(2.2028, -3.7608)","(10.7691, 10.2235)","(-10.4565, 18.7574)","(0.1746, 7.3447)","(-1.8161, -0.1477)"
2.290000000000000213e+01,"(18.6703, -7.3261)","(4.7806, -2.1933)","(4.2769, 5.3499)","(-1.8672, 2.8275)","(11.1263, -7.3632)","(-12.6631, 20.201)","(-3.4488, 11.3769)","(1.6339, 1.972)","(-10.6135, 17.3926)","(1.7225, -2.0305)","(0.1767, 0.237)","(2.0819, -1.2903)","(14.5399, 14.0357)","(-0.6451, -1.3405)","(1.6502, 1.9729)","(0.2613, -2.2986)","(7.6362, 6.3157)","(-4.1507, 12.1282)","(1.7572, 3.4217)","(-2.8608, -0.6656)"
2.300000000000000000e+01,"(19.8202, -9.9533)","(8.5072, -3.4744)","(9.5937, 11.9906)","(-4.5933, 6.8514)","(4.4773, -3.9262)","(-7.306, 17.2819)","(-0.4622, 4.4438)","(3.5838, 4.4885)","(-7.8712, 16.694)","(0.7135, -0.5872)","(0.4113, 0.5217)","(2.6133, -1.2734)","(7.7432, 4.2348)","(-0.1975, -1.2881)","(3.5464, 4.4253)","(-0.178, -3.4142)","(5.4272, 4.7766)","(-0.8369, 5.1243)","(3.1457, 3.8718)","(-5.8764, -1.5632)"
2.310000000000000142e+01,"(7.1476, -6.7135)","(15.1083, -6.1442)","(16.4083, 18.811)","(-10.549, 15.967)","(2.4995, -1.7552)","(-0.175, 7.0624)","(-0.1878, 1.3793)","(8.2987, 10.4523)","(-1.8964, 8.2931)","(1.0927, -0.4877)","(1.028, 1.3181)","(5.0233, -2.2741)","(2.7765, 0.82)","(-0.1617, -2.5444)","(8.1144, 10.2001)","(-0.3785, -6.5061)","(5.4562, 5.6442)","(-0.5138, 2.0072)","(5.4123, 6.441)","(-12.7873, -3.474)"
2.320000000000000284e+01,"(1.6292, -2.898)","(18.636, -8.7162)","(12.01, 8.7991)","(-12.5144, 22.4829)","(3.3333, -1.5498)","(1.1412, 2.7545)","(-0.4388, 0.9038)","(15.8833, 18.8494)","(-0.4744, 3.126)","(2.3716, -0.9126)","(2.7341, 3.5394)","(10.516, -4.686)","(0.815, 0.0195)","(-0.2597, -5.7168)","(15.58, 18.5278)","(-0.7303, -13.3131)","(7.4205, 8.3148)","(-1.023, 1.9046)","(9.595, 11.4103)","(-22.7032, -5.4954)"
2.330000000000000071e+01,"(0.1849, -1.7196)","(10.6303, -7.207)","(5.2437, 1.3938)","(-1.8189, 11.0553)","(6.2691, -2.5202)","(2.1695, 2.776)","(-1.0379, 1.6453)","(13.6573, 11.2357)","(-0.6111, 1.5675)","(5.5907, -2.0733)","(7.4115, 9.5985)","(19.2809, -8.7882)","(0.7333, -0.237)","(-0.5672, -13.2989)","(13.8469, 11.6815)","(-1.8392, -22.2234)","(10.513, 11.747)","(-2.2031, 3.4879)","(13.7403, 15.1153)","(-17.5601, -1.3611)"
2.340000000000000213e+01,"(-0.1318, -2.6736)","(4.241, -3.7533)","(2.6099, -0.4283)","(1.3539, 4.4293)","(12.4918, -4.8856)","(3.9335, 4.7447)","(-2.4203, 3.667)","(6.2814, 1.8963)","(-1.3402, 2.2428)","(13.3725, -4.9489)","(16.7942, 20.6895)","(17.5679, -9.2433)","(1.4508, -0.5466)","(-1.7627, -24.5808)","(6.4208, 2.1311)","(-3.8864, -16.7833)","(11.7472, 11.9156)","(-4.8688, 7.4493)","(11.0762, 9.2852)","(-6.5284, 1.6524)"
2.350000000000000000e+01,"(-0.2856, -5.3434)","(2.4326, -1.6794)","(3.3927, -1.2891)","(2.6637, 3.5747)","(20.0608, -8.4886)","(7.6094, 9.2625)","(-5.84, 8.745)","(3.1138, -0.439)","(-2.9331, 4.5379)","(23.8727, -9.801)","(15.3388, 12.6351)","(6.8614, -4.925)","(3.3879, -1.2546)","(-4.4435, -17.174)","(2.9552, -0.3028)","(-3.2988, -6.1308)","(9.0131, 7.6557)","(-10.0237, 15.532)","(5.7048, 3.5275)","(-1.9114, 1.2715)"
2.360000000000000142e+01,"(-0.5631, -11.6104)","(3.3478, -1.5381)","(6.1909, -2.4403)","(4.4846, 5.3196)","(14.5495, -8.6926)","(13.3218, 15.6064)","(-12.1307, 18.7693)","(3.8161, -1.4443)","(-6.553, 9.9795)","(13.5078, -9.3721)","(7.7495, 1.1397)","(2.0217, -1.8308)","(8.437, -3.0801)","(-3.98, -5.244)","(3.4294, -1.2679)","(-1.3165, -1.6839)","(5.8697, 4.7847)","(-11.2826, 20.5716)","(2.7411, 2.0163)","(-1.2252, 1.6777)"
2.370000000000000284e+01,"(-1.4754, -21.9385)","(6.3576, -2.5455)","(12.3001, -4.7994)","(7.8462, 9.3382)","(5.0623, -4.973)","(13.6239, 12.8417)","(-9.75, 20.0367)","(6.6639, -2.657)","(-11.9911, 19.0998)","(3.0863, -5.2934)","(5.8802, -1.6709)","(0.5644, -0.7138)","(19.3864, -7.2925)","(-2.7927, -1.4819)","(5.9826, -2.3765)","(-0.403, -0.3449)","(4.8758, 4.7166)","(-2.6347, 11.0053)","(2.6269, 2.7684)","(-1.9973, 3.1054)"
2.380000000000000071e+01,"(-3.8034, -19.61)","(12.7164, -4.9673)","(19.9902, -8.4187)","(12.5442, 14.3807)","(1.5109, -1.7724)","(7.3367, 4.2943)","(-0.5508, 8.6388)","(12.666, -5.0117)","(-8.0968, 17.8429)","(0.3433, -3.7444)","(7.5136, -3.1325)","(0.593, -0.9959)","(22.4836, -10.9668)","(-3.9572, -1.0797)","(11.6238, -4.5628)","(-0.3609, -0.1294)","(6.102, 6.7251)","(0.3142, 3.9275)","(4.3823, 5.2013)","(-4.1921, 6.4398)"
2.390000000000000213e+01,"(-3.9043, -7.0653)","(20.2368, -8.594)","(14.8464, -8.7646)","(12.7578, 12.1632)","(0.7131, -0.5351)","(2.7569, 1.2725)","(1.415, 3.5334)","(19.4483, -8.3542)","(-0.7387, 7.6774)","(-0.3291, -5.2867)","(11.1534, -4.7611)","(1.1949, -2.0593)","(6.7163, -7.5401)","(-6.9828, -1.774)","(19.2386, -8.0394)","(-0.7487, -0.2096)","(9.0577, 10.3232)","(0.8488, 1.6201)","(8.42, 10.221)","(-8.8113, 13.5817)"
2.400000000000000000e+01,"(-1.9675, -1.8354)","(14.2391, -8.6425)","(5.1957, -5.0703)","(7.5653, 5.1753)","(1.2029, -0.5197)","(1.0734, 0.7976)","(2.6538, 3.3967)","(14.1267, -8.4151)","(0.6704, 2.594)","(-0.6333, -9.1628)","(15.266, -6.805)","(2.796, -4.7802)","(1.163, -4.4606)","(-13.2281, -3.3968)","(15.7312, -8.8476)","(-1.7884, -0.5069)","(11.9636, 12.952)","(1.6516, 2.0684)","(14.0007, 16.1224)","(-11.9969, 20.6501)"
2.410000000000000142e+01,"(-1.7467, -0.6527)","(4.8571, -4.8685)","(1.5392, -1.8236)","(3.6173, 2.4262)","(2.6382, -1.0087)","(1.2884, 1.4556)","(4.5861, 5.4694)","(5.329, -4.876)","(1.3306, 1.8695)","(-1.1681, -16.1271)","(14.2865, -7.4831)","(6.7261, -11.4803)","(-0.1784, -5.0627)","(-20.6364, -4.6617)","(5.9645, -5.4049)","(-4.6052, -1.3332)","(10.7898, 9.8883)","(3.262, 4.0065)","(12.7652, 11.3196)","(-4.1788, 13.0792)"
2.420000000000000284e+01,"(-3.0402, -0.8071)","(1.4072, -1.7036)","(0.6827, -0.5334)","(2.6601, 2.5652)","(6.2577, -2.3163)","(2.557, 3.1462)","(8.3229, 9.9791)","(2.0032, -1.8778)","(2.5114, 3.0639)","(-2.5013, -20.2959)","(8.8675, -5.7227)","(12.4612, -22.0023)","(-0.5972, -7.9551)","(-16.321, -1.4798)","(1.9756, -2.0891)","(-12.0869, -3.5051)","(7.0013, 5.4623)","(6.9522, 8.6361)","(6.4602, 3.5521)","(-0.0261, 4.9767)"
2.430000000000000071e+01,"(-6.2207, -1.6683)","(0.6016, -0.4793)","(1.1167, -0.4877)","(3.8823, 4.4858)","(14.7937, -5.4979)","(5.7471, 7.2186)","(13.2763, 15.1577)","(1.72, -0.9564)","(5.0747, 6.2516)","(-3.5388, -12.4707)","(5.8107, -3.6842)","(7.2526, -16.2795)","(-1.0122, -13.5893)","(-7.1604, 0.805)","(1.1768, -0.7805)","(-25.5939, -6.6984)","(4.7048, 4.0797)","(13.578, 16.3327)","(2.3366, 1.1197)","(0.5707, 1.6175)"
2.440000000000000213e+01,"(-13.3893, -3.6229)","(0.9885, -0.4313)","(2.447, -0.937)","(7.1655, 8.6441)","(24.1167, -10.2404)","(12.4271, 15.3366)","(12.5231, 11.4357)","(3.1417, -1.2973)","(10.4284, 12.7894)","(-2.2716, -5.3478)","(6.0719, -3.079)","(1.3364, -6.4928)","(-1.9863, -19.3311)","(-2.7355, 0.3323)","(2.0134, -0.8603)","(-19.0464, -1.016)","(4.9121, 5.1733)","(14.8962, 14.3344)","(1.0634, 0.8871)","(1.1255, 1.493)"
2.450000000000000000e+01,"(-22.907, -5.423)","(2.1852, -0.8349)","(5.8079, -2.1494)","(12.5803, 14.7904)","(11.4652, -8.8496)","(16.4515, 17.1073)","(6.8502, 4.3075)","(6.6461, -2.5535)","(15.6825, 17.3087)","(-0.8718, -2.9942)","(8.8891, -3.9045)","(-0.0714, -3.7578)","(-3.2717, -15.3825)","(-1.9954, -0.2481)","(4.2865, -1.6494)","(-6.613, 3.3068)","(7.1625, 8.183)","(7.7323, 3.91)","(1.4824, 1.7173)","(2.2229, 2.7338)"
2.460000000000000142e+01,"(-16.6805, -1.026)","(5.229, -1.9305)","(13.8932, -5.1431)","(13.8644, 13.5987)","(2.4918, -4.8559)","(9.1618, 4.8789)","(2.9936, 1.8958)","(14.2434, -5.4463)","(10.8033, 7.7337)","(-0.4526, -3.8757)","(13.6174, -5.8384)","(-0.551, -5.086)","(-2.7248, -7.5739)","(-3.384, -0.8175)","(9.7391, -3.6528)","(-3.4385, 4.2737)","(10.825, 12.3083)","(2.8135, 0.5059)","(3.0284, 3.745)","(4.7728, 5.9499)"
2.470000000000000284e+01,"(-6.126, 1.6026)","(12.7546, -4.693)","(24.1016, -10.0019)","(8.0287, 5.1437)","(0.2086, -3.7967)","(3.7648, 0.3931)","(2.1435, 2.0777)","(22.0373, -9.4923)","(4.5532, 1.6561)","(-0.4855, -7.1785)","(16.2248, -7.6678)","(-0.9922, -8.7205)","(-1.275, -4.1621)","(-7.0369, -1.8826)","(19.8229, -7.7387)","(-3.9078, 6.34)","(12.4014, 12.6326)","(1.5274, -0.3478)","(6.825, 8.5679)","(10.387, 12.889)"
2.480000000000000071e+01,"(-1.7602, 1.1598)","(23.909, -9.6521)","(12.7178, -9.2008)","(3.2815, 1.7024)","(-0.3681, -5.5824)","(2.8047, -0.8266)","(3.2702, 3.8214)","(12.2297, -8.5023)","(1.4271, 0.125)","(-0.8467, -14.1055)","(11.5907, -6.9218)","(-1.7716, -15.4541)","(-0.6468, -4.5466)","(-14.9905, -4.0281)","(19.5726, -10.1766)","(-6.0062, 9.9074)","(9.0484, 7.3631)","(2.3527, -0.8958)","(13.993, 17.0009)","(16.3644, 18.268)"
2.490000000000000213e+01,"(-1.1111, 1.5138)","(14.4844, -9.6813)","(2.8333, -5.1586)","(1.5123, 1.2108)","(-0.6714, -9.8181)","(4.3739, -1.728)","(6.3386, 7.734)","(3.301, -4.3721)","(1.0273, -0.3022)","(-2.0253, -21.8554)","(6.4951, -4.4846)","(-2.7904, -20.3424)","(-0.609, -7.6564)","(-23.3958, -5.2045)","(6.2046, -6.5693)","(-8.6126, 14.6358)","(5.3272, 4.0505)","(4.8001, -1.8384)","(15.3751, 14.6821)","(11.0531, 7.595)"
2.500000000000000000e+01,"(-1.829, 2.8351)","(3.3013, -5.6273)","(0.2793, -3.8436)","(1.8907, 2.1385)","(-1.2709, -17.0374)","(8.3625, -3.2809)","(12.0491, 14.4685)","(0.5591, -1.8301)","(1.8541, -0.7046)","(-3.8176, -15.4979)","(5.0787, -2.949)","(-2.8454, -13.4003)","(-0.9562, -13.9862)","(-14.5443, -0.197)","(1.2126, -3.0617)","(-7.7168, 15.2803)","(4.0862, 3.873)","(10.6448, -4.0165)","(7.7395, 3.4159)","(4.6544, 1.2265)"
2.510000000000000142e+01,"(-3.8903, 5.9581)","(0.3669, -4.055)","(-0.3572, -5.5193)","(3.6508, 4.465)","(-2.7045, -19.9572)","(15.8816, -6.3082)","(14.893, 15.2758)","(-0.0332, -2.0394)","(4.109, -1.5421)","(-2.979, -5.8879)","(6.6524, -3.0721)","(-1.7033, -5.9762)","(-2.0389, -20.5359)","(-5.0936, 1.5681)","(0.0248, -2.8342)","(-3.7751, 10.1239)","(5.2357, 5.8335)","(20.4916, -8.1501)","(3.1566, 0.0831)","(2.1864, -0.3355)"
2.520000000000000284e+01,"(-8.4035, 12.875)","(-0.3613, -5.6453)","(-0.6652, -9.5836)","(7.8101, 9.6977)","(-3.5037, -11.3547)","(19.8294, -9.2538)","(8.896, 5.6854)","(-0.2104, -3.7742)","(9.7579, -3.6104)","(-1.0894, -1.9022)","(10.6741, -4.5128)","(-0.7241, -3.1218)","(-3.5307, -15.287)","(-1.4742, 1.1096)","(-0.292, -4.7153)","(-2.1638, 5.9856)","(8.3716, 9.748)","(17.9338, -9.8413)","(2.8366, -0.9392)","(2.8575, -1.0739)"
2.530000000000000071e+01,"(-12.364, 20.8286)","(-0.6863, -9.5731)","(-1.2371, -16.6247)","(14.5696, 17.2678)","(-2.064, -4.8263)","(9.9501, -7.3134)","(3.5018, 1.4122)","(-0.3966, -8.0488)","(20.5712, -7.9508)","(-0.2764, -1.0555)","(15.8788, -6.8804)","(-0.5299, -3.7509)","(-2.7935, -6.6421)","(-1.1297, 1.6078)","(-0.5328, -9.2068)","(-2.5851, 5.2135)","(12.3083, 13.7794)","(5.5323, -6.0475)","(4.7037, -1.8614)","(5.3596, -2.0932)"
2.540000000000000213e+01,"(-4.7631, 13.9805)","(-1.2459, -16.3248)","(-2.6148, -20.002)","(13.9493, 12.482)","(-0.7763, -2.9227)","(3.226, -3.4751)","(0.9767, 0.4052)","(-0.8967, -17.0591)","(19.8174, -10.4526)","(-0.1487, -1.8162)","(15.4296, -7.9607)","(-0.778, -6.8411)","(-1.1327, -3.0188)","(-1.9841, 3.0744)","(-1.1195, -17.6373)","(-4.2615, 7.265)","(11.8886, 11.1516)","(1.0875, -2.6402)","(9.2146, -3.5966)","(11.1074, -4.275)"
2.550000000000000000e+01,"(0.0015, 5.398)","(-2.5568, -19.7114)","(-3.4962, -11.8206)","(6.7563, 3.0041)","(-0.4347, -4.067)","(1.1152, -1.0984)","(0.4461, 0.4049)","(-2.6317, -23.9151)","(5.7124, -6.6874)","(-0.1962, -3.9413)","(8.7822, -5.9589)","(-1.4641, -13.448)","(-0.4673, -3.0338)","(-4.2953, 6.5614)","(-2.8016, -21.7841)","(-7.1493, 11.7528)","(7.3377, 5.3507)","(0.0383, -2.3405)","(17.1999, -6.8803)","(19.8508, -8.085)"
2.560000000000000142e+01,"(0.7492, 1.8956)","(-3.4255, -12.0753)","(-2.142, -5.1155)","(2.3983, 0.2754)","(-0.4999, -7.6726)","(1.1152, -0.5783)","(0.7543, 0.907)","(-4.3891, -11.993)","(0.9926, -3.5856)","(-0.3829, -9.2184)","(4.931, -3.4312)","(-2.6474, -21.5033)","(-0.4004, -5.3683)","(-9.1605, 14.0762)","(-3.9266, -11.0982)","(-9.3231, 16.2987)","(4.108, 3.1721)","(-0.2332, -3.9763)","(19.1521, -9.3788)","(16.8521, -9.3421)"
2.570000000000000284e+01,"(1.4655, 1.9026)","(-2.1639, -5.4654)","(-0.8274, -3.0794)","(1.6378, -0.4614)","(-0.9097, -15.0331)","(2.2477, -0.8968)","(1.6941, 2.1324)","(-2.8258, -3.558)","(-0.1172, -4.0577)","(-1.0223, -20.1184)","(4.7861, -2.5172)","(-3.1846, -16.4361)","(-0.6175, -10.7903)","(-12.1109, 21.0276)","(-2.2377, -3.7483)","(-6.2166, 13.9023)","(3.6942, 3.7573)","(-0.4358, -8.0092)","(8.4406, -6.7718)","(5.7799, -5.7075)"
2.580000000000000071e+01,"(2.8249, 3.4548)","(-0.8868, -3.4772)","(-0.4604, -4.1892)","(2.7286, -1.0515)","(-2.2209, -22.1117)","(5.06, -1.905)","(4.1676, 5.3238)","(-1.6468, -0.916)","(-0.46, -6.7153)","(-3.3486, -23.7938)","(7.3095, -3.1741)","(-2.1302, -6.7443)","(-1.3769, -19.8229)","(-3.6733, 12.5843)","(-0.6557, -1.1031)","(-2.5239, 7.8991)","(5.467, 6.304)","(-0.9192, -16.3209)","(2.6029, -2.9765)","(1.4314, -2.1685)"
2.590000000000000213e+01,"(5.9053, 7.317)","(-0.5193, -4.7232)","(-0.5203, -7.803)","(5.6811, -2.1697)","(-3.8948, -14.2657)","(11.82, -4.4003)","(10.2447, 13.0101)","(-2.4113, -0.6813)","(-0.8081, -12.386)","(-4.687, -9.0333)","(12.3853, -5.1234)","(-0.794, -2.2567)","(-3.3136, -20.1987)","(0.2161, 4.6802)","(-0.1533, -0.7217)","(-1.7992, 4.7095)","(9.3143, 10.9835)","(-2.4813, -23.1009)","(0.85, -0.8684)","(0.2223, -0.7355)"
2.600000000000000000e+01,"(12.0016, 14.6323)","(-0.5943, -8.6175)","(-0.9348, -15.1004)","(12.4881, -4.7299)","(-2.7807, -5.2405)","(22.4142, -8.9875)","(17.8631, 20.4183)","(-4.6316, -1.2231)","(-1.7122, -19.9233)","(-3.0733, -2.4521)","(17.4601, -7.7282)","(-0.2416, -1.113)","(-3.7427, -8.7286)","(0.8678, 1.8175)","(-0.0956, -1.4025)","(-2.6676, 4.9516)","(13.3237, 14.6931)","(-4.1597, -12.7802)","(0.8666, -0.4445)","(-0.0103, -0.8465)"
2.610000000000000142e+01,"(15.704, 16.3842)","(-1.0686, -16.0154)","(-2.2413, -21.8968)","(21.8133, -8.9849)","(-0.9538, -1.6624)","(16.0664, -9.7656)","(11.6268, 7.2169)","(-9.8617, -2.6693)","(-3.3675, -17.4567)","(-3.3902, -1.1005)","(13.7883, -7.8437)","(-0.222, -1.8222)","(-1.7909, -2.7453)","(1.6825, 2.126)","(-0.1422, -3.1941)","(-4.7454, 7.8146)","(11.2399, 9.737)","(-2.7077, -4.1363)","(1.8032, -0.7127)","(-0.0805, -1.736)"
2.620000000000000284e+01,"(9.2299, 5.5836)","(-2.4565, -21.2689)","(-3.8492, -14.1326)","(14.8678, -9.2339)","(-0.239, -0.9892)","(4.1594, -5.6759)","(5.5233, 0.4005)","(-19.5089, -5.0386)","(-3.1666, -7.9168)","(-5.5829, -1.4117)","(6.6826, -5.0464)","(-0.4087, -3.9173)","(-0.4687, -0.7385)","(3.259, 3.9875)","(-0.2916, -7.8089)","(-8.1306, 13.2292)","(6.1178, 4.0245)","(-1.0226, -0.9806)","(4.1491, -1.5517)","(-0.1631, -4.0773)"
2.630000000000000071e+01,"(3.5794, 0.9673)","(-3.7408, -12.8407)","(-2.7262, -5.2945)","(4.171, -5.1578)","(-0.1368, -1.7745)","(0.6393, -3.154)","(4.5669, -1.4459)","(-21.5461, -3.4621)","(-1.4071, -3.2579)","(-10.3792, -2.6598)","(3.8421, -2.6492)","(-0.9098, -9.1055)","(-0.0983, -0.4677)","(6.8203, 8.4438)","(-0.7876, -18.3922)","(-9.6027, 17.2704)","(3.1802, 2.4339)","(-0.7704, -0.3069)","(10.0267, -3.6942)","(-0.3664, -10.1223)"
2.640000000000000213e+01,"(1.4044, -0.1481)","(-2.4247, -4.9944)","(-0.9357, -1.8072)","(0.7418, -2.2431)","(-0.1882, -3.9018)","(-0.1731, -3.9996)","(6.5743, -2.6906)","(-9.5801, 1.1956)","(-0.5064, -2.5524)","(-18.1951, -4.445)","(4.4047, -2.1633)","(-2.0693, -19.826)","(-0.0607, -0.954)","(13.2398, 15.92)","(-2.9086, -26.0725)","(-4.925, 12.5281)","(3.1021, 3.2641)","(-1.4317, -0.3943)","(21.1754, -8.1868)","(-1.1283, -22.4234)"
2.650000000000000000e+01,"(1.7557, -0.6367)","(-0.8282, -2.1372)","(-0.2666, -1.3406)","(-0.0253, -2.3628)","(-0.3743, -9.2172)","(-0.4572, -6.9396)","(11.0444, -4.5284)","(-2.9735, 1.2922)","(-0.3544, -4.2521)","(-19.6437, -3.1589)","(7.4361, -3.1064)","(-3.531, -23.7999)","(-0.0935, -2.2345)","(14.9197, 14.5791)","(-5.0771, -10.7036)","(-1.7251, 6.3215)","(5.0261, 5.9209)","(-3.1686, -0.8763)","(19.4008, -10.4849)","(-3.9171, -22.8281)"
2.660000000000000142e+01,"(3.4456, -1.3226)","(-0.3254, -2.3598)","(-0.1799, -2.4641)","(-0.2459, -4.214)","(-1.0157, -20.2695)","(-0.825, -13.1493)","(16.8094, -7.2138)","(-1.0388, 1.082)","(-0.4903, -8.5475)","(-10.2436, 0.3828)","(13.307, -5.3973)","(-3.1771, -9.8176)","(-0.1947, -5.6258)","(7.9598, 4.272)","(-3.8262, -2.989)","(-1.4358, 3.6847)","(9.2137, 11.0529)","(-7.6282, -2.1591)","(5.2987, -6.6189)","(-4.9436, -7.4122)"
2.670000000000000284e+01,"(7.6857, -2.8895)","(-0.2976, -4.4694)","(-0.2618, -5.3731)","(-0.4562, -8.701)","(-3.3843, -23.8971)","(-1.8474, -20.815)","(15.5061, -8.1978)","(-1.2404, 1.8781)","(-1.0083, -17.0268)","(-4.0553, 0.564)","(18.5952, -8.2707)","(-1.9439, -3.4057)","(-0.5013, -14.272)","(2.8913, 0.6913)","(-4.3025, -1.3683)","(-2.4326, 4.3315)","(14.0003, 15.6846)","(-17.7768, -4.9238)","(0.8653, -3.788)","(-3.8088, -2.1591)"
2.680000000000000071e+01,"(16.6929, -6.3664)","(-0.4852, -9.5082)","(-0.5403, -12.3123)","(-1.0112, -17.6539)","(-4.7434, -8.9276)","(-3.5727, -16.6206)","(7.9249, -5.7544)","(-2.4664, 3.7967)","(-2.6501, -22.6239)","(-2.1437, -0.0898)","(12.9264, -7.8557)","(-2.2055, -2.6002)","(-1.9139, -26.9967)","(1.1875, -0.1683)","(-6.7495, -1.6628)","(-4.6264, 7.447)","(11.6811, 9.919)","(-25.4259, -5.1898)","(-0.1843, -4.5506)","(-5.0435, -1.3799)"
2.690000000000000213e+01,"(22.3402, -10.2069)","(-1.1268, -19.1251)","(-1.5765, -23.5049)","(-2.7848, -22.9539)","(-3.1834, -2.4336)","(-3.0796, -6.9672)","(4.085, -3.013)","(-5.5206, 8.3866)","(-4.0831, -11.8915)","(-2.9847, -0.6501)","(5.4475, -4.571)","(-3.7043, -4.0599)","(-5.0712, -15.6757)","(1.6177, -0.5945)","(-11.7137, -2.9001)","(-8.4366, 13.4874)","(5.8802, 3.4082)","(-11.6808, 1.4611)","(-0.5301, -7.5168)","(-8.1795, -1.9999)"
2.700000000000000000e+01,"(9.2143, -7.7947)","(-3.1294, -22.3943)","(-4.1788, -18.719)","(-4.1967, -11.243)","(-3.6312, -1.1467)","(-1.2458, -2.6448)","(3.982, -2.0958)","(-11.0807, 17.2662)","(-2.4874, -3.8718)","(-5.8706, -1.5312)","(2.8163, -2.0797)","(-6.9201, -7.6078)","(-4.6965, -4.4523)","(3.2812, -1.2516)","(-18.3764, -4.2088)","(-10.2673, 18.2758)","(2.4327, 1.5442)","(-3.9508, 2.5774)","(-0.9275, -13.5144)","(-14.001, -3.4195)"
2.710000000000000142e+01,"(2.081, -3.789)","(-4.1865, -9.7142)","(-4.0449, -6.0448)","(-2.4954, -3.4396)","(-5.9607, -1.4981)","(-0.4037, -1.9759)","(6.4234, -2.7399)","(-10.2308, 19.9464)","(-0.8343, -0.941)","(-12.4232, -3.3392)","(3.3298, -1.6215)","(-12.4234, -13.5311)","(-4.7303, -1.7129)","(7.4871, -2.7972)","(-17.5268, -2.4125)","(-4.6436, 12.5849)","(1.8881, 1.8969)","(-2.496, 3.4352)","(-1.9466, -20.128)","(-19.3082, -4.019)"
2.720000000000000284e+01,"(0.2173, -2.557)","(-2.309, -2.7879)","(-2.5088, -1.6042)","(-1.0673, -0.7929)","(-10.9547, -2.7896)","(-0.2721, -3.4022)","(11.6286, -4.7009)","(-1.5412, 9.4378)","(-0.3329, -0.1977)","(-21.9557, -5.3167)","(6.018, -2.4595)","(-14.3662, -14.5207)","(-6.9161, -1.6894)","(16.6397, -6.303)","(-9.3784, 0.1909)","(-1.1742, 5.6835)","(3.0799, 3.6491)","(-3.479, 5.5808)","(-3.4342, -15.8206)","(-14.7586, -1.2766)"
2.730000000000000071e+01,"(-0.2191, -3.884)","(-1.2909, -0.7017)","(-3.262, -0.9506)","(-1.2549, -0.4001)","(-18.5834, -4.4541)","(-0.3796, -7.0816)","(18.0665, -7.7163)","(0.6256, 3.2857)","(-0.5147, -0.1536)","(-17.9604, -1.6826)","(11.7825, -4.6355)","(-8.2601, -6.8399)","(-11.2365, -2.6986)","(22.8299, -10.34)","(-4.5405, 0.1415)","(-0.813, 2.5992)","(6.195, 7.6162)","(-6.151, 9.8346)","(-2.8615, -7.1569)","(-7.3623, 0.307)"
2.740000000000000213e+01,"(-0.4371, -7.3618)","(-1.9574, -0.5544)","(-5.7344, -1.4674)","(-2.4466, -0.6595)","(-18.8967, -2.8183)","(-0.7784, -15.0942)","(15.2207, -8.4114)","(1.3066, 1.9694)","(-1.1461, -0.3201)","(-7.0026, 1.4412)","(19.3607, -8.1165)","(-3.4157, -2.4927)","(-17.1123, -3.8662)","(9.2742, -7.9455)","(-3.8332, -0.536)","(-1.4997, 2.7337)","(12.1557, 14.6989)","(-9.7007, 16.0416)","(-1.2247, -3.3509)","(-4.1118, -0.1269)"
2.750000000000000000e+01,"(-0.852, -14.6572)","(-3.8966, -1.043)","(-11.1776, -2.9169)","(-5.4502, -1.506)","(-9.6728, 0.4155)","(-2.191, -23.7541)","(6.7308, -5.408)","(2.4425, 2.9817)","(-2.8297, -0.8093)","(-2.005, 1.0068)","(15.4945, -8.8063)","(-1.4963, -1.2883)","(-17.3976, -2.6596)","(2.0161, -3.9882)","(-5.9904, -1.3891)","(-3.0817, 4.9034)","(15.2656, 15.7062)","(-8.1467, 16.4697)","(-0.5213, -3.3208)","(-4.5915, -0.8529)"
2.760000000000000142e+01,"(-2.1309, -22.3374)","(-8.6204, -2.3691)","(-19.6337, -4.7795)","(-12.6798, -3.533)","(-3.9666, 0.4454)","(-4.2708, -14.4279)","(3.0388, -2.4666)","(4.8043, 5.8886)","(-7.3872, -2.145)","(-0.812, 0.9444)","(5.811, -5.3189)","(-1.8058, -1.8979)","(-10.49, -0.2465)","(0.1692, -3.0242)","(-11.1452, -2.8333)","(-6.4369, 9.97)","(8.9384, 5.4855)","(-2.8002, 9.3186)","(-0.4434, -5.749)","(-7.7932, -1.8921)"
2.770000000000000284e+01,"(-3.9358, -14.8249)","(-18.3199, -4.8927)","(-19.1319, -2.6423)","(-23.8361, -5.924)","(-2.4714, -0.2049)","(-3.1331, -4.6002)","(2.8942, -1.542)","(9.7701, 11.9715)","(-18.402, -5.2124)","(-1.1416, 1.7411)","(1.9194, -2.0339)","(-3.4875, -3.8449)","(-5.7217, -0.0463)","(-0.2849, -4.64)","(-18.9459, -4.5369)","(-11.1727, 18.027)","(3.4359, 1.1321)","(-1.1355, 4.3166)","(-0.6745, -11.3095)","(-14.2492, -3.581)"
2.780000000000000071e+01,"(-2.9196, -5.3596)","(-23.3945, -4.3732)","(-8.8726, 0.8105)","(-17.9251, -1.1734)","(-3.6896, -0.834)","(-1.4943, -1.1145)","(4.9762, -2.083)","(15.3319, 17.2139)","(-26.7752, -5.4698)","(-2.4034, 3.6712)","(1.1589, -0.7623)","(-7.4856, -8.3374)","(-4.987, -0.7073)","(-0.5354, -8.6344)","(-18.7944, -2.6973)","(-8.1665, 17.4092)","(0.994, 0.0838)","(-1.4397, 3.1003)","(-1.4821, -20.0079)","(-20.4616, -4.3612)"
2.790000000000000213e+01,"(-1.0347, -1.562)","(-10.9182, 1.1507)","(-3.1093, 0.6537)","(-6.3142, 2.1679)","(-7.2507, -1.8919)","(-1.7468, -0.5545)","(9.7699, -3.8434)","(11.4709, 8.8283)","(-11.3176, 2.1319)","(-5.5599, 8.3902)","(2.0016, -0.8524)","(-14.4404, -15.8254)","(-7.3311, -1.6405)","(-1.0515, -16.3005)","(-9.3294, 0.5264)","(-1.4396, 8.1109)","(0.7059, -0.207)","(-2.7392, 4.575)","(-3.3646, -19.3286)","(-14.8564, -1.0381)"
2.800000000000000000e+01,"(-0.2215, -0.5672)","(-3.4789, 1.7227)","(-1.2524, 0.0339)","(-2.297, 2.2038)","(-14.7773, -3.8999)","(-3.2677, -0.8672)","(17.7004, -7.1604)","(5.0642, 2.117)","(-4.2804, 3.5533)","(-11.4212, 17.7074)","(4.2745, -1.6428)","(-14.6774, -14.3485)","(-12.5854, -3.0692)","(-2.5097, -21.6072)","(-3.7028, 0.4732)","(0.0204, 2.6679)","(1.3235, -0.498)","(-5.4366, 8.5732)","(-3.5676, -8.3802)","(-6.6098, 0.6512)"
2.810000000000000142e+01,"(-0.0819, -0.8544)","(-1.553, 1.846)","(-1.6363, -0.3482)","(-2.2516, 3.4283)","(-22.5089, -4.9487)","(-6.9888, -1.9012)","(18.3416, -9.2599)","(1.5335, 0.3446)","(-3.3577, 5.0237)","(-10.2666, 20.2184)","(9.736, -3.6489)","(-6.9202, -4.972)","(-18.8102, -4.1613)","(-3.824, -12.5713)","(-2.2169, -0.1691)","(0.106, 0.6462)","(3.0306, -1.127)","(-9.7537, 15.6239)","(-1.6362, -2.7916)","(-2.9582, 0.118)"
2.820000000000000284e+01,"(-0.0932, -1.8916)","(-2.0362, 3.1646)","(-3.3556, -0.8891)","(-3.8334, 6.0769)","(-14.6772, -0.4727)","(-15.2197, -4.126)","(7.8263, -6.4293)","(0.5142, -0.0545)","(-4.6686, 7.6794)","(-1.1917, 9.2345)","(19.858, -7.7477)","(-2.5044, -1.2865)","(-16.4666, -1.9592)","(-2.4211, -4.6701)","(-3.3299, -0.7555)","(0.1493, 0.2562)","(7.4895, -2.7388)","(-9.6262, 18.3314)","(-0.4283, -1.1029)","(-2.9308, -0.5026)"
2.830000000000000071e+01,"(-0.1747, -4.5758)","(-3.9258, 6.1154)","(-7.6522, -2.1234)","(-7.2874, 11.4854)","(-5.4425, 1.2718)","(-23.8882, -5.3187)","(2.503, -2.7527)","(0.6881, -0.2448)","(-7.3324, 12.1254)","(0.9359, 3.3766)","(19.5943, -10.1926)","(-1.5849, -0.445)","(-8.5776, 0.2427)","(-0.7835, -1.7663)","(-6.634, -1.7414)","(0.3345, 0.4268)","(17.6541, -6.5811)","(-2.9563, 10.342)","(-0.1633, -1.4614)","(-5.1853, -1.2834)"
2.840000000000000213e+01,"(-0.408, -11.484)","(-7.957, 12.3621)","(-17.114, -4.6727)","(-10.7908, 18.1409)","(-1.4772, 0.6361)","(-14.3157, 0.0125)","(1.0282, -0.8688)","(1.4892, -0.5567)","(-8.9815, 15.9856)","(1.8679, 2.5721)","(6.1812, -6.5764)","(-2.6275, -0.56)","(-4.3994, 0.0193)","(-0.2656, -1.7487)","(-13.8809, -3.7081)","(0.787, 0.9992)","(23.8384, -10.9141)","(-0.5786, 4.092)","(-0.1699, -3.0398)","(-10.5081, -2.778)"
2.850000000000000000e+01,"(-1.36, -24.3635)","(-11.5879, 19.5684)","(-24.6157, -5.0902)","(-6.4991, 15.112)","(-0.3947, 0.3564)","(-4.8892, 1.7384)","(1.393, -0.6476)","(3.6352, -1.3317)","(-5.8383, 13.2463)","(3.3566, 4.0477)","(1.2001, -3.0859)","(-5.3692, -1.1429)","(-4.2057, -0.6784)","(-0.2223, -3.3489)","(-22.646, -5.2123)","(1.9988, 2.569)","(8.2128, -8.0615)","(-0.4813, 1.644)","(-0.3009, -6.9877)","(-19.5315, -4.8951)"
2.860000000000000142e+01,"(-4.3982, -20.3915)","(-5.4896, 14.3691)","(-12.2341, 0.9731)","(-1.4741, 7.1095)","(-0.4244, 0.6197)","(-1.6043, 1.4668)","(2.9015, -1.1337)","(9.2981, -3.3717)","(-2.6259, 7.7758)","(6.4003, 7.7809)","(0.0174, -2.8992)","(-11.7982, -2.5381)","(-6.8086, -1.6107)","(-0.3531, -7.3155)","(-15.9178, -0.8466)","(5.3148, 6.872)","(1.5423, -4.6103)","(-1.0387, 1.8408)","(-0.7135, -16.0596)","(-20.2829, -3.0436)"
2.870000000000000284e+01,"(-4.8451, -6.1434)","(-0.6604, 5.9717)","(-4.0008, 2.0667)","(-0.5418, 2.7384)","(-0.9005, 1.3608)","(-1.5621, 2.3349)","(6.6145, -2.4782)","(21.1334, -7.9913)","(-2.104, 5.0963)","(11.8524, 14.1532)","(-0.3008, -4.8252)","(-22.1526, -4.5201)","(-12.5457, -3.1711)","(-0.7851, -16.0509)","(-5.9245, 1.4207)","(13.216, 16.7377)","(-0.0742, -4.7524)","(-2.2689, 3.5494)","(-2.3673, -25.5465)","(-9.2673, 0.9617)"
2.880000000000000071e+01,"(-4.0542, -1.9249)","(0.0514, 1.7728)","(-1.9432, 2.3916)","(-0.8678, 1.8518)","(-2.2107, 3.2933)","(-2.8295, 4.4131)","(15.0235, -5.6486)","(21.055, -10.9999)","(-3.1198, 5.6896)","(14.5826, 14.9795)","(-0.547, -9.3975)","(-19.2139, -2.5705)","(-19.8248, -4.5302)","(-2.3877, -24.5641)","(-1.6304, 0.8634)","(18.1694, 18.8234)","(-0.542, -7.3104)","(-5.1042, 7.7702)","(-4.7428, -13.2661)","(-3.0114, 0.914)"
2.890000000000000213e+01,"(-5.659, -1.4659)","(0.0503, 0.3928)","(-2.5372, 3.9885)","(-1.8503, 3.011)","(-5.6597, 8.3739)","(-5.9333, 9.1386)","(23.3283, -10.0686)","(5.4752, -7.2393)","(-5.364, 8.8733)","(8.9599, 5.9799)","(-1.1517, -17.8477)","(-7.6168, 0.2355)","(-17.0091, -1.9001)","(-4.4964, -13.2403)","(-0.7036, 0.8469)","(9.5506, 3.5222)","(-0.9185, -12.5551)","(-10.514, 16.2896)","(-3.5515, -3.7914)","(-0.7219, 0.3043)"
2.900000000000000000e+01,"(-9.2341, -2.2461)","(0.0423, 0.0983)","(-4.7045, 7.4041)","(-4.0156, 6.1916)","(-12.5314, 19.1314)","(-10.9361, 17.3812)","(11.1964, -8.557)","(0.8241, -4.7782)","(-8.534, 14.1506)","(3.6803, 1.7261)","(-2.8522, -21.5696)","(-2.5699, 0.5278)","(-8.0053, 0.6117)","(-3.1746, -3.9274)","(-1.0506, 1.602)","(5.606, -0.8105)","(-1.7802, -18.9326)","(-10.9994, 20.5416)","(-3.0034, -1.245)","(-0.1441, 0.0942)"
2.910000000000000142e+01,"(-15.3211, -3.6659)","(0.0941, 0.1243)","(-8.7889, 13.9204)","(-8.5339, 13.1334)","(-10.2697, 20.981)","(-9.1882, 18.5377)","(2.574, -4.4658)","(-0.3258, -5.922)","(-8.7333, 16.4718)","(1.294, 0.8177)","(-3.8913, -10.8413)","(-2.0483, 0.8339)","(-3.3539, 0.2818)","(-2.0691, -1.0727)","(-2.2677, 3.4501)","(6.2827, -2.4527)","(-3.166, -16.695)","(-2.0889, 10.3356)","(-4.6263, -1.1981)","(-0.0845, 0.112)"
2.920000000000000284e+01,"(-19.0311, -3.6221)","(0.2294, 0.2933)","(-10.5765, 18.8789)","(-12.1233, 20.6208)","(-0.0956, 8.8883)","(-1.7118, 8.9328)","(0.2889, -2.9939)","(-0.7297, -9.2872)","(-4.187, 11.1741)","(1.1859, 1.2703)","(-2.1732, -3.6782)","(-3.4903, 1.5653)","(-2.6351, -0.3502)","(-3.0716, -0.8454)","(-5.3482, 8.0391)","(9.2449, -3.9016)","(-2.9492, -8.4568)","(0.5239, 3.6471)","(-8.3763, -2.1355)","(-0.1734, 0.2579)"
2.930000000000000071e+01,"(-13.0349, -0.7596)","(0.5973, 0.7709)","(-4.2102, 12.2656)","(-4.578, 13.6159)","(2.1416, 4.2849)","(0.1283, 2.9967)","(-0.2525, -4.3709)","(-1.2302, -15.097)","(-1.8495, 5.9518)","(2.2063, 2.6836)","(-0.6269, -1.1346)","(-7.1322, 3.1784)","(-4.3546, -1.0395)","(-5.7561, -1.5009)","(-11.3313, 17.449)","(13.9659, -5.9825)","(-1.4492, -4.3137)","(1.1721, 1.8989)","(-15.5072, -3.9209)","(-0.4422, 0.653)"
2.940000000000000213e+01,"(-6.5434, 0.2175)","(1.6416, 2.1367)","(-0.7993, 5.1469)","(-0.0843, 5.2552)","(3.7375, 4.5825)","(0.3363, 0.8946)","(-0.504, -7.9785)","(-2.3171, -18.8603)","(-1.9321, 4.2798)","(4.8514, 6.0737)","(-0.1614, -0.8861)","(-14.7642, 6.5929)","(-8.7346, -2.3004)","(-11.7606, -3.1252)","(-10.7841, 20.8166)","(16.0827, -7.7012)","(-0.6782, -4.181)","(2.2104, 2.7142)","(-20.932, -4.2314)","(-1.2045, 1.761)"
2.950000000000000000e+01,"(-4.262, -0.3288)","(4.6527, 6.0782)","(-0.4457, 1.9244)","(0.5727, 1.7008)","(6.0589, 7.102)","(0.6781, 0.8962)","(-0.9589, -15.1822)","(-3.2164, -13.221)","(-3.2734, 5.6515)","(10.75, 13.3781)","(-0.1142, -1.7503)","(-21.2461, 10.12)","(-17.2195, -4.4611)","(-20.8662, -5.0853)","(-1.2271, 9.5735)","(11.1184, -6.7535)","(-0.5739, -6.8208)","(4.3238, 5.2959)","(-13.4192, -0.4413)","(-3.3983, 4.9394)"
2.960000000000000142e+01,"(-5.4414, -1.1135)","(12.4587, 16.0094)","(-0.8947, 1.6987)","(1.1272, 1.5071)","(9.9175, 11.5551)","(1.4258, 1.7752)","(-2.2643, -21.6396)","(-2.3123, -6.7823)","(-5.9445, 9.613)","(16.6887, 18.4878)","(-0.1768, -3.9817)","(-11.6812, 7.1527)","(-22.0815, -4.21)","(-18.6976, -2.196)","(1.0967, 3.6274)","(6.2925, -4.3238)","(-0.8441, -12.5877)","(8.8975, 10.946)","(-5.5583, 0.7476)","(-9.2436, 13.5417)"
2.970000000000000284e+01,"(-9.4183, -2.3108)","(19.3369, 20.8982)","(-1.951, 3.093)","(2.2165, 2.7239)","(13.0082, 13.9361)","(3.2661, 4.1236)","(-3.795, -13.9733)","(-1.1119, -4.6384)","(-9.441, 15.6197)","(10.7526, 6.9644)","(-0.3707, -9.6321)","(-3.8611, 3.1928)","(-11.7622, 0.4382)","(-7.8656, 1.171)","(2.1621, 2.9193)","(5.1411, -2.9216)","(-1.7567, -20.0084)","(14.9998, 17.2555)","(-2.351, 0.117)","(-15.459, 25.2904)"
2.980000000000000071e+01,"(-16.3876, -4.0009)","(10.523, 3.8966)","(-4.3554, 6.6518)","(4.7318, 5.8927)","(10.3415, 8.7376)","(7.8317, 9.9317)","(-2.6642, -5.3613)","(-0.7001, -5.9515)","(-8.3267, 16.5356)","(4.5275, 0.9227)","(-1.0659, -21.2718)","(-1.0317, 1.1359)","(-4.0802, 1.1233)","(-2.4097, 0.8216)","(3.8031, 4.5606)","(6.9071, -3.1554)","(-3.3904, -17.1634)","(12.4979, 10.3564)","(-2.4369, -0.4393)","(-2.7116, 13.7913)"
2.990000000000000213e+01,"(-19.8449, -3.6522)","(6.6967, -1.0899)","(-9.33, 14.3297)","(10.2702, 12.74)","(5.7966, 4.0612)","(15.8284, 19.0489)","(-0.924, -1.9971)","(-0.785, -10.0839)","(-3.0953, 9.7326)","(2.6017, -0.5815)","(-3.6306, -23.4769)","(-0.6773, 1.0884)","(-1.0347, 0.4623)","(-0.5504, 0.298)","(7.0676, 8.537)","(11.0958, -4.6862)","(-3.1146, -7.752)","(5.7901, 2.5698)","(-4.5037, -1.138)","(2.4979, 6.5512)"
3.000000000000000000e+01,"(-12.1154, -0.2519)","(7.3586, -2.9402)","(-12.1009, 21.1305)","(16.2943, 18.243)","(3.5706, 3.0489)","(14.3754, 12.1691)","(-0.3009, -1.7634)","(-1.3452, -16.8551)","(-1.2864, 4.6683)","(3.6966, -1.4346)","(-4.8305, -8.1711)","(-1.1938, 2.0643)","(-0.2681, 0.2447)","(-0.2121, 0.2504)","(12.3882, 14.5684)","(16.1404, -7.0531)","(-1.3685, -3.2448)","(1.844, 0.4087)","(-9.4899, -2.5516)","(4.5076, 5.7256)"
3.010000000000000142e+01,"(-5.3763, 0.4679)","(10.0362, -4.3608)","(-3.4403, 12.326)","(11.1654, 7.7907)","(4.0161, 4.3565)","(6.7503, 1.9168)","(-0.231, -3.2717)","(-2.6816, -19.2618)","(-1.5654, 3.38)","(6.9134, -2.7174)","(-3.4317, -2.2722)","(-2.634, 4.5277)","(-0.2998, 0.4368)","(-0.3472, 0.5188)","(13.8663, 13.714)","(14.9577, -7.8828)","(-0.5046, -2.6552)","(0.6856, -0.0917)","(-18.8711, -4.8914)","(6.5565, 7.4601)"
3.020000000000000284e+01,"(-3.0908, -0.1615)","(13.6785, -6.0894)","(0.3035, 4.5501)","(4.7188, 1.3044)","(6.5166, 7.6527)","(3.6848, -0.6349)","(-0.3509, -7.0485)","(-3.3545, -11.3507)","(-2.9047, 4.8816)","(13.6348, -5.3393)","(-4.2738, -1.2493)","(-6.1344, 10.5041)","(-0.6567, 0.9872)","(-0.818, 1.2228)","(8.1929, 5.3738)","(8.3374, -5.733)","(-0.3658, -4.4661)","(0.9595, -0.3473)","(-21.8818, -3.7333)","(9.3254, 10.476)"
3.030000000000000071e+01,"(-4.045, -0.8453)","(14.5447, -7.1939)","(0.9787, 1.8974)","(2.1254, -0.2875)","(10.9831, 12.8507)","(4.6044, -1.7823)","(-0.7563, -15.4157)","(-2.0173, -5.2529)","(-5.6466, 8.9533)","(20.4014, -8.8658)","(-6.9965, -1.7352)","(-11.7076, 20.5763)","(-1.6491, 2.446)","(-2.1149, 3.1214)","(3.4318, 1.8399)","(4.8374, -3.3023)","(-0.5152, -8.9648)","(2.0481, -0.77)","(-10.1691, 1.0255)","(11.4248, 12.0752)"
3.040000000000000213e+01,"(-7.4834, -1.8979)","(10.6452, -6.2759)","(1.877, 2.3467)","(2.7028, -1.0064)","(13.5542, 14.0986)","(7.8015, -3.1502)","(-2.2479, -24.3645)","(-0.8466, -3.6621)","(-9.7813, 15.8079)","(12.9126, -8.2873)","(-12.4953, -3.1288)","(-8.3163, 17.6216)","(-4.3533, 6.4031)","(-5.6319, 8.2726)","(1.6575, 1.352)","(4.9463, -2.5422)","(-1.0737, -17.5967)","(4.9175, -1.8101)","(-3.2294, 1.2653)","(10.0763, 9.222)"
3.050000000000000000e+01,"(-14.5681, -3.7692)","(7.1569, -4.4481)","(3.62, 4.424)","(5.0592, -1.9739)","(9.4255, 7.228)","(13.9281, -5.6313)","(-4.4252, -14.0474)","(-0.5388, -5.2084)","(-9.1739, 17.7892)","(4.3063, -4.4409)","(-19.3059, -4.3612)","(-1.8165, 7.1356)","(-10.7342, 16.022)","(-12.9044, 19.5683)","(2.0902, 2.3642)","(7.6787, -3.3097)","(-2.7847, -22.2646)","(12.14, -4.4501)","(-0.9863, 0.9083)","(6.9988, 5.7986)"
3.060000000000000142e+01,"(-21.6251, -4.6916)","(6.6171, -3.531)","(7.4963, 9.2534)","(10.5575, -4.0532)","(4.7039, 3.0209)","(18.7623, -8.4645)","(-3.2362, -4.2763)","(-0.6525, -9.5123)","(-2.8825, 10.0019)","(1.2868, -1.4919)","(-16.8464, -1.9698)","(-0.1152, 3.1885)","(-13.441, 23.7939)","(-10.371, 21.3763)","(4.0005, 4.8826)","(12.9285, -5.3585)","(-4.033, -11.2143)","(23.7083, -9.4366)","(-1.017, 1.5086)","(5.3431, 4.914)"
3.070000000000000284e+01,"(-14.7632, -0.724)","(8.6308, -3.9662)","(13.8943, 16.4828)","(19.4699, -7.8423)","(2.7719, 2.3868)","(12.1456, -7.6668)","(-1.914, -1.1099)","(-1.2119, -17.1261)","(-0.73, 4.1043)","(0.7188, -0.486)","(-8.337, 0.4313)","(0.3672, 3.7697)","(-1.3686, 11.3343)","(0.2918, 8.9793)","(8.4067, 10.3934)","(17.5384, -7.8797)","(-2.3379, -3.6363)","(15.5299, -9.9526)","(-1.9793, 3.0434)","(5.8752, 6.2388)"
3.080000000000000071e+01,"(-5.8857, 0.9968)","(12.4272, -5.4574)","(14.1337, 13.1493)","(17.7474, -9.5208)","(3.3902, 3.7734)","(4.9724, -4.2819)","(-2.6989, -0.7675)","(-2.7121, -20.6183)","(-0.7435, 2.0251)","(1.3178, -0.5526)","(-3.853, 0.1653)","(0.7266, 6.5049)","(2.1154, 5.1854)","(2.6759, 4.8105)","(14.9021, 17.399)","(13.0601, -7.6479)","(-0.7394, -0.8968)","(3.5757, -5.9131)","(-4.4823, 6.789)","(8.1831, 9.1988)"
3.090000000000000213e+01,"(-1.9393, 0.3697)","(15.2114, -7.1051)","(7.1915, 3.6574)","(6.2247, -6.0079)","(5.9498, 7.1166)","(2.6209, -1.9101)","(-5.0376, -1.3168)","(-3.6463, -11.42)","(-1.527, 2.6228)","(2.9275, -1.1118)","(-3.3713, -0.5012)","(1.3632, 12.4205)","(3.817, 4.8195)","(4.4462, 5.3337)","(13.1652, 11.2693)","(6.2883, -4.7799)","(-0.1869, -0.1703)","(0.4158, -4.2266)","(-9.7565, 14.9284)","(11.0925, 12.1846)"
3.100000000000000000e+01,"(-1.1579, -0.1116)","(12.5102, -6.9595)","(2.4943, 0.6282)","(1.5263, -2.3623)","(10.8626, 12.9647)","(3.2578, -1.5563)","(-10.4231, -2.7889)","(-2.131, -4.4977)","(-3.2385, 5.0642)","(6.9959, -2.5839)","(-5.5282, -1.3157)","(2.4682, 20.4502)","(5.9565, 6.9158)","(6.8908, 7.9742)","(6.1999, 2.7022)","(3.8281, -2.5518)","(-0.1295, -0.051)","(-0.3701, -5.7858)","(-12.1799, 21.5174)","(11.2532, 10.9557)"
3.110000000000000142e+01,"(-2.0083, -0.4895)","(7.9171, -5.0688)","(0.8832, -0.083)","(0.225, -0.906)","(14.4232, 15.3406)","(6.0089, -2.4362)","(-19.7534, -4.9969)","(-0.7238, -2.2751)","(-6.9467, 10.6794)","(16.298, -6.089)","(-10.6842, -2.7655)","(3.152, 17.6485)","(9.3581, 10.8061)","(10.47, 11.9351)","(2.084, 0.3056)","(4.6458, -2.2284)","(-0.275, -0.0788)","(-0.7082, -9.6587)","(-2.866, 11.7806)","(8.1226, 6.7249)"
3.120000000000000284e+01,"(-4.3617, -1.1872)","(6.1351, -3.5626)","(1.1127, -0.3971)","(-0.029, -1.1732)","(9.8992, 7.343)","(11.9152, -4.6677)","(-20.5771, -3.0844)","(-0.3427, -2.9805)","(-11.8031, 19.1449)","(23.8711, -10.5622)","(-19.0452, -4.6785)","(2.2804, 7.8423)","(12.4026, 13.3994)","(12.346, 12.7436)","(1.2225, -0.3095)","(7.9347, -3.2955)","(-0.6821, -0.1958)","(-1.2672, -16.2249)","(0.5964, 4.3287)","(5.4927, 4.6664)"
3.130000000000000071e+01,"(-10.1601, -2.8372)","(7.2721, -3.4859)","(2.2878, -0.8661)","(-0.1157, -2.3983)","(4.4742, 2.398)","(19.6501, -8.2305)","(-9.1687, 1.0954)","(-0.3639, -5.7485)","(-7.2768, 16.695)","(9.6303, -8.3225)","(-19.663, -2.9597)","(0.9373, 2.9147)","(10.6682, 9.4943)","(9.3803, 7.8297)","(2.0165, -0.7665)","(14.0275, -5.713)","(-1.8161, -0.5313)","(-2.5414, -19.4456)","(1.4263, 2.3076)","(5.1335, 5.1907)"
3.140000000000000213e+01,"(-21.2369, -5.5959)","(10.6622, -4.6624)","(5.3566, -1.9851)","(-0.2298, -5.5651)","(1.8666, 1.3093)","(15.3686, -8.8393)","(-2.8778, 1.0429)","(-0.6369, -12.0268)","(-0.8363, 7.204)","(1.9813, -4.4919)","(-9.5003, 0.6861)","(0.3486, 1.7585)","(6.5248, 4.8837)","(5.6437, 4.3203)","(4.2811, -1.6232)","(18.5293, -8.4252)","(-5.0535, -1.4961)","(-3.3681, -12.1065)","(2.6198, 3.1977)","(6.8368, 7.6372)"
3.150000000000000000e+01,"(-21.8409, -3.1067)","(14.8235, -6.5874)","(12.8644, -4.7533)","(-0.5318, -13.3375)","(1.8439, 1.9826)","(5.5713, -5.2553)","(-0.7427, 0.5597)","(-1.5784, -21.6394)","(0.3281, 2.255)","(0.089, -3.9344)","(-3.4206, 0.6786)","(0.3497, 2.8687)","(4.237, 3.6497)","(4.2371, 3.9614)","(9.8523, -3.6772)","(11.9418, -7.5534)","(-13.9346, -4.0947)","(-2.1527, -5.6592)","(4.9509, 6.0177)","(9.9889, 11.2906)"
3.160000000000000142e+01,"(-8.5087, 1.9358)","(14.6244, -7.4841)","(23.6812, -9.615)","(-1.7517, -25.2058)","(3.3099, 3.9932)","(1.7251, -1.9524)","(-0.5838, 0.8246)","(-3.7386, -18.7493)","(0.6291, 1.0507)","(-0.4106, -5.9862)","(-1.4008, 0.0383)","(0.6313, 5.9581)","(4.5584, 4.8608)","(5.2442, 5.7896)","(20.1971, -7.8703)","(5.0249, -4.2369)","(-28.1556, -7.1332)","(-0.9187, -3.7678)","(9.6953, 11.7873)","(12.0207, 12.5549)"
3.170000000000000284e+01,"(-2.8016, 2.1036)","(9.4768, -5.9665)","(14.3155, -9.5656)","(-4.5997, -17.1471)","(6.8983, 8.5324)","(0.8647, -0.6293)","(-1.1161, 1.702)","(-3.6444, -7.0474)","(1.2685, 1.5829)","(-0.7239, -10.6331)","(-1.7857, -0.3741)","(1.3441, 13.0259)","(6.9506, 8.0349)","(8.2226, 9.5329)","(19.4782, -10.246)","(2.8228, -1.9766)","(-16.1547, 0.6779)","(-0.5613, -5.1403)","(14.8704, 16.6192)","(9.7417, 8.4767)"
3.180000000000000071e+01,"(-2.0759, 2.9827)","(6.1196, -3.9053)","(3.3288, -5.4763)","(-4.2106, -5.0816)","(13.3412, 16.0225)","(1.4468, -0.6258)","(-2.6054, 3.9173)","(-1.6271, -1.9215)","(2.6741, 3.3269)","(-1.4075, -17.9818)","(-3.6126, -0.9516)","(2.7034, 23.1491)","(10.9649, 12.6092)","(12.0623, 13.5126)","(5.9285, -6.5456)","(3.617, -1.7055)","(-5.9875, 4.1891)","(-0.6522, -9.2477)","(11.4065, 9.0367)","(6.2141, 4.9131)"
3.190000000000000213e+01,"(-3.238, 5.1406)","(6.0789, -3.1498)","(0.3967, -3.7584)","(-3.3664, -1.5656)","(14.8485, 14.4226)","(3.1306, -1.2012)","(-6.3616, 9.4995)","(-0.7828, -0.447)","(6.0956, 7.674)","(-2.9211, -19.254)","(-8.1397, -2.2482)","(3.4578, 17.5086)","(12.8478, 13.1577)","(11.9244, 11.3332)","(1.1051, -3.1875)","(6.6262, -2.6885)","(-3.9932, 5.6991)","(-1.1761, -16.6434)","(5.2147, 2.5051)","(4.681, 4.3388)"
3.200000000000000000e+01,"(-6.1552, 9.6849)","(8.6332, -3.839)","(-0.317, -5.2196)","(-4.8865, -1.2784)","(7.8615, 4.1713)","(7.3169, -2.7203)","(-12.8246, 19.9833)","(-1.1931, -0.3467)","(13.0734, 16.082)","(-3.4039, -10.1875)","(-17.7842, -4.8067)","(2.4006, 6.4029)","(9.1253, 7.2251)","(7.5806, 5.6596)","(-0.0277, -3.2439)","(12.8408, -5.0687)","(-4.8118, 8.0606)","(-2.6065, -20.6594)","(1.6836, 0.7352)","(5.512, 5.9919)"
3.210000000000000142e+01,"(-10.2801, 16.7429)","(13.1391, -5.6486)","(-0.6249, -8.9829)","(-8.4275, -2.107)","(2.8416, 0.6645)","(16.5973, -6.2502)","(-8.5751, 19.0012)","(-2.4901, -0.6794)","(16.2294, 16.3942)","(-1.8349, -4.3617)","(-24.0673, -4.7343)","(1.1874, 2.0257)","(5.017, 3.5999)","(4.3421, 3.3803)","(-0.3486, -5.4196)","(19.7547, -8.4875)","(-6.8107, 11.5751)","(-3.6343, -11.9659)","(0.7137, 0.598)","(8.241, 9.4393)"
3.220000000000000284e+01,"(-8.4319, 17.1798)","(16.0878, -7.5176)","(-1.1417, -15.8334)","(-15.0155, -3.7315)","(1.1905, -0.1785)","(23.2625, -10.4588)","(-0.0233, 7.8546)","(-5.8049, -1.6277)","(8.6321, 4.2039)","(-0.6935, -2.9638)","(-11.5084, 1.1031)","(1.3881, 1.6277)","(3.5555, 3.289)","(3.8675, 3.9101)","(-0.6248, -10.4233)","(13.9336, -8.4323)","(-8.0943, 14.5816)","(-2.2199, -4.8238)","(1.0533, 1.2367)","(11.6845, 12.9773)"
3.230000000000000426e+01,"(-2.2866, 8.9788)","(12.1116, -7.0409)","(-2.4376, -20.3186)","(-20.2001, -4.0947)","(1.6471, -0.6074)","(9.315, -8.078)","(1.7159, 3.5423)","(-13.8427, -3.8853)","(3.5987, 0.1939)","(-0.4308, -4.4301)","(-3.7155, 1.9127)","(2.5439, 2.8116)","(4.5573, 5.0958)","(5.6045, 6.4279)","(-1.3309, -18.8639)","(5.0603, -4.7913)","(-6.1071, 13.0463)","(-0.7822, -2.463)","(2.2412, 2.7934)","(11.6315, 11.1487)"
3.239999999999999858e+01,"(-0.593, 3.5325)","(6.9291, -4.716)","(-3.5338, -12.8255)","(-13.8033, -0.7476)","(3.3504, -1.2777)","(1.9632, -4.1834)","(3.0955, 3.839)","(-25.0934, -6.0808)","(3.0378, -0.9734)","(-0.5355, -8.4789)","(-1.7717, 2.1681)","(5.2578, 5.8434)","(7.6137, 8.9768)","(9.3612, 10.9847)","(-3.0976, -20.3023)","(1.7684, -1.7663)","(-3.5049, 8.886)","(-0.3725, -3.1578)","(5.2786, 6.6882)","(7.7723, 6.0691)"
3.250000000000000000e+01,"(-0.7019, 1.808)","(5.2624, -3.0978)","(-2.3333, -5.5447)","(-6.2174, 0.5433)","(7.6478, -2.8572)","(0.1251, -3.4485)","(5.2902, 6.2868)","(-16.2718, -0.2992)","(4.8676, -1.9345)","(-1.0235, -16.353)","(-2.3421, 3.6668)","(11.0032, 12.204)","(12.17, 13.9752)","(13.1509, 14.4296)","(-3.6812, -9.5982)","(1.3693, -0.7956)","(-2.9041, 6.5806)","(-0.3898, -6.0059)","(12.047, 15.0426)","(4.8016, 3.9038)"
3.260000000000000142e+01,"(-1.4898, 2.5131)","(6.6376, -3.1111)","(-0.908, -3.0608)","(-3.148, -0.0259)","(16.913, -6.4174)","(-0.3446, -5.2974)","(9.3492, 11.1166)","(-5.5448, 2.452)","(9.2992, -3.6558)","(-2.5138, -21.9919)","(-4.4287, 6.9371)","(16.3504, 17.2244)","(12.8634, 12.5144)","(11.0952, 9.6455)","(-1.8594, -3.359)","(2.5168, -1.0418)","(-3.833, 7.1218)","(-0.6756, -12.381)","(17.1833, 18.3264)","(4.4197, 4.4855)"
3.270000000000000284e+01,"(-3.2074, 4.9846)","(10.4433, -4.4492)","(-0.4645, -3.8768)","(-3.593, -0.6852)","(22.6691, -10.3631)","(-0.6248, -9.6703)","(13.6033, 15.0601)","(-2.4533, 2.8039)","(16.9818, -6.8403)","(-3.9106, -12.5777)","(-8.5597, 13.4475)","(10.259, 8.6694)","(7.952, 5.6452)","(6.1679, 4.1751)","(-0.5274, -1.3919)","(5.4115, -2.07)","(-5.8438, 9.9935)","(-1.6546, -21.6763)","(9.7313, 5.1118)","(6.219, 7.066)"
3.280000000000000426e+01,"(-6.9909, 10.7054)","(15.5012, -6.7217)","(-0.489, -7.1258)","(-6.4517, -1.6111)","(8.9796, -7.8382)","(-1.2285, -17.3449)","(11.3186, 9.6796)","(-2.8236, 4.4422)","(18.8058, -9.2211)","(-2.4753, -4.488)","(-11.0229, 19.2775)","(4.1308, 2.5528)","(3.9338, 2.6803)","(3.3829, 2.6771)","(-0.2078, -1.7843)","(12.1139, -4.5669)","(-8.0525, 13.9354)","(-3.7511, -18.1475)","(4.3391, 0.1989)","(9.8188, 11.3428)"
3.289999999999999858e+01,"(-12.0104, 19.428)","(15.5058, -7.8957)","(-0.8424, -13.9562)","(-12.7294, -3.3205)","(1.9349, -3.9091)","(-2.7599, -20.5375)","(5.9499, 3.739)","(-4.8589, 7.7568)","(8.607, -6.7222)","(-0.781, -1.4605)","(-4.5535, 12.9238)","(1.5029, 0.6133)","(2.8667, 2.7383)","(3.4169, 3.6177)","(-0.2118, -3.619)","(21.8637, -8.9057)","(-7.4424, 14.6218)","(-3.5123, -6.8653)","(3.7465, -1.2212)","(12.7404, 13.6236)"
3.300000000000000000e+01,"(-7.2124, 16.7455)","(9.1905, -6.0861)","(-1.9963, -21.7332)","(-21.0069, -4.9071)","(0.1528, -3.02)","(-3.6392, -11.167)","(2.8699, 2.0939)","(-8.5379, 13.7277)","(2.859, -3.0177)","(-0.2118, -1.1086)","(-0.6958, 5.342)","(1.6612, 0.3873)","(4.0649, 4.6642)","(5.4941, 6.4547)","(-0.3689, -8.1284)","(15.4996, -9.4422)","(-4.2358, 10.4898)","(-1.496, -1.9235)","(5.7757, -2.3274)","(10.3344, 8.8752)"
3.310000000000000142e+01,"(-0.6698, 7.0966)","(5.2364, -3.6055)","(-3.7879, -15.6842)","(-17.1879, -1.672)","(-0.288, -4.6676)","(-2.0852, -4.3722)","(2.6746, 2.7942)","(-9.9427, 17.9371)","(1.2385, -1.0139)","(-0.146, -2.1106)","(-0.2205, 1.7252)","(3.1544, 0.6686)","(7.3339, 8.8016)","(9.781, 11.6392)","(-0.8834, -17.7982)","(4.2941, -5.373)","(-2.7103, 6.8647)","(-0.4986, -0.402)","(10.4526, -4.1836)","(6.0168, 4.3648)"
3.320000000000000284e+01,"(0.4895, 2.272)","(4.9766, -2.6399)","(-2.9994, -6.0307)","(-7.2633, 1.0133)","(-0.5382, -8.7164)","(-0.7009, -2.2302)","(4.3914, 5.195)","(-4.4686, 12.1921)","(1.6662, -0.7763)","(-0.2188, -4.6989)","(-0.4521, 0.9972)","(6.8745, 1.4808)","(12.5538, 14.6637)","(13.9259, 15.269)","(-2.7912, -24.5417)","(0.7422, -2.4856)","(-3.0968, 6.197)","(-0.5119, -0.1739)","(17.3802, -7.2313)","(3.8819, 3.3729)"
3.330000000000000426e+01,"(0.9613, 1.417)","(7.4207, -3.2508)","(-1.1101, -1.9887)","(-2.3905, 0.5478)","(-1.0627, -16.4509)","(-0.3351, -2.9662)","(8.366, 10.1381)","(-1.2845, 5.6462)","(3.4075, -1.3382)","(-0.4551, -11.0658)","(-1.0642, 1.7089)","(15.2433, 3.2779)","(13.5719, 13.2294)","(10.9389, 8.9993)","(-4.5981, -11.228)","(-0.0561, -2.7742)","(-4.7342, 8.2134)","(-1.0585, -0.2935)","(16.8685, -8.7387)","(4.3729, 4.7323)"
3.339999999999999858e+01,"(1.8757, 2.3087)","(12.3404, -5.1395)","(-0.2912, -1.1605)","(-0.9943, 0.0009)","(-2.5428, -21.6022)","(-0.3603, -5.7501)","(13.8799, 15.9823)","(-1.025, 2.8878)","(7.6266, -2.8736)","(-1.3271, -22.7179)","(-2.4471, 3.7249)","(24.3567, 4.6763)","(7.9275, 5.1875)","(5.4905, 3.2956)","(-3.0163, -3.1583)","(-0.2971, -4.9075)","(-7.2726, 12.2561)","(-2.5021, -0.7064)","(7.8118, -6.055)","(6.9269, 8.0811)"
3.350000000000000000e+01,"(3.9005, 4.8366)","(17.1716, -7.6364)","(-0.1628, -2.0043)","(-1.4484, -0.3263)","(-3.8287, -12.3926)","(-0.6351, -12.0677)","(12.7858, 11.4193)","(-1.8643, 3.3225)","(16.5699, -6.3197)","(-3.9878, -20.9028)","(-5.8205, 8.7425)","(14.5302, 1.1398)","(3.3747, 1.9065)","(2.5472, 1.842)","(-2.4795, -1.023)","(-0.5442, -9.9263)","(-8.537, 15.4436)","(-6.3554, -1.8309)","(3.1892, -2.7951)","(11.2068, 12.9631)"
3.360000000000000142e+01,"(8.5391, 10.6397)","(13.7159, -7.7556)","(-0.2171, -4.3292)","(-3.0715, -0.8259)","(-2.3921, -4.5748)","(-1.5842, -21.7276)","(6.5491, 3.6787)","(-3.7439, 5.959)","(22.3605, -10.1813)","(-4.4349, -6.9057)","(-11.9593, 18.5468)","(5.2664, -0.5409)","(1.8329, 1.5865)","(2.4279, 2.5625)","(-3.9474, -1.0352)","(-1.2194, -19.0059)","(-5.6807, 12.8054)","(-15.9286, -4.5354)","(2.4352, -1.4366)","(13.1121, 13.3806)"
3.370000000000000284e+01,"(15.4371, 18.0772)","(6.8864, -5.0775)","(-0.4262, -10.0343)","(-7.1785, -2.0101)","(-0.7658, -1.7202)","(-3.7591, -18.7068)","(2.4268, 1.2169)","(-7.49, 11.7103)","(9.3489, -7.8301)","(-2.9527, -1.8829)","(-9.7637, 19.9384)","(2.3513, -0.7547)","(2.4608, 2.8117)","(4.1055, 4.8888)","(-7.4528, -1.9364)","(-3.1145, -21.4078)","(-2.8923, 7.9632)","(-26.9281, -6.1835)","(3.9721, -1.706)","(8.9989, 6.9117)"
3.380000000000000426e+01,"(13.1588, 10.9115)","(4.1258, -2.7731)","(-1.1596, -21.1486)","(-16.5644, -4.5794)","(-0.2583, -1.71)","(-3.6487, -6.9804)","(1.1969, 1.0316)","(-11.2497, 18.8443)","(2.1292, -3.809)","(-3.7978, -1.0989)","(-0.7121, 8.6984)","(3.0662, -1.354)","(4.7165, 5.7537)","(8.0429, 9.8095)","(-14.6461, -3.8112)","(-3.941, -9.6764)","(-2.4916, 5.7009)","(-13.6776, 1.1362)","(7.8419, -3.0848)","(4.698, 3.2277)"
3.389999999999999858e+01,"(6.0312, 2.2408)","(4.7619, -2.3293)","(-3.6042, -22.4916)","(-25.2604, -5.4495)","(-0.2168, -3.2878)","(-1.6352, -1.8864)","(1.7085, 1.9844)","(-6.2208, 15.0507)","(0.2306, -2.5116)","(-6.4622, -1.6288)","(1.2379, 3.4024)","(5.6505, -2.5422)","(9.6352, 11.8202)","(13.9024, 16.1917)","(-21.8249, -4.7436)","(-2.0528, -3.0039)","(-3.5935, 6.521)","(-4.8157, 3.1942)","(15.3763, -6.0503)","(3.1728, 2.8992)"
3.400000000000000000e+01,"(2.3256, -0.0242)","(7.9105, -3.3205)","(-4.5138, -8.1111)","(-12.8732, 0.919)","(-0.3454, -7.2037)","(-0.8506, -0.4557)","(3.4732, 4.2897)","(-1.07, 6.6549)","(-0.2106, -3.7914)","(-12.0696, -3.0874)","(2.3683, 3.087)","(11.4206, -5.1086)","(15.3456, 17.3114)","(13.2752, 12.0374)","(-14.7086, -0.6562)","(-0.6316, -0.6953)","(-5.871, 9.8224)","(-3.0948, 4.3059)","(20.4431, -9.3106)","(4.1096, 4.6174)"
3.410000000000000142e+01,"(2.2896, -0.7833)","(13.7515, -5.6338)","(-2.8398, -2.174)","(-4.2734, 2.3235)","(-0.7683, -15.8877)","(-1.3458, -0.3846)","(7.6984, 9.6252)","(-0.2009, 2.2017)","(-0.4256, -7.1856)","(-19.711, -4.6021)","(4.154, 4.9739)","(19.5499, -9.01)","(11.6452, 9.0439)","(6.7764, 3.6743)","(-5.7593, 1.0557)","(-0.2482, -0.1439)","(-8.5535, 14.5333)","(-4.0663, 6.6259)","(10.6221, -7.6459)","(7.0908, 8.4313)"
3.420000000000000284e+01,"(4.0516, -1.5834)","(18.2137, -8.2684)","(-3.2358, -1.0262)","(-2.2293, 2.831)","(-2.3486, -24.644)","(-2.8112, -0.7659)","(14.8286, 17.7003)","(-0.323, 0.9117)","(-0.8269, -14.3785)","(-17.6932, -2.1523)","(7.7058, 9.2947)","(16.084, -8.6771)","(5.165, 2.1428)","(2.3866, 0.9833)","(-1.796, 0.4165)","(-0.3972, -0.1184)","(-7.8088, 15.3653)","(-6.6059, 10.7961)","(3.2992, -3.7112)","(11.9762, 13.9707)"
3.430000000000000426e+01,"(8.3933, -3.222)","(12.2056, -7.5557)","(-5.4389, -1.3824)","(-2.9207, 4.6321)","(-4.5094, -13.4508)","(-6.532, -1.8287)","(14.2397, 12.6817)","(-0.7957, 1.3211)","(-2.0698, -22.3326)","(-8.3454, 0.6475)","(12.9961, 15.0929)","(6.2852, -4.5067)","(1.5848, 0.316)","(0.7711, 0.5074)","(-0.8583, -0.0434)","(-0.9046, -0.2544)","(-3.8619, 10.2759)","(-9.2078, 15.7656)","(0.9101, -1.13)","(13.5221, 13.4968)"
3.439999999999999858e+01,"(16.8558, -6.5847)","(5.3724, -4.371)","(-10.3096, -2.664)","(-5.2617, 8.348)","(-3.2313, -3.9906)","(-15.2761, -4.2514)","(6.8154, 2.752)","(-1.8255, 2.7969)","(-3.9288, -15.2158)","(-3.3242, 0.38)","(13.2702, 12.5742)","(1.9158, -1.5996)","(0.6455, -0.1098)","(0.8298, 0.9269)","(-1.4245, -0.3405)","(-2.2719, -0.6533)","(-2.1776, 6.059)","(-7.0657, 14.8535)","(0.4675, -0.3263)","(8.4244, 5.9047)"
3.450000000000000000e+01,"(20.7062, -9.7586)","(3.1555, -2.1509)","(-18.3893, -4.5307)","(-9.1901, 14.8001)","(-2.1367, -1.0987)","(-25.3176, -5.7981)","(2.683, 0.027)","(-4.3639, 6.5505)","(-2.9944, -5.5167)","(-2.2747, -0.245)","(7.4262, 4.6654)","(0.4811, -0.391)","(0.9777, -0.3583)","(1.6691, 2.0601)","(-3.1157, -0.8494)","(-6.0377, -1.7635)","(-2.5597, 5.1999)","(-2.9574, 8.853)","(0.8941, -0.3712)","(3.8801, 2.3771)"
3.460000000000000142e+01,"(8.9668, -7.2957)","(4.0245, -1.8979)","(-19.9122, -3.2014)","(-9.641, 17.9866)","(-3.1725, -0.8702)","(-14.3701, 0.3953)","(2.5082, -0.8429)","(-9.9163, 15.039)","(-1.0849, -1.5883)","(-3.6486, -0.857)","(3.0742, 1.731)","(0.3055, -0.163)","(2.1263, -0.7972)","(3.8641, 4.8855)","(-7.4263, -2.0937)","(-15.7628, -4.5482)","(-4.2039, 7.1842)","(-1.8095, 5.0498)","(2.0428, -0.7696)","(2.3142, 2.0522)"
3.470000000000000284e+01,"(2.3674, -3.2955)","(7.2231, -2.9491)","(-10.1399, 0.4924)","(-3.6097, 11.0476)","(-5.9203, -1.5405)","(-4.8193, 2.355)","(4.3054, -1.6916)","(-12.6966, 22.277)","(-0.2305, -0.495)","(-7.3727, -1.948)","(1.7337, 1.541)","(0.6611, -0.297)","(5.1544, -1.8928)","(9.1949, 11.6254)","(-17.2686, -4.7827)","(-27.7784, -6.5189)","(-7.0645, 11.6133)","(-2.464, 4.7668)","(5.0225, -1.8396)","(3.0757, 3.4947)"
3.480000000000000426e+01,"(0.3968, -1.2038)","(13.5421, -5.4054)","(-3.8338, 0.6493)","(-0.9781, 4.8161)","(-12.0134, -3.1824)","(-2.2816, 2.7451)","(8.7047, -3.3653)","(-2.5711, 11.8177)","(-0.0707, -0.6447)","(-15.254, -4.0487)","(2.4347, 2.8075)","(1.5876, -0.6949)","(12.7473, -4.6722)","(16.9, 19.7406)","(-25.4242, -5.3224)","(-13.8936, 1.3367)","(-9.3182, 16.2371)","(-4.3173, 7.1927)","(12.5614, -4.5899)","(5.6862, 6.8782)"
3.489999999999999858e+01,"(-0.0094, -1.2814)","(19.4319, -8.5668)","(-1.7525, -0.0043)","(-0.8897, 2.4422)","(-20.9631, -5.0607)","(-2.8087, 4.4345)","(16.9735, -6.6933)","(0.9905, 4.5144)","(-0.0719, -1.4268)","(-22.9105, -4.9724)","(4.7489, 5.8128)","(4.0798, -1.769)","(24.18, -9.7278)","(12.6522, 9.2606)","(-12.1627, 1.2526)","(-5.1056, 3.7108)","(-6.3425, 14.0509)","(-7.5242, 12.2129)","(24.2711, -9.7059)","(10.8611, 13.098)"
3.500000000000000000e+01,"(-0.1253, -2.48)","(12.8348, -8.0283)","(-2.3045, -0.4881)","(-1.7259, 3.01)","(-18.3123, -2.0473)","(-4.9751, 7.9069)","(20.0859, -9.6024)","(2.1145, 3.0484)","(-0.1316, -3.4565)","(-14.1389, -0.1877)","(9.7895, 12.0283)","(10.7275, -4.6437)","(14.4818, -9.7568)","(5.7449, 1.1374)","(-4.0735, 2.4821)","(-3.536, 5.0937)","(-2.5801, 8.0322)","(-9.765, 17.0732)","(14.7829, -9.8767)","(14.9333, 16.0329)"
3.510000000000000142e+01,"(-0.2457, -5.5646)","(4.851, -4.4541)","(-4.5828, -1.1996)","(-3.5632, 5.6171)","(-7.6812, 1.1467)","(-8.816, 14.1458)","(8.7871, -7.0919)","(3.6762, 4.4051)","(-0.2974, -8.824)","(-5.0506, 1.3765)","(15.5146, 17.4551)","(23.3136, -10.3956)","(3.2283, -5.7481)","(3.6399, -0.8742)","(-2.3978, 3.2103)","(-4.569, 7.5528)","(-1.7974, 4.7516)","(-5.8231, 13.6881)","(3.2678, -5.8974)","(10.0833, 7.2707)"
3.520000000000000284e+01,"(-0.5461, -13.0246)","(2.0497, -1.7432)","(-10.0446, -2.7427)","(-7.3646, 11.4211)","(-2.3689, 0.7588)","(-9.9556, 18.1331)","(2.4696, -3.1566)","(6.6365, 7.971)","(-0.9049, -20.8427)","(-1.3491, 0.7815)","(11.5068, 8.7566)","(18.0231, -10.0203)","(0.3265, -4.3488)","(4.9856, -1.9775)","(-3.2715, 5.2285)","(-6.9544, 11.5832)","(-2.6357, 4.9195)","(-2.0192, 7.1613)","(0.3185, -4.5529)","(4.3364, 2.0137)"
3.530000000000000426e+01,"(-1.7028, -24.509)","(2.1648, -1.1045)","(-20.1463, -5.2266)","(-11.5803, 19.1611)","(-0.5484, 0.2147)","(-4.1105, 11.7898)","(0.5121, -0.9321)","(11.6389, 13.7242)","(-3.5181, -25.2606)","(-0.6755, 0.8604)","(5.0298, 1.9743)","(5.6842, -5.4117)","(-0.4079, -6.0693)","(8.6872, -3.4971)","(-5.8289, 9.2922)","(-8.7074, 15.4056)","(-4.6799, 7.7183)","(-1.4127, 3.9227)","(-0.4354, -6.325)","(1.4007, 0.7235)"
3.539999999999999858e+01,"(-4.4252, -17.6206)","(4.049, -1.6461)","(-21.5456, -3.2986)","(-6.4784, 15.568)","(-0.1102, 0.0301)","(-1.0924, 5.256)","(0.0608, -0.3947)","(13.9565, 14.2679)","(-5.2924, -8.6702)","(-1.0899, 1.666)","(1.5735, 0.2132)","(2.9906, -4.5024)","(-0.7489, -10.1452)","(15.2457, -6.2097)","(-9.5625, 15.6494)","(-6.2544, 13.5819)","(-8.0429, 13.0796)","(-2.2512, 4.1472)","(-0.788, -10.4402)","(0.8916, 0.8758)"
3.550000000000000000e+01,"(-4.0716, -5.392)","(8.4994, -3.2699)","(-9.11, 1.4367)","(-0.8877, 6.7202)","(-0.0947, -0.0185)","(-0.8843, 2.5664)","(-0.0217, -0.6477)","(8.9218, 6.319)","(-4.2775, -2.5454)","(-2.4033, 3.6462)","(0.9251, -0.2388)","(3.529, -6.26)","(-1.3502, -16.7276)","(18.4737, -8.6993)","(-8.7025, 17.0669)","(-3.0541, 8.4793)","(-9.6414, 17.2609)","(-4.2334, 6.8754)","(-1.4075, -16.8405)","(1.5366, 1.8464)"
3.560000000000000142e+01,"(-2.8923, -1.5327)","(17.0553, -6.669)","(-2.7913, 1.4801)","(0.0586, 2.0683)","(-0.2267, -0.063)","(-1.6704, 2.9656)","(-0.0605, -1.4622)","(4.0122, 2.2962)","(-5.4753, -1.5145)","(-5.7075, 8.5682)","(1.5869, -0.599)","(5.4215, -9.7325)","(-2.6567, -19.0568)","(10.4355, -7.1143)","(-3.0496, 9.9011)","(-2.3461, 5.6677)","(-5.0529, 12.7008)","(-7.8243, 12.483)","(-2.6892, -18.6402)","(3.3486, 4.1895)"
3.570000000000000284e+01,"(-4.0824, -1.1114)","(20.614, -9.782)","(-1.3186, 1.6232)","(0.089, 0.4806)","(-0.5848, -0.1692)","(-3.4254, 5.4253)","(-0.1277, -3.6475)","(2.044, 1.6745)","(-8.5367, -2.0498)","(-11.8428, 18.3243)","(3.4762, -1.3067)","(8.0124, -14.5643)","(-3.3081, -11.4242)","(4.2204, -3.696)","(-1.0682, 4.4581)","(-3.262, 6.0575)","(-1.7625, 6.438)","(-10.4266, 18.069)","(-3.2295, -11.1637)","(7.777, 9.8066)"
3.580000000000000426e+01,"(-7.1508, -1.8104)","(8.7493, -7.2227)","(-1.8511, 2.8712)","(0.13, 0.2116)","(-1.5965, -0.4704)","(-7.0697, 10.9725)","(-0.3044, -9.5089)","(2.4891, 2.7858)","(-13.9844, -3.3375)","(-10.0211, 20.1886)","(8.2883, -3.0612)","(7.9792, -15.5708)","(-2.0181, -5.4389)","(2.5235, -1.6999)","(-1.2328, 2.8389)","(-5.3821, 9.0228)","(-1.43, 3.7132)","(-5.5463, 13.7443)","(-1.9547, -5.5205)","(15.4141, 18.4899)"
3.589999999999999858e+01,"(-13.4083, -3.426)","(2.283, -3.235)","(-3.7065, 5.7333)","(0.2957, 0.3769)","(-4.5313, -1.3491)","(-11.4353, 18.7828)","(-0.9954, -22.3272)","(4.5988, 5.5704)","(-18.6093, -3.7796)","(-0.799, 8.8901)","(18.525, -7.0184)","(4.5979, -10.3593)","(-0.8774, -3.9151)","(3.5395, -1.6132)","(-2.3626, 3.9918)","(-8.269, 13.8596)","(-2.404, 4.3003)","(-1.4419, 6.4817)","(-0.8886, -4.2415)","(14.3307, 12.4015)"
3.600000000000000000e+01,"(-20.5564, -4.5917)","(0.3723, -1.2169)","(-7.7932, 12.0085)","(0.7078, 0.9013)","(-12.8, -3.7908)","(-6.9918, 16.1117)","(-3.8957, -24.2395)","(9.2446, 11.3114)","(-14.475, -1.3418)","(1.2337, 3.47)","(22.326, -10.6847)","(2.5879, -6.0282)","(-0.5753, -5.5591)","(6.7113, -2.6862)","(-4.7608, 7.4985)","(-8.4424, 15.9556)","(-4.5655, 7.3577)","(-0.8357, 2.8938)","(-0.6185, -6.108)","(6.7386, 2.2462)"
3.610000000000000142e+01,"(-16.0354, -1.4053)","(-0.0188, -1.3708)","(-11.9787, 19.9375)","(1.8234, 2.3491)","(-27.7861, -7.2992)","(-1.0832, 7.1524)","(-5.3968, -7.6937)","(14.9762, 17.0239)","(-7.7415, 0.0938)","(2.3673, 3.098)","(7.417, -7.5008)","(2.5333, -5.1012)","(-0.7027, -10.0167)","(13.2686, -5.2031)","(-9.0652, 14.3179)","(-4.4032, 11.2553)","(-8.3462, 13.337)","(-1.4408, 2.7254)","(-0.7784, -10.8548)","(3.2085, -0.3558)"
3.620000000000000284e+01,"(-7.0924, 0.7558)","(-0.1359, -2.6693)","(-5.768, 14.9447)","(4.9132, 6.3676)","(-17.8236, 0.038)","(0.0019, 2.2684)","(-4.6286, -2.3845)","(12.0237, 9.7646)","(-4.8401, -0.2964)","(4.1431, 4.9587)","(1.4125, -3.979)","(3.8559, -7.0705)","(-1.3032, -17.5191)","(20.2652, -8.7383)","(-10.6569, 19.1627)","(-2.1761, 6.4165)","(-10.3054, 18.2635)","(-2.9263, 4.7003)","(-1.456, -18.1548)","(3.7396, -1.3937)"
3.630000000000000426e+01,"(-2.8267, 0.2765)","(-0.265, -5.9906)","(-0.4738, 6.1015)","(12.5461, 15.9853)","(-6.5441, 4.3498)","(0.0247, 0.5273)","(-6.1512, -1.6105)","(5.5297, 2.5303)","(-5.6059, -1.0657)","(7.6631, 9.2379)","(-0.0313, -3.9897)","(6.429, -11.5183)","(-2.8093, -19.994)","(13.4112, -8.4016)","(-3.8456, 11.9023)","(-2.2793, 4.9135)","(-4.7732, 12.7582)","(-6.0683, 9.4248)","(-2.9645, -18.968)","(6.4281, -2.5676)"
3.639999999999999858e+01,"(-2.2635, -0.3158)","(-0.5969, -13.8952)","(0.3354, 1.8342)","(18.6603, 19.9433)","(-4.2006, 5.8962)","(-0.0207, 0.1157)","(-9.5051, -2.2527)","(1.7284, 0.5302)","(-9.2113, -2.1981)","(12.9288, 15.0205)","(-0.4394, -6.3463)","(8.8908, -16.3531)","(-3.5336, -10.8518)","(4.5649, -4.6026)","(-0.5858, 4.7852)","(-3.6966, 6.4162)","(-1.2091, 5.7964)","(-10.7958, 17.315)","(-3.3549, -9.9369)","(12.1904, -4.824)"
3.650000000000000000e+01,"(-3.8855, -0.9452)","(-1.8873, -24.9196)","(0.6274, 0.9772)","(10.0956, 4.0476)","(-4.8583, 8.1744)","(-0.0879, 0.1452)","(-14.9406, -3.4712)","(0.3884, 0.1056)","(-15.6324, -3.7716)","(13.2928, 12.6434)","(-0.7659, -11.5037)","(6.9419, -14.3071)","(-1.9893, -4.4487)","(1.3971, -1.5843)","(-0.2577, 1.5716)","(-6.3841, 10.4542)","(-0.8147, 2.6379)","(-8.8132, 17.9796)","(-1.7789, -4.3226)","(19.1921, -8.1649)"
3.660000000000000142e+01,"(-8.0198, -2.1387)","(-4.5309, -16.254)","(1.2732, 1.5839)","(5.9057, -0.7581)","(-6.6625, 11.4194)","(-0.2293, 0.3442)","(-18.1206, -3.3953)","(0.0821, 0.0499)","(-19.433, -3.6865)","(7.4904, 4.7434)","(-1.5549, -19.0199)","(3.3523, -8.1071)","(-0.7106, -2.6158)","(0.8093, -0.5384)","(-0.56, 1.1259)","(-9.2949, 15.753)","(-1.4897, 2.7295)","(-1.83, 8.8021)","(-0.6863, -3.0837)","(14.7877, -8.5513)"
3.670000000000000284e+01,"(-16.5122, -4.3652)","(-3.8734, -4.881)","(2.7344, 3.4135)","(6.44, -2.4965)","(-7.8425, 14.1845)","(-0.6029, 0.8882)","(-13.0969, -0.987)","(0.106, 0.1255)","(-12.8243, -0.5945)","(3.126, 1.7736)","(-3.1582, -18.4378)","(2.0488, -4.6973)","(-0.388, -3.6962)","(1.4734, -0.6184)","(-1.2862, 2.0409)","(-7.4302, 15.3533)","(-3.0563, 4.8693)","(-0.0911, 3.0254)","(-0.4447, -4.6866)","(5.7252, -5.1123)"
3.680000000000000426e+01,"(-22.9618, -4.6818)","(-2.8068, -1.4107)","(6.321, 7.9761)","(9.2632, -3.9324)","(-6.1488, 12.9468)","(-1.6622, 2.4255)","(-7.2643, -0.0392)","(0.2508, 0.3185)","(-6.1256, 0.3326)","(1.7765, 1.5811)","(-3.2989, -8.9813)","(2.4847, -4.792)","(-0.4481, -7.1046)","(3.2487, -1.2362)","(-2.9589, 4.4944)","(-2.9963, 9.1078)","(-6.3782, 9.8824)","(0.0029, 0.7591)","(-0.5663, -8.9558)","(2.1473, -2.0202)"
3.689999999999999858e+01,"(-12.6661, 0.3407)","(-4.0669, -1.0945)","(13.5415, 16.634)","(13.7385, -5.9221)","(-3.7529, 9.1874)","(-4.6912, 6.8196)","(-5.265, -0.5245)","(0.6514, 0.8404)","(-3.7776, -0.2479)","(2.4893, 2.8684)","(-1.6086, -3.7762)","(4.1986, -7.5513)","(-0.8198, -14.3277)","(7.6925, -2.8491)","(-6.9378, 10.4508)","(-1.6565, 4.9302)","(-11.1187, 17.9209)","(-0.0719, 0.2298)","(-1.0987, -16.9786)","(1.7554, -0.9985)"
3.700000000000000000e+01,"(-4.3238, 1.3748)","(-7.2281, -1.8386)","(16.0905, 15.9038)","(15.8057, -7.5685)","(-3.1319, 6.9979)","(-11.9648, 17.7587)","(-6.6868, -1.359)","(1.789, 2.328)","(-4.8444, -0.9961)","(4.8386, 5.918)","(-0.5933, -2.7715)","(7.2654, -12.9311)","(-2.0574, -22.4206)","(17.4196, -6.5678)","(-12.8193, 20.3805)","(-2.2008, 4.3618)","(-8.2717, 17.5067)","(-0.2269, 0.3659)","(-2.6593, -21.6384)","(3.1451, -1.3088)"
3.710000000000000142e+01,"(-1.1787, 0.8419)","(-13.6731, -3.5055)","(8.3076, 3.7392)","(11.2539, -6.7298)","(-3.9969, 7.4777)","(-12.9778, 24.0867)","(-10.9333, -2.6004)","(5.0562, 6.6014)","(-8.612, -2.142)","(9.9151, 12.1648)","(-0.3935, -4.397)","(9.3995, -17.4793)","(-3.9477, -15.3023)","(23.034, -10.6068)","(-7.3369, 17.4231)","(-3.916, 6.5323)","(-1.4956, 8.2153)","(-0.5645, 0.8493)","(-3.8597, -11.7915)","(6.598, -2.5427)"
3.720000000000000284e+01,"(-0.8417, 1.1753)","(-20.8203, -4.6226)","(3.5845, 0.0221)","(6.5994, -4.4345)","(-5.8796, 10.1627)","(-0.0577, 10.5525)","(-17.1249, -3.9295)","(13.2951, 17.0071)","(-15.728, -3.9412)","(15.4967, 17.3568)","(-0.5191, -8.6269)","(5.9828, -13.0219)","(-3.0257, -5.5045)","(8.4558, -7.8485)","(-0.0551, 7.0844)","(-7.0678, 11.3807)","(0.0051, 2.7196)","(-1.4574, 2.1537)","(-2.3063, -4.2178)","(14.0709, -5.388)"
3.730000000000000426e+01,"(-1.5021, 2.3105)","(-15.7504, -1.2478)","(3.3601, -1.1426)","(5.4507, -3.0778)","(-7.8311, 13.7044)","(3.1336, 5.7967)","(-17.8906, -2.8213)","(18.9251, 19.7455)","(-20.7037, -4.0998)","(11.3477, 8.5631)","(-1.0335, -16.8467)","(2.5297, -6.5443)","(-1.1083, -1.5448)","(1.6999, -4.1097)","(1.3201, 2.9266)","(-10.0074, 17.0614)","(0.0909, 0.6565)","(-3.9245, 5.7518)","(-0.7065, -1.4897)","(21.9004, -9.409)"
3.739999999999999858e+01,"(-3.3534, 5.0869)","(-6.7989, 0.8152)","(5.4632, -2.1833)","(7.1943, -3.306)","(-7.1982, 14.1964)","(5.0657, 6.0443)","(-10.6816, -0.2019)","(10.0166, 3.2083)","(-13.0992, -0.387)","(4.9376, 1.9528)","(-2.6179, -22.2333)","(1.5892, -3.643)","(-0.2399, -0.3901)","(0.0472, -3.7439)","(2.465, 3.1072)","(-6.6162, 14.7882)","(0.1099, 0.2124)","(-10.0487, 14.8878)","(-0.2209, -1.4135)","(12.4628, -8.5343)"
3.750000000000000000e+01,"(-7.6974, 11.6412)","(-2.6131, 0.2942)","(10.3274, -4.0797)","(11.2797, -4.8056)","(-4.3477, 10.477)","(7.3159, 8.297)","(-5.5431, 0.0597)","(6.5768, -1.2565)","(-5.5009, 0.6816)","(1.5166, 0.2381)","(-3.9857, -12.0405)","(2.1871, -4.1299)","(-0.0514, -0.3338)","(-0.3956, -5.8457)","(4.4044, 5.2928)","(-2.1176, 7.7386)","(0.2461, 0.3175)","(-14.3609, 24.4774)","(-0.1791, -2.7531)","(3.4329, -4.4171)"
3.760000000000000142e+01,"(-12.9769, 21.1014)","(-2.0287, -0.2758)","(17.8569, -7.3344)","(15.9301, -7.0384)","(-2.9684, 7.2153)","(10.1983, 11.3481)","(-4.5427, -0.5943)","(7.4445, -3.0188)","(-2.5043, 0.0523)","(0.7914, -0.1854)","(-2.4341, -4.0985)","(3.9917, -7.0917)","(-0.0395, -0.7408)","(-0.6987, -10.614)","(8.3233, 10.0689)","(-1.1795, 3.796)","(0.5802, 0.737)","(-1.9684, 12.3737)","(-0.2844, -6.1238)","(0.6059, -1.7642)"
3.770000000000000284e+01,"(-5.8822, 15.7128)","(-3.5127, -0.8577)","(17.3861, -9.0097)","(14.5392, -7.7118)","(-3.376, 6.6939)","(11.4462, 11.6677)","(-6.645, -1.4828)","(10.2668, -4.458)","(-2.8016, -0.5316)","(1.3237, -0.4956)","(-0.7543, -1.1526)","(7.3887, -13.0242)","(-0.0684, -1.8037)","(-1.3935, -18.2617)","(13.6891, 15.7373)","(-1.7958, 3.4703)","(1.4743, 1.8953)","(2.1867, 5.6763)","(-0.6212, -14.0178)","(-0.0097, -1.812)"
3.780000000000000426e+01,"(0.1679, 6.1911)","(-7.3433, -1.969)","(7.4979, -6.1152)","(8.3536, -5.6417)","(-4.987, 8.7137)","(9.1389, 7.9723)","(-11.6882, -2.8889)","(13.9348, -6.2174)","(-5.1949, -1.3162)","(2.9062, -1.0905)","(-0.1565, -0.5289)","(10.0401, -18.5227)","(-0.1492, -4.6891)","(-2.9776, -19.5022)","(12.7446, 11.4802)","(-3.4445, 5.6222)","(3.9516, 5.1195)","(3.9833, 5.072)","(-1.9214, -24.7154)","(-0.1824, -3.3335)"
3.789999999999999858e+01,"(1.2835, 2.6272)","(-15.5662, -4.1712)","(2.661, -2.6375)","(5.1384, -3.3858)","(-7.307, 12.4819)","(6.2421, 5.2208)","(-18.602, -4.2899)","(14.456, -7.2275)","(-10.7916, -2.8825)","(7.0042, -2.578)","(-0.074, -0.9517)","(5.9924, -13.2907)","(-0.3882, -12.3963)","(-3.4707, -9.981)","(6.6571, 3.8756)","(-6.7106, 10.587)","(10.4123, 13.3807)","(6.0851, 7.0243)","(-4.4818, -16.0547)","(-0.3469, -7.1443)"
3.800000000000000000e+01,"(2.3939, 2.9903)","(-23.4357, -5.0769)","(1.5888, -1.0616)","(5.4129, -2.7424)","(-8.1226, 14.9735)","(5.2544, 5.08)","(-17.7027, -2.4175)","(10.316, -6.1632)","(-20.195, -5.0692)","(16.4459, -6.1309)","(-0.0986, -2.1592)","(2.1279, -6.031)","(-1.4975, -26.376)","(-1.8233, -4.0544)","(2.5847, 1.4043)","(-10.6217, 17.5541)","(18.8616, 21.6831)","(9.2812, 10.6353)","(-3.754, -4.87)","(-0.7668, -15.5925)"
3.810000000000000142e+01,"(4.3626, 5.2652)","(-13.831, 0.0565)","(2.5404, -1.1088)","(8.2915, -3.5856)","(-5.427, 12.2659)","(6.3833, 6.9643)","(-9.2508, 0.2824)","(6.962, -4.3218)","(-20.1137, -2.8225)","(24.0261, -10.6477)","(-0.1947, -5.3093)","(1.0166, -2.6132)","(-4.9131, -18.7516)","(-0.641, -2.5354)","(1.4637, 1.3256)","(-7.4564, 16.1864)","(11.7515, 6.5188)","(12.0795, 12.9948)","(-2.5662, -1.3595)","(-2.2873, -24.3795)"
3.820000000000000284e+01,"(8.4193, 10.2292)","(-4.7666, 1.5481)","(5.2111, -2.0302)","(13.468, -5.653)","(-3.0693, 8.0005)","(9.1042, 10.2607)","(-4.2912, 0.2067)","(6.6123, -3.4867)","(-8.7263, 1.1704)","(9.458, -8.3314)","(-0.4782, -13.3158)","(1.3064, -2.5189)","(-5.2811, -5.359)","(-0.3706, -3.7701)","(2.1608, 2.5192)","(-1.8187, 7.9768)","(6.3414, -0.1843)","(10.5618, 9.5255)","(-3.6772, -1.0072)","(-4.4344, -13.8164)"
3.830000000000000426e+01,"(13.9777, 16.0904)","(-1.3972, 1.1063)","(11.3174, -4.3051)","(17.0989, -7.8823)","(-2.8417, 6.2023)","(11.6254, 12.4642)","(-3.4737, -0.4631)","(8.7899, -4.0077)","(-2.6924, 1.0157)","(1.9084, -4.5705)","(-1.7185, -26.1077)","(2.5353, -4.484)","(-5.2443, -1.9902)","(-0.4497, -7.3578)","(4.3463, 5.3536)","(-0.5527, 3.0848)","(6.1053, -2.1939)","(6.7403, 5.2248)","(-6.6037, -1.6912)","(-3.2022, -4.1863)"
3.840000000000000568e+01,"(12.7489, 11.3122)","(-1.1505, 1.6595)","(20.72, -8.3831)","(12.1625, -7.2852)","(-4.0364, 7.2788)","(10.5118, 9.6971)","(-5.4556, -1.2682)","(12.7007, -5.5686)","(-0.714, 0.5746)","(0.0538, -4.1687)","(-4.8319, -17.1908)","(5.2838, -9.1754)","(-7.3616, -1.7815)","(-0.8484, -14.8829)","(9.279, 11.4921)","(-0.7771, 1.8033)","(8.4807, -3.5897)","(4.5984, 4.0391)","(-12.8061, -3.3248)","(-1.9124, -1.0914)"
3.850000000000000000e+01,"(6.4659, 3.5733)","(-2.0626, 3.195)","(16.7106, -9.5204)","(6.162, -4.5353)","(-6.2949, 10.6415)","(7.1288, 5.7667)","(-10.3536, -2.6579)","(15.3024, -7.1938)","(-0.6234, 0.8953)","(-0.4463, -6.3437)","(-4.6345, -4.9501)","(9.8707, -17.3762)","(-11.3687, -2.6576)","(-2.1728, -22.6715)","(15.6638, 17.9621)","(-1.6578, 2.7399)","(12.741, -5.4518)","(4.9584, 5.2726)","(-20.783, -4.8116)","(-2.7219, -0.7704)"
3.860000000000000142e+01,"(2.3537, 1.1453)","(-4.486, 6.8482)","(5.1756, -5.6588)","(4.2542, -2.6406)","(-8.4286, 14.6775)","(5.1027, 4.55)","(-18.4683, -4.5455)","(12.224, -6.8972)","(-1.2182, 1.8582)","(-0.776, -11.1453)","(-4.2872, -1.7247)","(9.4918, -18.6907)","(-16.5218, -3.6276)","(-4.0162, -14.571)","(12.204, 9.5512)","(-3.5853, 5.5467)","(15.9188, -7.3664)","(7.3421, 8.4155)","(-16.9961, -1.6648)","(-5.0928, -1.3317)"
3.870000000000000284e+01,"(1.1035, 0.9327)","(-9.4821, 14.5999)","(1.0594, -2.2888)","(5.4802, -2.559)","(-7.0195, 14.3403)","(5.4101, 5.7002)","(-19.8825, -3.1719)","(7.6568, -4.9346)","(-2.855, 4.2908)","(-1.5047, -18.2834)","(-6.221, -1.5551)","(3.195, -8.9987)","(-16.7363, -2.5694)","(-2.9276, -5.0933)","(5.4147, 1.9761)","(-7.7428, 11.8765)","(12.54, -7.125)","(11.0625, 12.554)","(-7.3329, 0.9188)","(-10.5439, -2.8214)"
3.880000000000000426e+01,"(1.5554, 1.8044)","(-11.8955, 20.9756)","(0.0742, -1.751)","(9.23, -3.8424)","(-3.6626, 9.5975)","(7.6482, 8.6517)","(-10.0612, 0.5158)","(6.0498, -3.4812)","(-6.9217, 10.3516)","(-2.9975, -18.5725)","(-10.2539, -2.4915)","(0.7466, -3.1283)","(-10.7675, -0.4922)","(-1.0524, -1.3654)","(1.9412, 0.0301)","(-12.2232, 20.2058)","(7.324, -4.9163)","(12.3611, 12.452)","(-2.5618, 0.4659)","(-19.8953, -5.0201)"
3.890000000000000568e+01,"(3.1751, 3.9254)","(-3.2605, 12.0095)","(-0.161, -2.9824)","(15.2907, -6.3714)","(-2.4907, 6.2491)","(10.9265, 12.2141)","(-3.7844, 0.6516)","(7.3424, -3.4856)","(-13.2118, 20.8509)","(-3.2817, -9.6962)","(-16.4819, -3.8584)","(0.1091, -0.8443)","(-6.4745, -0.2533)","(-0.2569, -0.2817)","(1.7959, -0.5955)","(-5.8479, 15.1938)","(5.433, -3.2339)","(8.7818, 7.0317)","(-1.3983, -0.0956)","(-20.4256, -2.9994)"
3.900000000000000000e+01,"(7.1212, 8.9291)","(0.2807, 4.401)","(-0.316, -6.1665)","(17.4022, -8.3999)","(-3.124, 6.0445)","(11.8157, 11.7932)","(-1.7149, -0.0008)","(10.8752, -4.7356)","(-7.3445, 17.6931)","(-1.7195, -4.35)","(-18.45, -3.1586)","(-0.0332, -0.57)","(-5.9518, -0.8917)","(-0.0663, -0.0488)","(3.2345, -1.2522)","(-0.3287, 6.1292)","(6.6219, -3.1464)","(5.1322, 3.9109)","(-2.237, -0.5248)","(-9.0244, 1.1189)"
3.910000000000000142e+01,"(14.3116, 17.2908)","(0.9019, 1.7839)","(-0.6536, -13.4574)","(10.0908, -6.7678)","(-4.9764, 8.4844)","(8.6241, 7.1065)","(-2.2541, -0.4776)","(15.0462, -6.6987)","(0.2519, 7.1413)","(-0.6903, -3.3188)","(-11.5425, -0.3778)","(-0.1103, -1.0954)","(-8.4786, -1.8594)","(-0.0792, -0.026)","(6.907, -2.6254)","(0.5387, 1.9534)","(10.2336, -4.3908)","(4.0387, 3.8763)","(-4.7078, -1.2646)","(-2.8181, 1.0317)"
3.920000000000000284e+01,"(14.9982, 13.9887)","(1.7436, 2.1881)","(-1.8323, -23.4796)","(4.6599, -3.6867)","(-7.7081, 12.9255)","(5.466, 4.4208)","(-4.492, -1.1769)","(14.4913, -7.4962)","(1.7797, 3.3822)","(-0.474, -5.1249)","(-5.8732, 0.1294)","(-0.2514, -2.534)","(-13.6188, -3.1974)","(-0.188, -0.0541)","(14.9123, -5.6885)","(1.055, 1.467)","(15.1619, -6.5788)","(5.3033, 5.9442)","(-10.6697, -2.9491)","(-0.7304, 0.5586)"
3.930000000000000426e+01,"(7.4104, 3.1598)","(3.3914, 4.1525)","(-4.1785, -16.7981)","(3.464, -2.0728)","(-8.6124, 15.8097)","(4.6601, 4.5752)","(-9.8757, -2.7)","(9.1859, -5.8564)","(3.1753, 3.8964)","(-0.6218, -9.7236)","(-4.3973, -0.4908)","(-0.6115, -6.3516)","(-18.2631, -3.7368)","(-0.4922, -0.1434)","(22.3161, -9.7427)","(2.061, 2.5321)","(15.5602, -7.8332)","(8.5553, 9.9781)","(-21.4208, -5.5413)","(-0.5883, 0.8342)"
3.940000000000000568e+01,"(2.9931, 0.0541)","(7.1102, 8.8026)","(-3.5603, -5.519)","(5.0595, -2.2547)","(-5.1483, 12.22)","(6.0833, 6.7829)","(-19.9783, -5.2051)","(5.9579, -3.796)","(5.4768, 6.521)","(-1.227, -17.8407)","(-6.1491, -1.3348)","(-1.54, -15.8122)","(-14.7812, -1.5221)","(-1.3614, -0.4027)","(11.3422, -8.3242)","(4.3414, 5.3946)","(9.5622, -6.2001)","(12.4818, 13.926)","(-20.8909, -2.7559)","(-1.1314, 1.7252)"
3.950000000000000000e+01,"(2.7423, -0.9157)","(13.5998, 16.2762)","(-1.8201, -1.3792)","(9.1827, -3.7185)","(-2.5301, 7.254)","(9.2746, 10.6373)","(-21.7997, -3.4242)","(6.0574, -3.1078)","(9.7126, 11.5477)","(-2.8638, -20.8603)","(-10.7845, -2.663)","(-3.2842, -27.1552)","(-8.1937, -0.005)","(-3.9077, -1.1671)","(2.8945, -4.1859)","(9.4623, 11.7636)","(5.5106, -3.7629)","(11.7535, 10.8786)","(-8.1645, 1.7887)","(-2.6451, 3.9762)"
3.960000000000000142e+01,"(4.6047, -1.8183)","(14.6273, 13.9725)","(-2.0922, -0.6672)","(16.0794, -6.5732)","(-2.3528, 5.2782)","(12.2711, 13.264)","(-9.2852, 1.4278)","(8.7357, -3.8607)","(13.7885, 15.1172)","(-3.7349, -10.7152)","(-17.8614, -4.2281)","(-3.7457, -13.9494)","(-5.1886, -0.3261)","(-11.2421, -3.35)","(0.4368, -2.0141)","(15.9945, 18.3143)","(5.13, -2.7448)","(7.1103, 5.1145)","(-2.564, 1.7677)","(-6.4555, 9.6408)"
3.970000000000000284e+01,"(9.1135, -3.5464)","(7.5974, 3.9202)","(-3.7995, -0.9977)","(18.2384, -8.8339)","(-3.5946, 6.3918)","(10.7171, 9.6297)","(-2.8591, 1.5219)","(13.3567, -5.7315)","(10.9541, 9.0984)","(-2.0576, -3.9055)","(-18.6876, -2.9184)","(-2.8487, -5.1045)","(-5.8682, -1.0923)","(-26.4459, -7.2191)","(-0.0944, -2.6177)","(12.0621, 9.1495)","(7.4819, -3.3049)","(3.9686, 3.0803)","(-1.7244, 2.4039)","(-12.9069, 20.15)"
3.980000000000000426e+01,"(17.2115, -6.8589)","(2.7089, 0.6068)","(-7.8865, -2.1201)","(9.4411, -6.7911)","(-6.0518, 10.0134)","(6.6774, 5.0648)","(-1.3638, 1.6845)","(16.1782, -7.5939)","(5.5952, 3.4405)","(-0.6254, -1.6626)","(-10.2625, 0.1385)","(-3.2139, -3.8048)","(-9.4103, -2.2153)","(-20.5482, -1.1964)","(-0.2816, -4.9035)","(5.2798, 1.7007)","(12.2492, -5.1309)","(3.6542, 3.7486)","(-2.6931, 4.24)","(-8.3627, 18.7852)"
3.990000000000000568e+01,"(19.3768, -9.4491)","(1.1711, -0.1915)","(-16.3806, -4.3496)","(3.7135, -3.3413)","(-8.8939, 15.0546)","(4.3834, 3.7834)","(-1.9114, 2.9686)","(11.8867, -6.9964)","(2.6933, 1.9936)","(-0.2501, -2.048)","(-4.631, 0.3127)","(-4.9275, -5.3473)","(-15.5935, -3.7132)","(-7.3563, 4.3372)","(-0.5289, -10.3011)","(2.1573, -0.1603)","(16.9161, -7.5429)","(5.4986, 6.3643)","(-5.3202, 8.2885)","(0.0341, 7.7285)"
4.000000000000000000e+01,"(8.4601, -6.834)","(1.6643, -0.6167)","(-23.1364, -4.774)","(2.302, -1.5167)","(-7.7493, 15.4993)","(4.6714, 4.9622)","(-3.8093, 5.8991)","(6.7181, -4.6099)","(2.6217, 2.7749)","(-0.2481, -4.0581)","(-3.2779, -0.3465)","(-8.1451, -8.8253)","(-19.0326, -3.5581)","(-4.3777, 5.8824)","(-1.262, -19.9978)","(2.4482, -0.8807)","(13.7178, -7.6973)","(9.4361, 11.1425)","(-9.8704, 15.6611)","(1.735, 3.52)"
4.010000000000000142e+01,"(2.5287, -2.9974)","(3.4095, -1.299)","(-12.8388, 0.3254)","(3.4058, -1.5225)","(-3.4906, 9.8279)","(7.0249, 8.0915)","(-7.9362, 12.2542)","(5.1572, -3.021)","(4.4041, 5.2345)","(-0.4243, -8.9261)","(-4.868, -1.0964)","(-12.3795, -13.1937)","(-12.7267, -0.6538)","(-4.7992, 8.0613)","(-3.3419, -21.2905)","(4.4777, -1.7482)","(7.1002, -5.1301)","(13.4397, 14.7876)","(-10.0304, 18.9053)","(3.121, 3.8611)"
4.020000000000000284e+01,"(0.7116, -0.8418)","(7.8073, -2.9146)","(-4.369, 1.4324)","(6.6099, -2.6226)","(-1.9119, 5.5359)","(10.9309, 12.5247)","(-11.8981, 19.9357)","(6.6196, -3.0817)","(8.4837, 10.3027)","(-1.0149, -18.7731)","(-9.1872, -2.353)","(-12.3226, -12.1354)","(-6.3375, 0.2251)","(-6.4353, 11.0772)","(-4.0171, -8.7894)","(9.3536, -3.5859)","(4.3696, -2.8889)","(11.144, 9.5462)","(-2.8504, 10.4706)","(5.3386, 6.3453)"
4.030000000000000426e+01,"(0.5118, -0.3002)","(17.2143, -6.5393)","(-1.2329, 0.9435)","(13.3189, -5.1906)","(-2.3574, 4.7592)","(12.7038, 12.9824)","(-5.53, 14.6071)","(10.5236, -4.4656)","(14.0703, 16.1849)","(-3.0342, -23.4658)","(-17.0875, -4.309)","(-7.4733, -6.4382)","(-4.1904, -0.3427)","(-7.6774, 13.8339)","(-2.0533, -2.4987)","(18.1967, -7.191)","(5.0324, -2.4612)","(5.9709, 3.871)","(-0.3368, 3.9367)","(9.4306, 11.21)"
4.040000000000000568e+01,"(1.0637, -0.4262)","(22.5288, -10.3996)","(-0.9744, 1.3902)","(20.6184, -8.8518)","(-4.0269, 6.8074)","(9.0907, 7.2575)","(-0.4728, 5.9417)","(15.6735, -6.7881)","(12.7059, 11.2009)","(-4.4161, -10.1668)","(-20.9888, -3.8739)","(-4.0328, -3.4677)","(-5.4547, -1.1311)","(-6.3489, 13.0842)","(-1.0429, -0.5995)","(19.5573, -9.7516)","(8.2315, -3.4727)","(3.0647, 2.3382)","(-0.1493, 1.1718)","(13.6347, 15.0592)"
4.050000000000000000e+01,"(2.4706, -0.9231)","(8.6643, -7.7364)","(-1.7625, 2.7188)","(13.4019, -8.4864)","(-7.0254, 11.4262)","(5.1074, 3.7376)","(0.2778, 1.7568)","(15.5133, -7.9377)","(6.386, 3.4767)","(-2.6458, -2.8441)","(-11.6726, 0.1874)","(-3.455, -3.4253)","(-9.5179, -2.345)","(-4.0274, 9.6146)","(-1.5516, -0.4484)","(7.5395, -6.6984)","(13.9786, -5.7739)","(3.0105, 3.1778)","(-0.3813, 0.7751)","(11.2313, 9.5479)"
4.060000000000000142e+01,"(6.1412, -2.2427)","(1.8399, -3.8496)","(-3.9054, 5.9367)","(4.3613, -4.5992)","(-9.6609, 16.6191)","(3.724, 3.4768)","(0.501, 0.824)","(9.0197, -6.0417)","(2.2885, 1.0834)","(-2.0008, -0.8661)","(-4.4485, 0.8029)","(-5.1166, -5.4725)","(-16.582, -4.0494)","(-3.2691, 7.3322)","(-3.1409, -0.8476)","(1.9055, -2.8347)","(17.8592, -8.2209)","(4.9279, 5.8193)","(-0.9168, 1.4457)","(5.875, 3.6825)"
4.070000000000000284e+01,"(15.0917, -5.5497)","(0.1292, -3.0757)","(-8.6632, 13.1986)","(1.1691, -1.5441)","(-6.5503, 14.5032)","(4.7828, 5.3444)","(1.0329, 1.2932)","(5.0837, -3.5262)","(1.0235, 0.8487)","(-3.2253, -0.8612)","(-1.6933, 0.129)","(-8.8998, -9.6835)","(-19.8512, -3.6089)","(-3.9978, 7.5858)","(-7.1106, -1.9725)","(0.293, -1.0973)","(11.797, -7.3549)","(9.1294, 10.9794)","(-2.1633, 3.268)","(2.8443, 2.0881)"
4.080000000000000426e+01,"(24.984, -10.5738)","(-0.2997, -4.7932)","(-12.6916, 21.4123)","(0.3559, -0.364)","(-2.378, 7.9519)","(7.8858, 9.2628)","(2.2367, 2.7971)","(4.8602, -2.5725)","(1.424, 1.6498)","(-6.2689, -1.6514)","(-1.7707, -0.3273)","(-13.4543, -14.3)","(-11.9081, -0.1775)","(-5.7337, 10.0063)","(-16.0761, -4.4148)","(-0.0299, -1.3531)","(5.4047, -4.2744)","(14.0652, 15.8211)","(-5.3111, 7.9247)","(2.6858, 2.8162)"
4.090000000000000568e+01,"(11.0117, -8.9796)","(-0.5539, -8.9627)","(-4.327, 13.6779)","(0.4665, -0.2177)","(-1.4831, 4.2872)","(12.2628, 13.9655)","(5.2496, 6.6478)","(7.3277, -3.1975)","(2.9169, 3.6092)","(-12.9914, -3.4655)","(-3.4199, -0.8808)","(-11.9123, -11.39)","(-5.2263, 0.4792)","(-7.5992, 13.3387)","(-24.7974, -5.4165)","(-0.135, -2.6964)","(3.4618, -2.2433)","(11.8192, 10.0593)","(-11.6313, 17.7883)","(4.4314, 5.2471)"
4.100000000000000000e+01,"(2.2308, -5.2253)","(-1.1012, -16.7874)","(0.3079, 5.1948)","(1.0581, -0.405)","(-2.2057, 4.1858)","(12.5321, 12.025)","(11.9556, 14.925)","(12.3145, -5.1095)","(6.6053, 8.3012)","(-22.0033, -5.1993)","(-7.5347, -2.0637)","(-6.3906, -5.228)","(-2.9947, -0.1573)","(-7.2166, 14.0782)","(-13.3765, 0.5954)","(-0.2644, -6.1335)","(4.5713, -2.1222)","(5.9151, 3.3685)","(-10.997, 21.2933)","(8.447, 10.236)"
4.110000000000000142e+01,"(0.0705, -4.7505)","(-2.6201, -21.4425)","(1.1664, 2.2455)","(2.5783, -0.9475)","(-4.0681, 6.6735)","(7.7094, 5.5025)","(17.1579, 18.3525)","(17.3138, -7.6702)","(13.751, 16.7762)","(-17.0831, -1.3886)","(-16.4891, -4.4688)","(-3.1188, -2.6203)","(-3.9558, -0.8318)","(-4.6025, 10.7807)","(-4.4306, 2.0895)","(-0.6082, -14.3158)","(8.1136, -3.3196)","(2.3593, 1.4291)","(-0.8842, 9.5286)","(13.9422, 16.0252)"
4.120000000000000284e+01,"(-0.5156, -6.9705)","(-3.8079, -11.9726)","(2.1953, 2.7312)","(6.6505, -2.4046)","(-7.4722, 11.9542)","(3.9576, 2.8195)","(9.7924, 5.2299)","(13.8215, -7.8196)","(15.6551, 15.2023)","(-6.6666, 1.3349)","(-24.1706, -5.0984)","(-2.7602, -2.7667)","(-7.3689, -1.875)","(-3.1641, 7.5917)","(-1.9702, 2.3029)","(-1.9728, -25.2765)","(14.6109, -5.9131)","(1.7023, 1.6792)","(1.5024, 3.9382)","(12.699, 11.2696)"
4.130000000000000426e+01,"(-0.8781, -11.6892)","(-2.3068, -4.4154)","(4.1201, 5.0049)","(16.5851, -6.0813)","(-10.3027, 17.686)","(3.1259, 3.0644)","(4.3309, 0.2473)","(6.8164, -5.0858)","(7.9922, 3.6107)","(-1.8987, 0.8189)","(-12.8494, 0.6082)","(-4.4353, -4.7915)","(-14.459, -3.7548)","(-3.4691, 6.9424)","(-2.4271, 3.7962)","(-4.6247, -15.634)","(18.8889, -8.6697)","(2.7469, 3.2504)","(2.8234, 3.6366)","(6.4643, 3.6078)"
4.140000000000000568e+01,"(-1.6272, -18.0439)","(-0.7295, -1.7218)","(8.2259, 10.0686)","(25.3269, -11.0759)","(-6.0591, 14.288)","(4.5277, 5.2113)","(3.6522, -1.172)","(3.9769, -2.7168)","(3.2946, 0.0985)","(-0.5573, 0.5324)","(-4.235, 1.8287)","(-8.3307, -9.147)","(-21.7306, -4.7542)","(-4.9687, 8.7713)","(-4.4365, 6.9902)","(-3.8656, -4.6123)","(11.2941, -7.4533)","(5.5745, 6.87)","(4.779, 5.6711)","(2.3858, 1.1994)"
4.150000000000000000e+01,"(-2.9647, -17.5061)","(-0.2593, -1.8324)","(14.1843, 16.4884)","(9.2268, -8.6868)","(-1.7089, 7.0269)","(8.0485, 9.6139)","(5.6169, -2.2591)","(4.5509, -2.2356)","(2.9365, -0.9692)","(-0.6337, 0.9377)","(-1.6612, 1.8056)","(-13.8526, -14.9128)","(-14.9317, -0.7538)","(-7.1336, 12.2739)","(-8.3902, 13.2486)","(-2.9823, -1.3939)","(4.4604, -3.9702)","(11.3478, 13.8614)","(8.4356, 10.0481)","(1.1916, 1.0345)"
4.160000000000000142e+01,"(-3.0591, -9.5592)","(-0.2293, -3.5513)","(13.1298, 11.6765)","(1.7143, -5.3623)","(-0.9576, 3.2465)","(13.0143, 14.9365)","(10.2082, -4.0786)","(7.6171, -3.1908)","(4.8243, -1.913)","(-1.322, 2.0088)","(-1.9518, 3.0072)","(-12.9548, -12.5043)","(-5.9111, 1.0395)","(-7.9492, 14.6589)","(-10.7971, 18.8874)","(-4.4058, -1.1634)","(2.3685, -1.7157)","(15.7311, 16.8217)","(13.0754, 14.8161)","(1.7175, 1.9982)"
4.170000000000000284e+01,"(-1.6498, -4.902)","(-0.3731, -7.7792)","(6.5324, 3.3827)","(-0.1212, -5.5988)","(-1.5645, 2.9937)","(12.7818, 11.9256)","(17.2334, -7.131)","(13.4627, -5.4839)","(9.365, -3.6655)","(-3.1725, 4.7485)","(-3.6414, 5.6926)","(-6.5797, -5.1575)","(-1.8802, 0.4127)","(-5.5508, 12.3113)","(-4.7802, 13.0541)","(-7.8178, -1.9819)","(3.0835, -1.4482)","(9.8475, 6.4265)","(12.2501, 11.1955)","(3.5004, 4.3253)"
4.180000000000000426e+01,"(-0.7781, -4.4018)","(-0.8479, -16.8872)","(2.2205, 0.8209)","(-0.6601, -8.2551)","(-3.11, 5.0285)","(7.1856, 4.6287)","(17.2181, -8.8078)","(18.4306, -8.2612)","(17.2535, -6.9318)","(-7.7148, 11.5331)","(-7.3785, 11.4613)","(-2.5939, -1.9319)","(-0.9541, -0.0601)","(-3.2859, 8.3125)","(-0.9158, 5.61)","(-14.5143, -3.683)","(5.8203, -2.3397)","(3.9453, 1.2582)","(6.8701, 4.5021)","(7.7637, 9.7072)"
4.190000000000000568e+01,"(-0.6198, -6.8327)","(-2.5828, -24.4096)","(0.5915, 0.3061)","(-1.0807, -13.2903)","(-6.3034, 9.8465)","(3.1787, 1.9991)","(8.0368, -6.1934)","(12.6604, -7.7389)","(18.8775, -9.3097)","(-13.6904, 21.9958)","(-11.469, 19.0297)","(-1.4805, -1.3869)","(-1.5977, -0.3832)","(-3.0145, 6.5446)","(-0.4333, 2.0649)","(-20.7964, -4.4178)","(11.7726, -4.5816)","(1.3132, -0.0032)","(3.2479, 2.2303)","(14.9013, 17.7665)"
4.200000000000000000e+01,"(-0.8625, -12.2768)","(-4.5002, -12.2247)","(0.4654, 0.4966)","(-1.9544, -18.2946)","(-10.757, 17.4337)","(2.1918, 2.09)","(3.197, -2.8613)","(5.4418, -4.5011)","(8.3462, -6.6802)","(-5.7402, 16.0052)","(-6.4519, 15.4664)","(-2.2368, -2.4041)","(-3.4795, -0.9473)","(-4.1535, 7.546)","(-0.8323, 1.6396)","(-14.6142, -0.8772)","(19.8812, -8.2604)","(1.2838, -0.4308)","(2.6083, 2.6028)","(14.1622, 12.5352)"
4.210000000000000142e+01,"(-1.7116, -19.4016)","(-3.0075, -3.5611)","(0.9229, 1.1373)","(-3.0571, -15.2892)","(-8.3011, 17.3166)","(3.2574, 3.7862)","(2.294, -1.3957)","(2.9695, -2.1179)","(2.6509, -2.9348)","(0.6745, 6.3374)","(-0.9633, 6.7421)","(-4.5163, -5.0025)","(-8.2309, -2.3135)","(-6.2941, 10.7336)","(-1.8184, 2.9016)","(-6.2782, 0.7398)","(15.6786, -8.9908)","(2.4464, -0.9352)","(4.0161, 4.6918)","(6.7494, 2.6915)"
4.220000000000000284e+01,"(-3.2568, -17.363)","(-2.0432, -0.9993)","(2.1654, 2.7461)","(-2.6545, -8.375)","(-1.8232, 8.4892)","(6.2475, 7.6076)","(3.6863, -1.5949)","(3.6279, -1.7424)","(0.9954, -0.9036)","(2.0896, 3.4575)","(-0.0263, 2.1136)","(-9.6101, -10.6845)","(-18.5891, -5.0822)","(-8.2127, 14.4253)","(-4.0482, 6.1919)","(-2.6306, 0.1668)","(5.4934, -5.3385)","(5.4816, -2.0548)","(7.5486, 9.135)","(2.6681, 0.0096)"
4.230000000000000426e+01,"(-3.1088, -8.309)","(-3.1204, -0.8488)","(5.4341, 6.9596)","(-1.4004, -5.1865)","(-0.2609, 3.0073)","(11.8542, 14.2364)","(7.2989, -2.8704)","(6.5324, -2.6691)","(1.2168, -0.5861)","(3.6139, 4.3548)","(-0.0354, 0.5147)","(-16.0715, -17.2514)","(-24.5988, -4.7014)","(-6.8682, 14.0308)","(-8.7933, 13.4648)","(-2.4959, -0.4161)","(1.5367, -1.9561)","(12.7281, -4.7469)","(13.0962, 15.3191)","(2.5327, -0.857)"
4.240000000000000568e+01,"(-1.454, -3.7335)","(-5.915, -1.547)","(12.8891, 16.1884)","(-0.806, -5.7517)","(-0.2589, 1.0262)","(14.8869, 15.3845)","(14.6043, -5.707)","(12.5592, -4.9709)","(2.5205, -0.9904)","(6.21, 7.3803)","(-0.1566, 0.3131)","(-11.9091, -10.687)","(-10.8656, 1.5645)","(-3.7986, 9.6622)","(-12.3884, 21.1252)","(-4.4702, -1.112)","(0.4647, -0.4889)","(22.9571, -9.3726)","(13.5922, 12.9359)","(4.3608, -1.7138)"
4.250000000000000000e+01,"(-0.5858, -3.2078)","(-12.1417, -3.2306)","(17.5974, 18.3071)","(-0.7886, -9.1762)","(-0.6451, 1.1343)","(9.0719, 5.9348)","(20.7956, -9.2218)","(19.4971, -8.3454)","(5.7473, -2.1538)","(10.6715, 12.5582)","(-0.4108, 0.6364)","(-5.0518, -3.293)","(-3.6095, 2.3511)","(-2.709, 6.5734)","(-4.1674, 13.3069)","(-9.2776, -2.4792)","(0.5385, -0.262)","(14.5428, -9.4374)","(7.4935, 4.5507)","(8.8188, -3.4097)"
4.260000000000000142e+01,"(-0.4434, -5.2846)","(-21.2495, -5.1327)","(9.3741, 4.0317)","(-1.2194, -15.3127)","(-1.4794, 2.2912)","(3.6335, 1.5283)","(11.6381, -8.0163)","(14.2932, -8.4773)","(13.3515, -4.9822)","(13.6852, 14.4479)","(-1.0181, 1.5214)","(-1.7735, -0.7988)","(-2.2735, 3.1212)","(-3.3588, 6.4691)","(0.1883, 5.0294)","(-18.3869, -4.7637)","(1.1927, -0.4613)","(3.6164, -5.3019)","(2.9308, 1.4683)","(17.1213, -6.762)"
4.270000000000000284e+01,"(-0.6269, -10.2754)","(-18.2032, -1.9402)","(4.8195, -0.3631)","(-2.3551, -19.2939)","(-3.4991, 5.2691)","(1.0613, 0.495)","(3.5987, -4.0463)","(5.3521, -4.9256)","(23.2874, -9.6269)","(9.8078, 7.6575)","(-2.6572, 3.917)","(-1.5951, -0.3931)","(-3.2449, 5.1766)","(-5.1958, 8.9162)","(0.9237, 1.9616)","(-21.9593, -3.8804)","(2.858, -1.0557)","(0.5149, -3.0936)","(1.3249, 1.0679)","(19.9526, -9.5995)"
4.280000000000000426e+01,"(-1.3065, -18.792)","(-7.4705, 1.2295)","(5.0767, -1.8767)","(-3.3095, -13.1222)","(-8.2312, 12.3907)","(0.6024, 0.5826)","(0.9111, -1.2732)","(1.9505, -1.8789)","(13.5569, -9.226)","(4.896, 3.0874)","(-6.998, 10.3033)","(-2.9044, -0.6153)","(-5.9147, 9.3858)","(-7.7218, 13.1015)","(1.781, 2.2511)","(-10.6091, 0.8588)","(7.2556, -2.635)","(-0.2027, -4.1208)","(1.7097, 1.949)","(8.6206, -7.0195)"
4.290000000000000568e+01,"(-3.0792, -20.5239)","(-2.2352, 0.8146)","(7.7875, -3.2116)","(-2.3173, -6.4088)","(-13.4055, 22.0022)","(1.0584, 1.278)","(0.2354, -0.2768)","(1.5817, -0.9016)","(3.2648, -5.0887)","(2.7117, 2.2502)","(-14.2563, 22.193)","(-6.1967, -1.3295)","(-9.789, 15.9824)","(-8.2222, 15.3516)","(3.4103, 4.1625)","(-3.4524, 1.2085)","(17.5685, -6.4997)","(-0.4737, -7.2626)","(3.3698, 4.1384)","(2.4199, -3.0991)"
4.300000000000000000e+01,"(-3.7244, -9.7111)","(-0.5229, 0.3452)","(12.9826, -5.3613)","(-1.0506, -4.1753)","(-4.8991, 14.8011)","(2.3662, 2.9753)","(0.2546, -0.1253)","(2.8785, -1.1928)","(0.4297, -3.1488)","(3.1526, 3.4726)","(-7.0029, 17.9764)","(-13.7695, -2.9657)","(-8.6658, 17.163)","(-4.9643, 11.7802)","(7.0403, 8.6906)","(-0.9291, 0.711)","(24.4597, -11.0803)","(-0.8663, -13.7825)","(7.3624, 9.1839)","(0.5044, -0.906)"
4.310000000000000142e+01,"(-1.9002, -3.3483)","(-0.3231, 0.4346)","(17.5018, -7.8749)","(-0.6304, -5.3837)","(0.5999, 5.7512)","(5.7289, 7.2911)","(0.5953, -0.2276)","(6.1151, -2.3472)","(-0.2336, -4.3424)","(5.4953, 6.5687)","(1.0897, 7.3888)","(-23.793, -4.7094)","(-2.8083, 9.6292)","(-2.6985, 7.3166)","(13.3675, 15.9821)","(-0.7427, 1.056)","(8.2756, -8.2688)","(-1.9738, -21.151)","(14.3236, 17.1708)","(0.0615, -0.3619)"
4.320000000000000284e+01,"(-0.5307, -1.2794)","(-0.6098, 0.9213)","(12.9859, -7.6165)","(-0.6997, -9.364)","(1.7942, 3.0148)","(13.0662, 16.2788)","(1.4736, -0.5395)","(13.3371, -5.0703)","(-0.503, -7.7068)","(10.2381, 12.2965)","(3.0133, 4.6233)","(-16.4332, -1.6878)","(-0.9038, 4.1509)","(-2.6621, 5.7322)","(14.6072, 14.0924)","(-1.3914, 2.1321)","(1.512, -4.9816)","(-3.6573, -15.7816)","(14.5804, 13.4473)","(-0.0181, -0.5795)"
4.330000000000000426e+01,"(-0.1905, -1.5267)","(-1.4564, 2.1777)","(6.2807, -4.7601)","(-1.2115, -16.4021)","(3.1826, 3.8627)","(17.0373, 17.4537)","(3.8782, -1.3941)","(22.0734, -9.2739)","(-0.9294, -14.4999)","(14.5368, 15.8513)","(4.8358, 5.6914)","(-6.109, 0.4523)","(-1.0532, 2.4915)","(-4.0032, 7.0854)","(7.7386, 4.1724)","(-3.1823, 4.8054)","(-0.1353, -5.3231)","(-2.9485, -6.4301)","(7.1896, 3.1943)","(-0.0538, -1.3091)"
4.340000000000000568e+01,"(-0.1831, -3.0972)","(-3.7379, 5.5259)","(3.8657, -2.5602)","(-2.5653, -20.1674)","(5.66, 6.7846)","(9.0081, 4.0055)","(10.4287, -3.7349)","(13.5458, -8.8997)","(-2.1259, -21.2647)","(10.638, 8.2442)","(7.5667, 8.7676)","(-2.3583, 0.6578)","(-2.0805, 3.5094)","(-6.4718, 10.8054)","(2.7705, 0.7575)","(-7.4835, 11.2614)","(-0.6258, -8.0453)","(-1.1356, -2.4421)","(2.7039, 0.202)","(-0.1139, -3.2725)"
4.350000000000000000e+01,"(-0.3128, -7.0074)","(-9.3094, 13.8599)","(4.7174, -2.2571)","(-3.5223, -12.1155)","(10.2504, 12.2304)","(4.3025, -0.1742)","(23.5563, -8.9542)","(3.701, -4.777)","(-3.697, -14.7972)","(4.9115, 2.5925)","(11.2311, 12.6759)","(-2.6697, 1.156)","(-4.289, 6.7221)","(-8.7838, 15.2118)","(0.9168, -0.047)","(-13.1814, 21.2053)","(-1.0391, -13.3022)","(-0.3715, -1.9498)","(2.1309, -0.6552)","(-0.2694, -8.5853)"
4.360000000000000142e+01,"(-0.7248, -15.9072)","(-14.1782, 23.7212)","(8.047, -3.3428)","(-2.2026, -5.2065)","(14.1834, 15.3608)","(4.349, -1.5559)","(18.8182, -10.9709)","(0.6351, -2.0708)","(-2.7722, -5.9533)","(1.8855, 1.1824)","(12.1233, 12.0427)","(-4.803, 2.1607)","(-8.5675, 13.3802)","(-6.9767, 14.4999)","(1.0373, -0.3607)","(-6.2481, 16.2969)","(-1.9444, -18.708)","(-0.2639, -3.4481)","(3.565, -1.391)","(-0.8514, -20.8563)"
4.370000000000000284e+01,"(-2.3388, -25.2539)","(-3.0459, 13.2411)","(14.1507, -5.7738)","(-0.845, -3.0171)","(10.4838, 8.2543)","(6.8454, -2.7852)","(4.1507, -7.1922)","(-0.0385, -2.2927)","(-1.0266, -2.3685)","(1.5511, 1.6009)","(8.4754, 6.7497)","(-9.7872, 4.3697)","(-11.3448, 19.6828)","(-3.3081, 9.1805)","(2.0925, -0.7929)","(0.2712, 6.4591)","(-3.1393, -15.4887)","(-0.3803, -7.2479)","(7.2562, -2.7944)","(-3.5193, -25.9131)"
4.380000000000000426e+01,"(-4.6618, -13.4511)","(1.5726, 5.5328)","(18.4529, -8.4328)","(-0.4536, -4.0111)","(5.0246, 2.8776)","(12.0678, -4.8849)","(0.4194, -5.7854)","(-0.2396, -4.1664)","(-0.3616, -2.1623)","(2.6833, 3.2178)","(5.0577, 3.9462)","(-18.2336, 8.2832)","(-4.5468, 13.1082)","(-2.1893, 5.688)","(4.8661, -1.806)","(1.5378, 2.9504)","(-2.7105, -8.1252)","(-0.7962, -15.4895)","(14.9844, -5.7931)","(-5.5194, -8.7338)"
4.390000000000000568e+01,"(-3.4552, -3.8889)","(3.1634, 4.2893)","(11.7615, -7.4835)","(-0.4998, -7.4599)","(2.2413, 1.6089)","(18.0261, -7.8042)","(-0.5686, -7.5558)","(-0.4466, -8.7148)","(-0.2851, -3.926)","(5.6224, 6.9714)","(4.1977, 4.1083)","(-18.4597, 9.4631)","(-0.5112, 5.2715)","(-2.8741, 5.5276)","(11.7586, -4.3346)","(2.7995, 3.455)","(-1.3646, -4.7548)","(-2.2758, -23.9138)","(21.462, -9.5105)","(-4.7202, -2.646)"
4.400000000000000000e+01,"(-2.7101, -1.2008)","(5.0793, 5.9525)","(4.9825, -4.1819)","(-0.8853, -14.5745)","(2.1895, 2.3345)","(14.5337, -8.196)","(-0.9896, -11.3658)","(-1.0066, -17.839)","(-0.4314, -8.2642)","(11.6609, 14.2904)","(5.6318, 6.3375)","(-7.8035, 5.3464)","(0.0012, 1.5264)","(-4.7846, 8.0595)","(22.995, -9.1363)","(4.9834, 5.9796)","(-0.7401, -5.1984)","(-4.3197, -13.9142)","(11.209, -8.0649)","(-6.0883, -1.6365)"
4.410000000000000142e+01,"(-4.1445, -1.091)","(8.2763, 9.6743)","(2.8731, -1.9799)","(-2.1256, -21.9255)","(3.809, 4.564)","(6.5255, -5.1932)","(-1.6159, -16.3441)","(-2.8243, -23.109)","(-0.9404, -17.1742)","(15.9702, 16.9509)","(8.997, 10.4537)","(-2.4416, 2.0613)","(-0.0467, 0.3698)","(-7.7746, 12.8568)","(16.2081, -9.9687)","(9.2484, 11.1229)","(-0.7067, -8.4727)","(-3.0836, -4.3511)","(3.1398, -3.9849)","(-9.2527, -2.1823)"
4.420000000000000284e+01,"(-7.5812, -1.9459)","(12.1764, 13.6423)","(3.7407, -1.7522)","(-3.8428, -14.8509)","(7.6656, 9.4063)","(3.2047, -2.4497)","(-2.6274, -16.714)","(-4.2464, -11.0642)","(-2.6665, -23.4859)","(9.6284, 5.9526)","(12.5974, 13.8572)","(-0.576, 0.5649)","(-0.1798, 0.3232)","(-9.0746, 16.406)","(3.9499, -5.8933)","(14.0742, 15.7677)","(-1.0961, -14.7352)","(-1.5514, -1.0629)","(0.5896, -1.4066)","(-14.4749, -3.3596)"
4.430000000000000426e+01,"(-14.5013, -3.7301)","(11.8949, 11.2312)","(6.8525, -2.7786)","(-2.8635, -5.5896)","(13.8282, 16.2948)","(3.3506, -1.7146)","(-2.8433, -10.8858)","(-2.5245, -3.3129)","(-4.2928, -11.8243)","(3.8098, 0.9802)","(11.2515, 10.1559)","(-0.1794, 0.2512)","(-0.4563, 0.6979)","(-5.2389, 12.5929)","(0.5387, -3.7729)","(11.6609, 9.8487)","(-2.2164, -19.9174)","(-1.9672, -0.5983)","(0.0291, -1.1683)","(-17.9915, -3.4552)"
4.440000000000000568e+01,"(-21.3075, -4.5983)","(7.4546, 5.505)","(13.1831, -5.2165)","(-1.0145, -1.8365)","(13.8263, 12.7942)","(5.7895, -2.4103)","(-1.8408, -6.6732)","(-1.229, -0.7889)","(-2.6853, -3.5807)","(1.6463, -0.2294)","(6.7229, 4.8541)","(-0.2651, 0.4492)","(-1.1456, 1.7047)","(-2.2482, 7.0219)","(-0.2801, -5.0204)","(5.8189, 3.3269)","(-3.4201, -14.0655)","(-3.7027, -0.9792)","(-0.1075, -2.1524)","(-13.5821, -1.1801)"
4.450000000000000000e+01,"(-14.7721, -0.8055)","(4.2299, 3.2843)","(19.7631, -8.5738)","(-0.2678, -1.1531)","(7.0868, 3.7433)","(11.1215, -4.4049)","(-1.0644, -6.2185)","(-1.6648, -0.4959)","(-1.3289, -0.8608)","(2.1656, -0.8018)","(3.9557, 3.2124)","(-0.6079, 1.0378)","(-3.0255, 4.4498)","(-1.9585, 4.6481)","(-0.5981, -8.5097)","(2.3608, 1.4714)","(-2.5215, -6.4961)","(-7.8972, -2.1439)","(-0.2156, -4.7328)","(-7.6885, -0.087)"
4.460000000000000142e+01,"(-6.0594, 0.9005)","(3.7931, 3.8484)","(13.4275, -8.2835)","(-0.1592, -2.0541)","(2.4578, 0.8008)","(18.6053, -7.743)","(-0.9023, -8.7769)","(-3.2567, -0.8713)","(-1.7795, -0.5309)","(4.2158, -1.6267)","(3.9463, 4.138)","(-1.5481, 2.6245)","(-7.9358, 11.6958)","(-3.088, 5.5117)","(-1.0719, -15.0853)","(1.7922, 1.7929)","(-1.0783, -3.6319)","(-16.7215, -4.4723)","(-0.4588, -11.1038)","(-5.4648, -0.5123)"
4.470000000000000284e+01,"(-2.1869, 0.2948)","(5.5553, 6.3885)","(4.8747, -4.6269)","(-0.2198, -4.4728)","(0.6028, 0.1324)","(16.3204, -8.8716)","(-1.2018, -13.8201)","(-7.1873, -1.9763)","(-3.4436, -0.9179)","(9.2027, -3.4843)","(6.0545, 7.0278)","(-4.1236, 6.9637)","(-14.7554, 23.4744)","(-5.4734, 8.954)","(-2.2764, -20.3491)","(2.9264, 3.469)","(-0.5571, -4.3262)","(-23.5199, -4.8194)","(-1.3355, -22.7112)","(-6.7104, -1.33)"
4.480000000000000426e+01,"(-1.6542, -0.2239)","(9.3613, 11.0084)","(1.776, -1.706)","(-0.4389, -10.4035)","(0.1397, 0.0014)","(6.6075, -5.6659)","(-2.077, -18.1188)","(-15.9213, -4.3399)","(-7.5213, -2.06)","(18.6116, -7.2688)","(10.1584, 11.9045)","(-10.1925, 17.3726)","(-5.0652, 15.908)","(-8.853, 14.5981)","(-3.518, -13.7603)","(5.9252, 7.2962)","(-0.562, -7.624)","(-12.5165, 0.5483)","(-3.9861, -20.8258)","(-10.771, -2.5355)"
4.490000000000000568e+01,"(-2.9404, -0.7265)","(13.2356, 14.5463)","(1.5277, -0.8474)","(-1.2195, -21.6931)","(0.1322, -0.0426)","(2.3502, -2.3241)","(-3.0378, -14.4838)","(-24.3647, -5.3076)","(-16.3818, -4.4333)","(20.152, -10.0396)","(13.4152, 14.3631)","(-12.672, 23.8713)","(1.506, 6.6626)","(-8.8069, 16.7595)","(-2.4985, -6.0422)","(11.8393, 14.3863)","(-0.9328, -14.3272)","(-4.1506, 1.5823)","(-4.4105, -6.8934)","(-16.7859, -3.8436)"
4.500000000000000000e+01,"(-6.2964, -1.7051)","(11.1376, 9.6532)","(2.8464, -1.1685)","(-3.7375, -21.9301)","(0.298, -0.1089)","(1.5593, -0.982)","(-2.5019, -8.1018)","(-13.5152, 0.4221)","(-24.0739, -5.0927)","(7.229, -6.8202)","(10.271, 8.4196)","(-2.9799, 10.4657)","(3.3336, 4.7199)","(-3.8397, 10.8233)","(-1.0017, -3.178)","(15.5099, 16.2251)","(-2.0942, -21.1452)","(-1.3676, 1.2984)","(-2.9092, -1.8726)","(-17.8787, -2.8944)"
4.510000000000000142e+01,"(-13.9541, -3.813)","(6.1259, 4.0932)","(6.1118, -2.337)","(-4.4724, -7.6692)","(0.7661, -0.2766)","(2.6391, -1.127)","(-1.3417, -5.4455)","(-4.4972, 1.9021)","(-12.9579, 0.5409)","(1.6096, -3.0043)","(5.4286, 3.5894)","(-0.1393, 5.6768)","(5.2345, 6.1044)","(-1.5747, 5.4587)","(-0.487, -3.7717)","(9.307, 5.8339)","(-3.6678, -14.9982)","(-1.4166, 2.1257)","(-3.7263, -1.083)","(-11.0128, -0.3222)"
4.520000000000000284e+01,"(-23.7396, -5.578)","(3.2865, 2.568)","(13.4388, -5.0967)","(-2.8346, -2.0553)","(2.0927, -0.7449)","(5.4929, -2.1266)","(-0.8376, -6.384)","(-1.7559, 1.89)","(-4.2863, 1.7858)","(0.1646, -1.9599)","(3.1019, 2.5737)","(0.6722, 6.4596)","(8.1455, 9.4129)","(-1.6924, 3.7904)","(-0.484, -6.8066)","(3.6353, 1.1571)","(-2.7972, -6.1149)","(-2.6538, 4.1184)","(-6.3536, -1.604)","(-5.8426, 0.0228)"
4.530000000000000426e+01,"(-15.9876, -0.5817)","(3.2821, 3.4691)","(22.2693, -9.3559)","(-3.3664, -1.0356)","(5.9168, -2.0895)","(11.9797, -4.5519)","(-0.8739, -10.1478)","(-2.0235, 3.1184)","(-1.6115, 1.6984)","(-0.1638, -3.0972)","(3.4763, 3.7841)","(1.1587, 9.5473)","(11.6401, 12.96)","(-2.9868, 5.1168)","(-0.8048, -13.3056)","(1.1444, 0.0251)","(-1.0546, -2.4747)","(-5.7123, 8.7487)","(-11.9187, -3.0556)","(-4.7705, -0.6162)"
4.540000000000000568e+01,"(-5.6077, 1.8297)","(5.3027, 6.239)","(13.4039, -8.9083)","(-5.6938, -1.4443)","(16.122, -5.7731)","(21.3055, -8.7138)","(-1.3858, -16.1991)","(-3.7273, 5.8407)","(-1.8395, 2.8192)","(-0.3357, -6.1449)","(5.8405, 6.9223)","(1.8065, 14.6399)","(11.6741, 11.2274)","(-5.6265, 9.0122)","(-1.866, -21.3772)","(1.0388, -0.3384)","(-0.3789, -2.2753)","(-10.9504, 17.2432)","(-19.6683, -4.6216)","(-6.8492, -1.5108)"
4.550000000000000000e+01,"(-1.813, 1.5712)","(9.5648, 11.4227)","(3.5804, -4.7696)","(-10.7828, -2.7824)","(27.3668, -11.5616)","(15.6528, -9.3441)","(-2.5597, -18.5193)","(-7.4562, 11.616)","(-3.4288, 5.3537)","(-0.6671, -13.0438)","(10.4561, 12.4362)","(2.5379, 17.8227)","(7.83, 6.1237)","(-9.4851, 15.445)","(-3.6981, -16.5586)","(1.9893, -0.7563)","(-0.3006, -4.1062)","(-9.7061, 19.1982)","(-17.9127, -2.2346)","(-11.8391, -2.8996)"
4.560000000000000142e+01,"(-1.6377, 2.4258)","(13.9851, 15.47)","(0.5887, -2.187)","(-18.8482, -4.5881)","(9.5277, -9.4173)","(4.6143, -5.3534)","(-3.1834, -11.813)","(-11.3554, 18.9439)","(-7.0394, 10.9007)","(-1.7648, -22.7063)","(14.1512, 15.2018)","(2.5705, 13.3577)","(4.8211, 3.9057)","(-9.0042, 17.3945)","(-3.1302, -6.5677)","(4.5149, -1.6855)","(-0.4544, -8.5858)","(-1.6976, 9.2344)","(-8.4553, 0.6589)","(-18.4678, -4.2079)"
4.570000000000000284e+01,"(-2.872, 4.4955)","(11.229, 9.3417)","(-0.068, -2.5885)","(-19.3668, -2.9102)","(1.6464, -6.7747)","(0.8868, -2.1961)","(-2.0567, -6.0905)","(-6.3038, 15.2156)","(-11.4776, 18.8078)","(-3.9937, -17.3229)","(10.2426, 7.9579)","(1.7621, 7.7161)","(4.3995, 4.4523)","(-3.1781, 10.2126)","(-1.2181, -2.21)","(10.8073, -3.9922)","(-0.9924, -17.5784)","(0.3171, 3.1172)","(-3.3163, 0.4129)","(-17.3889, -2.3447)"
4.580000000000000426e+01,"(-5.9142, 9.1438)","(5.6271, 3.3181)","(-0.2766, -4.7134)","(-9.5838, 0.5726)","(-0.3417, -7.4519)","(0.0287, -1.9624)","(-0.9855, -4.6575)","(-1.014, 6.6752)","(-7.0666, 16.2298)","(-3.5069, -6.0374)","(4.8837, 2.8152)","(1.0753, 5.7187)","(6.1677, 7.0026)","(-1.0154, 4.5181)","(-0.327, -1.2561)","(21.9221, -8.5923)","(-2.7648, -23.1378)","(0.7039, 1.2954)","(-2.1576, -0.2108)","(-9.2472, 0.2076)"
4.590000000000000568e+01,"(-10.7631, 17.1582)","(2.4771, 1.7014)","(-0.5128, -9.7584)","(-3.6329, 0.5833)","(-0.9535, -10.1298)","(-0.1928, -3.4373)","(-0.6862, -6.4713)","(-0.1191, 2.1446)","(-1.0624, 7.1873)","(-1.5727, -1.5334)","(2.2479, 1.6645)","(0.9944, 7.152)","(9.7501, 11.2698)","(-1.1006, 2.663)","(-0.1782, -2.1087)","(17.9244, -10.2196)","(-4.2353, -11.344)","(1.3964, 1.75)","(-3.4176, -0.7974)","(-4.4982, 0.1279)"
4.600000000000000000e+01,"(-9.1606, 18.3922)","(2.1878, 2.2698)","(-1.1788, -19.1246)","(-1.822, -0.0594)","(-1.4299, -14.1625)","(-0.3663, -7.1397)","(-0.8421, -11.1475)","(-0.183, 0.6956)","(0.0432, 2.266)","(-1.2396, -0.4928)","(2.3035, 2.4818)","(1.3851, 11.3611)","(12.7372, 13.6555)","(-2.1259, 3.6203)","(-0.2315, -4.503)","(4.7067, -6.2254)","(-2.5507, -3.4416)","(2.8457, 3.5176)","(-6.9191, -1.8295)","(-3.8612, -0.5518)"
4.610000000000000142e+01,"(-1.8795, 9.0513)","(3.6592, 4.3516)","(-3.1357, -21.8528)","(-2.566, -0.5635)","(-2.1906, -16.3705)","(-0.7808, -15.2458)","(-1.5243, -17.9934)","(-0.4987, 0.852)","(0.0868, 0.531)","(-2.1951, -0.5943)","(4.0447, 4.8536)","(2.1543, 17.1048)","(10.413, 8.98)","(-4.3289, 6.8131)","(-0.4495, -10.3252)","(0.7347, -3.598)","(-1.1724, -0.8068)","(6.2835, 7.8633)","(-14.5199, -3.8804)","(-6.0722, -1.413)"
4.620000000000000284e+01,"(-0.0095, 3.0953)","(7.269, 8.9015)","(-4.0562, -9.6381)","(-5.1447, -1.3528)","(-2.7162, -13.0712)","(-2.222, -23.8538)","(-2.9408, -18.3432)","(-1.1731, 1.7995)","(0.1159, 0.2017)","(-4.6333, -1.2592)","(8.099, 9.9213)","(2.7645, 17.3115)","(6.0728, 4.4014)","(-8.5309, 13.3681)","(-1.2155, -21.3562)","(-0.2003, -4.4826)","(-1.4951, -0.4584)","(13.0462, 15.9376)","(-22.9634, -5.169)","(-11.3014, -2.8732)"
4.630000000000000426e+01,"(0.1317, 0.7757)","(13.3164, 15.7837)","(-2.1575, -2.8601)","(-11.2033, -3.0489)","(-2.1972, -8.6831)","(-4.2983, -14.2339)","(-3.2209, -9.9)","(-2.8544, 4.271)","(0.2629, 0.3366)","(-10.5461, -2.9222)","(14.1611, 16.5263)","(2.3373, 10.4934)","(3.8852, 3.3575)","(-11.1816, 19.4577)","(-3.6563, -21.9523)","(-0.5222, -7.5452)","(-2.9139, -0.7814)","(15.8184, 15.875)","(-15.0956, -0.4945)","(-19.0826, -4.5503)"
4.640000000000000568e+01,"(0.1993, 0.332)","(14.1862, 13.5767)","(-0.8919, -0.6436)","(-21.3543, -5.3906)","(-1.4095, -7.2157)","(-3.1236, -4.4933)","(-1.7386, -4.6725)","(-7.0569, 10.5155)","(0.6264, 0.7971)","(-21.3562, -5.5477)","(13.3145, 11.9285)","(1.3571, 5.8584)","(4.3358, 4.6812)","(-4.595, 13.0668)","(-4.4057, -7.8879)","(-0.9251, -13.7387)","(-6.4464, -1.7753)","(8.4713, 4.3256)","(-5.4621, 1.4548)","(-18.6109, -2.6041)"
4.650000000000000000e+01,"(0.4401, 0.5588)","(7.5907, 4.2712)","(-1.0872, -0.3426)","(-19.8595, -2.4447)","(-1.0966, -8.7525)","(-1.5385, -1.094)","(-0.7439, -3.7481)","(-13.5284, 21.3357)","(1.6072, 2.0692)","(-21.1097, -2.8426)","(6.639, 3.4107)","(0.8733, 5.2344)","(6.8528, 7.992)","(-0.6211, 5.3416)","(-2.6754, -2.0967)","(-1.9856, -20.432)","(-14.5852, -4.0146)","(3.321, 0.3912)","(-1.495, 0.9001)","(-9.1569, 0.549)"
4.660000000000000142e+01,"(1.022, 1.2945)","(2.7405, 0.9915)","(-2.1694, -0.5886)","(-7.9167, 1.549)","(-1.2511, -12.5659)","(-1.8865, -0.5838)","(-0.5346, -5.7457)","(-7.0282, 17.5056)","(4.3309, 5.6147)","(-8.257, 1.812)","(2.2495, 0.7683)","(0.9829, 7.7209)","(11.1256, 12.885)","(-0.1194, 1.6314)","(-2.9879, -0.9628)","(-3.5029, -15.6096)","(-24.4238, -5.6616)","(2.3434, -0.6667)","(-0.81, 1.0564)","(-3.6389, 0.4553)"
4.670000000000000284e+01,"(2.5673, 3.2932)","(0.6956, 0.251)","(-4.9273, -1.3708)","(-2.3551, 1.3304)","(-1.8736, -16.4454)","(-3.5375, -0.9364)","(-0.7095, -10.6492)","(0.4996, 7.037)","(11.3083, 14.4923)","(-2.6149, 1.829)","(0.5426, 0.194)","(1.5392, 13.0665)","(13.1518, 13.4786)","(-0.2586, 0.6858)","(-5.0678, -1.2964)","(-2.8459, -6.8502)","(-15.193, -0.1352)","(3.7132, -1.4524)","(-1.3168, 2.0228)","(-2.2346, -0.1844)"
4.680000000000000426e+01,"(6.6985, 8.6266)","(0.2566, 0.2197)","(-11.7444, -3.3028)","(-1.1972, 1.5228)","(-2.6863, -15.106)","(-7.5454, -2.0493)","(-1.3976, -18.5235)","(2.0875, 3.6485)","(18.9643, 21.2141)","(-1.7896, 2.5085)","(0.2106, 0.1878)","(2.4441, 18.9071)","(9.1003, 7.0243)","(-0.6628, 1.0803)","(-9.7531, -2.5389)","(-1.1738, -3.0907)","(-5.173, 2.0202)","(7.3156, -2.8415)","(-2.8709, 4.3687)","(-3.4, -0.7767)"
4.690000000000000568e+01,"(15.3625, 19.0548)","(0.4304, 0.5188)","(-23.4456, -6.0128)","(-1.7771, 2.7545)","(-2.554, -9.939)","(-16.1455, -4.3407)","(-3.0338, -19.6111)","(3.6173, 4.3773)","(11.0056, 5.3301)","(-2.793, 4.4043)","(0.3734, 0.4539)","(2.8611, 15.9355)","(4.7512, 3.2512)","(-1.5521, 2.3619)","(-17.9824, -4.5101)","(-0.4792, -3.0263)","(-1.9447, 1.9968)","(14.7423, -5.741)","(-6.6406, 10.0245)","(-6.789, -1.784)"
4.700000000000000000e+01,"(16.2511, 14.8326)","(0.9898, 1.2511)","(-19.4446, -1.7553)","(-3.6483, 5.6187)","(-1.6482, -7.0179)","(-23.7043, -5.0258)","(-3.5096, -9.7574)","(6.1157, 7.2415)","(6.1551, -0.4656)","(-5.4794, 8.5518)","(0.8742, 1.1085)","(2.075, 8.2999)","(3.1629, 2.87)","(-3.8036, 5.6792)","(-20.66, -3.5484)","(-0.4022, -5.3089)","(-2.0973, 3.2181)","(20.9842, -9.31)","(-12.4804, 19.7567)","(-14.1667, -3.7789)"
4.710000000000000142e+01,"(8.0352, 2.0598)","(2.4971, 3.2055)","(-6.9333, 2.3126)","(-7.8155, 11.9939)","(-1.0986, -7.4524)","(-13.1818, 0.3571)","(-1.8021, -3.8156)","(10.4003, 12.2173)","(6.2879, -2.3511)","(-9.9787, 15.9043)","(2.2334, 2.8731)","(1.05, 4.5302)","(4.0557, 4.5472)","(-9.0866, 13.6379)","(-10.7065, 0.4658)","(-0.6123, -10.6391)","(-3.7491, 5.9007)","(11.4815, -8.0193)","(-7.9563, 17.9836)","(-22.7234, -5.1706)"
4.720000000000000284e+01,"(5.1343, -1.1029)","(6.5491, 8.4422)","(-2.5926, 2.5)","(-12.1974, 20.2217)","(-1.073, -10.5822)","(-4.4243, 1.6374)","(-0.5999, -2.2343)","(13.5271, 14.3827)","(8.8575, -3.7598)","(-9.7297, 18.6008)","(5.9422, 7.6809)","(0.7176, 4.6817)","(6.9871, 8.3071)","(-13.6296, 22.8759)","(-3.9253, 0.789)","(-1.3521, -19.6187)","(-7.3645, 11.5202)","(3.4479, -4.0113)","(-0.3333, 7.4835)","(-15.5334, -0.7009)"
4.730000000000000426e+01,"(6.3274, -2.5445)","(15.1962, 18.9029)","(-2.5071, 3.835)","(-5.7286, 15.0323)","(-1.5111, -15.3202)","(-1.4471, 1.3474)","(-0.3279, -3.305)","(10.038, 8.0504)","(13.1979, -5.6718)","(-2.7172, 10.1599)","(14.3643, 18.052)","(0.924, 7.6847)","(11.867, 13.869)","(-3.5157, 13.3715)","(-1.4329, 0.1203)","(-3.2658, -20.3691)","(-11.1419, 18.6208)","(0.795, -1.2703)","(1.115, 2.869)","(-5.735, 1.4098)"
4.740000000000000568e+01,"(9.7691, -4.0861)","(16.4869, 15.2483)","(-4.1458, 6.6178)","(-0.323, 6.0489)","(-2.4162, -16.9548)","(-1.4558, 2.1791)","(-0.3908, -6.5381)","(5.1792, 3.3639)","(15.8569, -7.4564)","(-0.3799, 3.8326)","(17.4068, 17.0141)","(1.5766, 13.8232)","(13.5995, 13.662)","(1.0856, 5.2669)","(-1.528, -0.2887)","(-3.7609, -8.9368)","(-6.4321, 15.2426)","(0.1195, -0.3724)","(2.1322, 2.7556)","(-1.5667, 0.8377)"
4.750000000000000000e+01,"(14.9041, -6.3723)","(8.1921, 2.1508)","(-7.5662, 12.0442)","(0.5159, 1.911)","(-2.8574, -12.0944)","(-2.6921, 4.1848)","(-0.7294, -13.6421)","(2.9417, 2.4516)","(11.9308, -6.9353)","(-0.2409, 1.2437)","(8.8366, 2.6562)","(2.6046, 20.1751)","(8.5599, 6.0429)","(2.41, 3.507)","(-3.0151, -0.7837)","(-1.8264, -2.84)","(-1.197, 6.8694)","(-0.0019, -0.4103)","(3.8486, 4.6385)","(-0.6846, 0.829)"
4.760000000000000142e+01,"(16.1419, -7.938)","(5.2261, -1.1064)","(-10.4301, 17.8905)","(1.0086, 1.4096)","(-2.0486, -7.4777)","(-5.7462, 8.8162)","(-1.8972, -22.7263)","(3.3696, 3.6917)","(7.0038, -4.6942)","(-0.5766, 1.0808)","(5.5042, -1.0445)","(2.9646, 15.4402)","(3.9467, 2.4014)","(4.0769, 4.854)","(-6.7636, -1.8658)","(-0.4806, -0.7864)","(-0.2726, 2.352)","(-0.0367, -0.8833)","(7.4125, 9.0173)","(-1.0334, 1.5756)"
4.770000000000000284e+01,"(10.0814, -6.4749)","(6.392, -2.5705)","(-5.9626, 14.2451)","(1.9786, 2.4333)","(-1.2059, -6.4342)","(-10.9125, 17.2211)","(-4.0056, -16.3785)","(5.7563, 6.8481)","(5.4812, -3.1762)","(-1.3263, 2.0774)","(6.4982, -2.5969)","(1.9816, 7.1409)","(2.3009, 2.0164)","(7.0566, 8.3895)","(-15.3135, -4.2112)","(-0.1066, -0.5456)","(-0.4297, 1.1063)","(-0.0784, -2.1638)","(13.0872, 15.3795)","(-2.2407, 3.4064)"
4.780000000000000426e+01,"(5.506, -3.8827)","(9.7933, -4.1059)","(-1.5848, 6.8615)","(4.1831, 5.2021)","(-0.956, -8.4903)","(-9.6096, 19.0521)","(-3.3016, -5.7315)","(10.4539, 12.4754)","(6.9384, -3.244)","(-3.0979, 4.683)","(9.7054, -4.0959)","(0.8601, 3.385)","(3.0104, 3.4102)","(11.7072, 13.6054)","(-24.6723, -5.5658)","(-0.07, -1.1144)","(-1.0108, 1.6677)","(-0.1773, -5.6607)","(13.7948, 13.2056)","(-5.3033, 7.9659)"
4.790000000000000568e+01,"(4.7602, -2.6377)","(14.8347, -6.3585)","(-0.8522, 3.0466)","(9.1919, 11.4503)","(-1.1783, -13.0133)","(-1.7371, 9.2067)","(-1.3611, -1.4722)","(14.3057, 15.4134)","(10.7669, -4.6082)","(-7.3278, 11.0177)","(14.4819, -6.238)","(0.5253, 3.4115)","(5.5504, 6.7115)","(13.3168, 13.3755)","(-14.276, 0.2431)","(-0.1094, -2.6007)","(-2.2865, 3.5076)","(-0.4851, -14.7718)","(7.5884, 4.5519)","(-11.3041, 17.3843)"
4.800000000000000000e+01,"(6.8307, -3.043)","(16.037, -7.8913)","(-1.4171, 2.7304)","(15.9355, 18.3928)","(-1.9307, -17.485)","(0.2535, 3.1038)","(-0.7948, -0.3798)","(10.3048, 7.9476)","(15.5351, -6.8079)","(-13.1592, 21.0701)","(15.8471, -7.754)","(0.6951, 5.9541)","(10.6574, 12.8737)","(8.5872, 6.245)","(-4.7863, 2.0568)","(-0.2288, -6.5119)","(-5.3617, 8.0799)","(-2.007, -27.8887)","(2.9061, 1.3609)","(-10.8932, 20.9373)"
4.810000000000000142e+01,"(11.415, -4.7499)","(10.1147, -6.4603)","(-2.8616, 4.618)","(12.3998, 9.6184)","(-2.8943, -15.1965)","(0.5819, 1.1641)","(-1.3507, -0.3789)","(4.8279, 2.689)","(15.0281, -7.7641)","(-6.5431, 16.6497)","(10.4227, -6.5036)","(1.2735, 11.7087)","(14.9617, 16.1901)","(4.1795, 2.7155)","(-1.9497, 2.1448)","(-0.6064, -16.14)","(-11.2526, 17.3646)","(-5.3257, -14.9019)","(1.1395, 0.8423)","(-1.2415, 9.6494)"
4.820000000000000284e+01,"(16.8256, -7.3192)","(5.6059, -3.9158)","(-5.912, 9.1952)","(5.4929, 1.7894)","(-2.605, -9.0335)","(1.1688, 1.4808)","(-2.8893, -0.7919)","(2.0844, 1.4731)","(8.9531, -5.9134)","(0.2341, 6.6349)","(5.9752, -4.0819)","(2.3843, 20.32)","(10.3145, 7.5581)","(2.6945, 2.4469)","(-2.2587, 3.5034)","(-2.3487, -27.2187)","(-10.7102, 20.6697)","(-5.046, -4.2425)","(1.3444, 1.5128)","(1.1257, 3.6794)"
4.830000000000000426e+01,"(14.9002, -8.0245)","(4.8831, -2.6952)","(-10.6156, 16.9887)","(2.2832, -0.1753)","(-1.5042, -5.9953)","(2.4001, 2.972)","(-6.8176, -1.918)","(2.0257, 2.1628)","(5.361, -3.583)","(1.5505, 3.0128)","(5.1951, -2.8665)","(3.2188, 18.7673)","(4.4799, 2.0841)","(3.591, 4.0721)","(-4.0888, 6.4388)","(-5.1941, -13.1539)","(-1.318, 9.583)","(-5.4861, -1.8109)","(2.6449, 3.2489)","(2.2148, 2.9823)"
4.840000000000000568e+01,"(7.6831, -5.5519)","(6.9735, -3.1107)","(-9.0757, 18.1934)","(2.592, -0.9354)","(-0.9333, -6.5836)","(5.3681, 6.7392)","(-16.0062, -4.4565)","(3.5633, 4.2805)","(5.3339, -2.7697)","(2.8214, 3.4857)","(7.238, -3.2565)","(2.4344, 8.2977)","(1.4365, 0.7137)","(6.4644, 7.7667)","(-7.8937, 12.4014)","(-4.3789, -3.7152)","(0.9889, 3.5541)","(-7.9077, -1.8788)","(5.9025, 7.4032)","(3.8805, 4.6488)"
4.850000000000000000e+01,"(4.2292, -2.9899)","(11.5483, -4.8205)","(-2.0192, 9.1193)","(4.7014, -1.8405)","(-0.9221, -10.0063)","(11.7455, 14.5522)","(-25.5611, -5.6955)","(7.2821, 8.9681)","(7.964, -3.4811)","(4.9995, 5.9927)","(11.6766, -4.9202)","(1.0215, 2.8699)","(0.8425, 0.8075)","(11.6449, 13.8222)","(-11.0442, 18.8592)","(-4.6941, -1.5687)","(1.976, 2.7161)","(-12.3171, -2.8782)","(12.6064, 15.5112)","(7.1755, 8.6566)"
4.860000000000000142e+01,"(4.3941, -2.2475)","(16.7729, -7.3364)","(-0.1446, 3.1978)","(9.7149, -3.7373)","(-1.3809, -15.6032)","(16.6408, 17.7966)","(-13.5159, 0.7698)","(13.5898, 16.1668)","(12.9287, -5.4294)","(9.2334, 11.0933)","(16.4836, -7.2863)","(0.2932, 1.1494)","(1.4204, 1.701)","(14.2912, 14.7122)","(-5.5493, 14.1133)","(-7.0579, -1.7186)","(3.5162, 4.2302)","(-17.2107, -3.662)","(16.2677, 16.7487)","(12.4539, 14.6051)"
4.870000000000000284e+01,"(7.1101, -3.0219)","(14.6657, -7.9431)","(-0.0412, 0.8389)","(18.4642, -7.3541)","(-2.4444, -18.1561)","(9.7805, 5.6534)","(-4.5252, 2.4513)","(14.328, 13.5913)","(16.9929, -7.7252)","(14.015, 15.6937)","(14.3046, -7.7701)","(0.2074, 1.5835)","(3.0859, 3.8591)","(9.0499, 6.2876)","(-1.0297, 6.1939)","(-11.7092, -2.8361)","(6.62, 8.024)","(-15.8944, -2.1318)","(8.9583, 4.7184)","(13.7376, 13.5057)"
4.880000000000000426e+01,"(12.5611, -5.119)","(7.6364, -5.4853)","(-0.1662, 0.3855)","(18.9499, -9.6344)","(-3.0939, -12.3362)","(4.0391, 0.5889)","(-2.3708, 3.0116)","(7.4689, 3.9619)","(12.8207, -7.4523)","(11.6544, 9.8754)","(7.741, -5.428)","(0.352, 3.3142)","(7.2067, 9.1021)","(3.9086, 2.0551)","(-0.3478, 2.1722)","(-17.735, -3.9822)","(12.0051, 14.2566)","(-9.6955, -0.3001)","(3.627, 0.3982)","(8.082, 5.2998)"
4.890000000000000568e+01,"(18.1523, -7.9655)","(4.3323, -3.0053)","(-0.446, 0.7052)","(7.2272, -6.479)","(-2.13, -6.7278)","(2.7026, -0.7266)","(-3.0605, 4.8686)","(2.6332, 0.7431)","(6.5981, -4.7963)","(5.8543, 3.3859)","(4.6786, -3.1211)","(0.7654, 7.6276)","(14.8336, 17.9913)","(1.6902, 1.2591)","(-0.6238, 1.3549)","(-17.1223, -2.4254)","(14.3217, 14.5421)","(-6.0631, -0.3281)","(2.6505, -0.7711)","(3.4113, 1.8741)"
4.900000000000000000e+01,"(13.8299, -8.0178)","(4.6004, -2.33)","(-1.0838, 1.6305)","(1.8776, -2.676)","(-1.0923, -5.2117)","(4.0779, -1.6022)","(-5.4154, 8.6292)","(0.8031, -0.0085)","(4.3694, -2.7727)","(2.4187, 1.5356)","(5.1039, -2.5514)","(1.7594, 17.2376)","(15.0849, 13.7477)","(1.8689, 2.0611)","(-1.4013, 2.2642)","(-9.7891, -0.057)","(8.7188, 5.8153)","(-6.1531, -1.032)","(4.1523, -1.6351)","(1.7394, 1.4599)"
4.910000000000000142e+01,"(6.1547, -4.9399)","(7.4268, -3.1561)","(-2.7691, 4.0993)","(0.3164, -0.8809)","(-0.7745, -6.9939)","(7.7397, -3.0381)","(-9.2067, 14.9293)","(0.8118, -0.2724)","(5.3786, -2.5579)","(1.8816, 1.8922)","(8.1044, -3.4589)","(3.3207, 25.1934)","(7.2937, 2.6716)","(3.4754, 4.2207)","(-3.1429, 4.8104)","(-5.2431, -0.0245)","(3.6213, 1.8043)","(-9.1771, -2.0705)","(8.017, -3.1349)","(2.2606, 2.5693)"
4.920000000000000284e+01,"(3.1842, -2.3504)","(12.9379, -5.2978)","(-7.144, 10.5588)","(0.0029, -0.8641)","(-0.9321, -11.5852)","(14.9745, -5.9072)","(-9.3161, 17.5977)","(1.633, -0.616)","(8.9127, -3.7355)","(3.0745, 3.6439)","(13.5801, -5.6366)","(3.3895, 12.2507)","(3.39, -0.2783)","(7.3307, 9.0834)","(-7.1485, 10.8392)","(-4.7426, -0.7101)","(1.4552, 1.0448)","(-14.6829, -3.4331)","(15.5351, -6.1288)","(4.3293, 5.2827)"
4.930000000000000426e+01,"(3.5622, -1.772)","(18.0644, -8.0311)","(-14.1096, 22.1144)","(-0.0806, -1.7102)","(-1.6236, -17.8046)","(20.2422, -9.1508)","(-3.5441, 10.7876)","(3.8272, -1.4165)","(14.813, -6.165)","(6.1901, 7.6116)","(17.5985, -8.0515)","(2.1356, 4.1769)","(3.7488, -1.3742)","(13.9415, 16.6424)","(-12.5937, 20.2505)","(-7.2305, -1.6535)","(1.574, 1.7348)","(-18.4125, -3.5507)","(20.25, -9.292)","(8.9841, 11.0694)"
4.940000000000000568e+01,"(6.2345, -2.5783)","(13.2565, -7.8279)","(-6.7405, 17.5398)","(-0.1636, -3.9413)","(-2.9163, -17.4916)","(11.0957, -7.7259)","(-1.1045, 4.8569)","(9.4861, -3.469)","(17.5098, -8.318)","(12.1568, 14.7031)","(12.2154, -7.4154)","(2.0172, 2.4976)","(6.3146, -2.5296)","(14.4411, 13.5152)","(-6.9254, 16.7595)","(-12.7071, -3.1365)","(2.9698, 3.6186)","(-13.5348, -1.0694)","(10.4106, -7.5404)","(15.1719, 17.4466)"
4.950000000000000000e+01,"(11.8955, -4.721)","(5.9781, -4.7597)","(0.958, 7.1377)","(-0.3588, -9.6771)","(-3.0454, -9.78)","(3.6195, -3.8532)","(-1.105, 2.7664)","(20.8926, -7.9719)","(10.6695, -6.9534)","(15.2763, 15.7197)","(5.8171, -4.4678)","(3.2849, 3.6115)","(11.8644, -4.7064)","(7.3107, 3.585)","(-0.2067, 6.8215)","(-19.2121, -4.276)","(6.4214, 8.0029)","(-7.3302, 0.0339)","(3.2801, -3.6358)","(12.4414, 10.1743)"
4.960000000000000142e+01,"(19.0221, -8.0491)","(3.3122, -2.3394)","(2.7539, 4.3114)","(-1.0628, -21.5909)","(-1.6844, -5.1207)","(1.1573, -1.2355)","(-2.0955, 3.6083)","(20.539, -10.7685)","(4.974, -3.9)","(8.9414, 5.4821)","(3.7611, -2.4231)","(6.0381, 6.6323)","(18.8745, -7.9952)","(2.5902, 0.4774)","(0.9915, 2.5435)","(-16.49, -1.8735)","(13.0715, 15.8976)","(-5.014, -0.4303)","(0.9735, -1.1131)","(5.6928, 2.4133)"
4.970000000000000284e+01,"(15.188, -8.6312)","(3.9183, -1.9038)","(4.5112, 5.344)","(-3.7093, -23.5249)","(-0.814, -4.6097)","(0.9227, -0.5244)","(-4.235, 6.6891)","(5.5758, -6.9917)","(3.5671, -2.174)","(3.4361, 1.1254)","(4.842, -2.2675)","(11.1947, 12.2541)","(15.1989, -8.598)","(1.3455, -0.2949)","(1.9093, 2.472)","(-8.264, 0.3716)","(15.5633, 15.5254)","(-6.207, -1.2396)","(0.6772, -0.4069)","(1.8336, 0.3041)"
4.980000000000000426e+01,"(5.9721, -5.2582)","(6.8712, -2.8335)","(7.2449, 8.4561)","(-4.9263, -7.9802)","(-0.6517, -7.0695)","(1.8155, -0.7359)","(-8.3295, 13.0623)","(0.8936, -4.2462)","(5.0465, -2.2768)","(1.0015, 0.0766)","(8.4001, -3.4644)","(14.8366, 15.3852)","(6.0865, -5.2796)","(2.075, -0.7853)","(3.5196, 4.2625)","(-4.0119, 0.091)","(8.3466, 4.3496)","(-10.2406, -2.4486)","(1.3457, -0.5468)","(0.9526, -0.2182)"
4.990000000000000568e+01,"(2.2298, -2.1077)","(12.8504, -5.1339)","(11.1836, 12.7689)","(-3.6513, -2.2636)","(-0.9019, -12.5149)","(4.0679, -1.5357)","(-11.1679, 19.3073)","(-0.2352, -5.1411)","(9.0365, -3.6784)","(0.7367, -0.2197)","(14.7247, -6.0148)","(9.631, 8.357)","(2.3495, -2.1585)","(4.2835, -1.6342)","(6.9659, 8.5273)","(-3.7327, -0.5902)","(3.1799, 0.4929)","(-16.6657, -3.918)","(3.0564, -1.1501)","(1.5506, -0.5826)"
5.000000000000000000e+01,"(1.7587, -1.0173)","(19.1674, -8.3229)","(12.546, 12.6335)","(-4.6749, -1.3252)","(-1.7647, -19.327)","(9.6433, -3.5719)","(-4.8875, 13.4009)","(-0.6135, -8.277)","(15.7681, -6.4529)","(1.3879, -0.523)","(18.4216, -8.5615)","(4.1891, 3.0757)","(1.9387, -1.0993)","(9.6826, -3.6316)","(12.8746, 15.3171)","(-6.1424, -1.4654)","(1.9653, -0.5026)","(-18.6453, -3.181)","(7.4225, -2.729)","(3.3381, -1.2591)"
5.010000000000000142e+01,"(3.1115, -1.3017)","(13.7567, -8.2374)","(8.7429, 6.8809)","(-7.5885, -1.8659)","(-3.2468, -16.9511)","(20.3745, -7.8678)","(-0.7346, 5.5922)","(-1.0547, -14.2409)","(18.2388, -8.7589)","(3.1778, -1.182)","(11.0378, -7.2701)","(1.6622, 1.3484)","(3.4218, -1.4298)","(19.7171, -7.6945)","(14.4049, 14.1322)","(-11.6687, -2.9946)","(3.0595, -1.1826)","(-11.4265, -0.2919)","(17.2847, -6.4638)","(7.8905, -2.9205)"
5.020000000000000284e+01,"(6.4989, -2.5088)","(5.3885, -4.7822)","(4.9386, 3.6706)","(-13.2363, -3.2705)","(-3.0228, -8.2242)","(20.0035, -10.4582)","(-0.1826, 1.7792)","(-2.1149, -19.658)","(9.7818, -6.8812)","(7.8354, -2.8674)","(4.6072, -3.9235)","(1.6154, 1.6573)","(7.0863, -2.7421)","(19.6555, -10.1745)","(8.0114, 4.7499)","(-19.6717, -4.6773)","(6.1087, -2.3588)","(-5.6461, 0.1891)","(23.6791, -10.7665)","(17.7614, -6.71)"
5.030000000000000426e+01,"(13.8525, -5.3046)","(2.2669, -1.9387)","(3.7822, 3.607)","(-19.3243, -4.1989)","(-1.4233, -3.8956)","(5.8593, -6.7346)","(-0.364, 0.8765)","(-3.354, -14.6261)","(3.9425, -3.4712)","(18.2357, -6.8263)","(2.7601, -1.8586)","(2.9752, 3.2634)","(14.7543, -5.6938)","(6.2912, -6.5967)","(2.9984, 1.1768)","(-18.3172, -2.366)","(12.905, -4.9465)","(-4.1176, -0.4406)","(8.5807, -8.0642)","(22.7961, -10.6251)"
5.040000000000000568e+01,"(21.8287, -9.3332)","(2.2583, -1.1802)","(5.0068, 5.631)","(-15.7904, -1.6162)","(-0.6116, -3.5824)","(1.0346, -3.5627)","(-0.8834, 1.4318)","(-2.6058, -6.9658)","(2.4796, -1.6217)","(23.3413, -10.9191)","(3.7608, -1.7312)","(6.3299, 7.0465)","(21.5689, -9.4847)","(1.2413, -3.0583)","(0.8245, 0.3804)","(-8.59, 0.71)","(21.3349, -8.9526)","(-5.7921, -1.2623)","(1.6721, -4.4419)","(8.1216, -7.7257)"
5.050000000000000000e+01,"(12.7684, -8.6052)","(4.1253, -1.6928)","(8.2677, 9.7049)","(-7.8633, 0.3592)","(-0.4913, -5.9248)","(-0.1005, -3.9553)","(-2.04, 3.1082)","(-1.163, -3.894)","(3.6215, -1.625)","(7.6806, -7.8478)","(6.9953, -2.8188)","(12.9026, 14.2493)","(11.5126, -8.1771)","(0.0349, -2.7738)","(0.4909, 0.4873)","(-3.234, 0.4905)","(14.1427, -8.8892)","(-10.3277, -2.5722)","(-0.0077, -4.3133)","(1.6114, -4.0383)"
5.060000000000000142e+01,"(3.5636, -4.4979)","(8.5384, -3.3007)","(12.5222, 14.1314)","(-4.0121, 0.0069)","(-0.7127, -11.3277)","(-0.4452, -6.536)","(-4.9092, 7.3567)","(-0.6006, -4.487)","(6.9412, -2.7653)","(1.4151, -4.4783)","(13.5309, -5.3447)","(15.9509, 16.2509)","(3.219, -4.0873)","(-0.2833, -4.6039)","(0.9013, 1.0969)","(-1.8418, -0.1282)","(4.2139, -4.8699)","(-17.6525, -4.2558)","(-0.4755, -6.656)","(0.0273, -3.7687)"
5.070000000000000284e+01,"(0.6448, -1.7638)","(16.9244, -6.6431)","(12.1676, 11.4004)","(-4.0393, -0.6887)","(-1.5015, -19.5957)","(-0.7827, -12.1046)","(-10.857, 16.5643)","(-0.5909, -7.7468)","(13.7266, -5.3828)","(-0.0983, -4.7376)","(19.9673, -8.7175)","(8.3573, 6.4561)","(0.5977, -1.4782)","(-0.5189, -9.0011)","(2.0583, 2.598)","(-2.8212, -0.6471)","(0.8591, -1.7994)","(-19.3195, -3.1787)","(-0.8189, -11.6974)","(-0.4023, -5.9248)"
5.080000000000000426e+01,"(0.0031, -1.719)","(20.4042, -9.686)","(7.2955, 5.1408)","(-6.753, -1.6255)","(-3.2763, -19.0687)","(-1.6564, -19.7941)","(-11.7661, 21.744)","(-0.9597, -14.3192)","(20.4127, -8.8936)","(-0.5439, -7.3661)","(12.9718, -8.1984)","(3.162, 1.7619)","(0.023, -1.289)","(-1.0859, -17.3842)","(5.0836, 6.4948)","(-5.7501, -1.5241)","(0.0694, -1.2665)","(-10.6617, 0.1441)","(-1.6062, -18.7192)","(-0.7084, -10.7833)"
5.090000000000000568e+01,"(-0.1704, -3.1413)","(8.868, -7.1937)","(3.8177, 2.8085)","(-12.6847, -3.2354)","(-3.4738, -8.6573)","(-3.3343, -17.8531)","(-1.5995, 10.4237)","(-2.1009, -20.8537)","(12.7785, -8.2509)","(-0.924, -12.729)","(4.5778, -4.4686)","(1.5611, 0.4998)","(-0.1213, -2.3758)","(-2.7415, -21.9868)","(12.1014, 15.2322)","(-12.4846, -3.3899)","(-0.1098, -2.2047)","(-4.5869, 0.4322)","(-3.1011, -17.9289)","(-1.4223, -18.4545)"
5.100000000000000000e+01,"(-0.326, -6.7315)","(2.4092, -3.2217)","(3.2475, 3.2638)","(-20.201, -4.6316)","(-1.6233, -3.1478)","(-3.2366, -8.1472)","(1.1834, 4.0383)","(-3.6054, -14.9244)","(4.2496, -4.3978)","(-1.8109, -19.1212)","(1.6077, -1.5919)","(2.3356, 0.5066)","(-0.2398, -5.1983)","(-3.9576, -11.403)","(17.7395, 19.031)","(-22.4422, -5.4752)","(-0.2255, -4.708)","(-2.8551, -0.2223)","(-3.1777, -9.0893)","(-3.0221, -19.3341)"
5.110000000000000142e+01,"(-0.7116, -14.8501)","(0.4406, -1.0504)","(4.8502, 5.6152)","(-16.9579, -1.7932)","(-0.4845, -1.7016)","(-1.4617, -3.2802)","(2.3491, 3.1859)","(-2.7541, -6.2706)","(1.2714, -1.4707)","(-3.2086, -16.5308)","(1.3446, -0.7537)","(4.6282, 0.9809)","(-0.5134, -12.0471)","(-2.3084, -3.8456)","(9.9144, 4.8614)","(-17.9851, -1.5648)","(-0.466, -10.8334)","(-4.0803, -0.8994)","(-1.5952, -4.1804)","(-3.4473, -9.7519)"
5.120000000000000284e+01,"(-2.1191, -24.3745)","(0.0232, -0.8527)","(8.6019, 10.2569)","(-7.7125, 0.7271)","(-0.2488, -2.5799)","(-0.5096, -2.4153)","(4.0546, 4.8407)","(-1.0691, -2.7379)","(0.7227, -0.4839)","(-2.9287, -8.2336)","(2.5354, -1.0384)","(10.1087, 2.174)","(-1.5177, -23.4844)","(-0.6905, -1.0938)","(4.8313, -0.0989)","(-6.7849, 1.6222)","(-1.2998, -22.0644)","(-7.7888, -2.0054)","(-0.6607, -3.4656)","(-1.7782, -3.9588)"
5.130000000000000426e+01,"(-4.4127, -14.8203)","(-0.0761, -1.6189)","(13.3566, 15.1209)","(-3.035, 0.3428)","(-0.2973, -5.2701)","(-0.339, -3.9644)","(7.3374, 8.8077)","(-0.422, -2.7264)","(1.333, -0.5576)","(-1.4094, -4.1746)","(5.5061, -2.0983)","(20.2359, 4.2185)","(-4.1739, -19.1944)","(-0.1491, -0.5923)","(4.6901, -1.654)","(-1.9782, 1.2491)","(-3.8288, -21.1714)","(-15.3196, -3.9777)","(-0.4868, -5.5147)","(-0.6244, -2.527)"
5.140000000000000568e+01,"(-3.3811, -4.5526)","(-0.1571, -3.6612)","(12.1903, 10.9563)","(-2.1924, -0.2635)","(-0.5553, -11.5605)","(-0.4571, -7.9817)","(12.411, 14.4588)","(-0.3576, -4.8991)","(2.964, -1.1251)","(-0.6551, -4.0927)","(12.3927, -4.665)","(21.6092, 3.3892)","(-4.1684, -6.1717)","(-0.0808, -1.1185)","(7.1241, -2.9224)","(-1.1758, 1.5762)","(-4.344, -7.3113)","(-21.9861, -4.6376)","(-0.6674, -10.4779)","(-0.3677, -3.8088)"
5.150000000000000000e+01,"(-2.0123, -1.1855)","(-0.3361, -8.9108)","(6.6205, 4.1819)","(-3.6337, -0.868)","(-1.4625, -22.0169)","(-0.9228, -16.1994)","(13.4425, 13.1414)","(-0.5529, -10.0408)","(7.0858, -2.6169)","(-0.5588, -6.7448)","(22.1507, -9.0576)","(9.3285, 0.0306)","(-2.6977, -1.6664)","(-0.1143, -2.5477)","(12.1276, -4.965)","(-1.8741, 2.9094)","(-2.6704, -1.9409)","(-13.8898, -0.3403)","(-1.3542, -18.6893)","(-0.4525, -7.4598)"
5.160000000000000142e+01,"(-2.7988, -0.7983)","(-0.9487, -20.2559)","(2.9897, 1.9895)","(-7.4397, -1.9771)","(-3.8215, -19.7254)","(-2.4572, -22.9899)","(7.9931, 5.3592)","(-1.2366, -19.2669)","(16.4689, -6.1578)","(-0.8296, -12.547)","(15.0555, -9.3803)","(3.1439, -0.5061)","(-3.5591, -1.0207)","(-0.2299, -6.2666)","(17.5406, -7.6809)","(-3.9271, 6.0311)","(-3.1705, -0.9783)","(-5.2825, 1.069)","(-3.0634, -20.0546)","(-0.8612, -15.0819)"
5.170000000000000284e+01,"(-5.1706, -1.3466)","(-3.3757, -24.6581)","(2.3437, 2.334)","(-15.5015, -4.125)","(-3.9487, -7.0437)","(-4.1294, -12.9131)","(3.5291, 2.0979)","(-3.1748, -21.3445)","(23.801, -10.5864)","(-1.7446, -20.1077)","(4.0602, -5.2761)","(1.8869, -0.7133)","(-6.1953, -1.5753)","(-0.5868, -15.4121)","(14.2233, -7.9897)","(-8.3823, 12.8757)","(-5.4246, -1.3835)","(-1.5805, 0.4002)","(-3.6149, -9.7064)","(-2.2155, -22.7187)"
5.180000000000000426e+01,"(-10.5893, -2.8214)","(-4.9653, -9.0179)","(3.6618, 4.2949)","(-23.0936, -4.9751)","(-2.0395, -1.8243)","(-2.7038, -4.2374)","(2.0786, 1.853)","(-3.9506, -9.4273)","(9.4414, -8.2615)","(-3.4106, -17.2722)","(0.6727, -2.548)","(2.9859, -1.3335)","(-11.8554, -3.066)","(-2.1852, -26.847)","(6.7996, -5.1781)","(-12.2178, 20.6333)","(-10.4288, -2.7099)","(-0.6925, -0.0234)","(-1.8405, -3.5543)","(-4.0318, -14.3088)"
5.190000000000000568e+01,"(-19.7834, -4.9692)","(-3.6018, -2.5132)","(7.046, 8.5756)","(-13.8616, -0.045)","(-1.9354, -0.6938)","(-0.9807, -1.0245)","(2.8407, 3.2509)","(-2.0343, -2.8665)","(1.9311, -4.4516)","(-3.1448, -7.7117)","(-0.0864, -3.0124)","(5.9707, -2.6649)","(-19.9234, -4.7269)","(-5.0579, -14.0896)","(3.7041, -2.6416)","(-4.8071, 13.942)","(-18.7083, -4.6185)","(-1.1465, -0.2741)","(-0.5565, -1.7279)","(-2.8875, -4.9637)"
5.200000000000000000e+01,"(-20.2781, -2.9794)","(-4.3439, -1.2996)","(12.8053, 15.1749)","(-4.8667, 1.4281)","(-3.3765, -0.89)","(-0.571, -0.2644)","(5.3751, 6.5352)","(-0.6738, -0.6385)","(0.0777, -3.944)","(-1.3704, -3.1383)","(-0.3283, -5.3549)","(12.6252, -5.6164)","(-18.1365, -2.2462)","(-4.2905, -3.9843)","(4.0802, -2.0391)","(-0.0954, 5.4155)","(-19.915, -3.1251)","(-2.5369, -0.6943)","(-0.2572, -2.4073)","(-1.0296, -1.3169)"
5.210000000000000142e+01,"(-9.0712, 1.0515)","(-6.9898, -1.7256)","(14.2263, 13.9402)","(-1.3252, 0.8759)","(-6.8694, -1.8364)","(-1.0139, -0.2858)","(10.5739, 12.8437)","(-0.4878, -0.1949)","(-0.414, -6.022)","(-0.4865, -2.4629)","(-0.6004, -10.7542)","(21.011, -9.7433)","(-8.3387, 0.7713)","(-4.3178, -1.5459)","(6.896, -2.8843)","(0.6101, 1.7795)","(-9.8569, 0.6064)","(-6.1332, -1.7383)","(-0.284, -4.8367)","(-0.2605, -0.2658)"
5.220000000000000284e+01,"(-2.8785, 0.9645)","(-12.3112, -3.0641)","(7.9934, 4.8499)","(-0.8364, 1.1367)","(-14.482, -3.8809)","(-2.2429, -0.6217)","(15.2226, 16.5942)","(-0.9419, -0.2629)","(-0.7284, -10.711)","(-0.3408, -4.1372)","(-1.3658, -19.8336)","(14.5344, -8.2504)","(-3.0708, 0.4998)","(-6.483, -1.6005)","(12.6007, -5.0749)","(1.2, 1.5981)","(-3.6026, 0.6904)","(-14.894, -4.2012)","(-0.5098, -10.5833)","(-0.1121, -0.0568)"
5.230000000000000426e+01,"(-0.6871, 0.4099)","(-18.9863, -4.29)","(3.0557, 1.3248)","(-1.4336, 2.2055)","(-23.0448, -5.207)","(-5.4558, -1.5512)","(10.4946, 7.629)","(-2.1603, -0.6049)","(-1.4207, -18.072)","(-0.4741, -8.3709)","(-3.3147, -20.286)","(5.0644, -3.9722)","(-1.6919, -0.1079)","(-10.9149, -2.671)","(18.6939, -8.1281)","(2.3442, 2.8767)","(-1.4888, 0.041)","(-25.9582, -6.117)","(-1.2894, -20.914)","(-0.2074, -0.061)"
5.240000000000000568e+01,"(-0.3455, 0.4426)","(-16.9604, -2.0825)","(0.9942, 0.6125)","(-3.1636, 4.8073)","(-15.1602, -0.4947)","(-13.516, -3.8437)","(4.4912, 1.9268)","(-5.3911, -1.5453)","(-2.9418, -19.1827)","(-0.978, -16.8471)","(-3.7636, -8.738)","(1.3917, -1.436)","(-2.5973, -0.5967)","(-17.342, -4.0193)","(13.9734, -8.1886)","(4.9704, 6.1807)","(-1.8714, -0.3884)","(-14.8841, 0.4081)","(-3.5553, -21.1998)","(-0.5019, -0.1434)"
5.250000000000000000e+01,"(-0.6046, 0.9135)","(-8.6393, 0.3388)","(0.9274, 1.0047)","(-7.2742, 10.9961)","(-5.4627, 1.4886)","(-25.6464, -6.3575)","(1.3192, 0.4685)","(-13.6253, -3.8996)","(-3.3941, -10.0789)","(-2.6055, -22.8396)","(-1.8079, -2.7232)","(0.7103, -1.0961)","(-5.3359, -1.4189)","(-18.0823, -2.8372)","(5.8055, -4.9086)","(10.634, 13.1445)","(-3.7565, -0.9862)","(-5.0562, 2.7103)","(-4.1245, -8.0661)","(-1.316, -0.3834)"
5.260000000000000142e+01,"(-1.4126, 2.119)","(-4.1248, 0.1315)","(1.7833, 2.1832)","(-12.8172, 20.6111)","(-1.5103, 0.955)","(-16.773, -0.2993)","(0.3788, 0.2546)","(-26.1205, -6.497)","(-1.814, -4.3147)","(-4.1236, -12.1248)","(-0.4819, -0.6952)","(1.1427, -1.9744)","(-11.7538, -3.2114)","(-10.5414, -0.1073)","(2.6713, -2.1382)","(16.2225, 17.923)","(-8.4052, -2.3152)","(-2.6647, 3.3822)","(-2.194, -2.1532)","(-3.6327, -1.0734)"
5.270000000000000284e+01,"(-3.5823, 5.3075)","(-3.6506, -0.5458)","(4.0295, 5.0725)","(-6.6771, 16.5937)","(-0.8897, 1.1885)","(-5.7426, 2.8105)","(0.4658, 0.5373)","(-16.6233, -0.1118)","(-0.6853, -2.9592)","(-2.5616, -3.9142)","(-0.0892, -0.3218)","(2.4432, -4.2105)","(-22.0758, -5.519)","(-5.282, 0.1253)","(2.8049, -1.4342)","(10.7388, 7.2809)","(-18.1201, -4.8685)","(-3.3332, 5.335)","(-1.8318, -0.719)","(-10.1896, -3.0169)"
5.280000000000000426e+01,"(-8.9061, 13.2619)","(-5.9063, -1.396)","(9.3793, 11.8079)","(-0.0242, 6.6686)","(-1.4747, 2.2718)","(-2.8382, 3.4576)","(1.0059, 1.2577)","(-5.7243, 3.0368)","(-0.4292, -4.4493)","(-0.9102, -0.929)","(-0.0436, -0.631)","(5.6247, -9.6417)","(-19.1149, -2.0197)","(-4.2136, -0.5333)","(5.0209, -2.068)","(4.4606, 1.2358)","(-23.7304, -4.5358)","(-5.6786, 9.1326)","(-3.1063, -0.8252)","(-24.4842, -6.7718)"
5.290000000000000568e+01,"(-14.1966, 23.4603)","(-11.2082, -2.8759)","(16.7437, 19.4088)","(1.1876, 2.6749)","(-3.2077, 4.8868)","(-3.3527, 5.3591)","(2.4487, 3.1247)","(-3.0473, 3.8691)","(-0.5369, -8.5301)","(-0.5598, -0.249)","(-0.0624, -1.4835)","(11.1276, -19.4594)","(-7.3211, 1.6808)","(-6.2156, -1.3941)","(10.0553, -3.928)","(1.937, -0.2442)","(-11.1492, 1.1531)","(-9.1492, 15.0467)","(-6.2433, -1.6639)","(-22.6072, -2.4147)"
5.300000000000000000e+01,"(-3.6388, 13.8786)","(-19.2755, -4.641)","(12.3718, 9.0207)","(2.2418, 2.8388)","(-7.293, 11.0503)","(-5.557, 8.981)","(6.2674, 8.0484)","(-3.6676, 5.9184)","(-1.0305, -16.4431)","(-1.0162, -0.2852)","(-0.1278, -3.7579)","(9.2514, -18.8497)","(-2.1911, 1.42)","(-11.1564, -2.7868)","(18.2744, -7.3889)","(2.4474, -0.9046)","(-3.5735, 1.8258)","(-8.7239, 16.8353)","(-13.2605, -3.5703)","(-7.9399, 3.8087)"
5.310000000000000142e+01,"(1.3864, 5.6797)","(-18.8787, -2.6459)","(5.5214, 1.2131)","(4.0772, 4.9202)","(-12.6977, 20.4773)","(-8.8884, 14.6471)","(14.4954, 18.0509)","(-5.9439, 9.6806)","(-2.5339, -21.9836)","(-2.2657, -0.6293)","(-0.31, -9.881)","(2.2489, -7.9109)","(-1.3569, 1.8424)","(-18.4706, -4.3633)","(18.1309, -9.3384)","(4.6324, -1.8)","(-1.6744, 2.0354)","(-3.4979, 10.3954)","(-22.5948, -5.3439)","(-4.1773, 5.1537)"
5.320000000000000284e+01,"(2.9359, 4.1087)","(-9.0821, 0.6508)","(3.2524, -0.7133)","(7.8977, 9.6115)","(-6.6479, 16.4801)","(-8.7691, 16.7274)","(16.7588, 16.0993)","(-8.9559, 15.0023)","(-3.9124, -12.4693)","(-5.5395, -1.5775)","(-1.049, -23.0594)","(0.2391, -3.1853)","(-2.1454, 3.3466)","(-18.4809, -2.7065)","(7.2688, -6.2641)","(9.8417, -3.7567)","(-2.2209, 3.4677)","(-1.3834, 5.0474)","(-16.812, -1.1495)","(-4.406, 7.2507)"
5.330000000000000426e+01,"(4.7745, 5.6194)","(-3.4233, 0.5401)","(4.4249, -1.7333)","(13.5972, 15.8398)","(-0.1086, 6.6438)","(-3.7994, 10.7552)","(8.3859, 2.6882)","(-8.0736, 15.9227)","(-2.4572, -4.4347)","(-13.7505, -3.912)","(-4.0824, -23.5837)","(-0.2838, -3.254)","(-4.4097, 6.8036)","(-9.6391, 0.3243)","(2.1692, -2.5777)","(18.9947, -7.5329)","(-4.2426, 6.6284)","(-1.5503, 3.4661)","(-6.297, 1.507)","(-6.1333, 10.3902)"
5.340000000000000568e+01,"(7.8723, 9.2373)","(-1.8158, -0.091)","(7.8683, -3.1413)","(13.3309, 12.295)","(1.0558, 2.5453)","(-1.5688, 5.425)","(4.8573, -0.8032)","(-3.537, 10.0643)","(-0.7709, -1.4381)","(-25.8366, -6.3653)","(-5.4365, -7.2622)","(-0.6127, -5.5205)","(-9.0101, 13.9765)","(-4.1822, 0.3431)","(0.6983, -0.7128)","(18.9726, -9.7763)","(-8.3659, 13.081)","(-2.8213, 4.7963)","(-1.7718, 1.019)","(-7.9494, 13.9386)"
5.350000000000000000e+01,"(11.9906, 13.5887)","(-2.6681, -0.5991)","(14.4843, -5.8021)","(7.0053, 3.9963)","(2.0187, 2.5867)","(-1.7012, 3.7931)","(5.7284, -2.243)","(-1.767, 5.4266)","(-0.2083, -1.0927)","(-16.4362, -0.1366)","(-4.8027, -2.3201)","(-1.1617, -10.6967)","(-11.6038, 20.2956)","(-2.9397, -0.3144)","(0.7627, -0.3807)","(6.7807, -6.4229)","(-11.2783, 19.4628)","(-5.4427, 8.6612)","(-0.8995, 1.1478)","(-7.0061, 14.0253)"
5.360000000000000142e+01,"(12.319, 11.8931)","(-5.3963, -1.425)","(19.3352, -8.7657)","(2.5879, 1.2015)","(3.7118, 4.4917)","(-3.0066, 5.1443)","(8.9179, -3.7006)","(-2.1163, 4.386)","(-0.1437, -2.0852)","(-5.6264, 2.8506)","(-6.4588, -1.6553)","(-2.2066, -19.2206)","(-3.9212, 12.5502)","(-4.4842, -1.0254)","(1.6249, -0.6364)","(1.5981, -2.6613)","(-4.8461, 13.4175)","(-9.5089, 15.3403)","(-1.4003, 2.1544)","(-4.1372, 10.1228)"
5.370000000000000284e+01,"(7.8472, 5.8063)","(-11.7517, -3.1967)","(11.5602, -7.6354)","(1.0505, 0.8113)","(7.3131, 8.9396)","(-5.6629, 9.0689)","(14.2793, -5.9937)","(-3.6711, 6.2162)","(-0.2158, -4.6488)","(-2.8609, 3.5459)","(-9.9343, -2.3408)","(-3.1821, -19.9868)","(-0.1368, 4.7727)","(-8.6645, -2.2438)","(3.7949, -1.4125)","(0.2059, -1.3275)","(-0.6551, 5.5302)","(-9.4237, 17.926)","(-2.9929, 4.5704)","(-2.9212, 7.0263)"
5.380000000000000426e+01,"(4.2789, 3.1864)","(-21.8819, -5.45)","(4.3308, -4.0295)","(1.331, 1.518)","(13.208, 15.6053)","(-9.5175, 15.5092)","(16.9937, -8.0376)","(-6.6078, 10.672)","(-0.4491, -10.9684)","(-3.4279, 5.4938)","(-15.3025, -3.5074)","(-2.6086, -9.4842)","(0.3457, 1.3877)","(-16.6866, -4.2814)","(9.329, -3.4199)","(-0.0822, -1.9779)","(-0.0989, 1.6854)","(-3.2098, 10.4895)","(-6.8019, 10.3056)","(-3.4448, 6.7295)"
5.390000000000000568e+01,"(3.5373, 3.4991)","(-19.0615, -2.0534)","(2.0053, -1.5904)","(2.6722, 3.2947)","(14.0368, 13.4483)","(-8.951, 17.3492)","(11.1278, -6.9632)","(-9.7842, 16.4843)","(-1.3085, -22.6359)","(-5.6768, 9.1843)","(-17.8118, -3.208)","(-1.189, -3.4046)","(0.6582, 0.9423)","(-21.6784, -4.2036)","(20.5303, -7.832)","(-0.2053, -4.0044)","(-0.2113, 0.6274)","(-0.8355, 4.4235)","(-12.4076, 19.78)","(-5.1464, 8.9376)"
5.400000000000000000e+01,"(5.0544, 5.7888)","(-7.3985, 1.5977)","(2.4195, -1.1718)","(6.0243, 7.569)","(7.6031, 4.4018)","(-3.1347, 10.1357)","(5.623, -4.1597)","(-7.301, 15.4893)","(-3.9678, -21.0772)","(-8.9587, 14.8167)","(-12.5469, -0.8686)","(-0.3533, -1.3218)","(1.3469, 1.6719)","(-12.2476, 0.1546)","(20.7855, -10.7469)","(-0.4026, -9.0068)","(-0.5614, 0.9255)","(-0.8053, 2.2057)","(-7.6176, 17.5081)","(-7.487, 12.8001)"
5.410000000000000142e+01,"(8.6605, 10.244)","(-2.1805, 1.3016)","(4.6198, -1.8569)","(12.8805, 15.8417)","(2.8032, 1.1422)","(-1.0106, 4.4813)","(4.2131, -2.5067)","(-2.5103, 8.5298)","(-4.4632, -6.982)","(-8.5857, 16.5477)","(-7.1143, -0.1049)","(-0.2258, -1.6545)","(2.9631, 3.7147)","(-4.509, 0.9762)","(5.8218, -7.0284)","(-1.0114, -19.2514)","(-1.3216, 2.0137)","(-1.613, 2.7899)","(-0.386, 7.279)","(-8.0519, 15.0023)"
5.420000000000000284e+01,"(13.073, 14.694)","(-1.1976, 1.5662)","(9.6925, -3.7279)","(16.2326, 16.5246)","(0.834, 0.4705)","(-1.1087, 2.6645)","(5.7789, -2.6303)","(-1.2697, 4.1995)","(-2.9846, -1.9066)","(-3.6752, 10.5115)","(-5.4874, -0.6244)","(-0.3643, -3.3835)","(6.9453, 8.7802)","(-1.3664, 0.2884)","(0.9664, -4.125)","(-3.1435, -23.6751)","(-3.2494, 4.8493)","(-3.3809, 5.3058)","(0.9475, 2.6566)","(-5.1687, 11.9215)"
5.430000000000000426e+01,"(11.9585, 10.8167)","(-1.8413, 2.858)","(18.5583, -7.3774)","(8.7556, 4.416)","(0.7035, 0.7522)","(-2.1441, 3.6455)","(9.8896, -4.0879)","(-1.784, 3.5637)","(-3.8317, -1.109)","(-1.5849, 5.3527)","(-7.1794, -1.489)","(-0.7753, -7.6684)","(14.5392, 17.7191)","(-0.8441, -0.0948)","(-0.1965, -4.8733)","(-4.5255, -9.7478)","(-7.9805, 11.9092)","(-7.1363, 11.0121)","(1.8376, 2.415)","(-2.9582, 7.7217)"
5.440000000000000568e+01,"(6.7218, 4.4641)","(-3.8139, 5.8677)","(19.0373, -9.6853)","(3.59, 0.2854)","(1.3591, 1.6662)","(-4.3662, 6.8699)","(16.0664, -6.7428)","(-3.3544, 5.5347)","(-6.5034, -1.6374)","(-1.7795, 3.8842)","(-11.6593, -2.761)","(-1.7569, -17.1125)","(15.4299, 14.3852)","(-1.5617, -0.3917)","(-0.574, -7.865)","(-2.79, -2.6677)","(-13.9048, 22.4477)","(-11.7216, 19.1765)","(3.3779, 4.0897)","(-2.8632, 6.1426)"
5.450000000000000000e+01,"(3.3202, 2.3863)","(-8.1358, 12.498)","(7.1562, -6.4922)","(2.8446, -0.8759)","(3.1138, 3.9311)","(-8.5879, 13.463)","(16.8937, -8.4345)","(-6.4632, 10.2378)","(-12.1097, -3.0933)","(-3.1459, 5.359)","(-17.5366, -3.9157)","(-3.2873, -24.9229)","(7.5674, 2.8894)","(-3.5054, -0.9665)","(-0.989, -13.7466)","(-2.5368, -0.9547)","(-5.2215, 15.5157)","(-6.9079, 16.1855)","(6.6647, 8.1567)","(-4.1503, 7.4136)"
5.460000000000000142e+01,"(2.8656, 2.9145)","(-12.1975, 20.4403)","(1.8095, -2.6861)","(4.5206, -1.7892)","(7.5232, 9.5561)","(-11.1525, 19.4597)","(9.1043, -6.3833)","(-10.3589, 17.0688)","(-19.6929, -4.5865)","(-5.8865, 9.4336)","(-17.0703, -2.4521)","(-3.3548, -12.3535)","(3.4942, -0.2429)","(-8.4636, -2.3954)","(-2.0071, -19.7593)","(-4.1636, -1.0816)","(0.8791, 6.1624)","(-0.8535, 6.9783)","(12.4916, 14.9304)","(-6.4845, 10.9377)"
5.470000000000000284e+01,"(4.4656, 5.224)","(-5.1988, 14.3938)","(0.2817, -0.9947)","(8.692, -3.4072)","(15.578, 18.8741)","(-4.5125, 12.9537)","(4.253, -3.3481)","(-7.8238, 16.4791)","(-17.6214, -2.1331)","(-9.6558, 15.8312)","(-9.9527, -0.1282)","(-2.0642, -4.175)","(3.7729, -1.372)","(-19.268, -5.2775)","(-3.363, -15.3432)","(-7.9796, -2.082)","(2.3335, 3.6493)","(0.2088, 2.1496)","(14.6527, 14.6904)","(-8.5156, 14.9059)"
5.480000000000000426e+01,"(8.2571, 9.9444)","(-0.2075, 5.6825)","(-0.0215, -1.1883)","(16.3572, -6.5196)","(14.8113, 12.888)","(-0.6066, 5.2778)","(3.4637, -1.9811)","(-2.1155, 8.4598)","(-8.3334, 0.6335)","(-8.584, 16.9836)","(-5.4456, -0.0619)","(-1.8006, -2.2776)","(6.291, -2.5241)","(-24.5669, -4.5106)","(-2.7446, -7.2273)","(-15.6011, -4.0431)","(3.9551, 4.7265)","(0.3755, 0.7558)","(8.42, 5.1733)","(-6.787, 14.113)"
5.490000000000000568e+01,"(13.5201, 15.5358)","(0.5415, 1.8084)","(-0.1168, -2.381)","(19.5632, -9.2926)","(7.0365, 2.0795)","(-0.1216, 1.6098)","(5.3221, -2.3234)","(-0.686, 3.4289)","(-3.3535, 0.364)","(-2.9271, 9.7049)","(-4.9551, -0.7445)","(-2.9341, -3.2368)","(11.7523, -4.6694)","(-10.3301, 1.8348)","(-1.2202, -3.7512)","(-21.9283, -4.551)","(6.7121, 7.9477)","(0.7788, 0.994)","(3.2288, 1.2862)","(-3.4738, 9.2524)"
5.500000000000000000e+01,"(12.762, 11.6035)","(1.0617, 1.4518)","(-0.2308, -5.4606)","(9.3807, -7.1008)","(3.8268, -0.6321)","(-0.266, 0.6922)","(9.7869, -3.941)","(-0.9206, 2.1038)","(-2.3499, -0.2633)","(-1.032, 4.3362)","(-7.4774, -1.6997)","(-5.4591, -6.0065)","(18.7238, -7.9252)","(-3.5321, 2.5684)","(-0.5827, -4.0379)","(-13.5367, -0.2344)","(11.1518, 12.991)","(1.6704, 2.0861)","(0.8953, 0.3972)","(-2.4564, 6.0826)"
5.510000000000000142e+01,"(6.7873, 4.0609)","(2.084, 2.5615)","(-0.5248, -13.007)","(3.0183, -3.2853)","(4.7069, -1.8193)","(-0.6784, 1.1033)","(16.8522, -6.9322)","(-1.903, 3.1571)","(-3.7837, -0.8905)","(-1.2203, 2.7868)","(-12.944, -3.1693)","(-10.4803, -11.5238)","(15.3233, -8.599)","(-2.4989, 3.5696)","(-0.5365, -6.9366)","(-5.1253, 1.0426)","(13.3504, 13.73)","(3.9087, 4.9515)","(0.4827, 0.4646)","(-3.1839, 6.0764)"
5.520000000000000284e+01,"(2.7283, 1.5511)","(4.4256, 5.5073)","(-1.6884, -24.8353)","(1.07, -1.0267)","(7.8782, -3.1916)","(-1.5882, 2.416)","(17.7027, -8.8617)","(-4.0357, 6.2713)","(-7.6278, -2.0135)","(-2.3552, 3.9665)","(-19.1076, -4.1853)","(-15.1472, -15.9322)","(6.2393, -5.3387)","(-3.6556, 5.8687)","(-0.8423, -13.124)","(-1.5492, 0.3672)","(9.155, 6.9848)","(9.3411, 11.8173)","(0.8603, 1.0421)","(-5.1198, 8.6843)"
5.530000000000000426e+01,"(1.6526, 1.5266)","(9.6765, 12.0331)","(-4.5065, -17.6739)","(1.1504, -0.5804)","(13.9038, -5.6426)","(-3.8915, 5.8106)","(8.5195, -6.4279)","(-8.3843, 12.9728)","(-15.6382, -4.1324)","(-4.7649, 7.4946)","(-16.1013, -1.7691)","(-10.5398, -9.3452)","(2.4536, -2.2198)","(-6.5174, 10.4128)","(-1.8478, -20.7253)","(-0.7693, -0.05)","(4.6401, 3.0709)","(17.045, 19.8533)","(1.9497, 2.4578)","(-7.888, 13.2347)"
5.540000000000000568e+01,"(2.459, 2.8674)","(16.1415, 18.3905)","(-4.2064, -5.3172)","(2.3424, -0.9293)","(18.5676, -8.4024)","(-9.2557, 13.9046)","(3.3309, -3.0213)","(-11.839, 20.1688)","(-22.8088, -4.8438)","(-9.104, 14.3664)","(-8.1759, 0.3111)","(-4.6087, -3.3218)","(2.0526, -1.1573)","(-9.9445, 16.5896)","(-3.5535, -16.6194)","(-1.3302, -0.3238)","(2.9292, 2.6063)","(12.4961, 8.9584)","(4.8018, 6.1329)","(-8.5433, 15.8399)"
5.550000000000000000e+01,"(4.8936, 6.0123)","(11.8324, 8.7565)","(-3.2115, -1.5817)","(5.2964, -1.9907)","(12.1231, -7.6143)","(-13.5414, 22.8829)","(2.2181, -1.4034)","(-4.8175, 13.7224)","(-13.6518, -0.0476)","(-10.688, 19.2263)","(-4.1803, 0.0126)","(-1.5865, -1.1652)","(3.6016, -1.5067)","(-7.581, 15.9249)","(-3.0703, -7.03)","(-2.9503, -0.8089)","(3.7145, 4.1615)","(5.685, 1.0291)","(11.5387, 14.5639)","(-4.8959, 11.8846)"
5.560000000000000142e+01,"(10.1486, 12.4765)","(5.1289, 1.5551)","(-4.6003, -1.2223)","(12.352, -4.6016)","(5.0899, -4.2962)","(-3.2908, 13.0752)","(3.4593, -1.5157)","(-0.3183, 5.425)","(-4.8516, 1.3252)","(-3.7967, 11.8662)","(-4.1135, -0.6849)","(-1.0482, -1.025)","(7.4065, -2.8723)","(-2.4414, 8.6258)","(-1.2515, -2.7201)","(-7.113, -2.0134)","(6.4967, 7.7571)","(3.7461, -0.9471)","(17.8573, 19.5648)","(-2.4265, 6.9884)"
5.570000000000000284e+01,"(15.7187, 17.5247)","(2.2011, -0.228)","(-7.9537, -1.9953)","(22.7814, -9.2269)","(2.8048, -1.9877)","(1.1142, 5.1492)","(6.8244, -2.6897)","(0.3005, 1.5798)","(-1.2779, 0.7088)","(-0.5465, 4.7348)","(-6.782, -1.6204)","(-1.828, -1.994)","(15.1881, -5.8907)","(-1.0801, 3.9841)","(-0.4167, -2.0961)","(-16.8232, -4.6908)","(11.4746, 13.5619)","(5.1869, -2.068)","(10.3878, 5.4944)","(-2.3558, 5.1987)"
5.580000000000000426e+01,"(11.1377, 8.1457)","(2.6367, -0.9665)","(-14.4177, -3.6184)","(15.1618, -9.5818)","(3.5402, -1.6795)","(2.4281, 3.4979)","(13.8214, -5.3784)","(0.5509, 0.8512)","(-0.584, 0.722)","(-0.2178, 1.51)","(-12.631, -3.2088)","(-3.9425, -4.3965)","(21.305, -9.5165)","(-1.4895, 3.0817)","(-0.2878, -3.6109)","(-25.79, -5.562)","(14.0731, 14.5186)","(9.0144, -3.6356)","(4.9903, 0.0465)","(-3.6665, 6.4644)"
5.590000000000000568e+01,"(4.7536, 1.7234)","(4.8539, -1.8974)","(-20.3652, -4.2906)","(3.8216, -5.4596)","(6.4749, -2.6299)","(4.1063, 4.8868)","(20.8697, -9.0487)","(1.1331, 1.4127)","(-0.9224, 1.4037)","(-0.4838, 0.9988)","(-20.038, -4.5862)","(-8.9354, -9.9985)","(10.9373, -7.9501)","(-2.8713, 4.7444)","(-0.4046, -7.4799)","(-12.6443, 1.1724)","(9.1331, 6.5336)","(15.5658, -6.3774)","(4.6074, -1.5772)","(-6.2016, 10.2341)"
5.600000000000000000e+01,"(1.5449, 0.0985)","(10.0803, -3.8737)","(-14.6064, -0.9779)","(0.5596, -3.137)","(12.5943, -4.9653)","(7.1241, 8.4734)","(12.714, -8.3456)","(2.4713, 3.0942)","(-2.0433, 3.0946)","(-1.1306, 1.7969)","(-16.972, -1.837)","(-16.4194, -17.8401)","(3.0873, -3.886)","(-5.7244, 9.0028)","(-0.836, -15.7184)","(-4.2747, 2.616)","(4.1096, 2.3184)","(18.1409, -8.6791)","(6.9001, -2.828)","(-9.0197, 15.3049)"
5.610000000000000142e+01,"(1.2238, -0.3776)","(18.9261, -7.5726)","(-6.5451, 0.6123)","(-0.1949, -4.1081)","(19.7064, -8.4133)","(11.7985, 13.7003)","(3.9855, -4.388)","(5.8122, 7.3597)","(-4.9306, 7.3772)","(-2.6167, 3.9714)","(-7.8345, 0.6764)","(-12.9602, -11.8023)","(0.5964, -1.3211)","(-10.0901, 16.2289)","(-2.3345, -23.623)","(-2.5347, 3.404)","(2.0045, 1.5965)","(9.9882, -6.9131)","(11.741, -4.8033)","(-7.5743, 15.363)"
5.620000000000000284e+01,"(2.2207, -0.8488)","(18.447, -9.5977)","(-3.045, 0.0739)","(-0.4721, -7.19)","(14.2976, -8.5297)","(13.2885, 13.2865)","(0.9919, -1.4367)","(12.9256, 16.0263)","(-10.9453, 16.6855)","(-6.2358, 9.3618)","(-3.173, 0.3146)","(-5.5555, -3.4329)","(0.0417, -0.9768)","(-9.2044, 18.0212)","(-4.2585, -13.5887)","(-3.4164, 5.4786)","(2.3538, 2.6166)","(4.1349, -3.5591)","(17.362, -7.5373)","(-3.3071, 9.5259)"
5.630000000000000426e+01,"(4.8829, -1.8379)","(6.7651, -6.2705)","(-3.1549, -0.5602)","(-0.8583, -13.6071)","(5.2134, -4.9114)","(8.4872, 6.1265)","(0.1988, -0.3304)","(16.7336, 17.1513)","(-11.7592, 21.7956)","(-12.4213, 19.4021)","(-2.3924, -0.3035)","(-2.6082, -0.9422)","(-0.0853, -1.7832)","(-2.5599, 9.6962)","(-2.9541, -4.3119)","(-5.9783, 9.5738)","(4.3279, 5.239)","(2.6723, -1.7224)","(14.7208, -8.095)","(-1.8542, 5.3489)"
5.640000000000000568e+01,"(11.351, -4.2284)","(1.7129, -2.5319)","(-5.5981, -1.3883)","(-1.9397, -21.0252)","(1.785, -1.8195)","(4.1107, 2.6693)","(0.0352, -0.0586)","(8.9455, 4.2388)","(-1.5008, 10.351)","(-8.8438, 19.0734)","(-3.9651, -0.9475)","(-3.299, -0.7274)","(-0.1767, -3.941)","(-0.49, 3.7287)","(-1.3337, -1.0278)","(-9.525, 15.7094)","(8.7773, 10.7681)","(3.8821, -1.7432)","(7.1448, -5.3782)","(-2.3604, 4.7085)"
5.650000000000000000e+01,"(21.9463, -8.7363)","(0.2716, -0.8874)","(-11.2387, -2.9578)","(-3.6267, -16.0007)","(1.2921, -0.7746)","(2.6706, 2.4366)","(0.013, -0.0096)","(3.9876, 0.0342)","(1.257, 4.0632)","(-0.3584, 8.0383)","(-8.0473, -2.1304)","(-5.8865, -1.22)","(-0.3716, -9.4041)","(-0.4505, 1.4956)","(-1.5014, -0.4869)","(-8.3803, 16.648)","(14.793, 17.0344)","(7.3537, -2.9402)","(3.7782, -2.745)","(-4.0769, 6.8571)"
5.660000000000000142e+01,"(16.8779, -9.8951)","(-0.0122, -1.0072)","(-20.1216, -4.9384)","(-2.9781, -6.597)","(2.3466, -0.9775)","(3.591, 4.0801)","(0.0343, -0.0132)","(3.7099, -1.2621)","(2.4671, 3.3084)","(1.3529, 3.268)","(-16.3608, -4.303)","(-11.6256, -2.4382)","(-1.0376, -20.7272)","(-1.0005, 1.7508)","(-2.8369, -0.758)","(-3.026, 9.6895)","(12.5912, 10.6066)","(14.2323, -5.6214)","(3.9782, -2.0262)","(-7.1424, 11.5957)"
5.670000000000000284e+01,"(4.5265, -5.8566)","(-0.0971, -2.027)","(-19.2696, -2.5668)","(-1.1661, -2.5323)","(5.0431, -1.9305)","(6.4893, 7.8026)","(0.0919, -0.0331)","(5.8869, -2.3692)","(4.2297, 5.0398)","(2.5376, 3.2352)","(-22.7139, -4.6347)","(-20.2767, -4.0572)","(-3.4963, -23.7277)","(-2.2042, 3.4347)","(-6.1519, -1.6833)","(-1.2057, 4.5482)","(5.9312, 2.7663)","(20.1335, -8.9377)","(6.6379, -2.7925)","(-9.7365, 16.7873)"
5.680000000000000426e+01,"(0.7347, -3.1064)","(-0.1941, -4.6876)","(-8.5462, 1.001)","(-0.3863, -2.022)","(11.3749, -4.2775)","(11.7013, 13.89)","(0.2552, -0.0905)","(10.805, -4.3095)","(7.5931, 9.0943)","(4.4499, 5.3252)","(-12.7961, 0.2277)","(-18.7888, -2.6994)","(-4.7837, -8.5713)","(-5.0104, 7.6083)","(-13.8212, -3.7982)","(-1.4639, 3.1996)","(1.8994, 0.5342)","(12.0363, -7.9661)","(12.1514, -4.8916)","(-6.3953, 14.3604)"
5.690000000000000568e+01,"(-0.1376, -3.7676)","(-0.4356, -11.3968)","(-2.7765, 0.7787)","(-0.2744, -3.5526)","(21.4175, -8.5937)","(14.2994, 14.6903)","(0.7364, -0.2586)","(17.8427, -7.4465)","(12.5747, 14.5565)","(8.2306, 9.912)","(-4.4536, 1.2883)","(-8.4802, -0.203)","(-3.2897, -2.3521)","(-10.4812, 16.1829)","(-23.935, -5.6794)","(-2.7492, 4.6188)","(0.4813, 0.038)","(4.1011, -4.1586)","(18.5179, -7.9696)","(-2.2611, 7.7433)"
5.700000000000000000e+01,"(-0.4254, -6.4964)","(-1.3652, -23.6799)","(-0.738, 0.1768)","(-0.3939, -7.4298)","(16.7512, -9.7148)","(8.9985, 6.2127)","(2.1867, -0.7627)","(16.5135, -8.7439)","(13.1608, 12.676)","(13.4004, 15.3816)","(-1.1576, 0.6763)","(-2.9183, 0.1101)","(-3.9254, -1.193)","(-11.2346, 20.8163)","(-16.2017, -0.5983)","(-5.4123, 8.5581)","(0.3342, -0.0975)","(1.4039, -1.4153)","(14.5903, -8.3306)","(-1.4295, 4.1416)"
5.710000000000000142e+01,"(-0.764, -12.4096)","(-4.2252, -20.4627)","(-0.483, -0.0655)","(-0.824, -15.7426)","(4.7776, -5.7286)","(3.8625, 2.0144)","(6.5766, -2.2887)","(7.302, -5.853)","(7.726, 5.1587)","(12.7249, 11.6257)","(-0.5811, 0.7416)","(-1.0065, -0.0434)","(-6.4393, -1.6081)","(-2.1024, 10.4906)","(-5.6492, 1.9343)","(-9.6549, 15.4898)","(0.6667, -0.247)","(1.1979, -0.6642)","(6.1604, -5.1339)","(-2.168, 4.092)"
5.720000000000000284e+01,"(-1.6985, -20.4921)","(-4.6047, -6.3889)","(-0.976, -0.2539)","(-2.3359, -23.7939)","(0.853, -2.6593)","(1.6525, 1.2248)","(18.4733, -6.576)","(2.9148, -2.6045)","(3.4691, 2.1473)","(6.8561, 4.1873)","(-0.9573, 1.459)","(-1.221, -0.2224)","(-11.689, -2.955)","(0.6102, 3.7433)","(-1.9252, 1.7725)","(-9.607, 18.2448)","(1.605, -0.5888)","(2.3098, -0.9392)","(2.7526, -2.2518)","(-4.0354, 6.5995)"
5.730000000000000426e+01,"(-3.4896, -17.6693)","(-3.4753, -1.8627)","(-2.2932, -0.6431)","(-4.2996, -13.5743)","(-0.0421, -2.8448)","(1.8227, 2.0102)","(27.5845, -12.2986)","(2.2515, -1.3197)","(2.2314, 2.0618)","(2.8385, 1.6765)","(-2.143, 3.2415)","(-2.549, -0.5388)","(-19.0091, -4.4394)","(1.3429, 2.0977)","(-1.8499, 2.7802)","(-3.0651, 10.4436)","(4.169, -1.5034)","(5.0862, -1.9296)","(2.7243, -1.4279)","(-7.4771, 11.933)"
5.740000000000000568e+01,"(-3.2615, -7.5469)","(-4.7638, -1.2876)","(-5.7955, -1.6669)","(-2.9954, -4.2524)","(-0.3036, -4.9459)","(3.3978, 4.1287)","(7.3554, -9.4619)","(3.7577, -1.6017)","(3.1643, 3.6438)","(1.8212, 1.7105)","(-5.1844, 7.7536)","(-5.9267, -1.2928)","(-17.9364, -2.3997)","(2.4925, 3.0434)","(-3.2462, 5.0994)","(-0.657, 4.2138)","(11.0541, -3.9742)","(11.6757, -4.3683)","(4.8058, -1.993)","(-10.3971, 17.8031)"
5.750000000000000000e+01,"(-1.3858, -2.7496)","(-7.9755, -1.9763)","(-14.6531, -4.1899)","(-1.4461, -1.0258)","(-0.5533, -9.8818)","(7.196, 8.925)","(1.0486, -7.7323)","(7.5359, -2.9487)","(5.9786, 7.2608)","(2.73, 3.1846)","(-11.3382, 17.3418)","(-14.0591, -3.0716)","(-8.9903, 0.4431)","(4.8178, 5.8841)","(-6.5327, 10.1568)","(-0.5716, 1.8076)","(24.0391, -9.2507)","(21.9815, -8.8286)","(9.6051, -3.7556)","(-6.0756, 14.3638)"
5.760000000000000142e+01,"(-0.4182, -1.7292)","(-14.0918, -3.4959)","(-26.6969, -6.4357)","(-1.7799, -0.551)","(-1.2185, -18.7822)","(13.833, 16.5624)","(-0.6605, -8.9076)","(15.1033, -5.9003)","(11.3989, 13.7219)","(5.3824, 6.5974)","(-11.2339, 21.395)","(-25.2148, -5.0361)","(-3.8693, 0.3117)","(9.6566, 11.7993)","(-11.0165, 17.8968)","(-1.2013, 2.1115)","(17.5281, -10.6902)","(16.284, -9.7179)","(17.769, -7.1386)","(-1.6448, 6.9827)"
5.770000000000000284e+01,"(-0.2454, -2.8428)","(-19.848, -4.1861)","(-15.2141, 0.5209)","(-3.3663, -0.894)","(-3.065, -21.3324)","(14.6146, 13.8078)","(-1.2213, -11.4158)","(20.8617, -9.3654)","(14.9535, 15.7443)","(10.8558, 13.2488)","(-1.1561, 9.8112)","(-16.1843, -1.4337)","(-2.8656, -0.3412)","(15.1169, 16.9824)","(-7.9449, 17.034)","(-2.5897, 4.0548)","(3.8174, -6.8719)","(4.3998, -5.6578)","(18.7233, -9.392)","(-0.8787, 3.1244)"
5.780000000000000426e+01,"(-0.3198, -5.904)","(-14.8509, -1.1817)","(-5.2835, 3.1449)","(-7.2437, -1.9742)","(-3.9046, -9.8729)","(7.4535, 3.6786)","(-1.6905, -14.288)","(11.0048, -7.8558)","(9.534, 6.523)","(15.5656, 16.8943)","(1.335, 3.9073)","(-5.9879, 0.7584)","(-4.5211, -1.0531)","(11.5405, 9.055)","(-1.5546, 8.0601)","(-5.7298, 8.7529)","(0.3586, -5.5707)","(0.7254, -2.8765)","(7.8241, -6.528)","(-1.4435, 2.7884)"
5.790000000000000568e+01,"(-0.626, -12.926)","(-7.0201, 0.4698)","(-3.0917, 4.1262)","(-15.7329, -4.2574)","(-2.0464, -3.1531)","(2.6704, 0.4735)","(-2.2617, -14.7452)","(3.2953, -3.857)","(3.943, 1.7337)","(10.2986, 7.146)","(2.5689, 3.3796)","(-3.4033, 1.2195)","(-8.8487, -2.305)","(5.1863, 2.3161)","(-0.1494, 2.7398)","(-11.1184, 17.4635)","(-0.5557, -7.4054)","(-0.1113, -3.433)","(2.352, -2.7717)","(-2.9011, 4.6887)"
5.800000000000000000e+01,"(-1.7249, -23.1571)","(-3.562, -0.0086)","(-3.8882, 6.3147)","(-23.9447, -5.2108)","(-0.5843, -0.8029)","(1.4449, -0.3302)","(-2.4289, -11.8519)","(0.7712, -1.1957)","(1.2043, 0.5896)","(4.2599, 1.5739)","(4.3993, 5.2382)","(-4.6436, 2.0909)","(-17.0816, -4.3843)","(1.5856, 0.5015)","(-0.1332, 0.7901)","(-9.7215, 19.3279)","(-0.9632, -11.3578)","(-0.3816, -5.9865)","(0.7309, -0.7761)","(-5.9649, 9.2888)"
5.810000000000000142e+01,"(-4.0981, -17.6031)","(-3.8177, -0.6907)","(-6.293, 10.2764)","(-13.6933, 0.2424)","(-0.1046, -0.2693)","(2.2439, -0.853)","(-1.9514, -9.121)","(0.1275, -0.3004)","(0.7242, 0.7064)","(1.256, 0.179)","(7.897, 9.4529)","(-8.1024, 3.6834)","(-21.6925, -4.1126)","(0.3561, 0.1345)","(-0.3797, 0.6976)","(-1.5289, 9.1192)","(-1.6061, -16.5963)","(-0.6899, -11.6829)","(0.718, -0.3724)","(-10.6166, 17.0273)"
5.820000000000000284e+01,"(-3.6713, -5.8988)","(-6.6233, -1.6254)","(-9.0877, 15.405)","(-4.6139, 1.7355)","(-0.0378, -0.457)","(4.6125, -1.7628)","(-1.4526, -8.7373)","(0.0084, -0.2174)","(1.263, 1.522)","(0.6844, -0.1687)","(12.8374, 14.7672)","(-14.4858, 6.606)","(-11.8303, 0.3104)","(0.174, 0.171)","(-0.9098, 1.41)","(0.4543, 3.0884)","(-2.6743, -16.9372)","(-1.5497, -20.274)","(1.5152, -0.5974)","(-8.9595, 18.0489)"
5.830000000000000426e+01,"(-1.8706, -1.4843)","(-12.7501, -3.2892)","(-7.5312, 15.3449)","(-1.5721, 1.5113)","(-0.0468, -1.0667)","(10.3226, -3.8841)","(-1.3228, -10.6286)","(-0.0172, -0.4523)","(2.793, 3.5046)","(1.1856, -0.4434)","(12.8781, 12.1535)","(-18.6508, 9.0492)","(-4.2529, 0.9989)","(0.3413, 0.4209)","(-2.1952, 3.2943)","(0.9613, 1.5644)","(-2.8933, -10.7343)","(-3.429, -18.8053)","(3.5218, -1.3133)","(-2.0115, 9.0432)"
5.840000000000000568e+01,"(-2.0482, -0.6715)","(-20.6247, -4.7668)","(-3.2321, 9.4183)","(-1.6254, 2.4519)","(-0.0928, -2.686)","(20.3013, -8.0166)","(-1.5802, -13.734)","(-0.0396, -1.1105)","(6.6482, 8.4297)","(2.6509, -0.9903)","(7.3737, 4.8362)","(-11.51, 6.7293)","(-1.2084, 0.3116)","(0.8216, 1.0468)","(-5.4968, 8.1691)","(1.8567, 2.2922)","(-1.8221, -6.374)","(-3.4804, -8.0367)","(8.6598, -3.1737)","(-0.1803, 3.1874)"
5.850000000000000000e+01,"(-3.6826, -0.9673)","(-17.022, -1.7116)","(-1.8125, 5.2537)","(-2.9851, 4.6548)","(-0.2166, -7.1176)","(18.5221, -9.9749)","(-2.1438, -15.2566)","(-0.0891, -2.9326)","(14.307, 17.5554)","(6.4872, -2.3776)","(3.3124, 2.0968)","(-4.8577, 3.3157)","(-0.5818, -0.0388)","(2.1382, 2.7588)","(-12.0819, 18.4681)","(3.7383, 4.6072)","(-1.0169, -5.8887)","(-1.5474, -2.7068)","(19.5391, -7.3904)","(-0.0945, 0.8808)"
5.860000000000000142e+01,"(-7.6052, -2.0416)","(-7.4467, 0.8701)","(-2.3328, 4.6418)","(-6.2463, 9.6275)","(-0.6473, -18.1413)","(5.7432, -6.2336)","(-2.5044, -12.8332)","(-0.2237, -8.0368)","(15.8835, 15.1206)","(15.6321, -5.7817)","(2.2715, 2.155)","(-2.5058, 1.5219)","(-1.0435, -0.2581)","(5.7754, 7.4842)","(-10.624, 21.1252)","(8.0129, 9.9509)","(-0.8505, -8.4438)","(-0.4102, -1.1948)","(21.9887, -10.8541)","(-0.2846, 0.5727)"
5.870000000000000284e+01,"(-15.8727, -4.2268)","(-2.6809, 0.4367)","(-4.0555, 6.8072)","(-11.1785, 17.8942)","(-2.8208, -27.9432)","(1.1205, -2.7994)","(-2.1273, -9.4909)","(-0.7448, -20.5038)","(7.8914, 3.0299)","(24.6183, -10.6087)","(3.332, 3.8615)","(-3.1319, 1.5279)","(-2.3632, -0.653)","(14.2285, 17.9524)","(-0.4834, 9.1596)","(14.7573, 17.419)","(-1.1411, -13.6237)","(-0.1762, -1.7234)","(6.5836, -7.3733)","(-0.7058, 1.105)"
5.880000000000000426e+01,"(-23.19, -4.9175)","(-1.594, -0.1364)","(-7.1457, 11.5819)","(-8.5841, 17.9347)","(-5.6124, -10.9855)","(0.0286, -2.5566)","(-1.5308, -8.3602)","(-3.4241, -27.2529)","(3.7715, -0.2991)","(10.3684, -8.7112)","(6.3328, 7.6965)","(-5.8586, 2.6622)","(-5.8143, -1.6578)","(17.7184, 17.5089)","(1.7949, 4.0613)","(13.705, 12.0494)","(-2.0268, -18.4316)","(-0.1972, -3.5977)","(1.1519, -4.2333)","(-1.6974, 2.5531)"
5.890000000000000568e+01,"(-13.4307, 0.1298)","(-2.5876, -0.6113)","(-9.7937, 16.8579)","(-1.4631, 8.3818)","(-4.9427, -3.2326)","(-0.2595, -4.316)","(-1.2804, -9.7575)","(-5.9015, -9.0955)","(4.1065, -1.508)","(2.103, -4.9385)","(11.8918, 14.2453)","(-11.7939, 5.286)","(-14.406, -4.0931)","(9.0636, 2.6984)","(3.2527, 4.0777)","(6.5497, 2.8372)","(-3.0938, -14.9022)","(-0.3586, -8.2321)","(-0.1515, -4.7596)","(-4.2792, 6.3511)"
5.900000000000000000e+01,"(-4.6394, 1.4511)","(-5.4117, -1.4505)","(-6.4118, 14.414)","(0.1315, 2.7521)","(-6.0041, -1.7162)","(-0.4792, -8.5894)","(-1.4391, -12.8895)","(-5.4457, -2.8751)","(6.7421, -2.7217)","(0.0679, -4.4747)","(14.7608, 15.1939)","(-19.6779, 9.11)","(-26.1597, -6.3119)","(5.7646, -1.1243)","(5.399, 6.3712)","(2.3141, 0.239)","(-2.5904, -8.0664)","(-0.8874, -18.223)","(-0.554, -7.5699)","(-10.2072, 15.3303)"
5.910000000000000142e+01,"(-1.2933, 0.9394)","(-12.0427, -3.3023)","(-2.2211, 7.7143)","(0.302, 0.8065)","(-8.8542, -2.0745)","(-1.0126, -17.0365)","(-1.9706, -15.4475)","(-6.9777, -1.8155)","(12.2701, -4.9187)","(-0.4815, -6.6676)","(8.991, 5.9064)","(-15.5065, 8.4607)","(-15.531, 0.2524)","(6.7692, -2.7215)","(9.2233, 10.882)","(1.6406, -0.4742)","(-1.3434, -5.1003)","(-2.8879, -24.7141)","(-0.9483, -13.2153)","(-13.2521, 23.1814)"
5.920000000000000284e+01,"(-0.9456, 1.3289)","(-22.508, -5.6047)","(-1.379, 4.0617)","(0.6106, 0.8085)","(-13.6786, -3.1616)","(-2.653, -22.5564)","(-2.5145, -13.9604)","(-10.1162, -2.312)","(18.5954, -8.0148)","(-0.8287, -11.4214)","(3.6236, 1.5875)","(-6.0283, 4.3364)","(-5.3174, 2.8865)","(9.9271, -4.2187)","(13.1928, 14.56)","(2.7665, -1.0669)","(-0.7885, -5.8316)","(-4.6824, -10.8032)","(-1.9014, -19.5212)","(-2.075, 11.7313)"
5.930000000000000426e+01,"(-1.6753, 2.584)","(-18.7325, -1.7849)","(-2.099, 3.9726)","(1.2965, 1.6172)","(-17.6304, -3.5074)","(-4.0681, -11.8726)","(-2.3243, -10.1531)","(-14.7154, -3.26)","(14.4532, -8.3073)","(-1.5674, -18.1489)","(1.1281, 0.6061)","(-1.8601, 1.5195)","(-2.859, 3.6591)","(14.4313, -6.2766)","(11.2735, 9.8542)","(5.7863, -2.2078)","(-0.7941, -9.4062)","(-3.11, -2.9955)","(-3.3018, -16.0019)","(1.5422, 4.8605)"
5.940000000000000568e+01,"(-3.6974, 5.623)","(-7.0081, 1.7762)","(-3.9316, 6.4242)","(2.9967, 3.7898)","(-14.3658, -1.5245)","(-2.4716, -3.8861)","(-1.6587, -8.1559)","(-16.8921, -3.0225)","(6.0537, -5.0784)","(-2.9781, -18.0131)","(0.8182, 0.8388)","(-0.5626, 0.4011)","(-3.5348, 5.6862)","(15.4414, -7.6251)","(6.2384, 4.1748)","(12.7219, -4.819)","(-1.2529, -15.6561)","(-2.8611, -1.0775)","(-2.8528, -7.6949)","(3.0025, 3.9908)"
5.950000000000000000e+01,"(-8.2741, 12.5813)","(-2.1436, 1.533)","(-7.3594, 11.7166)","(7.2834, 9.2634)","(-8.475, -0.1994)","(-0.8135, -0.9589)","(-1.2687, -8.904)","(-12.7408, -1.1367)","(2.7033, -2.2123)","(-3.1632, -9.6417)","(1.4909, 1.8089)","(-0.6584, 0.3209)","(-5.8779, 9.5142)","(10.2923, -6.3758)","(3.3123, 2.5602)","(21.9515, -9.0832)","(-2.4281, -19.2656)","(-4.5987, -1.1844)","(-1.3103, -3.8961)","(4.9209, 5.7956)"
5.960000000000000142e+01,"(-12.793, 21.2715)","(-1.5149, 2.133)","(-10.4763, 17.82)","(15.3575, 18.6994)","(-5.8592, -0.4959)","(-0.2555, -0.1866)","(-1.3117, -11.8113)","(-7.9955, -0.3761)","(2.6989, -1.4094)","(-1.6832, -4.6488)","(3.3222, 4.1733)","(-1.4376, 0.6409)","(-9.1021, 15.1309)","(6.1794, -4.1055)","(3.2398, 3.4055)","(14.5002, -9.1572)","(-3.3139, -12.7022)","(-8.5896, -2.2155)","(-0.6085, -3.9723)","(8.2912, 9.7713)"
5.970000000000000284e+01,"(-4.9243, 14.4391)","(-2.4705, 3.8685)","(-6.2848, 14.6643)","(15.1533, 13.47)","(-6.7677, -1.2769)","(-0.309, -0.0997)","(-1.7641, -15.1879)","(-6.5399, -0.8112)","(4.7833, -1.9802)","(-0.7387, -3.8996)","(7.8343, 9.9053)","(-3.437, 1.5039)","(-8.2994, 16.2876)","(5.5723, -3.0193)","(5.1998, 6.1107)","(4.0145, -5.0599)","(-2.2434, -6.1694)","(-16.1559, -4.1092)","(-0.535, -6.7005)","(12.514, 14.1064)"
5.980000000000000426e+01,"(0.2165, 5.5687)","(-5.0433, 7.8014)","(-1.651, 7.1183)","(7.2666, 2.2215)","(-10.4861, -2.419)","(-0.6819, -0.1916)","(-2.4355, -15.1082)","(-8.2454, -1.6613)","(9.5894, -3.7456)","(-0.5521, -6.0501)","(15.644, 18.7842)","(-8.6473, 3.7608)","(-3.4466, 10.095)","(7.7237, -3.4763)","(9.3975, 11.2324)","(0.6999, -2.2275)","(-1.0072, -4.1246)","(-21.2567, -4.1885)","(-0.8151, -12.6414)","(12.1034, 11.3199)"
5.990000000000000568e+01,"(1.1394, 2.3156)","(-9.7957, 15.3745)","(-0.8079, 3.0779)","(3.9361, -0.6248)","(-16.1736, -3.686)","(-1.6859, -0.4827)","(-2.518, -11.1759)","(-12.4614, -2.8259)","(17.7937, -7.1414)","(-0.7492, -11.164)","(14.3137, 12.2214)","(-19.7625, 8.7311)","(-1.5729, 5.1797)","(12.1302, -5.1594)","(13.9385, 15.4977)","(-0.0371, -2.4247)","(-0.6188, -5.4548)","(-12.7446, -0.1283)","(-1.7552, -20.3916)","(7.2653, 5.1346)"
6.000000000000000000e+01,"(2.1518, 2.6937)","(-10.6575, 19.6379)","(-1.3091, 2.5826)","(4.7778, -1.8435)","(-17.8056, -3.0081)","(-4.4511, -1.2982)","(-1.849, -8.2091)","(-17.0243, -3.557)","(18.7725, -9.4129)","(-1.4914, -18.9386)","(6.71, 2.0631)","(-21.7781, 11.0324)","(-1.8628, 3.9531)","(16.2998, -7.3419)","(11.4189, 9.6156)","(-0.2544, -4.3483)","(-0.7043, -9.5653)","(-4.9946, 0.8419)","(-3.4729, -17.2438)","(3.8379, 2.8473)"
6.010000000000000142e+01,"(4.0125, 4.8681)","(-2.9419, 10.9347)","(-2.6553, 4.3007)","(7.9208, -3.2167)","(-11.6102, -0.5476)","(-11.9308, -3.4822)","(-1.3001, -8.133)","(-15.5903, -2.0697)","(7.8085, -6.5378)","(-3.1339, -18.9621)","(3.4252, -0.4947)","(-7.4604, 5.9753)","(-3.3127, 5.6031)","(13.5512, -7.5073)","(5.7713, 3.414)","(-0.4715, -8.9843)","(-1.2409, -16.7148)","(-1.8727, 0.1757)","(-3.1643, -7.4864)","(3.3067, 3.3347)"
6.020000000000000284e+01,"(7.9819, 9.7665)","(-0.121, 4.0088)","(-5.5262, 8.5865)","(13.8625, -5.641)","(-6.397, -0.0486)","(-25.8454, -6.8279)","(-1.2079, -10.5729)","(-9.7116, -0.3724)","(2.323, -2.7712)","(-3.4014, -9.2037)","(4.1637, -1.5849)","(-2.8454, 3.6837)","(-6.1692, 9.8852)","(7.5479, -5.2051)","(2.5147, 1.6966)","(-1.055, -18.066)","(-2.6339, -20.1003)","(-1.7821, -0.3058)","(-1.3435, -2.9045)","(4.9465, 5.7271)"
6.030000000000000426e+01,"(13.9422, 16.2817)","(0.1641, 1.0625)","(-10.2929, 16.328)","(18.4246, -8.3512)","(-5.1692, -0.6486)","(-19.3193, -1.0221)","(-1.5448, -14.391)","(-6.3181, -0.4116)","(0.6866, -0.7652)","(-1.6757, -3.6897)","(7.1224, -2.8594)","(-2.7213, 4.673)","(-9.8315, 16.2375)","(4.9822, -3.159)","(2.1449, 2.2047)","(-2.8828, -22.6945)","(-3.5203, -11.745)","(-3.3561, -0.8537)","(-0.4466, -2.1358)","(8.7333, 10.3997)"
6.040000000000000568e+01,"(13.3827, 12.1514)","(0.2546, 0.4372)","(-9.7853, 18.8736)","(12.1354, -7.5841)","(-7.1605, -1.5436)","(-6.7445, 3.534)","(-2.2532, -16.0261)","(-6.5411, -1.1165)","(0.6074, -0.3272)","(-0.5782, -2.4205)","(13.1366, -5.2503)","(-4.1795, 7.4428)","(-8.131, 16.5348)","(5.7344, -2.7976)","(3.5499, 4.2136)","(-4.1645, -10.7803)","(-2.1371, -5.0067)","(-7.3096, -1.9931)","(-0.297, -3.5978)","(13.3894, 15.0962)"
6.050000000000000000e+01,"(6.8032, 3.6328)","(0.5513, 0.6989)","(-2.3768, 9.8641)","(5.1922, -4.3181)","(-11.9952, -2.8889)","(-3.6533, 4.6481)","(-2.6606, -12.6054)","(-9.6509, -2.1623)","(1.284, -0.508)","(-0.349, -3.7496)","(19.131, -8.3783)","(-7.0139, 12.4991)","(-2.6657, 9.173)","(9.0248, -3.8556)","(7.049, 8.6342)","(-2.399, -3.2723)","(-0.8089, -2.9481)","(-15.9662, -4.3272)","(-0.4071, -7.3887)","(12.0286, 10.7268)"
6.060000000000000142e+01,"(2.3649, 0.9053)","(1.2516, 1.5792)","(-0.1341, 3.5253)","(2.9438, -2.0499)","(-18.1439, -4.0573)","(-4.1469, 6.7826)","(-2.1088, -8.6369)","(-15.0024, -3.4456)","(2.9932, -1.1158)","(-0.4404, -7.4304)","(13.3396, -8.1043)","(-9.201, 17.0622)","(-1.0313, 4.1284)","(14.4096, -6.084)","(13.0796, 15.5653)","(-1.0135, -0.7489)","(-0.4412, -4.0039)","(-24.0859, -5.2008)","(-0.8276, -15.4704)","(6.5101, 4.1214)"
6.070000000000000284e+01,"(0.6597, 0.361)","(3.0836, 3.9422)","(0.0385, 0.9042)","(3.7411, -1.7687)","(-16.9589, -2.2763)","(-6.1949, 10.3098)","(-1.3937, -7.5298)","(-17.9864, -3.3322)","(7.4253, -2.7138)","(-0.8513, -15.1561)","(5.2528, -4.6484)","(-6.2649, 13.378)","(-1.3187, 2.873)","(16.8716, -8.0383)","(14.4098, 14.0135)","(-1.1995, -0.3817)","(-0.4954, -7.5055)","(-13.4334, 0.3731)","(-2.2819, -23.4989)","(2.9889, 2.0338)"
6.080000000000000426e+01,"(0.5559, 0.5984)","(7.8362, 10.0375)","(-0.0064, 0.1851)","(6.7942, -2.7646)","(-9.3559, 0.0647)","(-8.4662, 14.5948)","(-1.1387, -9.2713)","(-12.9715, -0.974)","(17.574, -6.5434)","(-2.2269, -22.9091)","(2.3172, -1.9108)","(-2.8054, 7.047)","(-2.552, 4.2559)","(10.9201, -6.8772)","(7.8582, 4.5155)","(-2.3537, -0.6357)","(-0.8883, -14.7184)","(-4.486, 1.7871)","(-4.2216, -13.8976)","(2.4377, 2.4548)"
6.090000000000000568e+01,"(1.0997, 1.3542)","(16.5163, 20.029)","(-0.0609, 0.1157)","(13.0228, -5.1595)","(-4.9136, 0.001)","(-7.2903, 14.678)","(-1.3351, -13.0672)","(-7.2849, -0.0743)","(23.9516, -10.927)","(-4.0769, -14.2385)","(2.458, -1.252)","(-1.7933, 4.0731)","(-5.1453, 8.085)","(5.5775, -4.0992)","(2.8789, 1.0387)","(-5.273, -1.46)","(-2.1539, -22.0398)","(-1.6218, 1.6489)","(-2.9759, -4.48)","(3.8461, 4.5181)"
6.100000000000000000e+01,"(2.5637, 3.2473)","(14.5576, 11.8969)","(-0.1695, 0.258)","(19.6424, -8.5001)","(-4.5158, -0.6926)","(-3.753, 9.8534)","(-1.978, -16.3494)","(-5.394, -0.563)","(8.2872, -8.1068)","(-2.9102, -4.8503)","(4.5135, -1.8444)","(-2.3878, 4.5286)","(-9.561, 15.1845)","(4.2892, -2.5183)","(0.7334, 0.2396)","(-12.362, -3.4548)","(-3.8713, -14.6771)","(-1.7779, 2.71)","(-1.2825, -1.0689)","(7.3714, 8.9597)"
6.110000000000000142e+01,"(6.3533, 8.1141)","(7.0, 1.4049)","(-0.4388, 0.6495)","(13.6332, -8.3153)","(-7.0409, -1.6311)","(-2.4045, 6.2196)","(-2.683, -14.3906)","(-6.8925, -1.4064)","(1.5557, -4.6603)","(-1.0689, -1.2336)","(9.2831, -3.5948)","(-4.2295, 7.546)","(-10.165, 18.8755)","(5.9457, -2.6934)","(0.2079, 0.1523)","(-23.7168, -5.9592)","(-2.8467, -5.4548)","(-3.2854, 5.1308)","(-1.298, -0.4444)","(13.1009, 15.4213)"
6.120000000000000284e+01,"(14.2922, 17.7049)","(4.7066, -1.1636)","(-1.1912, 1.743)","(5.0268, -4.7014)","(-12.6123, -3.1437)","(-2.9464, 5.7891)","(-2.4246, -9.5964)","(-11.2001, -2.6542)","(-0.0766, -4.807)","(-0.4395, -0.2647)","(17.7941, -7.0657)","(-7.5396, 13.3593)","(-3.2107, 10.9231)","(10.1523, -4.1982)","(0.3027, 0.3593)","(-18.4281, -1.3638)","(-0.9974, -1.7452)","(-6.7738, 10.4779)","(-2.4352, -0.6543)","(13.8808, 13.3098)"
6.130000000000000426e+01,"(16.4721, 15.88)","(6.1443, -2.4842)","(-3.3501, 4.8719)","(1.8698, -1.7657)","(-19.4415, -4.3789)","(-4.7283, 8.0716)","(-1.5786, -7.2198)","(-17.2428, -3.9126)","(-0.5494, -7.3735)","(-0.6623, -0.1974)","(19.4223, -9.6094)","(-9.6949, 18.0491)","(-0.4904, 4.2649)","(16.2565, -6.8585)","(0.6899, 0.8707)","(-6.5194, 2.2141)","(-0.252, -1.0234)","(-11.3877, 18.515)","(-5.2918, -1.4504)","(7.6163, 4.5337)"
6.140000000000000568e+01,"(8.2387, 2.9307)","(9.8975, -4.0925)","(-9.108, 13.3434)","(1.6355, -0.9014)","(-16.7367, -1.9013)","(-7.5166, 12.5243)","(-1.1202, -8.0202)","(-17.5612, -2.6836)","(-0.929, -12.611)","(-1.4422, -0.4)","(7.8965, -6.7273)","(-5.7085, 12.7172)","(-0.2836, 1.4319)","(16.5812, -8.3874)","(1.7391, 2.2325)","(-2.3907, 2.2947)","(-0.1423, -1.8141)","(-7.5578, 16.7839)","(-12.1367, -3.3666)","(2.8872, 1.3049)"
6.150000000000000000e+01,"(4.3711, -0.5511)","(15.4933, -6.5687)","(-15.4608, 25.1949)","(3.0289, -1.2447)","(-8.1877, 0.4644)","(-8.8625, 15.9873)","(-1.155, -11.3392)","(-10.4356, -0.1896)","(-1.793, -18.9007)","(-3.499, -0.995)","(2.1596, -2.8655)","(-2.2048, 5.9892)","(-0.6417, 1.217)","(8.8149, -6.2343)","(4.6211, 5.9767)","(-2.3305, 3.5528)","(-0.1936, -3.9703)","(-1.1981, 7.5752)","(-23.1276, -5.8038)","(1.051, 0.7351)"
6.160000000000000142e+01,"(4.9976, -1.9038)","(16.4494, -8.166)","(-2.9119, 13.9892)","(6.4621, -2.4758)","(-3.7507, 0.1701)","(-5.5013, 12.7809)","(-1.6501, -15.72)","(-5.5542, 0.0021)","(-3.1609, -16.5933)","(-8.9469, -2.5793)","(0.4233, -0.8393)","(-1.2796, 3.0302)","(-1.4572, 2.2926)","(4.2125, -3.2655)","(11.8153, 15.0753)","(-3.9306, 6.2443)","(-0.3831, -9.3388)","(0.054, 2.4253)","(-18.7078, -1.6118)","(1.1662, 1.3006)"
6.170000000000000284e+01,"(7.9745, -3.2676)","(9.5625, -6.4024)","(2.4297, 6.5733)","(14.0099, -5.3375)","(-3.2913, -0.4923)","(-2.5432, 7.4855)","(-2.5152, -16.2156)","(-4.7559, -0.6612)","(-2.9279, -8.4436)","(-20.9359, -5.7761)","(0.0424, -0.4533)","(-1.7937, 3.3875)","(-3.3636, 5.099)","(3.5921, -2.0098)","(18.7152, 20.5288)","(-7.3787, 11.6646)","(-1.0375, -20.3878)","(0.1238, 0.5888)","(-6.7749, 2.0196)","(2.2891, 2.8115)"
6.180000000000000426e+01,"(13.5587, -5.5682)","(4.8969, -3.6092)","(4.4353, 5.6693)","(22.1987, -9.48)","(-5.433, -1.2975)","(-2.1835, 5.1138)","(-2.7325, -11.2784)","(-7.0297, -1.5784)","(-1.4439, -4.3661)","(-24.4328, -4.0116)","(-0.0322, -0.8179)","(-3.4054, 6.0219)","(-7.7904, 11.765)","(5.5921, -2.4262)","(10.5351, 4.8336)","(-10.6859, 18.0752)","(-3.4144, -23.6775)","(0.2044, 0.3126)","(-2.2716, 1.9437)","(5.1532, 6.4776)"
6.190000000000000568e+01,"(17.9164, -8.1318)","(4.1943, -2.3385)","(6.478, 7.3808)","(12.5654, -8.6418)","(-10.5639, -2.7421)","(-3.3008, 5.9424)","(-1.8924, -7.4011)","(-12.248, -3.0111)","(-0.6861, -4.2849)","(-9.2896, 2.523)","(-0.0769, -1.8713)","(-6.7146, 11.7383)","(-13.0978, 21.3156)","(10.2465, -4.1292)","(5.8458, -0.4983)","(-6.3229, 14.8342)","(-4.7022, -8.8131)","(0.4554, 0.5762)","(-1.9768, 2.9331)","(11.4575, 14.2493)"
6.200000000000000000e+01,"(12.3703, -7.5333)","(6.2491, -2.75)","(9.2618, 10.4227)","(3.3517, -4.5017)","(-19.0085, -4.6929)","(-5.6497, 9.3329)","(-1.1807, -6.957)","(-18.8322, -4.2454)","(-0.5876, -6.9868)","(-3.6226, 3.3604)","(-0.163, -4.6885)","(-10.4494, 18.8759)","(-5.7015, 15.5695)","(17.2274, -7.1476)","(6.0829, -2.2857)","(-1.5063, 7.0244)","(-3.1146, -2.3949)","(1.0755, 1.3662)","(-3.3085, 5.2262)","(16.8363, 18.2426)"
6.210000000000000142e+01,"(5.6657, -4.4728)","(10.9213, -4.4736)","(11.4499, 12.1412)","(0.5524, -1.989)","(-19.8589, -3.0332)","(-8.7396, 14.5931)","(-1.0225, -9.4149)","(-16.974, -2.1223)","(-0.8686, -12.8195)","(-3.197, 4.9027)","(-0.4038, -12.0689)","(-7.0819, 15.1451)","(0.2727, 6.107)","(17.1116, -8.7759)","(8.7479, -3.6921)","(-0.6361, 2.8226)","(-3.5375, -1.1217)","(2.7381, 3.5199)","(-6.4748, 10.1282)","(10.1033, 5.9598)"
6.220000000000000284e+01,"(3.456, -2.303)","(17.1229, -7.2829)","(10.1659, 9.3278)","(-0.0551, -2.331)","(-9.5843, 0.704)","(-8.3633, 16.15)","(-1.3255, -14.0063)","(-8.7731, 0.2897)","(-1.8047, -20.0562)","(-4.7528, 7.7608)","(-1.4524, -25.5012)","(-2.2701, 6.7392)","(1.411, 2.7285)","(8.0149, -6.1623)","(13.3138, -5.6794)","(-1.0372, 2.122)","(-5.8309, -1.4692)","(7.1872, 9.2613)","(-10.7283, 17.5072)","(4.2507, 0.5989)"
6.230000000000000426e+01,"(4.3891, -2.0702)","(15.8689, -8.381)","(7.0407, 5.8124)","(-0.2456, -4.2961)","(-3.4051, 0.7192)","(-3.8467, 10.5768)","(-2.1393, -17.3086)","(-4.2672, 0.1085)","(-3.4052, -16.8225)","(-7.7011, 12.638)","(-4.6855, -19.3538)","(-0.7174, 2.3417)","(2.5974, 3.2163)","(3.235, -2.8607)","(16.1805, -7.5761)","(-2.1669, 3.5129)","(-10.7852, -2.7552)","(16.1151, 19.8483)","(-7.9702, 16.886)","(2.913, -0.7966)"
6.240000000000000568e+01,"(7.7323, -3.1754)","(7.7587, -5.8)","(5.3108, 4.8557)","(-0.4591, -9.0436)","(-1.2813, 0.0759)","(-1.8353, 5.7078)","(-2.8875, -13.8138)","(-3.8115, -0.5738)","(-3.0507, -7.5958)","(-9.2486, 16.5495)","(-5.0181, -5.626)","(-0.5228, 1.1582)","(4.6997, 5.6613)","(2.3828, -1.431)","(11.9519, -7.0143)","(-4.6379, 7.1664)","(-18.5188, -4.4693)","(15.5681, 13.4318)","(-1.8104, 8.2793)","(4.3656, -1.7233)"
6.250000000000000000e+01,"(14.0596, -5.6709)","(3.7054, -2.8823)","(5.7921, 6.1386)","(-1.0544, -18.3954)","(-1.5206, -0.3074)","(-2.0713, 4.405)","(-2.3538, -8.3857)","(-6.1283, -1.4438)","(-1.3294, -3.2668)","(-5.4239, 12.9093)","(-4.63, -1.9292)","(-1.0181, 1.828)","(8.9302, 10.8034)","(3.8419, -1.6586)","(6.7553, -4.6342)","(-9.4065, 14.6285)","(-19.1477, -2.9168)","(7.6672, 1.5898)","(-0.3641, 3.0101)","(8.1725, -3.223)"
6.260000000000000142e+01,"(19.0101, -8.5713)","(3.4304, -1.8493)","(8.0797, 9.0904)","(-2.9554, -22.8601)","(-3.074, -0.8084)","(-3.5404, 6.0481)","(-1.3756, -6.2866)","(-11.511, -2.9388)","(-0.5085, -2.8221)","(-2.2192, 7.1075)","(-6.5371, -1.6291)","(-2.2394, 3.8726)","(14.1525, 16.0527)","(7.58, -2.9836)","(5.1575, -3.0293)","(-11.3538, 20.2507)","(-9.8067, 0.4267)","(5.252, -1.2973)","(-0.4387, 1.2833)","(15.4068, -6.1309)"
6.270000000000000284e+01,"(12.0291, -7.6926)","(5.6147, -2.3891)","(11.0562, 12.1846)","(-4.2305, -10.468)","(-6.9809, -1.9346)","(-6.3635, 10.2959)","(-0.9604, -7.5385)","(-19.383, -4.6101)","(-0.3854, -4.7897)","(-1.8334, 4.4986)","(-10.4242, -2.4909)","(-5.1826, 8.8825)","(12.1156, 10.3897)","(14.9889, -5.8806)","(6.5923, -3.0743)","(-3.4001, 11.8295)","(-3.947, 0.4913)","(6.6659, -2.7183)","(-1.0099, 1.7121)","(19.7489, -9.1128)"
6.280000000000000426e+01,"(4.7572, -4.2167)","(10.5395, -4.2097)","(11.3563, 11.1119)","(-2.4333, -3.0753)","(-15.8571, -4.3628)","(-9.6359, 16.1411)","(-1.0522, -11.4528)","(-18.4283, -2.472)","(-0.5543, -9.5726)","(-2.887, 5.1924)","(-16.2077, -3.7232)","(-10.6488, 18.5307)","(6.0217, 3.3272)","(20.6031, -9.2612)","(10.471, -4.4451)","(-0.0377, 4.3886)","(-2.3098, -0.1586)","(10.2914, -4.3179)","(-2.252, 3.4808)","(10.494, -7.4387)"
6.290000000000000568e+01,"(2.3753, -1.7926)","(17.8066, -7.3789)","(8.2221, 6.8057)","(-1.2606, -0.7482)","(-24.8559, -5.492)","(-7.6595, 15.8379)","(-1.6397, -16.6328)","(-8.8531, 0.6271)","(-1.1735, -18.339)","(-5.183, 8.4662)","(-17.9174, -3.0403)","(-10.0789, 19.9535)","(2.2574, 1.2345)","(11.1205, -7.8228)","(15.6295, -6.7635)","(0.3818, 1.2966)","(-3.3799, -0.7559)","(15.2725, -6.6008)","(-5.1957, 7.8599)","(3.5593, -3.6525)"
6.300000000000000000e+01,"(2.9076, -1.3988)","(16.9409, -8.8646)","(5.4976, 4.6318)","(-1.8099, -0.5251)","(-13.6352, 0.5193)","(-2.7426, 8.9761)","(-2.6872, -16.8151)","(-3.4399, 0.4648)","(-2.9619, -21.6122)","(-8.6689, 14.1733)","(-11.617, -0.525)","(-2.6345, 8.6806)","(1.3663, 1.2813)","(3.4612, -3.8745)","(15.5628, -7.942)","(0.7438, 1.0248)","(-6.6628, -1.7405)","(15.6073, -7.8686)","(-10.8757, 16.7907)","(1.3733, -1.2397)"
6.310000000000000142e+01,"(5.4315, -2.1954)","(7.4404, -5.9903)","(5.0544, 5.0842)","(-3.5678, -0.9542)","(-4.5305, 2.1165)","(-1.3157, 4.4236)","(-2.8719, -10.6436)","(-2.0705, -0.1656)","(-3.934, -10.3488)","(-9.2397, 17.1715)","(-6.3175, -0.0183)","(-0.3242, 3.4226)","(2.1268, 2.5045)","(0.9284, -1.1982)","(9.0839, -6.0703)","(1.5186, 1.8819)","(-13.8347, -3.6843)","(9.4698, -6.1848)","(-10.97, 20.7462)","(1.5208, -0.7606)"
6.320000000000000284e+01,"(11.0285, -4.2869)","(2.8247, -2.6339)","(6.7037, 7.4847)","(-7.8797, -2.1658)","(-2.0041, 2.3317)","(-1.7615, 3.5936)","(-1.8037, -6.3866)","(-3.1772, -0.7292)","(-2.1325, -3.3574)","(-4.1558, 11.429)","(-5.0408, -0.6208)","(0.2588, 3.2008)","(4.3657, 5.3982)","(0.3851, -0.3061)","(5.1054, -3.5468)","(3.3569, 4.2112)","(-22.4867, -5.1675)","(5.3998, -3.7127)","(-1.6908, 9.9983)","(3.0164, -1.204)"
6.330000000000000426e+01,"(19.3816, -7.9365)","(1.9709, -1.2141)","(9.8661, 11.1808)","(-17.1189, -4.6226)","(-2.4487, 3.8304)","(-3.2776, 5.4432)","(-1.0175, -5.9766)","(-6.4072, -1.6909)","(-0.6173, -0.8799)","(-1.5268, 5.6337)","(-6.9909, -1.5084)","(0.5899, 5.3113)","(9.4307, 11.7042)","(0.6859, -0.2921)","(4.8493, -2.5742)","(7.8198, 9.8657)","(-15.9519, -0.8986)","(5.0285, -2.6911)","(0.7898, 3.6059)","(6.6622, -2.5219)"
6.340000000000000568e+01,"(16.8161, -9.2136)","(3.2398, -1.3933)","(12.0743, 12.6909)","(-24.0239, -4.8896)","(-4.4541, 7.0244)","(-6.2897, 9.9819)","(-0.8619, -8.5884)","(-13.5945, -3.6534)","(-0.1153, -0.341)","(-1.4882, 3.549)","(-11.8022, -2.8548)","(1.1109, 10.1966)","(15.8825, 18.1772)","(1.5689, -0.5927)","(7.2911, -3.1853)","(15.4866, 18.5682)","(-6.0036, 1.3695)","(7.3872, -3.255)","(1.6407, 2.3806)","(14.7483, -5.5862)"
6.350000000000000000e+01,"(6.1146, -5.7276)","(6.5582, -2.561)","(9.9108, 8.6717)","(-12.1609, 0.8267)","(-8.3863, 13.2564)","(-10.2011, 16.7601)","(-1.164, -13.7866)","(-22.753, -5.3188)","(-0.0478, -0.6094)","(-2.6281, 4.5599)","(-18.1282, -4.0949)","(2.1136, 18.5666)","(12.0711, 9.2364)","(3.8628, -1.4144)","(12.2533, -5.0843)","(14.2851, 12.2945)","(-1.656, 0.7967)","(12.1977, -5.0938)","(2.9793, 3.6076)","(22.7715, -9.8346)"
6.360000000000000142e+01,"(1.7072, -2.1908)","(13.6365, -5.2619)","(6.2933, 4.9398)","(-3.9603, 1.8087)","(-10.7476, 18.8241)","(-8.0885, 16.709)","(-2.0615, -18.4019)","(-16.3489, -0.959)","(-0.0622, -1.4114)","(-5.0368, 8.0557)","(-17.2395, -2.3734)","(3.1439, 20.4869)","(5.2975, 1.7869)","(9.8793, -3.5838)","(17.2908, -7.6492)","(6.7025, 2.1899)","(-0.5888, 0.6471)","(17.0178, -7.5593)","(5.6975, 6.9367)","(11.5636, -8.5068)"
6.370000000000000284e+01,"(0.4525, -0.5501)","(21.2975, -9.1258)","(4.6308, 4.2449)","(-1.637, 1.8504)","(-4.7812, 13.0261)","(-2.3065, 8.7952)","(-3.0921, -14.6707)","(-6.0553, 1.5058)","(-0.1238, -3.5343)","(-9.0051, 14.454)","(-9.4858, 0.0822)","(2.6912, 10.1746)","(2.0529, -0.0893)","(21.9448, -8.3639)","(13.8987, -7.837)","(3.2385, -0.3855)","(-0.8002, 1.2064)","(13.8431, -7.7575)","(10.9317, 13.1941)","(2.835, -4.3649)"
6.380000000000000426e+01,"(0.3593, -0.1998)","(13.0319, -8.5471)","(5.3691, 5.816)","(-2.0119, 3.1145)","(-0.9457, 5.628)","(-0.7469, 3.6329)","(-2.5474, -7.9697)","(-1.6936, 0.9996)","(-0.2935, -9.2402)","(-9.9075, 18.2014)","(-4.851, 0.0512)","(1.2838, 3.7371)","(2.1912, -0.7697)","(19.8894, -10.8546)","(6.869, -5.1167)","(3.8188, -1.4305)","(-1.7162, 2.607)","(7.0719, -5.1526)","(14.9726, 16.0447)","(0.3892, -2.4233)"
6.390000000000000568e+01,"(0.7901, -0.3105)","(3.8875, -4.5162)","(8.0398, 9.219)","(-3.796, 5.9297)","(-0.4708, 2.1184)","(-0.9628, 2.2193)","(-1.3238, -5.1493)","(-0.8952, 1.1579)","(-0.9517, -21.9338)","(-3.8599, 11.4804)","(-4.3047, -0.635)","(0.3936, 1.4576)","(3.9972, -1.5559)","(4.939, -6.9881)","(3.9882, -2.7323)","(6.5666, -2.6249)","(-4.1162, 6.1644)","(4.2554, -2.8515)","(10.0194, 7.1609)","(-0.1576, -3.3562)"
6.400000000000000000e+01,"(1.8875, -0.699)","(0.8231, -1.565)","(11.5891, 12.9451)","(-7.6626, 11.9145)","(-0.8995, 1.7508)","(-1.9644, 3.2736)","(-0.7937, -5.9845)","(-1.4194, 2.1849)","(-3.7956, -24.7498)","(-0.9829, 5.0025)","(-6.6832, -1.5444)","(0.2436, 1.7521)","(8.4386, -3.2227)","(0.6949, -4.7625)","(4.535, -2.2336)","(12.3971, -4.914)","(-9.5518, 14.4209)","(4.8576, -2.3858)","(4.275, 1.9509)","(-0.3733, -6.217)"
6.410000000000000853e+01,"(4.8176, -1.7462)","(0.0865, -0.8824)","(11.8281, 11.4604)","(-11.4994, 19.2604)","(-1.9487, 3.1075)","(-4.1309, 6.435)","(-0.8139, -9.6577)","(-3.0493, 4.6534)","(-5.4433, -7.9674)","(-0.812, 2.3859)","(-12.1002, -3.0335)","(0.3833, 3.5324)","(17.1501, -6.6769)","(-0.3615, -6.0656)","(7.5761, -3.1763)","(19.222, -8.2239)","(-13.1305, 22.5718)","(7.9885, -3.3654)","(1.3501, 0.6717)","(-0.7016, -12.5705)"
6.420000000000000284e+01,"(12.4468, -4.5085)","(-0.0654, -1.4941)","(7.974, 6.2369)","(-5.9674, 14.8931)","(-4.3138, 6.6047)","(-8.4744, 13.1509)","(-1.295, -15.9101)","(-6.9329, 10.5036)","(-4.6674, -2.4555)","(-1.5707, 2.7786)","(-19.2861, -4.4406)","(0.8052, 7.9215)","(20.8605, -9.8798)","(-0.7523, -9.5908)","(13.3962, -5.456)","(14.4728, -8.4639)","(-2.9682, 12.4796)","(13.7539, -5.6539)","(0.8093, 0.7836)","(-1.699, -21.5355)"
6.429999999999999716e+01,"(24.8333, -9.8368)","(-0.1487, -3.2344)","(4.8343, 3.8642)","(-0.8377, 6.3645)","(-9.1923, 14.1352)","(-11.6807, 20.0344)","(-2.4859, -19.0857)","(-12.4974, 19.9813)","(-6.1539, -1.6205)","(-3.2586, 5.1458)","(-17.435, -2.1682)","(1.8015, 17.4122)","(8.6703, -7.2717)","(-1.2784, -15.5038)","(18.4228, -8.243)","(5.6022, -5.0085)","(1.021, 4.8281)","(18.0572, -8.2241)","(1.3854, 1.6635)","(-3.7216, -17.7893)"
6.440000000000000568e+01,"(14.9268, -10.0843)","(-0.3041, -7.692)","(4.2978, 4.314)","(-0.0227, 1.9597)","(-12.0677, 20.9962)","(-4.6842, 13.4703)","(-3.2859, -12.3438)","(-7.3538, 17.2343)","(-9.4574, -2.2369)","(-6.836, 10.5693)","(-8.5834, 0.4803)","(3.2993, 24.5866)","(2.1752, -3.2756)","(-2.4044, -18.7863)","(12.7483, -7.7628)","(2.1593, -1.9836)","(2.2207, 3.222)","(12.1514, -7.5034)","(3.0294, 3.7931)","(-3.4119, -6.8547)"
6.450000000000000000e+01,"(3.1632, -6.2467)","(-0.7869, -17.8229)","(5.9807, 6.7826)","(-0.0467, 0.4824)","(-3.6322, 12.5131)","(-0.368, 5.3377)","(-2.1729, -6.0622)","(-0.3051, 7.1013)","(-14.8243, -3.4401)","(-11.4891, 18.687)","(-3.7476, 0.2624)","(3.2954, 12.0083)","(0.3211, -1.4462)","(-3.2135, -12.7067)","(5.488, -4.5325)","(1.8721, -1.0375)","(3.8208, 4.5678)","(5.4541, -4.3738)","(7.1153, 8.9967)","(-1.409, -2.0155)"
6.460000000000000853e+01,"(0.2352, -5.2359)","(-2.7764, -25.7896)","(9.5321, 11.0495)","(-0.1834, 0.3479)","(0.2103, 4.647)","(0.2066, 1.5213)","(-0.9862, -4.2238)","(0.9773, 2.6221)","(-18.0658, -3.4025)","(-7.4435, 16.7058)","(-2.9625, -0.3902)","(1.9695, 4.0298)","(-0.0621, -1.9139)","(-2.2201, -6.5122)","(2.9787, -2.1317)","(3.3807, -1.4001)","(6.7846, 8.1171)","(3.3042, -2.2111)","(14.7821, 17.9704)","(-0.3378, -0.4979)"
6.470000000000000284e+01,"(-0.5418, -7.2181)","(-4.932, -11.2598)","(12.7595, 13.8006)","(-0.4694, 0.7236)","(0.849, 1.7905)","(0.341, 0.6069)","(-0.6295, -5.708)","(1.8878, 2.4619)","(-13.2066, -1.0364)","(-1.1024, 7.4464)","(-4.7827, -1.1281)","(1.646, 2.1027)","(-0.1985, -3.7461)","(-1.0624, -4.6274)","(3.6153, -1.7409)","(7.0778, -2.7282)","(11.6548, 13.6704)","(4.2484, -1.9954)","(15.2276, 13.963)","(-0.0631, -0.2909)"
6.479999999999999716e+01,"(-0.9284, -11.4566)","(-3.594, -3.1297)","(10.6831, 9.3222)","(-1.1649, 1.7388)","(1.6491, 2.0864)","(0.7204, 0.9118)","(-0.7362, -10.0038)","(3.4695, 4.1996)","(-7.3813, -0.0578)","(0.1113, 2.3544)","(-9.3816, -2.446)","(2.6964, 2.9811)","(-0.3818, -8.2813)","(-0.6926, -6.1216)","(6.4985, -2.6573)","(14.8619, -5.7206)","(13.7173, 13.9394)","(7.57, -3.0966)","(7.389, 2.6993)","(-0.0373, -0.6162)"
6.490000000000000568e+01,"(-1.6092, -17.1237)","(-3.7219, -1.2777)","(6.2325, 4.4815)","(-3.043, 4.4849)","(3.2009, 3.9182)","(1.5887, 1.9939)","(-1.315, -17.1709)","(6.8432, 8.3727)","(-5.3417, -0.5282)","(0.2108, 0.634)","(-17.7929, -4.5225)","(5.0803, 5.5984)","(-0.9117, -17.885)","(-0.8028, -10.4467)","(12.4943, -4.9452)","(21.7444, -9.5631)","(8.8089, 6.3097)","(13.9517, -5.6014)","(3.4834, -0.3034)","(-0.0587, -1.478)"
6.500000000000000000e+01,"(-2.7779, -17.2068)","(-5.8713, -1.471)","(3.8495, 3.2549)","(-7.9093, 11.6762)","(6.7178, 8.3226)","(3.8118, 4.8498)","(-2.7399, -19.7035)","(12.701, 15.1348)","(-6.7311, -1.3601)","(0.4191, 0.5676)","(-21.2399, -3.7875)","(9.9988, 11.0277)","(-2.8162, -24.2391)","(-1.4045, -17.2783)","(19.4665, -8.3208)","(11.383, -8.1861)","(4.0799, 2.4597)","(19.2258, -8.6073)","(3.8728, -1.4259)","(-0.1242, -3.8029)"
6.510000000000000853e+01,"(-2.9629, -10.3251)","(-10.4712, -2.635)","(4.1546, 4.4501)","(-14.6232, 23.291)","(13.1408, 15.834)","(9.3058, 11.8181)","(-3.4574, -11.1417)","(14.4941, 14.3546)","(-10.9394, -2.593)","(0.9104, 1.141)","(-11.0201, 0.497)","(15.2956, 16.2291)","(-4.5282, -11.1172)","(-2.777, -18.9905)","(14.3846, -8.4973)","(3.103, -4.0784)","(2.2929, 1.9681)","(12.2251, -7.8008)","(6.4922, -2.6063)","(-0.3084, -10.1104)"
6.520000000000000284e+01,"(-1.7631, -5.8159)","(-17.7228, -4.2546)","(6.5384, 7.6243)","(-5.1537, 15.9229)","(15.0414, 14.8)","(17.291, 20.2192)","(-2.0119, -4.8271)","(8.1852, 4.9432)","(-17.0573, -3.9039)","(2.141, 2.7167)","(-3.9092, 0.925)","(11.1798, 10.0544)","(-2.8979, -3.1453)","(-3.3172, -10.82)","(5.403, -4.9575)","(0.5423, -1.576)","(2.9139, 3.2819)","(4.714, -4.2652)","(12.0857, -4.8094)","(-1.0788, -23.6064)"
6.529999999999999716e+01,"(-0.9266, -5.3355)","(-19.124, -3.0976)","(10.8043, 12.5856)","(1.3997, 6.6025)","(8.0794, 4.3635)","(12.601, 8.9073)","(-0.7751, -3.0847)","(3.1035, 1.2422)","(-17.8285, -2.8158)","(5.3658, 6.871)","(-1.1445, 0.2459)","(4.9045, 3.4885)","(-2.2302, -0.9668)","(-1.9167, -5.0261)","(1.9674, -1.8971)","(-0.0072, -1.6164)","(5.3396, 6.4505)","(2.1965, -1.7377)","(18.8522, -8.0428)","(-4.2228, -23.1839)"
6.540000000000000568e+01,"(-0.7629, -7.8925)","(-10.533, 0.144)","(13.335, 13.9016)","(3.1785, 4.5622)","(2.9566, 0.6925)","(5.848, 0.8827)","(-0.4558, -4.3803)","(0.8718, 0.4153)","(-10.7234, -0.2311)","(12.7511, 16.0252)","(-0.7412, -0.0923)","(1.5802, 1.0618)","(-3.5396, -0.9398)","(-0.8062, -3.6738)","(1.5829, -0.9056)","(-0.1608, -3.0169)","(10.3226, 12.4979)","(2.5692, -1.2589)","(14.8359, -8.4835)","(-5.5195, -6.9874)"
6.550000000000000000e+01,"(-1.0413, -13.2703)","(-4.5959, 0.395)","(9.5198, 7.4771)","(5.048, 5.9083)","(1.2592, -0.1928)","(4.1603, -1.1416)","(-0.5386, -8.2334)","(0.5435, 0.5441)","(-5.6246, 0.0391)","(17.6471, 18.4673)","(-1.4165, -0.3604)","(0.6394, 0.5688)","(-6.7514, -1.7644)","(-0.5349, -5.3769)","(2.8731, -1.1919)","(-0.3089, -6.5617)","(14.9666, 16.3909)","(4.8225, -1.9502)","(5.9898, -5.1671)","(-5.0316, -2.3028)"
6.560000000000000853e+01,"(-1.9373, -18.9285)","(-2.9823, -0.2603)","(4.9435, 3.3067)","(7.9622, 9.2373)","(1.7433, -0.6446)","(5.7885, -2.336)","(-0.995, -15.8115)","(0.9985, 1.2148)","(-4.6443, -0.6131)","(9.4706, 4.1639)","(-3.2266, -0.8947)","(0.973, 1.0495)","(-13.6323, -3.5947)","(-0.6695, -9.8827)","(6.0978, -2.3415)","(-0.6827, -14.6897)","(10.693, 8.0511)","(9.9694, -3.853)","(2.425, -2.1411)","(-6.8, -1.7112)"
6.570000000000000284e+01,"(-3.1837, -15.6355)","(-4.3209, -0.9598)","(3.071, 2.6921)","(11.634, 13.0433)","(3.5279, -1.3477)","(9.8372, -4.004)","(-2.3976, -21.8728)","(2.2713, 2.8648)","(-6.7743, -1.5089)","(4.831, -0.3252)","(-7.8997, -2.2469)","(2.1007, 2.3424)","(-21.9104, -5.0144)","(-1.2703, -17.6207)","(13.2958, -5.0549)","(-2.0765, -24.6059)","(4.7259, 2.2173)","(18.6477, -7.4708)","(2.1699, -1.1873)","(-10.3561, -2.4201)"
6.579999999999999716e+01,"(-2.7491, -8.0129)","(-8.2232, -2.1144)","(3.7615, 4.178)","(11.9159, 11.5518)","(8.0004, -2.9949)","(16.0802, -6.7188)","(-3.8649, -13.2154)","(5.5722, 7.1086)","(-11.8394, -2.9163)","(5.0304, -1.8482)","(-18.4861, -5.1221)","(4.9884, 5.6126)","(-16.1132, -1.0976)","(-2.8249, -20.3448)","(22.0504, -9.2568)","(-4.4654, -15.062)","(1.512, 0.7143)","(18.5134, -9.5481)","(3.857, -1.6028)","(-15.5559, -3.5061)"
6.590000000000000568e+01,"(-1.3501, -4.5217)","(-15.9143, -4.0981)","(6.4589, 7.682)","(7.9706, 6.1861)","(17.4009, -6.6382)","(17.046, -8.4801)","(-2.5622, -4.8716)","(12.9226, 16.1582)","(-18.6177, -4.2613)","(7.7005, -3.1742)","(-25.3855, -4.9883)","(11.6658, 13.0735)","(-6.3354, 1.1931)","(-3.6124, -10.8309)","(13.6071, -8.9121)","(-3.5024, -4.5745)","(0.7885, 0.7254)","(7.0071, -6.3238)","(7.9278, -3.0734)","(-17.4014, -3.0109)"
6.600000000000000000e+01,"(-0.7047, -4.8735)","(-21.7621, -4.4181)","(11.3053, 13.3393)","(4.7517, 3.7569)","(22.1847, -10.3443)","(9.1379, -6.4276)","(-0.8418, -1.6949)","(17.2891, 17.8806)","(-17.4761, -2.3387)","(12.8666, -5.3082)","(-11.0615, 1.7423)","(17.9587, 18.947)","(-1.8587, 0.6118)","(-2.0174, -4.2427)","(3.7284, -4.7922)","(-2.2489, -1.236)","(1.2788, 1.5223)","(1.8566, -2.5695)","(15.9731, -6.2328)","(-12.0787, -0.7993)"
6.610000000000000853e+01,"(-0.6603, -8.0245)","(-13.1323, -0.1367)","(13.9744, 14.4829)","(4.1742, 4.179)","(8.4702, -7.6013)","(4.1852, -3.3424)","(-0.251, -1.4098)","(9.2055, 4.0874)","(-9.1519, 0.2653)","(17.5081, -7.849)","(-3.8271, 2.745)","(9.9447, 7.754)","(-0.4276, 0.138)","(-0.6766, -2.2398)","(0.643, -2.0681)","(-3.2142, -0.8944)","(2.7606, 3.449)","(0.3394, -0.7599)","(20.9224, -9.601)","(-7.0779, -0.192)"
6.620000000000000284e+01,"(-1.0215, -14.2782)","(-4.9808, 0.9879)","(9.2645, 6.7689)","(5.8307, 6.6225)","(1.8181, -3.7062)","(3.3264, -1.9255)","(-0.1846, -2.6581)","(4.5103, -0.2276)","(-4.3385, 0.1662)","(13.1481, -7.6655)","(-2.6609, 3.7897)","(4.4208, 2.0812)","(-0.187, -0.0145)","(-0.3349, -3.0652)","(-0.0356, -2.2708)","(-5.8848, -1.5223)","(6.4775, 8.1938)","(0.0244, -0.5378)","(9.9613, -7.5934)","(-5.8063, -0.7357)"
6.629999999999999716e+01,"(-2.1115, -20.1899)","(-1.5703, 0.3091)","(4.2794, 2.4964)","(9.4053, 10.9403)","(0.1412, -2.8609)","(5.105, -2.2318)","(-0.2795, -5.8342)","(4.6129, -1.6673)","(-3.6424, -0.5086)","(6.3535, -4.816)","(-3.7968, 6.1216)","(3.861, 0.9666)","(-0.3815, -0.0992)","(-0.3699, -5.9693)","(-0.2367, -4.1227)","(-11.7847, -3.1064)","(13.9224, 17.0967)","(-0.0445, -1.034)","(2.7888, -3.5666)","(-7.7518, -1.6292)"
6.640000000000000568e+01,"(-3.465, -14.7652)","(-0.9937, -0.1123)","(2.1873, 1.7765)","(12.8347, 13.9708)","(-0.272, -4.4721)","(9.4564, -3.7993)","(-0.5922, -13.308)","(7.1824, -2.937)","(-5.7529, -1.3417)","(3.8523, -2.5737)","(-6.6033, 10.6144)","(5.9584, 1.2152)","(-0.9244, -0.2616)","(-0.6615, -12.5004)","(-0.4416, -8.6257)","(-20.5699, -4.9739)","(16.0103, 15.5447)","(-0.0972, -2.3951)","(0.5413, -1.1582)","(-12.4008, -2.9094)"
6.650000000000000000e+01,"(-2.6681, -6.6498)","(-1.8069, -0.45)","(2.5925, 2.8818)","(10.8767, 9.5347)","(-0.5108, -8.4572)","(16.6129, -6.7857)","(-1.7766, -24.2043)","(12.4051, -5.0577)","(-10.8429, -2.7739)","(4.6447, -2.2336)","(-9.7697, 16.4383)","(10.5706, 2.1595)","(-2.4064, -0.699)","(-1.6683, -22.0397)","(-0.9928, -17.7116)","(-18.5381, -2.2183)","(8.0951, 3.3733)","(-0.2086, -6.0176)","(0.0432, -0.7909)","(-17.7455, -3.8254)"
6.660000000000000853e+01,"(-1.1173, -3.3697)","(-4.0068, -1.0998)","(4.7134, 5.69)","(6.2926, 4.4634)","(-1.0165, -16.2469)","(18.1565, -8.9387)","(-4.3513, -17.1257)","(17.8616, -7.8388)","(-18.8531, -4.5726)","(7.911, -3.2893)","(-7.3476, 15.5335)","(17.7957, 3.5358)","(-6.5521, -1.9269)","(-3.835, -18.0553)","(-2.7938, -23.194)","(-8.0101, 1.0447)","(3.6678, -0.1424)","(-0.5458, -15.1287)","(-0.0659, -1.4472)","(-16.1309, -2.0903)"
6.670000000000000284e+01,"(-0.5209, -3.7221)","(-9.5233, -2.6793)","(9.3417, 11.3944)","(3.7507, 3.106)","(-2.4905, -21.9407)","(8.8608, -6.6229)","(-3.8426, -5.3459)","(13.9565, -7.986)","(-19.2598, -2.8732)","(13.974, -5.6929)","(-2.5391, 8.5855)","(19.0812, 3.0615)","(-17.2089, -4.9667)","(-3.5504, -6.6165)","(-4.2576, -11.208)","(-2.5746, 0.7115)","(3.7412, -1.3296)","(-2.1089, -27.2254)","(-0.1411, -3.2356)","(-9.3351, -0.118)"
6.679999999999999716e+01,"(-0.4871, -6.5617)","(-20.6831, -5.5456)","(14.8735, 16.8255)","(3.9444, 4.2016)","(-3.895, -12.6975)","(3.3494, -3.1252)","(-2.4523, -1.437)","(6.4323, -5.0304)","(-9.549, 0.5586)","(18.5089, -8.4065)","(-1.2754, 4.2274)","(10.5652, 0.7764)","(-28.0903, -6.2347)","(-1.547, -1.7675)","(-2.5565, -3.3624)","(-0.7255, 0.1323)","(6.1219, -2.46)","(-5.1512, -14.4532)","(-0.2965, -7.8607)","(-5.4988, -0.2072)"
6.690000000000000568e+01,"(-0.7795, -12.7425)","(-22.9509, -3.6091)","(11.8599, 9.6189)","(6.2207, 7.2634)","(-2.4867, -4.5744)","(2.0208, -1.3495)","(-3.3598, -0.9495)","(3.4415, -2.4844)","(-3.6567, 0.56)","(12.0054, -7.567)","(-1.7813, 3.5675)","(4.6885, 0.1803)","(-12.4603, 2.054)","(-0.8059, -0.4271)","(-1.2514, -0.8028)","(-0.636, -0.1109)","(11.3649, -4.5215)","(-4.5613, -4.0924)","(-0.7977, -18.4148)","(-5.5213, -0.9214)"
6.700000000000000000e+01,"(-1.7588, -20.9275)","(-9.0814, 1.9872)","(5.4812, 2.5958)","(10.4983, 12.3073)","(-0.7914, -1.5288)","(3.0514, -1.3562)","(-5.9998, -1.5392)","(3.8528, -1.9143)","(-1.9096, -0.0826)","(5.0706, -4.2619)","(-3.3448, 5.5234)","(3.0745, 0.382)","(-4.8637, 4.0675)","(-1.2893, -0.3681)","(-1.6943, -0.5044)","(-1.3207, -0.3489)","(18.3936, -7.7377)","(-4.7381, -1.6462)","(-2.9157, -25.9473)","(-8.4883, -1.9507)"
6.710000000000000853e+01,"(-3.5904, -17.2918)","(-3.0774, 2.3602)","(1.7405, 0.6476)","(13.5299, 14.3334)","(-0.2237, -1.2215)","(6.04, -2.3814)","(-11.7616, -3.0734)","(6.6374, -2.758)","(-2.7334, -0.6051)","(2.8499, -1.995)","(-6.4414, 10.2057)","(4.4991, 0.8551)","(-3.7684, 5.6746)","(-2.7117, -0.7404)","(-3.3075, -0.8842)","(-3.1153, -0.8755)","(15.826, -8.6704)","(-7.0143, -1.7083)","(-5.0439, -10.6772)","(-14.254, -3.4278)"
6.720000000000000284e+01,"(-3.2289, -7.1137)","(-2.3188, 3.3599)","(0.5055, 0.323)","(9.9388, 7.919)","(-0.1599, -2.3253)","(12.5372, -4.8388)","(-20.2198, -4.8543)","(12.3796, -4.9509)","(-5.4722, -1.4384)","(3.6397, -1.7182)","(-10.3393, 17.0302)","(8.5581, 1.7713)","(-4.9689, 8.2885)","(-6.3385, -1.7783)","(-7.2834, -2.001)","(-7.8316, -2.2468)","(6.648, -5.5447)","(-11.491, -2.7682)","(-3.7597, -2.9748)","(-19.0956, -3.8843)"
6.729999999999999716e+01,"(-1.3196, -2.4709)","(-3.5478, 5.6669)","(0.559, 0.6323)","(5.1077, 3.3168)","(-0.2419, -5.1559)","(20.787, -8.7059)","(-18.426, -2.2684)","(18.9211, -8.1387)","(-11.82, -3.2049)","(6.653, -2.7015)","(-7.8573, 16.5084)","(16.3699, 3.3841)","(-7.2835, 12.2816)","(-14.9581, -4.1778)","(-16.0654, -4.3711)","(-18.7286, -5.2279)","(2.6289, -2.3681)","(-17.4097, -3.9154)","(-4.1913, -1.3445)","(-14.3504, -1.1887)"
6.740000000000000568e+01,"(-0.3704, -1.4315)","(-6.525, 10.351)","(1.1683, 1.4523)","(2.9263, 2.4552)","(-0.508, -12.0088)","(14.6345, -8.8996)","(-8.2176, 0.9095)","(14.387, -8.3663)","(-21.8067, -5.4068)","(12.8638, -5.0816)","(-2.1392, 8.5015)","(21.6397, 3.8611)","(-8.3549, 15.2053)","(-25.399, -5.9068)","(-24.2985, -5.2488)","(-25.7977, -5.0589)","(2.1298, -1.2194)","(-17.2277, -2.5349)","(-6.5971, -1.6303)","(-7.2998, 0.2337)"
6.750000000000000000e+01,"(-0.2041, -2.3577)","(-10.2113, 16.9168)","(2.7879, 3.5452)","(3.3921, 3.7266)","(-1.508, -23.5244)","(4.6479, -4.9956)","(-2.8101, 0.6131)","(5.7889, -5.0145)","(-18.9208, -2.028)","(19.7262, -8.485)","(-0.6939, 3.4547)","(12.7273, 1.0321)","(-5.6105, 12.6118)","(-14.7757, 0.2804)","(-13.3412, 0.4656)","(-10.9281, 1.9662)","(3.6665, -1.5448)","(-10.135, -0.1581)","(-11.5275, -2.8648)","(-4.3377, -0.2139)"
6.760000000000000853e+01,"(-0.2623, -4.9689)","(-7.6808, 16.2101)","(6.9837, 8.9308)","(5.8165, 6.9245)","(-4.1837, -19.2706)","(1.0871, -1.7674)","(-1.1437, 0.0196)","(2.4252, -2.083)","(-7.3926, 1.5446)","(13.8917, -8.4129)","(-0.9267, 2.1194)","(4.9532, -0.0785)","(-2.999, 8.0345)","(-4.9752, 2.4217)","(-4.43, 1.8737)","(-3.9338, 3.068)","(7.4664, -2.9055)","(-5.5086, -0.0457)","(-18.3384, -4.2372)","(-5.0435, -0.9648)"
6.770000000000000284e+01,"(-0.5074, -11.1986)","(-2.2226, 8.474)","(15.3102, 18.8089)","(10.5516, 12.5855)","(-4.2016, -6.1736)","(0.1517, -0.6676)","(-1.5614, -0.3403)","(2.3125, -1.2312)","(-2.1609, 1.2198)","(5.0643, -4.7796)","(-1.9123, 3.1742)","(1.6423, 0.0029)","(-2.6529, 5.9498)","(-2.3632, 2.8426)","(-1.7199, 1.8473)","(-2.9532, 4.3254)","(15.1697, -5.9007)","(-4.9162, -0.721)","(-17.7957, -2.5107)","(-8.5257, -2.0659)"
6.779999999999999716e+01,"(-1.3794, -22.1042)","(-0.8389, 3.6194)","(15.6831, 14.1644)","(14.3108, 15.3651)","(-2.7626, -1.6784)","(-0.0245, -0.9184)","(-3.246, -0.8653)","(4.1502, -1.7151)","(-1.0863, 1.378)","(1.7927, -1.7696)","(-4.0508, 6.2967)","(1.2552, 0.1903)","(-3.7832, 6.8563)","(-2.8854, 4.5625)","(-1.9839, 3.0546)","(-4.2157, 6.8517)","(21.1252, -9.4592)","(-7.3584, -1.6646)","(-9.5135, 0.2044)","(-15.1356, -3.743)"
6.790000000000000568e+01,"(-3.8399, -20.4497)","(-1.1538, 2.4962)","(7.6236, 2.1917)","(10.1973, 7.8035)","(-3.6702, -1.0451)","(-0.0888, -1.9439)","(-7.4754, -2.082)","(8.5088, -3.3001)","(-1.632, 2.5225)","(1.425, -0.8184)","(-8.4005, 13.0033)","(2.37, 0.4859)","(-6.0462, 10.1681)","(-5.0605, 8.0614)","(-3.6676, 5.742)","(-7.0498, 11.4572)","(10.9461, -7.9065)","(-12.7413, -3.1208)","(-4.4975, 0.1882)","(-20.1571, -4.0501)"
6.800000000000000000e+01,"(-4.1555, -7.1464)","(-2.3131, 3.8227)","(4.4429, -0.8146)","(4.7512, 2.6395)","(-6.3712, -1.6165)","(-0.1801, -4.6356)","(-16.9247, -4.6438)","(16.7613, -6.5913)","(-3.3961, 5.2147)","(2.623, -1.0842)","(-11.8167, 20.1523)","(5.2598, 1.1344)","(-8.4937, 14.5849)","(-8.84, 14.2355)","(-7.3809, 11.4828)","(-9.5383, 16.4649)","(3.161, -3.866)","(-19.0133, -4.1979)","(-3.6456, -0.4836)","(-13.6444, -0.7039)"
6.810000000000000853e+01,"(-2.3658, -1.8646)","(-4.7929, 7.4776)","(5.4458, -2.1399)","(2.0602, 1.4677)","(-12.1135, -3.1225)","(-0.4183, -11.5274)","(-24.8744, -5.2261)","(20.3246, -9.6212)","(-7.4403, 11.362)","(5.6299, -2.1543)","(-4.7932, 13.6804)","(12.2306, 2.663)","(-7.4653, 14.9151)","(-9.7837, 17.9375)","(-11.3978, 18.9444)","(-6.4993, 14.3655)","(0.6548, -1.2514)","(-16.3443, -1.8716)","(-5.657, -1.3064)","(-6.1546, 0.5288)"
6.820000000000000284e+01,"(-2.6225, -0.851)","(-9.3456, 14.671)","(8.7709, -3.6051)","(2.0334, 2.1791)","(-20.0148, -4.7)","(-1.3741, -24.2442)","(-12.4562, 0.9637)","(9.0329, -7.2109)","(-12.3413, 20.1409)","(12.523, -4.7309)","(-0.3239, 5.4086)","(23.5244, 4.8223)","(-3.7902, 9.9978)","(-4.0559, 11.6283)","(-6.4393, 15.4073)","(-2.4626, 8.0054)","(0.0692, -0.6734)","(-8.3593, 0.2982)","(-10.6063, -2.7069)","(-3.1722, -0.0459)"
6.829999999999999716e+01,"(-4.5452, -1.1746)","(-10.8658, 19.6042)","(14.495, -6.0196)","(3.5945, 4.3221)","(-17.7635, -2.1021)","(-4.367, -20.2923)","(-4.0962, 2.1674)","(2.5242, -3.2483)","(-6.3851, 15.9268)","(22.0171, -9.0524)","(0.2877, 1.5691)","(18.8, 2.2931)","(-2.3287, 6.1662)","(-1.1586, 5.2651)","(-1.0121, 6.761)","(-1.5961, 4.4623)","(-0.048, -1.1595)","(-4.2287, 0.0338)","(-18.559, -4.5205)","(-3.6838, -0.711)"
6.840000000000000568e+01,"(-8.9892, -2.3689)","(-3.4908, 11.6358)","(17.5028, -8.2363)","(7.3551, 9.0594)","(-8.1432, 0.7556)","(-4.7633, -6.1559)","(-2.0568, 2.5694)","(0.5055, -0.9895)","(-0.3337, 6.4833)","(14.8276, -9.2749)","(0.5223, 0.8176)","(7.087, -0.5164)","(-2.8162, 5.5914)","(-0.9984, 2.7329)","(-0.08, 2.1525)","(-2.357, 4.4478)","(-0.1127, -2.5644)","(-4.0623, -0.6604)","(-19.4868, -3.019)","(-6.6275, -1.6568)"
6.850000000000000000e+01,"(-17.3884, -4.4678)","(-0.3114, 4.4478)","(11.05, -7.0584)","(13.6779, 16.2523)","(-3.0625, 0.4466)","(-3.8886, -1.8944)","(-2.6965, 4.2548)","(0.0515, -0.5353)","(0.6723, 2.1683)","(4.0663, -5.1771)","(1.0781, 1.346)","(3.0489, -0.9017)","(-4.5542, 7.7762)","(-1.8655, 3.2821)","(-0.1153, 0.6086)","(-4.2867, 7.0464)","(-0.2333, -6.2383)","(-6.6467, -1.5814)","(-9.8709, 0.4885)","(-13.0235, -3.3901)"
6.860000000000000853e+01,"(-21.6998, -4.0408)","(0.019, 1.2211)","(5.2172, -4.0478)","(14.2549, 13.4416)","(-1.8603, -0.1597)","(-5.4224, -1.4179)","(-4.9467, 7.8094)","(-0.0382, -0.949)","(1.3202, 1.788)","(0.6948, -2.3725)","(2.3548, 2.9493)","(3.5682, -1.5646)","(-7.38, 12.2386)","(-3.7803, 5.9914)","(-0.3462, 0.613)","(-7.6941, 12.3787)","(-0.5883, -15.2431)","(-12.3845, -3.1476)","(-3.8222, 0.5715)","(-21.1177, -4.8775)"
6.870000000000000284e+01,"(-11.5165, 0.4293)","(-0.0336, 0.2821)","(3.6788, -2.2616)","(7.3797, 3.8746)","(-2.9465, -0.6875)","(-8.9242, -2.1829)","(-8.9942, 14.3402)","(-0.0904, -2.143)","(2.5245, 3.0852)","(-0.0571, -2.6809)","(5.5557, 7.0402)","(6.1651, -2.7934)","(-9.0343, 16.1047)","(-7.6136, 11.8807)","(-0.8352, 1.2844)","(-10.0942, 17.5812)","(-2.1505, -26.6475)","(-19.8931, -4.5915)","(-1.9793, -0.0772)","(-16.7798, -1.5119)"
6.879999999999999716e+01,"(-4.0591, 1.0214)","(-0.1418, 0.2519)","(5.0912, -2.316)","(2.5876, 0.718)","(-6.0481, -1.6084)","(-15.0744, -3.6447)","(-10.1939, 18.5414)","(-0.1899, -5.3089)","(5.2121, 6.4471)","(-0.2863, -4.7868)","(12.5306, 15.5945)","(11.7496, -5.2992)","(-5.7601, 13.1878)","(-11.3616, 19.0641)","(-2.0459, 3.0589)","(-5.6653, 13.6917)","(-4.9986, -14.3209)","(-17.2843, -1.9742)","(-2.7834, -0.6101)","(-7.0408, 1.0037)"
6.890000000000000568e+01,"(-1.0909, 0.34)","(-0.365, 0.5559)","(9.0126, -3.6845)","(0.8022, -0.0184)","(-13.1007, -3.5517)","(-19.3086, -3.7739)","(-3.911, 11.7035)","(-0.4738, -13.4026)","(10.8253, 13.2948)","(-0.5268, -9.768)","(16.9852, 17.7447)","(18.8705, -8.7852)","(-2.5444, 7.6446)","(-6.0267, 14.8822)","(-5.2102, 7.7174)","(-1.7178, 6.7878)","(-4.224, -4.0579)","(-8.0597, 0.6617)","(-5.5326, -1.4496)","(-2.335, 0.5053)"
6.900000000000000000e+01,"(-0.3549, 0.0144)","(-0.9273, 1.3764)","(15.6139, -6.4053)","(0.8423, -0.2858)","(-22.8332, -5.466)","(-13.4276, -0.8291)","(-0.8588, 4.9631)","(-1.7321, -26.3125)","(15.9013, 17.369)","(-1.1883, -18.9351)","(9.3049, 4.6085)","(15.3094, -8.2733)","(-2.0515, 4.9796)","(-0.9458, 6.4585)","(-11.8431, 17.975)","(-1.1223, 3.3923)","(-4.1329, -1.5234)","(-3.2466, 0.34)","(-11.8804, -3.2136)","(-1.0766, -0.0325)"
6.910000000000000853e+01,"(-0.5533, -0.1303)","(-2.4783, 3.6368)","(18.1367, -8.6919)","(1.7028, -0.6426)","(-17.1005, -1.1801)","(-6.5972, 0.2898)","(-0.6165, 2.0969)","(-4.8854, -17.0458)","(10.4357, 7.1013)","(-3.0947, -21.6896)","(4.1606, 0.0937)","(6.4601, -4.4212)","(-3.0788, 5.5983)","(-0.1225, 2.0608)","(-11.3504, 21.8938)","(-1.8633, 3.457)","(-6.2117, -1.5445)","(-2.3572, -0.2817)","(-21.7617, -5.3763)","(-1.6584, -0.3828)"
6.920000000000000284e+01,"(-1.2616, -0.3484)","(-6.6867, 9.8014)","(9.9291, -6.8965)","(3.9951, -1.4785)","(-6.3113, 1.6327)","(-4.0337, -0.2451)","(-1.2249, 2.2164)","(-4.6972, -4.8881)","(4.29, 1.3676)","(-4.0001, -9.788)","(3.764, -1.2618)","(2.4033, -1.716)","(-5.3388, 8.8089)","(-0.2021, 0.7018)","(-0.6002, 9.6411)","(-3.6407, 5.8726)","(-10.5467, -2.5949)","(-3.8553, -0.9148)","(-18.8038, -2.0023)","(-3.5281, -0.9509)"
6.929999999999999716e+01,"(-3.1412, -0.8996)","(-14.2831, 22.0064)","(4.0989, -3.537)","(9.8801, -3.6159)","(-1.833, 1.2213)","(-4.9912, -1.0006)","(-2.6015, 4.1072)","(-4.4453, -1.7433)","(1.5192, -0.042)","(-2.1183, -2.9901)","(5.8938, -2.3754)","(1.6431, -0.9003)","(-8.5712, 14.1751)","(-0.5411, 0.9139)","(1.9304, 4.3605)","(-7.1425, 11.2331)","(-17.1371, -4.0279)","(-7.805, -2.0641)","(-7.3789, 1.5076)","(-8.2117, -2.2951)"
6.940000000000000568e+01,"(-8.213, -2.3848)","(-7.6588, 18.8385)","(2.6506, -1.7077)","(21.3851, -8.2081)","(-1.177, 1.6117)","(-8.6872, -2.1375)","(-5.6624, 8.6872)","(-6.4456, -1.5996)","(1.5837, -0.5455)","(-0.7266, -0.6684)","(10.7252, -4.2881)","(2.8201, -1.3064)","(-8.8195, 16.5996)","(-1.2682, 1.9424)","(3.469, 4.3382)","(-10.9077, 18.194)","(-18.5269, -3.0339)","(-15.9614, -4.2112)","(-2.1474, 1.1628)","(-18.3355, -4.9931)"
6.950000000000000000e+01,"(-19.9987, -5.6068)","(1.1684, 7.8218)","(3.8619, -1.7324)","(19.7752, -10.6615)","(-1.9323, 3.0006)","(-15.6098, -3.8808)","(-10.8804, 17.1289)","(-10.5437, -2.5491)","(2.9941, -1.1513)","(-0.5759, -0.2204)","(17.6654, -7.3774)","(5.9035, -2.6327)","(-4.1677, 11.2015)","(-3.0866, 4.6173)","(5.6479, 6.6314)","(-6.7568, 15.4994)","(-10.9047, -0.1341)","(-22.801, -4.7622)","(-1.0071, 1.2446)","(-24.4177, -4.7081)"
6.960000000000000853e+01,"(-25.7597, -4.6973)","(3.2646, 4.978)","(7.3288, -2.9284)","(5.2195, -6.7981)","(-4.0821, 6.262)","(-20.4113, -4.0272)","(-9.7794, 19.2457)","(-16.644, -3.8525)","(6.6011, -2.4874)","(-1.1181, -0.3099)","(16.5547, -8.7135)","(12.8016, -5.6786)","(-1.7845, 5.877)","(-7.5669, 11.2951)","(9.3898, 11.0)","(-1.4448, 7.248)","(-5.2957, 0.203)","(-13.2674, 0.0839)","(-1.4815, 2.2815)","(-11.0551, 1.4135)"
6.970000000000000284e+01,"(-10.0735, 2.5133)","(5.1371, 6.0114)","(14.2142, -5.6104)","(0.8109, -4.1812)","(-8.677, 13.3414)","(-13.1566, -0.4772)","(-1.7659, 9.3318)","(-18.1144, -3.008)","(14.7083, -5.5582)","(-2.5536, -0.7136)","(7.4701, -5.9)","(21.508, -9.9634)","(-1.8493, 4.1393)","(-13.7202, 21.9296)","(12.9868, 14.187)","(-0.4267, 2.6591)","(-3.9444, -0.4453)","(-4.6656, 1.316)","(-3.0903, 4.7388)","(-3.6176, 2.1904)"
6.979999999999999716e+01,"(-3.9724, 3.633)","(7.7965, 8.957)","(20.1687, -8.9434)","(-0.2521, -5.1693)","(-12.1537, 20.7537)","(-5.707, 0.5992)","(0.2914, 3.1597)","(-11.2464, -0.3508)","(22.9095, -9.8644)","(-6.3289, -1.8094)","(3.0489, -2.6743)","(14.3449, -8.2441)","(-3.1593, 5.455)","(-6.0055, 16.3527)","(10.9583, 9.5571)","(-0.6566, 1.5188)","(-5.7046, -1.2646)","(-1.223, 0.7043)","(-6.8895, 10.4805)","(-2.0989, 2.7943)"
6.990000000000000568e+01,"(-3.4089, 5.2266)","(11.1325, 12.4242)","(12.0665, -7.9835)","(-0.6186, -8.3923)","(-4.3638, 13.3867)","(-2.8163, -0.0128)","(0.662, 1.2598)","(-5.87, 0.0641)","(11.6179, -8.559)","(-15.5886, -4.4148)","(2.3999, -1.3946)","(4.8298, -3.9307)","(-5.7993, 9.3556)","(0.6751, 6.5028)","(6.2143, 4.3127)","(-1.4484, 2.3758)","(-10.3355, -2.5947)","(-0.5998, 0.7596)","(-12.2579, 19.6577)","(-2.9451, 4.6729)"
7.000000000000000000e+01,"(-4.8933, 8.0509)","(11.719, 11.5545)","(4.095, -4.1681)","(-1.07, -14.4715)","(-0.0019, 5.1149)","(-3.2922, -0.6409)","(1.3186, 1.6592)","(-4.6285, -0.5656)","(2.8142, -4.4204)","(-26.4776, -6.1177)","(3.9808, -1.6986)","(1.4011, -1.6085)","(-9.4166, 15.4883)","(2.1453, 3.5559)","(3.5708, 2.9022)","(-3.1953, 4.9185)","(-17.857, -4.3281)","(-0.9745, 1.4856)","(-7.434, 17.1804)","(-5.4542, 8.6126)"
7.010000000000000853e+01,"(-7.6398, 12.6638)","(8.3483, 6.7896)","(1.381, -1.4116)","(-2.1612, -19.7534)","(0.6511, 1.727)","(-6.0456, -1.526)","(2.6902, 3.3264)","(-6.5715, -1.4397)","(0.3744, -2.555)","(-14.0498, 0.8565)","(7.9117, -3.1044)","(1.0692, -1.7551)","(-8.5971, 16.8519)","(3.6933, 4.4459)","(3.7019, 3.9366)","(-7.1388, 10.8682)","(-19.4646, -3.1789)","(-2.1696, 3.2847)","(-0.4953, 7.1854)","(-9.5451, 15.364)"
7.020000000000000284e+01,"(-8.8958, 16.0849)","(5.2923, 4.3092)","(1.1434, -0.6419)","(-3.3792, -14.3559)","(1.2813, 1.6788)","(-12.2214, -3.2235)","(5.9602, 7.4656)","(-11.4201, -2.8057)","(-0.1775, -3.5822)","(-4.8392, 2.9394)","(15.5523, -6.1151)","(1.8505, -3.2201)","(-3.178, 9.977)","(6.2966, 7.4684)","(5.9013, 6.9129)","(-12.3786, 19.9803)","(-10.5091, 0.2367)","(-5.2272, 7.824)","(0.7571, 2.4734)","(-9.4879, 18.0242)"
7.029999999999999716e+01,"(-5.3772, 12.6497)","(4.6512, 4.6235)","(2.2029, -0.897)","(-2.563, -6.7611)","(2.5043, 3.0723)","(-21.0496, -5.0414)","(12.6046, 15.4767)","(-18.2484, -4.2239)","(-0.402, -6.6074)","(-2.8685, 3.8523)","(20.4821, -9.3658)","(3.9087, -6.7551)","(-1.2153, 4.6714)","(10.7059, 12.5639)","(10.215, 12.0605)","(-6.9446, 16.6455)","(-4.3755, 0.486)","(-11.3608, 17.3996)","(1.4881, 2.0168)","(-3.181, 10.4957)"
7.040000000000000568e+01,"(-2.4533, 7.3154)","(6.2105, 6.9622)","(4.8585, -1.8427)","(-1.1255, -3.8017)","(5.3193, 6.6147)","(-18.0018, -1.9252)","(16.1398, 16.5812)","(-17.9095, -2.5687)","(-0.7563, -13.1852)","(-3.7226, 6.0168)","(10.4146, -7.5999)","(8.2479, -14.2894)","(-1.4184, 3.1684)","(13.5729, 14.2767)","(13.7482, 14.7865)","(-0.3679, 6.8492)","(-2.5706, -0.1691)","(-11.1249, 21.2714)","(2.7935, 3.4005)","(-0.7865, 4.3724)"
7.050000000000000000e+01,"(-2.1398, 4.9978)","(9.511, 10.9117)","(11.2183, -4.1893)","(-0.5847, -4.4593)","(11.2317, 13.8294)","(-7.5244, 1.1319)","(8.9085, 4.7522)","(-9.637, 0.1852)","(-1.8272, -21.7106)","(-6.2204, 10.0775)","(3.181, -3.6502)","(11.4465, -21.0748)","(-2.6546, 4.4827)","(9.7223, 7.6091)","(10.3523, 8.3366)","(0.7796, 2.3744)","(-3.6499, -0.8022)","(-1.1488, 9.7396)","(5.6423, 6.9463)","(-0.7379, 2.0932)"
7.060000000000000853e+01,"(-3.2804, 5.8794)","(12.3779, 13.2885)","(21.6852, -8.6297)","(-0.5838, -7.7639)","(16.1629, 17.4756)","(-2.3313, 0.7141)","(3.5509, 0.4591)","(-4.5459, 0.198)","(-3.7695, -16.8498)","(-9.3022, 15.6114)","(0.8336, -1.098)","(5.0255, -12.4142)","(-5.2327, 8.2792)","(4.9152, 3.1611)","(5.2356, 3.2703)","(1.5266, 2.0415)","(-7.0553, -1.8268)","(1.2989, 3.85)","(11.3149, 13.7778)","(-1.4956, 2.5971)"
7.070000000000000284e+01,"(-5.6613, 9.3261)","(10.497, 9.2834)","(17.0887, -9.8916)","(-0.9588, -14.416)","(10.1008, 6.4663)","(-0.57, 0.1673)","(2.4421, -0.6787)","(-3.6353, -0.4725)","(-3.2346, -6.4548)","(-7.7891, 15.7886)","(0.3319, -0.2695)","(1.0948, -4.6906)","(-9.4666, 15.1376)","(2.828, 2.3917)","(2.7231, 2.1547)","(2.8707, 3.4946)","(-14.3067, -3.7699)","(2.507, 3.3074)","(15.5377, 16.5809)","(-3.1585, 4.9532)"
7.079999999999999716e+01,"(-8.8106, 14.6836)","(6.4381, 4.8523)","(4.6949, -5.8825)","(-2.1186, -20.9635)","(4.0857, 1.0517)","(-0.2852, -0.0276)","(3.8029, -1.4891)","(-5.6066, -1.2903)","(-1.267, -1.9641)","(-3.1025, 9.4282)","(0.5939, -0.2527)","(0.082, -1.7727)","(-9.8725, 18.4532)","(3.3485, 3.6993)","(2.9386, 3.1838)","(5.8195, 7.1684)","(-22.2619, -4.9757)","(4.3123, 5.1405)","(9.8155, 6.516)","(-6.7625, 10.403)"
7.090000000000000568e+01,"(-8.4005, 16.2388)","(4.2849, 3.7434)","(0.7893, -2.9946)","(-3.6309, -14.8237)","(1.8323, -0.2703)","(-0.5744, -0.1488)","(7.4043, -2.8852)","(-10.499, -2.6782)","(-0.2892, -0.6885)","(-1.5645, 4.9216)","(1.3703, -0.5166)","(-0.1954, -2.1114)","(-3.303, 10.8501)","(5.8106, 6.9352)","(5.0358, 6.0031)","(11.6081, 14.1084)","(-15.2526, -0.7266)","(7.7875, 9.3362)","(3.9549, 1.3917)","(-11.6692, 18.8544)"
7.100000000000000000e+01,"(-3.7798, 10.5231)","(4.7039, 5.0398)","(-0.106, -3.5019)","(-2.7459, -6.1548)","(2.4186, -0.9016)","(-1.3696, -0.3857)","(14.7554, -5.766)","(-18.4387, -4.5015)","(-0.1001, -0.9368)","(-2.005, 4.0817)","(3.3963, -1.2412)","(-0.426, -3.9986)","(-0.6805, 4.4121)","(10.618, 12.6839)","(9.512, 11.4789)","(15.484, 16.3312)","(-5.8042, 1.2314)","(12.8039, 14.7779)","(1.1642, 0.1294)","(-7.6193, 17.0381)"
7.110000000000000853e+01,"(-1.7651, 5.5944)","(7.1747, 8.2887)","(-0.3896, -6.0407)","(-1.0503, -2.6382)","(4.6523, -1.8026)","(-3.5186, -1.0178)","(20.7782, -9.2531)","(-19.5968, -3.0843)","(-0.1055, -2.0289)","(-3.5952, 6.0187)","(8.791, -3.1776)","(-0.8885, -8.6138)","(-0.538, 1.8186)","(14.4014, 15.4505)","(14.4408, 16.1291)","(9.5124, 6.1379)","(-1.6308, 0.6071)","(13.0206, 12.3595)","(0.7394, -0.2035)","(-0.9754, 7.4861)"
7.120000000000000284e+01,"(-1.9997, 4.2696)","(11.1478, 12.7564)","(-0.7005, -11.6846)","(-0.4059, -2.6008)","(9.9772, -3.7987)","(-9.3707, -2.7343)","(11.4424, -7.9565)","(-10.0093, 0.4622)","(-0.1916, -4.8312)","(-6.6357, 10.6364)","(20.5421, -7.7)","(-1.9126, -18.0494)","(-1.1242, 2.0048)","(10.1576, 7.697)","(11.4801, 9.3954)","(3.7695, 1.2861)","(-0.3517, 0.202)","(7.4681, 4.8823)","(1.3364, -0.5027)","(0.2843, 2.3622)"
7.129999999999999716e+01,"(-3.4516, 5.8872)","(12.6815, 12.8355)","(-1.5548, -20.1385)","(-0.3408, -4.695)","(19.2809, -7.6461)","(-22.2885, -6.1702)","(3.5235, -3.9845)","(-3.8836, 0.5815)","(-0.4414, -11.9324)","(-10.0384, 16.8055)","(22.1141, -11.1712)","(-3.2976, -23.496)","(-2.4279, 3.8106)","(4.6688, 2.5352)","(5.4876, 2.9256)","(1.1121, 0.1015)","(-0.152, 0.1873)","(3.3042, 2.0408)","(3.0148, -1.1249)","(0.5476, 0.9812)"
7.140000000000000568e+01,"(-6.2706, 10.1182)","(8.856, 6.9586)","(-3.3996, -18.7368)","(-0.5262, -9.6907)","(18.8289, -9.8054)","(-23.9874, -3.4872)","(0.8896, -1.2449)","(-1.9863, -0.0694)","(-1.4548, -24.55)","(-7.3674, 15.7233)","(5.8978, -7.534)","(-3.1206, -11.2406)","(-5.3885, 8.2285)","(1.952, 1.3554)","(2.0261, 1.1442)","(0.772, -0.2235)","(-0.2706, 0.4038)","(2.1642, 2.0215)","(7.3801, -2.7055)","(1.113, 1.3986)"
7.150000000000000000e+01,"(-9.6748, 16.1228)","(4.9265, 3.6033)","(-3.4521, -8.1253)","(-1.1743, -18.9336)","(6.5321, -6.3549)","(-8.6662, 3.0423)","(0.2315, -0.2696)","(-2.7629, -0.602)","(-4.4407, -19.5525)","(-2.303, 8.3651)","(0.9094, -5.0034)","(-1.7094, -3.7128)","(-10.7529, 16.7804)","(1.8769, 2.0036)","(1.3547, 1.3199)","(1.4249, -0.5373)","(-0.6569, 0.9775)","(3.1324, 3.6228)","(17.3322, -6.466)","(2.3456, 2.9186)"
7.160000000000000853e+01,"(-7.8512, 16.0959)","(3.6628, 3.4565)","(-1.5432, -2.8174)","(-3.0927, -21.8426)","(1.4838, -2.6401)","(-3.8199, 4.0648)","(0.2576, -0.1256)","(-5.4781, -1.4336)","(-4.6495, -5.8875)","(-1.0441, 3.8404)","(-0.3298, -6.0968)","(-1.1309, -1.5386)","(-10.3944, 19.9371)","(3.3289, 4.0068)","(2.2128, 2.6282)","(3.2312, -1.2047)","(-1.7325, 2.5476)","(5.9773, 7.2738)","(23.8536, -10.8321)","(5.3725, 6.7737)"
7.170000000000000284e+01,"(-2.7542, 9.0998)","(4.8087, 5.4021)","(-0.428, -1.3866)","(-4.0358, -9.8126)","(0.17, -1.5158)","(-3.7203, 5.9038)","(0.6028, -0.2301)","(-11.7596, -3.1808)","(-3.7895, -1.8173)","(-1.4825, 3.0329)","(-0.7553, -9.3962)","(-1.833, -2.0489)","(-1.8732, 9.7891)","(6.8923, 8.5142)","(4.6081, 5.7124)","(7.9101, -2.9003)","(-4.7259, 6.9107)","(11.4682, 13.8225)","(8.5282, -8.1098)","(11.9577, 14.8597)"
7.179999999999999716e+01,"(-1.2352, 4.3631)","(8.0053, 9.4214)","(-0.2032, -2.0865)","(-2.1549, -2.9631)","(-0.1128, -2.376)","(-5.441, 9.0083)","(1.4939, -0.5467)","(-21.65, -5.365)","(-5.3354, -1.3927)","(-2.8784, 4.7383)","(-1.2554, -15.0065)","(-3.5743, -3.9567)","(0.4368, 3.381)","(13.2743, 15.9298)","(9.9502, 12.3372)","(18.2658, -6.8532)","(-11.7079, 17.4694)","(15.0285, 15.8039)","(1.6388, -4.5509)","(16.8586, 17.9517)"
7.190000000000000568e+01,"(-1.6234, 3.3784)","(12.4236, 14.1294)","(-0.2381, -4.3312)","(-0.8039, -0.6597)","(-0.2501, -4.8183)","(-8.0605, 13.5697)","(3.9349, -1.4142)","(-18.9756, -2.086)","(-8.868, -2.1788)","(-5.7659, 9.0535)","(-2.3059, -18.5565)","(-7.5879, -8.4448)","(0.9696, 1.6309)","(14.8159, 14.4222)","(16.1212, 18.1978)","(23.1559, -10.8703)","(-12.767, 23.6257)","(9.4917, 6.4168)","(-0.0338, -4.5278)","(9.6798, 5.3227)"
7.200000000000000000e+01,"(-3.05, 5.0743)","(12.471, 11.8545)","(-0.4404, -9.7673)","(-0.8149, -0.2784)","(-0.4953, -10.6874)","(-8.2793, 15.6144)","(10.5781, -3.7889)","(-7.4916, 1.4964)","(-15.1257, -3.6753)","(-10.1753, 16.3597)","(-3.154, -13.2053)","(-14.4303, -15.7885)","(1.8676, 2.3094)","(7.8922, 4.249)","(11.4919, 8.3333)","(7.6543, -7.7856)","(-0.4124, 10.4763)","(3.8833, 1.6471)","(-0.5069, -6.9619)","(4.1132, 0.3945)"
7.210000000000000853e+01,"(-5.943, 9.4029)","(7.5355, 5.2994)","(-1.1331, -20.3498)","(-1.6108, -0.4405)","(-1.2969, -21.2906)","(-4.6029, 11.3897)","(23.7386, -9.0437)","(-2.1863, 1.167)","(-19.4766, -3.8199)","(-9.1639, 18.0248)","(-2.2956, -7.0002)","(-14.487, -14.1307)","(3.7224, 4.5787)","(2.8521, 0.7189)","(4.9202, 1.5043)","(1.4214, -4.3752)","(2.6767, 5.3552)","(1.1339, 0.4958)","(-0.8656, -12.0867)","(3.1616, -0.9509)"
7.220000000000000284e+01,"(-10.0744, 16.3658)","(3.8237, 2.7161)","(-3.4125, -22.6525)","(-3.6691, -1.023)","(-3.644, -21.165)","(-2.4193, 6.7941)","(18.5021, -10.9209)","(-1.0034, 1.2288)","(-13.4275, -0.7902)","(-2.4683, 9.5835)","(-1.1465, -4.953)","(-6.8493, -4.953)","(7.9155, 9.8162)","(1.0834, -0.1219)","(2.0309, -0.184)","(-0.0822, -4.5776)","(4.5105, 5.4791)","(0.5532, 0.5082)","(-1.6853, -18.8106)","(4.8603, -1.9343)"
7.229999999999999716e+01,"(-8.724, 17.416)","(3.0504, 3.0068)","(-4.4122, -8.7137)","(-8.9506, -2.5422)","(-4.1808, -7.7968)","(-2.501, 5.3425)","(4.0491, -7.1448)","(-1.4604, 2.2475)","(-6.4794, 0.337)","(-0.4409, 3.6342)","(-0.747, -6.3472)","(-2.4306, -1.2941)","(14.5819, 17.2255)","(1.4022, -0.5074)","(2.3913, -0.8678)","(-0.521, -7.1508)","(6.7901, 7.7978)","(0.9284, 1.1136)","(-3.1297, -17.354)","(9.0684, -3.5871)"
7.240000000000000568e+01,"(-2.5244, 9.3794)","(4.4783, 5.1709)","(-2.6095, -2.3387)","(-20.2198, -5.5122)","(-2.3035, -2.0549)","(-3.9228, 6.8543)","(0.3938, -5.7973)","(-3.0397, 4.662)","(-3.854, -0.2084)","(-0.396, 1.3917)","(-0.8453, -10.5654)","(-1.3192, -0.3947)","(13.7845, 12.264)","(2.8421, -1.0818)","(4.4388, -1.7287)","(-0.8898, -12.4854)","(10.0531, 11.3943)","(2.0599, 2.5869)","(-3.0697, -8.8098)","(16.4415, -6.6342)"
7.250000000000000000e+01,"(-0.6618, 3.772)","(8.0351, 9.6179)","(-2.5409, -0.9039)","(-24.0198, -4.077)","(-2.2238, -0.7918)","(-6.5401, 10.8128)","(-0.5765, -7.5985)","(-6.7854, 10.319)","(-4.7438, -0.9484)","(-0.8986, 1.5811)","(-1.4374, -17.0843)","(-2.128, -0.4588)","(6.6646, 2.9979)","(6.536, -2.4353)","(9.3646, -3.5802)","(-1.7587, -19.1423)","(12.0173, 12.5148)","(4.9953, 6.3625)","(-1.5275, -4.2613)","(18.8364, -9.0974)"
7.260000000000000853e+01,"(-0.7448, 1.9354)","(13.0864, 15.0452)","(-4.2598, -1.1035)","(-9.5878, 2.0823)","(-3.8093, -0.9957)","(-9.0685, 15.5923)","(-0.9964, -11.4395)","(-12.2048, 19.5203)","(-8.3269, -2.0577)","(-1.9977, 3.1111)","(-2.7434, -18.6161)","(-4.3759, -0.9341)","(2.3175, 0.3212)","(15.0339, -5.6309)","(18.3438, -7.2345)","(-3.2071, -16.913)","(9.6457, 8.3509)","(11.7792, 14.8086)","(-0.6724, -3.8249)","(9.1742, -6.8681)"
7.270000000000000284e+01,"(-1.5539, 2.6356)","(12.8442, 11.9652)","(-8.2705, -2.1671)","(-3.3765, 2.6984)","(-7.5839, -2.0088)","(-7.0378, 14.7426)","(-1.6293, -16.4028)","(-7.6412, 17.4067)","(-15.244, -3.8276)","(-4.5856, 6.9494)","(-3.2346, -10.8996)","(-9.8488, -2.1326)","(1.4355, -0.3771)","(23.5967, -10.1501)","(19.6264, -9.8101)","(-3.0036, -8.3635)","(6.1386, 4.8566)","(17.6173, 19.083)","(-0.5312, -6.1617)","(3.2245, -3.2132)"
7.279999999999999716e+01,"(-3.3163, 5.1676)","(7.1577, 4.5499)","(-16.1718, -4.1864)","(-2.6309, 3.8673)","(-15.4268, -4.0679)","(-3.07, 8.958)","(-2.6408, -16.6531)","(-0.548, 7.3295)","(-20.6981, -4.2114)","(-9.9356, 15.2216)","(-1.9104, -5.3316)","(-20.3553, -4.2792)","(2.3585, -0.9025)","(11.1752, -8.6255)","(7.4146, -6.697)","(-1.4427, -4.0712)","(4.6672, 4.3477)","(10.1048, 5.2874)","(-0.7538, -11.5409)","(1.5763, -1.1945)"
7.290000000000000568e+01,"(-7.1407, 10.9654)","(3.0975, 1.8991)","(-21.9764, -4.43)","(-3.9475, 6.3557)","(-22.6359, -4.8363)","(-1.9312, 5.2541)","(-2.8338, -10.7968)","(0.7535, 2.522)","(-13.6727, -0.5841)","(-12.0253, 21.445)","(-0.8563, -4.129)","(-22.2247, -3.5231)","(4.9393, -1.8812)","(2.5091, -4.5674)","(1.8162, -2.8408)","(-0.64, -3.807)","(5.5504, 6.0492)","(4.7371, 0.0843)","(-1.5518, -19.4747)","(2.1963, -1.0092)"
7.300000000000000000e+01,"(-11.9519, 19.4602)","(2.0578, 1.942)","(-12.8792, 0.0062)","(-6.9511, 11.1506)","(-13.8805, -0.1712)","(-2.6, 5.0168)","(-1.8245, -6.6413)","(1.4832, 2.0197)","(-5.8366, 0.6833)","(-2.6591, 11.4827)","(-0.5994, -6.0277)","(-9.4145, 0.0529)","(11.1034, -4.1747)","(0.2537, -3.272)","(0.2573, -1.258)","(-0.5228, -6.2529)","(8.323, 9.5377)","(4.3156, -1.4607)","(-3.2554, -18.6247)","(4.403, -1.7359)"
7.310000000000000853e+01,"(-6.9215, 16.3464)","(3.0462, 3.5405)","(-4.7504, 1.0532)","(-9.9824, 16.9329)","(-5.0197, 1.2749)","(-4.4823, 7.4922)","(-1.0582, -6.239)","(2.7808, 3.3845)","(-2.6274, 0.0761)","(0.6285, 4.2005)","(-0.763, -10.8133)","(-3.3272, 0.6477)","(21.1514, -8.45)","(-0.2943, -4.8159)","(-0.0595, -1.7352)","(-0.7606, -11.7939)","(11.7498, 13.0269)","(6.5468, -2.6677)","(-3.3704, -8.6407)","(9.5686, -3.6386)"
7.320000000000000284e+01,"(-0.6829, 6.9162)","(5.8904, 7.1881)","(-1.3684, 0.3673)","(-6.8346, 15.036)","(-1.3279, 0.6324)","(-7.637, 12.4693)","(-0.9038, -8.8384)","(5.6041, 6.8966)","(-2.819, -0.5182)","(1.4557, 2.3102)","(-1.4438, -18.2413)","(-2.5311, 1.0193)","(17.2116, -9.7886)","(-0.5638, -8.6959)","(-0.1781, -3.4734)","(-1.5947, -19.7836)","(11.5711, 11.034)","(11.394, -4.6245)","(-1.5792, -3.3538)","(18.9332, -7.4501)"
7.329999999999999716e+01,"(0.3945, 2.1618)","(11.4475, 13.8384)","(-0.5743, -0.0163)","(-2.2072, 7.9548)","(-0.4358, 0.4635)","(-9.5469, 16.8848)","(-1.2107, -13.9089)","(11.2388, 13.6877)","(-5.1542, -1.2968)","(2.6684, 3.2518)","(-2.9808, -19.1057)","(-4.1013, 1.8475)","(5.009, -5.8534)","(-1.0747, -16.0325)","(-0.3467, -7.8252)","(-3.3263, -18.3567)","(7.6759, 5.9714)","(17.4952, -7.4913)","(-0.5207, -2.1713)","(19.5143, -9.9271)"
7.340000000000000568e+01,"(0.7619, 1.1803)","(15.1797, 16.0195)","(-0.9648, -0.2323)","(-1.1786, 3.8711)","(-0.5843, 0.8737)","(-5.589, 13.2813)","(-2.095, -18.1316)","(15.5323, 16.6194)","(-10.6356, -2.8332)","(5.0536, 6.1447)","(-3.3878, -9.8929)","(-8.0035, 3.5889)","(0.9159, -2.6832)","(-2.4613, -21.153)","(-0.8356, -17.3657)","(-3.3397, -8.3066)","(4.7543, 3.8809)","(15.3365, -8.3092)","(-0.3114, -3.4334)","(6.8942, -6.5938)"
7.350000000000000000e+01,"(1.5166, 1.8788)","(9.5644, 6.4158)","(-2.1614, -0.5943)","(-1.7562, 3.4343)","(-1.2766, 1.9302)","(-2.0792, 7.0736)","(-3.0426, -14.3754)","(9.8898, 6.6204)","(-19.9307, -5.01)","(9.877, 11.9987)","(-1.7814, -4.2052)","(-15.5504, 7.0089)","(-0.0244, -2.7615)","(-3.7162, -12.7969)","(-2.6844, -24.8787)","(-1.5193, -3.1727)","(4.4291, 4.5138)","(7.2521, -5.5517)","(-0.3973, -6.9189)","(1.5535, -2.8203)"
7.360000000000000853e+01,"(3.1926, 3.9697)","(3.8811, 1.5579)","(-5.2876, -1.505)","(-3.3611, 5.5014)","(-3.1355, 4.6728)","(-1.5879, 4.1407)","(-2.4831, -8.0308)","(4.004, 1.4298)","(-20.2678, -2.939)","(14.9207, 16.5844)","(-0.6665, -2.8962)","(-20.0711, 9.7549)","(-0.2915, -4.7688)","(-2.4049, -5.034)","(-4.6501, -11.7116)","(-0.4899, -2.0524)","(6.2742, 7.1393)","(3.5193, -2.7097)","(-0.7722, -14.4771)","(0.1699, -1.7211)"
7.370000000000000284e+01,"(7.1921, 9.025)","(1.0812, 0.3659)","(-13.1901, -3.7605)","(-6.5578, 10.3467)","(-7.7652, 11.5675)","(-2.5311, 4.598)","(-1.3285, -5.4381)","(1.1707, 0.1471)","(-8.9581, 1.1028)","(11.2009, 8.7397)","(-0.4189, -4.3918)","(-10.6063, 6.5742)","(-0.5321, -9.5255)","(-0.8316, -2.2341)","(-3.1567, -3.3072)","(-0.2931, -3.2888)","(9.9084, 11.4434)","(3.4395, -1.8107)","(-2.0689, -23.1754)","(-0.1357, -2.7093)"
7.379999999999999716e+01,"(14.4276, 17.4168)","(0.2957, 0.1973)","(-25.5538, -6.4068)","(-10.5457, 17.3576)","(-13.9401, 22.3406)","(-4.674, 7.601)","(-0.8352, -6.424)","(0.6914, -0.1815)","(-2.8074, 0.9948)","(5.0661, 2.4088)","(-0.5275, -8.4636)","(-3.6879, 2.8703)","(-1.1596, -18.3405)","(-0.3404, -2.5419)","(-2.6296, -1.0807)","(-0.3774, -6.6863)","(12.7613, 13.6049)","(5.7558, -2.4268)","(-4.1224, -15.2178)","(-0.2893, -5.437)"
7.390000000000000568e+01,"(14.927, 13.821)","(0.3718, 0.4316)","(-17.2599, -0.4794)","(-7.7172, 16.4619)","(-5.5957, 15.9949)","(-8.2912, 13.3575)","(-0.8782, -10.2311)","(1.2303, -0.4613)","(-0.6971, 0.4875)","(1.6243, 0.7181)","(-1.0177, -16.4094)","(-1.05, 0.8482)","(-2.9599, -21.7309)","(-0.3196, -4.8062)","(-4.1538, -1.0847)","(-0.7367, -14.1605)","(10.2414, 8.7418)","(10.8784, -4.3336)","(-3.1509, -5.1175)","(-0.5732, -11.8224)"
7.400000000000000000e+01,"(7.3279, 3.0587)","(0.8177, 1.0256)","(-5.9239, 2.8558)","(-1.9311, 8.2308)","(0.8643, 6.382)","(-9.969, 17.8181)","(-1.3994, -16.2921)","(2.7713, -1.0339)","(-0.4827, 0.6654)","(0.7171, 0.6144)","(-2.524, -22.0958)","(-0.4956, 0.2895)","(-3.9611, -10.3672)","(-0.5263, -10.145)","(-7.7565, -2.0052)","(-1.9958, -23.269)","(5.9352, 4.3006)","(18.1792, -7.565)","(-1.3044, -1.2607)","(-1.5144, -22.1519)"
7.410000000000000853e+01,"(2.992, 0.0155)","(2.0171, 2.5799)","(-2.9083, 3.5213)","(-0.5612, 3.1951)","(2.3784, 3.7496)","(-4.7905, 12.5826)","(-2.5803, -18.4671)","(6.8018, -2.4912)","(-0.9071, 1.3793)","(1.085, 1.2787)","(-3.9359, -12.5283)","(-0.9244, 0.4244)","(-2.1566, -3.3276)","(-1.2366, -19.828)","(-14.9834, -3.8672)","(-4.1384, -15.6913)","(3.8565, 3.3687)","(16.5396, -8.8342)","(-1.0093, -0.4011)","(-3.8547, -19.286)"
7.420000000000000284e+01,"(2.8227, -0.9562)","(5.2543, 6.7716)","(-3.3934, 5.4271)","(-0.757, 1.8015)","(4.0157, 4.7963)","(-1.4251, 5.9748)","(-3.1762, -11.6912)","(16.2825, -6.0364)","(-2.1261, 3.1924)","(2.3195, 2.8933)","(-2.4834, -4.4148)","(-2.1102, 0.9307)","(-0.6411, -0.8318)","(-3.301, -21.5031)","(-21.6043, -4.587)","(-3.2679, -5.2466)","(4.3926, 4.7674)","(7.0166, -5.8004)","(-1.8282, -0.4988)","(-3.8651, -6.8634)"
7.429999999999999716e+01,"(4.7592, -1.8815)","(12.9054, 16.316)","(-5.5716, 9.0233)","(-1.6135, 2.6796)","(6.7553, 7.9816)","(-1.0944, 3.0894)","(-2.0341, -6.0382)","(24.4605, -10.7344)","(-5.2928, 7.8721)","(5.4683, 6.9287)","(-0.7804, -1.3736)","(-5.1968, 2.2651)","(-0.1184, -0.1972)","(-4.0481, -8.9657)","(-14.2259, -0.5495)","(-1.4354, -1.2892)","(6.9883, 8.1596)","(2.6354, -2.4813)","(-3.9459, -1.0814)","(-1.9405, -1.7712)"
7.440000000000000568e+01,"(9.3991, -3.6612)","(18.0678, 18.9114)","(-8.8373, 14.5962)","(-3.485, 5.3974)","(11.1172, 12.9199)","(-1.9366, 3.4779)","(-0.976, -4.6677)","(9.6184, -8.4946)","(-11.7553, 17.9259)","(12.3846, 15.4302)","(-0.1957, -0.9233)","(-12.943, 5.6413)","(-0.0257, -0.2096)","(-2.0974, -2.5567)","(-5.6331, 0.9647)","(-1.3008, -0.4738)","(11.2908, 13.0512)","(1.8794, -1.1438)","(-9.2311, -2.5851)","(-1.7778, -0.6506)"
7.450000000000000000e+01,"(17.5108, -7.0117)","(9.6113, 3.8689)","(-8.6991, 16.61)","(-7.5467, 11.5697)","(13.2442, 13.6064)","(-3.8405, 6.1375)","(-0.6861, -6.5263)","(1.9064, -4.8112)","(-11.0911, 21.4994)","(17.0577, 17.9371)","(-0.1236, -1.7449)","(-24.173, 11.0363)","(-0.023, -0.4918)","(-1.0754, -0.6164)","(-1.8951, 0.3208)","(-2.3756, -0.6389)","(13.0939, 13.31)","(3.1534, -1.3463)","(-20.0249, -5.3744)","(-3.1131, -0.825)"
7.460000000000000853e+01,"(18.9944, -9.4087)","(5.3447, -0.6085)","(-3.8398, 10.7602)","(-12.1937, 20.0352)","(9.1432, 7.029)","(-7.5671, 11.8761)","(-0.8486, -11.2523)","(0.0197, -4.5481)","(-0.7397, 9.528)","(9.4347, 4.7543)","(-0.1805, -3.9043)","(-14.2867, 8.6209)","(-0.0431, -1.2385)","(-1.5995, -0.4615)","(-1.2852, -0.1547)","(-5.0818, -1.3861)","(8.9052, 6.7973)","(6.4473, -2.5088)","(-23.2404, -3.8782)","(-6.3844, -1.713)"
7.470000000000000284e+01,"(8.1118, -6.6588)","(5.8321, -2.2267)","(-1.6364, 5.5148)","(-6.1902, 15.5942)","(4.7125, 3.1767)","(-11.098, 18.7119)","(-1.5428, -18.0878)","(-0.4999, -6.8543)","(1.6855, 4.0983)","(4.2179, 0.1217)","(-0.3686, -9.3404)","(-4.5374, 4.5109)","(-0.0975, -3.312)","(-3.2282, -0.8701)","(-2.2951, -0.5674)","(-11.5765, -3.2054)","(4.6329, 3.1841)","(13.546, -5.2098)","(-9.5542, 1.7904)","(-13.7083, -3.7041)"
7.479999999999999716e+01,"(2.4465, -2.8713)","(8.6978, -3.6399)","(-1.783, 3.9367)","(-0.4074, 6.3672)","(3.059, 2.7493)","(-6.07, 14.7755)","(-2.9628, -18.2345)","(-0.8543, -11.7669)","(3.1042, 3.94)","(3.7681, -1.2541)","(-1.0268, -20.655)","(-2.5033, 3.8545)","(-0.2515, -9.1197)","(-7.2843, -2.0181)","(-4.9968, -1.362)","(-22.4885, -5.7099)","(3.1556, 2.8975)","(21.4586, -9.1496)","(-3.1414, 2.1875)","(-23.0386, -5.3922)"
7.490000000000000568e+01,"(0.7467, -0.8095)","(13.6348, -5.7592)","(-3.1222, 5.3433)","(0.5254, 2.0264)","(3.8975, 4.3669)","(-1.1401, 6.6015)","(-3.2041, -9.774)","(-1.6305, -18.4313)","(5.1704, 6.1086)","(5.8722, -2.3671)","(-3.4781, -23.8377)","(-3.201, 5.6626)","(-0.8965, -22.6063)","(-16.3516, -4.4766)","(-11.5258, -3.204)","(-19.5397, -2.045)","(4.1235, 4.6424)","(13.1815, -8.6325)","(-2.131, 2.992)","(-16.2363, -0.8481)"
7.500000000000000000e+01,"(0.69, -0.3662)","(16.6517, -7.7867)","(-5.8184, 9.3403)","(1.0283, 1.4495)","(6.7579, 8.0497)","(-0.3191, 2.2945)","(-1.7139, -4.629)","(-3.0445, -17.6354)","(8.9051, 10.5354)","(10.6624, -4.2652)","(-4.8013, -8.6359)","(-5.2949, 9.4169)","(-3.9729, -25.3275)","(-24.681, -5.307)","(-22.6435, -5.7775)","(-7.2743, 1.9264)","(7.1383, 8.4932)","(3.861, -4.5783)","(-3.1895, 5.0726)","(-5.9071, 1.5952)"
7.510000000000000853e+01,"(1.4483, -0.5732)","(11.7727, -7.0696)","(-9.5629, 15.6735)","(2.0078, 2.4675)","(11.6882, 13.7326)","(-0.5354, 1.2509)","(-0.7362, -3.7657)","(-3.1037, -9.2489)","(13.1151, 14.6219)","(17.588, -7.3404)","(-3.3167, -2.3727)","(-8.3897, 15.0931)","(-5.9243, -7.7519)","(-13.0546, 0.6792)","(-19.6682, -2.0438)","(-2.3439, 1.8311)","(12.0457, 14.0447)","(0.7759, -1.6488)","(-5.9684, 9.419)","(-1.6927, 1.1384)"
7.520000000000000284e+01,"(3.3588, -1.2537)","(6.2765, -4.4713)","(-8.6604, 17.0201)","(4.2162, 5.2364)","(13.8237, 14.0627)","(-1.2229, 1.9954)","(-0.5355, -5.8074)","(-1.6063, -4.5194)","(11.6403, 10.3767)","(16.6206, -8.7146)","(-3.955, -1.202)","(-8.5025, 16.5346)","(-5.6059, -2.589)","(-4.3061, 2.0428)","(-7.2548, 2.0169)","(-1.8369, 2.6621)","(13.5017, 13.43)","(0.0607, -1.1723)","(-10.0271, 16.3069)","(-1.1011, 1.5116)"
7.529999999999999716e+01,"(8.2626, -3.0275)","(4.6669, -2.7832)","(-3.0371, 9.8642)","(9.2068, 11.4547)","(8.8238, 6.2667)","(-2.748, 4.2119)","(-0.7165, -10.7719)","(-0.7158, -3.9634)","(6.5112, 4.3505)","(7.5571, -5.9358)","(-6.4754, -1.6156)","(-4.3947, 10.2601)","(-7.3772, -1.8379)","(-1.9141, 2.2413)","(-2.4135, 1.9902)","(-3.0022, 4.7345)","(8.351, 5.8168)","(-0.1017, -2.0685)","(-8.6889, 17.3401)","(-1.8353, 2.8442)"
7.540000000000000568e+01,"(18.9096, -7.118)","(6.1123, -2.8286)","(-1.0789, 4.4568)","(15.8711, 18.2941)","(4.0196, 2.3635)","(-6.3389, 9.5841)","(-1.4187, -18.652)","(-0.5557, -6.2582)","(3.3366, 2.4896)","(3.0936, -2.7066)","(-11.7254, -2.9606)","(-2.0966, 5.2335)","(-10.7335, -2.441)","(-2.3758, 3.7129)","(-2.0051, 2.951)","(-5.9307, 9.2506)","(3.8275, 2.3401)","(-0.2096, -4.463)","(-2.57, 9.4032)","(-3.9212, 6.0009)"
7.550000000000000000e+01,"(22.6539, -10.8897)","(10.069, -4.2199)","(-1.255, 2.8708)","(12.3611, 9.6127)","(2.1638, 1.8231)","(-12.1628, 19.1592)","(-3.0639, -19.4767)","(-0.7736, -11.5682)","(3.0666, 3.1713)","(2.4268, -1.4127)","(-18.9998, -4.4278)","(-1.8942, 3.9112)","(-15.2732, -3.3242)","(-4.3731, 6.8798)","(-3.2901, 5.2057)","(-10.4308, 16.7678)","(2.2897, 2.0361)","(-0.4352, -10.3873)","(-0.7115, 3.8368)","(-8.4798, 12.9889)"
7.560000000000000853e+01,"(7.098, -7.5923)","(15.7676, -6.7047)","(-2.4013, 4.0534)","(5.4761, 1.834)","(2.7103, 3.047)","(-8.5832, 18.5701)","(-3.4896, -9.6025)","(-1.564, -19.304)","(4.8439, 5.6775)","(4.0094, -1.7132)","(-17.8731, -2.381)","(-3.0308, 5.5356)","(-16.5551, -2.7841)","(-8.3468, 13.1511)","(-6.3847, 10.0045)","(-8.974, 17.9479)","(3.0616, 3.4836)","(-1.2152, -21.7028)","(-0.8138, 2.0544)","(-12.3779, 20.8978)"
7.570000000000000284e+01,"(1.2775, -4.3247)","(16.3361, -8.2004)","(-4.8295, 7.6085)","(2.1983, -0.1274)","(4.9958, 6.0452)","(-0.5944, 7.9308)","(-1.7701, -3.7589)","(-3.2201, -18.4801)","(8.8451, 10.6102)","(7.9485, -3.1216)","(-8.9755, 0.433)","(-5.5311, 9.7893)","(-11.9514, -0.9405)","(-10.9066, 18.9931)","(-10.5999, 17.2892)","(-2.1968, 9.2166)","(5.6784, 6.8732)","(-3.7397, -21.9708)","(-1.676, 2.8356)","(-4.6435, 13.8491)"
7.579999999999999716e+01,"(-0.1228, -4.7105)","(9.2324, -6.2876)","(-9.1405, 14.4574)","(2.41, -0.8574)","(9.8515, 11.9911)","(0.9839, 2.9144)","(-0.59, -2.2422)","(-3.3276, -8.7457)","(13.7728, 15.5701)","(15.5756, -6.1306)","(-3.8934, 0.2983)","(-9.0574, 16.2344)","(-7.6515, -0.4194)","(-4.8521, 13.2031)","(-8.1034, 16.9715)","(-0.315, 3.3652)","(10.8714, 13.1168)","(-4.4863, -7.6701)","(-3.5508, 5.5383)","(0.0417, 5.3225)"
7.590000000000000568e+01,"(-0.5439, -7.418)","(4.7107, -3.4845)","(-10.5589, 19.0908)","(4.3711, -1.7074)","(15.0405, 16.7644)","(1.914, 2.5376)","(-0.3279, -3.3532)","(-1.5805, -3.5301)","(12.066, 10.5518)","(20.4203, -9.3534)","(-2.9267, -0.3563)","(-8.5118, 16.8189)","(-6.7118, -0.9316)","(-0.878, 5.6384)","(-1.9436, 8.4728)","(-0.2618, 1.131)","(14.9613, 16.0649)","(-2.8604, -2.059)","(-7.5274, 11.5989)","(0.7856, 1.9078)"
7.600000000000000000e+01,"(-0.9281, -12.9188)","(4.1259, -2.2771)","(-3.7445, 11.7325)","(9.1105, -3.4941)","(11.2761, 8.7622)","(3.4752, 4.1965)","(-0.3954, -6.6466)","(-0.5513, -2.4586)","(6.2487, 3.7134)","(10.3798, -7.575)","(-4.6272, -1.0791)","(-3.742, 9.3107)","(-8.8056, -1.8253)","(-0.3657, 1.9923)","(-0.4318, 3.1562)","(-0.639, 1.1482)","(10.082, 7.2512)","(-3.4139, -1.0459)","(-11.9346, 19.7048)","(1.533, 1.977)"
7.610000000000000853e+01,"(-1.8442, -19.3399)","(6.254, -2.734)","(-0.5862, 4.7097)","(17.8709, -7.0409)","(5.0585, 2.3222)","(6.7464, 8.2284)","(-0.7431, -13.849)","(-0.3501, -3.9145)","(2.609, 1.6308)","(3.1902, -3.6356)","(-9.0358, -2.3512)","(-1.5573, 4.1879)","(-13.2535, -2.9941)","(-0.7048, 1.4345)","(-0.5219, 1.4434)","(-1.4616, 2.2738)","(4.323, 1.9886)","(-5.768, -1.4615)","(-6.218, 15.4669)","(2.9496, 3.6055)"
7.620000000000000284e+01,"(-3.2578, -16.355)","(11.025, -4.5015)","(-0.2836, 1.5765)","(19.8734, -9.7649)","(1.567, 0.6004)","(12.4384, 14.8104)","(-1.9404, -22.8098)","(-0.4565, -7.7988)","(1.9224, 1.8962)","(0.8594, -1.0942)","(-17.3, -4.4215)","(-1.36, 2.849)","(-17.2379, -3.4587)","(-1.5679, 2.5084)","(-1.1668, 1.9711)","(-3.4321, 5.178)","(1.3773, 0.6929)","(-10.8957, -2.8079)","(-0.5905, 6.4306)","(6.1506, 7.6153)"
7.629999999999999716e+01,"(-2.9085, -7.9839)","(17.3101, -7.3598)","(-0.6156, 1.2097)","(7.8748, -6.8449)","(0.5057, 0.3634)","(14.4622, 14.471)","(-4.0277, -16.0798)","(-0.9015, -15.7973)","(3.0519, 3.597)","(0.4043, -0.296)","(-21.5087, -3.9976)","(-2.3317, 4.2272)","(-14.6894, -1.7194)","(-3.5231, 5.3815)","(-2.5727, 3.9819)","(-8.0469, 12.1213)","(0.8384, 0.8142)","(-18.9186, -4.5876)","(0.3122, 1.9491)","(12.3299, 14.9745)"
7.640000000000000568e+01,"(-1.3655, -4.0057)","(15.8087, -8.4074)","(-1.3999, 2.2162)","(2.0153, -2.9423)","(0.6502, 0.7513)","(8.3901, 5.2615)","(-3.2541, -5.59)","(-2.3695, -22.9047)","(6.0745, 7.4536)","(0.7637, -0.319)","(-11.5674, 0.36)","(-4.5907, 8.044)","(-9.0103, -0.3199)","(-7.9097, 12.0256)","(-5.8385, 8.8629)","(-13.3252, 21.7748)","(1.4352, 1.723)","(-19.2119, -2.8422)","(0.5802, 0.944)","(15.5032, 15.9138)"
7.650000000000000000e+01,"(-0.6274, -3.9651)","(7.57, -5.7405)","(-3.2124, 4.8798)","(0.318, -1.112)","(1.3844, 1.7264)","(3.2806, 1.4329)","(-1.3279, -1.4275)","(-4.0951, -13.4023)","(11.912, 14.4116)","(1.7537, -0.6603)","(-4.1603, 0.96)","(-8.632, 15.179)","(-6.2459, -0.5232)","(-12.7442, 20.9615)","(-11.4946, 17.9952)","(-5.223, 15.1362)","(3.1323, 3.9204)","(-9.4786, 0.5747)","(1.1814, 1.4745)","(8.8782, 5.223)"
7.660000000000000853e+01,"(-0.5383, -6.6099)","(3.5595, -2.801)","(-7.4458, 11.2431)","(-0.0238, -1.315)","(3.3206, 4.2253)","(1.0528, 0.6209)","(-0.7828, -0.3706)","(-2.764, -4.4924)","(15.2785, 15.8719)","(4.3323, -1.5847)","(-1.219, 0.2742)","(-10.1099, 19.1453)","(-6.9754, -1.2769)","(-5.5335, 15.1389)","(-9.596, 19.4157)","(0.4925, 5.8971)","(7.3271, 9.2558)","(-3.6178, 0.5589)","(2.528, 3.1541)","(3.3823, 0.9092)"
7.670000000000000284e+01,"(-0.8063, -12.4258)","(3.2959, -1.777)","(-12.9712, 20.9206)","(-0.1304, -2.6017)","(8.2333, 10.4976)","(0.9065, 0.9656)","(-1.3388, -0.3752)","(-0.9831, -1.1245)","(9.1593, 5.7895)","(11.021, -4.0056)","(-0.7263, -0.079)","(-4.4768, 11.036)","(-10.4934, -2.378)","(0.0664, 5.9363)","(-1.1673, 8.8093)","(1.6748, 2.9334)","(14.9946, 18.1525)","(-1.8874, -0.082)","(5.8489, 7.3846)","(1.2928, -0.1288)"
7.680000000000001137e+01,"(-1.7157, -20.1934)","(5.4466, -2.3106)","(-6.3397, 16.2738)","(-0.2556, -5.9015)","(16.6283, 19.9462)","(1.7115, 2.0887)","(-2.8721, -0.7878)","(-0.401, -0.2398)","(3.5784, 1.2553)","(23.227, -9.0136)","(-1.3585, -0.3422)","(-1.3304, 4.3569)","(-15.8596, -3.5714)","(1.0368, 2.3174)","(0.7213, 3.0698)","(3.0038, 3.666)","(14.938, 13.4522)","(-2.7094, -0.6008)","(12.8318, 15.869)","(1.6068, -0.5797)"
7.690000000000000568e+01,"(-3.4264, -17.5047)","(10.3311, -4.112)","(0.1143, 6.4742)","(-0.5814, -13.8186)","(13.9576, 11.078)","(3.8437, 4.8338)","(-6.792, -1.9122)","(-0.6108, -0.182)","(0.9936, 0.155)","(17.6059, -10.4808)","(-3.0776, -0.8514)","(-0.5058, 1.4722)","(-17.5091, -2.9775)","(1.9801, 2.5123)","(1.4596, 2.0904)","(5.3649, 6.4393)","(7.173, 2.548)","(-5.4335, -1.4293)","(16.5744, 17.0049)","(3.1782, -1.2166)"
7.700000000000000000e+01,"(-3.1994, -7.7217)","(17.7706, -7.3179)","(1.3117, 2.7353)","(-1.8656, -25.0627)","(6.5848, 1.3555)","(8.9656, 11.2978)","(-15.9823, -4.4536)","(-1.3406, -0.3728)","(0.4759, -0.1065)","(4.0972, -6.5172)","(-7.5188, -2.1374)","(-0.6443, 1.252)","(-11.8111, -0.6833)","(3.6925, 4.4814)","(2.7057, 3.29)","(9.8617, 11.8185)","(3.3842, -0.318)","(-11.7594, -3.191)","(8.9332, 4.3841)","(7.1603, -2.6837)"
7.710000000000000853e+01,"(-1.3879, -3.0214)","(17.3021, -8.9644)","(2.4427, 3.0561)","(-4.5659, -16.3786)","(4.2887, -1.0316)","(16.5005, 19.3203)","(-25.6044, -5.7164)","(-3.2726, -0.9325)","(0.8169, -0.3019)","(0.4978, -4.7131)","(-17.7605, -4.9433)","(-1.3603, 2.3869)","(-6.7841, -0.1444)","(7.3888, 9.0598)","(5.3277, 6.5281)","(14.2309, 15.6433)","(3.8162, -1.41)","(-21.7851, -5.4135)","(3.8429, 0.1514)","(15.9314, -6.0289)"
7.720000000000000284e+01,"(-0.466, -2.2017)","(7.5564, -6.1064)","(4.4174, 5.3223)","(-3.9571, -4.8861)","(5.6761, -2.275)","(12.8619, 9.81)","(-13.5461, 0.7718)","(-8.4303, -2.4367)","(1.8585, -0.6903)","(-0.4098, -6.262)","(-25.7168, -5.2912)","(-3.087, 5.3067)","(-5.592, -0.718)","(13.4393, 15.8937)","(10.6235, 12.9404)","(10.9603, 8.8473)","(6.4515, -2.5853)","(-19.0187, -2.0648)","(3.3571, -1.0994)","(22.941, -10.1889)"
7.730000000000001137e+01,"(-0.3075, -3.6711)","(2.75, -2.6627)","(8.45, 10.2465)","(-2.9769, -1.4466)","(9.4178, -3.8531)","(5.7994, 1.422)","(-4.5403, 2.4728)","(-20.1673, -5.617)","(4.6453, -1.692)","(-0.7817, -10.0671)","(-11.7282, 1.5376)","(-7.105, 12.1874)","(-7.6099, -1.6206)","(14.0542, 13.3294)","(15.3724, 16.7693)","(5.3005, 2.9925)","(12.0932, -4.8022)","(-7.4342, 1.5539)","(5.3289, -2.131)","(10.0794, -8.1621)"
7.740000000000000568e+01,"(-0.4178, -7.495)","(1.7341, -1.1256)","(13.9075, 15.9748)","(-4.3348, -1.1539)","(15.4327, -6.4369)","(3.2442, -0.6418)","(-2.3939, 3.0497)","(-25.294, -4.5007)","(11.8706, -4.3108)","(-1.3536, -16.1663)","(-4.0258, 2.7329)","(-12.1806, 21.7301)","(-12.3828, -2.9335)","(7.4459, 4.1448)","(10.487, 7.5223)","(2.2214, 1.4859)","(18.962, -8.0759)","(-2.1786, 1.2412)","(9.9716, -3.9484)","(2.2832, -4.1151)"
7.750000000000000000e+01,"(-0.8456, -15.5814)","(2.795, -1.2143)","(12.6711, 11.2542)","(-7.6457, -1.9354)","(17.2478, -8.3852)","(4.2873, -1.6667)","(-3.0923, 4.9228)","(-9.8819, 2.4407)","(24.1452, -9.4914)","(-2.5469, -18.6488)","(-2.6478, 3.7015)","(-6.6352, 15.187)","(-17.9651, -3.9072)","(2.6677, 0.9696)","(4.4346, 1.799)","(1.9404, 2.0171)","(14.8634, -8.5183)","(-1.1126, 1.4193)","(17.4006, -7.1204)","(0.2404, -2.8147)"
7.760000000000000853e+01,"(-2.3097, -23.3809)","(5.6987, -2.2229)","(6.472, 3.6401)","(-14.205, -3.6082)","(9.8909, -6.6766)","(7.5644, -3.0221)","(-5.4585, 8.7039)","(-3.8182, 3.4316)","(15.9872, -10.2223)","(-3.2073, -11.8981)","(-3.694, 5.9516)","(-1.3158, 5.9657)","(-16.2884, -2.0933)","(0.6789, 0.2616)","(1.2774, 0.3405)","(3.3041, 3.9458)","(5.9169, -5.1623)","(-1.677, 2.5944)","(17.7728, -9.0144)","(-0.2435, -4.2088)"
7.770000000000000284e+01,"(-4.1976, -13.7394)","(12.1842, -4.6584)","(2.4144, 1.2408)","(-20.7175, -4.4626)","(4.6187, -3.6271)","(14.0133, -5.5989)","(-9.2257, 14.9827)","(-3.2524, 4.9567)","(3.5329, -6.2876)","(-2.0768, -6.0592)","(-6.4119, 10.3048)","(-0.0064, 2.9769)","(-9.2157, -0.0387)","(0.2936, 0.2682)","(0.2885, 0.0355)","(6.7155, 8.2677)","(2.328, -2.104)","(-3.4838, 5.3522)","(8.0026, -6.3232)","(-0.4806, -7.8258)"
7.780000000000001137e+01,"(-2.9214, -4.4569)","(21.0952, -8.7054)","(1.2561, 1.1079)","(-14.9954, -1.0231)","(3.5318, -2.0832)","(19.3982, -8.669)","(-9.2384, 17.5143)","(-4.7359, 7.7537)","(0.3496, -4.9059)","(-0.9814, -4.5462)","(-9.68, 16.1982)","(0.4077, 3.943)","(-5.2508, -0.1461)","(0.5183, 0.6285)","(0.1428, -0.035)","(12.9006, 15.4899)","(2.0144, -1.1182)","(-7.588, 11.6025)","(2.8907, -2.8164)","(-0.9281, -15.1596)"
7.790000000000000568e+01,"(-1.2054, -1.0628)","(15.2693, -9.1719)","(1.8327, 2.1356)","(-6.5148, 0.7349)","(5.2127, -2.3122)","(12.1906, -7.8318)","(-3.5099, 10.7053)","(-7.591, 12.4913)","(-0.4724, -6.6888)","(-0.6711, -6.2927)","(-7.6476, 15.8458)","(0.7805, 7.0345)","(-5.2001, -0.8584)","(1.1963, 1.5131)","(0.2767, -0.1007)","(14.8798, 14.7388)","(3.5886, -1.4924)","(-12.3271, 20.2251)","(1.7099, -1.1509)","(-2.251, -21.9644)"
7.800000000000000000e+01,"(-1.108, -0.3986)","(4.6398, -5.2129)","(3.7286, 4.605)","(-2.7164, 0.1864)","(9.4486, -3.8264)","(4.592, -4.2403)","(-1.1225, 4.8452)","(-9.1548, 16.3644)","(-0.846, -10.7501)","(-0.8164, -10.8968)","(-2.7019, 8.9266)","(1.4837, 13.5425)","(-8.0844, -1.87)","(3.0168, 3.8716)","(0.6811, -0.248)","(8.1863, 4.6606)","(7.4315, -2.8747)","(-6.1201, 15.5915)","(2.6691, -1.1743)","(-3.8654, -14.0715)"
7.810000000000000853e+01,"(-2.0722, -0.5608)","(0.9557, -1.9929)","(8.1985, 10.2283)","(-2.4956, -0.4032)","(16.3399, -6.7094)","(2.037, -1.6682)","(-1.1452, 2.8214)","(-5.5434, 12.9965)","(-1.4746, -16.7609)","(-1.4767, -17.855)","(-1.285, 4.3647)","(2.6399, 21.2372)","(-13.8921, -3.3842)","(7.8143, 10.0418)","(1.8097, -0.6485)","(3.0116, 0.9118)","(15.3074, -5.9291)","(-0.3054, 6.3066)","(5.4115, -2.1169)","(-2.7245, -5.2308)"
7.820000000000000284e+01,"(-4.5256, -1.2437)","(0.0772, -1.4166)","(15.2163, 17.9629)","(-4.4219, -1.094)","(17.9438, -8.8096)","(2.3138, -1.1471)","(-2.1659, 3.72)","(-2.3474, 7.3099)","(-2.6849, -18.0436)","(-2.9056, -18.669)","(-1.7278, 3.5289)","(3.1385, 16.219)","(-19.3597, -4.0586)","(16.7234, 20.3387)","(5.0257, -1.7823)","(0.8971, 0.0246)","(21.3936, -9.5725)","(0.64, 2.0851)","(11.6029, -4.4317)","(-0.9295, -1.7491)"
7.830000000000001137e+01,"(-10.5713, -2.9556)","(-0.1241, -2.4345)","(13.5937, 11.6075)","(-9.1399, -2.4383)","(9.0976, -6.6312)","(4.373, -1.7672)","(-4.362, 6.8913)","(-1.9297, 4.6997)","(-3.1098, -11.0298)","(-3.2791, -10.1387)","(-3.2295, 5.3592)","(2.0932, 6.8085)","(-14.9234, -1.3194)","(14.6432, 11.8466)","(13.7812, -4.9195)","(0.7977, -0.2571)","(10.7948, -7.9341)","(1.2569, 1.7067)","(20.7331, -8.458)","(-0.2563, -1.2414)"
7.840000000000000568e+01,"(-21.8056, -5.7045)","(-0.2521, -5.1329)","(6.3377, 2.4337)","(-18.1492, -4.7085)","(3.634, -3.2314)","(9.1687, -3.5277)","(-8.4948, 13.3515)","(-2.9828, 5.3832)","(-1.9074, -5.8246)","(-1.7922, -4.6744)","(-6.2285, 9.8726)","(0.7928, 2.4437)","(-7.412, 0.3273)","(7.1394, 1.2562)","(26.9306, -10.794)","(1.5615, -0.5895)","(2.9938, -3.8591)","(2.418, 2.959)","(16.1988, -9.3654)","(-0.1674, -2.2783)"
7.850000000000000000e+01,"(-21.2271, -2.7598)","(-0.5194, -11.6135)","(2.462, -0.0052)","(-22.0584, -3.9726)","(2.3884, -1.5234)","(17.9216, -7.0723)","(-11.0401, 19.26)","(-5.2771, 8.6544)","(-0.9357, -4.8256)","(-0.7453, -3.5717)","(-10.2049, 16.7218)","(0.2976, 1.5797)","(-4.0563, -0.0986)","(5.064, -1.3396)","(12.5325, -9.9908)","(3.6184, -1.3428)","(0.5523, -1.3627)","(5.0254, 6.2252)","(5.0635, -5.4943)","(-0.2414, -4.9848)"
7.860000000000000853e+01,"(-8.0644, 2.0231)","(-1.4513, -22.6324)","(2.373, -0.8062)","(-10.846, 0.7891)","(3.6239, -1.6029)","(19.764, -9.745)","(-4.6402, 13.0353)","(-8.6566, 14.2283)","(-0.7001, -6.9626)","(-0.5133, -5.4079)","(-8.2111, 16.8627)","(0.3232, 2.7227)","(-4.4546, -0.817)","(6.6196, -2.706)","(2.3574, -6.8375)","(8.9308, -3.2688)","(0.0222, -1.1793)","(10.5699, 13.0216)","(1.0721, -2.1356)","(-0.4941, -11.5342)"
7.870000000000000284e+01,"(-2.6988, 2.1461)","(-3.9675, -19.8112)","(4.1492, -1.625)","(-3.564, 1.207)","(7.0395, -2.7896)","(7.8151, -6.804)","(-0.7191, 5.4132)","(-9.0284, 16.9067)","(-0.9053, -11.988)","(-0.6655, -10.0791)","(-2.3233, 8.8835)","(0.6053, 5.7813)","(-7.5587, -1.8347)","(10.432, -4.3528)","(-0.117, -6.8883)","(20.0238, -7.5919)","(-0.1099, -2.1928)","(15.9986, 17.656)","(0.0978, -1.4259)","(-1.4236, -22.9254)"
7.880000000000001137e+01,"(-2.1345, 3.1176)","(-4.1068, -6.7174)","(8.5146, -3.2775)","(-0.9383, 0.678)","(14.0088, -5.4827)","(2.0108, -2.9116)","(-0.2271, 1.7575)","(-4.1213, 11.2684)","(-1.6792, -18.5961)","(-1.2962, -18.0112)","(-0.7113, 3.6265)","(1.3171, 12.8864)","(-13.9326, -3.5168)","(15.6126, -6.7302)","(-0.835, -9.2949)","(21.5457, -10.8477)","(-0.2192, -4.8403)","(10.7419, 7.4401)","(-0.1206, -2.3982)","(-4.0381, -20.0352)"
7.890000000000000568e+01,"(-3.393, 5.3906)","(-2.3862, -1.7514)","(16.9057, -6.6281)","(-0.685, 0.9576)","(20.5954, -9.016)","(0.3225, -1.0677)","(-0.4601, 1.0163)","(-1.63, 5.7023)","(-3.085, -17.3696)","(-2.9108, -20.2971)","(-0.8952, 2.118)","(2.7038, 23.4076)","(-20.491, -4.445)","(15.6557, -7.9619)","(-1.2829, -13.3676)","(6.2113, -7.2483)","(-0.4694, -11.3635)","(4.469, 1.3979)","(-0.2494, -5.0103)","(-4.2437, -6.6197)"
7.900000000000000000e+01,"(-6.4348, 10.1355)","(-2.818, -0.8769)","(20.4649, -9.6989)","(-1.2608, 1.9299)","(12.4133, -8.1894)","(-0.0171, -1.2181)","(-1.0803, 1.736)","(-1.6503, 3.8022)","(-3.0608, -9.0055)","(-3.6236, -10.4209)","(-1.8413, 3.0781)","(3.5103, 17.785)","(-15.2871, -1.1739)","(9.1404, -6.1062)","(-2.0199, -16.6395)","(1.0538, -4.2506)","(-1.3821, -23.0151)","(1.6726, -0.0896)","(-0.5081, -11.2941)","(-2.675, -1.7681)"
7.910000000000000853e+01,"(-10.4294, 17.1178)","(-4.9176, -1.2663)","(8.8942, -7.2156)","(-2.8817, 4.3503)","(4.0115, -4.283)","(-0.1196, -2.4087)","(-2.4802, 3.7768)","(-2.877, 4.9723)","(-1.558, -4.4505)","(-1.9556, -3.9735)","(-3.8933, 6.0617)","(2.4763, 6.4191)","(-6.7991, 0.683)","(5.0893, -3.5559)","(-2.7434, -14.2002)","(-0.1854, -4.9233)","(-4.0602, -20.3892)","(1.8473, -0.6509)","(-1.3951, -22.2363)","(-3.3917, -0.9998)"
7.920000000000000284e+01,"(-7.9398, 16.6635)","(-9.7021, -2.5511)","(2.4039, -3.2374)","(-6.8637, 10.3008)","(1.1235, -1.395)","(-0.2354, -5.4793)","(-5.8854, 8.8443)","(-5.4148, 8.6883)","(-0.7034, -4.0219)","(-0.6296, -2.0277)","(-8.1205, 12.5553)","(1.3566, 2.1737)","(-2.9267, 0.1701)","(4.7844, -2.5519)","(-2.3999, -9.2083)","(-0.5795, -7.8591)","(-4.3698, -6.6545)","(3.4811, -1.3442)","(-3.8717, -20.3086)","(-5.865, -1.4927)"
7.930000000000001137e+01,"(-2.0737, 8.4905)","(-18.2544, -4.6202)","(0.4321, -1.0767)","(-12.9683, 20.511)","(0.5002, -0.3837)","(-0.5304, -12.9716)","(-12.0081, 18.6519)","(-9.2714, 15.0419)","(-0.5603, -6.4173)","(-0.3028, -2.7904)","(-11.8721, 20.0316)","(1.7685, 2.0334)","(-2.7195, -0.4411)","(7.1854, -3.1416)","(-1.5131, -6.9419)","(-0.9918, -13.6279)","(-2.9082, -1.8157)","(7.5787, -2.8678)","(-4.1472, -7.0412)","(-11.2548, -2.9176)"
7.940000000000000568e+01,"(-0.6046, 3.3475)","(-20.9787, -3.5881)","(0.0173, -0.9312)","(-7.4831, 17.7063)","(0.8807, -0.376)","(-1.6851, -24.688)","(-9.6148, 19.7811)","(-9.2916, 17.6138)","(-0.7931, -11.8629)","(-0.3338, -5.5019)","(-5.2274, 14.2284)","(3.2097, 3.5371)","(-4.7664, -1.1734)","(12.1236, -5.0238)","(-1.0716, -7.9129)","(-1.9869, -19.5864)","(-3.7895, -1.088)","(16.2336, -6.2143)","(-2.3747, -1.8364)","(-19.4719, -4.7038)"
7.950000000000000000e+01,"(-0.7894, 1.8887)","(-10.5258, 0.6213)","(-0.0852, -1.778)","(0.0597, 7.1876)","(1.9829, -0.7522)","(-4.4696, -17.7234)","(-0.6791, 8.5951)","(-3.4601, 10.6825)","(-1.6185, -19.5348)","(-0.5973, -11.7363)","(-0.4135, 5.7235)","(6.4913, 7.1948)","(-9.7173, -2.5766)","(17.2957, -7.6196)","(-1.1293, -11.4373)","(-3.3247, -15.4387)","(-6.4857, -1.6372)","(22.1335, -10.0266)","(-2.6799, -0.8593)","(-18.9114, -2.6095)"
7.960000000000000853e+01,"(-1.6649, 2.7739)","(-3.6715, 0.9029)","(-0.1733, -4.0165)","(1.5275, 3.1545)","(4.8181, -1.7708)","(-4.1641, -5.3698)","(1.2236, 3.3524)","(-1.0629, 4.7646)","(-3.2753, -18.1089)","(-1.5123, -21.7092)","(0.2769, 1.6771)","(12.639, 13.8925)","(-18.7081, -4.7792)","(14.0898, -7.8945)","(-1.6587, -16.0294)","(-2.7511, -7.4013)","(-12.1612, -3.1156)","(9.7233, -7.8546)","(-4.6521, -1.2008)","(-8.9338, 0.7228)"
7.970000000000000284e+01,"(-3.5737, 5.5446)","(-1.0526, 0.2332)","(-0.3728, -9.7159)","(2.7948, 3.4782)","(11.9924, -4.3864)","(-3.0941, -1.5687)","(2.3413, 3.051)","(-1.0721, 2.6917)","(-3.2686, -8.4394)","(-3.7515, -19.2955)","(0.498, 0.8076)","(15.3849, 15.6588)","(-21.2884, -3.5784)","(6.9468, -5.1808)","(-2.5748, -16.3411)","(-1.2495, -3.9085)","(-19.835, -4.6251)","(2.3265, -3.7832)","(-9.1917, -2.4204)","(-3.2672, 0.5787)"
7.980000000000001137e+01,"(-7.6657, 11.7775)","(-0.6766, -0.0847)","(-1.0788, -21.4069)","(4.9063, 5.8694)","(23.7408, -9.408)","(-4.407, -1.1818)","(4.118, 4.9341)","(-2.0492, 3.5239)","(-1.5154, -3.4359)","(-3.7853, -7.1357)","(1.0286, 1.2872)","(8.3993, 6.702)","(-10.1865, 0.8462)","(3.9553, -2.7423)","(-2.7648, -11.025)","(-0.6077, -4.2062)","(-17.6068, -2.0942)","(0.2996, -2.1345)","(-17.6404, -4.5135)","(-1.5865, -0.0456)"
7.990000000000000568e+01,"(-12.1194, 20.0256)","(-1.3064, -0.3337)","(-3.6642, -23.347)","(9.0018, 10.8045)","(15.7879, -10.0435)","(-7.6531, -1.9261)","(7.6675, 9.2565)","(-4.1619, 6.5654)","(-0.5357, -2.5082)","(-1.7915, -1.8911)","(2.2363, 2.7986)","(3.178, 1.9989)","(-3.3528, 1.0515)","(4.4245, -2.1946)","(-1.8538, -7.0829)","(-0.5612, -7.1628)","(-8.2208, 0.6783)","(-0.1487, -3.0874)","(-21.5054, -3.914)","(-2.2751, -0.5052)"
8.000000000000000000e+01,"(-5.9813, 15.292)","(-2.9946, -0.8323)","(-4.8236, -8.0672)","(13.8226, 15.5536)","(3.615, -6.0228)","(-14.0488, -3.5499)","(12.998, 15.1161)","(-8.2534, 12.9176)","(-0.3538, -4.0655)","(-1.2297, -0.5423)","(5.2657, 6.672)","(0.8819, 0.4512)","(-0.8155, 0.4479)","(7.384, -3.0987)","(-1.1284, -6.7054)","(-0.8785, -13.3879)","(-3.2369, 0.3861)","(-0.3385, -5.889)","(-11.2253, 0.4885)","(-4.6365, -1.2276)"
8.010000000000000853e+01,"(-0.4222, 6.2323)","(-7.3847, -2.1059)","(-3.435, -2.247)","(11.8706, 10.269)","(0.4131, -4.3711)","(-20.464, -4.4107)","(13.3308, 12.6524)","(-11.2671, 19.3783)","(-0.4723, -8.1218)","(-2.0846, -0.5702)","(12.0123, 14.9991)","(0.4402, 0.1299)","(-0.3442, 0.4169)","(13.1468, -5.3419)","(-0.9788, -9.2665)","(-1.9066, -20.6614)","(-2.1919, -0.2332)","(-0.648, -12.2462)","(-3.9458, 0.9858)","(-10.306, -2.8287)"
8.020000000000000284e+01,"(0.4527, 1.936)","(-17.6304, -4.9266)","(-4.3054, -1.2517)","(6.1064, 3.6266)","(-0.3888, -5.9675)","(-15.1228, -1.1262)","(7.4521, 4.6636)","(-5.0064, 13.6003)","(-0.9476, -16.3238)","(-4.3181, -1.1675)","(17.178, 18.3422)","(0.7923, 0.174)","(-0.5592, 0.8425)","(18.4698, -8.1964)","(-1.2922, -14.0734)","(-3.5449, -16.1972)","(-3.5281, -0.8301)","(-1.6207, -21.7621)","(-1.0773, 0.3059)","(-20.6816, -5.3595)"
8.030000000000001137e+01,"(0.8779, 1.2704)","(-25.9607, -5.4071)","(-7.0557, -1.7493)","(2.5843, 1.6568)","(-0.7355, -9.8748)","(-6.7377, 0.6658)","(3.0591, 1.6943)","(-0.7156, 5.6657)","(-2.4892, -22.804)","(-9.7551, -2.6979)","(9.7559, 5.155)","(1.8053, 0.3941)","(-1.2852, 1.9314)","(13.1085, -7.8796)","(-2.1437, -17.6286)","(-2.9803, -6.9208)","(-7.1629, -1.8965)","(-3.7688, -18.4116)","(-0.4479, -0.016)","(-21.2916, -3.0779)"
8.040000000000000568e+01,"(1.737, 2.1426)","(-11.8732, 1.5548)","(-12.5914, -3.151)","(1.9991, 2.0)","(-1.3079, -16.3373)","(-2.9541, 0.1467)","(1.6722, 1.4681)","(-0.1303, 1.7608)","(-4.0918, -12.7376)","(-20.2413, -5.3298)","(4.339, 0.2151)","(4.5065, 0.9989)","(-3.2398, 4.8051)","(5.6163, -4.6496)","(-2.9501, -13.9052)","(-1.2119, -2.8259)","(-14.9575, -3.9869)","(-3.586, -6.8822)","(-0.7861, -0.1929)","(-8.6957, 1.5872)"
8.050000000000000000e+01,"(3.6818, 4.5824)","(-4.1145, 2.8408)","(-19.3502, -4.3549)","(3.2177, 3.8011)","(-2.5715, -19.1639)","(-2.8244, -0.4697)","(2.3239, 2.6757)","(-0.2619, 0.7194)","(-2.6396, -4.2247)","(-22.2066, -3.4874)","(3.7175, -1.2056)","(11.5899, 2.5782)","(-8.1421, 12.0963)","(2.9325, -2.1517)","(-2.3809, -8.1732)","(-0.4356, -2.4179)","(-23.0103, -5.079)","(-1.5704, -1.877)","(-1.7952, -0.4972)","(-2.6691, 1.5838)"
8.060000000000000853e+01,"(8.2328, 10.3036)","(-2.7502, 3.8703)","(-16.7251, -1.9194)","(6.3979, 7.8456)","(-3.3153, -11.8881)","(-4.9669, -1.2252)","(4.5405, 5.5607)","(-0.6702, 1.0991)","(-0.9093, -1.0497)","(-9.1926, 1.6226)","(5.7258, -2.306)","(24.7659, 5.2182)","(-14.2556, 22.9972)","(3.4426, -1.6806)","(-1.3434, -5.9598)","(-0.3269, -4.2141)","(-14.5299, -0.2937)","(-0.7095, -0.4246)","(-4.462, -1.2769)","(-1.4763, 1.9333)"
8.070000000000000284e+01,"(15.4211, 18.2332)","(-3.8206, 6.173)","(-8.2527, 0.4349)","(12.3254, 14.8345)","(-2.1005, -5.6984)","(-10.0913, -2.6714)","(9.4518, 11.6437)","(-1.564, 2.3841)","(-0.3401, -0.2159)","(-2.8878, 1.7898)","(10.375, -4.1504)","(20.114, 2.4332)","(-4.8544, 15.3111)","(6.1702, -2.5286)","(-0.9104, -7.175)","(-0.4756, -8.6483)","(-5.1976, 1.4312)","(-1.0491, -0.3093)","(-11.4332, -3.2925)","(-2.1902, 3.4227)"
8.080000000000001137e+01,"(13.6112, 11.4929)","(-6.5416, 10.552)","(-3.8357, 0.153)","(15.0215, 15.2789)","(-0.9232, -3.991)","(-19.1051, -4.837)","(15.47, 17.5909)","(-3.8152, 5.7024)","(-0.4918, -0.1495)","(-1.7018, 2.2782)","(17.3336, -7.1995)","(7.5919, -0.9404)","(1.1691, 6.1949)","(11.9645, -4.7223)","(-0.9922, -11.1256)","(-1.0124, -17.4311)","(-1.4108, 0.865)","(-2.1958, -0.6006)","(-24.4335, -6.4444)","(-4.3778, 6.7885)"
8.090000000000000568e+01,"(6.302, 2.2622)","(-9.6182, 16.2136)","(-3.4047, -0.5145)","(8.7023, 5.3207)","(-0.5911, -5.5271)","(-20.8181, -3.3249)","(11.9183, 9.3137)","(-9.0753, 13.6326)","(-1.0844, -0.3026)","(-2.523, 3.9673)","(16.979, -8.7605)","(4.6839, -1.7036)","(2.756, 4.0632)","(19.3191, -8.1494)","(-1.5707, -16.6704)","(-2.7371, -22.8301)","(-0.786, 1.0337)","(-5.1465, -1.4463)","(-20.1406, -1.6895)","(-8.8001, 13.7008)"
8.100000000000000000e+01,"(2.6275, -0.1349)","(-7.385, 15.4878)","(-5.6054, -1.337)","(3.3262, 1.1756)","(-0.7041, -9.8617)","(-9.7426, 0.9038)","(5.2906, 2.0897)","(-13.5717, 22.7953)","(-2.6623, -0.7602)","(-4.9311, 7.6911)","(7.8833, -6.0987)","(6.0557, -2.7563)","(4.5222, 5.3447)","(15.1803, -8.7011)","(-2.6835, -17.3465)","(-4.1535, -11.4684)","(-1.2976, 1.9924)","(-12.4915, -3.5319)","(-7.0198, 2.9706)","(-11.4488, 19.9632)"
8.110000000000000853e+01,"(2.8082, -0.9987)","(-2.6868, 8.7574)","(-10.8292, -2.8023)","(0.8857, 0.1831)","(-1.282, -17.2363)","(-3.1895, 0.982)","(1.7077, 0.1964)","(-3.5462, 13.3666)","(-6.9347, -2.0127)","(-9.371, 14.7829)","(3.1927, -2.8162)","(9.6082, -4.4346)","(7.4421, 8.736)","(5.7524, -5.2239)","(-2.9733, -10.8416)","(-2.485, -3.5882)","(-2.847, 4.3276)","(-24.4699, -6.1959)","(-3.2375, 3.7007)","(-4.2195, 12.7937)"
8.120000000000000284e+01,"(4.9325, -1.9433)","(-1.3958, 4.4513)","(-19.1807, -4.694)","(0.2737, -0.0283)","(-2.7475, -20.0344)","(-0.7657, 0.3706)","(1.1162, -0.3091)","(1.0422, 5.2413)","(-17.4549, -4.9676)","(-10.5819, 19.2662)","(2.3923, -1.4244)","(14.9644, -6.9804)","(11.6035, 13.2625)","(1.9945, -2.0153)","(-1.852, -6.168)","(-0.9514, -0.8238)","(-6.6181, 9.9804)","(-18.3027, -1.1151)","(-3.4878, 5.5617)","(-0.333, 4.9987)"
8.130000000000001137e+01,"(9.9332, -3.8504)","(-1.9183, 3.8251)","(-19.4855, -2.8683)","(0.3758, -0.1323)","(-3.5287, -11.16)","(-0.2278, 0.2354)","(1.9364, -0.7366)","(2.339, 3.4315)","(-27.1311, -5.8459)","(-3.4593, 11.4336)","(3.8847, -1.6721)","(16.3491, -8.1928)","(12.6307, 12.5189)","(1.3831, -0.8487)","(-0.9869, -5.4974)","(-0.8851, -0.3151)","(-12.5161, 19.7848)","(-6.3496, 2.5319)","(-5.4738, 8.9392)","(0.1466, 1.3939)"
8.140000000000000568e+01,"(18.3426, -7.3737)","(-3.5405, 5.864)","(-9.3381, 0.7063)","(0.8497, -0.314)","(-2.0395, -4.6458)","(-0.3092, 0.4571)","(4.2083, -1.5869)","(3.9775, 4.7434)","(-12.15, 1.841)","(-0.4308, 4.444)","(7.6759, -3.0193)","(10.2023, -5.9238)","(8.3696, 6.3378)","(2.4426, -1.0278)","(-0.7946, -7.9136)","(-1.7033, -0.4647)","(-8.0053, 18.0692)","(-2.6696, 2.8957)","(-8.4958, 14.1164)","(0.2076, 0.4385)"
8.150000000000000000e+01,"(18.4323, -9.4463)","(-6.6803, 10.6371)","(-3.3619, 0.6583)","(2.1466, -0.7791)","(-0.7451, -2.7449)","(-0.7036, 1.0548)","(9.8472, -3.6584)","(6.9221, 8.2418)","(-4.4951, 3.5015)","(-0.1434, 1.3343)","(15.1461, -5.9468)","(5.4353, -3.3294)","(4.5284, 3.2907)","(5.1855, -1.9937)","(-1.0542, -13.0924)","(-3.8122, -1.0569)","(-0.304, 7.5104)","(-2.8711, 4.4957)","(-8.6069, 16.2837)","(0.4435, 0.5728)"
8.160000000000000853e+01,"(7.259, -6.3431)","(-10.2791, 17.1232)","(-1.4176, 0.0229)","(5.7326, -2.0534)","(-0.4083, -3.8311)","(-1.7937, 2.6536)","(20.4503, -7.9395)","(11.6171, 13.5462)","(-3.3278, 4.8894)","(-0.3482, 0.7581)","(20.5663, -9.2895)","(4.4377, -2.3693)","(3.4777, 3.344)","(11.5547, -4.3613)","(-1.9103, -18.6128)","(-9.1666, -2.5909)","(1.1679, 2.9247)","(-4.7849, 7.6765)","(-4.2062, 11.1218)","(0.9926, 1.2495)"
8.170000000000000284e+01,"(2.0568, -2.6036)","(-7.387, 15.8927)","(-1.8581, -0.3948)","(15.027, -5.431)","(-0.4678, -7.2972)","(-4.7683, 7.005)","(19.5794, -10.3453)","(13.4539, 13.609)","(-4.5309, 7.447)","(-0.8489, 1.3512)","(10.9193, -7.7579)","(6.3437, -3.0182)","(4.7687, 5.4148)","(21.3573, -8.6219)","(-3.1163, -15.7272)","(-20.3388, -5.5045)","(2.222, 2.8572)","(-8.2946, 13.3812)","(-1.9402, 6.0519)","(2.414, 3.0803)"
8.180000000000001137e+01,"(0.5036, -0.6882)","(-2.0978, 8.183)","(-3.7698, -0.9947)","(26.3769, -10.9673)","(-0.8511, -14.5488)","(-11.5438, 17.2992)","(5.7677, -6.5945)","(8.7342, 6.3636)","(-7.1386, 11.7872)","(-1.9923, 3.0174)","(3.3855, -3.81)","(10.8471, -4.9886)","(8.136, 9.6267)","(16.4118, -9.593)","(-2.7499, -8.3168)","(-23.578, -3.9028)","(3.9908, 4.8038)","(-9.8505, 17.6664)","(-2.0503, 4.4782)","(6.1707, 7.9232)"
8.190000000000000568e+01,"(0.2234, -0.1652)","(-0.8417, 3.5122)","(-8.4866, -2.3429)","(10.9385, -9.3861)","(-2.1097, -22.2909)","(-12.5607, 23.2414)","(1.032, -3.3804)","(4.2063, 2.6791)","(-9.0131, 15.8944)","(-4.8807, 7.2862)","(0.9076, -1.1695)","(16.7254, -7.832)","(12.7184, 14.4748)","(4.7459, -5.6082)","(-1.4004, -4.8122)","(-9.4231, 2.0103)","(7.6319, 9.267)","(-4.7759, 12.4954)","(-3.4345, 5.929)","(14.3269, 17.8623)"
8.200000000000000000e+01,"(0.4542, -0.186)","(-1.2047, 2.5425)","(-18.33, -4.9268)","(2.059, -6.1023)","(-3.9233, -14.9637)","(-0.6535, 10.4164)","(-0.0773, -3.6796)","(2.5978, 2.3163)","(-6.1339, 13.6174)","(-10.9761, 16.6884)","(0.3858, -0.3015)","(15.653, -8.1362)","(12.4754, 11.694)","(0.8703, -2.4885)","(-0.7511, -5.1593)","(-3.2445, 2.5147)","(13.2288, 15.4623)","(-1.4929, 6.0209)","(-6.1408, 9.9656)","(16.8786, 16.3719)"
8.210000000000000853e+01,"(1.0807, -0.4026)","(-2.4163, 3.9739)","(-23.7237, -4.4796)","(-0.1109, -6.2148)","(-2.9388, -5.4394)","(2.35, 5.0347)","(-0.4081, -6.1304)","(3.3971, 3.8396)","(-2.7417, 8.0747)","(-11.9211, 22.0232)","(0.6973, -0.2956)","(8.2409, -5.0864)","(7.2817, 4.947)","(-0.0143, -2.5201)","(-0.7047, -8.3497)","(-2.4615, 3.5821)","(13.5317, 12.7775)","(-1.1902, 3.2403)","(-9.4483, 15.7657)","(8.4857, 2.8121)"
8.220000000000000284e+01,"(2.7481, -0.9971)","(-5.0018, 7.7989)","(-10.9595, 1.2345)","(-0.7413, -8.7589)","(-1.0475, -1.5988)","(4.0851, 5.0361)","(-0.7229, -11.5489)","(6.131, 7.3742)","(-2.078, 5.1583)","(-1.4367, 10.4095)","(1.597, -0.6028)","(4.1532, -2.5911)","(3.5396, 2.446)","(-0.2622, -4.3982)","(-1.0795, -14.5274)","(-3.7198, 5.9636)","(7.3641, 4.4)","(-2.0867, 3.7282)","(-7.9581, 16.0892)","(4.852, -0.7619)"
8.230000000000001137e+01,"(7.3125, -2.623)","(-9.615, 15.1429)","(-3.5093, 1.8656)","(-1.1778, -13.3471)","(-0.2269, -0.6007)","(6.3337, 7.3367)","(-1.5435, -19.6249)","(11.2711, 13.4586)","(-3.0116, 5.5594)","(1.3765, 4.1802)","(3.9365, -1.4409)","(3.7872, -1.9669)","(2.7762, 2.7363)","(-0.4833, -8.921)","(-2.1734, -19.8793)","(-6.7044, 10.6895)","(2.8371, 1.3947)","(-4.0934, 6.5501)","(-2.9999, 9.4182)","(5.6673, -2.2092)"
8.240000000000000568e+01,"(18.3224, -6.7197)","(-10.5737, 19.4176)","(-1.7277, 2.15)","(-1.9904, -17.4856)","(-0.0868, -0.9194)","(9.8062, 11.2634)","(-3.2865, -18.7077)","(14.5286, 15.2476)","(-5.1686, 8.5736)","(2.6641, 3.5257)","(10.0646, -3.6516)","(6.0445, -2.822)","(4.1508, 4.8169)","(-1.0547, -17.7394)","(-3.407, -14.3229)","(-10.1118, 16.9202)","(1.2504, 0.9987)","(-7.8955, 12.4526)","(-1.3923, 4.6884)","(8.8099, -3.6542)"
8.250000000000000000e+01,"(24.9644, -11.4429)","(-3.1567, 11.1071)","(-2.3391, 3.664)","(-2.902, -14.7544)","(-0.1001, -2.0307)","(12.407, 13.1731)","(-3.3998, -8.5369)","(9.5106, 6.7612)","(-8.3421, 13.7876)","(4.51, 5.3554)","(22.1836, -8.4774)","(11.0687, -5.0338)","(7.6428, 9.2072)","(-2.8116, -22.525)","(-2.5653, -6.6549)","(-7.3128, 15.6978)","(1.6096, 1.8356)","(-10.9165, 18.7113)","(-1.7757, 3.6881)","(14.1632, -5.9354)"
8.260000000000000853e+01,"(7.5745, -8.3993)","(-0.275, 4.1805)","(-4.4652, 6.9836)","(-2.5258, -8.789)","(-0.1881, -4.9007)","(10.1473, 8.8073)","(-1.5752, -3.2138)","(4.1303, 2.1024)","(-8.9349, 16.5962)","(7.9634, 9.4954)","(19.5151, -10.8015)","(17.7835, -8.2738)","(13.0001, 15.1325)","(-4.1019, -11.0991)","(-1.1081, -3.6776)","(-2.2276, 8.2599)","(3.189, 3.9207)","(-5.5193, 14.0019)","(-3.2566, 5.4454)","(17.0608, -8.0295)"
8.270000000000000284e+01,"(1.2729, -5.6109)","(-0.002, 1.138)","(-8.6587, 13.5928)","(-1.4565, -6.0499)","(-0.4429, -12.2109)","(6.1675, 4.6591)","(-0.4963, -1.9513)","(1.6195, 1.1007)","(-4.4738, 11.6187)","(12.7293, 14.5799)","(4.7841, -6.9108)","(15.9035, -8.3716)","(13.3839, 12.7209)","(-2.3815, -3.4883)","(-0.5657, -4.3024)","(-0.9954, 3.7381)","(7.0286, 8.7853)","(-1.104, 6.2207)","(-6.1963, 9.8629)","(11.2927, -7.0256)"
8.280000000000001137e+01,"(-0.299, -6.4295)","(-0.074, 0.3109)","(-11.0445, 19.3698)","(-0.9363, -6.8537)","(-1.5021, -25.003)","(4.252, 3.7978)","(-0.2815, -3.061)","(1.577, 1.698)","(-1.9057, 6.1958)","(12.7099, 11.995)","(0.6579, -4.7592)","(7.4517, -4.8369)","(7.476, 4.6638)","(-0.8462, -0.8023)","(-0.5616, -7.5375)","(-1.4272, 2.9256)","(14.0263, 16.9335)","(-0.4427, 2.2921)","(-10.0518, 16.5174)","(5.6781, -4.2123)"
8.290000000000000568e+01,"(-0.7999, -9.4412)","(-0.2421, 0.4041)","(-4.4146, 12.776)","(-0.9574, -10.4465)","(-4.5538, -19.0734)","(4.8624, 5.265)","(-0.3524, -6.2203)","(2.8804, 3.4886)","(-1.877, 4.2752)","(7.384, 4.9516)","(-0.3716, -6.1088)","(3.1837, -2.1292)","(3.0478, 1.6642)","(-0.6352, -0.2514)","(-0.9224, -14.1535)","(-2.7928, 4.5914)","(15.0177, 14.2015)","(-0.7925, 1.6335)","(-8.1972, 16.7514)","(4.1796, -2.5096)"
8.300000000000000000e+01,"(-1.2811, -14.4865)","(-0.5983, 0.9068)","(-0.6289, 5.2163)","(-1.4567, -15.9858)","(-4.69, -5.6513)","(7.4977, 8.6764)","(-0.6758, -13.3196)","(6.1463, 7.6432)","(-3.1395, 5.4695)","(3.4588, 2.2925)","(-0.759, -9.6833)","(2.5451, -1.355)","(1.621, 1.4071)","(-1.2049, -0.3337)","(-2.0589, -21.0702)","(-5.6384, 8.8368)","(7.5461, 3.4347)","(-1.7286, 2.7824)","(-2.4664, 9.0135)","(5.6816, -2.596)"
8.310000000000000853e+01,"(-2.2164, -17.8481)","(-1.518, 2.2518)","(-0.1726, 1.6327)","(-2.5317, -17.8143)","(-3.989, -1.8079)","(11.4685, 13.0469)","(-1.8169, -23.0141)","(12.5767, 15.3337)","(-5.7071, 9.2417)","(2.5374, 2.4531)","(-1.2932, -15.6255)","(4.232, -1.9664)","(2.2306, 2.5646)","(-2.7137, -0.755)","(-3.6479, -15.2197)","(-10.1229, 16.2063)","(2.9094, 0.2057)","(-3.8242, 5.8644)","(-0.8364, 3.8258)","(9.7235, -4.0203)"
8.320000000000000284e+01,"(-3.0023, -13.5096)","(-4.0254, 5.9163)","(-0.3673, 0.8496)","(-3.0398, -11.7652)","(-5.667, -1.4554)","(12.4864, 12.4012)","(-4.0681, -16.9373)","(15.729, 16.0575)","(-9.2572, 15.236)","(3.7493, 4.3455)","(-2.4307, -18.7569)","(8.4003, -3.7741)","(4.3635, 5.3462)","(-6.6491, -1.8938)","(-2.8314, -6.2565)","(-9.4181, 18.3075)","(2.3296, -0.7228)","(-8.35, 12.7725)","(-1.0617, 2.4158)","(15.9226, -6.6632)"
8.330000000000001137e+01,"(-2.3199, -7.7451)","(-10.1318, 15.0597)","(-0.8903, 1.4335)","(-2.021, -6.566)","(-9.3614, -2.2875)","(8.4379, 6.5078)","(-3.4836, -5.7692)","(8.7683, 4.8806)","(-8.6658, 16.8376)","(7.0054, 8.475)","(-3.2114, -12.5532)","(16.1714, -7.3039)","(9.1556, 11.3025)","(-16.1141, -4.5358)","(-1.0821, -2.537)","(-2.5415, 9.804)","(3.8577, -1.5115)","(-12.4632, 20.9162)","(-2.1269, 3.5497)","(17.0724, -8.453)"
8.340000000000000568e+01,"(-1.2693, -5.7176)","(-14.0722, 24.1697)","(-2.0647, 3.1398)","(-1.0599, -5.4022)","(-15.6098, -3.7418)","(4.715, 3.509)","(-1.6041, -1.4421)","(3.3588, 0.6691)","(-3.3616, 10.2143)","(12.5187, 14.7875)","(-2.1925, -6.4328)","(19.7847, -9.7227)","(15.3972, 17.6622)","(-26.2437, -5.9009)","(-0.3889, -2.3038)","(-0.3904, 3.6849)","(7.7434, -2.9953)","(-4.836, 14.1282)","(-4.4159, 6.8982)","(9.3073, -6.4789)"
8.350000000000000000e+01,"(-0.8672, -7.0993)","(-1.948, 12.1645)","(-4.9903, 7.4711)","(-0.7947, -7.4452)","(-19.1263, -3.5886)","(3.7114, 3.5874)","(-1.4701, -0.5339)","(1.7724, -0.378)","(-1.3158, 4.8909)","(14.0868, 13.9281)","(-1.048, -4.624)","(9.901, -6.2702)","(12.2843, 9.8283)","(-13.4364, 1.0087)","(-0.3056, -4.1327)","(-0.2982, 1.2726)","(15.5728, -6.073)","(0.0408, 5.4567)","(-8.8188, 13.7702)","(4.2999, -3.4102)"
8.360000000000000853e+01,"(-0.9713, -11.2352)","(2.0424, 5.4619)","(-11.0191, 16.8181)","(-0.9945, -12.2675)","(-12.7398, -0.6369)","(5.0478, 5.7139)","(-2.6478, -0.7081)","(2.6184, -0.9982)","(-1.5022, 3.3519)","(8.1727, 5.2029)","(-0.6903, -6.1711)","(3.3874, -2.6646)","(5.5286, 2.2035)","(-4.5972, 2.8107)","(-0.459, -8.6113)","(-0.7005, 1.2685)","(20.9528, -9.5087)","(0.829, 1.9858)","(-11.3094, 19.806)","(3.4046, -1.9742)"
8.370000000000000284e+01,"(-1.5812, -16.9904)","(3.7684, 4.8322)","(-11.6244, 21.6746)","(-1.7536, -18.1527)","(-6.2791, 0.2511)","(8.4327, 9.9214)","(-5.5839, -1.5146)","(5.1995, -2.0055)","(-2.7649, 4.6861)","(3.2829, 1.609)","(-0.808, -10.5536)","(0.9515, -0.7668)","(1.8308, 0.1865)","(-2.7343, 3.6773)","(-0.9982, -17.5717)","(-1.586, 2.4752)","(10.4385, -7.7255)","(1.6121, 2.0731)","(-4.1903, 12.6773)","(5.1801, -2.2714)"
8.380000000000001137e+01,"(-2.7478, -17.4353)","(5.8526, 6.7882)","(-1.4409, 10.227)","(-3.0039, -16.6678)","(-4.088, -0.3202)","(12.7195, 14.321)","(-12.461, -3.4215)","(11.221, -4.2687)","(-5.3787, 8.5394)","(1.339, 0.993)","(-1.4222, -17.4001)","(0.4817, -0.2753)","(1.2733, -0.3658)","(-3.6083, 5.8142)","(-2.7646, -23.0688)","(-3.6864, 5.5747)","(3.0017, -3.7009)","(3.0831, 3.7636)","(-0.396, 4.9873)","(9.5319, -3.8386)"
8.390000000000000568e+01,"(-3.0016, -10.5541)","(9.1401, 10.5445)","(1.2486, 4.0061)","(-2.904, -9.1295)","(-5.3087, -1.0994)","(12.0634, 11.1533)","(-22.9145, -5.6494)","(20.5865, -8.3203)","(-9.514, 15.2997)","(1.5413, 1.7214)","(-2.8045, -18.9049)","(0.9277, -0.424)","(2.2133, -0.8461)","(-6.1444, 9.9075)","(-4.2185, -11.3436)","(-8.4699, 12.813)","(0.6255, -1.1697)","(6.381, 7.887)","(0.0615, 1.3993)","(16.6079, -6.8029)"
8.400000000000000000e+01,"(-1.8077, -5.8571)","(12.2515, 13.3037)","(2.4471, 3.2775)","(-1.5542, -5.0448)","(-9.309, -2.2994)","(7.0709, 4.8903)","(-18.1273, -1.4858)","(16.8599, -9.5321)","(-9.5725, 18.1128)","(2.9691, 3.6318)","(-3.3053, -10.668)","(2.1328, -0.9395)","(4.7726, -1.8047)","(-9.4105, 15.6882)","(-2.5326, -3.4591)","(-13.1269, 21.8213)","(0.0694, -0.5818)","(12.5752, 15.2037)","(0.0428, 0.2988)","(18.0039, -8.8921)"
8.410000000000000853e+01,"(-0.9356, -5.2308)","(10.8391, 9.7997)","(4.2051, 5.0133)","(-0.7957, -4.9621)","(-16.4077, -4.0329)","(3.6502, 2.6797)","(-6.6482, 1.8262)","(5.2879, -5.7025)","(-3.2207, 10.5876)","(6.4894, 8.1034)","(-1.8879, -4.9608)","(5.2804, -2.3)","(10.9782, -4.1007)","(-7.9933, 16.1039)","(-1.1232, -0.8039)","(-4.5609, 14.2238)","(-0.0385, -0.9868)","(15.2552, 15.4338)","(0.0392, 0.0818)","(8.8334, -6.5789)"
8.420000000000000284e+01,"(-0.7514, -7.6718)","(6.7676, 5.1248)","(7.5745, 9.0792)","(-0.6909, -7.7893)","(-20.0721, -3.7247)","(3.1513, 3.1889)","(-2.0689, 1.582)","(1.1019, -2.2916)","(-0.7719, 4.3952)","(13.2609, 16.1334)","(-0.7947, -3.6753)","(13.1789, -5.7431)","(21.4178, -8.4936)","(-3.051, 9.4917)","(-1.3772, -0.4304)","(0.4997, 5.4621)","(-0.0949, -2.1928)","(8.5857, 4.9774)","(0.0903, 0.1182)","(3.409, -3.124)"
8.430000000000001137e+01,"(-1.0095, -12.9538)","(4.3811, 3.7468)","(12.5904, 14.5886)","(-1.0035, -13.5985)","(-12.1601, -0.2132)","(4.7864, 5.5633)","(-1.5928, 2.2889)","(0.0879, -1.6616)","(-0.7026, 2.0487)","(15.564, 15.4046)","(-0.5334, -5.4217)","(24.3448, -11.1369)","(17.5045, -9.951)","(-1.4173, 4.7488)","(-2.6833, -0.7212)","(1.5522, 2.7004)","(-0.1971, -5.3736)","(3.2216, 0.9068)","(0.2229, 0.2853)","(2.1517, -1.4017)"
8.440000000000000568e+01,"(-1.8734, -18.8536)","(4.595, 4.8606)","(13.2007, 12.7193)","(-1.9837, -19.6441)","(-5.269, 0.5275)","(8.592, 10.2731)","(-2.6555, 4.1633)","(-0.1483, -2.8056)","(-1.4296, 2.4934)","(8.2244, 4.1416)","(-0.6739, -9.9842)","(13.9404, -8.5095)","(4.9071, -5.9849)","(-1.7934, 3.7305)","(-5.9546, -1.6424)","(2.8143, 3.4417)","(-0.4858, -13.4427)","(1.1191, -0.066)","(0.5863, 0.758)","(3.2817, -1.4514)"
8.450000000000000000e+01,"(-3.161, -16.051)","(6.8882, 7.9314)","(7.7305, 5.1407)","(-3.3366, -15.4969)","(-2.8615, -0.1075)","(13.4632, 15.2752)","(-5.4125, 8.3805)","(-0.2961, -5.8024)","(-3.0289, 4.751)","(3.1661, 0.3937)","(-1.2865, -17.7554)","(4.4451, -4.4851)","(0.8462, -2.9872)","(-3.2757, 5.4842)","(-13.6623, -3.784)","(5.1204, 6.1726)","(-1.7463, -26.1534)","(1.2794, -0.4489)","(1.6245, 2.1169)","(6.4636, -2.5509)"
8.460000000000000853e+01,"(-2.8226, -8.2589)","(10.798, 12.4043)","(3.4436, 2.1092)","(-2.7657, -7.3838)","(-3.6703, -0.7585)","(12.2593, 10.984)","(-10.1974, 16.1209)","(-0.6075, -12.7729)","(-6.5284, 10.029)","(2.1733, -0.607)","(-2.8556, -20.2645)","(2.5376, -3.9446)","(-0.0866, -3.3886)","(-6.2117, 9.8967)","(-24.2444, -5.8272)","(9.6501, 11.6357)","(-4.8435, -16.9849)","(2.5351, -0.966)","(4.6325, 6.0576)","(13.2148, -5.1259)"
8.470000000000000284e+01,"(-1.3992, -4.5236)","(12.7809, 13.1577)","(2.1774, 2.0007)","(-1.2483, -3.8481)","(-6.843, -1.7413)","(6.5755, 4.0737)","(-10.0274, 19.1128)","(-1.6899, -23.1688)","(-11.5789, 18.582)","(3.4578, -1.3471)","(-3.6025, -10.6731)","(3.2806, -5.8119)","(-0.3737, -5.8194)","(-10.0308, 16.5032)","(-16.4658, -0.5988)","(14.4248, 16.0292)","(-4.5983, -4.8862)","(5.7895, -2.1601)","(12.4711, 16.0397)","(20.8382, -8.8889)"
8.480000000000001137e+01,"(-0.708, -4.6993)","(9.2682, 7.4504)","(3.0771, 3.5422)","(-0.5985, -4.1073)","(-13.649, -3.5739)","(2.8732, 1.8513)","(-2.4853, 10.11)","(-4.0998, -17.8635)","(-8.0782, 17.5555)","(6.8827, -2.664)","(-1.9872, -4.1728)","(5.4155, -9.6377)","(-0.6716, -11.287)","(-8.1562, 16.6879)","(-5.6956, 2.099)","(11.296, 9.1668)","(-4.2586, -1.7065)","(13.5187, -5.0364)","(19.4115, 20.9875)","(13.5926, -8.5982)"
8.490000000000000568e+01,"(-0.6407, -7.6809)","(5.1891, 3.7644)","(5.8306, 7.0867)","(-0.548, -7.007)","(-21.6952, -4.9338)","(2.1579, 2.1276)","(-0.1103, 3.6238)","(-3.7371, -5.9665)","(-1.084, 7.8297)","(14.1699, -5.4793)","(-0.6639, -2.2259)","(8.4601, -15.2525)","(-1.4802, -19.8341)","(-2.4791, 9.0019)","(-2.1042, 2.0936)","(5.387, 2.8958)","(-6.196, -1.5492)","(23.4749, -9.7237)","(10.564, 3.8565)","(4.3053, -4.6654)"
8.500000000000000000e+01,"(-0.9716, -13.7774)","(3.6844, 3.3989)","(11.2226, 13.5449)","(-0.8551, -13.1757)","(-16.0341, -1.1255)","(3.3672, 3.9516)","(0.092, 0.9292)","(-1.9621, -1.5097)","(0.3138, 2.5087)","(21.2984, -9.2584)","(-0.3321, -3.079)","(8.3405, -16.3104)","(-3.3258, -19.2876)","(-0.8644, 3.8552)","(-2.1695, 3.318)","(2.0369, 1.2028)","(-10.2431, -2.4924)","(13.3001, -9.1999)","(6.7933, -1.1368)","(1.0536, -1.5786)"
8.510000000000000853e+01,"(-2.0059, -20.1526)","(4.6551, 5.1837)","(15.0568, 15.9877)","(-1.8613, -20.6515)","(-6.4138, 1.1152)","(6.5621, 8.013)","(0.0936, 0.2378)","(-2.2215, -0.7136)","(0.6208, 1.0878)","(12.2799, -8.3269)","(-0.3704, -6.0126)","(4.2721, -10.0138)","(-3.5419, -8.5129)","(-1.1052, 2.4875)","(-3.7911, 5.9871)","(1.4746, 1.4683)","(-16.5103, -3.871)","(3.1431, -5.0752)","(7.4696, -2.9962)","(0.18, -0.4178)"
8.520000000000000284e+01,"(-3.4458, -15.4455)","(7.6735, 9.0179)","(9.7476, 6.7439)","(-3.5386, -16.5135)","(-1.9671, 0.5373)","(12.3651, 14.8036)","(0.198, 0.263)","(-3.9812, -1.0412)","(1.2494, 1.5639)","(3.6224, -4.2833)","(-0.666, -12.6001)","(2.0952, -5.1758)","(-1.6378, -2.9219)","(-2.2023, 3.6722)","(-7.3328, 11.5111)","(2.4506, 2.9181)","(-18.4941, -3.167)","(0.3918, -3.2842)","(10.1182, -4.4098)","(0.0121, -0.3004)"
8.530000000000001137e+01,"(-2.7921, -6.9819)","(12.1088, 13.8582)","(4.0522, 1.7528)","(-3.0419, -7.0445)","(-0.6556, 0.0447)","(14.7479, 14.8928)","(0.4599, 0.5831)","(-8.1582, -2.182)","(2.6093, 3.2408)","(0.763, -1.447)","(-1.6872, -22.1278)","(1.9692, -4.0255)","(-0.4474, -1.2998)","(-4.553, 7.1173)","(-10.976, 18.3971)","(5.0917, 6.3064)","(-11.5295, -0.3631)","(-0.2604, -4.5937)","(13.6477, -6.1003)","(-0.0241, -0.6095)"
8.540000000000000568e+01,"(-1.1864, -3.3672)","(12.7302, 12.3725)","(1.2041, 0.5333)","(-1.2454, -2.7961)","(-0.8686, -0.1894)","(8.5646, 5.3153)","(1.1497, 1.4742)","(-16.6474, -4.3857)","(5.9082, 7.4303)","(0.0811, -0.7938)","(-3.8562, -17.9117)","(3.1733, -5.7834)","(-0.1924, -1.838)","(-8.9868, 14.0703)","(-6.4583, 15.174)","(10.7586, 13.2613)","(-5.8318, 0.142)","(-0.5368, -8.1302)","(14.3948, -7.1441)","(-0.0546, -1.4693)"
8.550000000000000000e+01,"(-0.5229, -3.4804)","(7.9454, 5.712)","(0.5919, 0.5429)","(-0.43, -2.2544)","(-1.8779, -0.5075)","(3.3055, 1.3104)","(3.055, 3.9539)","(-22.7949, -4.5922)","(12.725, 15.6806)","(-0.0575, -1.3484)","(-3.5328, -6.5248)","(5.7547, -10.191)","(-0.2124, -3.7996)","(-11.1278, 19.6928)","(-1.3254, 6.9739)","(16.105, 17.6868)","(-4.3405, -0.4797)","(-0.9949, -15.0608)","(10.5908, -6.2273)","(-0.1209, -3.8227)"
8.560000000000000853e+01,"(-0.4613, -6.0647)","(4.0358, 2.8206)","(0.985, 1.1796)","(-0.3078, -3.8955)","(-4.4995, -1.2718)","(0.9091, 0.382)","(8.2114, 10.6125)","(-12.4918, 0.3592)","(16.3546, 16.7861)","(-0.1329, -2.9415)","(-1.5345, -1.7332)","(9.1793, -16.5157)","(-0.3831, -8.6146)","(-3.9601, 12.3089)","(-0.3986, 2.5225)","(10.5699, 7.139)","(-6.074, -1.3192)","(-2.251, -21.1273)","(7.2352, -4.4575)","(-0.3057, -10.2503)"
8.570000000000000284e+01,"(-0.7151, -11.8679)","(3.048, 2.9408)","(2.1739, 2.7273)","(-0.4384, -8.0252)","(-11.2161, -3.2023)","(0.4362, 0.4047)","(17.6114, 21.3593)","(-4.2764, 1.3225)","(8.9107, 4.5605)","(-0.273, -7.0585)","(-0.8257, -0.4261)","(8.1834, -16.3545)","(-0.9493, -18.72)","(-0.3964, 4.8175)","(-0.6381, 1.4582)","(4.3594, 1.2653)","(-10.6877, -2.6437)","(-3.6814, -14.0099)","(6.7588, -3.5882)","(-1.0958, -23.9725)"
8.580000000000001137e+01,"(-1.5878, -20.4118)","(4.3315, 4.9676)","(5.2418, 6.6689)","(-0.917, -16.5359)","(-23.681, -6.2265)","(0.7558, 0.9121)","(14.2054, 10.6317)","(-1.1337, 0.7541)","(3.6761, 0.3025)","(-0.6975, -16.7429)","(-1.34, -0.3804)","(3.5446, -8.8937)","(-3.0122, -24.1949)","(0.0107, 1.3559)","(-1.4176, 2.3168)","(1.7649, -0.1721)","(-17.8185, -4.2344)","(-2.613, -5.6757)","(8.7864, -4.0411)","(-4.3174, -22.9349)"
8.590000000000000568e+01,"(-3.4629, -18.5366)","(7.7112, 9.2205)","(12.1836, 15.2633)","(-2.5255, -23.316)","(-20.4479, -1.9994)","(1.7084, 2.1528)","(7.2332, 0.7038)","(-0.7211, 0.9807)","(2.8969, -0.8886)","(-2.5105, -26.3282)","(-2.8227, -0.7706)","(1.5497, -4.0771)","(-4.5987, -10.2826)","(-0.0414, 0.3224)","(-3.1432, 4.8307)","(2.1314, -0.7739)","(-18.8203, -2.9728)","(-0.9567, -2.4528)","(12.51, -5.5166)","(-5.5928, -6.8231)"
8.600000000000000000e+01,"(-3.4368, -7.8585)","(12.7682, 14.7683)","(17.4169, 18.5469)","(-4.2192, -12.5451)","(-7.2207, 2.671)","(4.2189, 5.3926)","(5.8555, -1.8074)","(-1.263, 1.9363)","(4.578, -1.8136)","(-4.9876, -12.4505)","(-6.5959, -1.85)","(1.4705, -3.016)","(-2.9337, -2.8357)","(-0.1642, 0.292)","(-7.0699, 10.7471)","(4.0481, -1.5672)","(-10.3465, 0.1395)","(-0.3759, -2.5563)","(15.076, -7.086)","(-5.214, -2.3011)"
8.610000000000000853e+01,"(-1.5037, -2.6575)","(13.1305, 12.5247)","(9.7232, 4.8742)","(-2.7242, -3.9578)","(-3.014, 3.1807)","(10.3805, 13.1823)","(7.7022, -3.2283)","(-2.8345, 4.2922)","(8.7584, -3.4384)","(-3.8507, -3.4916)","(-15.464, -4.3065)","(2.5552, -4.6132)","(-2.6571, -1.0077)","(-0.4186, 0.6386)","(-12.4183, 19.981)","(8.7403, -3.3182)","(-4.6222, 0.337)","(-0.3295, -4.7077)","(12.3223, -6.875)","(-7.0552, -1.7537)"
8.620000000000000284e+01,"(-0.4011, -1.2308)","(7.5507, 4.9315)","(4.5304, 0.0293)","(-1.1359, -0.9249)","(-3.0814, 4.8259)","(17.9262, 20.4175)","(11.5556, -4.9249)","(-6.6859, 10.0532)","(16.3789, -6.5418)","(-3.887, -1.3729)","(-25.4193, -5.7854)","(5.001, -8.7653)","(-4.3149, -1.1179)","(-1.0574, 1.5713)","(-7.0786, 16.8383)","(17.8525, -6.9449)","(-3.1908, -0.3208)","(-0.5221, -9.8155)","(7.9166, -5.0269)","(-10.6504, -2.4719)"
8.630000000000001137e+01,"(-0.1807, -1.831)","(3.3093, 2.008)","(4.2161, -1.4432)","(-1.1831, -0.3992)","(-4.9285, 7.9734)","(11.499, 6.9962)","(15.5714, -6.987)","(-12.7276, 20.0914)","(19.4383, -9.2608)","(-6.0101, -1.5004)","(-14.1458, 0.5029)","(9.0725, -16.0302)","(-8.1772, -2.1233)","(-2.8095, 4.1274)","(-0.349, 6.932)","(20.7094, -10.0139)","(-4.7063, -1.0559)","(-1.1889, -19.2365)","(6.2743, -3.6016)","(-15.687, -3.4887)"
8.640000000000000568e+01,"(-0.2082, -3.8304)","(2.0928, 1.9301)","(6.486, -2.637)","(-2.2596, -0.6096)","(-8.2096, 13.3809)","(5.4927, 0.3366)","(13.9266, -7.4484)","(-7.8635, 18.0289)","(9.3391, -7.0591)","(-10.5059, -2.6199)","(-4.7407, 2.3928)","(9.5761, -18.4912)","(-15.7577, -4.0562)","(-7.4634, 10.9727)","(0.8417, 2.4521)","(7.9634, -7.0919)","(-8.9049, -2.2835)","(-3.1622, -21.8012)","(7.4842, -3.5758)","(-17.0763, -2.8707)"
8.650000000000000000e+01,"(-0.3829, -8.7487)","(2.9936, 3.4558)","(11.4185, -4.6181)","(-4.9812, -1.3723)","(-9.4436, 17.1161)","(4.6342, -1.4911)","(8.3942, -5.5137)","(-0.1321, 7.4117)","(3.0485, -3.2687)","(-17.4869, -4.1623)","(-2.3177, 2.8394)","(3.9416, -10.0411)","(-21.6798, -4.4283)","(-14.6886, 23.0571)","(1.6423, 2.1766)","(1.8629, -3.1662)","(-16.7637, -4.2548)","(-4.0551, -9.5282)","(10.8796, -4.771)","(-11.7826, -0.7692)"
8.660000000000000853e+01,"(-0.965, -19.0377)","(5.7232, 6.9697)","(17.6699, -7.5465)","(-11.6132, -3.2417)","(-4.7961, 12.2835)","(6.6947, -2.7446)","(5.6085, -3.5224)","(1.359, 3.0662)","(1.1474, -1.0481)","(-18.879, -3.0709)","(-2.8963, 4.5854)","(1.221, -3.922)","(-13.2987, -0.215)","(-5.9555, 16.957)","(3.065, 3.7242)","(0.2276, -1.7845)","(-21.2471, -4.0389)","(-2.1461, -2.8097)","(14.8321, -6.6407)","(-7.0948, -0.2602)"
8.670000000000000284e+01,"(-3.0878, -24.1348)","(11.1379, 13.4786)","(15.3881, -8.366)","(-22.9246, -5.8576)","(-1.7632, 6.2721)","(11.2162, -4.605)","(6.1116, -3.0447)","(2.5336, 3.1988)","(1.3249, -0.6518)","(-10.6818, 0.03)","(-5.1245, 8.153)","(0.5844, -1.5108)","(-5.1092, 0.9645)","(1.4164, 7.0781)","(6.161, 7.5734)","(-0.1279, -2.6849)","(-12.0726, 0.1077)","(-0.9147, -0.636)","(14.3165, -7.3969)","(-6.0657, -0.8182)"
8.680000000000001137e+01,"(-4.6206, -9.9826)","(15.1794, 16.2032)","(7.1189, -5.5339)","(-19.5768, -1.9392)","(-1.5409, 3.8193)","(16.8736, -7.2732)","(9.1401, -3.9798)","(4.4872, 5.3813)","(2.6921, -1.0656)","(-4.875, 0.3161)","(-8.9523, 14.4164)","(0.9035, -1.6921)","(-1.6699, 0.2919)","(3.3344, 4.8304)","(12.0142, 14.5129)","(-0.2881, -5.2904)","(-4.5881, 0.8567)","(-1.1623, -0.3597)","(9.31, -5.8517)","(-8.1798, -1.7302)"
8.690000000000000568e+01,"(-2.9547, -2.7349)","(9.8761, 6.8367)","(3.3519, -2.6374)","(-7.1271, 2.115)","(-2.6055, 4.6078)","(15.2698, -8.143)","(14.0202, -6.0072)","(8.3869, 10.1204)","(6.0556, -2.2791)","(-3.3799, -0.338)","(-9.7428, 17.9595)","(1.9019, -3.3223)","(-1.1594, -0.1476)","(5.2247, 6.0942)","(15.1939, 15.6971)","(-0.5613, -11.3994)","(-1.6395, 0.179)","(-2.325, -0.6299)","(6.2006, -3.89)","(-12.9015, -3.0002)"
8.700000000000000000e+01,"(-2.8186, -1.0259)","(4.0951, 1.7099)","(3.222, -1.7091)","(-2.4613, 2.1526)","(-4.9046, 7.9024)","(7.7807, -5.6628)","(16.2511, -7.7688)","(13.6227, 15.6094)","(13.8163, -5.1839)","(-4.9115, -1.0923)","(-3.9106, 11.4408)","(4.2769, -7.3567)","(-2.1208, -0.5301)","(8.0384, 9.2636)","(9.0362, 5.6752)","(-1.4416, -21.5919)","(-1.5349, -0.2628)","(-5.2782, -1.4678)","(6.3175, -3.2351)","(-17.7676, -3.7222)"
8.710000000000000853e+01,"(-4.6, -1.1837)","(1.1745, 0.4378)","(5.4346, -2.2874)","(-2.1731, 3.2475)","(-8.7093, 14.0125)","(4.0923, -2.9793)","(11.1229, -6.7939)","(12.6188, 11.3566)","(23.1285, -9.7)","(-9.1713, -2.3371)","(-1.0998, 5.1191)","(9.1548, -15.8426)","(-4.6771, -1.2814)","(11.4527, 12.752)","(3.5143, 1.2498)","(-3.721, -19.8848)","(-2.9342, -0.7509)","(-12.4896, -3.5012)","(8.968, -3.9849)","(-15.4576, -1.8598)"
8.720000000000000284e+01,"(-8.6886, -2.2503)","(0.3943, 0.3042)","(10.4208, -4.1316)","(-3.586, 5.6906)","(-9.9103, 18.0155)","(4.0932, -2.1298)","(6.1686, -4.2932)","(6.6409, 3.9369)","(12.8626, -8.9758)","(-16.9453, -4.2606)","(-0.9652, 2.6412)","(11.3988, -21.3903)","(-10.9506, -3.0617)","(11.6672, 11.3174)","(0.9569, 0.1792)","(-3.9089, -7.3438)","(-6.4872, -1.7796)","(-23.9947, -6.0271)","(13.4047, -5.8003)","(-8.977, -0.1394)"
8.730000000000001137e+01,"(-16.4213, -4.1836)","(0.5678, 0.6683)","(18.0025, -7.4039)","(-6.8309, 10.7553)","(-4.2311, 11.9018)","(6.6323, -2.822)","(4.9721, -2.8459)","(2.6605, 1.5246)","(3.1272, -4.8279)","(-20.8821, -3.8719)","(-1.8252, 3.2014)","(3.9863, -10.9162)","(-22.2817, -5.7856)","(8.0055, 6.3608)","(0.3603, -0.0595)","(-1.94, -1.9354)","(-14.6371, -4.0234)","(-18.2546, -1.233)","(15.8498, -7.5115)","(-5.6099, -0.316)"
8.740000000000000568e+01,"(-21.3447, -4.155)","(1.2476, 1.5644)","(17.2724, -9.012)","(-10.6599, 17.6702)","(-1.1813, 5.4048)","(11.9432, -4.8361)","(6.7119, -3.0628)","(1.6535, 1.5444)","(0.4211, -2.8589)","(-11.7961, 0.1155)","(-3.7203, 5.8861)","(0.7031, -4.073)","(-20.6388, -2.4461)","(5.0047, 4.0745)","(0.563, -0.2038)","(-1.5311, -0.6181)","(-24.3848, -5.635)","(-6.4011, 2.3019)","(11.6649, -6.8587)","(-5.978, -1.0542)"
8.750000000000000000e+01,"(-12.4674, -0.0087)","(3.0523, 3.8974)","(7.3421, -6.054)","(-7.2716, 15.9802)","(-0.9677, 2.7313)","(18.1624, -7.8193)","(10.9131, -4.5897)","(2.4957, 2.9177)","(-0.2009, -3.9443)","(-4.5813, 0.7661)","(-7.5519, 11.762)","(-0.0902, -2.4497)","(-7.6907, 2.0835)","(4.5255, 4.5564)","(1.2764, -0.4732)","(-2.6276, -0.7057)","(-15.1201, -0.1217)","(-2.4507, 2.4598)","(6.8402, -4.5912)","(-9.2463, -2.132)"
8.760000000000000853e+01,"(-4.7862, 0.8724)","(7.7303, 9.8971)","(2.5814, -2.5816)","(-1.7522, 7.8084)","(-1.7968, 3.1862)","(14.7663, -8.2986)","(16.187, -7.0224)","(4.9849, 6.1284)","(-0.4497, -7.1161)","(-1.8555, 0.0972)","(-11.4352, 19.112)","(-0.3983, -3.7275)","(-2.6156, 2.1781)","(6.2346, 7.0454)","(3.2076, -1.1662)","(-5.386, -1.4477)","(-5.1484, 1.9969)","(-2.4872, 3.8283)","(5.4677, -3.1361)","(-15.0849, -3.5642)"
8.770000000000000284e+01,"(-1.7037, 0.197)","(16.3583, 19.8675)","(1.5307, -1.0258)","(-0.5555, 3.0221)","(-3.6441, 5.7831)","(6.4997, -5.246)","(15.2728, -7.9861)","(10.3207, 12.6793)","(-0.8363, -13.787)","(-2.0475, -0.3902)","(-6.1386, 15.0631)","(-0.7711, -7.1304)","(-2.1789, 3.2208)","(9.7107, 11.1825)","(8.4288, -3.0341)","(-11.8309, -3.2321)","(-1.9163, 1.9533)","(-4.1979, 6.6855)","(7.0401, -3.2684)","(-18.7582, -3.5794)"
8.780000000000001137e+01,"(-1.5359, -0.2544)","(14.6917, 12.1779)","(2.4607, -1.0724)","(-0.8036, 1.8268)","(-7.3854, 11.5102)","(3.0414, -2.4054)","(8.421, -5.8274)","(15.753, 17.4694)","(-1.9642, -21.5111)","(-3.9401, -1.0142)","(-0.9208, 6.5178)","(-1.5421, -14.3705)","(-3.5163, 5.588)","(12.5858, 13.4691)","(20.1834, -7.5099)","(-22.1107, -5.5137)","(-2.0556, 3.1488)","(-7.7174, 12.265)","(10.9711, -4.6867)","(-13.2061, -0.8799)"
8.790000000000000568e+01,"(-2.9074, -0.7405)","(7.0562, 1.5062)","(5.0695, -1.9723)","(-1.7115, 2.8188)","(-11.363, 18.911)","(3.0578, -1.5915)","(4.7059, -3.2881)","(10.9486, 7.8768)","(-3.7357, -15.8787)","(-8.5815, -2.3391)","(-0.0661, 2.0458)","(-2.806, -22.4041)","(-6.6573, 10.494)","(10.378, 9.0158)","(22.9149, -11.3241)","(-18.9927, -1.9719)","(-3.6806, 5.7886)","(-10.5157, 18.096)","(15.6981, -6.9013)","(-6.8561, 0.1372)"
8.800000000000000000e+01,"(-6.4016, -1.7532)","(4.6359, -1.1053)","(11.078, -4.2058)","(-3.7004, 5.7215)","(-6.4157, 15.3579)","(5.3045, -2.2094)","(4.6764, -2.4354)","(4.6297, 1.6449)","(-3.0096, -6.2383)","(-18.036, -4.7965)","(-0.1064, 0.5699)","(-3.2123, -15.349)","(-10.5276, 17.3904)","(6.1777, 4.5606)","(6.1632, -7.7855)","(-7.2663, 1.6715)","(-7.2712, 11.3588)","(-5.7438, 14.0324)","(14.8385, -7.7461)","(-4.5948, -0.3801)"
8.810000000000000853e+01,"(-14.4318, -3.9667)","(6.0114, -2.4209)","(20.6151, -8.2939)","(-7.9509, 12.2086)","(-1.032, 6.7574)","(10.363, -4.0823)","(7.2796, -3.1384)","(1.5097, 0.0788)","(-1.1338, -2.1486)","(-23.226, -4.3895)","(-0.3261, 0.576)","(-2.0213, -5.8638)","(-7.5511, 16.2438)","(4.0568, 3.5418)","(0.9517, -5.2849)","(-2.167, 1.3961)","(-11.1734, 18.5957)","(-1.4506, 6.6148)","(8.7094, -5.8048)","(-5.8159, -1.1817)"
8.820000000000000284e+01,"(-24.2857, -5.6514)","(9.7066, -4.0071)","(17.1285, -9.6229)","(-12.2109, 20.3328)","(-0.1069, 2.169)","(18.2163, -7.4488)","(12.4876, -5.1427)","(1.244, -0.3909)","(-0.3192, -1.3951)","(-11.151, 1.0001)","(-0.7904, 1.214)","(-0.7156, -1.7208)","(-1.9185, 8.1198)","(4.5376, 4.8945)","(-0.3544, -6.3908)","(-1.3304, 1.8017)","(-6.5994, 15.4666)","(-0.7756, 2.8583)","(5.2704, -3.5028)","(-9.8679, -2.3957)"
8.830000000000001137e+01,"(-15.3862, -0.237)","(15.3691, -6.4881)","(5.3192, -5.7901)","(-5.497, 14.7605)","(-0.1581, 0.6679)","(17.502, -9.1336)","(17.6798, -7.8145)","(2.2771, -0.8708)","(-0.1936, -2.4308)","(-3.5712, 1.6039)","(-1.943, 2.9028)","(-0.1588, -0.4004)","(-0.6109, 3.2077)","(7.0775, 8.2231)","(-0.8001, -9.6678)","(-2.1035, 3.2789)","(-1.2101, 6.9839)","(-1.3232, 2.5472)","(5.367, -2.7589)","(-16.6319, -3.989)"
8.840000000000000568e+01,"(-5.2674, 1.9818)","(16.6721, -8.2018)","(1.0804, -2.3909)","(-0.2667, 5.8881)","(-0.4434, 0.7665)","(7.2025, -6.0858)","(13.7398, -7.8806)","(5.0203, -1.8887)","(-0.2646, -5.2038)","(-1.3965, 1.5397)","(-4.9752, 7.3615)","(-0.0406, -0.2317)","(-0.851, 1.9441)","(11.2272, 12.9167)","(-1.3091, -15.0529)","(-4.3346, 6.6834)","(-0.2368, 2.3641)","(-2.7067, 4.3559)","(8.0978, -3.524)","(-19.2606, -3.3972)"
8.850000000000000000e+01,"(-1.9148, 1.9054)","(9.7733, -6.5112)","(0.0681, -1.8978)","(0.5332, 1.8691)","(-1.0506, 1.6132)","(2.3634, -2.5305)","(6.4855, -4.9895)","(11.6551, -4.344)","(-0.5284, -11.8063)","(-1.7121, 2.63)","(-11.5341, 17.433)","(-0.0543, -0.5084)","(-1.7892, 2.9575)","(12.8992, 13.084)","(-2.3264, -18.1391)","(-8.9166, 13.8103)","(-0.3583, 1.0028)","(-5.6707, 8.7907)","(13.1482, -5.5205)","(-11.6724, -0.2347)"
8.860000000000000853e+01,"(-2.0026, 3.0548)","(4.9093, -3.6635)","(-0.1783, -3.2281)","(1.0441, 1.4419)","(-2.5612, 3.8315)","(1.1561, -0.8655)","(3.6392, -2.5484)","(22.1865, -8.881)","(-1.4868, -22.8506)","(-3.3036, 5.1298)","(-11.9207, 22.4108)","(-0.1215, -1.242)","(-3.8362, 5.9448)","(8.8796, 6.8711)","(-3.074, -12.9672)","(-11.7093, 20.3639)","(-0.8658, 1.4413)","(-10.5125, 16.6936)","(17.0413, -7.7906)","(-5.4252, 0.335)"
8.870000000000000284e+01,"(-3.5701, 5.6132)","(4.07, -2.3052)","(-0.3451, -6.6274)","(2.0468, 2.5158)","(-6.4047, 9.5216)","(1.7692, -0.7878)","(4.1758, -2.0519)","(16.3449, -9.7918)","(-4.0203, -19.5032)","(-6.9649, 10.7225)","(-0.8156, 10.0748)","(-0.3066, -3.2434)","(-8.1284, 12.5207)","(4.7676, 3.3789)","(-2.2372, -7.167)","(-4.0463, 12.7544)","(-1.9718, 3.0263)","(-9.5727, 18.7489)","(12.552, -7.3851)","(-3.5424, -0.296)"
8.880000000000001137e+01,"(-7.0897, 11.0608)","(6.0127, -2.6571)","(-0.7167, -14.2294)","(4.3332, 5.3895)","(-13.1206, 20.3769)","(3.6994, -1.4369)","(7.1389, -2.9705)","(4.315, -5.7204)","(-4.0784, -6.5357)","(-11.7136, 19.0443)","(1.931, 4.5242)","(-0.8187, -8.7793)","(-12.067, 20.2766)","(3.3946, 3.1617)","(-1.1699, -5.3563)","(-0.1304, 4.8661)","(-4.6715, 7.0256)","(-2.142, 9.5234)","(6.4187, -4.6894)","(-4.8691, -1.0472)"
8.890000000000000568e+01,"(-11.1635, 18.4595)","(10.5643, -4.3208)","(-2.0013, -23.5876)","(9.4831, 11.7984)","(-8.4686, 19.0664)","(8.3723, -3.1435)","(13.0193, -5.2464)","(0.6849, -3.0723)","(-2.3893, -1.7052)","(-7.2396, 16.5918)","(3.4891, 4.3869)","(-2.1395, -21.683)","(-5.2116, 14.329)","(4.4531, 5.0102)","(-0.8047, -6.9205)","(0.3826, 1.4402)","(-10.3472, 15.7787)","(-0.0536, 3.328)","(4.3247, -2.7191)","(-8.8981, -2.2439)"
8.900000000000000000e+01,"(-6.9211, 15.8563)","(16.936, -7.1449)","(-4.2138, -15.6352)","(16.0541, 18.3849)","(0.2255, 7.8228)","(17.8929, -6.8664)","(18.8177, -8.2646)","(-0.1488, -3.8019)","(-2.8856, -0.8848)","(-0.9021, 7.2112)","(5.6413, 6.6123)","(-3.9161, -25.7677)","(-0.2903, 5.6956)","(7.5736, 8.9669)","(-0.9317, -11.277)","(0.7375, 1.0386)","(-12.1177, 21.8413)","(0.1113, 0.8392)","(5.4256, -2.5605)","(-16.3707, -4.1122)"
8.910000000000000853e+01,"(-1.2811, 7.2333)","(16.3538, -8.4808)","(-3.3306, -5.0975)","(12.0525, 9.0969)","(2.0386, 3.8375)","(21.6317, -10.3051)","(13.4028, -8.0488)","(-0.4305, -6.5949)","(-5.0511, -1.2995)","(0.2502, 2.2461)","(9.3041, 10.8805)","(-3.7685, -9.2943)","(0.4312, 1.7386)","(12.2811, 14.1525)","(-1.575, -17.3807)","(1.4972, 1.8545)","(-2.1373, 11.0651)","(0.143, 0.2769)","(9.0496, -3.7825)","(-20.8447, -3.9961)"
8.920000000000000284e+01,"(-0.2122, 2.4432)","(8.083, -5.9951)","(-1.5973, -1.2502)","(5.2693, 1.6549)","(3.5631, 4.3465)","(7.9733, -7.3571)","(5.4937, -4.7041)","(-0.7759, -12.6163)","(-9.961, -2.6175)","(0.468, 0.8733)","(12.8692, 14.0702)","(-3.477, -4.7446)","(0.8332, 1.19)","(13.0042, 12.6377)","(-2.8242, -17.6733)","(3.2772, 4.1042)","(0.9663, 4.1679)","(0.3158, 0.4064)","(15.0145, -6.2528)","(-12.4063, -0.1116)"
8.930000000000001137e+01,"(-0.2963, 0.9312)","(3.7188, -2.9695)","(-1.7704, -0.5774)","(2.2144, -0.1978)","(5.9449, 7.0188)","(1.7036, -3.5041)","(2.5988, -2.0386)","(-1.7377, -20.6536)","(-18.5512, -4.6685)","(0.9609, 1.2144)","(11.0, 9.6766)","(-4.7867, -5.2587)","(1.6631, 2.054)","(7.9163, 5.5152)","(-3.0624, -10.2598)","(7.594, 9.574)","(2.0183, 2.8794)","(0.7324, 0.9277)","(17.4628, -8.3521)","(-4.9967, 0.7317)"
8.940000000000000568e+01,"(-0.7367, 1.2434)","(3.2325, -1.7936)","(-3.261, -0.8638)","(2.5817, -0.9384)","(10.0512, 11.8022)","(0.1301, -2.703)","(2.8705, -1.4378)","(-3.5282, -17.399)","(-20.692, -3.4204)","(2.0422, 2.5456)","(6.337, 4.4591)","(-7.1321, -7.6466)","(3.5674, 4.4502)","(3.7854, 2.4949)","(-1.768, -5.4326)","(15.1878, 18.2738)","(3.546, 4.2583)","(1.8368, 2.3561)","(10.422, -6.8734)","(-2.1502, 0.0756)"
8.950000000000000000e+01,"(-1.6887, 2.5957)","(5.2211, -2.2369)","(-6.9009, -1.8706)","(4.7255, -1.8476)","(13.3855, 14.3799)","(-0.2561, -4.2741)","(5.2034, -2.1307)","(-3.2218, -7.3433)","(-10.1905, 0.6793)","(4.7285, 5.9759)","(3.6944, 3.0171)","(-10.5481, -11.2305)","(8.0764, 10.1332)","(2.6374, 2.4885)","(-0.8669, -4.7704)","(14.5534, 12.836)","(6.5128, 7.8533)","(4.8516, 6.2682)","(4.8439, -3.8097)","(-2.405, -0.4594)"
8.960000000000000853e+01,"(-4.0258, 6.048)","(9.8651, -3.9335)","(-14.9502, -4.0464)","(9.8125, -3.7699)","(10.37, 8.5655)","(-0.4835, -8.1849)","(10.4424, -4.0756)","(-1.3444, -2.6668)","(-3.54, 0.8637)","(10.8922, 13.654)","(3.8155, 4.0483)","(-12.1874, -12.4108)","(15.4181, 18.3203)","(3.7347, 4.2894)","(-0.6812, -7.144)","(6.9072, 2.4186)","(11.6503, 13.8046)","(12.2396, 15.5687)","(3.5318, -2.1342)","(-4.5531, -1.1642)"
8.970000000000000284e+01,"(-9.2956, 14.0491)","(17.2803, -7.0687)","(-23.7129, -5.3246)","(18.6393, -7.4268)","(5.5169, 3.6595)","(-0.9691, -16.0055)","(18.6834, -7.5976)","(-0.4046, -1.7084)","(-1.0453, 0.2015)","(17.2102, 19.109)","(6.0199, 7.0333)","(-9.2078, -8.5265)","(13.8521, 11.798)","(6.8517, 8.2594)","(-0.921, -12.4541)","(3.1996, -0.2941)","(14.1857, 14.5677)","(18.5214, 19.9755)","(5.066, -2.2733)","(-9.7074, -2.6223)"
8.980000000000001137e+01,"(-13.1247, 22.3877)","(17.8651, -9.0139)","(-14.6379, -0.1438)","(18.8454, -9.6468)","(3.1388, 2.5911)","(-2.4298, -22.269)","(17.599, -9.2785)","(-0.2413, -2.8407)","(-0.785, -0.1168)","(10.762, 6.5796)","(10.286, 12.1035)","(-5.7074, -5.069)","(6.4465, 2.2619)","(12.2118, 14.4307)","(-1.761, -19.0632)","(3.6178, -1.3323)","(9.0012, 6.2867)","(10.1817, 4.4279)","(9.1194, -3.7044)","(-19.3167, -5.0034)"
8.990000000000000568e+01,"(-3.3255, 12.8439)","(8.1354, -6.3767)","(-5.0599, 1.6914)","(7.0619, -6.4244)","(3.4773, 3.7737)","(-3.9589, -13.048)","(6.8234, -6.0442)","(-0.3181, -5.9224)","(-1.5456, -0.3989)","(4.7156, 0.5907)","(13.6268, 14.5818)","(-4.5142, -4.3673)","(2.81, -0.204)","(14.1096, 14.1394)","(-3.1913, -16.9076)","(6.1883, -2.4702)","(3.9319, 2.1241)","(5.6706, -0.5563)","(15.9167, -6.5136)","(-21.7373, -3.5732)"
9.000000000000000000e+01,"(0.8727, 4.9197)","(2.9507, -2.8632)","(-1.5803, 1.3492)","(1.8005, -2.6377)","(5.8112, 6.8802)","(-2.5931, -4.5986)","(2.0174, -2.4215)","(-0.6266, -12.9957)","(-3.5492, -0.9875)","(3.427, -0.9794)","(10.2191, 8.2316)","(-5.6692, -5.9308)","(3.1108, -1.126)","(8.4498, 5.5779)","(-2.9978, -8.4287)","(11.7934, -4.6575)","(1.7945, 1.384)","(6.0175, -2.2795)","(18.2144, -8.7876)","(-9.7723, 1.1632)"
9.010000000000000853e+01,"(2.0062, 3.0283)","(1.7391, -1.1736)","(-1.4203, 2.0911)","(0.2881, -0.9282)","(10.389, 12.3545)","(-0.8378, -1.3758)","(0.6599, -0.6603)","(-1.7374, -23.2497)","(-8.7035, -2.4758)","(5.0622, -2.0209)","(5.2333, 3.3419)","(-8.7071, -9.33)","(5.4319, -2.1497)","(3.5138, 1.8088)","(-1.4523, -4.1459)","(19.049, -8.0273)","(2.0598, 2.285)","(8.7649, -3.6899)","(9.6125, -6.8304)","(-3.049, 1.3113)"
9.020000000000000284e+01,"(3.5038, 4.211)","(2.6969, -1.1893)","(-2.542, 3.9584)","(-0.0117, -1.0409)","(14.1236, 15.2018)","(-0.1925, -0.7507)","(0.7645, -0.3737)","(-4.1205, -17.5045)","(-19.8928, -5.4507)","(9.1664, -3.6571)","(2.8507, 2.3181)","(-12.1929, -12.8384)","(10.7415, -4.1899)","(1.5378, 1.1797)","(-0.6521, -3.8969)","(15.3797, -8.6949)","(3.8281, 4.6466)","(13.4568, -5.7243)","(3.8432, -3.4086)","(-1.0566, 1.0914)"
9.030000000000001137e+01,"(6.2881, 7.5465)","(5.4518, -2.135)","(-5.3864, 8.2738)","(-0.1005, -2.0828)","(10.3075, 8.0594)","(-0.1038, -1.3669)","(1.6417, -0.6402)","(-3.6698, -5.8285)","(-24.415, -4.293)","(16.1947, -6.5893)","(3.1699, 3.4529)","(-11.4278, -11.1308)","(18.8432, -7.7118)","(1.8072, 2.0204)","(-0.5356, -6.3796)","(6.0086, -5.3154)","(7.9673, 9.8378)","(16.3226, -7.6504)","(2.4183, -1.5808)","(-1.2467, 1.8861)"
9.040000000000000568e+01,"(11.1656, 13.2261)","(11.6541, -4.4555)","(-10.4709, 16.433)","(-0.2004, -4.7963)","(4.9461, 2.8695)","(-0.1428, -3.0569)","(3.8528, -1.4317)","(-1.8931, -1.467)","(-9.8718, 2.0549)","(18.42, -8.9136)","(5.4164, 6.4484)","(-7.1837, -6.3122)","(17.1297, -9.1748)","(3.4404, 4.1971)","(-0.7795, -11.965)","(2.1781, -2.114)","(14.4346, 16.9872)","(11.8432, -7.0152)","(3.5598, -1.5931)","(-2.4687, 3.8021)"
9.050000000000000000e+01,"(14.0984, 14.7286)","(20.7206, -8.4673)","(-10.2567, 19.5781)","(-0.4489, -11.6043)","(2.2887, 1.6962)","(-0.2835, -7.384)","(9.4989, -3.4797)","(-2.127, -0.6868)","(-3.4851, 2.7587)","(9.3587, -6.8133)","(10.0183, 12.0193)","(-4.4461, -4.0123)","(6.6004, -5.8812)","(7.357, 9.1398)","(-1.6297, -19.8293)","(1.6156, -0.9614)","(13.6413, 12.1755)","(6.5755, -4.5631)","(6.8576, -2.7272)","(-5.5135, 8.3795)"
9.060000000000000853e+01,"(9.4524, 6.9453)","(16.1054, -9.3334)","(-2.1838, 9.9694)","(-1.4067, -23.8205)","(2.3373, 2.5149)","(-0.7375, -17.434)","(20.8144, -7.9535)","(-3.8292, -1.004)","(-2.6826, 3.9353)","(3.5591, -3.2977)","(14.399, 15.7868)","(-4.3709, -4.4183)","(2.0063, -2.3306)","(14.1037, 16.8595)","(-3.3396, -18.0909)","(2.8404, -1.1936)","(6.6585, 3.1412)","(5.0056, -2.9462)","(13.6441, -5.3397)","(-11.0531, 17.2277)"
9.070000000000000284e+01,"(4.3436, 2.4811)","(5.051, -5.4639)","(0.1733, 3.4583)","(-4.2589, -20.0824)","(4.0886, 4.9022)","(-2.6763, -26.2366)","(20.4837, -10.7294)","(-7.8943, -2.1169)","(-3.9834, 6.4237)","(2.0773, -1.4155)","(10.8441, 8.5959)","(-6.4493, -6.8877)","(0.781, -0.6782)","(14.4806, 13.462)","(-3.2884, -8.1914)","(5.9586, -2.2983)","(2.252, 0.4614)","(6.4708, -3.0057)","(20.499, -8.898)","(-10.2368, 19.9356)"
9.080000000000001137e+01,"(2.106, 1.6547)","(1.0801, -2.1054)","(0.5014, 1.1602)","(-4.5366, -6.2499)","(8.1557, 9.9822)","(-5.0181, -11.6795)","(5.6189, -6.9583)","(-16.3128, -4.3229)","(-6.9538, 11.1785)","(3.0449, -1.3683)","(5.1244, 2.7931)","(-10.3279, -11.1105)","(1.0937, -0.5027)","(7.2438, 3.4184)","(-1.4846, -3.1973)","(12.9252, -4.921)","(1.0052, -0.1837)","(10.4036, -4.3971)","(12.9099, -8.3109)","(-1.5692, 9.4613)"
9.090000000000000568e+01,"(2.398, 2.6462)","(0.1042, -1.3482)","(1.0079, 1.3006)","(-3.3979, -1.8169)","(14.1697, 16.5068)","(-3.8028, -3.2615)","(0.9128, -4.151)","(-23.034, -4.7559)","(-9.905, 16.8414)","(5.9723, -2.3635)","(2.0446, 1.3165)","(-13.0797, -13.5169)","(2.3396, -0.9068)","(2.6078, 0.366)","(-0.4948, -2.2016)","(21.7804, -9.0861)","(1.5009, -0.5577)","(15.7269, -6.7741)","(4.2518, -4.4404)","(0.6056, 3.2875)"
9.100000000000000000e+01,"(4.3485, 5.2494)","(-0.1107, -2.2534)","(2.0629, 2.5538)","(-4.6768, -1.2649)","(13.2327, 11.818)","(-4.0048, -1.3564)","(-0.2167, -4.9852)","(-12.9001, 0.2758)","(-6.8011, 14.949)","(12.3407, -4.7697)","(1.7176, 1.7753)","(-9.9206, -9.1508)","(5.4586, -2.0309)","(1.6381, -0.4318)","(-0.3117, -3.5782)","(14.158, -9.0085)","(3.1493, -1.1933)","(15.7475, -8.0185)","(1.2223, -1.4789)","(1.27, 1.9311)"
9.110000000000000853e+01,"(8.7446, 10.71)","(-0.2333, -4.7164)","(4.6082, 5.7872)","(-7.8774, -1.9577)","(6.5931, 3.4008)","(-6.2423, -1.5511)","(-0.5908, -8.0583)","(-4.4221, 1.3958)","(-2.2614, 7.9869)","(20.598, -8.6035)","(2.9437, 3.5221)","(-5.5188, -4.6795)","(12.9931, -4.8141)","(2.649, -1.0184)","(-0.4108, -7.2526)","(4.0024, -4.9246)","(7.3515, -2.7295)","(9.0584, -6.1055)","(0.583, -0.4304)","(2.3812, 2.91)"
9.120000000000000284e+01,"(14.6825, 16.898)","(-0.4735, -10.7057)","(10.3894, 12.9812)","(-14.0275, -3.4938)","(2.237, 0.7934)","(-10.9189, -2.72)","(-1.0187, -14.0102)","(-1.2116, 0.8661)","(-1.2486, 3.9774)","(14.9148, -8.9373)","(6.0843, 7.5207)","(-3.6307, -3.3801)","(23.5754, -9.6178)","(5.4559, -2.0883)","(-0.8153, -15.1015)","(0.729, -2.0238)","(16.6841, -6.2817)","(4.9578, -3.5033)","(1.0335, -0.4397)","(4.6917, 5.7531)"
9.130000000000001137e+01,"(12.5946, 10.6804)","(-1.2859, -21.6865)","(16.8039, 18.8696)","(-19.9553, -4.2383)","(0.5594, 0.2436)","(-17.8651, -4.2052)","(-2.063, -19.763)","(-0.8658, 1.2096)","(-1.855, 3.604)","(4.8353, -5.0812)","(12.2243, 14.8577)","(-4.3453, -4.5265)","(14.1116, -9.4736)","(11.9775, -4.5366)","(-2.2046, -23.2952)","(-0.0017, -2.0014)","(23.2632, -10.4817)","(4.6369, -2.4802)","(2.3091, -0.8772)","(9.5927, 11.7712)"
9.140000000000000568e+01,"(5.9852, 2.8691)","(-3.7377, -21.2929)","(11.1749, 7.4393)","(-14.9748, -1.1978)","(0.3278, 0.3301)","(-18.4654, -2.8442)","(-3.3699, -14.9792)","(-1.5401, 2.3705)","(-3.5176, 5.7618)","(1.1744, -1.8036)","(15.5489, 16.0399)","(-7.123, -7.7035)","(3.3131, -5.3681)","(21.4581, -8.7557)","(-4.164, -14.3652)","(-0.2021, -3.5948)","(9.2204, -8.0584)","(7.0156, -3.0604)","(5.5688, -2.0512)","(15.315, 17.2937)"
9.150000000000000000e+01,"(1.9334, 0.6163)","(-4.2932, -7.5618)","(4.7949, 0.9625)","(-7.0079, 0.5068)","(0.6292, 0.7719)","(-10.1825, 0.1146)","(-2.6774, -7.0579)","(-3.4272, 5.2023)","(-6.7742, 10.7201)","(0.1829, -0.5662)","(8.9834, 5.3429)","(-11.6655, -12.5684)","(0.4066, -3.5868)","(15.6841, -9.3932)","(-3.0129, -4.7431)","(-0.381, -7.5533)","(1.9311, -4.1821)","(11.9739, -4.9419)","(13.5609, -4.9943)","(11.687, 9.1172)"
9.160000000000000853e+01,"(0.4451, 0.1318)","(-2.5277, -1.9933)","(2.8379, -0.6507)","(-3.4522, 0.0266)","(1.4764, 1.8726)","(-4.7001, 0.2657)","(-1.185, -3.7755)","(-7.8216, 11.8434)","(-10.5371, 17.4964)","(-0.0035, -0.618)","(3.4407, 0.94)","(-13.3541, -13.5201)","(-0.2933, -4.978)","(4.5398, -5.3791)","(-1.2294, -1.1481)","(-0.833, -16.0736)","(0.1146, -3.4972)","(17.3947, -7.6116)","(24.3218, -9.9794)","(5.2003, 2.1765)"
9.170000000000000284e+01,"(0.1134, 0.0818)","(-2.8043, -0.9087)","(4.0087, -1.5645)","(-3.6162, -0.6433)","(3.7481, 4.814)","(-3.4724, -0.396)","(-0.5845, -4.2032)","(-12.9466, 21.1498)","(-7.3105, 15.9552)","(-0.057, -1.2876)","(1.2993, -0.12)","(-8.6058, -7.5301)","(-0.5906, -8.6443)","(0.8438, -2.2879)","(-1.014, -0.3873)","(-2.4066, -23.951)","(-0.3526, -5.3827)","(14.3606, -7.9975)","(13.1952, -9.4041)","(1.5957, 0.3323)"
9.180000000000001137e+01,"(0.172, 0.2062)","(-4.8033, -1.235)","(7.3839, -2.9175)","(-6.2845, -1.5432)","(9.5555, 12.2236)","(-5.197, -1.1757)","(-0.5553, -7.2563)","(-5.6664, 15.4294)","(-1.8614, 7.9254)","(-0.1182, -3.0748)","(1.5896, -0.5713)","(-4.3228, -3.553)","(-1.0834, -15.5226)","(0.0026, -2.2234)","(-1.8669, -0.5081)","(-4.3491, -13.1702)","(-0.6364, -9.8132)","(6.9758, -5.2523)","(2.9025, -5.3982)","(0.6132, -0.0932)"
9.190000000000000568e+01,"(0.4054, 0.5146)","(-9.3661, -2.4528)","(14.1792, -5.602)","(-12.2348, -3.1739)","(18.0046, 21.0581)","(-9.7331, -2.4835)","(-0.8869, -13.6297)","(0.1772, 6.0524)","(-0.6461, 3.1735)","(-0.2643, -7.8288)","(3.1344, -1.2001)","(-2.9344, -2.7825)","(-2.3632, -20.6342)","(-0.2261, -3.9121)","(-4.0603, -1.1152)","(-2.9761, -4.0432)","(-1.2532, -17.4882)","(3.8174, -2.7135)","(0.2688, -4.1606)","(0.899, -0.3271)"
9.200000000000000000e+01,"(1.0469, 1.3493)","(-17.6902, -4.492)","(20.0459, -8.8973)","(-20.4638, -4.8294)","(12.4573, 8.1729)","(-17.6355, -4.3846)","(-1.9524, -20.8595)","(1.2467, 2.5525)","(-0.9343, 2.0585)","(-0.7647, -19.0076)","(7.0549, -2.6447)","(-3.9715, -4.2064)","(-3.59, -13.2919)","(-0.4222, -8.062)","(-9.532, -2.6719)","(-1.5545, -0.9959)","(-2.794, -20.3864)","(4.1625, -2.0883)","(-0.3986, -5.9316)","(1.9502, -0.7309)"
9.210000000000000853e+01,"(2.854, 3.7089)","(-21.188, -3.7957)","(12.0977, -7.9621)","(-17.7587, -1.991)","(6.1306, 0.4334)","(-20.4045, -3.5461)","(-3.592, -15.9072)","(2.3325, 2.9159)","(-1.9473, 3.2028)","(-3.0516, -26.6317)","(15.7373, -5.95)","(-7.051, -7.6974)","(-2.4396, -5.6101)","(-0.9159, -16.6694)","(-20.5146, -5.4822)","(-2.0819, -0.6161)","(-3.6143, -10.9802)","(6.9731, -2.9258)","(-0.7261, -10.104)","(4.7328, -1.7372)"
9.220000000000000284e+01,"(7.857, 10.1969)","(-11.109, 0.4492)","(4.1752, -4.18)","(-7.8235, 0.9032)","(5.1136, -1.6306)","(-10.9788, 0.2962)","(-2.9427, -6.6729)","(4.2739, 5.1646)","(-4.1536, 6.4377)","(-5.338, -10.1681)","(23.0023, -10.1568)","(-12.2189, -13.2515)","(-0.9262, -2.8355)","(-2.5532, -23.4077)","(-22.8432, -3.6199)","(-3.9524, -1.045)","(-2.0431, -4.3248)","(12.6391, -5.1046)","(-1.3346, -16.9265)","(11.8188, -4.3183)"
9.230000000000001137e+01,"(17.5316, 21.4695)","(-3.9876, 0.9015)","(1.4791, -1.4468)","(-2.7208, 0.532)","(7.1353, -2.9521)","(-4.2427, 0.6912)","(-1.1671, -2.6821)","(8.3093, 10.1133)","(-8.6257, 13.3456)","(-4.3235, -2.9212)","(10.3103, -8.2362)","(-13.9632, -14.0992)","(-0.4334, -3.3907)","(-4.247, -12.3978)","(-9.1575, 1.8891)","(-8.4466, -2.2932)","(-0.6913, -2.2824)","(18.5816, -8.1057)","(-2.6936, -19.3178)","(23.6601, -9.3404)"
9.240000000000000568e+01,"(14.7433, 11.3402)","(-1.2273, 0.2215)","(1.331, -0.7225)","(-1.317, -0.0479)","(11.4589, -4.7724)","(-1.8747, 0.0276)","(-0.412, -2.2986)","(13.9722, 16.1433)","(-11.8259, 20.3151)","(-5.2406, -1.5316)","(2.3512, -4.1741)","(-8.3064, -7.0097)","(-0.43, -6.2429)","(-2.7277, -3.8631)","(-3.0364, 2.2173)","(-17.604, -4.6704)","(-0.3417, -3.1023)","(13.8769, -8.1332)","(-3.3683, -11.2921)","(16.1007, -10.1203)"
9.250000000000000000e+01,"(7.6512, 0.7155)","(-0.9279, -0.1361)","(2.5619, -1.04)","(-1.9881, -0.4538)","(16.4318, -7.2068)","(-2.3141, -0.4722)","(-0.3094, -4.0456)","(12.9061, 11.5185)","(-4.4564, 13.2935)","(-8.0461, -1.9334)","(0.2549, -2.8124)","(-3.6737, -2.8233)","(-0.7195, -12.5439)","(-1.2006, -0.9059)","(-2.1731, 3.0992)","(-23.1355, -4.4687)","(-0.3755, -6.0202)","(5.851, -4.8919)","(-2.0112, -5.1738)","(3.6982, -6.1063)"
9.260000000000000853e+01,"(6.2595, -1.9498)","(-1.7926, -0.4591)","(5.612, -2.1319)","(-4.1533, -1.1113)","(14.6251, -7.8501)","(-4.5225, -1.1741)","(-0.4528, -8.3723)","(6.5489, 3.5887)","(-0.2122, 5.1622)","(-13.2133, -3.1661)","(-0.2396, -4.178)","(-2.0136, -1.8358)","(-1.7009, -21.362)","(-1.3853, -0.4446)","(-3.3086, 5.267)","(-11.5509, 0.8105)","(-0.6695, -12.5635)","(2.7825, -2.1755)","(-0.8332, -3.572)","(0.4282, -4.4228)"
9.270000000000000284e+01,"(8.0603, -3.4075)","(-4.0652, -1.1259)","(12.6831, -4.7692)","(-9.461, -2.622)","(7.9274, -5.5495)","(-9.823, -2.6731)","(-0.9659, -17.1267)","(2.3488, 1.0835)","(0.3592, 1.52)","(-18.3912, -3.877)","(-0.4771, -7.7496)","(-2.6718, -2.8297)","(-3.6829, -17.7696)","(-2.6589, -0.7134)","(-6.1849, 9.7681)","(-3.7534, 1.5105)","(-1.6826, -22.0274)","(2.9946, -1.5154)","(-0.5255, -5.0898)","(-0.3914, -6.0088)"
9.280000000000001137e+01,"(11.6896, -5.0445)","(-9.8071, -2.7726)","(22.4067, -9.204)","(-19.9492, -5.2921)","(4.6556, -3.1585)","(-19.7323, -5.1278)","(-2.662, -23.1616)","(0.9815, 0.7826)","(0.6826, 0.9892)","(-15.3729, -1.6917)","(-0.9178, -15.0216)","(-5.0515, -5.5562)","(-3.3836, -6.9627)","(-5.843, -1.6065)","(-10.1621, 16.6211)","(-1.2742, 1.2628)","(-3.8329, -17.945)","(5.3422, -2.2002)","(-0.6355, -9.3425)","(-0.742, -9.8969)"
9.290000000000000568e+01,"(15.1747, -6.907)","(-21.3222, -5.7113)","(14.5942, -9.3059)","(-22.6738, -3.7149)","(4.9362, -2.4985)","(-21.7625, -3.4754)","(-4.2132, -11.8443)","(1.3085, 1.5064)","(1.3879, 1.7214)","(-8.402, 0.0525)","(-2.2213, -21.9449)","(-10.0963, -11.1496)","(-1.3928, -2.1197)","(-13.3474, -3.6923)","(-8.3168, 16.9641)","(-1.3998, 2.1128)","(-3.5231, -6.5933)","(10.5849, -4.149)","(-1.1815, -16.9867)","(-1.3138, -16.302)"
9.300000000000000000e+01,"(13.4679, -7.2253)","(-22.6282, -3.3333)","(3.8408, -5.177)","(-9.4907, 1.6184)","(7.8063, -3.3397)","(-9.4566, 1.3258)","(-2.6025, -3.6764)","(2.6674, 3.298)","(3.0265, 3.7882)","(-4.9938, -0.2206)","(-3.8575, -14.2506)","(-15.5232, -16.475)","(-0.3242, -0.6522)","(-23.9705, -5.8081)","(-2.3832, 9.0026)","(-2.6752, 4.143)","(-1.518, -1.7721)","(18.6243, -7.6164)","(-2.6776, -20.8242)","(-2.5657, -19.088)"
9.310000000000000853e+01,"(8.5176, -5.4447)","(-8.6624, 2.1736)","(0.6109, -2.6081)","(-3.0123, 1.8833)","(13.2185, -5.4668)","(-2.915, 1.4303)","(-1.0973, -0.8517)","(6.0652, 7.6321)","(7.0362, 8.8813)","(-5.381, -0.9631)","(-2.7543, -5.3214)","(-11.1237, -9.9261)","(-0.0931, -0.7333)","(-16.9028, -0.8134)","(-0.7179, 3.6818)","(-5.8091, 8.8814)","(-0.729, -0.4112)","(17.2999, -9.173)","(-3.6838, -11.6193)","(-3.2989, -11.9021)"
9.320000000000000284e+01,"(6.0671, -3.6765)","(-3.0558, 2.5594)","(-0.1135, -3.2251)","(-1.7985, 2.4188)","(17.6964, -7.9935)","(-1.2327, 1.439)","(-1.2208, -0.3991)","(13.0199, 16.0212)","(14.5685, 17.7089)","(-8.6378, -2.0348)","(-0.9484, -1.7814)","(-4.7872, -3.3248)","(-0.0855, -1.5753)","(-5.9102, 2.0492)","(-0.8864, 2.1197)","(-11.1252, 17.5233)","(-1.1263, -0.3268)","(6.8141, -5.962)","(-2.182, -4.5162)","(-2.0988, -5.7592)"
9.330000000000001137e+01,"(6.712, -3.3156)","(-2.5183, 3.742)","(-0.3562, -5.7566)","(-2.65, 4.1773)","(12.73, -7.5879)","(-1.6438, 2.5329)","(-2.3578, -0.6356)","(16.2543, 16.4619)","(15.2755, 14.1693)","(-14.7931, -3.5923)","(-0.2612, -1.2477)","(-1.4731, -0.9152)","(-0.1495, -3.7429)","(-2.0919, 1.9828)","(-1.8208, 3.0509)","(-9.5472, 19.1117)","(-2.3705, -0.6485)","(2.1214, -2.4008)","(-0.7299, -2.1608)","(-0.9332, -4.0771)"
9.340000000000000568e+01,"(9.7637, -4.29)","(-3.9095, 6.2698)","(-0.652, -11.4811)","(-5.1212, 8.0096)","(6.0077, -4.6362)","(-3.2801, 5.0679)","(-5.2271, -1.4423)","(8.676, 4.2566)","(7.4717, 2.8844)","(-19.5112, -3.9058)","(-0.1689, -2.2782)","(-0.3638, -0.2621)","(-0.3314, -9.3829)","(-2.052, 3.1087)","(-3.8477, 5.9939)","(-1.5275, 9.0122)","(-5.5658, -1.5646)","(0.8913, -0.7346)","(-0.3267, -2.7315)","(-0.6036, -5.6448)"
9.350000000000000000e+01,"(14.21, -6.2076)","(-7.0318, 11.2246)","(-1.5006, -20.4351)","(-9.5089, 15.0842)","(3.6814, -2.4456)","(-7.0562, 10.8163)","(-12.1754, -3.3956)","(3.6122, 0.2087)","(3.3716, -0.1983)","(-13.8426, -0.9222)","(-0.242, -4.9754)","(-0.3274, -0.3406)","(-1.0026, -21.4713)","(-3.5596, 5.6153)","(-8.0372, 12.423)","(0.3953, 3.0287)","(-13.4104, -3.779)","(1.2953, -0.588)","(-0.3349, -5.2708)","(-0.7211, -10.0254)"
9.360000000000000853e+01,"(15.4345, -7.5779)","(-10.196, 17.2459)","(-3.4607, -19.2425)","(-10.232, 18.922)","(4.5717, -2.1737)","(-11.9709, 19.4219)","(-23.4376, -5.9051)","(3.0215, -0.9629)","(3.5856, -1.2919)","(-6.7059, 0.347)","(-0.4938, -11.4989)","(-0.7029, -0.7824)","(-3.6785, -24.1776)","(-6.9721, 10.9101)","(-11.8799, 19.9848)","(0.8406, 1.4237)","(-25.0284, -6.1659)","(2.7497, -1.0662)","(-0.5766, -11.1488)","(-1.312, -17.3523)"
9.370000000000000284e+01,"(10.5284, -6.4417)","(-6.7726, 15.0884)","(-3.5938, -8.0213)","(-3.2794, 11.0349)","(7.9124, -3.2699)","(-7.0899, 16.5674)","(-18.6976, -1.5246)","(4.8319, -1.9197)","(6.0092, -2.4038)","(-3.8732, -0.1727)","(-1.4178, -22.8673)","(-1.7042, -1.9216)","(-5.104, -8.1434)","(-10.9818, 18.1578)","(-5.3605, 14.3925)","(1.6445, 2.0412)","(-16.9019, -0.5184)","(6.3608, -2.3724)","(-1.4101, -20.992)","(-2.7765, -19.828)"
9.380000000000001137e+01,"(6.3668, -4.2088)","(-2.0133, 7.7354)","(-1.6159, -2.5238)","(-0.4984, 4.3217)","(14.1219, -5.7325)","(-0.688, 7.0253)","(-6.6816, 2.148)","(9.2309, -3.6286)","(11.3707, -4.4977)","(-4.6225, -0.9042)","(-4.024, -20.0886)","(-4.4057, -4.9935)","(-3.9736, -2.3622)","(-7.0973, 15.9622)","(-0.4429, 5.8203)","(3.337, 4.1202)","(-5.7865, 2.5239)","(14.7112, -5.5011)","(-3.5806, -20.112)","(-3.4912, -10.9836)"
9.390000000000000568e+01,"(5.6611, -3.0861)","(-1.0054, 3.5603)","(-0.4003, -0.7671)","(-0.2781, 1.4432)","(18.7008, -8.4973)","(0.4351, 2.2199)","(-2.3669, 2.1765)","(16.9067, -6.8029)","(18.6759, -7.8187)","(-8.0544, -1.9827)","(-4.2429, -6.6599)","(-11.1971, -12.6452)","(-5.1341, -1.4255)","(-1.4566, 7.4675)","(0.2729, 1.711)","(7.2712, 9.0669)","(-2.5611, 2.9145)","(23.6493, -10.082)","(-3.8672, -7.8013)","(-1.9963, -4.6391)"
9.400000000000000000e+01,"(7.7253, -3.498)","(-1.5297, 3.0264)","(-0.1091, -0.7647)","(-0.6276, 1.1986)","(11.8673, -7.5724)","(0.8483, 1.2848)","(-2.2121, 3.3409)","(18.8876, -9.227)","(15.94, -8.7732)","(-14.8226, -3.7338)","(-2.6601, -1.7754)","(-19.0992, -20.4255)","(-8.182, -1.9877)","(-0.329, 2.6446)","(0.4894, 0.8036)","(14.1731, 17.0071)","(-2.9078, 4.5803)","(11.598, -8.7554)","(-1.8614, -2.1435)","(-0.743, -2.8666)"
9.410000000000000853e+01,"(12.0197, -5.1307)","(-3.0015, 4.8978)","(-0.092, -1.6073)","(-1.4278, 2.2484)","(4.8751, -4.1912)","(1.6731, 2.0664)","(-3.7142, 5.8909)","(8.6969, -6.764)","(6.4524, -5.5383)","(-20.7156, -4.316)","(-3.353, -0.9928)","(-10.64, -8.1842)","(-13.8062, -3.3491)","(-0.4688, 1.2352)","(1.0114, 1.2667)","(14.6621, 13.6498)","(-4.9385, 7.907)","(2.6252, -4.681)","(-1.0416, -0.539)","(-0.4241, -4.0733)"
9.420000000000000284e+01,"(16.1362, -7.2701)","(-6.0386, 9.4603)","(-0.1553, -3.7715)","(-3.2953, 4.9963)","(2.6483, -1.8931)","(3.5018, 4.3486)","(-7.0713, 11.1384)","(2.8837, -3.0486)","(2.3747, -2.2758)","(-14.1976, -0.7571)","(-5.7978, -1.4765)","(-5.4307, -2.2868)","(-19.0215, -3.9634)","(-1.0815, 1.7989)","(2.1959, 2.7475)","(7.2994, 3.3319)","(-8.5419, 13.7893)","(0.2764, -3.3018)","(-1.6556, -0.4671)","(-0.4972, -7.7413)"
9.430000000000001137e+01,"(13.6097, -7.4872)","(-10.4664, 16.8998)","(-0.3386, -9.3631)","(-7.6528, 11.5507)","(3.3743, -1.596)","(7.7923, 9.7489)","(-10.7436, 17.9364)","(1.2292, -1.0183)","(1.7271, -1.0392)","(-6.1126, 0.7002)","(-11.1428, -2.8911)","(-5.5528, -1.2843)","(-14.8898, -1.3865)","(-2.4217, 3.7272)","(5.168, 6.548)","(2.7176, 0.258)","(-9.7664, 17.7242)","(-0.2923, -4.8154)","(-3.4039, -0.9211)","(-0.9163, -15.21)"
9.440000000000000568e+01,"(7.7207, -5.2635)","(-8.7287, 17.6668)","(-1.006, -21.2815)","(-13.0826, 21.2016)","(6.2398, -2.5253)","(14.9518, 17.822)","(-6.8625, 15.5283)","(1.6292, -0.7631)","(2.9743, -1.2587)","(-2.6779, 0.1145)","(-19.3946, -4.7018)","(-8.1478, -1.6118)","(-7.6485, 0.2262)","(-5.6041, 8.4697)","(11.8342, 14.7926)","(2.0138, -0.5964)","(-4.4327, 12.0486)","(-0.5645, -8.6493)","(-7.7608, -2.1569)","(-2.2572, -22.2063)"
9.450000000000000000e+01,"(5.1304, -3.239)","(-2.1391, 9.0189)","(-3.6312, -24.1308)","(-5.9486, 15.8627)","(12.3097, -4.8303)","(14.1347, 12.4669)","(-1.5973, 7.4315)","(3.329, -1.3085)","(6.1698, -2.3889)","(-2.7225, -0.4798)","(-19.0618, -2.6776)","(-12.9585, -2.5507)","(-4.3998, -0.1678)","(-11.4257, 17.746)","(17.2305, 18.529)","(3.334, -1.2969)","(-1.3711, 5.6904)","(-1.0696, -15.912)","(-17.3151, -4.7224)","(-3.9204, -14.0491)"
9.460000000000000853e+01,"(5.85, -2.8636)","(-0.3625, 3.3206)","(-5.0376, -8.253)","(0.2318, 6.2535)","(19.7966, -8.3689)","(6.7188, 2.6482)","(-0.5458, 2.8652)","(7.4548, -2.8085)","(13.2006, -5.0477)","(-4.9185, -1.2297)","(-9.0408, 0.7177)","(-17.8586, -3.2912)","(-4.9015, -0.9065)","(-10.1505, 20.074)","(9.9162, 5.3539)","(6.7955, -2.6141)","(-1.1581, 3.0918)","(-2.4362, -21.107)","(-24.5569, -5.0189)","(-2.7554, -5.0967)"
9.470000000000000284e+01,"(9.1035, -3.9051)","(-0.3521, 1.242)","(-3.8257, -2.361)","(1.4026, 2.7607)","(14.7696, -8.694)","(2.6785, -0.0114)","(-0.8354, 1.835)","(16.2915, -6.2013)","(21.6574, -9.1201)","(-10.1433, -2.7022)","(-3.294, 0.5983)","(-15.4757, -2.1618)","(-8.1861, -1.9707)","(-1.1973, 9.1666)","(4.4074, 0.258)","(14.2572, -5.4822)","(-2.0802, 3.6781)","(-3.7023, -12.9322)","(-12.0249, 1.0391)","(-0.9346, -1.5748)"
9.480000000000001137e+01,"(14.3698, -6.0924)","(-0.8252, 1.4415)","(-4.885, -1.3791)","(2.5856, 3.2082)","(5.3006, -5.0562)","(2.5885, -0.8832)","(-1.781, 2.914)","(22.5252, -10.1586)","(13.719, -8.8441)","(-19.3749, -4.923)","(-1.5458, -0.0288)","(-8.9675, -0.7737)","(-14.613, -3.6269)","(0.8887, 3.3176)","(3.7078, -1.1881)","(21.667, -9.3874)","(-4.1174, 6.5633)","(-2.4227, -5.1339)","(-3.9243, 2.0638)","(-0.2239, -0.8698)"
9.490000000000000568e+01,"(16.6897, -7.9765)","(-1.8537, 2.8776)","(-7.8355, -1.9143)","(4.6665, 5.6184)","(1.6807, -1.8507)","(4.4654, -1.7563)","(-3.859, 5.9575)","(9.6622, -7.9474)","(3.9347, -4.7694)","(-20.8906, -3.2814)","(-2.1744, -0.4783)","(-5.5693, -0.5916)","(-20.1585, -4.1715)","(1.7809, 2.4713)","(5.6769, -2.2857)","(12.1902, -8.3951)","(-7.9949, 12.5851)","(-0.849, -2.3087)","(-1.9418, 2.4128)","(-0.1211, -1.5502)"
9.500000000000000000e+01,"(10.8966, -6.829)","(-4.3054, 6.5074)","(-13.435, -3.2896)","(8.8539, 10.7092)","(0.9637, -0.6489)","(9.0138, -3.4878)","(-8.2501, 12.6808)","(2.2158, -3.9043)","(0.7438, -1.8499)","(-9.5391, 1.016)","(-4.4264, -1.171)","(-5.9396, -0.9918)","(-14.2901, -0.921)","(3.2202, 3.8896)","(10.2669, -4.1085)","(3.4324, -4.3001)","(-11.0039, 18.8841)","(-0.3522, -2.6322)","(-2.5626, 4.0318)","(-0.1641, -3.4257)"
9.510000000000000853e+01,"(5.6927, -4.1215)","(-9.5777, 14.5896)","(-19.1405, -4.0892)","(14.0906, 16.0086)","(1.6886, -0.7172)","(17.34, -6.8702)","(-12.1902, 20.511)","(0.2464, -2.5413)","(0.0251, -1.6443)","(-3.0423, 1.0534)","(-9.8711, -2.7134)","(-9.2418, -1.7952)","(-6.515, 0.541)","(6.1819, 7.5281)","(17.2193, -7.1413)","(0.64, -1.5923)","(-5.377, 13.8837)","(-0.3317, -4.9561)","(-4.7627, 7.4944)","(-0.3237, -8.1711)"
9.520000000000000284e+01,"(4.4693, -2.5958)","(-12.5334, 21.8398)","(-15.4359, -1.5411)","(12.1918, 10.5253)","(3.6586, -1.4004)","(19.6942, -9.5767)","(-5.0131, 14.1685)","(-0.21, -3.8038)","(-0.1588, -2.9507)","(-0.7628, 0.5263)","(-20.1856, -5.2817)","(-15.1379, -2.9863)","(-3.2382, 0.0015)","(11.6323, 13.9515)","(17.1015, -8.7695)","(0.0229, -1.404)","(-1.0011, 6.063)","(-0.546, -10.4035)","(-8.8693, 14.0586)","(-0.8535, -18.6968)"
9.530000000000001137e+01,"(6.1831, -2.8004)","(-3.0459, 12.1814)","(-7.8352, 0.2839)","(6.1022, 3.4005)","(8.5039, -3.1672)","(8.3709, -6.8971)","(-0.1658, 5.5548)","(-0.4278, -7.1751)","(-0.3067, -6.2821)","(-0.5156, 0.708)","(-21.9276, -3.4118)","(-18.8606, -3.3037)","(-3.5587, -0.6593)","(14.7815, 15.3753)","(8.0215, -6.1611)","(-0.1334, -2.5673)","(-0.3644, 2.1429)","(-1.2839, -20.0524)","(-10.5166, 18.8576)","(-2.9915, -25.3512)"
9.540000000000000568e+01,"(10.4362, -4.3322)","(0.6836, 4.5405)","(-4.2356, -0.0757)","(2.3048, 1.2658)","(18.4695, -7.0573)","(2.3604, -3.0068)","(0.5557, 1.7788)","(-0.8273, -14.3145)","(-0.6562, -13.9505)","(-0.9557, 1.4551)","(-9.1687, 1.5365)","(-13.2534, -1.4966)","(-6.3142, -1.5671)","(9.2423, 6.2381)","(3.2457, -2.8642)","(-0.2616, -5.57)","(-0.6659, 1.4109)","(-3.3565, -21.1037)","(-4.0992, 12.1042)","(-4.9108, -10.3825)"
9.550000000000000000e+01,"(16.3331, -6.9482)","(1.6176, 2.5506)","(-4.4696, -0.7917)","(1.3955, 1.3068)","(21.7274, -10.4859)","(0.5096, -0.8563)","(1.0911, 1.4794)","(-2.0579, -22.2537)","(-1.9241, -24.0962)","(-2.2238, 3.3437)","(-2.8418, 1.6477)","(-6.8734, -0.4665)","(-12.4238, -3.2378)","(3.8034, 1.7218)","(2.3986, -1.4382)","(-0.5604, -12.7353)","(-1.4854, 2.3926)","(-3.9789, -8.7121)","(-0.7801, 5.0571)","(-3.4891, -2.8684)"
9.560000000000000853e+01,"(16.1521, -8.2789)","(2.9199, 3.5446)","(-7.4505, -1.7913)","(2.1624, 2.5439)","(7.4484, -7.3167)","(0.0715, -0.251)","(2.1411, 2.6311)","(-3.9099, -15.291)","(-4.3306, -16.1089)","(-5.4929, 8.1825)","(-1.5307, 1.9844)","(-4.5441, -0.5401)","(-20.762, -4.8916)","(1.2326, 0.6905)","(3.8672, -1.6693)","(-1.6596, -23.8376)","(-3.3268, 5.0905)","(-2.0069, -2.4909)","(-0.4514, 1.9024)","(-3.7753, -1.245)"
9.570000000000000284e+01,"(8.6, -6.078)","(5.4242, 6.5659)","(-13.6446, -3.4345)","(4.4246, 5.4676)","(1.4838, -3.6464)","(-0.0037, -0.3106)","(4.5519, 5.6651)","(-2.9967, -5.5873)","(-3.5695, -5.0708)","(-11.9543, 18.3093)","(-2.227, 3.4829)","(-5.7582, -1.0378)","(-17.5753, -1.8582)","(0.9394, 0.9701)","(7.6238, -3.0015)","(-4.2601, -18.0352)","(-7.5054, 11.3998)","(-0.948, -0.5795)","(-0.9127, 1.7198)","(-6.0288, -1.5075)"
9.580000000000001137e+01,"(4.2983, -3.2311)","(10.2865, 12.4022)","(-20.2771, -4.4367)","(9.5175, 11.8003)","(0.0376, -3.336)","(-0.0275, -0.6944)","(9.9155, 12.3164)","(-1.0865, -1.6375)","(-2.0617, -1.3061)","(-10.6047, 21.0122)","(-4.4067, 6.8465)","(-9.8218, -1.967)","(-7.5596, 0.9792)","(1.7057, 2.0674)","(15.0444, -5.9065)","(-3.9618, -5.7323)","(-12.67, 20.5914)","(-1.3555, -0.3996)","(-1.9886, 3.1486)","(-10.8172, -2.7266)"
9.590000000000000568e+01,"(3.8828, -2.1143)","(14.7099, 16.0603)","(-15.6063, -1.3306)","(15.8785, 18.1201)","(-0.3486, -5.3521)","(-0.0598, -1.7425)","(16.2046, 18.334)","(-0.2346, -0.5724)","(-2.7344, -0.7992)","(-0.6146, 9.1842)","(-8.7825, 13.7001)","(-16.648, -3.3166)","(-2.5293, 0.5616)","(3.7693, 4.7266)","(20.566, -9.2642)","(-2.488, -1.529)","(-6.2523, 15.9717)","(-2.7489, -0.744)","(-4.4399, 6.7794)","(-18.1258, -4.3213)"
9.600000000000000000e+01,"(6.0853, -2.6281)","(10.6415, 8.1429)","(-7.0898, 0.6381)","(11.9584, 9.0953)","(-0.6245, -10.0364)","(-0.1378, -4.6506)","(11.5569, 8.3598)","(-0.0827, -0.8263)","(-4.9826, -1.2946)","(1.6408, 3.9312)","(-11.3479, 19.8266)","(-19.4131, -3.2736)","(-1.0697, -0.0014)","(8.7192, 10.974)","(11.0462, -7.7929)","(-3.3148, -0.9518)","(-0.0877, 6.389)","(-6.2636, -1.7425)","(-9.4667, 14.5545)","(-18.8227, -2.9022)"
9.610000000000000853e+01,"(10.9859, -4.4476)","(4.8184, 2.431)","(-3.1129, 0.1646)","(5.2292, 1.7725)","(-1.2772, -18.1023)","(-0.3724, -12.5488)","(4.9574, 1.4574)","(-0.091, -1.8218)","(-10.1401, -2.6969)","(3.0232, 3.8314)","(-4.2455, 12.7629)","(-11.8015, -1.0632)","(-1.5462, -0.3466)","(16.2197, 19.0738)","(3.4442, -3.8494)","(-5.8661, -1.5023)","(0.9821, 2.3998)","(-14.5389, -4.0392)","(-11.9959, 21.0916)","(-10.0602, 0.2475)"
9.620000000000000284e+01,"(17.6101, -7.4334)","(1.7173, 0.9864)","(-2.8791, -0.4625)","(1.9932, -0.0715)","(-2.9268, -20.4775)","(-1.5132, -26.955)","(2.1526, -0.2445)","(-0.1688, -4.3958)","(-19.1953, -4.8605)","(5.0817, 6.0176)","(-0.397, 5.0277)","(-5.4835, -0.2528)","(-3.2576, -0.8737)","(13.1333, 10.3471)","(0.9349, -1.1885)","(-11.457, -2.9908)","(1.8885, 2.4279)","(-24.9064, -5.8412)","(-3.2687, 12.0796)","(-4.3644, 0.3728)"
9.630000000000001137e+01,"(16.0462, -8.5494)","(1.2479, 1.255)","(-4.9858, -1.2202)","(2.0948, -0.7308)","(-3.6675, -10.3704)","(-5.068, -18.4509)","(2.6315, -0.9694)","(-0.3906, -11.0431)","(-20.7863, -3.2923)","(8.8606, 10.5144)","(0.0725, 1.4113)","(-3.4772, -0.4095)","(-7.5636, -2.1127)","(5.949, 1.6357)","(0.4191, -0.3172)","(-19.9103, -4.8141)","(3.5086, 4.2559)","(-15.2942, -0.0338)","(0.3251, 4.4328)","(-2.9381, -0.2845)"
9.640000000000000568e+01,"(7.3759, -5.7534)","(2.1381, 2.5623)","(-10.0477, -2.6506)","(3.8283, -1.4879)","(-1.9684, -3.8475)","(-5.5221, -5.2464)","(4.8784, -1.905)","(-1.2794, -23.8542)","(-9.6604, 0.9308)","(13.2156, 14.7853)","(0.0618, 0.3093)","(-4.7634, -0.8849)","(-17.1842, -4.7193)","(3.0894, -0.5168)","(0.7677, -0.3239)","(-18.7927, -2.4638)","(7.0079, 8.5941)","(-5.1752, 2.2406)","(0.9853, 1.8764)","(-4.3735, -0.9865)"
9.650000000000000000e+01,"(3.2358, -2.6817)","(4.5492, 5.6623)","(-18.9427, -4.7881)","(8.1239, -3.0971)","(-0.6097, -1.8116)","(-5.7184, -2.0525)","(10.1684, -3.9038)","(-4.273, -21.204)","(-3.1437, 0.9892)","(11.7531, 10.4671)","(0.09, 0.1429)","(-8.7463, -1.7915)","(-24.94, -5.1814)","(3.9406, -1.5097)","(1.7531, -0.6618)","(-8.5593, 0.8559)","(13.0098, 15.4878)","(-2.1862, 2.4427)","(1.8886, 2.3569)","(-8.3976, -2.1683)"
9.660000000000000853e+01,"(2.8271, -1.5652)","(9.983, 12.4165)","(-20.7944, -3.3574)","(16.7648, -6.4937)","(-0.2715, -2.4106)","(-7.943, -1.8844)","(19.0696, -7.6344)","(-4.9103, -6.4897)","(-0.7526, 0.3897)","(6.4938, 4.2615)","(0.2097, 0.2679)","(-16.2322, -3.3269)","(-12.1976, 1.0865)","(6.9539, -2.7705)","(4.3109, -1.579)","(-2.9722, 0.63)","(14.4266, 14.0782)","(-2.5192, 3.9321)","(3.6515, 4.4646)","(-16.2523, -4.1827)"
9.670000000000000284e+01,"(4.723, -2.0019)","(16.3279, 18.4636)","(-9.8736, 0.8402)","(21.2769, -9.9066)","(-0.2885, -4.7848)","(-11.9249, -2.7349)","(18.3389, -9.6009)","(-4.0383, -1.9967)","(-0.2699, 0.3073)","(3.2125, 2.3344)","(0.5142, 0.6574)","(-21.0759, -3.7362)","(-4.0163, 2.2276)","(13.1752, -5.2215)","(10.9319, -3.9764)","(-1.2184, 0.0221)","(7.9168, 4.5921)","(-4.453, 7.0562)","(7.5736, 9.3509)","(-21.7775, -4.3421)"
9.680000000000001137e+01,"(9.2121, -3.634)","(11.511, 8.2154)","(-3.2841, 0.9482)","(9.1015, -7.4785)","(-0.5079, -10.3999)","(-16.488, -3.4937)","(6.6323, -6.2229)","(-5.5674, -1.4569)","(-0.4127, 0.617)","(2.8607, 2.9391)","(1.3503, 1.7451)","(-12.7408, -1.1059)","(-2.1254, 2.7209)","(19.5839, -8.5176)","(23.0727, -8.9474)","(-1.6389, -0.3541)","(2.9181, 1.0753)","(-8.2391, 13.0779)","(13.9894, 16.5752)","(-12.7481, 0.0017)"
9.690000000000000568e+01,"(16.999, -6.8306)","(4.9305, 1.3604)","(-0.8112, 0.3114)","(2.2726, -3.445)","(-1.262, -20.5884)","(-15.92, -2.3007)","(1.6532, -2.5018)","(-9.0408, -2.1973)","(-0.9493, 1.4242)","(4.5286, 5.3146)","(3.7137, 4.8311)","(-5.2058, -0.023)","(-2.8416, 4.4996)","(13.4043, -8.2327)","(17.7782, -10.4926)","(-3.3822, -0.8988)","(0.7529, 0.2704)","(-10.5701, 18.5093)","(14.0559, 12.9891)","(-4.7589, 0.9943)"
9.700000000000000000e+01,"(18.9704, -9.2755)","(2.2844, -0.3247)","(-0.1615, 0.0583)","(0.3298, -1.5976)","(-3.4778, -21.4136)","(-10.3856, -0.5373)","(0.2515, -0.932)","(-15.0477, -3.6098)","(-2.4156, 3.5756)","(8.413, 10.1394)","(10.0488, 12.9768)","(-2.1227, -0.1092)","(-5.196, 8.2173)","(4.9797, -4.6308)","(4.1806, -6.5245)","(-7.7394, -2.1502)","(0.2681, 0.2243)","(-4.9727, 13.1463)","(7.0995, 3.5651)","(-1.4568, 0.3091)"
9.710000000000000853e+01,"(8.6144, -6.7656)","(2.9153, -1.0917)","(-0.0682, -0.0064)","(-0.0772, -2.1545)","(-4.1277, -8.3434)","(-6.7467, -0.4242)","(-0.0237, -1.1504)","(-19.0609, -3.6947)","(-6.302, 9.2929)","(13.6722, 15.6649)","(19.0744, 22.2211)","(-2.2416, -0.3831)","(-9.2243, 14.7947)","(1.9234, -1.7585)","(0.5232, -4.6436)","(-17.3086, -4.7244)","(0.4377, 0.5256)","(-1.1299, 5.8747)","(2.4503, 0.5979)","(-0.8708, -0.0911)"
9.720000000000000284e+01,"(2.7926, -3.023)","(5.4058, -2.1164)","(-0.153, -0.0411)","(-0.2265, -4.1847)","(-2.1873, -2.2558)","(-6.6641, -1.0803)","(-0.113, -2.3297)","(-13.3657, -0.8652)","(-13.5002, 20.7708)","(12.6162, 11.3242)","(12.1877, 6.9086)","(-4.2484, -0.8753)","(-9.8185, 18.2273)","(1.793, -0.9622)","(-0.3941, -6.1447)","(-24.6042, -5.0364)","(1.0, 1.2626)","(-0.6453, 2.4312)","(0.9015, -0.1005)","(-1.586, -0.395)"
9.730000000000001137e+01,"(1.1046, -0.9657)","(11.108, -4.286)","(-0.3885, -0.1117)","(-0.4335, -9.1324)","(-1.6745, -0.6992)","(-9.4907, -2.0794)","(-0.2242, -5.3812)","(-6.7355, 0.2207)","(-8.6741, 19.5954)","(6.6057, 3.8855)","(6.7702, -0.2405)","(-9.1106, -1.9483)","(-3.5896, 11.1286)","(3.333, -1.3646)","(-0.7639, -9.9025)","(-12.0366, 1.0488)","(2.5128, 3.2234)","(-1.1873, 2.2445)","(1.1797, -0.425)","(-3.5397, -0.9738)"
9.740000000000000568e+01,"(1.3924, -0.6638)","(19.7198, -8.0483)","(-1.0473, -0.3074)","(-1.0484, -19.0134)","(-2.8031, -0.7521)","(-14.5358, -3.3115)","(-0.5127, -12.9029)","(-4.2901, -0.3031)","(0.5836, 8.0594)","(2.6194, 1.4822)","(6.5286, -2.3674)","(-18.6204, -3.9107)","(-0.8758, 4.7362)","(7.0789, -2.7149)","(-1.3241, -16.0398)","(-3.9319, 2.0848)","(6.5688, 8.463)","(-2.4904, 3.9741)","(2.4357, -0.9224)","(-8.5086, -2.4044)"
9.750000000000000000e+01,"(2.8616, -1.1253)","(16.8065, -9.295)","(-2.9524, -0.8777)","(-3.0936, -23.181)","(-5.6373, -1.5048)","(-17.7261, -3.3462)","(-1.6633, -24.8814)","(-5.358, -1.0798)","(2.6163, 4.4553)","(1.5985, 1.4856)","(8.8357, -3.7782)","(-22.6412, -3.8405)","(-0.7429, 2.207)","(15.0263, -5.7652)","(-2.5166, -18.8096)","(-1.9658, 2.4543)","(15.1904, 18.8826)","(-5.3535, 8.2455)","(5.7019, -2.1136)","(-19.2789, -5.2709)"
9.760000000000000853e+01,"(6.4695, -2.4305)","(5.8642, -5.7001)","(-8.4837, -2.5309)","(-4.3698, -9.9124)","(-12.1501, -3.2946)","(-13.389, -1.1733)","(-4.5182, -17.8521)","(-9.2163, -2.254)","(4.3459, 5.1929)","(2.4087, 2.8161)","(12.7792, -5.5456)","(-10.754, -0.3443)","(-1.4732, 2.5954)","(21.9714, -9.6711)","(-3.2348, -12.0988)","(-2.6011, 4.0962)","(16.4446, 15.2)","(-10.4034, 16.3359)","(13.5792, -5.0314)","(-24.4615, -4.4733)"
9.770000000000000284e+01,"(14.6586, -5.514)","(1.5077, -2.1602)","(-21.996, -6.2795)","(-2.5624, -2.7676)","(-22.0647, -5.4212)","(-7.7772, -0.1612)","(-4.2739, -5.3549)","(-16.1018, -3.942)","(6.9022, 8.0382)","(4.8267, 5.9385)","(15.3837, -7.2235)","(-3.6775, 0.4414)","(-3.0915, 4.8673)","(11.1816, -8.1895)","(-2.1179, -6.0875)","(-4.8252, 7.5976)","(8.1602, 2.1633)","(-10.277, 19.5604)","(23.8895, -9.8591)","(-10.3043, 1.81)"
9.780000000000001137e+01,"(23.2223, -9.9434)","(0.2666, -0.6165)","(-26.1034, -4.227)","(-1.9, -0.8312)","(-18.4392, -1.8077)","(-5.7367, -0.5855)","(-3.326, -1.6127)","(-19.9305, -3.7479)","(10.7253, 12.2907)","(10.0817, 12.414)","(12.1861, -6.9025)","(-1.6015, 0.5283)","(-6.589, 10.1499)","(2.9468, -4.0665)","(-0.9879, -4.4415)","(-8.9288, 14.1749)","(5.1708, -1.0826)","(-2.2556, 10.0459)","(13.1939, -9.2825)","(-3.5016, 2.5152)"
9.790000000000000568e+01,"(11.6805, -8.6611)","(0.0175, -0.4551)","(-9.3929, 3.6619)","(-3.0707, -0.8232)","(-7.1096, 1.5572)","(-7.0993, -1.4139)","(-4.7659, -1.259)","(-12.455, -0.35)","(12.6049, 12.9581)","(15.7792, 17.6477)","(7.5611, -4.9)","(-2.2447, 0.9887)","(-11.5009, 18.5297)","(0.4778, -1.7365)","(-0.6583, -6.0844)","(-10.4234, 18.7817)","(6.3242, -2.5387)","(0.1342, 3.5009)","(3.0046, -5.2048)","(-2.4474, 3.4809)"
9.800000000000000000e+01,"(2.7513, -4.5392)","(-0.0378, -0.8977)","(-4.5978, 5.2459)","(-6.006, -1.5868)","(-2.0636, 1.1922)","(-11.2325, -2.6216)","(-8.1893, -2.0469)","(-5.5553, 0.4786)","(9.2454, 7.5143)","(11.2348, 8.2314)","(5.9651, -3.4361)","(-4.4179, 1.9711)","(-7.9372, 17.3294)","(-0.0479, -2.0595)","(-0.7882, -10.5714)","(-4.0143, 11.9537)","(9.7239, -4.0708)","(0.4422, 1.1131)","(0.3289, -3.6963)","(-3.5822, 5.7433)"
9.810000000000000853e+01,"(0.3371, -2.8634)","(-0.083, -2.1121)","(-4.4471, 7.2566)","(-12.5832, -3.3731)","(-1.0716, 1.3758)","(-16.9432, -3.798)","(-14.664, -3.6563)","(-3.1251, -0.1407)","(5.3148, 3.9435)","(4.8019, 1.7013)","(7.2842, -3.4502)","(-9.6241, 4.26)","(-1.1402, 7.7749)","(-0.2141, -3.8727)","(-1.4175, -17.6115)","(-0.7892, 5.0002)","(14.8231, -6.3387)","(0.8883, 1.1611)","(-0.3269, -5.2479)","(-6.428, 10.2522)"
9.820000000000000284e+01,"(-0.2244, -4.0996)","(-0.1802, -5.3778)","(-5.8989, 10.0783)","(-21.9167, -5.2656)","(-1.638, 2.5324)","(-17.2861, -2.6589)","(-20.2188, -4.1827)","(-3.9949, -0.8225)","(3.8896, 3.6223)","(1.6169, 0.055)","(10.8641, -4.7185)","(-18.9848, 8.5557)","(0.2192, 2.4799)","(-0.4048, -8.3265)","(-2.8468, -19.0482)","(-0.4881, 1.9327)","(16.1421, -7.9191)","(1.8265, 2.2637)","(-0.6274, -9.1383)","(-9.9586, 16.5448)"
9.830000000000001137e+01,"(-0.469, -7.4823)","(-0.4683, -13.833)","(-7.5931, 13.3482)","(-17.6953, -1.6077)","(-3.4283, 5.2596)","(-10.6103, -0.3143)","(-14.2452, -0.8919)","(-7.342, -1.8558)","(4.9122, 5.4619)","(1.4161, -0.4573)","(15.1216, -6.717)","(-19.1903, 9.8626)","(0.4293, 0.8767)","(-0.9333, -17.6012)","(-3.3438, -10.497)","(-0.9858, 1.8331)","(10.1704, -6.4997)","(4.0971, 5.151)","(-1.162, -16.154)","(-7.7523, 16.1437)"
9.840000000000000568e+01,"(-0.885, -14.4571)","(-1.8106, -27.0168)","(-7.0803, 13.8948)","(-6.9305, 1.3882)","(-7.5241, 11.486)","(-5.9165, -0.0902)","(-6.4503, 0.5577)","(-14.2977, -3.7011)","(7.9619, 9.3125)","(2.5927, -0.9955)","(14.566, -7.535)","(-7.4192, 5.3683)","(0.8809, 1.1236)","(-2.7577, -23.8191)","(-1.869, -4.7349)","(-2.134, 3.3744)","(5.5727, -3.9204)","(9.4351, 11.8538)","(-2.5053, -20.3751)","(-2.4681, 8.7531)"
9.850000000000000000e+01,"(-2.1039, -21.7255)","(-5.0735, -16.3367)","(-4.5473, 10.6347)","(-1.9819, 0.9241)","(-12.3922, 20.2612)","(-5.2069, -0.7451)","(-3.1724, 0.0111)","(-21.5453, -4.7279)","(12.1749, 13.8031)","(5.672, -2.1396)","(9.1479, -5.8627)","(-2.1924, 2.191)","(1.8617, 2.3186)","(-4.4013, -11.3855)","(-0.7568, -3.4083)","(-4.7411, 7.2451)","(4.796, -2.6628)","(16.6424, 19.2334)","(-3.5563, -12.4606)","(-1.0291, 3.9658)"
9.860000000000000853e+01,"(-3.7961, -14.9723)","(-4.8808, -4.6442)","(-3.2186, 7.6155)","(-0.6927, 0.746)","(-6.2326, 15.7709)","(-7.5859, -1.6881)","(-3.4764, -0.6433)","(-15.1012, -0.856)","(12.3625, 11.85)","(12.8941, -4.8382)","(5.8686, -3.7633)","(-1.0501, 1.5895)","(4.2942, 5.4249)","(-2.7544, -3.3152)","(-0.4947, -5.0579)","(-9.8861, 15.2748)","(6.8447, -3.0554)","(12.2737, 8.9691)","(-2.2762, -5.2932)","(-1.3915, 2.9349)"
9.870000000000000284e+01,"(-2.86, -5.7528)","(-4.9387, -1.7893)","(-3.5753, 7.0965)","(-0.902, 1.3608)","(-0.2774, 6.3779)","(-12.8263, -3.1019)","(-6.1871, -1.5377)","(-6.0857, 0.9928)","(7.7052, 5.591)","(22.6567, -9.3287)","(5.9543, -3.0587)","(-1.5422, 2.6749)","(10.0243, 12.615)","(-1.7269, -0.8877)","(-0.622, -9.4546)","(-11.5245, 20.783)","(11.3975, -4.7489)","(5.4388, 1.2695)","(-0.863, -2.9106)","(-2.7005, 4.4723)"
9.880000000000001137e+01,"(-1.0277, -1.9909)","(-7.1377, -1.7335)","(-5.0921, 8.9873)","(-1.8945, 2.8878)","(0.7073, 2.1604)","(-18.7111, -4.0719)","(-12.2394, -3.1979)","(-2.0227, 0.3833)","(4.0962, 3.0052)","(14.2671, -9.272)","(8.6343, -3.809)","(-3.1008, 5.3781)","(17.106, 19.5132)","(-2.6257, -0.7268)","(-1.1905, -17.3376)","(-2.7806, 11.2943)","(16.7684, -7.2991)","(3.0588, -0.6269)","(-0.4404, -3.7479)","(-5.4336, 8.5319)"
9.890000000000000568e+01,"(-0.2954, -1.4185)","(-11.4014, -2.7126)","(-7.1908, 12.4269)","(-4.4665, 6.7121)","(1.3871, 1.8585)","(-16.0726, -1.8511)","(-20.7178, -4.9188)","(-1.1917, -0.1103)","(3.362, 3.3279)","(3.6613, -5.1295)","(13.3181, -5.6966)","(-6.6503, 11.4928)","(11.672, 7.8637)","(-5.0691, -1.338)","(-2.7518, -20.9437)","(0.3411, 4.063)","(14.8932, -8.0092)","(4.1226, -1.6023)","(-0.4688, -6.9655)","(-9.8747, 15.7646)"
9.900000000000000000e+01,"(-0.1929, -2.5496)","(-17.0008, -3.7902)","(-7.8107, 14.531)","(-10.0274, 15.2447)","(2.6453, 3.2302)","(-8.4821, 0.1854)","(-17.8507, -1.9585)","(-2.0446, -0.4959)","(4.8658, 5.5931)","(0.556, -2.7288)","(16.3038, -7.6207)","(-11.2696, 20.1179)","(5.1796, 0.8751)","(-10.7408, -2.8988)","(-3.7259, -11.2619)","(0.9258, 1.7302)","(7.7317, -5.5624)","(7.3935, -2.9403)","(-0.8151, -13.8005)","(-9.7226, 18.5278)"
9.910000000000000853e+01,"(-0.2743, -5.5024)","(-17.062, -2.5718)","(-5.4015, 12.0554)","(-12.4823, 22.0828)","(5.4521, 6.7402)","(-4.5713, -0.0605)","(-7.6848, 0.9995)","(-4.4207, -1.201)","(8.4848, 10.0811)","(-0.1455, -3.512)","(11.9953, -7.0561)","(-7.3408, 15.8925)","(3.4328, -0.8876)","(-20.4567, -5.1768)","(-2.1421, -4.2263)","(1.7866, 2.2289)","(4.2831, -3.0154)","(13.9382, -5.5375)","(-1.9583, -21.8677)","(-2.8288, 10.268)"
9.920000000000000284e+01,"(-0.5601, -12.4835)","(-10.4518, -0.3087)","(-3.3, 8.2375)","(-2.4694, 11.5882)","(11.194, 13.7034)","(-4.5863, -0.7732)","(-2.5365, 0.6036)","(-10.2559, -2.8596)","(13.1316, 14.8691)","(-0.3935, -6.2728)","(6.6845, -4.6261)","(-1.8658, 6.5196)","(4.8774, -1.9372)","(-20.3403, -2.8297)","(-0.6814, -1.8801)","(3.4997, 4.2907)","(4.452, -2.2763)","(19.6862, -8.7339)","(-3.8147, -15.9473)","(-0.4547, 3.9444)"
9.930000000000001137e+01,"(-1.616, -23.4684)","(-5.9333, -0.1294)","(-3.124, 6.6723)","(0.9414, 4.3849)","(15.8138, 17.0268)","(-7.4277, -1.758)","(-0.9544, 0.0365)","(-21.2946, -5.5941)","(12.2303, 11.1379)","(-0.7215, -12.3528)","(5.0391, -2.9801)","(-0.2833, 2.1555)","(8.7051, -3.4821)","(-8.6039, 1.3079)","(-0.2838, -2.3195)","(7.3691, 9.1278)","(7.1801, -3.0548)","(12.3543, -7.9489)","(-3.0704, -6.049)","(-0.3258, 1.3867)"
9.940000000000000568e+01,"(-4.1703, -18.4114)","(-5.3574, -0.7914)","(-4.3127, 7.8021)","(2.013, 2.9189)","(10.0267, 6.6126)","(-13.394, -3.3468)","(-1.2775, -0.277)","(-21.6676, -3.0362)","(6.8172, 4.4393)","(-1.6714, -20.9422)","(6.4479, -3.0073)","(0.0966, 1.5727)","(15.5281, -6.2927)","(-2.5999, 1.1581)","(-0.2832, -4.534)","(13.9306, 16.6054)","(12.6253, -5.1536)","(4.4916, -4.2778)","(-1.1471, -1.8913)","(-0.7434, 1.3562)"
9.950000000000000000e+01,"(-3.9533, -5.9808)","(-7.8452, -1.7511)","(-6.4439, 11.0205)","(3.5291, 4.2382)","(4.0472, 1.2741)","(-19.9283, -4.3719)","(-2.6878, -0.7194)","(-8.4342, 1.9175)","(3.2012, 2.1902)","(-3.5867, -17.9432)","(10.323, -4.3705)","(0.2891, 2.7429)","(18.7281, -8.8425)","(-0.9054, 0.9529)","(-0.4833, -9.8094)","(14.3669, 13.4266)","(18.1044, -7.9674)","(1.8008, -1.5919)","(-0.273, -0.8692)","(-1.6707, 2.6144)"
9.960000000000000853e+01,"(-2.3582, -1.5645)","(-13.1594, -3.1675)","(-8.1578, 14.4604)","(6.4368, 7.7509)","(1.3972, -0.0307)","(-15.8234, -1.4851)","(-6.2807, -1.7591)","(-2.7584, 2.0526)","(2.5686, 2.5647)","(-3.3682, -7.3013)","(15.6227, -6.7262)","(0.5993, 5.7851)","(10.165, -7.1013)","(-1.1126, 1.6822)","(-1.1657, -19.7735)","(7.2813, 3.6023)","(13.7175, -7.9733)","(1.8634, -0.9581)","(-0.1252, -1.4096)","(-3.8531, 5.8374)"
9.970000000000000284e+01,"(-3.0057, -0.8912)","(-18.7396, -4.0069)","(-6.6089, 13.6885)","(11.4955, 13.6222)","(1.4395, -0.4926)","(-7.4319, 0.546)","(-14.8247, -4.1411)","(-2.0252, 2.9007)","(3.969, 4.6407)","(-1.4087, -2.3753)","(15.796, -8.0085)","(1.317, 12.905)","(3.9096, -3.576)","(-2.256, 3.4604)","(-3.2815, -22.1908)","(2.5622, 0.5127)","(6.1454, -4.9098)","(3.5425, -1.4348)","(-0.1539, -3.0619)","(-8.7228, 13.2371)"
9.980000000000001137e+01,"(-5.3203, -1.3686)","(-15.6253, -1.6958)","(-3.7187, 9.4213)","(14.1705, 14.6367)","(2.7437, -1.0518)","(-3.4255, 0.1242)","(-25.3517, -5.9241)","(-3.1649, 5.0185)","(7.4893, 9.0718)","(-0.354, -1.0147)","(9.1828, -6.1502)","(2.7087, 23.4565)","(2.173, -1.5269)","(-5.1488, 7.7897)","(-4.2105, -9.1163)","(1.2279, -0.2428)","(3.2404, -2.3622)","(7.5779, -2.8981)","(-0.292, -7.2433)","(-12.9354, 21.7571)"
9.990000000000000568e+01,"(-10.5205, -2.7648)","(-8.2466, 0.1698)","(-2.7995, 6.616)","(9.147, 6.493)","(6.1088, -2.295)","(-3.2445, -0.5289)","(-14.945, 0.2097)","(-6.0537, 9.5104)","(13.0765, 15.323)","(-0.1488, -1.4951)","(5.0306, -3.5512)","(3.5148, 17.7655)","(3.0302, -1.3872)","(-10.7837, 16.6436)","(-2.3051, -2.5272)","(1.8452, -0.6924)","(3.6735, -1.817)","(15.9243, -6.1323)","(-0.731, -16.8976)","(-4.1994, 13.6854)"
1.000000000000000000e+02,"(-19.202, -4.7754)","(-4.6153, -0.1231)","(-3.5393, 6.7308)","(4.0587, 2.231)","(13.8965, -5.217)","(-5.5412, -1.3474)","(-5.0378, 2.4134)","(-10.2616, 16.6496)","(13.6743, 13.0548)","(-0.1687, -3.1705)","(4.6644, -2.5043)","(2.4796, 6.3985)","(5.8559, -2.3318)","(-11.0532, 20.7895)","(-1.5965, -0.7245)","(3.8132, -1.4524)","(6.4218, -2.6553)","(21.7651, -9.8383)","(-2.5543, -25.967)","(0.4818, 5.2038)"
