time,A,B,C,D,E,F,G,H,I,J,K,L,M,N,O,P,Q,R,S,T
0.000000000000000000e+00,"(1.0, 1.0)","(1.0, 1.0)","(1.0, 1.0)","(1.0, 1.0)","(1.0, 1.0)","(1.0, 1.0)","(1.0, 1.0)","(1.0, 1.0)","(1.0, 1.0)","(1.0, 1.0)","(1.0, 1.0)","(1.0, 1.0)","(1.0, 1.0)","(1.0, 1.0)","(1.0, 1.0)","(1.0, 1.0)","(1.0, 1.0)","(1.0, 1.0)","(1.0, 1.0)","(1.0, 1.0)"
1.000000000000000056e-01,"(3.8649, 4.2636)","(4.4696, 4.9567)","(1.4683, 1.5342)","(3.2513, 3.5619)","(1.75, 1.8531)","(5.2801, 5.8873)","(2.6021, 2.8214)","(2.7704, 3.0132)","(4.0608, 4.488)","(2.4595, 2.659)","(4.828, 5.368)","(1.57, 1.6492)","(2.2727, 2.4466)","(2.1494, 2.3064)","(1.8697, 1.9889)","(1.4302, 1.491)","(2.0161, 2.155)","(3.4532, 3.7927)","(1.667, 1.759)","(3.0223, 3.3005)"
2.000000000000000111e-01,"(14.737, 16.302)","(18.6626, 20.7086)","(2.7225, 2.8974)","(11.0436, 12.1608)","(3.7516, 4.0321)","(24.2109, 26.9347)","(7.548, 8.2519)","(8.4084, 9.2126)","(15.982, 17.6993)","(6.8458, 7.4687)","(21.0867, 23.4297)","(3.0802, 3.2911)","(5.9653, 6.4881)","(5.409, 5.8695)","(4.2247, 4.5555)","(2.5923, 2.7543)","(4.8308, 5.2274)","(12.2214, 13.4806)","(3.4358, 3.6833)","(9.7578, 10.7214)"
3.000000000000000444e-01,"(28.7638, 30.0526)","(26.8118, 26.7713)","(5.6249, 6.0299)","(26.4592, 28.3334)","(8.5904, 9.2654)","(21.905, 19.5161)","(19.5502, 21.1633)","(21.6465, 23.3953)","(28.5179, 29.4431)","(17.6854, 19.159)","(24.5673, 23.5323)","(6.6324, 7.1283)","(15.1939, 16.4626)","(13.5569, 14.6832)","(10.0026, 10.8074)","(5.2661, 5.6391)","(11.8259, 12.7972)","(27.7445, 29.5238)","(7.6606, 8.2503)","(24.4362, 26.3069)"
4.000000000000000222e-01,"(14.9406, 9.1808)","(17.3877, 9.5344)","(11.3696, 12.1493)","(13.2219, 9.8449)","(16.4925, 17.5055)","(20.9215, 10.4209)","(16.9214, 15.9722)","(15.3233, 13.7434)","(15.7244, 9.2581)","(18.2748, 17.8575)","(18.8994, 9.8743)","(13.3326, 14.2289)","(19.5477, 19.7699)","(19.811, 20.3783)","(18.1346, 19.1282)","(10.6277, 11.3585)","(19.4181, 20.2561)","(13.5127, 9.3415)","(15.1117, 16.0891)","(13.657, 11.1475)"
5.000000000000000000e-01,"(14.8743, 6.6358)","(18.6511, 7.9406)","(15.6943, 16.1479)","(10.8553, 5.3213)","(13.7064, 13.0678)","(21.2953, 8.6266)","(8.2913, 5.0699)","(8.6533, 4.92)","(16.1867, 7.0933)","(8.2189, 5.3901)","(20.2663, 8.4443)","(15.6014, 15.719)","(8.5564, 6.2125)","(9.1543, 7.1363)","(12.0227, 10.8971)","(15.4759, 16.0225)","(10.2525, 8.6216)","(12.105, 5.7025)","(14.7679, 14.4875)","(9.6328, 5.0143)"
6.000000000000000888e-01,"(17.5653, 7.0538)","(17.2394, 6.5581)","(9.3754, 8.3672)","(13.8855, 5.7897)","(5.7225, 4.2235)","(13.3889, 4.5886)","(7.8871, 3.5328)","(9.4109, 4.0925)","(17.8749, 7.0709)","(6.7095, 3.1232)","(15.7312, 5.7348)","(7.7191, 6.4556)","(5.4418, 2.7426)","(4.8813, 2.653)","(4.9769, 3.3562)","(10.0862, 9.2085)","(4.6535, 2.7939)","(15.489, 6.3831)","(6.5038, 5.0922)","(11.7995, 4.9974)"
7.000000000000000666e-01,"(15.6838, 5.8787)","(12.196, 4.3441)","(3.6816, 2.7364)","(17.4864, 6.9939)","(2.6114, 1.4189)","(9.0731, 3.251)","(11.8246, 4.9138)","(13.9793, 5.7687)","(14.5115, 5.3286)","(9.8762, 4.1294)","(10.5713, 3.737)","(2.8553, 1.932)","(7.3938, 3.131)","(5.9006, 2.5404)","(3.2353, 1.562)","(4.1073, 3.1446)","(4.4806, 1.9975)","(17.4722, 6.854)","(2.5214, 1.5207)","(16.4335, 6.689)"
8.000000000000000444e-01,"(12.158, 4.4332)","(11.47, 4.392)","(1.2178, 0.7347)","(15.9111, 5.9663)","(3.2478, 1.4023)","(13.3268, 5.452)","(17.6538, 7.2119)","(18.4952, 7.417)","(11.6394, 4.2928)","(15.8913, 6.5657)","(12.0558, 4.7726)","(1.5423, 0.7631)","(12.4919, 5.2073)","(9.9716, 4.1698)","(4.8796, 2.0623)","(1.2888, 0.8387)","(7.3575, 3.0854)","(14.3536, 5.2714)","(2.3375, 1.0476)","(17.6657, 6.8396)"
9.000000000000000222e-01,"(12.1642, 4.6955)","(16.3414, 6.6338)","(1.0994, 0.4942)","(11.4396, 4.08)","(5.8375, 2.4572)","(23.6909, 9.8323)","(17.6476, 6.7182)","(15.4014, 5.6422)","(13.2697, 5.2314)","(19.1844, 7.5585)","(19.5221, 8.0355)","(2.353, 1.0014)","(19.0874, 7.8)","(17.0751, 7.089)","(9.0586, 3.812)","(0.7578, 0.3627)","(13.499, 5.6592)","(11.0951, 4.0489)","(4.0174, 1.6931)","(12.7391, 4.5199)"
1.000000000000000000e+00,"(15.9701, 6.4086)","(21.115, 8.405)","(1.9767, 0.8365)","(10.2375, 3.8735)","(11.6061, 4.9046)","(20.7719, 7.5939)","(10.7748, 3.621)","(9.4655, 3.2163)","(17.9674, 7.2294)","(12.7699, 4.3916)","(22.0105, 8.5318)","(4.5479, 1.9229)","(16.6716, 6.1493)","(19.34, 7.5201)","(16.7731, 7.0215)","(1.2726, 0.5416)","(20.2267, 8.2287)","(11.8176, 4.6095)","(8.0124, 3.3912)","(9.197, 3.3086)"
1.100000000000000089e+00,"(18.8302, 7.402)","(15.8083, 5.6318)","(4.105, 1.7445)","(13.4224, 5.3926)","(19.9063, 8.2417)","(9.2906, 2.7147)","(6.888, 2.4074)","(7.7946, 2.9102)","(18.5928, 7.1329)","(6.9587, 2.2771)","(12.68, 4.1616)","(9.6072, 4.0835)","(8.6447, 2.7099)","(11.0282, 3.5721)","(20.1891, 7.9237)","(2.5893, 1.0993)","(15.1075, 5.3402)","(15.9852, 6.4387)","(15.8886, 6.6994)","(10.4159, 4.1064)"
1.200000000000000178e+00,"(15.0859, 5.4924)","(9.9443, 3.4441)","(9.0867, 3.878)","(18.2023, 7.3187)","(17.2203, 6.3079)","(6.3283, 2.3402)","(8.1179, 3.2242)","(11.0167, 4.4738)","(13.1215, 4.6377)","(6.1809, 2.3526)","(8.1322, 2.8832)","(18.5023, 7.7669)","(4.8393, 1.6368)","(5.1099, 1.5565)","(11.0517, 3.4908)","(5.7556, 2.4586)","(6.8383, 1.977)","(18.4924, 7.2446)","(21.0705, 8.3965)","(15.5457, 6.344)"
1.300000000000000044e+00,"(10.9254, 3.9261)","(11.0746, 4.3726)","(18.2939, 7.7146)","(16.978, 6.3793)","(7.5639, 2.0863)","(13.2557, 5.6141)","(13.6689, 5.6627)","(17.5368, 7.2069)","(10.4588, 3.8679)","(9.9341, 4.0962)","(12.3748, 5.0833)","(19.6739, 7.5295)","(5.8376, 2.3297)","(4.0152, 1.5038)","(4.3491, 1.1512)","(12.8525, 5.4842)","(3.1652, 1.0108)","(14.2869, 5.155)","(11.7814, 3.7355)","(19.2946, 7.6386)"
1.400000000000000133e+00,"(11.7556, 4.5998)","(18.5744, 7.6794)","(20.3554, 7.8514)","(11.1694, 3.8729)","(2.5301, 0.5991)","(28.3847, 11.9857)","(20.2386, 8.2211)","(19.1746, 7.4131)","(13.61, 5.469)","(17.4464, 7.2544)","(23.2248, 9.6999)","(9.0291, 2.5426)","(10.7571, 4.5028)","(6.7173, 2.7822)","(1.8998, 0.6156)","(21.8801, 9.0303)","(3.6137, 1.4359)","(10.1641, 3.6363)","(4.3928, 1.0208)","(14.2091, 5.0437)"
1.500000000000000000e+00,"(16.9841, 6.8994)","(22.6917, 8.9173)","(9.2382, 2.5581)","(9.0248, 3.3508)","(0.8682, 0.2664)","(19.7925, 6.6405)","(16.0021, 5.7544)","(11.5723, 3.8566)","(19.7766, 8.0224)","(20.2995, 7.922)","(21.6745, 8.0269)","(3.0896, 0.5805)","(19.2465, 8.0129)","(13.395, 5.6532)","(2.5336, 1.026)","(15.1765, 5.1948)","(6.9939, 2.9424)","(10.9442, 4.2829)","(1.2052, 0.2195)","(8.6465, 2.9474)"
1.600000000000000089e+00,"(19.9193, 7.8075)","(13.1989, 4.3225)","(3.3152, 0.5215)","(12.1652, 4.9106)","(1.1621, 0.4724)","(7.0826, 1.3584)","(7.9934, 2.4762)","(6.6073, 2.225)","(18.5607, 6.9637)","(11.3767, 3.6533)","(9.3177, 2.6053)","(1.2818, 0.0758)","(19.475, 7.3874)","(21.7876, 8.9478)","(5.2418, 2.2205)","(5.8428, 1.2503)","(14.6319, 6.2036)","(16.0615, 6.5401)","(0.3407, 0.0297)","(8.3519, 3.2195)"
1.700000000000000178e+00,"(14.0609, 4.943)","(7.3315, 2.4759)","(2.1928, 0.0437)","(18.4567, 7.5354)","(2.5223, 1.0729)","(1.918, 0.1875)","(5.0649, 1.7947)","(7.2731, 2.8671)","(11.2378, 3.7927)","(5.1613, 1.5622)","(4.7423, 1.6332)","(1.794, -0.0237)","(9.3442, 2.7626)","(15.8392, 5.5261)","(11.7982, 5.0396)","(2.5875, 0.1858)","(22.7231, 9.262)","(19.7607, 7.8097)","(0.4269, -0.0024)","(13.172, 5.4169)"
1.800000000000000044e+00,"(9.403, 3.3219)","(9.9246, 4.0318)","(3.3655, -0.0682)","(18.8038, 7.1743)","(6.0582, 2.6041)","(2.3888, 0.0024)","(7.3583, 3.0029)","(12.8296, 5.3429)","(9.0254, 3.3644)","(4.2881, 1.6281)","(9.1502, 3.8538)","(3.5212, -0.0632)","(3.6267, 1.012)","(6.4568, 1.68)","(22.2713, 9.3075)","(3.1232, -0.043)","(14.1002, 4.648)","(14.4313, 5.1131)","(0.943, -0.0129)","(20.1384, 8.219)"
1.900000000000000133e+00,"(11.045, 4.3868)","(20.0944, 8.4712)","(6.2475, -0.129)","(11.3532, 3.8028)","(14.6631, 6.298)","(7.905, -0.0239)","(14.2926, 6.0128)","(21.002, 8.6414)","(13.7056, 5.6154)","(7.7307, 3.2274)","(23.0236, 9.8954)","(7.7199, -0.1206)","(2.6413, 0.9904)","(2.0817, 0.5368)","(17.7972, 6.3413)","(5.2491, -0.1206)","(5.3075, 1.2115)","(9.057, 3.1272)","(2.3377, -0.0275)","(17.4329, 6.4109)"
2.000000000000000000e+00,"(17.9288, 7.3855)","(25.1771, 9.8808)","(12.3191, -0.2406)","(7.5327, 2.6718)","(24.9291, 10.2562)","(29.153, -0.0851)","(22.563, 9.2249)","(17.6522, 6.4245)","(21.8635, 8.9633)","(15.9777, 6.7626)","(27.7681, 10.7085)","(16.6823, -0.2811)","(4.9861, 2.0904)","(1.4342, 0.5412)","(6.9342, 1.5612)","(9.8189, -0.2072)","(1.4916, 0.2335)","(9.4817, 3.7041)","(6.1571, -0.0632)","(9.1416, 2.8989)"
2.100000000000000089e+00,"(21.4162, 8.3976)","(11.624, 3.3244)","(20.4968, -0.561)","(9.8445, 3.9661)","(13.8329, 4.2742)","(34.5212, -2.0859)","(15.5182, 5.3219)","(8.1916, 2.4115)","(18.6161, 6.7996)","(23.5363, 9.513)","(10.6255, 2.1939)","(24.1761, -0.8488)","(11.3241, 4.84)","(2.9369, 1.2401)","(2.687, 0.2496)","(17.3282, -0.4214)","(0.7535, 0.0223)","(15.344, 6.3251)","(15.9845, -0.1787)","(6.0304, 2.1556)"
2.200000000000000178e+00,"(13.0989, 4.3791)","(4.1847, 1.1625)","(17.6198, -1.1709)","(17.1741, 7.1356)","(5.542, 0.8104)","(15.9383, -5.396)","(6.326, 1.684)","(4.1309, 1.3724)","(9.3075, 2.9001)","(13.3147, 4.2235)","(4.5237, 0.2987)","(12.9482, -1.4999)","(22.7785, 9.5853)","(7.1514, 3.0764)","(3.0033, -0.0219)","(19.7591, -0.9275)","(1.4049, -0.0173)","(21.4601, 8.638)","(28.3128, -0.763)","(8.907, 3.6422)"
2.300000000000000266e+00,"(7.5132, 2.5475)","(4.6197, 1.8661)","(7.7525, -1.1132)","(21.8385, 8.6476)","(4.3237, 0.046)","(16.4985, -7.5402)","(2.563, 0.8031)","(5.6587, 2.3001)","(6.7983, 2.5122)","(4.8632, 1.1165)","(7.1437, -0.0487)","(4.5594, -1.072)","(19.4667, 7.041)","(17.5426, 7.5383)","(5.5885, -0.1042)","(10.9557, -1.1777)","(3.406, -0.0408)","(15.4733, 5.4288)","(14.2698, -1.8667)","(16.9859, 7.1268)"
2.400000000000000355e+00,"(9.2794, 3.7226)","(12.275, 5.3037)","(2.6504, -0.49)","(13.0503, 4.3002)","(6.4957, -0.1477)","(20.9277, -10.234)","(3.4775, 1.4168)","(11.9911, 5.0882)","(12.015, 5.0076)","(1.2603, 0.2876)","(19.3859, -0.1706)","(2.1091, -0.8171)","(7.5521, 1.6791)","(26.1679, 10.5433)","(11.8121, -0.1996)","(4.4445, -0.6796)","(9.0477, -0.0909)","(8.0306, 2.5721)","(6.0077, -1.8999)","(23.0214, 9.1946)"
2.500000000000000000e+00,"(17.5944, 7.3743)","(29.9756, 12.8105)","(0.8691, -0.1231)","(6.2779, 1.9661)","(11.4054, -0.2633)","(15.5942, -8.3677)","(7.9588, 3.4013)","(23.1538, 9.7001)","(23.2893, 9.7613)","(0.7299, 0.276)","(36.2699, -0.9724)","(2.8392, -1.3204)","(2.9276, 0.2625)","(11.7439, 3.1126)","(22.1796, -0.5021)","(1.9385, -0.2248)","(22.5592, -0.292)","(7.0485, 2.6907)","(5.4437, -2.4525)","(12.9892, 4.1488)"
2.600000000000000089e+00,"(24.2758, 9.7113)","(20.0249, 6.492)","(0.9053, -0.0397)","(6.1153, 2.3835)","(18.7147, -0.5136)","(9.9635, -5.4649)","(18.8797, 8.0872)","(19.2413, 6.918)","(21.1874, 7.791)","(1.7314, 0.7399)","(14.3791, -2.7618)","(5.1976, -2.4426)","(3.4224, -0.0245)","(5.217, 0.521)","(20.149, -1.2855)","(2.1115, -0.0944)","(26.6291, -1.3164)","(12.4751, 5.1974)","(7.6779, -3.675)","(5.2169, 1.4436)"
2.700000000000000178e+00,"(13.4303, 4.2512)","(8.5294, 1.0566)","(1.7897, -0.0369)","(11.9051, 5.0079)","(18.8589, -1.0286)","(11.9733, -5.9285)","(25.9339, 10.312)","(7.5089, 1.7835)","(8.6503, 2.2698)","(4.7668, 2.0706)","(6.955, -2.5817)","(10.4306, -4.881)","(6.9018, -0.1115)","(5.4707, -0.0368)","(8.1209, -1.3446)","(3.8164, -0.0899)","(9.908, -2.1274)","(22.3069, 9.2703)","(11.8993, -5.7103)","(3.4911, 1.2916)"
2.800000000000000266e+00,"(5.5091, 1.586)","(7.8849, 0.0241)","(3.9566, -0.0615)","(22.8036, 9.548)","(10.0294, -1.1181)","(20.2005, -9.6665)","(11.1511, 2.855)","(2.1505, 0.3528)","(3.113, 0.9307)","(13.8531, 6.0364)","(9.9095, -4.5284)","(18.393, -8.7408)","(15.5796, -0.2343)","(9.3204, -0.1997)","(2.5207, -0.6395)","(7.7624, -0.143)","(5.5504, -2.1704)","(19.5125, 7.14)","(15.9679, -7.8199)","(6.8762, 2.8953)"
2.900000000000000355e+00,"(4.9971, 1.9508)","(16.3584, -0.2287)","(9.2035, -0.1288)","(20.1456, 7.3646)","(4.5819, -0.5719)","(21.2931, -10.8519)","(4.5372, 0.4816)","(0.8495, 0.038)","(4.6209, 1.9127)","(29.9763, 12.6385)","(21.8591, -10.1338)","(17.049, -8.8522)","(26.6543, -0.7366)","(17.1016, -0.3817)","(1.0948, -0.4329)","(15.5825, -0.3008)","(6.94, -3.2555)","(8.4646, 2.366)","(13.6494, -7.153)","(16.2979, 6.9844)"
3.000000000000000000e+00,"(11.2606, 4.7997)","(30.3669, -0.7408)","(19.6363, -0.3472)","(8.1624, 2.0938)","(3.5358, -0.2272)","(10.871, -6.3463)","(4.6797, -0.0156)","(1.6042, -0.0135)","(12.5339, 5.4283)","(15.8377, 4.5688)","(25.3133, -12.8067)","(7.3078, -4.5792)","(15.7451, -1.6583)","(22.383, -0.8848)","(1.7327, -0.7993)","(22.1835, -0.7826)","(11.1166, -5.2966)","(3.745, 1.2063)","(8.0123, -4.5276)","(27.2751, 11.1783)"
3.100000000000000089e+00,"(25.3578, 10.7816)","(17.5126, -1.9329)","(23.1592, -1.0853)","(2.4962, 0.6296)","(5.6099, -0.1626)","(7.4782, -4.0043)","(9.064, -0.152)","(4.4305, -0.0366)","(30.0537, 12.8192)","(8.4065, 0.7138)","(8.9606, -6.1256)","(2.3954, -1.6846)","(5.5352, -1.2945)","(13.3106, -1.3259)","(3.8047, -1.7614)","(13.5367, -1.3281)","(16.8097, -8.1126)","(5.5997, 2.3053)","(5.2616, -2.8839)","(13.7891, 4.033)"
3.200000000000000178e+00,"(22.0549, 7.9352)","(5.8575, -1.3157)","(9.9558, -1.5356)","(2.0537, 0.8072)","(10.817, -0.2232)","(13.3197, -6.3336)","(19.2843, -0.3327)","(13.4927, -0.0893)","(19.2278, 6.1263)","(9.2109, -0.1129)","(2.3446, -1.8482)","(0.6373, -0.4431)","(2.3569, -0.898)","(5.5496, -0.8049)","(9.2254, -4.2484)","(5.08, -0.9391)","(16.0535, -8.269)","(13.4513, 5.77)","(5.8229, -2.9234)","(5.1155, 0.7651)"
3.300000000000000266e+00,"(8.2815, 1.6266)","(1.2447, -0.335)","(3.6533, -1.0854)","(5.1841, 2.2296)","(19.4654, -0.4651)","(25.2654, -11.9671)","(26.02, -1.0283)","(33.1083, -0.5021)","(8.4419, 0.9919)","(13.8806, -0.3761)","(0.4113, -0.359)","(0.3676, -0.1958)","(3.3757, -1.5543)","(3.0811, -0.2679)","(20.4078, -9.4979)","(1.4742, -0.3829)","(8.9933, -5.145)","(27.4764, 11.5473)","(8.9816, -4.3271)","(3.492, 0.0585)"
3.400000000000000355e+00,"(3.4855, 0.2144)","(0.2431, -0.0849)","(2.933, -1.2921)","(14.7932, 6.4371)","(20.3746, -1.0775)","(18.5417, -10.1239)","(12.1566, -1.6542)","(18.7025, -2.3222)","(8.1892, 0.0025)","(19.358, -0.67)","(0.2761, -0.3002)","(0.7361, -0.3473)","(7.2238, -3.349)","(4.7074, -0.1426)","(21.0111, -10.7904)","(0.6842, -0.2756)","(5.1337, -2.9)","(17.7188, 5.7928)","(14.174, -6.8083)","(6.7558, -0.0906)"
3.500000000000000000e+00,"(5.5311, -0.0455)","(0.3788, -0.1683)","(4.4414, -2.103)","(31.4564, 13.2257)","(9.8421, -1.2501)","(6.6904, -4.4219)","(3.9944, -0.9224)","(9.2249, -3.1909)","(16.1896, -0.2567)","(17.1349, -1.0721)","(0.9363, -1.0426)","(1.6911, -0.7828)","(16.431, -7.6154)","(9.8902, -0.176)","(7.4661, -5.2279)","(1.0722, -0.4973)","(5.4639, -2.7538)","(6.6837, 1.1121)","(16.5637, -8.2718)","(16.3626, -0.2061)"
3.600000000000000089e+00,"(14.4197, -0.1396)","(1.4151, -0.6317)","(7.8916, -3.7297)","(15.5662, 4.2649)","(3.6194, -0.6119)","(3.7969, -2.0458)","(1.1332, -0.3813)","(9.6276, -4.4261)","(28.443, -0.7463)","(10.1867, -0.9693)","(3.9882, -4.421)","(4.167, -1.9163)","(24.2749, -11.8304)","(20.3873, -0.3851)","(3.0167, -2.8794)","(2.1799, -1.0159)","(9.1089, -4.3544)","(3.896, 0.1105)","(11.1678, -6.1262)","(30.0694, -0.7638)"
3.700000000000000178e+00,"(32.723, -0.5725)","(6.0749, -2.6972)","(14.0041, -6.6383)","(8.1832, 0.6539)","(1.5486, -0.167)","(9.3663, -4.3379)","(1.2968, -0.5822)","(14.0798, -6.7503)","(17.569, -1.7601)","(7.292, -0.5345)","(17.6285, -19.5428)","(10.5024, -4.8245)","(11.065, -6.8305)","(23.7862, -1.1313)","(3.2571, -3.7117)","(4.8802, -2.261)","(15.7568, -7.4983)","(7.2599, -0.0882)","(6.0007, -3.4639)","(15.7289, -1.9626)"
3.800000000000000266e+00,"(18.8119, -2.2218)","(26.2075, -11.6605)","(17.9638, -8.8659)","(9.712, -0.1083)","(2.1451, -0.0726)","(25.783, -11.8108)","(3.1498, -1.4423)","(17.8769, -8.8158)","(6.1701, -1.1835)","(9.4357, -0.3543)","(26.6678, -32.3881)","(22.0364, -10.315)","(3.6174, -2.9376)","(10.4043, -1.5354)","(5.5275, -6.4191)","(11.146, -5.1605)","(18.6425, -9.3105)","(17.8754, -0.2153)","(4.5191, -2.4053)","(5.7142, -1.6147)"
3.900000000000000355e+00,"(7.5893, -2.3692)","(33.3618, -17.1958)","(11.4777, -6.3855)","(17.0286, -0.3707)","(4.4702, -0.0813)","(25.5659, -13.4024)","(8.9292, -4.064)","(13.9315, -7.4212)","(2.0202, -0.2477)","(15.6432, -0.4225)","(8.3803, -19.9544)","(18.0707, -9.6571)","(2.0496, -2.1842)","(3.3727, -0.8205)","(10.1521, -11.7916)","(20.6955, -9.7967)","(10.7844, -6.1374)","(31.47, -0.8755)","(6.0848, -2.9811)","(4.0345, -1.7363)"
4.000000000000000000e+00,"(7.0107, -3.1204)","(15.0962, -14.4321)","(4.9849, -3.092)","(24.1379, -0.8516)","(10.1886, -0.1497)","(8.3635, -6.8015)","(23.7522, -10.8992)","(8.4851, -4.7326)","(3.9076, -0.0778)","(21.2451, -0.7878)","(6.3883, -20.8485)","(6.1611, -4.6159)","(3.3875, -3.8872)","(1.2747, -0.4822)","(13.9276, -16.6332)","(16.3108, -8.7466)","(4.8848, -2.9599)","(14.5007, -2.1236)","(10.2254, -4.8782)","(7.5384, -3.491)"
4.100000000000000533e+00,"(13.7855, -6.4001)","(13.8142, -15.9751)","(2.393, -1.4)","(15.5556, -1.4184)","(21.2734, -0.3958)","(5.1893, -5.561)","(23.5686, -12.2916)","(7.5821, -3.9173)","(11.6862, -0.0877)","(15.4259, -1.217)","(4.4769, -17.4066)","(3.1569, -3.2287)","(7.3544, -8.4284)","(1.8929, -0.8676)","(8.7064, -11.5648)","(5.7994, -4.0701)","(3.5432, -1.8852)","(5.4306, -1.668)","(16.0666, -7.7247)","(17.0716, -7.9077)"
4.200000000000000178e+00,"(25.153, -11.9388)","(10.6032, -13.408)","(2.5754, -1.2957)","(7.0097, -0.8964)","(22.6848, -1.2121)","(10.249, -11.655)","(8.0125, -6.4932)","(11.2288, -5.439)","(32.3813, -0.3532)","(7.8899, -0.8842)","(2.7125, -11.4613)","(3.796, -4.4003)","(14.9729, -17.2935)","(4.2987, -1.9833)","(3.491, -5.1987)","(2.1452, -2.0028)","(5.6408, -2.7138)","(4.7504, -2.1004)","(16.1723, -8.262)","(25.6265, -12.4758)"
4.299999999999999822e+00,"(16.4339, -9.1921)","(7.0331, -9.1737)","(4.4996, -2.141)","(5.5828, -0.3322)","(9.1615, -1.5476)","(20.9691, -24.2562)","(5.4662, -5.9028)","(17.561, -8.4573)","(23.2758, -2.2559)","(5.8132, -0.3994)","(3.2429, -11.8533)","(5.958, -6.9787)","(14.0413, -17.5855)","(10.879, -4.9942)","(1.7204, -2.3824)","(2.1459, -2.435)","(11.0959, -5.2113)","(9.8471, -4.5464)","(9.0799, -5.1997)","(11.2982, -7.0571)"
4.400000000000000355e+00,"(5.57, -3.8887)","(7.7922, -9.5062)","(8.7967, -4.1293)","(10.5946, -0.2345)","(3.2822, -1.0045)","(11.2487, -15.6227)","(7.6186, -8.8688)","(17.7329, -9.0642)","(10.2495, -3.3465)","(8.8365, -0.2699)","(5.538, -18.8821)","(9.647, -11.3202)","(4.6994, -7.5337)","(23.7167, -11.0682)","(2.2508, -2.7093)","(3.4407, -4.0079)","(19.4769, -9.2656)","(22.2581, -10.3338)","(4.58, -2.6822)","(3.5602, -2.8579)"
4.500000000000000000e+00,"(1.563, -1.0198)","(12.408, -14.6374)","(16.1095, -7.6195)","(22.1667, -0.4143)","(2.7893, -1.2373)","(3.1071, -5.857)","(11.8324, -13.9188)","(10.0225, -5.7148)","(10.2877, -4.6446)","(16.4087, -0.3693)","(6.4975, -23.3922)","(11.9158, -14.3677)","(1.2771, -2.6535)","(18.6212, -10.0652)","(4.4607, -5.1667)","(6.2949, -7.307)","(17.2929, -9.0515)","(23.0033, -11.8415)","(3.8626, -2.0129)","(1.6854, -1.7633)"
4.600000000000000533e+00,"(2.2907, -1.0951)","(14.9078, -18.0786)","(18.3473, -9.2177)","(25.3122, -1.2584)","(4.6779, -2.1977)","(0.8749, -2.2622)","(12.7308, -15.5982)","(6.0514, -3.3632)","(17.5744, -8.2859)","(23.2474, -0.8271)","(3.2392, -14.4934)","(8.2496, -10.7458)","(0.7166, -2.1392)","(6.2598, -4.8488)","(9.3887, -10.8059)","(10.9477, -12.7796)","(7.2261, -4.5616)","(7.883, -5.5866)","(5.9026, -2.8505)","(3.057, -3.4743)"
4.700000000000000178e+00,"(6.8131, -3.1006)","(8.9613, -11.9564)","(9.3638, -5.5272)","(10.482, -1.6487)","(9.2491, -4.3295)","(1.4431, -4.5107)","(7.4748, -10.0242)","(7.4622, -3.6889)","(22.3155, -11.0497)","(14.8206, -1.3723)","(2.0071, -8.6711)","(4.1987, -5.8307)","(1.2816, -4.1553)","(3.4248, -3.5767)","(15.3634, -18.0657)","(12.4561, -15.1668)","(2.4709, -1.6473)","(2.5648, -2.3536)","(10.6412, -5.0384)","(7.8813, -8.9388)"
4.800000000000000711e+00,"(21.1765, -9.5994)","(5.5164, -7.2974)","(3.4248, -2.2927)","(3.1777, -0.6881)","(17.3845, -8.2033)","(4.8277, -15.0522)","(4.3229, -5.8137)","(13.4236, -6.3687)","(12.2028, -7.04)","(6.2514, -0.8952)","(3.4074, -11.8155)","(2.8283, -3.7055)","(3.0326, -9.7714)","(4.7083, -5.4388)","(9.9762, -13.1948)","(6.7709, -9.2496)","(1.394, -0.759)","(2.7131, -3.0354)","(17.2426, -8.2653)","(18.635, -21.3355)"
4.900000000000000355e+00,"(31.5476, -15.5514)","(7.6416, -9.1295)","(1.1319, -0.734)","(0.8225, -0.1124)","(19.1211, -9.6674)","(12.4295, -40.1897)","(4.8508, -5.921)","(20.7755, -10.0313)","(5.8912, -3.4492)","(3.5315, -0.3005)","(6.7258, -22.4098)","(3.5739, -4.3141)","(6.7437, -21.9616)","(8.4586, -9.8167)","(3.3066, -5.3817)","(2.7272, -4.0692)","(2.5663, -1.2191)","(6.446, -7.3183)","(16.2693, -8.4063)","(13.7821, -18.0185)"
5.000000000000000000e+00,"(10.5728, -8.4514)","(14.1794, -16.5248)","(0.8965, -0.4644)","(1.5575, -0.0312)","(8.8733, -5.3995)","(2.0772, -18.1984)","(8.4229, -9.8606)","(15.3587, -8.3055)","(7.2637, -3.5756)","(5.6293, -0.1606)","(6.4257, -24.1136)","(5.9892, -7.0224)","(6.2924, -23.7128)","(13.6797, -16.0801)","(0.8516, -1.6389)","(1.3837, -1.9073)","(5.9063, -2.7346)","(16.4734, -18.7464)","(8.0821, -4.7948)","(3.924, -7.7243)"
5.100000000000000533e+00,"(7.2282, -7.7701)","(15.7038, -19.2525)","(1.6645, -0.7893)","(4.6373, -0.0351)","(3.0185, -2.0929)","(-0.9145, -13.2726)","(13.752, -16.1664)","(6.7187, -4.1296)","(15.6972, -7.3293)","(12.1896, -0.2055)","(1.9603, -10.9356)","(10.0877, -11.8094)","(1.1377, -9.3319)","(11.4908, -14.5549)","(0.2856, -0.7726)","(1.7008, -2.0612)","(14.1391, -6.5249)","(17.8009, -22.0353)","(3.5585, -2.1673)","(2.0441, -5.9549)"
5.200000000000000178e+00,"(10.603, -12.2913)","(6.9842, -9.9719)","(3.56, -1.6574)","(14.9774, -0.079)","(0.8627, -0.5802)","(-2.3713, -19.1199)","(12.1297, -15.2634)","(3.9296, -2.1719)","(26.2571, -12.6158)","(24.0451, -0.5065)","(1.135, -5.2091)","(12.344, -14.9052)","(-0.1, -4.0628)","(4.9725, -7.1956)","(0.4158, -1.3367)","(3.092, -3.6047)","(24.5746, -11.7451)","(5.0435, -9.1773)","(2.7613, -1.4524)","(3.0772, -10.0789)"
5.300000000000000711e+00,"(15.1131, -17.9487)","(3.5841, -4.8946)","(8.076, -3.7397)","(36.7247, -0.5888)","(0.6668, -0.3427)","(-3.6129, -25.1368)","(5.529, -7.8666)","(6.2317, -2.9982)","(13.8072, -8.1476)","(21.1604, -1.4255)","(2.6582, -8.9)","(7.8906, -10.4272)","(-0.5614, -4.8596)","(2.2697, -3.2181)","(0.9467, -3.054)","(6.1498, -7.103)","(13.2898, -7.8049)","(2.1011, -5.7209)","(4.4478, -2.1374)","(5.8666, -19.4015)"
5.400000000000000355e+00,"(10.8002, -14.0065)","(5.9786, -7.0367)","(17.0359, -7.9533)","(17.098, -2.8063)","(1.402, -0.6576)","(-3.1239, -15.6777)","(2.9347, -4.007)","(13.3245, -6.2163)","(4.4697, -3.1876)","(8.0221, -1.475)","(6.8593, -22.1047)","(3.6864, -5.2381)","(-1.1389, -9.1918)","(2.5524, -3.1144)","(2.4047, -7.6994)","(11.4428, -13.2905)","(4.4854, -3.6154)","(2.8655, -9.2784)","(8.6601, -4.069)","(6.4856, -23.5368)"
5.500000000000000000e+00,"(5.3585, -7.4297)","(13.9912, -16.0359)","(20.7784, -10.3668)","(10.2561, -3.8914)","(3.3284, -1.536)","(-1.7666, -8.7982)","(3.9337, -4.7197)","(23.517, -11.2069)","(1.329, -0.8164)","(2.4185, -0.6837)","(8.3384, -29.9758)","(2.3281, -3.082)","(-2.2987, -18.4372)","(5.013, -5.816)","(5.8375, -18.811)","(13.2231, -16.085)","(2.6546, -2.8316)","(5.8541, -19.1582)","(16.2579, -7.6714)","(2.1914, -11.5952)"
5.600000000000000533e+00,"(5.0922, -6.3172)","(19.2426, -23.1148)","(9.0647, -5.6723)","(12.1259, -5.6713)","(8.3997, -3.857)","(-1.665, -11.9149)","(7.9645, -9.2122)","(15.6113, -8.6838)","(2.7201, -1.274)","(1.5052, -0.6411)","(1.4021, -11.673)","(3.023, -3.641)","(-3.5097, -23.9708)","(10.537, -12.1335)","(7.4002, -26.2385)","(6.4748, -9.0729)","(3.9754, -4.591)","(7.3114, -25.9737)","(19.2304, -9.6146)","(0.6853, -4.3199)"
5.700000000000000178e+00,"(9.5534, -11.1325)","(6.7916, -10.547)","(2.9926, -2.436)","(16.9947, -8.2253)","(19.5256, -9.0466)","(-2.9985, -23.7065)","(14.9464, -17.3762)","(5.3871, -3.7688)","(8.4901, -3.8468)","(2.9778, -1.3714)","(-0.042, -4.2419)","(5.3132, -6.2061)","(-2.7619, -11.9857)","(16.0347, -18.9903)","(1.6346, -11.2108)","(2.2058, -3.5501)","(7.6091, -8.7941)","(2.2573, -12.4486)","(9.7877, -5.7833)","(0.7982, -3.0576)"
5.800000000000000711e+00,"(16.6083, -19.4529)","(1.7757, -3.3852)","(1.7965, -1.9252)","(17.1907, -8.7628)","(22.3462, -11.2959)","(-4.0971, -25.7784)","(13.2331, -16.6835)","(1.3667, -1.0499)","(26.2388, -11.9143)","(7.5503, -3.4612)","(-0.5527, -5.1498)","(9.6021, -11.1759)","(-1.265, -4.1418)","(8.7984, -12.0296)","(-0.097, -5.2504)","(0.641, -1.0557)","(13.5338, -15.7831)","(0.5038, -4.1661)","(3.5353, -2.3781)","(1.9892, -6.5187)"
5.900000000000000355e+00,"(11.9953, -15.5945)","(0.4105, -1.021)","(2.587, -2.9996)","(11.2521, -6.1885)","(8.0601, -5.5986)","(-2.7531, -10.7505)","(4.8165, -7.3996)","(0.2443, -0.1914)","(26.1452, -13.7715)","(19.3174, -8.8775)","(-1.5874, -14.0734)","(13.1067, -15.6541)","(-0.3222, -1.1363)","(2.795, -4.6721)","(-0.6671, -5.7273)","(0.3087, -0.4169)","(12.7015, -15.8597)","(0.3568, -1.5931)","(1.1814, -0.7554)","(5.0741, -16.2971)"
6.000000000000000000e+00,"(4.4351, -6.726)","(0.5969, -1.8559)","(4.6612, -5.4089)","(8.2986, -4.4315)","(3.4595, -3.33)","(-1.016, -4.7245)","(1.4691, -2.3982)","(0.0597, -0.0341)","(9.5784, -8.4035)","(26.0631, -12.9088)","(-4.2354, -35.3949)","(8.7517, -11.483)","(-0.1549, -1.0346)","(0.6778, -1.2909)","(-1.1869, -9.1429)","(0.5397, -0.6352)","(5.2271, -7.6894)","(1.0509, -3.4371)","(1.11, -0.5621)","(8.6952, -29.4126)"
6.100000000000000533e+00,"(2.5468, -3.3715)","(2.0056, -6.2424)","(8.7965, -10.1968)","(10.6223, -5.2302)","(3.6992, -4.2332)","(-1.1132, -8.7435)","(0.9008, -1.1614)","(0.1801, -0.0826)","(8.2161, -9.1555)","(9.2582, -6.5201)","(-4.5813, -19.056)","(3.6967, -5.4153)","(-0.2956, -2.4564)","(0.1748, -0.444)","(-2.0285, -15.5201)","(1.1566, -1.3306)","(1.8073, -2.8289)","(3.141, -9.9393)","(2.2218, -1.0452)","(2.6606, -14.7913)"
6.200000000000000178e+00,"(5.2098, -6.0482)","(7.4113, -23.0166)","(13.2117, -15.6348)","(16.7695, -8.0689)","(5.8535, -6.8357)","(-2.7396, -23.562)","(2.058, -2.3734)","(0.5865, -0.2648)","(12.5533, -14.6455)","(4.2404, -4.1672)","(-4.001, -8.6055)","(1.7604, -2.4716)","(-0.754, -6.5403)","(0.2322, -0.7348)","(-2.913, -20.0884)","(2.6627, -3.0436)","(1.0984, -1.4388)","(8.6277, -27.531)","(5.0285, -2.3295)","(0.1236, -5.8815)"
6.300000000000000711e+00,"(13.0748, -14.9049)","(10.8252, -38.2018)","(9.743, -12.579)","(19.1737, -9.624)","(9.8686, -11.5391)","(-4.837, -32.7161)","(5.4455, -6.1791)","(2.0456, -0.9188)","(14.6939, -17.8303)","(5.01, -5.7371)","(-5.7317, -9.7682)","(1.9258, -2.3604)","(-2.0472, -17.7752)","(0.5755, -1.8379)","(-2.6157, -13.7145)","(6.3388, -7.2318)","(2.0408, -2.3869)","(6.2555, -25.4206)","(11.792, -5.4485)","(-0.521, -5.14)"
6.400000000000000355e+00,"(20.3253, -24.1308)","(0.2836, -16.9709)","(3.9782, -5.8945)","(11.8296, -6.6096)","(12.6961, -15.2494)","(-3.8638, -11.552)","(14.323, -16.2685)","(7.5039, -3.3616)","(8.5128, -11.4361)","(8.7611, -10.1689)","(-11.6251, -19.3396)","(3.4507, -4.0306)","(-4.1431, -30.8579)","(1.6214, -5.1388)","(-1.5183, -6.6671)","(13.4447, -15.4787)","(4.647, -5.323)","(0.282, -10.7538)","(22.1933, -10.4993)","(-1.197, -9.8853)"
6.500000000000000000e+00,"(7.1633, -11.2152)","(-1.7295, -16.1625)","(1.4958, -2.2637)","(7.037, -3.9268)","(8.5561, -11.2005)","(-2.6433, -5.2083)","(19.0157, -22.9533)","(25.5557, -11.5328)","(5.0342, -6.7138)","(14.0742, -16.5529)","(-14.8177, -23.1415)","(6.8563, -7.9216)","(-3.5951, -13.0629)","(4.6599, -14.7587)","(-0.8006, -4.2763)","(14.3229, -17.6353)","(10.8425, -12.3954)","(-0.9677, -9.521)","(16.0023, -8.7523)","(-2.5955, -21.2003)"
6.600000000000000533e+00,"(2.0755, -4.5659)","(-2.867, -20.6282)","(1.0475, -1.3528)","(8.2974, -4.1214)","(4.0567, -5.7341)","(-5.0361, -8.5573)","(5.7634, -9.8789)","(27.1629, -14.1901)","(6.8253, -8.1711)","(11.5678, -14.7006)","(-7.3499, -9.26)","(12.4237, -14.4645)","(-3.0004, -6.2586)","(9.1448, -30.371)","(-0.8195, -5.7972)","(5.0419, -7.9248)","(17.3778, -20.5071)","(-1.9611, -15.4393)","(5.4659, -4.0211)","(-3.9184, -25.8827)"
6.700000000000000178e+00,"(1.5391, -4.7267)","(-3.0656, -18.3672)","(1.7377, -2.0488)","(14.7771, -7.0211)","(2.6095, -3.4415)","(-12.9983, -21.9486)","(2.3123, -6.0508)","(10.8776, -9.8601)","(13.0355, -15.1548)","(5.0067, -7.2359)","(-2.5577, -3.2121)","(12.7989, -15.7845)","(-4.0689, -6.8301)","(2.7183, -15.4798)","(-1.3583, -10.585)","(1.5603, -3.4778)","(8.2541, -11.7154)","(-3.1804, -23.1717)","(2.3389, -2.3138)","(-2.8535, -10.7028)"
6.800000000000000711e+00,"(3.4128, -10.9232)","(-2.3287, -12.4991)","(3.4828, -4.0235)","(21.6527, -10.5309)","(3.4849, -4.185)","(-16.8643, -26.1001)","(2.5392, -8.288)","(9.4717, -10.7421)","(16.4362, -19.8584)","(2.541, -3.5009)","(-2.702, -4.3603)","(5.656, -8.149)","(-6.5842, -10.7671)","(-0.16, -8.0437)","(-2.4282, -18.6742)","(1.1289, -3.5362)","(2.4112, -4.6881)","(-3.2023, -17.5646)","(2.7917, -3.2029)","(-1.1947, -3.2868)"
6.900000000000000355e+00,"(8.1793, -26.4381)","(-1.9093, -12.0523)","(7.3392, -8.4414)","(14.3521, -7.9346)","(6.2478, -7.2862)","(-7.7026, -8.2245)","(4.3634, -14.5372)","(10.0064, -12.0894)","(7.7525, -10.9279)","(3.3983, -4.0787)","(-7.3674, -12.4832)","(1.8804, -3.0476)","(-10.12, -16.3567)","(-1.0138, -8.5803)","(-3.1655, -20.2881)","(1.6181, -5.4392)","(1.1248, -3.2168)","(-1.9197, -8.474)","(4.828, -5.6065)","(-0.529, -1.0646)"
7.000000000000000000e+00,"(6.0691, -24.3405)","(-2.4481, -17.7476)","(13.3782, -15.5741)","(6.3557, -3.8686)","(11.0991, -12.9404)","(-4.3598, -3.488)","(6.2627, -21.6545)","(9.2463, -11.4969)","(3.2953, -4.7389)","(6.9915, -8.0775)","(-18.0899, -30.2288)","(0.6015, -0.9286)","(-10.1589, -15.477)","(-1.6608, -12.3724)","(-2.3372, -10.4501)","(2.8042, -9.389)","(1.5792, -5.1834)","(-1.1005, -6.4438)","(9.0518, -10.4961)","(-0.9903, -1.688)"
7.100000000000000533e+00,"(0.6457, -9.1664)","(-3.3254, -22.7569)","(12.2411, -15.3377)","(4.8856, -2.5605)","(13.211, -16.0126)","(-8.2409, -5.88)","(3.892, -16.1994)","(8.0898, -10.1538)","(4.2203, -5.0679)","(13.978, -16.1665)","(-11.6804, -15.2323)","(0.5684, -0.7027)","(-6.1426, -8.5042)","(-2.4169, -17.3114)","(-1.0805, -4.2432)","(4.6232, -15.6289)","(3.1197, -10.2451)","(-1.4817, -11.3708)","(13.5821, -16.0773)","(-2.7086, -4.6027)"
7.200000000000000178e+00,"(-0.3842, -5.3003)","(-3.0113, -16.1629)","(4.6897, -7.1032)","(9.18, -4.3444)","(7.2632, -9.8946)","(-21.5263, -15.2844)","(1.4353, -7.5954)","(8.0227, -9.9174)","(10.0416, -11.5034)","(14.69, -18.1171)","(-6.5936, -5.8307)","(1.154, -1.338)","(-3.5432, -5.0157)","(-2.7488, -17.1327)","(-0.4819, -2.6033)","(4.9849, -18.1241)","(5.8701, -19.4983)","(-2.8312, -22.4034)","(9.814, -12.7144)","(-8.1931, -13.9701)"
7.300000000000000711e+00,"(-1.106, -9.3872)","(-1.9307, -9.973)","(1.3485, -2.4665)","(19.3639, -9.052)","(2.9627, -4.389)","(-25.5427, -16.5262)","(1.0801, -4.5596)","(9.1664, -11.1507)","(19.7736, -22.9633)","(5.5607, -8.4153)","(-8.1829, -5.8838)","(2.5997, -2.9772)","(-3.722, -5.8438)","(-2.1642, -11.263)","(-0.5568, -4.131)","(2.5583, -11.4059)","(5.6532, -21.0753)","(-3.7965, -23.7877)","(3.9841, -5.9088)","(-18.2593, -30.2043)"
7.400000000000000355e+00,"(-2.5924, -21.6892)","(-1.718, -11.6684)","(0.4112, -1.0436)","(23.2139, -11.6403)","(1.7327, -2.3148)","(-10.2176, -4.1824)","(1.9985, -6.8474)","(10.2899, -12.5401)","(10.8206, -14.9229)","(1.601, -2.7984)","(-17.3135, -12.1751)","(6.1751, -7.046)","(-6.2362, -10.1968)","(-1.4224, -7.6355)","(-1.0531, -8.5139)","(1.0437, -5.4331)","(1.7512, -9.8206)","(-2.5813, -10.0371)","(1.6047, -2.3613)","(-10.1436, -12.3058)"
7.500000000000000000e+00,"(-4.273, -28.9938)","(-2.6564, -20.2176)","(0.4569, -1.4712)","(9.4809, -6.0508)","(2.5218, -3.007)","(-5.9201, -1.482)","(4.2502, -13.9737)","(9.7492, -12.1199)","(3.0545, -5.6931)","(0.352, -0.6174)","(-24.6984, -16.5337)","(13.3767, -15.3773)","(-10.5137, -17.1334)","(-1.2659, -8.3117)","(-2.1813, -17.6225)","(0.7469, -3.2205)","(0.4068, -3.3583)","(-0.927, -3.4726)","(1.4535, -1.8154)","(-7.2507, -5.9822)"
7.600000000000000533e+00,"(-3.2186, -11.2958)","(-3.674, -24.3876)","(0.865, -2.8401)","(2.8607, -2.0805)","(4.9466, -5.7288)","(-11.4586, -2.3204)","(7.0708, -23.9519)","(8.1926, -10.3457)","(0.9348, -2.4327)","(0.2084, -0.2629)","(-11.4895, -5.9695)","(14.9209, -18.2774)","(-10.9419, -16.7148)","(-1.7155, -12.5838)","(-3.4315, -23.7675)","(1.1005, -3.9138)","(0.1469, -0.9371)","(-0.4983, -3.3405)","(2.6485, -3.0944)","(-9.4261, -6.6113)"
7.700000000000000178e+00,"(-1.5064, -3.6157)","(-2.8467, -13.26)","(1.877, -6.111)","(0.7954, -0.4915)","(10.004, -11.5464)","(-28.3301, -5.6373)","(4.0227, -17.2236)","(7.6557, -9.5345)","(1.4107, -4.4533)","(0.5719, -0.6526)","(-3.6195, -1.6462)","(5.2949, -8.2825)","(-6.0683, -8.1325)","(-2.5385, -18.3213)","(-2.7681, -12.117)","(1.9913, -6.6971)","(0.2641, -0.9392)","(-0.9836, -8.2763)","(5.5362, -6.3743)","(-14.6105, -10.0096)"
7.800000000000000711e+00,"(-1.5471, -2.7304)","(-1.4553, -7.1447)","(4.0959, -13.3408)","(1.5604, -0.7336)","(14.8577, -17.6213)","(-26.1582, -3.6591)","(0.9392, -6.7034)","(8.7059, -10.5976)","(4.0556, -12.7982)","(1.6636, -1.8772)","(-1.7233, -1.0968)","(1.6217, -3.5853)","(-2.8202, -3.7786)","(-2.8541, -17.4548)","(-1.3627, -4.1499)","(3.6778, -12.25)","(0.6564, -2.1344)","(-2.5502, -21.9426)","(11.3195, -13.0565)","(-17.4804, -11.5582)"
7.900000000000000355e+00,"(-3.8001, -6.4432)","(-1.3981, -10.1467)","(6.5871, -22.3809)","(4.621, -2.1011)","(8.8859, -11.9229)","(-9.5155, 0.3607)","(0.2708, -1.9769)","(10.3142, -12.4975)","(10.1775, -32.8468)","(5.1959, -5.8399)","(-4.8987, -3.4877)","(1.1551, -3.601)","(-2.4874, -3.8569)","(-2.1099, -10.431)","(-0.5502, -1.2369)","(5.4487, -18.7303)","(1.7017, -5.4435)","(-4.5169, -30.992)","(14.9226, -17.9162)","(-12.0335, -7.2711)"
8.000000000000000000e+00,"(-10.8599, -18.4491)","(-2.6575, -21.4278)","(3.6232, -15.6746)","(14.714, -6.6517)","(3.0305, -4.8604)","(-5.0275, 0.8916)","(0.3702, -1.3852)","(10.318, -12.7428)","(3.854, -19.7592)","(15.5625, -17.557)","(-16.3826, -11.7867)","(1.7114, -5.7228)","(-4.4287, -7.2847)","(-1.2665, -6.5971)","(-0.6989, -1.204)","(3.9894, -15.8516)","(4.4948, -14.3497)","(-3.6442, -11.3396)","(7.205, -10.1422)","(-7.1979, -4.2874)"
8.099999999999999645e+00,"(-18.318, -29.3611)","(-4.1059, -27.6295)","(0.7036, -6.0076)","(33.4498, -15.65)","(0.8275, -1.441)","(-10.1174, 2.2409)","(0.9909, -3.2186)","(8.4764, -10.7385)","(-0.1399, -9.8612)","(20.0226, -24.3431)","(-33.5976, -23.1161)","(3.08, -10.2598)","(-8.9521, -14.8435)","(-1.1155, -7.4224)","(-1.4495, -2.4234)","(1.4696, -7.7271)","(8.3729, -27.9538)","(-2.8428, -5.6075)","(2.2284, -3.8414)","(-7.3657, -4.8414)"
8.200000000000001066e+00,"(-8.9257, -9.7275)","(-3.0342, -11.8816)","(-0.0239, -2.2855)","(13.4926, -9.153)","(0.2042, -0.3302)","(-27.2651, 6.0906)","(2.7311, -8.6914)","(7.3313, -9.2228)","(-1.2596, -11.1191)","(5.6374, -10.9208)","(-14.8514, -6.0026)","(5.1088, -17.2594)","(-13.064, -20.8516)","(-1.609, -12.0791)","(-3.4082, -5.7274)","(0.601, -3.2868)","(3.1172, -15.7809)","(-4.6481, -7.8114)","(0.5742, -1.2726)","(-12.1789, -8.3621)"
8.300000000000000711e+00,"(-6.4606, -5.0879)","(-1.0981, -3.8565)","(-0.2765, -2.4474)","(7.4325, -7.4546)","(0.2146, -0.2602)","(-28.3173, 7.8608)","(7.1287, -22.828)","(8.0939, -9.8859)","(-2.5084, -19.8491)","(3.2004, -9.3925)","(-12.1957, -2.8471)","(4.9628, -18.4383)","(-8.0705, -10.9772)","(-2.5664, -19.0027)","(-8.235, -13.838)","(0.5792, -2.3101)","(0.1134, -6.8068)","(-9.5263, -15.8522)","(0.4197, -1.298)","(-18.7126, -12.7157)"
8.400000000000000355e+00,"(-10.251, -7.2026)","(-0.5044, -3.3854)","(-0.5306, -4.1813)","(8.6779, -10.0166)","(0.5092, -0.5842)","(-9.7292, 4.9392)","(7.3299, -27.1975)","(10.0801, -12.152)","(-3.7045, -25.0758)","(3.6152, -12.2871)","(-18.853, -3.6021)","(2.1348, -10.2319)","(-3.2237, -3.7476)","(-3.0172, -18.5961)","(-14.2996, -23.2124)","(1.016, -3.4878)","(-0.6529, -6.1776)","(-14.4532, -23.1404)","(0.7629, -2.4922)","(-15.2754, -9.4906)"
8.500000000000000000e+00,"(-18.8721, -13.0802)","(-1.0926, -9.4468)","(-1.0166, -8.1414)","(12.3779, -14.6345)","(1.2873, -1.4635)","(-6.134, 4.2733)","(0.8666, -10.5509)","(10.9259, -13.3688)","(-2.9013, -13.1357)","(4.5842, -16.0834)","(-24.5658, -4.2226)","(0.8165, -4.4944)","(-0.8861, -1.0492)","(-2.174, -10.1945)","(-8.724, -11.6198)","(1.986, -6.5835)","(-1.2139, -9.3397)","(-8.5037, -11.3456)","(1.7049, -5.5284)","(-7.6198, -4.2441)"
8.599999999999999645e+00,"(-19.608, -12.6291)","(-3.1227, -27.3396)","(-1.9815, -15.7198)","(12.3605, -15.2709)","(3.4593, -3.9181)","(-12.1237, 9.0249)","(-0.5061, -6.9092)","(9.0297, -11.4315)","(-1.3484, -5.9515)","(4.4093, -16.4433)","(-15.3579, -1.7892)","(0.6538, -2.7425)","(-0.5646, -0.8729)","(-1.145, -5.4961)","(-4.0013, -3.907)","(3.8976, -12.8683)","(-2.0282, -15.411)","(-3.2197, -3.7516)","(3.9516, -12.7832)","(-4.8852, -3.0164)"
8.700000000000001066e+00,"(-9.2014, -4.928)","(-4.9096, -29.6281)","(-3.0586, -21.3932)","(7.6009, -10.0899)","(9.3391, -10.5819)","(-25.3776, 19.1995)","(-1.2271, -9.7934)","(7.1299, -9.0844)","(-1.0312, -7.1964)","(3.0313, -12.3622)","(-8.4965, -0.9735)","(1.0995, -3.8197)","(-1.2327, -2.0582)","(-0.8838, -5.7663)","(-3.4417, -2.5586)","(5.8661, -20.1177)","(-2.89, -19.9505)","(-1.1576, -1.6228)","(7.0326, -23.5654)","(-7.5427, -5.1589)"
8.800000000000000711e+00,"(-4.048, -2.3011)","(-4.3291, -10.858)","(-2.6543, -12.9624)","(5.4704, -7.0642)","(18.6345, -21.6077)","(-14.7695, 13.296)","(-2.161, -16.6504)","(7.3648, -9.0643)","(-1.9774, -16.2711)","(2.3661, -9.4779)","(-10.9376, -1.9221)","(2.1491, -7.1373)","(-3.2116, -5.4314)","(-1.3056, -9.9855)","(-5.4458, -3.7792)","(3.7869, -15.5812)","(-2.6422, -14.122)","(-2.1385, -3.5466)","(4.0089, -17.1635)","(-15.0915, -10.5154)"
8.900000000000000355e+00,"(-5.6393, -3.8466)","(-4.6967, -8.3244)","(-1.4005, -4.9931)","(7.2926, -8.7449)","(9.8463, -13.7051)","(-4.4237, 5.2761)","(-3.1584, -21.85)","(9.497, -11.4114)","(-3.9041, -29.8465)","(2.8296, -10.3044)","(-21.7646, -4.1569)","(4.2008, -13.8829)","(-8.6987, -14.7259)","(-2.3296, -18.0597)","(-9.8997, -6.8675)","(1.1188, -6.7531)","(-1.591, -7.2482)","(-5.9105, -10.0284)","(0.6472, -6.5081)","(-21.4251, -14.3841)"
9.000000000000000000e+00,"(-13.4714, -9.5051)","(-8.8441, -14.7292)","(-0.4617, -1.5243)","(12.0388, -14.1477)","(3.0505, -6.505)","(-1.4115, 2.1675)","(-2.7867, -14.2743)","(11.4021, -13.7973)","(-3.6771, -16.6195)","(4.071, -14.1982)","(-26.5894, -4.3844)","(6.027, -20.8348)","(-16.2328, -26.4597)","(-3.248, -21.6091)","(-16.4945, -11.3122)","(0.3074, -2.2883)","(-0.9174, -5.0963)","(-15.3817, -25.8769)","(-0.1366, -3.0723)","(-11.9295, -6.7141)"
9.099999999999999645e+00,"(-25.6834, -17.7183)","(-14.555, -23.57)","(-0.1251, -0.5664)","(14.0775, -17.1106)","(1.9919, -6.1356)","(-2.5097, 4.3956)","(-1.5601, -6.9176)","(9.937, -12.492)","(-1.9085, -5.5056)","(4.9714, -17.7299)","(-12.0905, -0.8657)","(3.4571, -14.752)","(-8.8863, -11.08)","(-2.5513, -11.8292)","(-15.8957, -10.1636)","(0.1606, -0.8243)","(-0.9981, -7.1345)","(-13.4022, -19.2083)","(-0.4747, -3.933)","(-4.4711, -2.1896)"
9.200000000000001066e+00,"(-14.481, -7.9959)","(-9.9505, -13.8752)","(-0.1137, -0.8255)","(8.1545, -10.9664)","(2.5411, -8.6264)","(-8.2912, 14.4979)","(-0.926, -5.4831)","(7.1756, -9.268)","(-0.6584, -1.4493)","(3.8478, -15.1265)","(-4.7582, -0.3859)","(0.9793, -6.1661)","(-5.2404, -4.5458)","(-1.2334, -4.922)","(-8.0905, -4.4719)","(0.2831, -0.9983)","(-1.6524, -12.8043)","(-7.0317, -6.6386)","(-0.8798, -6.9289)","(-2.0062, -1.203)"
9.300000000000000711e+00,"(-5.5344, -2.1015)","(-4.1605, -5.177)","(-0.2139, -1.7345)","(4.4824, -6.0801)","(3.8201, -13.0581)","(-20.4479, 36.7847)","(-1.2179, -9.2123)","(6.5886, -8.2261)","(-0.9629, -1.6666)","(2.3876, -10.1328)","(-6.6819, -1.2198)","(0.2964, -2.0632)","(-6.2155, -4.4095)","(-0.5756, -3.1808)","(-3.4614, -1.8744)","(0.5991, -1.9773)","(-2.7544, -20.4648)","(-6.9819, -5.105)","(-1.6695, -13.2552)","(-3.7361, -2.5946)"
9.400000000000000355e+00,"(-3.5336, -0.8314)","(-2.6615, -4.0533)","(-0.4756, -3.9752)","(5.3169, -6.4485)","(4.8372, -17.0769)","(-5.4852, 16.8711)","(-2.262, -17.9102)","(8.5168, -10.2349)","(-2.8664, -4.901)","(2.2173, -8.5727)","(-17.7544, -3.5673)","(0.2391, -1.0257)","(-9.9724, -6.8747)","(-0.7026, -5.2901)","(-2.6186, -1.6703)","(1.3377, -4.3472)","(-3.0526, -17.8539)","(-12.1806, -8.4868)","(-2.8344, -20.9678)","(-9.5973, -6.8089)"
9.500000000000000000e+00,"(-7.3959, -1.4913)","(-5.8517, -9.7866)","(-1.1244, -9.488)","(9.9999, -11.6377)","(3.7126, -14.6028)","(-1.7745, 12.7556)","(-3.4751, -24.0527)","(11.4393, -13.6871)","(-9.7486, -16.7271)","(3.1742, -11.1632)","(-34.468, -6.4397)","(0.4846, -1.6479)","(-15.6535, -10.6897)","(-1.3753, -11.1957)","(-4.4025, -3.0285)","(3.0724, -9.9463)","(-1.9874, -8.5102)","(-20.0, -13.6875)","(-2.9664, -16.5589)","(-22.7964, -16.039)"
9.600000000000001421e+00,"(-19.8045, -4.0041)","(-14.4088, -24.1748)","(-2.5062, -20.3971)","(15.9525, -18.8132)","(2.0253, -8.9873)","(-1.651, 19.0728)","(-2.848, -13.0491)","(11.2292, -13.9069)","(-21.0792, -34.5665)","(4.7557, -16.4196)","(-15.3977, -0.7209)","(1.0615, -3.4712)","(-16.0768, -10.3996)","(-2.7751, -21.9697)","(-9.0044, -6.2934)","(6.0751, -20.0496)","(-0.8872, -3.9502)","(-16.0925, -9.9426)","(-1.8096, -7.1622)","(-19.5988, -12.0492)"
9.700000000000001066e+00,"(-33.126, -5.9488)","(-14.3814, -21.3242)","(-3.5532, -22.7203)","(10.7601, -14.1263)","(1.5209, -6.2687)","(-1.7525, 25.8251)","(-1.3439, -4.9328)","(7.6752, -10.0044)","(-11.139, -11.6376)","(5.0334, -18.4202)","(-6.4542, 0.7431)","(2.4496, -7.9286)","(-9.461, -5.505)","(-3.5419, -21.5006)","(-17.1254, -11.8747)","(5.4211, -20.5526)","(-0.6162, -3.9989)","(-7.3459, -3.9441)","(-0.6967, -2.6461)","(-8.0755, -3.1542)"
9.800000000000000711e+00,"(-13.3617, -0.2568)","(-6.486, -6.7212)","(-2.5481, -9.132)","(4.181, -6.2433)","(1.9789, -7.1342)","(-0.1732, 16.0654)","(-0.4948, -2.5486)","(5.8976, -7.5463)","(-10.2543, -7.7716)","(3.0374, -12.8305)","(-7.5255, 1.6291)","(5.3256, -17.3666)","(-5.2594, -3.09)","(-2.3587, -8.6428)","(-17.7866, -11.4669)","(1.2887, -8.6454)","(-0.9458, -7.3606)","(-4.2116, -2.5719)","(-0.3088, -1.7473)","(-5.7787, -1.3555)"
9.900000000000000355e+00,"(-6.6105, 0.9588)","(-4.0423, -3.1556)","(-1.5766, -3.5473)","(2.5805, -3.3883)","(3.177, -10.8803)","(-0.0504, 8.5711)","(-0.5899, -4.5305)","(7.1708, -8.6744)","(-14.6791, -10.1311)","(1.8837, -8.1177)","(-18.0465, 4.0484)","(6.616, -23.476)","(-5.4063, -3.5568)","(-0.9638, -2.6483)","(-8.2269, -4.3053)","(0.0535, -3.2878)","(-1.8602, -14.9727)","(-7.1021, -4.8956)","(-0.3939, -2.9823)","(-9.6875, -1.8863)"
1.000000000000000000e+01,"(-9.0404, 2.0254)","(-7.8579, -5.5841)","(-1.9358, -3.3081)","(4.8915, -5.7076)","(4.7304, -16.2838)","(-0.7943, 11.2784)","(-1.2822, -10.7639)","(10.6366, -12.6119)","(-18.1287, -12.0603)","(2.1928, -8.1055)","(-32.9549, 7.9232)","(2.0701, -11.4271)","(-9.1684, -6.3112)","(-0.5057, -0.9932)","(-2.783, -1.2238)","(-0.3063, -2.9223)","(-3.2053, -23.5393)","(-15.8835, -11.1553)","(-0.7704, -6.2731)","(-19.1605, -3.6867)"
1.010000000000000142e+01,"(-18.933, 4.3487)","(-19.699, -13.9533)","(-3.0798, -5.0412)","(11.4504, -13.1058)","(4.5923, -17.0808)","(-1.9889, 23.3078)","(-2.9435, -24.1767)","(12.6474, -15.3266)","(-13.5013, -8.3007)","(3.6027, -12.3457)","(-14.1504, 5.4019)","(0.2102, -4.2379)","(-16.0047, -11.0244)","(-0.9099, -1.5372)","(-0.7056, -0.2619)","(-0.5875, -4.566)","(-3.0535, -15.4871)","(-23.8171, -16.0428)","(-1.6689, -13.7364)","(-24.9886, -4.246)"
1.020000000000000107e+01,"(-27.6743, 6.9165)","(-25.4382, -16.7183)","(-5.3406, -8.763)","(18.969, -22.3441)","(2.5113, -10.9944)","(-1.5285, 27.3674)","(-3.9703, -23.8369)","(8.9904, -11.652)","(-8.8346, -5.3732)","(5.441, -18.7187)","(-4.9391, 2.7685)","(-0.2551, -2.9136)","(-17.6187, -11.4844)","(-2.1342, -3.5907)","(-0.4011, -0.0946)","(-1.0507, -8.2421)","(-1.6755, -5.8429)","(-11.6774, -6.1852)","(-3.1207, -23.6071)","(-12.5192, -1.0641)"
1.030000000000000071e+01,"(-12.8724, 4.5844)","(-10.2728, -4.5405)","(-8.8532, -14.4202)","(8.5446, -12.3061)","(1.4164, -6.3791)","(0.5361, 11.4651)","(-2.7569, -8.595)","(5.5616, -7.3792)","(-9.8166, -6.5085)","(4.7353, -18.0576)","(-4.3509, 3.1405)","(-0.557, -4.4029)","(-9.5602, -5.396)","(-5.5308, -9.348)","(-0.8017, -0.1602)","(-1.9175, -14.9393)","(-0.5262, -1.6933)","(-4.0101, -1.6348)","(-3.171, -16.5073)","(-4.4889, -0.1699)"
1.040000000000000036e+01,"(-4.1084, 1.8007)","(-4.8369, -1.35)","(-10.1158, -15.7126)","(2.4173, -4.6004)","(1.4941, -5.6787)","(0.117, 4.1841)","(-1.7616, -3.6054)","(5.6037, -6.9198)","(-15.8839, -10.8732)","(2.255, -10.4092)","(-10.7724, 7.9744)","(-1.0182, -8.0334)","(-4.2287, -2.3098)","(-12.9977, -21.7313)","(-1.9795, -0.3968)","(-2.8692, -20.0242)","(-0.137, -0.6747)","(-1.3735, -0.3892)","(-1.871, -6.0282)","(-2.3833, -0.3192)"
1.050000000000000000e+01,"(-1.3214, 0.4413)","(-7.6321, -1.5558)","(-6.4699, -9.0243)","(0.8517, -2.3098)","(2.3811, -8.2229)","(-0.5255, 6.5581)","(-2.7089, -4.5721)","(8.7186, -10.3022)","(-19.5859, -12.9625)","(1.472, -6.3546)","(-26.6746, 19.9641)","(-1.9115, -15.0456)","(-3.3768, -2.1707)","(-12.975, -19.3672)","(-5.3242, -1.0783)","(-2.5888, -13.3824)","(-0.1639, -1.2759)","(-2.2716, -0.4689)","(-0.9257, -2.0635)","(-4.8952, -0.9415)"
1.060000000000000142e+01,"(-2.9681, 0.6834)","(-19.273, -3.8786)","(-3.1408, -4.1443)","(1.3524, -4.3123)","(4.0113, -13.5732)","(-1.8174, 18.9142)","(-5.5918, -9.3284)","(13.1019, -15.5153)","(-12.2852, -7.2487)","(2.1092, -7.5193)","(-15.7689, 14.2905)","(-2.9694, -20.9978)","(-5.9897, -4.1387)","(-6.022, -6.3383)","(-14.5134, -2.9379)","(-1.4548, -5.8227)","(-0.3683, -3.1174)","(-6.4723, -1.3274)","(-1.1817, -2.0238)","(-12.7202, -2.557)"
1.070000000000000107e+01,"(-9.2011, 2.0182)","(-33.2433, -6.0348)","(-1.8614, -2.6947)","(3.5666, -11.3502)","(5.2884, -18.5503)","(-2.9963, 37.4329)","(-11.5395, -19.137)","(11.6716, -14.653)","(-6.9667, -4.1304)","(3.8894, -13.0674)","(-5.3147, 7.1336)","(-2.7089, -13.8984)","(-12.5155, -8.7557)","(-4.3962, -3.4104)","(-28.9569, -5.4846)","(-0.5835, -2.4992)","(-0.9529, -8.2581)","(-20.2167, -4.1637)","(-2.1848, -3.6209)","(-28.8243, -5.6152)"
1.080000000000000071e+01,"(-28.0875, 6.1965)","(-13.9755, -0.4992)","(-2.2793, -3.6288)","(8.6304, -27.9003)","(3.6353, -14.714)","(1.3305, 15.1522)","(-12.9367, -19.8427)","(6.1785, -8.4639)","(-8.4664, -5.6815)","(6.0724, -20.7622)","(-4.3331, 7.4882)","(-1.5003, -5.7824)","(-20.6324, -14.0898)","(-6.4348, -4.4777)","(-16.0756, -1.4238)","(-0.3642, -2.2725)","(-2.4644, -20.9802)","(-35.88, -6.4863)","(-4.5229, -7.5303)","(-20.4992, -2.4142)"
1.090000000000000036e+01,"(-27.9628, 7.9229)","(-5.7601, 0.6811)","(-3.9312, -6.4452)","(5.2469, -22.303)","(1.628, -7.8533)","(2.0108, 7.7179)","(-6.137, -7.4811)","(4.1689, -5.4427)","(-16.1338, -11.1948)","(4.4716, -17.7581)","(-8.9781, 16.0572)","(-0.5538, -2.2386)","(-13.9045, -8.2356)","(-11.0997, -7.6717)","(-7.1792, 0.7089)","(-0.5074, -3.8451)","(-4.1023, -27.6542)","(-14.127, 0.3126)","(-9.226, -15.3002)","(-7.9645, 0.491)"
1.100000000000000000e+01,"(-10.9121, 6.0966)","(-6.8738, 1.4933)","(-7.2051, -11.8577)","(0.3495, -8.9909)","(1.1052, -4.7711)","(3.8809, 11.5552)","(-2.0958, -2.1571)","(5.8669, -7.0046)","(-21.9993, -14.6937)","(1.6483, -8.5967)","(-14.9347, 27.665)","(-0.3092, -1.9081)","(-5.4278, -2.5556)","(-17.0759, -11.6198)","(-6.7543, 1.471)","(-0.9448, -7.5518)","(-3.2238, -10.417)","(-10.1968, 1.8875)","(-12.3797, -19.5538)","(-5.9376, 1.1834)"
1.110000000000000142e+01,"(-9.6704, 7.0467)","(-16.4743, 3.6962)","(-10.679, -17.1449)","(-0.681, -7.1621)","(1.5426, -5.5305)","(8.674, 25.3142)","(-0.8963, -0.7253)","(10.6693, -12.436)","(-11.9724, -6.7144)","(0.9809, -4.474)","(-5.8951, 14.2892)","(-0.4423, -3.3991)","(-1.4967, -0.6211)","(-14.8671, -9.3567)","(-9.6102, 2.3213)","(-1.8602, -14.8362)","(-2.6958, -5.3608)","(-14.2335, 3.3505)","(-7.11, -9.4501)","(-10.2104, 2.3578)"
1.120000000000000107e+01,"(-14.7396, 11.2746)","(-32.3467, 7.6597)","(-8.5981, -12.5713)","(-1.5184, -12.2823)","(2.7478, -9.2727)","(9.6467, 24.401)","(-1.5998, -1.1399)","(14.9799, -17.867)","(-4.8778, -2.6051)","(1.6045, -5.6386)","(-1.4479, 4.799)","(-0.8706, -7.0748)","(-0.3172, -0.1141)","(-7.6432, -4.2718)","(-14.5459, 3.5478)","(-2.9976, -21.4349)","(-3.8087, -6.3341)","(-20.5761, 5.0695)","(-2.7977, -3.0831)","(-20.0745, 4.685)"
1.130000000000000071e+01,"(-17.8672, 14.1681)","(-15.5241, 5.5998)","(-4.249, -5.4936)","(-2.8885, -22.5255)","(4.738, -15.9462)","(4.657, 8.2866)","(-4.1104, -2.9237)","(9.3072, -12.3776)","(-4.6698, -3.098)","(3.3786, -11.1518)","(-0.2516, 0.9245)","(-1.8331, -14.9199)","(-0.1914, -0.0441)","(-4.0364, -2.3648)","(-17.7431, 4.5536)","(-2.7524, -13.9605)","(-6.1523, -10.0513)","(-18.1318, 5.0612)","(-1.026, -0.9089)","(-23.9112, 6.2399)"
1.140000000000000036e+01,"(-11.1316, 9.7002)","(-5.4677, 2.9918)","(-1.7723, -2.3079)","(-3.6201, -22.0181)","(5.4083, -19.4632)","(1.2468, 1.9774)","(-11.6404, -8.3075)","(3.9392, -5.7287)","(-10.8545, -7.644)","(6.3933, -21.2624)","(-0.0458, 0.119)","(-3.1685, -23.1611)","(-0.4517, -0.0919)","(-4.5807, -3.0486)","(-13.4222, 3.9024)","(-1.5182, -5.4591)","(-9.5741, -15.4995)","(-10.3106, 3.2732)","(-1.2205, -0.8768)","(-10.8472, 3.877)"
1.150000000000000000e+01,"(-6.4752, 5.6791)","(-4.3066, 3.0872)","(-1.2777, -1.9316)","(-2.3878, -9.549)","(2.742, -12.2482)","(0.1614, 0.2955)","(-26.0241, -18.1847)","(2.8939, -3.7118)","(-24.1579, -16.9078)","(5.5013, -21.0543)","(-0.1895, 0.3335)","(-2.9452, -14.5659)","(-1.2982, -0.2656)","(-8.3795, -5.8044)","(-7.9443, 2.4906)","(-0.5267, -1.656)","(-10.1403, -15.5839)","(-8.0587, 2.2726)","(-2.3841, -1.6701)","(-3.7361, 1.4948)"
1.160000000000000142e+01,"(-7.9427, 6.2796)","(-9.8434, 7.3078)","(-1.98, -3.2186)","(-0.9138, -3.8536)","(1.0803, -5.7069)","(0.2294, 0.6818)","(-15.4974, -8.5908)","(5.2336, -6.1231)","(-18.4764, -11.0885)","(1.4918, -9.1055)","(-0.7972, 1.3804)","(-1.636, -5.297)","(-4.0374, -0.8333)","(-15.7305, -10.9038)","(-6.2329, 1.7688)","(-0.1237, -0.4185)","(-6.3864, -8.9171)","(-12.3118, 3.0131)","(-5.2983, -3.7293)","(-2.307, 0.6561)"
1.170000000000000107e+01,"(-14.7011, 11.2202)","(-24.0947, 18.0241)","(-3.8173, -6.3171)","(-0.6708, -4.7165)","(0.8333, -3.5098)","(0.9113, 2.8018)","(-7.8845, -2.5277)","(11.1627, -12.8521)","(-7.1991, -2.9049)","(0.3624, -2.9398)","(-3.65, 6.2907)","(-0.7154, -1.6665)","(-12.9137, -2.6701)","(-18.658, -12.2716)","(-8.1661, 2.0585)","(-0.0469, -0.2851)","(-3.5462, -4.9408)","(-20.9899, 5.0483)","(-12.0837, -8.5071)","(-5.0829, 1.176)"
1.180000000000000071e+01,"(-20.0674, 15.767)","(-18.0252, 15.5345)","(-7.5553, -12.5105)","(-1.3294, -11.0668)","(1.3714, -4.7794)","(4.0859, 12.6559)","(-8.3343, -1.7086)","(17.0573, -20.2107)","(-3.8155, -0.9635)","(0.2457, -1.1224)","(-16.3734, 28.3073)","(-0.8177, -1.4194)","(-32.3038, -6.3721)","(-9.8715, -5.4924)","(-13.0396, 3.1612)","(-0.0729, -0.5776)","(-3.2215, -4.972)","(-20.9654, 5.6947)","(-20.7065, -14.1854)","(-13.3889, 2.9966)"
1.190000000000000036e+01,"(-10.9851, 9.8596)","(-5.592, 6.9783)","(-11.5049, -18.4983)","(-3.0793, -25.4152)","(2.6671, -8.8684)","(15.1994, 45.8326)","(-13.1967, -2.4695)","(8.6666, -12.0613)","(-7.1972, -1.455)","(0.6245, -2.0789)","(-14.0919, 29.8128)","(-1.5128, -2.5104)","(-18.5877, -1.5728)","(-3.7999, -1.9086)","(-18.2468, 4.5491)","(-0.1572, -1.3076)","(-5.0206, -8.1614)","(-10.3632, 3.5089)","(-13.5133, -7.9117)","(-29.4957, 6.8316)"
1.200000000000000000e+01,"(-4.7323, 4.4541)","(-3.2312, 5.3845)","(-8.4806, -12.1222)","(-4.1356, -24.4284)","(4.9733, -16.5466)","(11.986, 19.5237)","(-19.9636, -3.6025)","(2.6807, -4.5247)","(-18.9546, -3.8292)","(1.6562, -5.3038)","(-3.5758, 22.1417)","(-3.1504, -5.2493)","(-10.2539, 1.3488)","(-1.7979, -1.0719)","(-15.5843, 4.3833)","(-0.3725, -3.157)","(-8.7268, -14.2856)","(-5.7155, 1.7851)","(-5.2882, -2.2389)","(-18.3827, 5.9361)"
1.210000000000000142e+01,"(-4.987, 3.9865)","(-6.1876, 11.026)","(-3.7674, -4.5748)","(-2.8585, -8.63)","(5.8287, -20.8764)","(14.3391, 16.3842)","(-18.3181, -2.738)","(0.6516, -1.1226)","(-33.4618, -6.1055)","(4.5471, -14.4669)","(-1.7033, 22.2938)","(-6.847, -11.4254)","(-10.6981, 2.4535)","(-2.8202, -1.9324)","(-8.7214, 2.8036)","(-0.9235, -7.8864)","(-11.3068, -17.8447)","(-8.2308, 2.0301)","(-2.8056, -0.7389)","(-6.7763, 3.6355)"
1.220000000000000107e+01,"(-11.0352, 8.3182)","(-13.7638, 24.7717)","(-1.2138, -1.3624)","(-1.7786, -3.5879)","(2.5372, -12.0011)","(15.1673, 15.4528)","(-10.0855, -1.054)","(0.4085, -0.5147)","(-14.0131, -0.4421)","(8.9563, -29.7143)","(-0.381, 15.1129)","(-12.0977, -19.7441)","(-13.5861, 3.3858)","(-6.2784, -4.4142)","(-5.5019, 1.6683)","(-2.2051, -18.3836)","(-7.6629, -10.8076)","(-17.2396, 4.0008)","(-3.9008, -0.7598)","(-5.1897, 3.7161)"
1.230000000000000071e+01,"(-22.3116, 16.9296)","(-10.2607, 21.3407)","(-0.2944, -0.341)","(-2.9661, -5.019)","(0.746, -4.7866)","(10.1928, 9.5566)","(-6.3011, -0.7993)","(1.1147, -1.272)","(-6.4534, 0.8557)","(3.0689, -16.2033)","(-0.2624, 10.0323)","(-9.7819, -14.1906)","(-15.8069, 4.0818)","(-14.5288, -10.2333)","(-6.3461, 1.6407)","(-3.6295, -25.0798)","(-3.6933, -4.8485)","(-26.6917, 6.5825)","(-7.047, -1.3435)","(-8.9838, 6.7777)"
1.240000000000000036e+01,"(-15.668, 13.5357)","(-2.474, 8.0679)","(-0.1494, -0.225)","(-6.8591, -11.5293)","(0.375, -1.9157)","(7.8974, 7.7165)","(-8.111, -1.4128)","(3.3007, -3.7212)","(-8.2958, 1.8365)","(0.0107, -7.4064)","(-0.8994, 13.0888)","(-4.3048, -4.9945)","(-14.347, 3.9479)","(-22.4445, -15.1841)","(-10.4259, 2.5153)","(-2.8494, -10.9286)","(-2.2353, -3.2678)","(-14.2255, 4.7626)","(-13.6306, -2.61)","(-17.1979, 13.0556)"
1.250000000000000000e+01,"(-4.9462, 5.4933)","(-0.5427, 3.1133)","(-0.283, -0.4674)","(-14.5663, -24.1426)","(0.6083, -2.1681)","(11.4974, 12.0049)","(-14.666, -2.7596)","(10.3037, -11.5869)","(-18.0838, 4.1212)","(-0.8144, -7.3687)","(-1.7878, 22.683)","(-1.6872, -1.5511)","(-11.0952, 3.1839)","(-11.5872, -6.2565)","(-17.0839, 4.1253)","(-1.9132, -4.3676)","(-3.1068, -5.0111)","(-4.8661, 2.0421)","(-21.2629, -3.8446)","(-18.3472, 14.8286)"
1.260000000000000142e+01,"(-1.1954, 1.5647)","(-0.4966, 5.0089)","(-0.6405, -1.0729)","(-11.7517, -16.8061)","(1.2983, -4.286)","(17.6614, 18.3944)","(-22.6032, -4.0684)","(23.0336, -26.5592)","(-29.2639, 7.1705)","(-1.5265, -11.8682)","(-1.1816, 23.5412)","(-1.7274, -1.253)","(-9.8829, 2.7196)","(-4.5343, -1.697)","(-18.8297, 4.9652)","(-2.2903, -3.9238)","(-5.9437, -9.8258)","(-1.7667, 0.5879)","(-16.0794, -2.1336)","(-7.6304, 7.3607)"
1.270000000000000107e+01,"(-0.7354, 1.243)","(-1.4036, 14.3405)","(-1.5587, -2.6244)","(-5.1087, -5.3806)","(2.9191, -9.4855)","(13.8023, 13.1089)","(-16.8914, -2.2237)","(8.8779, -13.767)","(-13.8091, 4.9214)","(-2.5702, -19.3496)","(0.1518, 11.7104)","(-3.0414, -2.1184)","(-11.5784, 2.9875)","(-3.3509, -0.7643)","(-11.0533, 3.5069)","(-3.4415, -5.6059)","(-10.8394, -17.7836)","(-3.4624, 0.812)","(-6.8709, -0.4098)","(-2.6632, 2.6731)"
1.280000000000000071e+01,"(-1.8864, 3.3173)","(-3.2326, 35.8621)","(-3.943, -6.6527)","(-2.8119, -2.2435)","(5.9603, -19.5959)","(7.1682, 6.3947)","(-7.5685, -0.5641)","(3.6301, -9.2102)","(-4.3539, 2.0641)","(-3.166, -19.8824)","(-0.191, 7.2737)","(-6.1319, -4.2875)","(-14.9271, 3.7783)","(-5.6979, -1.1046)","(-5.453, 1.8301)","(-5.5555, -9.0567)","(-11.2849, -17.1948)","(-9.7758, 2.17)","(-2.4205, -0.1184)","(-2.2815, 1.8517)"
1.290000000000000036e+01,"(-6.2937, 11.0096)","(0.6481, 18.9172)","(-9.4247, -15.8086)","(-4.8802, -3.4605)","(5.9617, -22.0627)","(6.9391, 7.0408)","(-4.0814, -0.4868)","(3.4117, -11.1859)","(-1.0144, 0.5827)","(-2.3149, -10.7713)","(-1.0128, 12.6381)","(-12.5775, -8.788)","(-16.2703, 4.2826)","(-11.7492, -2.285)","(-4.3809, 1.2257)","(-8.5366, -13.8048)","(-5.7347, -7.3678)","(-26.831, 5.9988)","(-1.4498, -0.1985)","(-5.2944, 3.982)"
1.300000000000000000e+01,"(-17.8933, 31.7631)","(2.2614, 9.4753)","(-13.7993, -21.9494)","(-11.7322, -8.3063)","(1.555, -9.6614)","(13.7109, 14.6254)","(-5.9948, -1.0812)","(4.6542, -15.9864)","(-0.9983, 0.7212)","(-1.1884, -5.6182)","(-2.2357, 26.229)","(-18.9907, -12.8619)","(-13.1579, 3.7386)","(-22.1726, -4.1949)","(-6.7863, 1.6578)","(-9.4022, -14.554)","(-2.1067, -2.5225)","(-26.3822, 7.4191)","(-2.466, -0.4568)","(-13.6579, 10.1655)"
1.310000000000000142e+01,"(-7.7676, 18.979)","(3.8157, 11.37)","(-7.2107, -9.0089)","(-24.3541, -16.9472)","(0.1494, -3.4024)","(20.4346, 21.1129)","(-12.6772, -2.4613)","(5.1111, -18.5196)","(-2.9927, 2.1964)","(-0.9165, -6.0575)","(-0.9362, 24.128)","(-12.3866, -7.2999)","(-9.881, 2.8556)","(-20.4496, -3.008)","(-12.5648, 2.9654)","(-6.3845, -9.0731)","(-0.8871, -1.2552)","(-9.5146, 4.9772)","(-5.2598, -1.0253)","(-24.8219, 19.0373)"
1.320000000000000107e+01,"(-2.1082, 12.3629)","(7.3213, 21.0655)","(-3.7155, -3.3516)","(-16.2579, -9.4525)","(-0.2086, -2.3363)","(10.8633, 9.3295)","(-24.1593, -4.5689)","(3.395, -13.9127)","(-10.7885, 7.8813)","(-1.4254, -11.0758)","(0.6589, 9.0676)","(-4.9016, -2.3196)","(-9.678, 2.5991)","(-8.4286, -0.3977)","(-20.194, 4.9047)","(-3.5322, -4.8613)","(-1.3455, -2.1926)","(-7.0999, 5.0492)","(-11.8911, -2.3415)","(-10.8235, 10.4724)"
1.330000000000000071e+01,"(-1.3221, 14.9709)","(9.0345, 23.7818)","(-3.9768, -2.8496)","(-6.4886, -2.5067)","(-0.477, -3.8492)","(4.0093, 3.277)","(-20.0995, -2.7736)","(2.2088, -9.3086)","(-31.8865, 23.6687)","(-2.6252, -20.4235)","(0.1236, 2.745)","(-1.5021, -0.571)","(-12.5, 3.1604)","(-2.5937, 0.0471)","(-17.1566, 4.8563)","(-2.5432, -3.7808)","(-2.9946, -5.0099)","(-11.3795, 8.6199)","(-22.7312, -4.3047)","(-3.6962, 4.9969)"
1.340000000000000036e+01,"(-1.4829, 20.6609)","(5.0626, 10.5715)","(-5.8362, -4.0012)","(-4.3244, -1.0201)","(-0.9568, -7.7646)","(3.9352, 4.0683)","(-7.7608, -0.2224)","(2.5238, -9.3294)","(-13.7137, 14.0224)","(-3.4381, -21.7376)","(-0.3389, 4.1866)","(-0.896, -0.2129)","(-16.2887, 4.1167)","(-0.6468, 0.0606)","(-7.8389, 2.7757)","(-3.1806, -5.0644)","(-7.1972, -12.0961)","(-18.5179, 14.2521)","(-19.2501, -2.6932)","(-3.0216, 5.2481)"
1.350000000000000000e+01,"(-0.8456, 18.9179)","(2.1338, 4.6672)","(-9.333, -6.4015)","(-7.9925, -1.5834)","(-1.9866, -16.0893)","(10.6578, 11.5965)","(-2.2181, 0.0852)","(3.984, -13.7325)","(-7.7295, 12.1304)","(-2.4238, -10.1649)","(-1.2638, 12.895)","(-1.55, -0.3036)","(-16.0869, 4.3411)","(-0.5741, 0.12)","(-3.3167, 1.1697)","(-5.126, -8.3498)","(-13.8835, -22.802)","(-15.1191, 12.6487)","(-7.4673, -0.1549)","(-5.602, 10.0948)"
1.360000000000000142e+01,"(-0.2046, 11.9582)","(2.5538, 7.1509)","(-13.8344, -9.3933)","(-18.4247, -3.6438)","(-3.2918, -23.538)","(24.7384, 26.5055)","(-0.7117, 0.1051)","(5.5473, -19.3463)","(-8.4627, 15.4561)","(-1.0063, -3.8563)","(-3.3339, 35.6666)","(-3.2885, -0.6439)","(-11.6172, 3.4108)","(-1.3125, 0.2946)","(-2.9432, 0.7964)","(-8.2391, -13.3863)","(-10.12, -14.1991)","(-6.658, 6.2747)","(-2.8335, 0.3128)","(-11.0772, 20.108)"
1.370000000000000107e+01,"(-0.4561, 10.142)","(6.0789, 17.9071)","(-14.0948, -9.1242)","(-28.9549, -5.1687)","(-2.8755, -13.5497)","(13.7936, 11.4278)","(-1.1491, 0.2528)","(4.3448, -17.0024)","(-9.3729, 17.9858)","(-0.4762, -2.8414)","(0.4298, 21.0724)","(-7.6079, -1.5061)","(-8.8291, 2.5372)","(-3.542, 0.7875)","(-5.3195, 1.2654)","(-9.7925, -15.3134)","(-4.4905, -4.6541)","(-4.1601, 3.5722)","(-2.9128, 0.638)","(-10.5416, 20.9076)"
1.380000000000000071e+01,"(-1.0924, 14.9506)","(11.044, 30.9083)","(-8.9757, -5.332)","(-13.5802, -0.9133)","(-1.5084, -4.8321)","(7.0787, 3.9648)","(-3.0497, 0.6771)","(2.2204, -10.0339)","(-6.9268, 14.2245)","(-0.7103, -5.618)","(2.5547, 10.7284)","(-17.0941, -3.3543)","(-9.7617, 2.5488)","(-10.207, 2.2548)","(-11.1227, 2.5715)","(-6.895, -9.8579)","(-3.0715, -2.3802)","(-7.1902, 5.5241)","(-5.0512, 1.1832)","(-3.4315, 8.99)"
1.390000000000000036e+01,"(-1.6388, 22.543)","(6.5602, 12.9219)","(-5.0668, -2.9606)","(-4.7182, 0.2729)","(-0.5701, -1.3854)","(8.9798, 3.9465)","(-9.1259, 2.0056)","(1.8533, -7.4181)","(-5.1128, 10.5322)","(-1.572, -13.1597)","(4.2835, 12.7575)","(-24.6445, -4.3178)","(-13.6974, 3.4064)","(-26.0199, 5.8798)","(-20.9496, 4.9457)","(-3.6763, -4.9794)","(-4.7518, -3.3193)","(-15.618, 11.77)","(-10.0309, 2.3311)","(-0.9367, 2.7899)"
1.400000000000000000e+01,"(-0.7237, 19.1708)","(3.0044, 4.3089)","(-4.1551, -2.6446)","(-2.8613, 0.5464)","(-0.5544, -0.9808)","(20.5742, 8.8378)","(-25.65, 5.7156)","(2.9268, -10.185)","(-6.1391, 11.794)","(-3.3162, -26.2032)","(7.8701, 22.4953)","(-12.3641, -0.9987)","(-17.5523, 4.4564)","(-23.2578, 6.6719)","(-19.9176, 5.4937)","(-2.3243, -3.3799)","(-8.967, -6.2441)","(-21.813, 17.1291)","(-18.6885, 4.4121)","(-0.4889, 1.0522)"
1.410000000000000142e+01,"(0.0094, 10.2664)","(3.0405, 3.415)","(-5.6402, -3.8055)","(-5.7271, 1.2865)","(-1.0897, -1.8202)","(29.2757, 11.6694)","(-26.709, 7.3838)","(5.0747, -17.1497)","(-9.1049, 17.0502)","(-3.6528, -19.19)","(8.6067, 22.0831)","(-4.5904, 0.2525)","(-15.2764, 4.2645)","(-8.5238, 4.4253)","(-8.1512, 3.1079)","(-2.7028, -4.276)","(-16.3697, -11.3205)","(-9.4439, 9.0391)","(-20.3218, 5.399)","(-1.2598, 2.2716)"
1.420000000000000107e+01,"(-0.3497, 8.1711)","(7.5081, 8.1862)","(-9.2047, -6.3161)","(-14.9708, 3.3438)","(-2.4539, -4.1129)","(12.0313, 2.9635)","(-9.8068, 5.1436)","(5.8974, -21.1972)","(-9.706, 18.89)","(-2.2945, -6.7598)","(4.6415, 9.7161)","(-3.1549, 0.615)","(-9.9884, 3.0236)","(-6.3582, 4.5229)","(-2.5224, 1.1822)","(-4.3697, -7.1224)","(-17.7285, -11.5174)","(-2.8591, 3.1855)","(-9.5937, 3.3676)","(-3.6425, 6.4342)"
1.430000000000000071e+01,"(-1.074, 13.7012)","(19.9527, 21.6552)","(-14.0366, -9.5545)","(-31.0845, 7.2843)","(-5.897, -9.9143)","(3.6976, 0.5294)","(-7.5747, 5.413)","(2.9616, -13.25)","(-5.996, 12.7691)","(-1.4599, -2.901)","(2.3459, 5.5728)","(-4.6756, 1.1005)","(-7.9557, 2.2506)","(-8.4825, 6.5115)","(-0.7362, 0.4424)","(-7.4397, -12.1618)","(-8.9338, -4.8889)","(-0.6966, 0.7107)","(-3.3174, 1.3918)","(-10.6713, 18.8368)"
1.440000000000000036e+01,"(-1.9182, 24.1855)","(18.8799, 18.0668)","(-14.4665, -9.3754)","(-16.2281, 5.6453)","(-12.3421, -20.4524)","(2.1234, 0.0432)","(-10.3043, 7.9081)","(1.3865, -6.7082)","(-4.3596, 9.021)","(-2.3846, -4.0127)","(3.6868, 10.5309)","(-8.3569, 1.9706)","(-9.9916, 2.5394)","(-12.4251, 9.6266)","(-0.8479, 0.6239)","(-10.1118, -16.0852)","(-3.3818, -1.7001)","(-1.1101, 0.8498)","(-0.9268, 0.3814)","(-15.6012, 29.4637)"
1.450000000000000000e+01,"(-0.7927, 21.0866)","(8.567, 5.3955)","(-8.9753, -5.2914)","(-6.2737, 3.5273)","(-11.6522, -17.324)","(5.7061, -0.0258)","(-14.4054, 11.22)","(1.644, -6.1367)","(-6.136, 11.588)","(-5.0658, -8.4654)","(8.3603, 24.406)","(-15.174, 3.5898)","(-15.0181, 3.6859)","(-14.4745, 11.52)","(-1.824, 1.3652)","(-7.9691, -11.6387)","(-1.6696, -1.005)","(-3.3781, 2.4943)","(-0.585, 0.1645)","(-3.7176, 12.1863)"
1.460000000000000142e+01,"(0.3141, 9.1914)","(7.3098, 3.3487)","(-4.7989, -2.7614)","(-5.5774, 4.0559)","(-5.2452, -5.8468)","(20.4647, -0.0569)","(-14.0789, 11.4479)","(3.2332, -10.8392)","(-10.0914, 18.6972)","(-10.9383, -18.212)","(9.8302, 25.1942)","(-20.087, 5.0804)","(-18.6037, 4.7645)","(-10.5445, 8.9405)","(-4.5171, 3.3645)","(-4.2151, -5.6343)","(-2.6534, -1.819)","(-11.1449, 8.1787)","(-1.1759, 0.2762)","(-1.1876, 8.7209)"
1.470000000000000107e+01,"(-0.0757, 4.876)","(14.2749, 6.1062)","(-3.7247, -2.3544)","(-10.3591, 7.8039)","(-2.9477, -2.4329)","(43.4829, -1.0713)","(-9.0121, 7.8047)","(6.0671, -20.2268)","(-9.9951, 19.668)","(-13.5667, -21.1126)","(4.8576, 8.6167)","(-12.894, 3.9781)","(-14.0986, 4.0982)","(-6.5162, 5.6783)","(-11.5429, 8.5903)","(-2.2026, -3.0625)","(-5.8248, -4.0917)","(-29.3652, 21.936)","(-2.7295, 0.6208)","(-1.035, 12.3013)"
1.480000000000000071e+01,"(-0.6782, 8.4531)","(26.7852, 11.1786)","(-5.0689, -3.4213)","(-19.4422, 14.8009)","(-3.9362, -2.7664)","(16.9297, -4.6029)","(-6.4135, 5.4411)","(5.8552, -21.8464)","(-4.9448, 11.0996)","(-6.6222, -8.1254)","(1.5893, 2.3022)","(-5.4935, 2.0141)","(-8.4336, 2.6282)","(-5.884, 4.8245)","(-22.0971, 16.8428)","(-2.0989, -3.2573)","(-13.3886, -9.4284)","(-13.3369, 13.1257)","(-6.7944, 1.5289)","(-1.4842, 19.3198)"
1.490000000000000036e+01,"(-1.802, 19.9412)","(18.0388, 6.0532)","(-8.5092, -5.8541)","(-16.5021, 13.7695)","(-6.7826, -4.6976)","(13.9952, -6.0615)","(-7.7736, 6.1611)","(1.9067, -10.3641)","(-3.3762, 7.0801)","(-2.5042, -2.4616)","(1.3635, 1.5478)","(-2.4697, 0.8339)","(-7.1173, 1.9772)","(-8.3594, 6.523)","(-12.4065, 11.207)","(-3.2771, -5.327)","(-21.9666, -14.9677)","(-6.4334, 9.7348)","(-16.5818, 3.7513)","(-1.1165, 20.6514)"
1.500000000000000000e+01,"(-2.1069, 30.2139)","(6.5475, 1.4819)","(-13.7395, -9.4052)","(-6.0373, 6.1056)","(-12.3617, -8.5628)","(19.9875, -9.5159)","(-12.268, 9.4782)","(0.6727, -3.9706)","(-5.5914, 10.4015)","(-1.809, -1.3648)","(3.9117, 4.3012)","(-2.6138, 0.6846)","(-10.0559, 2.4973)","(-13.0099, 10.0582)","(-4.0908, 5.1924)","(-5.8649, -9.6393)","(-12.5734, -7.0644)","(-6.7952, 12.2692)","(-26.3211, 6.4669)","(-0.0933, 12.2358)"
1.510000000000000142e+01,"(0.6668, 13.071)","(1.7786, 0.5004)","(-15.3176, -10.0314)","(-1.9661, 1.972)","(-17.5472, -11.825)","(19.7742, -10.1227)","(-16.2227, 12.7534)","(0.8771, -3.2719)","(-10.7986, 19.7092)","(-3.5007, -2.4695)","(13.75, 15.1706)","(-4.7194, 1.1213)","(-16.1776, 3.9207)","(-15.1561, 12.0746)","(-2.6719, 4.5314)","(-9.5605, -15.5314)","(-4.8705, -1.9378)","(-9.1665, 17.1461)","(-12.4557, 4.4589)","(-0.118, 7.3251)"
1.520000000000000107e+01,"(0.7386, 4.327)","(3.0022, 1.2641)","(-9.658, -5.7051)","(-2.1838, 1.7243)","(-12.5884, -7.627)","(11.2682, -6.3777)","(-12.0512, 10.199)","(2.0948, -6.8736)","(-11.1167, 21.8003)","(-8.39, -5.9364)","(29.0512, 30.6534)","(-9.584, 2.2244)","(-19.608, 5.0544)","(-10.1135, 8.7085)","(-3.726, 6.8209)","(-9.8149, -14.992)","(-2.9914, -0.7285)","(-8.6084, 17.0121)","(-4.7475, 2.6243)","(-0.5736, 8.8326)"
1.530000000000000071e+01,"(0.8142, 2.6665)","(9.4649, 4.1448)","(-4.8212, -2.7031)","(-5.6266, 4.1995)","(-5.7603, -3.077)","(9.1426, -4.7724)","(-6.5825, 5.8791)","(5.1022, -16.4622)","(-4.2034, 10.2703)","(-19.4166, -13.6558)","(14.1564, 9.2234)","(-18.216, 4.286)","(-13.0595, 3.9601)","(-5.7007, 5.0601)","(-6.2901, 11.5439)","(-5.6506, -7.6564)","(-4.733, -0.9205)","(-5.3423, 11.3711)","(-3.9224, 2.8482)","(-1.2861, 15.8757)"
1.540000000000000036e+01,"(1.9915, 5.9435)","(29.2009, 12.7304)","(-3.1908, -1.9675)","(-15.5004, 11.4934)","(-2.6352, -1.4981)","(15.3863, -7.3576)","(-5.4506, 4.5136)","(8.2169, -28.0244)","(-1.8803, 4.3735)","(-21.0393, -13.5461)","(13.0635, 6.0071)","(-20.6213, 5.4253)","(-7.0162, 2.2731)","(-5.1044, 4.1877)","(-9.2338, 17.2449)","(-2.5537, -3.3176)","(-9.4779, -1.8374)","(-4.3141, 8.7742)","(-5.7457, 4.3974)","(-1.7182, 23.8461)"
1.550000000000000000e+01,"(5.7427, 17.2174)","(25.0925, 8.6982)","(-4.1008, -2.7538)","(-26.2615, 20.3116)","(-2.78, -1.8391)","(24.2796, -11.7277)","(-8.3576, 6.4798)","(2.6617, -14.3445)","(-3.1791, 5.9172)","(-8.5789, -3.8606)","(19.119, 7.9446)","(-9.9013, 3.4514)","(-5.9913, 1.6532)","(-7.753, 6.0145)","(-7.51, 15.2013)","(-1.5087, -2.1968)","(-18.9451, -3.638)","(-6.1006, 11.5077)","(-9.658, 7.3933)","(-0.3299, 16.5553)"
1.560000000000000142e+01,"(11.9879, 34.0756)","(12.6257, 1.234)","(-7.0109, -4.8314)","(-9.3104, 9.8144)","(-5.0745, -3.5146)","(15.9132, -8.8395)","(-14.4632, 11.0849)","(0.2183, -5.3774)","(-8.0596, 14.4021)","(-4.3306, -1.2114)","(20.8627, 8.0833)","(-3.3977, 1.4606)","(-9.3291, 2.2758)","(-13.0614, 10.0279)","(-3.5548, 8.1425)","(-1.9617, -3.1415)","(-22.9945, -3.8163)","(-9.5057, 17.6946)","(-14.5794, 11.2975)","(0.2114, 7.324)"
1.570000000000000107e+01,"(7.1974, 13.1881)","(13.6417, -0.099)","(-12.2953, -8.4839)","(-3.928, 5.8814)","(-10.3648, -7.2427)","(7.0646, -4.2535)","(-17.1553, 13.6604)","(-0.3526, -3.8618)","(-15.2905, 27.9972)","(-5.8539, -1.1636)","(13.0952, 4.4533)","(-0.8761, 0.4253)","(-16.4632, 3.9234)","(-16.2627, 12.8684)","(-1.9937, 4.4049)","(-3.509, -5.7712)","(-11.0941, -0.8676)","(-9.3917, 18.4692)","(-13.3666, 10.9701)","(-0.1508, 4.761)"
1.580000000000000071e+01,"(5.3695, 6.6899)","(21.6983, -0.5517)","(-16.3899, -10.9737)","(-4.524, 8.0762)","(-18.1386, -12.4784)","(7.5917, -3.7821)","(-9.634, 8.5856)","(-0.8603, -7.1392)","(-6.4223, 15.3466)","(-11.3439, -2.1938)","(9.4279, 3.4274)","(-0.2468, 0.152)","(-21.1914, 5.3998)","(-10.3634, 9.0079)","(-2.3815, 4.6024)","(-6.694, -11.0563)","(-3.7985, -0.0063)","(-5.0767, 11.1525)","(-7.0961, 6.4026)","(-0.6634, 8.3016)"
1.590000000000000036e+01,"(8.0265, 8.6661)","(22.5291, -1.1931)","(-11.6959, -7.0919)","(-8.3809, 15.2065)","(-15.6168, -9.7665)","(17.308, -8.0532)","(-4.5602, 4.2056)","(-1.9381, -16.1525)","(-1.493, 5.8716)","(-21.5065, -4.0798)","(13.7817, 5.6276)","(-0.3171, 0.2341)","(-13.0871, 4.0885)","(-5.052, 4.6409)","(-4.2348, 7.7882)","(-10.6712, -17.2689)","(-0.9465, 0.0482)","(-3.4748, 7.2905)","(-3.7146, 3.3502)","(-1.5845, 18.0241)"
1.600000000000000000e+01,"(14.7347, 15.6654)","(12.2244, -1.2935)","(-5.6008, -3.0546)","(-11.9437, 22.4269)","(-6.7954, -3.4505)","(28.7101, -13.8426)","(-4.2749, 3.4762)","(-3.6996, -27.7934)","(-0.503, 4.1824)","(-21.6528, -3.3265)","(22.8683, 9.4165)","(-0.6916, 0.5176)","(-5.9278, 2.0748)","(-3.9064, 3.2636)","(-7.7541, 14.174)","(-9.2498, -13.6978)","(-0.3775, 0.0644)","(-5.1116, 9.6185)","(-3.5374, 2.8807)","(-1.9502, 27.3886)"
1.610000000000000142e+01,"(17.1303, 17.2476)","(8.1275, -0.616)","(-2.757, -1.5875)","(-6.2585, 13.8849)","(-2.1889, -0.9646)","(12.6989, -7.9302)","(-7.8513, 5.9977)","(-3.3939, -15.3707)","(-0.8581, 9.0855)","(-9.4444, -0.5845)","(19.6011, 7.1535)","(-1.6855, 1.2566)","(-4.1444, 1.1947)","(-6.1052, 4.7278)","(-10.0559, 19.0679)","(-4.5723, -5.861)","(-0.6905, 0.1541)","(-9.28, 17.0262)","(-5.6607, 4.3711)","(0.2638, 14.0099)"
1.619999999999999929e+01,"(8.8791, 7.6734)","(12.937, -0.3664)","(-2.7683, -1.8166)","(-2.2389, 5.6963)","(-0.5134, -0.2071)","(3.766, -2.8221)","(-15.455, 11.723)","(-1.8677, -5.2421)","(-2.24, 23.8236)","(-3.1169, -0.0796)","(9.4514, 2.8979)","(-4.3513, 3.2341)","(-6.6994, 1.6248)","(-11.4593, 8.7198)","(-5.7361, 12.4639)","(-1.7286, -2.121)","(-1.7364, 0.3888)","(-11.0267, 21.1765)","(-10.205, 7.7852)","(0.532, 4.733)"
1.630000000000000071e+01,"(3.9617, 3.4931)","(24.5366, -0.5598)","(-4.6101, -3.169)","(-1.7344, 3.5482)","(-0.1175, -0.0382)","(0.8563, -0.5396)","(-18.9008, 15.0252)","(-1.1211, -2.187)","(-1.8216, 30.8876)","(-1.3961, -0.1716)","(7.1816, 2.6909)","(-11.1832, 8.3202)","(-13.4987, 3.1438)","(-17.6064, 13.6446)","(-2.2124, 5.4953)","(-0.7991, -1.1322)","(-4.8162, 1.068)","(-5.3481, 12.0857)","(-15.6607, 12.1259)","(0.188, 1.1092)"
1.640000000000000213e+01,"(4.8168, 4.9996)","(23.2902, -1.4361)","(-8.7145, -6.0553)","(-3.7796, 6.8703)","(-0.1261, -0.0268)","(2.1908, -1.0081)","(-8.7571, 8.1961)","(-2.0272, -3.4224)","(1.3448, 11.3734)","(-2.6877, -0.5108)","(13.9463, 5.8647)","(-21.3842, 16.2962)","(-22.9494, 5.5286)","(-12.7312, 10.8494)","(-1.2262, 2.7128)","(-1.0506, -1.6879)","(-13.7098, 3.0361)","(-2.4793, 5.7288)","(-13.0888, 10.8917)","(0.1485, 0.504)"
1.650000000000000000e+01,"(10.9577, 11.8041)","(9.7205, -1.4356)","(-15.1685, -10.4467)","(-9.1475, 16.3662)","(-0.2982, -0.0599)","(8.1864, -3.6667)","(-3.0146, 3.1055)","(-4.8574, -8.183)","(1.6561, 5.9994)","(-6.7844, -1.3588)","(26.7437, 11.1697)","(-12.4898, 11.1773)","(-17.285, 5.0977)","(-5.2637, 5.0915)","(-1.7994, 3.4005)","(-2.0112, -3.3265)","(-29.5369, 6.8752)","(-3.1378, 6.0133)","(-6.1183, 5.7066)","(0.382, 1.1476)"
1.660000000000000142e+01,"(20.798, 21.9942)","(4.5412, -0.4558)","(-16.2021, -10.5246)","(-14.1166, 26.3745)","(-0.7891, -0.1596)","(30.4667, -13.6806)","(-1.5527, 1.3528)","(-11.8489, -19.8954)","(3.2309, 9.5423)","(-17.8279, -3.5871)","(18.7452, 6.3735)","(-4.1257, 5.1963)","(-6.72, 2.6283)","(-2.4092, 2.2118)","(-3.6254, 6.5865)","(-4.2564, -7.0939)","(-16.4307, 5.5659)","(-6.7945, 12.3002)","(-2.8098, 2.6097)","(1.1747, 3.5463)"
1.669999999999999929e+01,"(12.8299, 11.3443)","(8.1672, -0.1887)","(-8.6878, -4.8713)","(-5.0225, 12.6732)","(-2.2165, -0.4515)","(25.5736, -14.2169)","(-3.0193, 2.3026)","(-14.8177, -22.9552)","(7.1809, 20.9831)","(-30.2225, -5.484)","(6.8745, 1.61)","(-2.6619, 4.5034)","(-2.1196, 0.8553)","(-2.9933, 2.3647)","(-7.5211, 13.5954)","(-8.7344, -14.4925)","(-6.9751, 4.0238)","(-12.7744, 23.3578)","(-2.595, 2.1176)","(3.943, 11.965)"
1.680000000000000071e+01,"(4.9328, 3.3408)","(20.9707, -0.2549)","(-3.4885, -1.7799)","(-1.1777, 4.7606)","(-6.4458, -1.3183)","(12.344, -11.9204)","(-7.5044, 5.5983)","(-6.8646, -7.6985)","(9.9455, 26.5829)","(-13.4181, -0.6583)","(2.2904, 0.7241)","(-3.4207, 6.3015)","(-1.3935, 0.3897)","(-6.1203, 4.6326)","(-11.2628, 21.0299)","(-12.0962, -19.194)","(-6.3786, 4.7044)","(-8.5168, 17.9923)","(-4.4243, 3.3998)","(11.2286, 33.2587)"
1.690000000000000213e+01,"(2.1561, 1.0954)","(32.7414, -1.136)","(-1.5106, -0.8635)","(-0.4255, 3.6665)","(-17.9934, -3.6485)","(13.0159, -14.9367)","(-18.2353, 13.6327)","(-3.9159, -3.2279)","(5.3288, 10.2547)","(-6.2948, 0.7769)","(4.8194, 2.0507)","(-5.3003, 9.8027)","(-2.9598, 0.6886)","(-13.2355, 9.9625)","(-6.1828, 13.581)","(-7.2798, -9.8266)","(-8.8633, 6.8343)","(-2.4263, 6.9395)","(-8.659, 6.5623)","(8.6135, 18.103)"
1.700000000000000000e+01,"(3.9906, 1.74)","(12.7845, -2.3651)","(-1.7413, -1.1616)","(-0.7001, 7.5808)","(-29.9782, -5.4038)","(14.2312, -17.2754)","(-21.2003, 17.0384)","(-5.6367, -3.9833)","(1.8432, 2.9329)","(-6.9479, 1.5509)","(15.1269, 6.6222)","(-7.7686, 14.5)","(-7.4114, 1.6682)","(-20.1754, 15.6763)","(-1.8447, 5.2673)","(-2.9491, -3.2619)","(-12.7305, 9.8922)","(-0.6175, 1.8311)","(-15.48, 11.8258)","(7.4809, 9.5268)"
1.710000000000000142e+01,"(11.3541, 4.9532)","(4.9343, -1.6811)","(-3.2332, -2.2425)","(-1.7578, 18.9075)","(-12.6904, -0.4033)","(9.4373, -12.3348)","(-6.9841, 7.628)","(-11.1984, -7.8348)","(0.5586, 0.7283)","(-11.8668, 2.7958)","(36.1321, 15.3285)","(-7.7704, 15.2204)","(-18.7533, 4.2237)","(-10.6222, 9.6667)","(-0.4283, 1.5028)","(-1.2197, -1.0576)","(-13.9059, 11.1503)","(-0.5735, 1.1185)","(-15.6167, 12.682)","(9.28, 9.94)"
1.719999999999999929e+01,"(29.9657, 12.8964)","(5.8802, -2.6485)","(-6.7272, -4.7098)","(-2.2829, 31.0508)","(-7.3607, 1.1085)","(7.1282, -9.1124)","(-2.8135, 4.2317)","(-20.2137, -13.9393)","(0.9588, 1.0599)","(-19.9816, 4.7993)","(16.585, 3.9515)","(-4.6798, 10.0511)","(-28.3343, 7.0625)","(-3.3977, 3.8123)","(-0.0887, 0.5309)","(-1.5144, -1.079)","(-9.7257, 8.3005)","(-1.7133, 3.0436)","(-7.0529, 6.6529)","(12.0786, 12.4844)"
1.730000000000000071e+01,"(20.8627, 6.815)","(14.5716, -6.6685)","(-13.6575, -9.5306)","(0.7427, 13.4736)","(-8.1961, 1.9168)","(10.164, -12.1091)","(-3.2819, 5.8643)","(-16.5383, -10.2144)","(3.0869, 3.3999)","(-19.5473, 5.3275)","(10.6186, 0.5289)","(-2.6757, 5.8687)","(-11.4524, 4.5256)","(-0.9698, 1.3632)","(-0.0789, 0.8266)","(-2.7276, -1.8982)","(-6.1945, 5.3679)","(-5.4375, 9.5459)","(-2.4643, 2.5396)","(12.4194, 12.4212)"
1.740000000000000213e+01,"(9.993, 1.0446)","(30.6118, -14.3847)","(-18.7888, -12.5896)","(1.1457, 5.3849)","(-11.0347, 2.7247)","(15.6294, -18.5068)","(-6.2287, 11.2733)","(-6.8376, -3.3903)","(11.2725, 12.4585)","(-9.5915, 3.2727)","(15.3377, -0.2249)","(-2.4695, 4.9432)","(-4.8737, 2.9314)","(-0.9457, 1.6564)","(-0.176, 1.9118)","(-5.5159, -3.8568)","(-5.898, 4.805)","(-15.5676, 27.5798)","(-0.9854, 0.9165)","(9.66, 9.2942)"
1.750000000000000000e+01,"(10.4605, -0.0508)","(14.7927, -9.1232)","(-10.919, -6.2315)","(1.8037, 5.4932)","(-14.6552, 3.6753)","(12.5175, -15.9773)","(-11.0713, 20.3004)","(-2.1087, -1.0339)","(29.0206, 31.1775)","(-4.521, 1.5173)","(25.7886, -0.6705)","(-3.5861, 6.7415)","(-5.1153, 3.7965)","(-1.9826, 3.5502)","(-0.4659, 4.9386)","(-11.3761, -7.9537)","(-8.4291, 6.5725)","(-10.1087, 21.9252)","(-1.3066, 1.0265)","(7.8402, 7.6523)"
1.760000000000000142e+01,"(18.3321, -0.3821)","(5.265, -4.6361)","(-4.1633, -1.8947)","(3.8504, 11.2729)","(-15.4462, 4.0961)","(6.4089, -8.7972)","(-8.9145, 18.1295)","(-1.5148, -0.9877)","(14.5962, 10.2184)","(-4.8696, 1.2665)","(20.451, -1.5165)","(-5.8779, 10.8625)","(-8.6818, 6.6025)","(-4.9033, 8.7344)","(-1.2506, 13.1865)","(-18.2849, -12.4719)","(-12.8519, 9.9531)","(-2.3444, 11.3714)","(-2.7089, 2.048)","(8.9038, 9.0703)"
1.769999999999999929e+01,"(25.2806, -0.9345)","(4.5651, -5.057)","(-1.3875, -0.4665)","(8.1711, 23.6501)","(-11.7786, 3.4057)","(6.4942, -7.988)","(-3.0618, 7.87)","(-3.5083, -2.469)","(13.2739, 6.2735)","(-9.481, 2.2254)","(8.9059, -1.1972)","(-8.3798, 15.7011)","(-15.1665, 11.597)","(-11.2694, 20.23)","(-2.3731, 27.8081)","(-13.5092, -8.202)","(-14.6503, 11.6976)","(-1.1671, 12.0395)","(-6.1661, 4.6205)","(12.0039, 12.4017)"
1.780000000000000071e+01,"(14.9511, -1.4982)","(10.0902, -11.4813)","(-1.3276, -0.2819)","(8.6386, 21.74)","(-8.3871, 2.4659)","(12.563, -14.6108)","(-1.0484, 2.7236)","(-9.4978, -6.7616)","(17.1802, 7.0907)","(-19.2408, 4.4819)","(6.5527, -0.4066)","(-7.3067, 14.6156)","(-16.5905, 13.3354)","(-11.1998, 22.124)","(-0.1393, 18.4032)","(-5.5935, -2.7353)","(-9.8892, 8.4966)","(-1.3954, 18.0001)","(-13.7705, 10.3413)","(13.3171, 13.4251)"
1.790000000000000213e+01,"(6.7188, -0.8359)","(20.6755, -23.9267)","(-2.3852, -0.4599)","(4.2432, 7.689)","(-7.893, 2.1418)","(18.1526, -21.6558)","(-1.118, 2.1827)","(-23.1809, -16.3353)","(18.3495, 7.1199)","(-23.6265, 6.1207)","(13.8261, -0.258)","(-3.8968, 8.634)","(-8.3802, 7.6535)","(-2.9621, 8.9232)","(1.2773, 7.3047)","(-1.7913, -0.7051)","(-5.7319, 5.0601)","(-1.2863, 21.2148)","(-19.8307, 15.4989)","(10.1725, 9.7315)"
1.800000000000000000e+01,"(6.6527, -0.309)","(10.9237, -15.2251)","(-4.941, -0.9618)","(1.4908, 2.1818)","(-10.1377, 2.5654)","(8.9077, -12.4552)","(-2.6264, 4.7343)","(-19.3982, -11.8356)","(13.7303, 4.9327)","(-10.8356, 3.8672)","(29.4536, -0.5662)","(-2.2443, 4.9256)","(-3.6145, 3.4209)","(-0.7749, 4.6106)","(1.8429, 5.8135)","(-0.9484, -0.2358)","(-5.1216, 4.2048)","(-0.3149, 14.4852)","(-9.3278, 8.7447)","(7.3696, 7.0613)"
1.810000000000000142e+01,"(14.1425, -0.2577)","(3.0549, -5.9595)","(-10.8064, -2.1172)","(1.2646, 1.4366)","(-14.0512, 3.5015)","(3.637, -5.2714)","(-6.6865, 11.9053)","(-8.3681, -3.1142)","(10.9558, 4.045)","(-3.561, 1.5483)","(21.524, -1.8663)","(-2.3323, 4.5897)","(-3.0791, 2.5295)","(-0.5387, 5.981)","(2.8922, 8.1872)","(-1.5108, -0.2954)","(-7.5324, 5.8598)","(-0.1785, 9.1194)","(-2.9569, 3.5999)","(7.8765, 7.9844)"
1.819999999999999929e+01,"(27.8785, -0.6086)","(1.247, -3.5079)","(-20.6391, -3.916)","(2.9921, 3.2593)","(-16.1296, 4.1943)","(5.0365, -5.998)","(-13.7818, 25.0027)","(-6.913, -1.5469)","(13.4818, 5.3757)","(-0.909, 0.3687)","(7.3857, -1.6425)","(-3.6655, 6.8275)","(-5.6549, 4.3221)","(-0.899, 10.7232)","(4.6172, 12.9903)","(-3.0038, -0.5821)","(-12.3825, 9.5253)","(-0.6345, 10.2996)","(-1.5307, 2.508)","(11.3204, 11.7752)"
1.830000000000000071e+01,"(20.1462, -1.7263)","(2.371, -7.5224)","(-19.9665, -3.0158)","(8.6544, 9.4666)","(-12.8648, 3.6751)","(12.9706, -14.7918)","(-7.8869, 17.3035)","(-11.0878, -2.1183)","(19.0138, 7.6867)","(-0.9015, 0.229)","(1.8358, -0.5648)","(-6.2478, 11.4967)","(-11.9012, 8.9769)","(-1.5639, 19.2494)","(6.4592, 17.6861)","(-6.5565, -1.2859)","(-15.7034, 12.396)","(-1.346, 17.2422)","(-2.1378, 3.8784)","(14.2407, 14.5598)"
1.840000000000000213e+01,"(7.0955, -1.4561)","(6.7151, -21.2843)","(-8.4141, -0.4141)","(21.9276, 23.6776)","(-8.6625, 2.5963)","(21.9847, -25.925)","(-1.8649, 6.9608)","(-19.3065, -3.6148)","(18.589, 7.0425)","(-2.288, 0.5176)","(1.4716, -0.6418)","(-8.832, 16.5652)","(-19.6649, 15.1555)","(-1.186, 21.376)","(5.843, 14.5815)","(-14.2968, -2.7949)","(-10.7944, 9.254)","(-1.5711, 23.4198)","(-3.9616, 7.2005)","(11.2161, 10.7494)"
1.850000000000000000e+01,"(1.7058, -0.4304)","(9.5575, -33.5061)","(-2.879, 0.1733)","(15.3455, 13.7297)","(-7.3432, 2.0464)","(7.7219, -12.117)","(-0.6169, 4.9943)","(-21.7886, -3.5401)","(12.0145, 4.141)","(-6.4359, 1.4257)","(4.4379, -1.9969)","(-7.0185, 14.2594)","(-12.5348, 10.9552)","(0.1442, 10.9626)","(3.5911, 8.1443)","(-23.115, -4.2018)","(-5.5131, 5.01)","(-0.2651, 15.556)","(-7.5675, 13.7649)","(7.0971, 6.6115)"
1.860000000000000142e+01,"(0.2639, -0.0671)","(1.1584, -13.0574)","(-1.9394, 0.3801)","(8.2858, 4.7636)","(-9.0643, 2.313)","(2.129, -4.5958)","(-0.7212, 8.2867)","(-11.724, -1.1561)","(9.6665, 3.5945)","(-18.4404, 4.0853)","(16.5623, -7.4129)","(-3.3938, 7.7379)","(-4.2866, 4.5343)","(0.1756, 4.4336)","(2.2386, 5.3644)","(-15.0803, -1.7556)","(-4.0917, 3.4441)","(0.0472, 7.8253)","(-10.2718, 19.3731)","(6.5492, 6.5443)"
1.869999999999999929e+01,"(0.1073, -0.005)","(-0.5471, -8.0315)","(-3.0463, 0.7116)","(9.0324, 3.9565)","(-13.0153, 3.2198)","(1.4506, -4.3917)","(-1.4194, 16.4898)","(-5.469, -0.5034)","(13.782, 5.6037)","(-31.8291, 7.7596)","(40.4151, -18.8946)","(-1.8747, 4.1644)","(-1.1164, 1.2931)","(-0.1042, 2.958)","(2.3932, 6.4351)","(-5.6351, -0.0193)","(-5.9032, 4.6038)","(-0.3972, 7.3658)","(-5.8038, 12.6453)","(9.7856, 10.2256)"
1.880000000000000071e+01,"(0.4046, -0.0018)","(-1.5656, -13.1319)","(-5.7905, 1.3516)","(14.9697, 6.2563)","(-16.4862, 4.1929)","(3.7669, -11.8693)","(-1.8054, 25.0153)","(-5.4193, -0.8869)","(21.0101, 8.5687)","(-12.2653, 5.164)","(14.4395, -11.4339)","(-2.0441, 3.9992)","(-0.2144, 0.2596)","(-0.4089, 5.1413)","(3.7661, 10.6002)","(-2.2628, 0.2948)","(-10.5593, 8.066)","(-1.1285, 13.7179)","(-2.0013, 5.2452)","(14.6583, 15.2602)"
1.890000000000000213e+01,"(1.5773, -0.0015)","(-3.2362, -25.753)","(-11.6976, 2.7156)","(21.366, 8.6403)","(-14.3239, 3.9984)","(10.3658, -33.1151)","(-0.0687, 15.1387)","(-10.5236, -2.0077)","(18.4676, 6.8125)","(-6.7192, 4.358)","(10.7996, -11.6581)","(-3.3938, 6.2861)","(-0.0336, 0.0428)","(-0.9851, 11.1468)","(6.0501, 16.9555)","(-2.5996, 0.5841)","(-16.3727, 12.6699)","(-1.9864, 24.7774)","(-0.7224, 1.841)","(13.2789, 12.969)"
1.900000000000000000e+01,"(6.6576, 0.0043)","(-3.9636, -22.8589)","(-20.0818, 4.8174)","(15.6334, 5.5054)","(-9.326, 2.8321)","(4.5785, -22.1734)","(0.3896, 5.6905)","(-21.2473, -4.0776)","(10.0427, 3.2556)","(-7.9322, 5.9961)","(13.5968, -15.9863)","(-6.0971, 11.1617)","(-0.0101, 0.0161)","(-1.8979, 22.387)","(6.7684, 17.674)","(-4.4293, 1.0444)","(-13.4871, 11.252)","(-0.6653, 20.3992)","(-0.7012, 1.3924)","(7.5051, 6.7521)"
1.910000000000000142e+01,"(27.6791, -0.0139)","(-2.4208, -8.6013)","(-17.559, 4.9385)","(7.8734, 2.4773)","(-6.9337, 2.0052)","(-0.1222, -10.8165)","(0.0496, 2.0116)","(-23.7007, -3.7888)","(7.8719, 2.9359)","(-12.0534, 9.2806)","(12.7448, -15.8336)","(-9.1652, 17.0778)","(-0.022, 0.0386)","(-1.0092, 22.052)","(4.4277, 10.0665)","(-8.5082, 1.9878)","(-6.2109, 5.8092)","(0.4219, 8.2695)","(-1.3896, 2.5407)","(5.0736, 4.8667)"
1.920000000000000284e+01,"(37.2694, -1.9845)","(-0.7153, -2.9447)","(-7.4638, 2.7762)","(6.2964, 2.364)","(-7.894, 2.0491)","(-1.3791, -12.4031)","(-0.1973, 2.7119)","(-10.3251, -0.6208)","(13.1461, 5.4449)","(-15.6089, 12.2808)","(8.0927, -10.6545)","(-7.411, 15.0172)","(-0.0681, 0.1195)","(0.5729, 8.8462)","(2.3094, 5.12)","(-15.9041, 3.7469)","(-3.0696, 2.788)","(0.0384, 3.3623)","(-3.0686, 5.5186)","(7.1136, 7.4105)"
1.930000000000000071e+01,"(18.5735, -6.4862)","(-0.6291, -4.8563)","(-2.4197, 1.0583)","(10.8835, 4.5243)","(-11.5239, 2.8417)","(-2.9714, -23.962)","(-0.5932, 6.5069)","(-3.2898, -0.0174)","(23.0352, 9.5459)","(-11.9534, 10.0621)","(7.298, -9.1136)","(-3.2975, 7.7106)","(-0.225, 0.3938)","(0.4744, 2.8368)","(1.7559, 4.4944)","(-20.2857, 5.1782)","(-3.4751, 2.7726)","(-0.3912, 5.101)","(-6.9091, 12.4024)","(12.8661, 13.632)"
1.940000000000000213e+01,"(17.7092, -8.2606)","(-1.6062, -14.1214)","(-0.5946, 0.2828)","(20.6417, 8.6437)","(-16.1606, 4.021)","(-4.1224, -25.9392)","(-1.5739, 16.7992)","(-0.9269, -0.0713)","(19.4234, 7.0427)","(-6.8347, 6.0471)","(11.1958, -13.2546)","(-1.5357, 3.5875)","(-0.7755, 1.3545)","(0.5368, 1.7605)","(2.5568, 7.154)","(-11.8081, 3.782)","(-6.5045, 4.9569)","(-1.1845, 12.8029)","(-11.6906, 21.5608)","(16.6183, 16.9711)"
1.950000000000000000e+01,"(14.8914, -7.7089)","(-4.2029, -34.9235)","(-0.1257, 0.0682)","(21.5755, 8.2101)","(-16.0877, 4.3361)","(-2.7628, -10.5948)","(-2.3899, 30.4678)","(-1.5375, -0.2886)","(8.5136, 2.4297)","(-5.6376, 4.6744)","(15.507, -18.5372)","(-1.4828, 2.9542)","(-2.7465, 4.7911)","(1.0937, 3.2041)","(4.591, 13.106)","(-4.5899, 1.7913)","(-12.9468, 9.804)","(-2.5627, 29.0869)","(-6.8745, 14.8854)","(9.8588, 8.8385)"
1.960000000000000142e+01,"(10.5012, -5.6574)","(-4.494, -18.7361)","(-0.08, 0.0567)","(9.7979, 2.7931)","(-10.6121, 3.216)","(-0.9691, -4.3563)","(0.5163, 14.7563)","(-4.1728, -0.8433)","(4.7336, 1.6602)","(-8.2167, 6.3987)","(10.7238, -13.9821)","(-2.5184, 4.6635)","(-9.4229, 16.4812)","(2.5225, 7.4209)","(7.149, 19.8483)","(-1.5495, 0.5998)","(-18.5486, 14.4839)","(-0.3704, 21.4865)","(-1.8504, 5.7604)","(4.3907, 3.7604)"
1.970000000000000284e+01,"(10.5282, -5.3453)","(-3.9036, -8.4265)","(-0.1632, 0.1218)","(3.6949, 1.0552)","(-6.8435, 2.0735)","(-1.0103, -7.9248)","(1.2704, 6.1415)","(-12.3696, -2.5351)","(8.6696, 3.6307)","(-13.6908, 10.5249)","(5.9239, -8.0019)","(-4.8392, 8.8067)","(-17.7119, 32.6217)","(5.9967, 17.6186)","(6.2394, 15.2813)","(-1.0278, 0.2938)","(-10.6813, 9.5042)","(1.2266, 7.9202)","(-0.4505, 2.5719)","(3.5729, 3.5685)"
1.980000000000000071e+01,"(15.2209, -7.394)","(-5.4965, -9.3642)","(-0.3907, 0.2915)","(3.7723, 1.4986)","(-6.7202, 1.8025)","(-2.5465, -22.1057)","(1.9307, 5.8807)","(-30.9199, -6.1136)","(20.4972, 8.7697)","(-16.5526, 13.1441)","(7.0181, -8.5018)","(-8.6478, 15.8363)","(-4.242, 14.2288)","(9.447, 25.9232)","(3.275, 6.8405)","(-1.7709, 0.4259)","(-3.8097, 3.9277)","(1.5147, 5.0319)","(-0.3005, 3.276)","(6.8747, 7.329)"
1.990000000000000213e+01,"(19.4961, -9.6305)","(-10.8879, -18.0895)","(-0.9954, 0.7403)","(8.7866, 3.7572)","(-9.6298, 2.3841)","(-4.9079, -34.7344)","(3.5791, 10.319)","(-20.3074, -2.1221)","(27.4075, 10.8226)","(-10.1872, 8.9099)","(13.2806, -15.4616)","(-9.3168, 18.0859)","(-1.5229, 12.0938)","(5.5505, 11.1453)","(1.4418, 3.1417)","(-3.6645, 0.8482)","(-1.213, 1.2248)","(3.0745, 9.0225)","(-0.5003, 5.9237)","(14.7304, 15.7905)"
2.000000000000000000e+01,"(14.6258, -7.8515)","(-14.6413, -23.0719)","(-2.6395, 1.9587)","(21.4749, 9.2149)","(-14.7559, 3.6053)","(-4.1312, -12.5072)","(6.6927, 19.1391)","(-9.4892, 1.0075)","(11.2623, 2.765)","(-5.1522, 4.6807)","(16.9765, -20.493)","(-4.3118, 9.9153)","(-0.9623, 13.4616)","(2.8109, 4.0109)","(1.2574, 3.3322)","(-8.11, 1.856)","(-1.0769, 0.8717)","(6.8452, 19.996)","(-1.0198, 11.8474)","(18.2045, 18.4049)"
2.010000000000000142e+01,"(9.0802, -5.0271)","(-7.7861, -10.0993)","(-7.0887, 5.2581)","(26.1994, 10.1674)","(-17.6578, 4.555)","(-3.0802, -6.0282)","(8.0756, 21.2398)","(-9.4163, 2.0678)","(3.8296, 0.4749)","(-4.6488, 3.8033)","(8.0173, -11.2884)","(-1.5107, 3.9591)","(-0.8025, 14.0988)","(2.95, 3.2838)","(2.1706, 6.1951)","(-17.0444, 3.9431)","(-2.322, 1.7549)","(9.7431, 26.2196)","(-1.6609, 20.8175)","(8.4495, 6.8403)"
2.020000000000000284e+01,"(9.6047, -4.8368)","(-2.9238, -3.6879)","(-17.0357, 12.7442)","(10.3291, 2.2689)","(-12.8638, 3.7846)","(-5.7717, -9.7816)","(4.7015, 9.985)","(-14.2251, 3.4118)","(3.3175, 0.0194)","(-7.8833, 6.06)","(3.6945, -5.1796)","(-0.7037, 1.6287)","(-0.6742, 13.5079)","(5.194, 5.544)","(4.4004, 12.7404)","(-22.5167, 5.7254)","(-5.6499, 4.2166)","(5.3634, 10.4994)","(-0.8037, 19.0365)","(2.8157, 1.9098)"
2.030000000000000071e+01,"(15.7407, -7.5458)","(-2.7534, -4.3863)","(-19.6742, 15.7972)","(4.7857, 0.3269)","(-7.4113, 2.3476)","(-13.84, -23.2365)","(1.9025, 3.8082)","(-19.7714, 4.9266)","(8.2065, -0.0714)","(-14.5924, 11.1203)","(5.6184, -6.6539)","(-0.9618, 1.8347)","(-0.6124, 12.6488)","(10.2101, 10.9059)","(7.6565, 21.5659)","(-11.1266, 3.8492)","(-13.8971, 10.3709)","(2.0292, 3.1597)","(0.3349, 8.369)","(0.9405, 0.5012)"
2.040000000000000213e+01,"(21.2925, -10.4586)","(-6.9314, -11.687)","(-6.6743, 7.217)","(6.592, -0.068)","(-5.7277, 1.632)","(-15.2815, -23.1091)","(1.1479, 2.9223)","(-16.5574, 4.6835)","(23.7529, -0.1983)","(-17.9428, 14.2389)","(13.5704, -15.5291)","(-1.9166, 3.4884)","(-0.6583, 12.5781)","(16.2473, 16.9747)","(6.7064, 16.2863)","(-3.7898, 1.8121)","(-22.2658, 17.2512)","(1.0695, 1.2823)","(0.2458, 2.7965)","(1.5112, 0.6623)"
2.050000000000000000e+01,"(14.035, -7.7503)","(-16.6096, -27.7479)","(-3.026, 4.617)","(14.3592, -0.2104)","(-7.5002, 1.8911)","(-6.7158, -7.278)","(2.0592, 5.922)","(-9.4534, 3.0002)","(33.4084, -1.4141)","(-9.3856, 8.5095)","(20.3035, -24.1988)","(-4.1394, 7.4537)","(-0.7569, 13.4193)","(11.8521, 11.0839)","(3.2567, 6.2413)","(-1.7986, 1.1933)","(-9.7134, 9.3543)","(2.2543, 2.4621)","(0.0454, 0.7919)","(4.1371, 1.8019)"
2.060000000000000142e+01,"(7.3014, -4.213)","(-12.2302, -16.8258)","(-3.0928, 5.6186)","(27.7682, -0.6208)","(-12.1106, 2.9291)","(-2.8227, -2.3732)","(4.7592, 13.9753)","(-7.2368, 2.058)","(12.2076, -3.0447)","(-3.7629, 3.6521)","(7.2133, -11.1972)","(-8.5428, 15.4472)","(-0.8032, 14.3103)","(5.0531, 4.0484)","(1.0734, 1.8342)","(-2.4046, 1.8144)","(-3.3019, 4.3945)","(6.5268, 7.145)","(-0.0411, 0.7078)","(12.7631, 5.5872)"
2.070000000000000284e+01,"(7.7195, -3.8775)","(-5.9886, -5.6723)","(-4.2932, 7.9898)","(19.0223, -1.726)","(-17.7173, 4.3749)","(-4.7827, -3.4405)","(9.2148, 26.2214)","(-10.3998, 2.5739)","(8.1444, -3.3937)","(-2.6965, 2.2595)","(1.8894, -3.7286)","(-10.8235, 20.6039)","(-0.7288, 14.1602)","(1.7058, 1.3962)","(0.2402, 0.4023)","(-4.2716, 3.2471)","(-2.5023, 4.3338)","(18.8478, 20.5508)","(-0.128, 1.4855)","(31.6111, 13.5013)"
2.080000000000000071e+01,"(14.7206, -6.9525)","(-5.7122, -4.2026)","(-6.3012, 11.748)","(6.6672, -1.4666)","(-16.3211, 4.4974)","(-14.396, -10.3273)","(7.0239, 15.969)","(-17.7301, 4.256)","(13.0812, -6.0942)","(-4.9929, 3.8168)","(0.6431, -1.7776)","(-4.6456, 10.939)","(-0.6182, 13.0835)","(1.3708, 1.3798)","(0.0534, 0.1188)","(-8.3189, 6.2998)","(-3.9009, 7.1133)","(20.1411, 19.6392)","(-0.3202, 3.5016)","(17.6513, 5.1552)"
2.090000000000000213e+01,"(23.8391, -11.4746)","(-12.2084, -8.6306)","(-7.6908, 14.6651)","(2.082, -0.7048)","(-9.2738, 2.9693)","(-32.7701, -22.8271)","(3.3274, 5.3764)","(-21.3531, 5.527)","(22.6723, -10.7848)","(-11.0939, 8.3371)","(1.3514, -4.235)","(-1.2387, 4.0096)","(-0.6052, 12.3508)","(2.797, 2.9926)","(0.0877, 0.2525)","(-14.7171, 11.2487)","(-7.104, 12.9604)","(9.7865, 6.0279)","(-0.8159, 8.7565)","(10.0646, 0.7695)"
2.100000000000000000e+01,"(15.1641, -8.492)","(-24.9525, -17.3534)","(-6.1649, 12.5027)","(2.446, -1.0991)","(-5.3477, 1.6783)","(-15.0258, -6.8662)","(2.0831, 2.5082)","(-12.5882, 3.9899)","(18.1867, -9.713)","(-20.44, 15.61)","(4.6509, -14.485)","(-0.2913, 1.6955)","(-0.6969, 12.757)","(6.7109, 7.2613)","(0.221, 0.6551)","(-15.2631, 12.3446)","(-10.2464, 19.1888)","(9.2809, 4.1754)","(-1.8382, 20.4026)","(11.4949, -0.1614)"
2.110000000000000142e+01,"(5.8348, -3.7461)","(-16.8433, -9.8316)","(-3.7471, 8.0575)","(6.1626, -2.8149)","(-5.4259, 1.4417)","(-10.0835, -2.6136)","(3.5687, 3.8546)","(-6.2344, 2.0733)","(7.3839, -4.6521)","(-14.0277, 12.1245)","(12.3011, -39.6427)","(-0.2074, 2.2544)","(-0.8021, 13.922)","(15.3404, 16.5072)","(0.6074, 1.8143)","(-7.2494, 6.744)","(-6.788, 14.2791)","(14.7196, 6.1538)","(-1.5084, 25.3015)","(17.1277, -0.4854)"
2.120000000000000284e+01,"(3.808, -2.0261)","(-6.2797, -2.6103)","(-2.7543, 5.725)","(17.601, -8.0163)","(-8.5833, 2.0861)","(-15.8008, -3.1281)","(7.9055, 8.5255)","(-5.9946, 1.5987)","(4.223, -2.3186)","(-4.5987, 5.0296)","(2.221, -18.3657)","(-0.3638, 4.2428)","(-0.7998, 14.5691)","(17.599, 17.5902)","(1.7615, 5.2839)","(-2.5885, 2.659)","(-2.6753, 6.5492)","(21.0751, 8.5366)","(0.72, 10.2683)","(20.4981, -0.8839)"
2.130000000000000071e+01,"(8.18, -3.8287)","(-2.2233, -0.636)","(-3.1621, 6.1222)","(30.892, -14.8448)","(-14.6695, 3.5115)","(-27.4665, -5.1114)","(16.6691, 17.8314)","(-10.9561, 2.5999)","(8.1971, -3.869)","(-1.2939, 1.7599)","(-0.916, -13.5561)","(-0.7851, 8.926)","(-0.6733, 13.8136)","(7.6611, 5.7777)","(5.0863, 15.2206)","(-0.9185, 0.8932)","(-1.3911, 3.1304)","(16.257, 5.8152)","(1.0718, 4.6004)","(14.5751, -1.1558)"
2.140000000000000213e+01,"(20.2778, -9.3512)","(-3.6951, -0.7671)","(-4.6432, 8.6933)","(11.2317, -7.9031)","(-19.4001, 4.9024)","(-19.5056, -2.42)","(16.1948, 15.8101)","(-20.7337, 4.8917)","(19.8431, -9.1705)","(-1.078, 1.868)","(-2.3252, -18.5178)","(-1.5427, 18.0255)","(-0.5804, 12.5445)","(3.7946, 2.053)","(10.3855, 29.5596)","(-0.8924, 0.7209)","(-1.9258, 3.6623)","(8.6023, 2.7677)","(1.6564, 4.9007)","(9.0383, -0.7941)"
2.150000000000000000e+01,"(26.9786, -13.3987)","(-11.2222, -2.3195)","(-6.8261, 12.7487)","(5.6714, -5.6712)","(-13.6792, 4.0804)","(-7.7731, -0.4563)","(6.821, 5.117)","(-22.0123, 5.9022)","(27.0157, -13.3659)","(-2.2724, 4.0593)","(-3.3964, -23.4079)","(-1.4105, 22.6541)","(-0.6236, 12.2108)","(4.7675, 2.0567)","(6.6034, 13.2161)","(-1.6887, 1.2876)","(-3.8833, 7.0591)","(7.115, 2.6828)","(2.6933, 7.6285)","(9.2615, -0.4516)"
2.160000000000000142e+01,"(9.531, -6.6376)","(-33.1791, -6.7354)","(-7.7351, 14.8944)","(7.1351, -8.1838)","(-6.6395, 2.2668)","(-5.6252, -0.8626)","(2.656, 1.5194)","(-9.7998, 3.5256)","(9.8747, -6.7076)","(-5.7991, 10.3087)","(-3.0211, -15.8987)","(0.2252, 11.3532)","(-0.7518, 13.1669)","(8.6952, 3.6642)","(4.8532, 6.3062)","(-3.5937, 2.7055)","(-8.0371, 14.5347)","(12.0659, 5.0051)","(4.558, 12.9137)","(14.7892, -0.4235)"
2.170000000000000284e+01,"(3.3693, -3.1315)","(-23.5664, -2.5052)","(-5.5546, 11.4952)","(12.3471, -14.3667)","(-3.9797, 1.2173)","(-13.5022, -2.6659)","(3.028, 1.3351)","(-3.5639, 1.3588)","(3.1179, -2.7476)","(-13.0061, 23.4153)","(-1.887, -9.7779)","(0.4503, 3.955)","(-0.8384, 14.4781)","(16.623, 6.9862)","(5.839, 6.2808)","(-8.0135, 6.0127)","(-11.4214, 21.4567)","(21.581, 8.9732)","(6.6013, 18.1516)","(21.8677, -0.7204)"
2.180000000000000071e+01,"(3.7796, -4.2416)","(-11.9894, 1.4739)","(-3.2903, 7.1322)","(14.9792, -18.1314)","(-5.0058, 1.2716)","(-31.7638, -6.2151)","(6.4449, 2.7604)","(-2.8231, 0.767)","(2.668, -2.9484)","(-9.5325, 19.8586)","(-1.7658, -12.2907)","(0.3297, 1.3945)","(-0.7647, 14.5791)","(21.4357, 8.5035)","(8.0357, 8.3722)","(-15.9602, 12.0918)","(-5.6622, 12.7648)","(20.0915, 7.4663)","(5.8391, 14.4432)","(17.7847, -1.2449)"
2.190000000000000213e+01,"(8.964, -10.1855)","(-13.4316, 2.9899)","(-2.6236, 5.3761)","(7.8853, -10.8273)","(-8.9078, 2.1181)","(-21.2105, -2.2966)","(15.4944, 6.6561)","(-6.0949, 1.412)","(6.4841, -7.3377)","(-2.2617, 7.938)","(-2.8649, -21.9806)","(0.5501, 1.6409)","(-0.6069, 13.2242)","(11.9078, 3.7772)","(10.7803, 11.1393)","(-16.7341, 13.5444)","(-1.6504, 4.8106)","(9.078, 2.6124)","(3.3435, 7.3372)","(9.2157, -1.0194)"
2.200000000000000000e+01,"(19.9541, -22.9476)","(-21.612, 5.1712)","(-3.2903, 6.2965)","(3.6608, -5.1655)","(-16.1576, 3.8286)","(-7.8777, 0.493)","(26.8489, 11.0597)","(-15.0924, 3.4069)","(17.6628, -20.029)","(-0.7005, 5.296)","(-3.806, -24.3499)","(1.0725, 3.1048)","(-0.5632, 12.0535)","(4.6033, 1.1931)","(11.5097, 11.5608)","(-6.6456, 6.5718)","(-0.3763, 1.3007)","(4.1687, 1.3483)","(1.7878, 4.1089)","(6.6342, -0.4647)"
2.210000000000000142e+01,"(12.3301, -16.6553)","(-21.6464, 5.8633)","(-5.009, 9.335)","(4.0709, -4.9644)","(-20.5177, 5.2422)","(-5.2882, 1.0329)","(14.1638, 4.2403)","(-28.7094, 6.8182)","(18.1938, -22.7326)","(-0.7004, 8.1225)","(-2.715, -11.9193)","(2.2935, 6.6897)","(-0.6668, 12.3211)","(1.923, 0.6193)","(8.8998, 8.5359)","(-2.0574, 2.5739)","(-0.0686, 0.3514)","(6.0053, 2.4616)","(1.6978, 4.5041)","(10.3251, -0.3045)"
2.220000000000000284e+01,"(3.491, -6.9152)","(-11.1888, 3.6974)","(-7.2851, 13.6192)","(8.3985, -9.7136)","(-12.2645, 3.8824)","(-12.0812, 2.6789)","(5.4956, 0.7906)","(-15.7638, 5.3018)","(5.0162, -9.765)","(-1.2831, 15.2281)","(-1.3066, -6.6629)","(4.9857, 14.522)","(-0.8155, 13.7943)","(2.7213, 1.1109)","(6.3602, 6.0621)","(-1.1724, 1.9576)","(-0.0457, 0.4533)","(13.9769, 5.9786)","(2.6798, 7.5578)","(19.3713, -0.4349)"
2.230000000000000071e+01,"(1.7176, -4.9758)","(-7.498, 2.191)","(-7.6401, 14.8652)","(16.2575, -18.8696)","(-5.1233, 1.889)","(-31.2532, 7.0493)","(4.1694, 0.0484)","(-5.5777, 2.9115)","(2.5882, -7.4943)","(-1.7163, 23.3891)","(-1.4695, -11.1664)","(8.1428, 22.6388)","(-0.8507, 14.9482)","(6.0033, 2.5582)","(5.9835, 5.9675)","(-1.6862, 3.0682)","(-0.1025, 1.0924)","(27.1634, 11.3545)","(4.778, 13.6156)","(24.0463, -1.0405)"
2.240000000000000213e+01,"(3.0532, -9.8221)","(-12.51, 3.0134)","(-4.9968, 10.5397)","(13.3074, -16.9945)","(-2.5494, 0.8186)","(-22.8047, 7.0738)","(7.4818, -0.124)","(-3.7576, 2.6522)","(4.096, -13.3266)","(-0.3338, 16.3716)","(-3.0228, -24.6215)","(5.8732, 13.3325)","(-0.6962, 14.2405)","(14.1946, 6.0863)","(7.7405, 7.9813)","(-3.0899, 5.6235)","(-0.2854, 2.9772)","(17.037, 5.5322)","(7.0188, 19.3012)","(12.5293, -1.4487)"
2.250000000000000000e+01,"(7.0739, -22.8945)","(-24.2998, 5.7263)","(-2.9313, 6.3811)","(4.4505, -7.0885)","(-3.281, 0.8285)","(-8.3269, 4.5309)","(16.0998, -0.2626)","(-6.5509, 4.9256)","(7.4805, -24.929)","(0.2924, 6.8629)","(-4.2676, -26.542)","(2.68, 4.6028)","(-0.5465, 12.4857)","(25.1882, 10.4234)","(10.7211, 11.105)","(-5.9931, 10.8821)","(-0.8364, 8.6067)","(6.2652, 1.119)","(5.777, 13.9547)","(5.1134, -0.7161)"
2.260000000000000142e+01,"(7.2475, -26.8633)","(-22.5821, 6.3054)","(-2.5277, 5.1132)","(1.2531, -2.0725)","(-6.3531, 1.4899)","(-6.6842, 4.7939)","(26.5803, -0.7738)","(-13.9762, 10.5147)","(5.0839, -20.6875)","(-0.0011, 3.1935)","(-2.8641, -9.8499)","(1.3294, 1.7155)","(-0.5745, 11.7375)","(15.0468, 4.8186)","(11.9574, 12.0691)","(-9.5933, 17.7602)","(-2.1784, 23.1367)","(2.9249, 0.1302)","(3.0057, 6.3008)","(4.304, -0.2323)"
2.270000000000000284e+01,"(1.2429, -10.3835)","(-8.9198, 3.3979)","(-3.3972, 6.4442)","(0.9808, -1.2163)","(-13.211, 3.0569)","(-14.3761, 10.7143)","(15.6368, -1.6411)","(-21.2135, 16.4985)","(1.2302, -8.2)","(-0.3219, 4.4628)","(-0.8502, -2.6244)","(1.8135, 1.9657)","(-0.7327, 12.7319)","(5.7327, 0.9696)","(9.2383, 8.8488)","(-7.6082, 15.4772)","(-1.5465, 27.9414)","(5.1663, -0.0517)","(1.3707, 3.0283)","(8.9041, -0.1709)"
2.280000000000000071e+01,"(-0.0285, -3.7506)","(-3.7776, 1.2506)","(-5.3205, 9.881)","(2.6539, -3.0253)","(-22.2364, 5.3647)","(-26.309, 20.158)","(5.4704, -1.1628)","(-10.538, 9.7267)","(0.6243, -3.1191)","(-0.8574, 9.7195)","(-0.2511, -1.6254)","(3.3025, 3.5209)","(-0.8764, 14.5656)","(3.5515, 0.0962)","(6.2507, 5.8934)","(-2.9352, 7.2349)","(1.3922, 10.5698)","(13.4526, -0.1341)","(1.2203, 3.2306)","(20.3883, -0.3136)"
2.290000000000000213e+01,"(-0.4678, -4.336)","(-6.7931, 1.6097)","(-7.6571, 14.3298)","(7.9042, -8.9101)","(-16.5109, 4.8884)","(-11.6307, 11.1768)","(1.4993, -0.4567)","(-3.3136, 3.7024)","(1.5661, -5.2384)","(-1.8645, 21.2055)","(-0.5878, -5.221)","(6.6682, 7.1384)","(-0.8231, 15.1508)","(5.6144, -0.0985)","(5.5484, 5.4968)","(-0.9742, 2.6332)","(2.1571, 7.288)","(31.0587, -0.5146)","(2.0276, 5.7588)","(27.9353, -1.1093)"
2.300000000000000000e+01,"(-1.2437, -10.8148)","(-18.3538, 4.1061)","(-7.4952, 14.7272)","(20.7016, -23.5723)","(-6.3067, 2.5276)","(-3.3939, 4.1715)","(1.1956, -0.5239)","(-0.7657, 0.9737)","(4.4906, -14.3052)","(-1.4514, 25.258)","(-2.0112, -18.5617)","(12.763, 13.5765)","(-0.6047, 13.5383)","(11.2493, -0.2031)","(7.1814, 7.4082)","(-0.4707, 1.0722)","(3.2449, 9.1918)","(20.0763, -2.0616)","(3.9553, 11.406)","(11.8138, -1.864)"
2.310000000000000142e+01,"(-3.2891, -28.024)","(-33.7629, 8.1312)","(-4.5441, 9.7492)","(13.2691, -17.9336)","(-1.8417, 0.8833)","(-1.2603, 2.0107)","(2.6962, -1.2363)","(-0.3537, 0.584)","(9.8612, -32.3311)","(0.6066, 10.472)","(-5.367, -42.6056)","(15.064, 15.2168)","(-0.509, 11.7457)","(21.4223, -0.4676)","(10.413, 10.8357)","(-0.7015, 1.3265)","(4.7405, 13.1758)","(7.8151, -2.3197)","(6.939, 19.6117)","(3.9344, -1.1126)"
2.320000000000000284e+01,"(-4.5276, -25.6668)","(-13.5962, 5.4576)","(-2.6466, 5.7808)","(4.1455, -9.2093)","(-0.5815, 0.363)","(-2.7055, 4.7411)","(7.4443, -3.393)","(-0.7606, 1.3446)","(3.3442, -17.8575)","(0.6195, 3.5282)","(-5.922, -16.3217)","(8.004, 6.9137)","(-0.6171, 11.7044)","(21.5681, -1.2176)","(12.444, 12.6601)","(-1.4082, 2.5596)","(6.1205, 16.5679)","(6.4696, -2.8434)","(6.8953, 17.3847)","(2.5738, -1.1004)"
2.330000000000000071e+01,"(-3.5793, -9.2449)","(-5.5904, 3.3847)","(-2.4282, 4.8651)","(3.071, -9.5977)","(-0.77, 0.5704)","(-9.2796, 16.2066)","(20.4835, -9.3652)","(-2.231, 3.9283)","(-0.0001, -7.9605)","(0.7701, 2.4724)","(-6.8861, -12.4482)","(2.9937, 2.2332)","(-0.8161, 13.4516)","(9.2436, -1.3821)","(9.8404, 9.4492)","(-3.0529, 5.4942)","(5.5951, 14.0775)","(11.8426, -5.5152)","(3.6609, 7.4592)","(5.1952, -2.3897)"
2.340000000000000213e+01,"(-3.5504, -6.3801)","(-6.7061, 4.9397)","(-3.438, 6.4806)","(4.6281, -15.4808)","(-1.6685, 1.2495)","(-20.7333, 37.6668)","(27.1995, -13.5415)","(-7.0544, 12.3845)","(-0.9062, -8.362)","(1.6018, 4.6957)","(-10.5291, -17.2656)","(0.8193, 0.5508)","(-0.9165, 15.3331)","(2.961, -0.6141)","(6.2774, 5.8383)","(-6.638, 11.9457)","(3.8508, 9.1236)","(22.3685, -10.5578)","(1.3581, 2.5208)","(13.3665, -6.125)"
2.350000000000000000e+01,"(-6.7396, -11.2593)","(-15.3111, 11.4307)","(-5.5248, 10.2299)","(6.2191, -21.7121)","(-4.0888, 3.0476)","(-4.8571, 16.6162)","(9.2075, -6.9223)","(-16.8495, 30.2848)","(-2.0482, -16.9123)","(3.7769, 11.1279)","(-12.2363, -19.0719)","(0.2876, 0.151)","(-0.7463, 14.9156)","(0.7291, -0.1329)","(5.0594, 4.951)","(-10.9418, 20.219)","(2.8813, 7.1791)","(19.2049, -10.1506)","(0.4417, 0.9534)","(27.8279, -13.0718)"
2.360000000000000142e+01,"(-13.1784, -21.7511)","(-25.2469, 19.5351)","(-7.9427, 14.8657)","(3.8867, -16.1497)","(-10.361, 7.7134)","(-1.7199, 13.6246)","(5.2973, -5.5023)","(-6.5828, 16.4481)","(-3.8259, -28.6415)","(8.279, 24.008)","(-8.2581, -11.7516)","(0.4402, 0.1909)","(-0.5121, 12.5685)","(0.6359, -0.0275)","(6.3991, 6.5906)","(-6.9544, 14.7858)","(3.2675, 8.8169)","(7.206, -4.7461)","(0.4739, 1.302)","(15.3921, -9.0715)"
2.370000000000000284e+01,"(-12.4655, -18.5606)","(-10.2572, 10.0923)","(-7.4127, 14.6694)","(1.7632, -8.4496)","(-20.9014, 15.8536)","(-1.7269, 20.632)","(6.8603, -7.9452)","(-1.7805, 10.1348)","(-3.5075, -16.1346)","(8.3078, 20.567)","(-5.6611, -8.3318)","(0.9691, 0.4149)","(-0.5055, 11.163)","(1.537, -0.0223)","(9.7188, 10.16)","(-2.0207, 5.8701)","(4.7491, 13.1936)","(2.3922, -1.5351)","(0.9507, 2.7563)","(5.4426, -4.6508)"
2.380000000000000071e+01,"(-5.5432, -6.6776)","(-3.0133, 3.7907)","(-4.2309, 9.2105)","(1.8388, -7.03)","(-14.104, 12.2647)","(-1.4926, 24.5991)","(10.9762, -12.8599)","(-1.0313, 11.6868)","(-1.6967, -5.4789)","(4.1522, 7.0661)","(-7.6032, -12.2294)","(2.3536, 1.0131)","(-0.6894, 12.0259)","(4.1243, -0.0404)","(12.8248, 13.1907)","(-0.4694, 2.2203)","(6.3418, 17.2479)","(2.8985, -1.4159)","(2.1835, 6.4139)","(4.1303, -4.5422)"
2.390000000000000213e+01,"(-1.7247, -2.1521)","(-1.4826, 2.4476)","(-2.4136, 5.3055)","(3.5327, -11.9114)","(-4.5298, 5.4556)","(-0.0878, 14.3812)","(13.4227, -16.2109)","(-1.2017, 16.3486)","(-0.4004, -1.7308)","(2.453, 3.0574)","(-12.6752, -20.6155)","(6.0358, 2.6081)","(-0.9069, 14.433)","(11.7044, -0.0987)","(10.8665, 10.5369)","(-0.2281, 2.2823)","(5.7545, 14.4131)","(7.6083, -3.4962)","(5.0945, 14.9466)","(7.2902, -8.3877)"
2.400000000000000000e+01,"(-1.8197, -2.9364)","(-3.304, 5.8242)","(-2.2863, 4.5604)","(6.4371, -21.5723)","(-2.5019, 4.1077)","(-0.2059, 8.9484)","(8.5757, -11.3251)","(-1.1348, 18.8829)","(-0.4356, -3.5066)","(3.7327, 4.0346)","(-11.9936, -17.9794)","(15.0937, 6.4984)","(-0.9133, 15.8761)","(28.1678, -0.4201)","(6.6034, 6.0535)","(-0.3204, 3.8482)","(3.7492, 8.7134)","(20.7796, -9.5067)","(8.7249, 24.3728)","(14.2677, -16.5057)"
2.410000000000000142e+01,"(-4.8583, -8.2235)","(-10.1832, 17.9001)","(-3.3589, 6.3052)","(5.5619, -21.2792)","(-3.2241, 5.8887)","(-1.0236, 13.5985)","(4.5151, -6.1972)","(-0.4694, 14.5009)","(-1.2021, -10.7226)","(7.5718, 8.1249)","(-6.2336, -8.3071)","(25.262, 10.3632)","(-0.6271, 14.1673)","(21.4777, -1.8184)","(4.5826, 4.3829)","(-0.6312, 7.4138)","(2.6195, 6.4454)","(28.2279, -14.0194)","(5.9809, 13.1497)","(15.084, -18.5915)"
2.420000000000000284e+01,"(-13.6062, -23.0404)","(-18.0545, 33.4594)","(-5.5481, 10.243)","(1.7689, -9.7836)","(-5.3313, 9.79)","(-2.119, 25.8613)","(4.2606, -5.3021)","(-0.2546, 9.938)","(-3.5728, -31.1883)","(15.1117, 16.1164)","(-4.2245, -6.3342)","(13.1133, 3.8859)","(-0.4423, 11.5077)","(8.4996, -2.4659)","(5.3744, 5.5008)","(-1.227, 14.4719)","(2.9695, 8.0303)","(9.4878, -7.0748)","(2.8877, 4.5279)","(5.8104, -8.7141)"
2.430000000000000071e+01,"(-16.0776, -24.4397)","(-4.2587, 14.0538)","(-8.136, 15.1947)","(0.8469, -4.2466)","(-8.424, 15.6034)","(-0.8876, 23.212)","(7.1892, -8.4427)","(-0.538, 9.9368)","(-4.8112, -24.9277)","(16.1939, 16.0962)","(-7.5512, -12.4436)","(5.7131, 0.6904)","(-0.5388, 10.8678)","(6.9352, -3.049)","(8.4476, 8.8621)","(-1.5286, 21.3491)","(4.5352, 12.6947)","(4.9566, -5.0825)","(2.2706, 2.6453)","(1.8462, -2.9653)"
2.440000000000000213e+01,"(-7.9621, -7.9064)","(-1.3691, 10.1528)","(-7.5227, 14.9094)","(1.5366, -5.3561)","(-8.4621, 16.5743)","(0.4272, 9.4952)","(12.7107, -14.8415)","(-1.0264, 14.2882)","(-4.7038, -10.5954)","(7.4025, 5.9922)","(-14.7282, -24.2378)","(5.2348, -0.0075)","(-0.7872, 12.7297)","(9.6732, -4.6143)","(12.6536, 13.1859)","(-0.2831, 14.7055)","(6.4994, 17.8742)","(7.0724, -8.1074)","(3.4981, 3.7253)","(1.309, -1.6573)"
2.450000000000000000e+01,"(-6.9408, -5.1924)","(-1.398, 15.9738)","(-4.1038, 9.0348)","(3.7472, -12.1717)","(-4.4848, 9.9303)","(-0.1288, 5.2006)","(13.8339, -16.9569)","(-1.3573, 19.6873)","(-6.0062, -10.2867)","(2.4261, 1.7028)","(-11.8623, -17.0433)","(7.4809, -0.2012)","(-0.9891, 15.5556)","(14.5288, -6.9983)","(12.4745, 12.3562)","(0.3312, 5.9949)","(6.1119, 15.3858)","(13.4343, -15.5438)","(6.252, 6.6427)","(3.1393, -3.6061)"
2.460000000000000142e+01,"(-12.0789, -8.4483)","(-1.9513, 25.616)","(-2.2223, 4.9553)","(7.8427, -25.7896)","(-2.2219, 5.073)","(-0.9754, 11.1846)","(6.7302, -9.4181)","(-0.7242, 17.3626)","(-10.1976, -16.7505)","(0.583, 0.3593)","(-4.8967, -5.7235)","(11.8821, -0.325)","(-0.8466, 15.9462)","(16.8865, -8.4356)","(7.5634, 6.8887)","(0.1618, 1.9149)","(3.803, 8.6386)","(15.9207, -19.3532)","(11.2829, 11.96)","(8.5433, -9.6801)"
2.470000000000000284e+01,"(-20.7573, -14.2669)","(-0.4676, 18.9029)","(-2.0668, 4.1368)","(5.1074, -21.1089)","(-2.0292, 4.0726)","(-2.6007, 28.3329)","(2.9922, -4.2811)","(-0.1325, 10.5733)","(-12.8297, -20.1525)","(0.4049, 0.187)","(-1.5553, -2.0979)","(17.2316, -0.5649)","(-0.4909, 12.9847)","(11.8764, -6.452)","(4.3256, 3.9719)","(0.0165, 0.6314)","(2.3437, 5.5946)","(6.9152, -9.9714)","(14.5947, 14.9353)","(19.7875, -22.7033)"
2.480000000000000071e+01,"(-16.8445, -10.4026)","(0.209, 8.4341)","(-3.0976, 5.8052)","(0.7631, -7.8321)","(-3.2711, 6.0887)","(-0.9955, 26.927)","(3.056, -3.7623)","(-0.303, 8.1132)","(-8.1228, -11.2912)","(0.9565, 0.4153)","(-2.8235, -4.6983)","(16.5961, -0.939)","(-0.4107, 10.5452)","(7.0901, -3.9759)","(4.1619, 4.182)","(-0.0504, 0.7563)","(2.4946, 6.7095)","(2.5846, -3.881)","(9.4304, 8.6383)","(12.2544, -16.5683)"
2.490000000000000213e+01,"(-7.3723, -3.8759)","(-0.319, 6.7212)","(-5.2798, 9.7178)","(-0.0936, -3.0199)","(-5.9921, 10.9567)","(1.3491, 9.6028)","(6.0601, -7.0306)","(-0.7694, 11.0387)","(-4.3817, -6.1219)","(2.7486, 1.1988)","(-8.5902, -14.6504)","(10.0603, -0.9525)","(-0.6057, 10.9364)","(6.3769, -3.2942)","(6.4854, 6.8027)","(-0.1311, 1.5327)","(3.9725, 11.198)","(2.7013, -3.2993)","(4.196, 3.4959)","(3.6101, -7.5238)"
2.500000000000000000e+01,"(-3.9626, -2.4073)","(-1.196, 13.9308)","(-8.1572, 15.1504)","(-0.4747, -4.2072)","(-9.443, 17.5139)","(1.3841, 4.8579)","(12.6704, -14.6051)","(-1.38, 17.9518)","(-5.0828, -8.1049)","(8.549, 3.7451)","(-20.0807, -33.302)","(5.8364, -0.5571)","(-0.9044, 13.7964)","(9.3131, -4.5177)","(11.0544, 11.6632)","(-0.3079, 3.4271)","(6.3753, 17.8506)","(6.4498, -7.3934)","(1.9504, 1.7573)","(2.2422, -6.7805)"
2.510000000000000142e+01,"(-7.1325, -4.9424)","(-2.4084, 28.5362)","(-7.9758, 15.6785)","(-1.1918, -10.2425)","(-7.915, 15.9489)","(3.1939, 9.5561)","(16.2295, -19.5729)","(-1.2748, 21.2577)","(-9.9571, -16.4716)","(24.5566, 10.6589)","(-10.8487, -12.619)","(5.3769, -0.2998)","(-1.039, 16.6137)","(14.9788, -7.1843)","(14.2583, 14.5982)","(-0.7368, 8.0637)","(6.818, 17.6103)","(15.6833, -17.9109)","(2.2063, 2.2612)","(3.5506, -11.6921)"
2.520000000000000284e+01,"(-17.0405, -12.0185)","(-0.4209, 21.1241)","(-4.2749, 9.447)","(-3.0167, -25.4867)","(-3.4165, 8.0561)","(8.7069, 25.9085)","(6.8849, -10.0339)","(-0.1676, 13.3335)","(-14.6081, -23.2855)","(25.6971, 9.5543)","(-7.8598, -6.3486)","(7.8314, -0.2537)","(-0.7122, 15.3758)","(17.8501, -8.8974)","(9.8781, 9.2076)","(-1.5884, 17.8932)","(4.2418, 9.4821)","(17.6127, -21.6595)","(4.0739, 4.3304)","(6.2824, -21.0132)"
2.530000000000000071e+01,"(-25.1808, -16.8922)","(0.7595, 7.4445)","(-2.1012, 4.8164)","(-4.3513, -26.3007)","(-1.5137, 3.5906)","(10.9847, 28.1598)","(2.0503, -3.5446)","(-0.0248, 7.2265)","(-8.4485, -11.2468)","(11.2319, 1.5256)","(-12.0293, -8.4866)","(12.9307, -0.3459)","(-0.3705, 11.5686)","(11.6787, -6.4491)","(4.8956, 4.261)","(-1.5968, 24.273)","(2.1771, 4.8567)","(5.2705, -9.0117)","(8.3472, 8.9376)","(5.5856, -21.2061)"
2.540000000000000213e+01,"(-11.1775, -5.5458)","(0.2395, 1.7168)","(-1.7496, 3.5679)","(-3.2765, -9.2894)","(-1.4731, 2.9298)","(6.0431, 9.4064)","(0.4592, -0.8195)","(-0.401, 7.2015)","(-3.2512, -3.9889)","(10.0023, 0.0307)","(-21.3304, -14.7258)","(18.3621, -0.6277)","(-0.4191, 9.8197)","(6.2247, -3.5914)","(3.0271, 2.8706)","(0.3601, 11.5494)","(1.821, 4.7541)","(1.7066, -4.2106)","(14.8355, 15.6673)","(1.8267, -9.9428)"
2.550000000000000000e+01,"(-4.1106, -1.4255)","(0.0071, 0.3256)","(-2.596, 4.8779)","(-2.723, -5.1299)","(-2.6392, 4.8636)","(4.8973, 5.6817)","(0.1931, -0.2546)","(-1.0001, 12.5285)","(-2.1727, -3.3468)","(13.2747, -0.3891)","(-18.1865, -11.3208)","(15.8419, -1.0233)","(-0.7002, 11.3813)","(5.2769, -2.747)","(4.0071, 4.1526)","(0.7346, 4.2923)","(2.871, 8.1071)","(1.8857, -5.9892)","(13.4479, 13.0749)","(0.8128, -4.2143)"
2.560000000000000142e+01,"(-3.6569, -0.7987)","(-0.0912, 0.9514)","(-4.5666, 8.3829)","(-4.7511, -7.9487)","(-5.3151, 9.6343)","(10.1312, 10.992)","(0.5277, -0.6035)","(-1.7148, 21.6991)","(-4.9983, -8.3823)","(17.2094, -0.6417)","(-7.9595, -4.1975)","(8.7085, -0.9215)","(-1.0315, 15.154)","(8.1286, -3.9213)","(7.3192, 7.7727)","(0.9923, 3.1692)","(5.2922, 15.1378)","(4.2446, -13.6755)","(6.1119, 4.9653)","(1.341, -4.754)"
2.570000000000000284e+01,"(-8.6254, -1.7434)","(-0.3714, 3.5936)","(-7.7059, 14.1849)","(-9.791, -16.2855)","(-9.6425, 17.6417)","(21.5567, 23.0375)","(1.5588, -1.7581)","(-0.9254, 20.627)","(-13.0292, -21.9682)","(16.7421, -0.924)","(-4.7417, -2.9496)","(4.9238, -0.4758)","(-1.0305, 17.3451)","(14.3601, -6.8187)","(13.0709, 13.8284)","(1.6145, 4.5959)","(7.662, 20.9618)","(8.4126, -27.843)","(2.0404, 1.4572)","(3.1981, -10.4309)"
2.580000000000000071e+01,"(-23.4312, -4.7336)","(-1.5606, 14.8342)","(-8.8523, 17.0241)","(-14.2714, -22.7339)","(-9.2329, 18.2425)","(14.9627, 13.5541)","(4.9638, -5.5737)","(0.2354, 9.6798)","(-15.9022, -24.4055)","(12.0675, -0.9245)","(-9.65, -6.7408)","(4.9109, -0.2495)","(-0.5313, 14.19)","(19.3848, -9.5111)","(14.5836, 14.6401)","(2.7672, 7.8726)","(5.6602, 13.1686)","(4.175, -18.8237)","(0.5448, 0.3349)","(7.0305, -22.9649)"
2.590000000000000213e+01,"(-31.0119, -5.1385)","(-4.3161, 45.7197)","(-5.0583, 10.9897)","(-8.0952, -10.6764)","(-3.5741, 8.7418)","(5.779, 3.9274)","(15.3657, -17.3042)","(0.044, 4.4086)","(-7.365, -7.765)","(9.4539, -0.6411)","(-22.7934, -16.0342)","(7.6689, -0.225)","(-0.2877, 10.1363)","(12.7941, -7.068)","(7.9481, 6.9638)","(4.8292, 13.7153)","(2.6801, 5.4035)","(0.5091, -6.8986)","(0.4177, 0.1912)","(6.2834, -23.9332)"
2.600000000000000000e+01,"(-11.6877, 0.2559)","(2.6208, 20.2406)","(-2.1895, 5.2211)","(-3.0092, -3.4684)","(-1.0842, 3.0922)","(2.146, 1.1193)","(20.9658, -25.3465)","(-0.342, 5.2037)","(-4.8869, -3.8249)","(10.8777, -0.4742)","(-21.6216, -13.5419)","(13.2554, -0.3296)","(-0.4582, 9.3785)","(5.8002, -3.5232)","(3.2429, 2.6616)","(6.6953, 18.2437)","(1.1546, 2.5947)","(-0.2016, -3.2891)","(0.8426, 0.361)","(1.1645, -9.3203)"
2.610000000000000142e+01,"(-7.0641, 1.2469)","(5.3811, 17.5731)","(-1.3703, 2.956)","(-0.9638, -1.3163)","(-0.3641, 0.9292)","(4.057, 1.7865)","(5.889, -11.4743)","(-0.95, 10.9447)","(-8.6678, -6.1281)","(15.3578, -0.5225)","(-8.3756, -3.5648)","(19.1931, -0.6416)","(-0.8147, 12.1477)","(3.6713, -2.0048)","(1.721, 1.6188)","(5.3571, 12.8807)","(1.2685, 3.4716)","(-0.6607, -5.7046)","(1.9894, 0.8549)","(0.0127, -3.2517)"
2.620000000000000284e+01,"(-11.3379, 2.5862)","(6.9806, 19.1355)","(-1.8367, 3.5019)","(-1.6444, -2.7172)","(-0.4678, 0.8967)","(13.4528, 5.9283)","(3.4066, -10.0432)","(-1.971, 22.8718)","(-19.0888, -13.4086)","(18.6846, -0.789)","(-3.3741, -0.9514)","(15.8396, -1.0824)","(-1.1563, 16.6763)","(5.4629, -2.647)","(2.5505, 2.6698)","(2.8347, 6.0256)","(2.4577, 7.1)","(-1.6784, -14.4699)","(5.0714, 2.1907)","(-0.3476, -3.2863)"
2.630000000000000071e+01,"(-22.5145, 5.2434)","(6.064, 15.1292)","(-3.281, 6.0232)","(-4.5041, -7.6388)","(-1.0385, 1.8769)","(37.8739, 16.3135)","(3.8364, -13.0681)","(-1.17, 23.8662)","(-22.9548, -15.0153)","(14.9724, -1.0377)","(-5.6401, -1.1645)","(8.0594, -0.9376)","(-0.9485, 17.5402)","(10.7613, -5.0554)","(5.2529, 5.6278)","(1.3641, 3.0502)","(5.2566, 15.2909)","(-3.8738, -31.0974)","(13.0308, 5.6256)","(-0.8638, -7.3519)"
2.640000000000000213e+01,"(-24.1283, 6.4821)","(4.5945, 11.359)","(-6.1308, 11.1776)","(-12.6341, -21.4036)","(-2.4908, 4.4497)","(18.5011, 4.4417)","(4.6794, -16.535)","(0.6262, 9.4951)","(-9.6603, -4.7099)","(9.7908, -0.8254)","(-16.4457, -3.3781)","(4.1412, -0.4401)","(-0.3419, 12.6107)","(19.4742, -9.2349)","(11.2555, 12.0789)","(1.1922, 3.131)","(8.5225, 23.649)","(-3.9887, -18.0863)","(25.1751, 10.5196)","(-2.1987, -18.8525)"
2.650000000000000000e+01,"(-9.7835, 3.7063)","(4.9006, 13.1216)","(-9.3856, 17.4553)","(-16.3781, -25.3191)","(-6.1741, 11.0042)","(13.3633, 0.5656)","(4.2445, -16.041)","(0.4539, 2.9006)","(-2.9152, -1.1428)","(8.704, -0.5058)","(-37.5384, -7.2404)","(4.0184, -0.2079)","(-0.2429, 8.8203)","(18.1454, -9.425)","(17.1783, 17.8413)","(1.8443, 5.1912)","(5.9434, 13.2989)","(-2.8017, -6.7828)","(15.7917, 5.1312)","(-4.24, -30.9916)"
2.660000000000000142e+01,"(-3.2468, 1.2573)","(6.878, 18.9719)","(-7.3391, 14.961)","(-8.0009, -8.1734)","(-12.2871, 22.3331)","(18.8404, -0.3362)","(2.9407, -11.9916)","(0.3972, 1.3722)","(-0.9777, -0.2656)","(11.9423, -0.4191)","(-16.7118, -0.5291)","(6.5215, -0.1814)","(-0.5118, 9.1477)","(7.5954, -4.7907)","(10.3536, 9.22)","(3.3809, 9.6836)","(2.6227, 4.5264)","(-3.0694, -5.3911)","(6.5383, 0.9475)","(-3.5573, -12.8545)"
2.670000000000000284e+01,"(-3.3681, 0.8554)","(7.602, 19.8476)","(-3.0174, 7.26)","(-6.6781, -5.0594)","(-8.1849, 17.3087)","(25.3483, -0.9294)","(2.5098, -9.8297)","(0.883, 2.624)","(-1.9303, -0.4012)","(17.7424, -0.5667)","(-9.467, 1.4431)","(11.9781, -0.2683)","(-0.9391, 13.0969)","(2.5591, -1.7212)","(4.031, 2.889)","(5.8998, 16.7075)","(1.0289, 1.3942)","(-6.112, -10.2159)","(5.2955, 0.0463)","(-2.4773, -5.3635)"
2.680000000000000071e+01,"(-8.9551, 2.0121)","(5.3901, 12.7489)","(-1.1953, 2.9653)","(-10.5874, -7.3738)","(-2.0397, 6.8608)","(16.4506, -1.4647)","(3.1697, -11.397)","(2.3419, 6.9835)","(-6.3159, -1.3157)","(19.0197, -0.9512)","(-13.3183, 3.0046)","(19.3608, -0.5496)","(-1.2694, 18.2136)","(1.3728, -0.752)","(1.5758, 0.8638)","(6.8684, 18.0369)","(1.2881, 1.4174)","(-12.6183, -20.9253)","(7.4488, -0.1904)","(-3.4139, -5.8131)"
2.690000000000000213e+01,"(-24.6606, 5.5048)","(3.9314, 9.8026)","(-0.9291, 1.916)","(-17.6849, -12.1516)","(-0.5988, 4.2543)","(9.1295, -0.8723)","(4.4469, -15.5492)","(6.5228, 19.4519)","(-22.4203, -4.6849)","(12.4244, -1.0781)","(-24.8035, 5.8321)","(17.8444, -1.0839)","(-0.8057, 17.2146)","(2.5834, -1.2248)","(2.015, 0.8764)","(4.3178, 9.5638)","(2.6762, 2.8821)","(-13.1146, -19.8293)","(11.8912, -0.3201)","(-6.7622, -11.2558)"
2.700000000000000000e+01,"(-29.2966, 7.8168)","(5.0715, 13.9928)","(-1.5473, 2.8793)","(-17.761, -11.4205)","(-0.4958, 5.8718)","(11.7793, -0.422)","(4.8782, -17.7487)","(11.0076, 30.2633)","(-38.7258, -6.8428)","(7.8149, -0.6738)","(-22.3311, 6.282)","(8.7968, -1.0774)","(-0.1736, 10.9314)","(6.1167, -2.8256)","(4.0414, 1.7191)","(1.9262, 3.8644)","(6.3417, 6.8602)","(-5.9219, -7.0417)","(17.5307, -0.5613)","(-12.7571, -20.9742)"
2.710000000000000142e+01,"(-10.1637, 4.9843)","(7.8505, 21.8542)","(-3.0471, 5.5359)","(-9.3235, -5.2421)","(-0.8108, 9.9843)","(23.3056, -0.4941)","(3.4263, -13.8439)","(6.2084, 10.9131)","(-16.0707, 1.1548)","(8.3079, -0.3913)","(-8.8651, 3.3493)","(3.7043, -0.5073)","(-0.2163, 7.6136)","(15.0188, -6.9181)","(9.1726, 3.9253)","(0.8352, 1.8791)","(14.4849, 15.5915)","(-1.7653, -1.8887)","(17.0533, -0.9556)","(-11.6281, -17.2341)"
2.720000000000000284e+01,"(-6.3088, 4.3491)","(7.5414, 18.9289)","(-6.1786, 11.1824)","(-5.08, -3.0137)","(-1.3437, 16.9567)","(26.4932, -1.3314)","(2.3262, -9.6601)","(4.7647, 5.828)","(-14.2996, 2.9829)","(13.1985, -0.3792)","(-4.3426, 1.3555)","(2.5456, -0.181)","(-0.5557, 8.8968)","(25.5613, -12.2574)","(19.5483, 8.2878)","(0.8507, 2.2946)","(17.8186, 17.9899)","(-0.3242, -0.3899)","(10.2171, -0.9808)","(-5.219, -6.3108)"
2.730000000000000071e+01,"(-10.274, 7.7199)","(4.3907, 9.7913)","(-10.0994, 18.6652)","(-6.768, -4.5796)","(-1.1899, 19.9187)","(11.4441, -1.6336)","(2.549, -9.4829)","(6.8523, 7.3413)","(-18.8068, 4.5948)","(20.0962, -0.6268)","(-8.7613, 2.0473)","(3.9326, -0.1189)","(-1.0547, 13.9415)","(12.4025, -7.5382)","(21.8944, 8.429)","(1.4755, 4.2088)","(8.0099, 6.2327)","(-0.4258, -0.7042)","(5.8475, -0.565)","(-1.6072, -1.9114)"
2.740000000000000213e+01,"(-19.3653, 14.7193)","(3.166, 8.0545)","(-7.5354, 15.5058)","(-13.7317, -9.58)","(-0.0984, 12.0771)","(4.9982, -0.5489)","(3.8006, -13.2194)","(11.5536, 12.2149)","(-19.0118, 5.0882)","(18.3941, -1.1217)","(-23.1224, 5.1948)","(7.6337, -0.1551)","(-1.3798, 19.6821)","(4.3352, -3.6734)","(9.3079, 2.3951)","(2.9419, 8.5097)","(3.7209, 2.0949)","(-1.3266, -2.2658)","(5.4643, -0.2987)","(-1.0362, -1.6052)"
2.750000000000000000e+01,"(-17.6177, 14.5569)","(5.0835, 14.425)","(-2.6226, 6.7753)","(-22.1297, -15.0635)","(0.1161, 5.6205)","(8.8103, -0.2032)","(5.1874, -18.1572)","(15.4582, 15.8895)","(-13.2176, 3.9164)","(9.9719, -1.0647)","(-30.9769, 8.0049)","(15.1201, -0.2984)","(-0.6514, 16.7585)","(3.1552, -3.4605)","(3.5309, 0.4301)","(5.6902, 16.3318)","(4.2442, 1.8494)","(-4.6216, -7.9456)","(8.183, -0.2551)","(-2.4102, -4.0431)"
2.760000000000000142e+01,"(-6.67, 6.6259)","(8.8926, 25.0692)","(-0.7242, 2.223)","(-13.7474, -7.9657)","(-0.1038, 3.6829)","(23.435, -0.2669)","(4.3926, -16.8745)","(10.8491, 10.1355)","(-10.7962, 3.023)","(6.0326, -0.5259)","(-10.781, 4.8599)","(22.1916, -0.747)","(-0.0271, 9.4154)","(5.0384, -5.8302)","(3.1826, 0.0041)","(7.4809, 20.0639)","(7.4724, 3.1434)","(-15.4023, -26.3213)","(13.7578, -0.3586)","(-6.708, -11.3856)"
2.770000000000000284e+01,"(-2.6096, 2.4566)","(7.5373, 18.0388)","(-0.1545, 0.5511)","(-5.2271, -2.5162)","(-0.3734, 5.2276)","(32.9947, -1.3621)","(2.4805, -10.7922)","(5.5701, 4.9331)","(-14.3898, 3.6128)","(7.533, -0.2923)","(-4.6428, 2.9763)","(14.4272, -1.3156)","(-0.1736, 6.3522)","(9.5876, -11.0966)","(5.5147, -0.1079)","(4.7801, 10.5084)","(14.3587, 6.0439)","(-15.987, -23.3639)","(19.208, -0.6764)","(-16.0883, -26.8715)"
2.780000000000000071e+01,"(-4.0921, 3.1584)","(3.545, 7.1011)","(-0.031, 0.1858)","(-1.839, -1.0357)","(-0.8092, 9.7496)","(11.9477, -2.5771)","(1.9902, -8.0023)","(4.3924, 4.3329)","(-20.7738, 5.1578)","(13.6023, -0.3206)","(-7.1636, 5.2988)","(5.6246, -0.9594)","(-0.5489, 8.1662)","(14.7391, -17.4177)","(11.157, -0.2028)","(2.0434, 3.734)","(21.2161, 8.6034)","(-10.7555, -9.4283)","(15.4002, -1.0843)","(-11.7135, -16.0781)"
2.790000000000000213e+01,"(-10.811, 8.0467)","(1.8692, 4.6327)","(-0.0273, 0.2873)","(-3.0056, -2.0757)","(-1.4642, 17.8683)","(5.1609, -1.9286)","(2.8422, -10.0487)","(7.215, 7.6047)","(-18.8902, 5.2343)","(22.1133, -0.6334)","(-18.088, 13.4516)","(1.6919, -0.3435)","(-1.1154, 14.0316)","(10.0041, -13.1083)","(20.8496, -0.4702)","(0.6189, 1.012)","(14.2127, 4.8462)","(-12.0933, -8.5689)","(8.0132, -0.9016)","(-6.3865, -5.8688)"
2.800000000000000000e+01,"(-24.9304, 18.751)","(3.5105, 10.179)","(-0.0575, 0.6342)","(-7.9734, -5.6668)","(-1.2631, 21.188)","(8.1642, -3.7074)","(4.6385, -15.8291)","(13.5981, 14.4477)","(-11.2333, 3.5032)","(18.4396, -1.2717)","(-25.7292, 20.2674)","(0.4803, -0.0713)","(-1.5344, 21.0819)","(3.8111, -5.7729)","(20.8241, -1.1795)","(0.2033, 0.2712)","(5.878, 1.5773)","(-15.1681, -10.1936)","(4.5679, -0.4299)","(-6.7748, -4.9006)"
2.810000000000000142e+01,"(-15.3588, 13.713)","(8.4708, 24.8752)","(-0.1414, 1.5306)","(-21.0798, -14.9494)","(0.0715, 11.5051)","(21.5755, -9.8636)","(5.594, -19.9708)","(16.5458, 16.7609)","(-9.3987, 2.6027)","(8.3768, -1.1165)","(-8.361, 9.1329)","(0.5537, -0.021)","(-0.5889, 17.128)","(1.5839, -2.2837)","(9.0999, -1.3269)","(0.2711, 0.2976)","(2.2349, 0.6619)","(-14.6108, -9.4129)","(5.0, -0.2282)","(-11.5173, -7.9964)"
2.820000000000000284e+01,"(-4.94, 6.3499)","(9.9741, 25.4564)","(-0.3655, 3.8959)","(-23.41, -15.0227)","(0.2401, 4.5234)","(30.0698, -14.9067)","(3.3766, -14.2137)","(8.8759, 7.7183)","(-14.6434, 3.5725)","(3.9959, -0.4327)","(-2.9879, 4.4107)","(1.1943, -0.021)","(0.1272, 8.4322)","(1.9349, -2.3401)","(2.9682, -0.618)","(0.5632, 0.606)","(2.3174, 0.915)","(-11.1951, -6.9695)","(8.3089, -0.2218)","(-18.59, -12.7114)"
2.830000000000000071e+01,"(-3.2962, 5.5952)","(5.0462, 8.5047)","(-0.9469, 10.0713)","(-9.7056, -3.8701)","(0.0074, 1.995)","(9.9054, -7.3994)","(1.7315, -7.9601)","(3.5262, 2.9027)","(-23.0306, 5.6336)","(4.9649, -0.1881)","(-3.861, 6.7947)","(2.8263, -0.0378)","(-0.0672, 4.7929)","(4.0978, -4.728)","(0.7077, -0.1581)","(1.2895, 1.3923)","(4.7138, 1.9918)","(-9.956, -6.3895)","(14.766, -0.3523)","(-16.2089, -10.1831)"
2.840000000000000213e+01,"(-6.218, 11.1374)","(2.6196, 3.2933)","(-2.0009, 22.6103)","(-7.0245, -1.6634)","(-0.1747, 2.5624)","(4.4852, -4.5322)","(1.8221, -6.9301)","(2.3999, 2.3639)","(-18.6948, 5.3702)","(10.1925, -0.1928)","(-9.867, 17.4986)","(7.0784, -0.0829)","(-0.4203, 6.1891)","(9.3675, -10.723)","(0.195, -0.0233)","(3.1392, 3.4006)","(10.8151, 4.6279)","(-12.3353, -8.24)","(20.4025, -0.7364)","(-7.9747, -4.3985)"
2.850000000000000000e+01,"(-12.8192, 23.2059)","(4.59, 5.0196)","(-1.0459, 22.745)","(-11.3362, -2.1976)","(-0.4396, 5.1443)","(7.3895, -8.3633)","(3.1825, -10.8544)","(4.6709, 4.9839)","(-9.1196, 3.0733)","(21.0423, -0.3983)","(-16.4664, 30.6029)","(17.1584, -0.2281)","(-0.9803, 11.7545)","(16.8422, -19.6646)","(0.3627, -0.0082)","(7.7438, 8.3893)","(21.9553, 9.2511)","(-16.0059, -10.7084)","(14.5729, -1.1762)","(-4.5023, -2.7101)"
2.860000000000000142e+01,"(-10.012, 20.5722)","(12.2895, 13.3983)","(0.8903, 8.6348)","(-20.8155, -3.9421)","(-1.0078, 11.3158)","(18.0006, -20.5174)","(5.4979, -18.5497)","(11.0182, 11.9)","(-7.1558, 1.9948)","(24.165, -1.1784)","(-4.6568, 13.1795)","(26.6827, -0.8699)","(-1.7168, 21.2325)","(10.4337, -13.9611)","(0.9153, -0.0111)","(16.0251, 17.108)","(19.7498, 7.2423)","(-15.1069, -9.6768)","(6.7489, -0.8768)","(-6.5173, -4.4382)"
2.870000000000000284e+01,"(-2.6959, 7.9361)","(24.3936, 25.7934)","(1.2627, 4.699)","(-23.0852, -3.7047)","(-1.8392, 22.0091)","(17.4351, -21.9187)","(5.5966, -20.6332)","(19.8543, 20.906)","(-13.0901, 3.1086)","(10.3439, -1.5665)","(-1.1234, 6.0412)","(12.7613, -1.747)","(-0.968, 20.7616)","(3.1312, -5.5321)","(2.4847, -0.0234)","(14.5343, 14.0497)","(7.7778, 1.7724)","(-10.6575, -6.5272)","(3.4076, -0.3553)","(-13.4692, -9.4109)"
2.880000000000000071e+01,"(-0.5692, 2.1525)","(11.9603, 9.4037)","(1.9275, 5.5416)","(-11.1598, -0.923)","(-0.8868, 20.6804)","(4.8274, -8.7873)","(2.3909, -11.4295)","(11.8384, 10.389)","(-24.8982, 5.8891)","(3.2689, -0.7725)","(-0.8175, 8.2941)","(5.079, -1.5547)","(0.3101, 9.3903)","(0.9903, -2.4711)","(7.0987, -0.0577)","(6.1878, 4.4804)","(3.1382, 0.2814)","(-9.102, -5.8168)","(3.7852, -0.1677)","(-22.0018, -14.9977)"
2.890000000000000213e+01,"(-0.1252, 0.8719)","(6.3605, 3.4445)","(2.9219, 8.1861)","(-4.6802, -0.3827)","(0.544, 8.3084)","(1.5822, -4.1173)","(1.1277, -5.5397)","(4.7769, 3.1311)","(-20.9922, 6.0217)","(0.9366, -0.3224)","(-1.8955, 20.2589)","(4.3678, -1.9473)","(0.1795, 3.428)","(1.0665, -3.4165)","(19.4952, -0.1927)","(3.6323, 1.8555)","(3.5856, -0.029)","(-11.9471, -8.0329)","(6.726, -0.1621)","(-13.788, -8.0027)"
2.900000000000000000e+01,"(-0.1965, 1.9733)","(8.7241, 3.7986)","(4.5272, 12.6697)","(-5.0581, -0.8602)","(0.4972, 2.7856)","(2.4166, -7.6175)","(1.4767, -5.4212)","(3.121, 1.484)","(-8.0424, 3.1303)","(1.1501, -0.5184)","(-2.4367, 33.3871)","(6.315, -3.0095)","(-0.0922, 2.3092)","(2.1396, -6.9745)","(30.1278, -1.0452)","(4.6092, 1.9459)","(6.734, -0.1243)","(-16.7525, -11.2969)","(13.0983, -0.2652)","(-5.2158, -2.4594)"
2.910000000000000142e+01,"(-0.6613, 6.5419)","(19.1322, 8.1813)","(5.9987, 16.2844)","(-11.2193, -2.1922)","(0.6435, 2.0468)","(6.9098, -21.8495)","(3.0271, -10.0777)","(5.6404, 2.4151)","(-3.1769, 1.076)","(2.7945, -1.2804)","(0.9551, 13.6335)","(10.3774, -4.9462)","(-0.3709, 4.4569)","(4.7535, -15.4537)","(11.8757, -2.2863)","(7.1252, 2.9449)","(14.154, -0.2442)","(-15.8456, -10.1344)","(21.2627, -0.6081)","(-1.4706, -0.7489)"
2.920000000000000284e+01,"(-2.3401, 23.0727)","(27.8794, 11.1905)","(5.3289, 13.2808)","(-24.7244, -4.8119)","(1.2089, 3.5006)","(9.908, -34.756)","(5.9513, -19.7063)","(12.9503, 5.5513)","(-5.4692, 1.303)","(7.8523, -3.5759)","(1.0859, 5.0582)","(15.7158, -7.5834)","(-0.9495, 10.44)","(7.3197, -25.0773)","(6.7823, -2.5956)","(11.6945, 4.8403)","(24.0858, -0.6535)","(-10.1097, -6.0501)","(17.2027, -1.2263)","(-1.6397, -1.1115)"
2.930000000000000071e+01,"(-2.6445, 38.4673)","(12.4991, 3.4007)","(3.3808, 7.7667)","(-23.9301, -3.5347)","(2.4986, 7.2657)","(1.0571, -13.4662)","(6.1855, -22.7287)","(25.3758, 10.6326)","(-14.8605, 3.3201)","(21.3488, -9.7727)","(1.7867, 5.4798)","(15.4591, -7.9214)","(-2.0259, 23.0162)","(3.0256, -14.561)","(7.7346, -3.6392)","(16.4988, 6.674)","(17.0807, -1.4402)","(-7.9179, -5.0059)","(7.4131, -1.0868)","(-4.2733, -3.0318)"
2.940000000000000213e+01,"(2.798, 15.5912)","(3.9058, 0.726)","(2.1488, 5.1386)","(-8.9624, -0.0761)","(5.3067, 15.4171)","(-0.6366, -8.6082)","(1.9361, -10.7124)","(17.7464, 6.0235)","(-32.7656, 7.6123)","(25.9782, -13.0975)","(4.7262, 14.1225)","(8.9279, -5.0742)","(-1.1579, 23.9693)","(0.464, -5.2882)","(10.8669, -5.2468)","(14.5742, 5.4085)","(6.411, -1.1889)","(-10.9639, -7.4168)","(2.6037, -0.435)","(-12.366, -8.8342)"
2.950000000000000000e+01,"(4.4001, 13.6944)","(0.7157, 0.1165)","(2.1109, 5.5835)","(-3.1651, 0.3649)","(8.2684, 22.804)","(-1.8068, -15.2953)","(0.5093, -3.7239)","(6.6523, 1.2732)","(-16.8881, 5.9573)","(8.7403, -6.7139)","(11.3621, 33.0907)","(4.7558, -2.7451)","(0.794, 9.1685)","(-0.0951, -2.2053)","(14.694, -7.179)","(8.3226, 2.7196)","(1.8304, -0.4772)","(-17.2636, -11.775)","(1.3816, -0.1163)","(-27.5956, -19.2606)"
2.960000000000000142e+01,"(6.3605, 17.7025)","(0.1011, 0.0294)","(3.0145, 8.3802)","(-3.6485, 0.7905)","(5.6568, 12.6027)","(-3.7773, -29.726)","(0.3977, -1.7156)","(3.0546, 0.1627)","(-6.6674, 3.8216)","(5.2965, -5.57)","(8.1116, 17.0023)","(4.1224, -2.1418)","(0.8595, 3.7041)","(-0.3633, -3.1052)","(14.6277, -7.4706)","(4.6694, 1.5532)","(0.777, -0.3098)","(-17.3702, -11.1852)","(2.2484, -0.0636)","(-14.9641, -7.938)"
2.970000000000000284e+01,"(6.8968, 18.0238)","(0.3168, 0.1386)","(4.7154, 13.206)","(-8.6158, 1.9333)","(2.4966, 4.3085)","(-3.9611, -19.6687)","(0.9793, -3.2537)","(4.7063, -0.055)","(-6.4143, 4.6815)","(6.8858, -8.0003)","(4.9285, 6.7265)","(6.0969, -2.9543)","(1.4088, 4.2105)","(-0.7932, -6.5688)","(10.1217, -5.5097)","(4.3027, 1.6412)","(1.3263, -0.6095)","(-9.9108, -5.736)","(4.7646, -0.0825)","(-8.2336, -2.4849)"
2.980000000000000071e+01,"(5.3059, 12.9025)","(1.2769, 0.5679)","(6.164, 16.6754)","(-22.2276, 4.9949)","(1.0484, 1.401)","(-2.0906, -6.6651)","(2.5568, -8.1979)","(10.7447, -0.1442)","(-13.0767, 9.8056)","(10.7068, -12.5775)","(6.2075, 6.8466)","(10.5429, -5.0127)","(2.774, 8.0441)","(-1.8183, -15.2017)","(7.0249, -3.8111)","(6.3255, 2.5805)","(3.141, -1.4458)","(-6.3198, -3.8661)","(10.8313, -0.1602)","(-9.5735, -1.924)"
2.990000000000000213e+01,"(4.1807, 10.5196)","(5.6415, 2.5224)","(5.22, 12.8391)","(-28.9971, 7.5107)","(1.35, 1.4781)","(-0.4629, -1.9613)","(6.4744, -20.7896)","(24.232, -0.391)","(-23.1819, 17.7743)","(12.9001, -15.5996)","(13.6157, 14.6989)","(16.4355, -7.9099)","(5.7628, 16.7077)","(-3.5116, -26.5626)","(7.1934, -3.6498)","(10.6657, 4.4245)","(8.2211, -3.7638)","(-8.7374, -5.9212)","(21.8637, -0.4358)","(-15.8693, -2.9818)"
3.000000000000000000e+01,"(4.9664, 13.4956)","(25.1527, 11.2272)","(3.1671, 7.1789)","(-10.3127, 4.596)","(2.6367, 2.827)","(-0.5338, -4.4269)","(7.7295, -27.7875)","(24.6849, -1.444)","(-12.8659, 11.6111)","(8.5974, -11.2668)","(21.5789, 22.4098)","(15.6965, -8.087)","(8.6221, 23.5917)","(-3.3248, -15.6218)","(10.1268, -4.9308)","(16.242, 6.6395)","(20.2424, -9.3357)","(-16.2052, -11.2197)","(21.4039, -1.2633)","(-22.2396, -3.9103)"
3.010000000000000142e+01,"(6.9765, 19.1946)","(37.2105, 14.3583)","(1.9773, 4.7292)","(-5.0091, 3.2498)","(5.814, 6.2617)","(-1.6474, -15.0298)","(1.2913, -11.0443)","(9.0687, -1.8594)","(-4.0258, 4.4479)","(4.7619, -6.4654)","(10.7049, 8.8371)","(8.3811, -4.8662)","(5.5593, 12.0912)","(-1.9595, -5.4639)","(14.5399, -7.0623)","(15.8855, 6.0215)","(23.7174, -11.974)","(-20.5683, -13.6333)","(8.45, -1.4834)","(-16.0661, -2.0861)"
3.020000000000000284e+01,"(7.1389, 18.3351)","(21.7099, 1.6668)","(2.0073, 5.3433)","(-6.9158, 5.1703)","(12.596, 13.5202)","(-4.844, -40.8895)","(-0.2514, -5.7306)","(3.6828, -1.3161)","(-0.93, 0.9997)","(4.44, -5.5358)","(3.5497, 2.4482)","(4.0722, -2.4095)","(2.3168, 4.0654)","(-1.4358, -2.7262)","(15.5586, -7.8648)","(9.2194, 3.0216)","(8.2344, -5.9333)","(-11.2443, -6.3373)","(3.0416, -0.9509)","(-8.0931, -0.78)"
3.030000000000000071e+01,"(4.8706, 11.4465)","(21.6019, -0.4376)","(2.9679, 8.2889)","(-13.9336, 10.5046)","(17.1443, 17.5712)","(-5.3464, -17.8533)","(-0.8936, -7.4618)","(4.6044, -2.1028)","(-1.0974, 0.8495)","(7.1031, -8.3772)","(0.6335, 0.4292)","(3.3585, -1.7556)","(0.6386, 0.996)","(-2.4232, -4.0481)","(10.7469, -5.8567)","(4.7113, 1.4993)","(4.0209, -4.0246)","(-4.8114, -2.6157)","(2.7054, -1.2078)","(-6.4052, -0.9538)"
3.040000000000000213e+01,"(3.664, 9.2196)","(16.4134, -1.1254)","(4.7669, 13.396)","(-21.2262, 16.4953)","(8.8837, 7.5222)","(-5.979, -11.451)","(-1.7233, -13.7)","(9.7178, -4.5045)","(-3.5445, 2.612)","(12.049, -14.1144)","(0.2492, 0.2544)","(5.1388, -2.4818)","(0.2588, 0.3191)","(-4.9556, -8.2531)","(6.8137, -3.7699)","(3.6628, 1.3546)","(4.741, -5.4647)","(-4.5449, -2.998)","(4.5244, -2.1285)","(-10.7943, -2.001)"
3.050000000000000000e+01,"(4.8379, 13.3742)","(10.7435, -0.8749)","(6.308, 17.088)","(-11.1612, 10.1495)","(3.4547, 2.2741)","(-9.5165, -15.8458)","(-3.0256, -22.7427)","(20.8646, -9.7309)","(-12.3978, 9.0735)","(13.3866, -16.3585)","(0.9252, 1.0205)","(9.3789, -4.4345)","(0.4935, 0.539)","(-10.2134, -16.9481)","(6.3912, -3.2838)","(5.1298, 2.0799)","(7.6796, -8.9688)","(-9.7359, -6.8201)","(8.848, -4.146)","(-20.4693, -3.8797)"
3.060000000000000142e+01,"(7.4894, 20.8595)","(12.0027, -0.5251)","(5.2478, 12.8258)","(-3.7296, 3.9256)","(2.2665, 1.0794)","(-13.6964, -21.9213)","(-3.2729, -18.4045)","(21.874, -11.2022)","(-32.4491, 24.2947)","(7.1802, -9.8207)","(3.819, 4.2444)","(16.1073, -7.6692)","(1.2972, 1.4133)","(-12.9507, -20.2668)","(9.013, -4.3887)","(8.8348, 3.6745)","(12.019, -14.155)","(-21.1073, -14.7654)","(16.6167, -7.8396)","(-23.3116, -3.7743)"
3.070000000000000284e+01,"(7.4267, 18.8095)","(19.7427, -0.5492)","(3.07, 6.8592)","(-1.4651, 1.3377)","(3.618, 1.5321)","(-9.7179, -13.8258)","(-1.9844, -7.8988)","(7.9718, -5.4102)","(-12.2034, 13.1209)","(3.4885, -4.8823)","(16.5979, 18.459)","(17.4539, -8.8261)","(3.7798, 4.1356)","(-6.7829, -8.6882)","(13.8351, -6.6676)","(14.862, 6.1559)","(11.8008, -14.6215)","(-20.0013, -12.6003)","(19.167, -9.619)","(-11.1852, -0.8995)"
3.080000000000000071e+01,"(4.4223, 9.8844)","(24.0551, -1.0575)","(1.8241, 4.318)","(-2.8578, 2.177)","(7.0841, 2.9964)","(-5.1857, -7.1776)","(-0.7797, -3.4948)","(2.4192, -2.0676)","(-7.0698, 11.2589)","(3.5023, -4.3256)","(30.3871, 31.2827)","(9.2966, -5.4105)","(11.2566, 12.3156)","(-2.5099, -2.6899)","(16.6106, -8.2631)","(17.668, 6.9429)","(6.3159, -8.645)","(-7.92, -3.6058)","(9.4342, -5.632)","(-4.3193, -0.2791)"
3.090000000000000213e+01,"(2.9387, 7.2992)","(14.217, -1.3931)","(1.8323, 4.8779)","(-7.816, 5.7998)","(14.4327, 6.1061)","(-5.7973, -9.2312)","(-0.6329, -4.452)","(1.7028, -1.8616)","(-8.2767, 15.1055)","(6.422, -7.4922)","(18.5027, 10.3937)","(3.8737, -2.4254)","(22.8608, 24.2274)","(-0.8908, -0.77)","(11.9978, -6.4863)","(11.3526, 3.8489)","(3.3535, -4.6021)","(-2.6911, -0.8786)","(3.3282, -2.2678)","(-3.7415, -0.6019)"
3.100000000000000000e+01,"(4.2624, 11.9711)","(8.1981, -0.7442)","(2.7661, 7.7495)","(-20.8391, 15.4993)","(21.6361, 8.7836)","(-11.6, -19.2075)","(-1.1828, -9.6574)","(3.4888, -3.9756)","(-9.8743, 18.7989)","(12.382, -14.3567)","(19.5358, 8.3908)","(2.2263, -1.2372)","(11.5653, 9.1891)","(-1.2117, -0.8687)","(6.8915, -3.9072)","(5.4018, 1.6308)","(3.4528, -4.2576)","(-2.9189, -0.6195)","(1.0267, -0.6758)","(-8.1289, -1.5811)"
3.110000000000000142e+01,"(7.7354, 22.0073)","(11.1406, -0.38)","(4.6034, 13.0029)","(-21.6049, 17.7003)","(13.6933, 4.5614)","(-15.1192, -23.6677)","(-2.5925, -21.2329)","(8.9425, -10.1537)","(-7.2136, 14.8522)","(14.9841, -18.1603)","(17.699, 6.7104)","(3.0967, -1.5127)","(7.7198, 4.0315)","(-2.735, -1.9328)","(5.4996, -2.8986)","(3.077, 1.051)","(5.8797, -6.8961)","(-7.2053, -1.4583)","(0.8391, -0.4305)","(-19.552, -3.8763)"
3.120000000000000284e+01,"(8.2845, 21.1512)","(21.853, -0.465)","(6.4196, 17.5415)","(-6.7135, 8.1346)","(5.2817, 1.2634)","(-7.5758, -9.5963)","(-3.8805, -25.4147)","(19.1762, -22.1136)","(-4.7615, 10.018)","(6.9998, -9.9134)","(11.9247, 4.1933)","(5.8749, -2.7691)","(9.262, 3.9187)","(-7.0275, -4.9907)","(7.4662, -3.6532)","(3.6186, 1.4354)","(10.6789, -12.4326)","(-20.3013, -4.1268)","(1.6899, -0.7953)","(-28.8758, -5.047)"
3.130000000000000071e+01,"(4.4015, 9.0777)","(26.1961, -1.2184)","(5.5132, 13.555)","(-3.8906, 6.4283)","(1.5062, 0.2743)","(-2.7489, -3.5385)","(-2.8144, -10.2387)","(11.5163, -15.614)","(-5.5117, 10.6431)","(2.4675, -3.844)","(11.3454, 4.3615)","(11.7918, -5.5229)","(13.0993, 5.3524)","(-17.5743, -12.4298)","(12.1987, -5.8384)","(6.1597, 2.5577)","(13.9326, -16.7283)","(-33.2849, -5.9268)","(3.8684, -1.7905)","(-12.4178, -0.5954)"
3.140000000000000213e+01,"(1.9202, 4.316)","(11.9522, -1.611)","(3.1613, 6.9591)","(-5.8082, 10.5051)","(0.4533, 0.0365)","(-3.3986, -5.5348)","(-1.3467, -3.3398)","(3.3458, -6.7345)","(-8.8254, 16.406)","(1.4503, -1.9096)","(17.1759, 7.024)","(19.3771, -9.2846)","(16.6373, 6.6363)","(-23.0614, -15.2448)","(17.214, -8.3865)","(11.3463, 4.7531)","(8.2459, -11.0653)","(-13.0893, -0.0263)","(9.3559, -4.3107)","(-4.6983, 0.4401)"
3.150000000000000000e+01,"(2.4604, 6.9073)","(4.8328, -0.618)","(1.7074, 3.9248)","(-10.3006, 18.8437)","(0.6003, -0.0041)","(-9.3895, -15.9163)","(-1.2627, -2.2517)","(1.8397, -5.4366)","(-10.5746, 20.2811)","(2.7823, -3.2462)","(22.3468, 8.8904)","(15.1752, -8.1193)","(14.6971, 5.4696)","(-9.7367, -4.4947)","(14.3446, -7.5595)","(17.8749, 7.3308)","(3.3898, -4.9993)","(-7.6754, 1.2653)","(20.1436, -9.3976)","(-4.3799, 0.9276)"
3.160000000000000142e+01,"(5.6697, 16.6492)","(6.5647, -0.205)","(1.5652, 4.1207)","(-10.2717, 20.1907)","(1.337, -0.0182)","(-19.3861, -31.8064)","(-2.5942, -4.3533)","(2.8346, -9.2998)","(-6.3199, 13.5605)","(6.6315, -7.5759)","(15.2722, 5.2916)","(6.0838, -3.924)","(9.9211, 3.467)","(-5.4737, -1.5133)","(7.6957, -4.451)","(15.9243, 5.8998)","(2.013, -2.6797)","(-10.8708, 2.4916)","(20.1741, -10.3967)","(-8.9731, 2.0426)"
3.170000000000000284e+01,"(10.4362, 29.3581)","(16.8104, -0.2067)","(2.3519, 6.5915)","(-4.2135, 10.0254)","(3.3508, -0.0385)","(-10.0586, -11.7859)","(-6.3061, -10.6202)","(5.4862, -18.1097)","(-3.794, 8.1602)","(15.0585, -17.2654)","(9.1302, 3.1297)","(1.9121, -1.3531)","(7.9654, 2.9434)","(-6.9769, -1.3645)","(4.7276, -2.622)","(7.9244, 2.4029)","(3.0554, -3.6291)","(-19.7433, 4.6507)","(7.2465, -5.0366)","(-20.5921, 4.699)"
3.180000000000000071e+01,"(6.6436, 13.8102)","(33.504, -0.7674)","(4.0807, 11.6001)","(-1.9353, 4.4899)","(8.8707, -0.0905)","(-5.912, -4.9372)","(-13.8493, -23.0233)","(6.6622, -23.7475)","(-5.0727, 9.6449)","(15.883, -19.635)","(11.2043, 4.491)","(0.5239, -0.3497)","(9.8139, 3.9117)","(-11.7309, -2.2057)","(5.5368, -2.758)","(3.3116, 0.9537)","(6.2045, -7.1677)","(-23.3946, 6.0966)","(2.883, -2.7287)","(-26.9607, 6.927)"
3.190000000000000213e+01,"(2.9606, 4.5011)","(16.3194, -2.284)","(6.3221, 17.5805)","(-2.7648, 5.2327)","(21.6825, -0.2928)","(-9.1377, -6.5193)","(-12.0831, -17.5828)","(2.4818, -12.5082)","(-9.4096, 17.2484)","(5.0008, -8.3076)","(20.4299, 8.5181)","(0.4553, -0.2308)","(14.4305, 5.8792)","(-19.0515, -3.4988)","(9.3281, -4.4523)","(2.1038, 0.7535)","(12.3879, -14.3197)","(-11.6958, 3.9682)","(2.9923, -3.4076)","(-10.6486, 4.2027)"
3.200000000000000000e+01,"(2.1578, 2.4995)","(6.0857, -1.8637)","(6.1472, 15.5472)","(-6.3232, 11.3892)","(26.0504, -1.2444)","(-20.837, -14.6834)","(-5.4329, -5.7036)","(0.698, -4.6698)","(-11.6585, 22.2914)","(1.5805, -3.7611)","(23.515, 9.1149)","(0.9584, -0.4493)","(17.6051, 6.9595)","(-19.1523, -2.9797)","(15.7713, -7.5224)","(3.0517, 1.2428)","(14.8659, -18.0353)","(-5.0955, 1.7657)","(4.849, -5.6477)","(-3.5439, 1.9466)"
3.210000000000000142e+01,"(4.7567, 5.1779)","(5.3032, -2.3369)","(3.6173, 7.9275)","(-12.8107, 23.2648)","(9.8784, -1.9967)","(-23.8194, -15.4165)","(-3.5407, -2.7727)","(0.579, -2.4323)","(-5.5571, 12.6118)","(1.4647, -4.6499)","(11.6943, 3.5609)","(2.2313, -1.0312)","(13.5847, 4.8883)","(-10.3599, -1.0382)","(17.9357, -9.0044)","(5.735, 2.4081)","(6.5209, -9.4117)","(-5.6724, 1.4548)","(8.6972, -10.116)","(-2.792, 2.0062)"
3.220000000000000284e+01,"(13.1002, 14.2854)","(12.1741, -5.5782)","(1.7348, 3.761)","(-9.1847, 19.1607)","(5.2425, -1.9941)","(-9.4552, -4.3494)","(-5.7055, -4.0074)","(1.3796, -4.5864)","(-2.5744, 5.9334)","(2.7988, -9.1484)","(5.9582, 1.9917)","(5.5337, -2.5437)","(8.4419, 2.8833)","(-5.1812, -0.5199)","(10.325, -5.8809)","(11.3744, 4.8015)","(2.0107, -3.418)","(-12.5153, 2.8838)","(12.9547, -15.3389)","(-5.8021, 4.3317)"
3.230000000000000426e+01,"(23.9252, 25.0918)","(28.211, -13.1052)","(1.222, 3.0898)","(-2.4319, 7.3541)","(6.1621, -2.8858)","(-2.7007, -0.9713)","(-11.613, -8.1294)","(3.5205, -11.3157)","(-3.5977, 6.817)","(5.7833, -18.9736)","(9.4657, 3.9185)","(13.6135, -6.2687)","(7.2162, 2.711)","(-5.0339, -0.8099)","(4.7892, -2.8803)","(18.9657, 7.8276)","(0.4726, -0.8625)","(-26.0288, 6.0661)","(10.1128, -12.9363)","(-14.4617, 10.7759)"
3.239999999999999858e+01,"(11.1563, 8.4749)","(18.8126, -10.6193)","(1.6998, 4.7292)","(-0.5117, 2.3234)","(9.389, -4.4914)","(-1.7229, -0.396)","(-20.5063, -14.1062)","(7.8195, -25.5104)","(-8.2138, 14.805)","(6.6763, -24.0367)","(21.812, 9.3042)","(23.9369, -11.4233)","(10.0089, 4.0537)","(-8.8066, -1.6459)","(3.5369, -1.8789)","(16.4492, 6.0393)","(0.0898, -0.1593)","(-20.9852, 6.1374)","(4.5191, -6.4928)","(-24.3568, 18.8067)"
3.250000000000000000e+01,"(6.5387, 3.4116)","(6.2436, -5.1319)","(3.0308, 8.6582)","(-0.2472, 2.3154)","(14.4469, -6.9507)","(-4.9562, -1.0338)","(-15.6738, -9.5474)","(5.3695, -21.8926)","(-14.1142, 26.0666)","(2.0158, -11.3273)","(26.9803, 10.503)","(13.2195, -7.7216)","(15.6605, 6.4276)","(-16.8261, -3.2032)","(5.47, -2.6396)","(7.4272, 2.0923)","(0.0594, -0.0736)","(-7.2724, 3.2052)","(2.1235, -2.9992)","(-10.0511, 9.8755)"
3.260000000000000142e+01,"(9.3926, 4.0464)","(3.8196, -4.1026)","(5.4221, 15.4259)","(-0.5385, 5.6526)","(16.3764, -8.2114)","(-18.5554, -3.909)","(-6.3253, -3.0731)","(0.6516, -8.2874)","(-6.5377, 15.0743)","(0.3591, -3.7966)","(10.7986, 2.6163)","(4.5956, -3.7724)","(18.4116, 7.2227)","(-22.7741, -3.9377)","(10.4447, -4.9188)","(2.5506, 0.5977)","(0.1636, -0.1866)","(-2.1236, 1.2122)","(2.1447, -2.6508)","(-3.3737, 4.5549)"
3.270000000000000284e+01,"(18.7848, 7.9573)","(7.7233, -8.7745)","(7.0286, 18.8694)","(-1.5807, 16.2905)","(10.9627, -6.0201)","(-44.5431, -8.5446)","(-1.8252, -0.8454)","(-0.3169, -4.6905)","(-1.6963, 5.3236)","(0.0228, -0.9537)","(3.0987, 0.4944)","(3.0615, -3.3153)","(12.47, 4.3173)","(-13.3839, -1.432)","(18.2503, -8.6813)","(0.733, 0.1904)","(0.4603, -0.5203)","(-2.0027, 1.4517)","(3.7654, -4.4073)","(-2.7436, 4.7591)"
3.280000000000000426e+01,"(25.0731, 9.9636)","(18.3993, -21.0299)","(4.8838, 11.1999)","(-2.8882, 34.4491)","(6.1328, -3.4996)","(-18.6611, 0.9747)","(-0.858, -0.5354)","(-0.8801, -7.2893)","(-0.3474, 1.1322)","(-0.067, -0.7028)","(1.046, 0.0511)","(4.1488, -4.8424)","(7.0603, 2.3426)","(-5.3015, -0.2688)","(17.6073, -9.0799)","(0.5453, 0.2077)","(1.374, -1.5475)","(-4.9933, 3.6976)","(7.4101, -8.5693)","(-5.2344, 9.411)"
3.289999999999999858e+01,"(12.2514, 3.6153)","(15.7165, -20.0947)","(2.3075, 4.6804)","(0.8472, 15.901)","(5.0188, -2.6334)","(-16.1329, 3.2504)","(-1.896, -1.3297)","(-1.8414, -15.0365)","(-0.2742, 0.5336)","(-0.1866, -1.616)","(2.3087, -0.0077)","(6.7763, -7.9269)","(6.2661, 2.3797)","(-2.3162, -0.2382)","(7.994, -4.8897)","(1.0394, 0.4357)","(4.2747, -4.8055)","(-14.7036, 10.8541)","(12.9977, -15.1757)","(-10.9209, 19.7346)"
3.300000000000000000e+01,"(4.3181, 1.1088)","(4.3784, -8.0912)","(0.9823, 2.1609)","(2.0194, 8.2147)","(7.0071, -3.4176)","(-21.6627, 5.2495)","(-5.1545, -3.671)","(-3.4102, -25.7161)","(-0.9783, 1.7219)","(-0.5149, -4.5397)","(8.3476, -0.0166)","(10.7047, -12.5943)","(9.6279, 3.9492)","(-3.2163, -0.5743)","(2.9755, -1.9277)","(2.2754, 0.9701)","(12.8271, -14.4621)","(-28.3133, 21.6715)","(12.244, -15.2729)","(-11.2938, 22.1458)"
3.310000000000000142e+01,"(3.0888, 1.1837)","(1.5869, -4.2521)","(0.894, 2.3772)","(3.3027, 9.7399)","(11.6529, -5.5654)","(-19.7816, 5.4473)","(-14.6622, -10.4597)","(-3.3633, -16.9446)","(-3.5832, 6.2408)","(-1.527, -13.5991)","(31.1809, -0.0907)","(11.5822, -14.1751)","(16.3481, 6.7745)","(-6.9602, -1.3574)","(1.7875, -0.9718)","(5.3287, 2.2859)","(21.2021, -25.0725)","(-10.0548, 10.715)","(5.1705, -7.5534)","(-3.5579, 9.4655)"
3.320000000000000284e+01,"(7.5482, 3.2374)","(2.4769, -7.8744)","(1.4982, 4.2582)","(5.8403, 16.6681)","(16.9691, -8.2344)","(-12.164, 3.7345)","(-27.2206, -18.6756)","(-1.8357, -6.1154)","(-13.2627, 23.1217)","(-3.8963, -31.997)","(31.5427, -2.3272)","(6.9257, -9.2666)","(19.6229, 7.7109)","(-15.997, -3.1537)","(3.0364, -1.4529)","(12.4845, 5.3495)","(6.5285, -11.2524)","(-4.7764, 7.3503)","(1.748, -2.7884)","(-0.8569, 2.9519)"
3.330000000000000426e+01,"(20.6791, 8.959)","(6.4803, -20.6666)","(2.9537, 8.5339)","(8.1537, 22.1748)","(14.7357, -7.7109)","(-11.3776, 3.0607)","(-12.558, -6.1111)","(-0.5151, -1.62)","(-16.5626, 32.2841)","(-4.1131, -17.8342)","(16.1465, -5.7071)","(3.499, -4.8709)","(12.0494, 4.0194)","(-26.4283, -4.8063)","(6.5446, -3.0474)","(22.5082, 9.3497)","(3.1261, -8.5221)","(-5.7353, 10.3139)","(0.7456, -1.0499)","(-0.1601, 0.8533)"
3.339999999999999858e+01,"(30.2396, 12.05)","(9.2236, -32.2578)","(5.6904, 16.3266)","(5.8794, 13.6256)","(7.8583, -4.5568)","(-18.5641, 4.4977)","(-7.5575, -2.1117)","(-0.1409, -0.8056)","(-3.472, 16.3912)","(-3.8662, -8.3644)","(17.082, -7.906)","(2.7268, -3.4893)","(5.8672, 1.8255)","(-14.6691, -1.3885)","(14.5072, -6.7384)","(15.8359, 5.4275)","(3.0367, -10.2368)","(-9.5988, 17.5996)","(1.0819, -1.2911)","(-0.1245, 1.2328)"
3.350000000000000000e+01,"(11.993, 2.445)","(1.4466, -12.765)","(7.4922, 20.1023)","(2.9623, 6.4245)","(4.4386, -2.5132)","(-24.9033, 6.3143)","(-9.3981, -1.8383)","(-0.2392, -1.9921)","(-1.6132, 16.6559)","(-4.9496, -8.3558)","(19.1871, -9.5415)","(3.8746, -4.6223)","(4.6813, 1.7539)","(-5.3193, 0.1976)","(22.8458, -11.0295)","(6.1117, 1.2076)","(3.7522, -13.1505)","(-10.4899, 20.337)","(2.2791, -2.6278)","(-0.3313, 3.4041)"
3.360000000000000142e+01,"(6.9907, 0.3077)","(-0.261, -6.1856)","(4.8088, 10.5972)","(2.2927, 5.9695)","(4.7071, -2.3746)","(-15.2113, 4.7629)","(-15.0168, -2.7891)","(-0.6489, -5.7279)","(-1.2962, 19.6115)","(-7.3477, -11.9235)","(14.0252, -7.5341)","(6.724, -7.8566)","(7.6805, 3.1746)","(-2.9174, 0.5195)","(12.5572, -7.3082)","(3.33, 0.1561)","(4.234, -15.2776)","(-5.0616, 11.4481)","(5.2216, -5.9722)","(-1.0721, 10.772)"
3.370000000000000284e+01,"(10.8559, -0.1503)","(-1.0556, -9.2017)","(2.0602, 3.797)","(4.0115, 11.4829)","(7.748, -3.7084)","(-8.3447, 2.6273)","(-20.5999, -3.6071)","(-1.9416, -17.2922)","(-0.6934, 16.7412)","(-9.9281, -15.8288)","(10.5068, -5.5881)","(11.0815, -12.9982)","(14.8331, 6.2373)","(-4.5754, 1.0498)","(4.1767, -3.1464)","(4.3131, -0.0839)","(3.6197, -13.9052)","(-2.647, 5.9098)","(11.6228, -13.3296)","(-2.9267, 30.7878)"
3.380000000000000426e+01,"(22.0096, -0.4029)","(-2.538, -21.3883)","(0.613, 1.0461)","(7.8048, 22.3717)","(13.6581, -6.4829)","(-11.4222, 2.8348)","(-16.0217, -2.1942)","(-4.4634, -34.5806)","(-0.4266, 12.6145)","(-9.2131, -13.9052)","(13.3416, -6.5724)","(11.9904, -14.6811)","(21.8843, 8.8661)","(-9.485, 2.1827)","(1.657, -1.6426)","(7.0302, -0.175)","(2.6734, -10.7572)","(-3.6932, 7.0014)","(16.098, -19.2527)","(-0.3897, 24.0955)"
3.389999999999999858e+01,"(26.2521, -1.2316)","(-4.4035, -30.5891)","(0.1341, 0.2314)","(8.3058, 21.0882)","(18.4331, -9.0386)","(-23.2175, 5.4318)","(-8.7117, -0.9151)","(-4.1686, -14.1918)","(-0.7436, 13.1584)","(-6.113, -8.7268)","(19.9252, -9.6602)","(6.6857, -9.0777)","(14.1917, 4.7814)","(-19.6284, 4.5545)","(2.1433, -2.4478)","(12.294, -0.294)","(2.4267, -9.3585)","(-7.7556, 14.0627)","(6.9847, -10.1479)","(2.4232, 11.2219)"
3.400000000000000000e+01,"(11.251, -1.6707)","(-3.4046, -11.9822)","(0.0411, 0.0982)","(4.2086, 8.2228)","(12.6414, -6.9247)","(-25.6672, 6.8638)","(-6.5789, -0.9443)","(-4.1379, -8.143)","(-1.2557, 18.0917)","(-4.5605, -6.784)","(18.5998, -9.6353)","(3.0591, -4.3737)","(5.7795, 1.542)","(-23.2735, 6.0828)","(4.2006, -4.8363)","(18.5197, -0.581)","(2.9436, -10.6383)","(-12.7912, 23.6877)","(2.0464, -4.0139)","(3.684, 11.0376)"
3.410000000000000142e+01,"(3.6527, -0.6465)","(-1.5648, -3.7773)","(0.0711, 0.2041)","(1.3735, 2.6167)","(5.7691, -3.5078)","(-10.4235, 3.9143)","(-9.7419, -1.7541)","(-5.8449, -9.6964)","(-1.2327, 20.8774)","(-5.538, -8.7938)","(10.7312, -6.0549)","(2.1697, -2.8135)","(2.3527, 0.735)","(-10.0739, 3.7226)","(9.0418, -10.3832)","(16.4938, -1.0326)","(3.8821, -13.7095)","(-7.0585, 15.5068)","(0.9889, -2.8531)","(5.526, 15.448)"
3.420000000000000284e+01,"(2.7856, -0.1388)","(-1.5396, -2.7285)","(0.1636, 0.4806)","(0.8616, 2.2804)","(3.166, -1.7907)","(-4.2223, 1.4308)","(-17.3279, -3.2464)","(-8.8795, -14.3967)","(-0.4489, 15.4115)","(-8.4911, -13.7462)","(9.1826, -4.7574)","(3.1357, -3.738)","(3.0042, 1.2145)","(-3.2148, 1.5443)","(15.5524, -18.2103)","(8.6134, -0.9777)","(4.3401, -15.7364)","(-2.1425, 5.9277)","(1.338, -4.4224)","(6.8624, 18.4174)"
3.430000000000000426e+01,"(7.2751, -0.0896)","(-4.0221, -6.8476)","(0.4052, 1.1988)","(1.9524, 5.7432)","(3.9193, -1.9388)","(-7.5783, 1.7911)","(-22.3735, -3.8153)","(-10.7694, -16.9011)","(-0.3386, 11.0186)","(-10.8045, -17.0495)","(15.233, -7.2949)","(5.7153, -6.6528)","(6.5314, 2.7786)","(-1.1908, 0.7661)","(10.5287, -13.8329)","(4.1266, -0.4855)","(3.4974, -13.6398)","(-0.9392, 2.1589)","(2.4855, -8.2238)","(5.733, 14.1111)"
3.439999999999999858e+01,"(21.0409, -0.1781)","(-12.2795, -20.9325)","(1.0525, 3.1268)","(5.3778, 16.0495)","(7.1726, -3.3947)","(-21.2416, 4.7346)","(-13.5715, -1.5204)","(-8.0919, -11.7581)","(-0.8227, 12.9985)","(-8.256, -12.0119)","(23.3303, -11.301)","(10.3642, -12.0604)","(15.2541, 6.5319)","(-1.7361, 1.2909)","(3.4107, -5.6322)","(3.3118, -0.2088)","(2.4929, -10.157)","(-1.9964, 3.6514)","(4.688, -15.5533)","(3.915, 9.3744)"
3.450000000000000000e+01,"(34.8337, -1.1486)","(-18.7445, -29.5209)","(2.7891, 8.2947)","(11.1609, 31.8125)","(13.7938, -6.4901)","(-34.4492, 8.5516)","(-6.1531, -0.5063)","(-5.0681, -7.2213)","(-1.4643, 19.8335)","(-4.8424, -6.7635)","(15.7635, -8.6881)","(13.2334, -15.9167)","(25.481, 10.4582)","(-3.9244, 2.9331)","(0.8975, -1.8829)","(4.9448, -0.1559)","(2.338, -8.969)","(-5.5346, 9.8151)","(5.9333, -20.9515)","(3.5967, 9.4104)"
3.460000000000000142e+01,"(13.0623, -2.8581)","(-9.4686, -9.4871)","(6.7531, 19.8258)","(6.9765, 13.7012)","(19.8821, -9.6787)","(-12.2731, 5.4838)","(-4.6744, -0.6919)","(-4.7473, -7.3383)","(-1.2063, 21.7891)","(-3.9389, -5.9802)","(7.3118, -4.3516)","(7.8449, -10.5251)","(13.9655, 4.298)","(-9.8795, 7.3556)","(0.5213, -1.5663)","(8.9218, -0.2053)","(2.985, -10.6845)","(-14.0566, 25.0885)","(2.8457, -12.9385)","(5.0401, 13.975)"
3.470000000000000284e+01,"(7.6524, -3.0404)","(-8.4122, -6.3051)","(8.9174, 23.6009)","(4.6161, 6.0462)","(12.8554, -7.1486)","(-5.7636, 3.736)","(-8.2159, -1.536)","(-7.1675, -11.6104)","(-0.1791, 13.5382)","(-5.7081, -9.2217)","(7.5461, -3.786)","(3.1383, -4.6892)","(5.2598, 0.8551)","(-21.092, 15.928)","(0.9052, -2.949)","(15.8306, -0.3794)","(4.048, -14.2136)","(-10.5811, 22.065)","(0.8197, -5.2487)","(7.0925, 19.4487)"
3.480000000000000426e+01,"(11.2662, -5.2289)","(-14.3364, -10.0113)","(4.7978, 8.6998)","(6.1248, 6.6614)","(5.0589, -3.2755)","(-9.1012, 6.7442)","(-17.0342, -3.2934)","(-10.9353, -17.639)","(-0.2531, 9.1189)","(-9.5296, -15.5359)","(16.1712, -7.5625)","(1.471, -2.0656)","(3.341, 0.0786)","(-15.6004, 13.364)","(2.0431, -6.6147)","(19.9193, -0.8185)","(4.4482, -16.1717)","(-2.3679, 9.2396)","(0.3363, -1.9142)","(6.4933, 16.2313)"
3.489999999999999858e+01,"(20.6126, -9.729)","(-21.7279, -14.7367)","(3.3143, 4.1823)","(11.2834, 12.0318)","(1.8456, -1.1681)","(-21.4922, 16.0686)","(-25.3367, -4.4868)","(-10.3246, -15.5551)","(-0.8726, 12.4182)","(-11.4032, -17.8039)","(27.2376, -13.0877)","(1.7199, -2.0936)","(5.5539, -0.0927)","(-4.9521, 5.8769)","(4.7375, -15.3315)","(12.5717, -1.1645)","(3.3625, -13.3286)","(-0.8701, 7.4787)","(0.4557, -1.691)","(4.0637, 9.3364)"
3.500000000000000000e+01,"(20.9001, -10.7222)","(-14.5231, -8.6287)","(4.1786, 4.4691)","(17.2739, 17.9799)","(1.6187, -0.8291)","(-21.4977, 17.6698)","(-14.1397, -1.3906)","(-5.9339, -8.1293)","(-1.703, 21.5508)","(-7.2892, -10.1627)","(13.8267, -8.2452)","(3.1974, -3.7231)","(11.6829, -0.1933)","(-2.536, 4.1066)","(7.3982, -25.2936)","(5.4861, -0.7695)","(2.3091, -9.5368)","(-1.1299, 12.9798)","(0.954, -3.1742)","(2.9853, 7.5105)"
3.510000000000000142e+01,"(9.0002, -5.5731)","(-6.5959, -3.6185)","(6.0386, 6.3166)","(11.9671, 11.0813)","(3.1037, -1.4661)","(-6.5979, 7.4634)","(-5.0693, -0.0876)","(-3.6639, -5.3083)","(-1.2227, 23.163)","(-3.7096, -5.0351)","(4.4373, -3.1241)","(6.5451, -7.545)","(22.8946, -0.4809)","(-3.4217, 6.2016)","(2.8883, -14.255)","(2.5475, -0.2873)","(2.2386, -8.5441)","(-1.9292, 23.6414)","(2.1231, -6.9107)","(4.0367, 11.1999)"
3.520000000000000284e+01,"(4.0534, -2.3828)","(-5.9878, -3.9315)","(9.0605, 9.4689)","(5.2557, 4.3877)","(6.8542, -3.1826)","(-2.0059, 2.9278)","(-1.3448, -0.0398)","(-4.6635, -7.4664)","(0.1264, 11.8278)","(-3.1179, -4.7895)","(2.0452, -1.1155)","(12.3657, -14.3502)","(21.5122, -1.3339)","(-6.2041, 11.299)","(0.3332, -5.3367)","(2.6412, -0.1257)","(3.0081, -10.6683)","(-0.8981, 21.7148)","(4.6667, -15.1963)","(6.6637, 18.7642)"
3.530000000000000426e+01,"(6.1117, -2.9455)","(-12.822, -8.9789)","(11.7031, 12.0193)","(3.1745, 3.057)","(15.1605, -7.0441)","(-2.6652, 4.6577)","(-1.1061, -0.1844)","(-8.4484, -13.8913)","(-0.0885, 6.5592)","(-5.1932, -8.4956)","(5.5867, -2.5708)","(13.3954, -16.4272)","(8.4931, -1.4509)","(-10.105, 18.6776)","(-0.2594, -3.3018)","(4.5661, -0.1155)","(4.2102, -14.6928)","(0.3835, 9.2433)","(6.8809, -23.7131)","(7.6859, 20.1266)"
3.539999999999999858e+01,"(14.8346, -6.8543)","(-24.7618, -17.1213)","(10.2812, 10.0375)","(5.7064, 6.0605)","(22.6124, -10.9899)","(-8.037, 14.1053)","(-2.7491, -0.5457)","(-12.6135, -20.228)","(-0.7348, 9.8121)","(-9.7929, -16.1366)","(17.9944, -8.1363)","(5.8324, -8.4424)","(2.5784, -0.6685)","(-8.2812, 16.761)","(-0.6232, -5.015)","(8.9324, -0.1774)","(4.5716, -16.6487)","(0.0545, 3.8306)","(2.913, -13.8876)","(4.8341, 10.8092)"
3.550000000000000000e+01,"(28.1085, -13.3364)","(-15.9511, -9.227)","(6.594, 6.1102)","(13.0269, 14.0324)","(11.5729, -6.871)","(-19.3744, 34.867)","(-7.7289, -1.5738)","(-9.0316, -12.8318)","(-1.8077, 20.8482)","(-12.5129, -19.6509)","(35.8458, -17.0578)","(1.8253, -3.0889)","(1.129, -0.4512)","(-3.3324, 8.0415)","(-1.195, -9.5543)","(16.7971, -0.3667)","(3.2355, -13.0516)","(-0.3942, 5.346)","(0.4563, -5.1145)","(2.5404, 5.783)"
3.560000000000000142e+01,"(14.3389, -8.6089)","(-5.8159, -2.5244)","(4.4575, 4.2259)","(20.0887, 20.8169)","(3.8288, -2.9562)","(-5.8498, 16.543)","(-21.6585, -4.3903)","(-4.1364, -5.2913)","(-1.7719, 27.7984)","(-7.2727, -9.7783)","(12.3994, -9.3739)","(0.4368, -0.8361)","(1.9471, -0.8944)","(-1.4711, 3.481)","(-2.3022, -18.1494)","(21.0136, -0.8806)","(2.1219, -8.9144)","(-1.1868, 12.9803)","(-0.1137, -2.3441)","(2.5943, 7.0135)"
3.570000000000000284e+01,"(4.6374, -3.766)","(-1.3066, -0.4966)","(4.5649, 4.6025)","(10.1825, 8.483)","(1.7569, -1.7986)","(-1.6824, 10.7869)","(-30.6523, -5.2182)","(-2.2857, -3.3255)","(0.4753, 12.4503)","(-2.9612, -3.6692)","(7.6428, -8.0144)","(0.1275, -0.3343)","(4.7227, -2.17)","(-1.7029, 3.306)","(-3.291, -21.9488)","(11.871, -1.2596)","(2.1121, -8.0368)","(-2.4926, 28.6111)","(-0.38, -3.159)","(4.7579, 13.6517)"
3.580000000000000426e+01,"(2.4389, -2.584)","(-0.3321, -0.0928)","(6.4659, 6.7243)","(3.7575, 2.455)","(2.4172, -2.7775)","(-1.4613, 16.0407)","(-11.8337, 0.1784)","(-3.5833, -5.8497)","(0.3403, 3.9934)","(-1.5529, -2.2689)","(11.4081, -13.1264)","(0.1718, -0.5503)","(12.4944, -5.7186)","(-3.4318, 6.2508)","(-2.5444, -11.3067)","(4.5417, -0.7806)","(2.9851, -10.4969)","(-0.3996, 21.2782)","(-0.7356, -5.879)","(8.2924, 23.3639)"
3.589999999999999858e+01,"(4.8415, -5.4903)","(-0.6885, -0.1454)","(9.7418, 10.174)","(2.1301, 1.025)","(4.6199, -5.3327)","(-2.1487, 27.2474)","(-7.8125, 1.3907)","(-7.7944, -13.0068)","(-0.0908, 2.2077)","(-2.5858, -4.2401)","(17.0485, -20.1747)","(0.3765, -1.2184)","(26.2835, -12.3262)","(-7.3861, 13.317)","(-1.1824, -4.1364)","(1.4154, -0.2524)","(4.349, -15.0683)","(1.0952, 7.6949)","(-1.4839, -12.0132)","(7.1395, 17.2114)"
3.600000000000000000e+01,"(13.0295, -14.758)","(-2.5803, -0.5454)","(12.0069, 12.2599)","(4.2662, 1.8461)","(9.4531, -10.8948)","(-0.4377, 19.8074)","(-10.4951, 2.4649)","(-14.0974, -23.0196)","(-0.5338, 5.7746)","(-5.8902, -9.8675)","(10.5279, -14.0242)","(0.9229, -2.9646)","(15.8653, -9.1214)","(-11.893, 22.0498)","(-0.3554, -1.4535)","(0.7183, -0.0602)","(4.7406, -17.2413)","(1.2057, 4.1741)","(-2.7674, -21.2232)","(3.4037, 6.6625)"
3.610000000000000142e+01,"(21.9647, -25.9186)","(-10.9229, -2.3298)","(9.6718, 9.3104)","(11.4708, 4.9802)","(14.9026, -17.5761)","(0.3006, 8.2082)","(-16.4973, 3.983)","(-10.001, -13.989)","(-1.7318, 17.6383)","(-12.6255, -20.9714)","(4.582, -6.5504)","(2.3663, -7.5698)","(5.649, -4.7757)","(-6.6462, 14.5521)","(-0.2424, -1.6626)","(1.19, -0.0332)","(3.1492, -12.925)","(2.4684, 7.2834)","(-3.1963, -18.6344)","(1.2494, 2.7008)"
3.620000000000000284e+01,"(7.1345, -11.7055)","(-40.4923, -8.4199)","(5.9179, 5.4372)","(27.9003, 11.9312)","(9.6574, -12.7684)","(-0.3271, 6.5046)","(-19.9626, 5.1424)","(-4.1298, -4.5664)","(-3.1044, 37.4136)","(-12.5356, -18.781)","(5.0591, -6.1572)","(5.6464, -18.2249)","(4.1817, -4.5913)","(-1.8858, 5.5638)","(-0.4346, -3.5196)","(2.4872, -0.0442)","(1.9312, -8.3151)","(5.8522, 17.2362)","(-2.0441, -7.7555)","(1.4358, 3.9986)"
3.630000000000000426e+01,"(2.5426, -6.3298)","(-22.4041, -0.9188)","(4.1255, 3.9419)","(20.4452, 6.9047)","(3.3086, -5.2885)","(-1.3543, 15.1427)","(-13.4323, 4.0561)","(-1.3855, -1.2524)","(1.3487, 15.5748)","(-5.6031, -6.3338)","(11.465, -13.1864)","(7.1484, -25.3253)","(6.3094, -7.331)","(-0.4085, 1.6409)","(-0.9884, -8.3186)","(5.6282, -0.083)","(1.935, -7.3806)","(10.3051, 28.7787)","(-0.8044, -2.4487)","(3.3127, 9.7448)"
3.639999999999999858e+01,"(2.7753, -8.8638)","(-18.9325, 3.3589)","(4.5711, 4.6482)","(8.7474, 1.147)","(0.8898, -1.6016)","(-2.7671, 32.4574)","(-7.532, 2.3939)","(-1.5639, -1.1353)","(2.5246, 9.3018)","(-2.5741, -2.2157)","(20.0798, -23.5588)","(1.7109, -11.117)","(10.8676, -12.6773)","(-0.1349, 1.1318)","(-2.3033, -19.1378)","(12.8861, -0.1895)","(2.8707, -10.0229)","(6.3189, 12.8928)","(-0.2252, -0.5853)","(7.9385, 23.2855)"
3.650000000000000000e+01,"(5.6623, -18.4597)","(-20.0106, 4.9324)","(6.773, 7.0714)","(7.7262, 0.0314)","(0.1878, -0.3957)","(0.1403, 19.2743)","(-7.0621, 1.9046)","(-3.6979, -2.6247)","(4.3859, 12.8102)","(-3.3883, -2.4175)","(9.4266, -13.4312)","(-0.0586, -5.1195)","(13.7921, -16.6005)","(-0.2086, 2.2728)","(-3.7513, -25.75)","(23.4324, -0.5711)","(4.418, -15.1698)","(2.8929, 4.2921)","(-0.1286, -0.2422)","(9.4816, 24.3955)"
3.660000000000000142e+01,"(7.8151, -27.2958)","(-15.4944, 4.4162)","(10.2988, 10.7613)","(13.4061, -0.2565)","(0.1023, -0.3053)","(1.0381, 6.6958)","(-11.4462, 2.7719)","(-10.2071, -7.2776)","(7.6483, 21.682)","(-6.9778, -4.9019)","(2.6866, -4.725)","(-0.6111, -5.2927)","(8.3448, -11.1425)","(-0.5264, 5.6331)","(-2.9052, -11.0111)","(17.5858, -1.4023)","(5.0017, -18.0499)","(2.5034, 2.8492)","(-0.2543, -0.4287)","(4.8951, 8.3735)"
3.670000000000000284e+01,"(2.5204, -13.5539)","(-11.3468, 3.2797)","(12.1913, 12.3846)","(23.4097, -0.5869)","(0.2014, -0.6478)","(0.9556, 3.2877)","(-19.3388, 4.6517)","(-24.4817, -17.2188)","(8.031, 20.4935)","(-15.4385, -10.8434)","(0.6445, -1.0052)","(-1.0376, -7.8325)","(3.7774, -5.3967)","(-1.3953, 14.7903)","(-1.7635, -4.1234)","(6.5127, -1.3405)","(3.1669, -13.1641)","(5.3772, 5.8296)","(-0.5989, -1.0072)","(2.9879, 3.7144)"
3.680000000000000426e+01,"(0.5296, -4.5438)","(-13.2546, 3.4108)","(9.1482, 8.6964)","(20.6393, -1.3548)","(0.5012, -1.6057)","(2.4309, 7.3192)","(-20.1659, 5.4064)","(-17.985, -10.6286)","(4.4624, 9.5444)","(-22.1595, -14.8712)","(1.4219, -1.6353)","(-1.6735, -12.6331)","(2.8784, -3.6826)","(-2.4099, 29.2213)","(-2.0474, -3.5451)","(2.7659, -0.9958)","(1.7453, -7.8136)","(13.6399, 14.8)","(-1.5313, -2.5868)","(4.6997, 5.0883)"
3.689999999999999858e+01,"(0.3511, -1.6047)","(-19.8072, 4.8802)","(5.3817, 4.9088)","(8.972, -1.2622)","(1.3466, -4.2871)","(7.6097, 22.9492)","(-10.5088, 3.4912)","(-8.2191, -2.8802)","(2.3982, 5.7143)","(-11.0413, -5.9003)","(5.0383, -5.639)","(-2.4868, -17.7568)","(4.7706, -5.618)","(0.1907, 16.5235)","(-3.5043, -5.7804)","(3.1515, -1.4558)","(1.6794, -6.5022)","(21.9079, 22.7304)","(-4.0983, -6.9398)","(9.9843, 10.7408)"
3.700000000000000000e+01,"(1.1027, -3.5898)","(-21.0227, 5.6049)","(3.838, 3.6884)","(4.156, -0.4456)","(3.6763, -11.6938)","(12.8193, 34.7172)","(-5.2005, 1.7162)","(-7.602, -1.6334)","(3.4513, 9.743)","(-4.0087, -1.5847)","(18.3237, -20.4829)","(-2.6426, -15.6536)","(9.4539, -10.9381)","(1.2912, 6.7546)","(-6.6173, -10.9334)","(5.1449, -2.4392)","(2.5966, -9.0284)","(10.154, 7.904)","(-10.3295, -17.383)","(18.4445, 19.505)"
3.710000000000000142e+01,"(3.4621, -10.9083)","(-13.0173, 4.0179)","(4.5105, 4.6142)","(6.0556, -0.1863)","(7.9214, -25.9312)","(7.8077, 11.9196)","(-5.6477, 1.4681)","(-12.2835, -2.3295)","(7.286, 21.1429)","(-2.1725, -0.5389)","(22.5569, -27.8661)","(-1.8579, -8.9291)","(15.1752, -17.8731)","(1.8908, 5.8434)","(-11.0626, -17.9933)","(9.365, -4.4207)","(4.3038, -14.6145)","(4.907, 2.714)","(-14.5502, -22.9639)","(13.4608, 12.49)"
3.720000000000000284e+01,"(9.638, -30.7504)","(-9.5567, 2.7441)","(6.9303, 7.2582)","(14.0077, -0.2107)","(4.468, -19.3099)","(7.5689, 8.6273)","(-10.8051, 2.5434)","(-20.216, -3.7293)","(9.6382, 25.5695)","(-3.8015, -0.7554)","(6.6605, -15.0087)","(-1.0517, -5.2592)","(10.3922, -13.6064)","(3.1654, 9.0232)","(-10.1159, -15.1068)","(15.8197, -7.5431)","(5.3879, -19.0825)","(6.2215, 2.7157)","(-7.0785, -8.2712)","(5.3442, 3.9558)"
3.730000000000000426e+01,"(5.1302, -23.0699)","(-13.8935, 3.4288)","(10.6862, 11.1777)","(28.169, -0.5952)","(0.3422, -7.8924)","(13.6948, 14.6784)","(-20.8041, 4.8932)","(-20.1933, -3.125)","(5.1539, 10.0817)","(-8.8931, -1.7698)","(5.092, -16.0505)","(-0.8278, -5.2758)","(3.7941, -5.8448)","(5.4204, 15.3691)","(-5.039, -6.4814)","(16.9144, -8.5668)","(3.4344, -14.2152)","(13.2587, 5.6682)","(-4.4759, -3.7219)","(1.4715, 0.9452)"
3.739999999999999858e+01,"(-0.045, -11.1184)","(-22.8788, 5.5475)","(12.3716, 12.5291)","(19.4351, -1.7664)","(-0.6, -6.3061)","(19.4435, 20.0444)","(-22.0076, 5.9092)","(-10.603, -1.0281)","(1.6904, 2.9357)","(-21.0735, -4.1667)","(6.1362, -21.299)","(-1.0958, -8.0663)","(1.3914, -2.0783)","(7.2991, 19.7641)","(-1.9645, -2.4856)","(9.1244, -5.2918)","(1.6066, -7.648)","(25.6579, 10.7424)","(-5.4956, -3.8462)","(0.712, 0.3445)"
3.750000000000000000e+01,"(-1.2979, -11.6262)","(-20.4183, 5.7192)","(8.8258, 8.3073)","(6.812, -1.5853)","(-1.1249, -8.5015)","(10.9954, 9.6901)","(-9.5384, 3.4905)","(-5.618, -0.6211)","(0.5102, 1.2263)","(-26.7675, -4.4508)","(4.5844, -18.0685)","(-1.7795, -13.5176)","(1.5519, -1.8885)","(5.4743, 12.9066)","(-1.2873, -1.9386)","(3.8454, -2.4013)","(1.3254, -5.3817)","(18.2894, 6.2549)","(-8.1318, -5.5594)","(1.5606, 0.68)"
3.760000000000000142e+01,"(-2.4524, -18.9938)","(-9.9527, 3.3612)","(4.9916, 4.515)","(2.6902, -1.009)","(-1.7257, -12.7805)","(4.7686, 4.1422)","(-3.2087, 1.3004)","(-6.7539, -1.1612)","(1.1441, 3.3803)","(-10.745, -0.3036)","(2.7269, -11.6551)","(-2.6391, -18.6875)","(3.4253, -3.9442)","(2.8566, 6.1719)","(-2.17, -3.5552)","(2.1305, -1.1965)","(2.0784, -7.2571)","(6.7546, 1.429)","(-12.2866, -8.3712)","(4.6271, 2.0235)"
3.770000000000000284e+01,"(-3.4592, -23.3067)","(-7.298, 2.0688)","(3.5477, 3.4133)","(4.0738, -1.8589)","(-2.4452, -17.2293)","(5.8095, 6.0517)","(-1.7639, 0.5175)","(-13.0991, -2.4998)","(3.6459, 11.0292)","(-4.5774, 0.5608)","(3.205, -11.7723)","(-2.6418, -14.9673)","(8.2986, -9.4638)","(1.7833, 4.3873)","(-4.6229, -7.7087)","(2.7594, -1.3591)","(3.7643, -12.637)","(1.8987, 0.2311)","(-14.8028, -9.8094)","(14.8608, 6.5197)"
3.780000000000000426e+01,"(-2.8278, -13.833)","(-13.3388, 3.168)","(4.3125, 4.427)","(10.1468, -4.6496)","(-2.5941, -15.5638)","(14.2078, 15.3621)","(-3.632, 0.8492)","(-23.4151, -4.3694)","(10.9332, 32.6132)","(-5.1922, 1.1503)","(5.4877, -18.7163)","(-1.7147, -7.827)","(17.0437, -19.6958)","(2.4049, 6.6877)","(-9.7864, -16.2723)","(5.0146, -2.374)","(5.7122, -19.5947)","(1.63, 0.0098)","(-11.3489, -7.0144)","(33.9024, 14.3253)"
3.789999999999999858e+01,"(-1.5418, -7.4709)","(-25.8243, 6.0947)","(6.8312, 7.1731)","(24.7489, -11.4353)","(-1.9189, -9.7284)","(23.0755, 23.948)","(-9.2457, 2.0779)","(-19.6354, -2.7442)","(9.394, 20.768)","(-9.8261, 2.2769)","(6.5365, -23.4704)","(-0.8988, -4.4374)","(12.3525, -16.1131)","(4.4546, 12.7751)","(-12.979, -20.434)","(9.8431, -4.6184)","(4.3297, -17.0595)","(4.1612, -0.0335)","(-6.8265, -4.032)","(15.6451, 3.8077)"
3.800000000000000000e+01,"(-1.3147, -9.083)","(-21.055, 6.1124)","(10.817, 11.3404)","(21.8106, -11.594)","(-1.2259, -6.5601)","(10.5848, 8.2633)","(-22.8874, 5.1808)","(-8.1009, -0.429)","(7.5197, 9.8195)","(-19.5135, 4.5537)","(3.2914, -14.6732)","(-0.7221, -4.7012)","(3.6283, -6.5473)","(7.4653, 20.9467)","(-6.9445, -8.9415)","(17.2094, -8.182)","(1.6872, -8.5715)","(12.9817, -0.0755)","(-5.124, -3.2085)","(10.6714, 0.516)"
3.810000000000000142e+01,"(-2.2592, -17.8928)","(-7.8157, 3.103)","(12.6724, 12.8467)","(7.2302, -5.7125)","(-1.0856, -7.1054)","(3.9271, 2.3401)","(-26.2079, 6.9883)","(-2.8286, -0.1747)","(9.6434, 10.4454)","(-23.1666, 6.046)","(1.9987, -8.6851)","(-1.0155, -7.6155)","(1.3709, -3.636)","(6.7677, 16.662)","(-2.7173, -2.8117)","(17.0875, -8.7649)","(0.9151, -4.3196)","(34.5176, -0.4373)","(-6.3063, -4.214)","(13.1781, -0.2727)"
3.820000000000000284e+01,"(-3.7354, -26.7724)","(-3.0692, 1.0242)","(8.8405, 8.2773)","(4.14, -4.3733)","(-1.4549, -10.6431)","(3.8374, 1.7306)","(-9.2819, 4.1829)","(-2.8129, -0.4746)","(14.5598, 15.2523)","(-10.5561, 3.7746)","(3.354, -11.655)","(-1.7391, -13.4274)","(1.6535, -5.3727)","(3.4515, 7.0051)","(-1.541, -1.2146)","(7.9777, -4.8426)","(1.2718, -4.6087)","(19.9289, -2.4896)","(-9.8121, -6.7027)","(18.1597, -0.601)"
3.830000000000000426e+01,"(-3.2143, -14.839)","(-5.9063, 1.3857)","(4.7818, 4.2738)","(6.6178, -7.5919)","(-2.1994, -16.1354)","(10.6487, 4.6612)","(-4.6692, 3.0541)","(-6.477, -1.2729)","(14.6485, 14.541)","(-3.5031, 1.4905)","(6.66, -22.1781)","(-2.7043, -19.4439)","(3.2221, -10.5706)","(1.3319, 2.7616)","(-2.4974, -1.7566)","(2.8342, -1.9118)","(2.485, -8.3039)","(10.2423, -3.6202)","(-14.3726, -9.7428)","(18.6704, -0.9692)"
3.840000000000000568e+01,"(-1.4953, -5.5883)","(-16.8809, 3.7468)","(3.2217, 3.0779)","(13.3561, -15.3988)","(-2.739, -17.8169)","(31.2253, 13.5581)","(-6.2126, 4.6677)","(-16.5126, -3.3088)","(8.9805, 8.239)","(-1.0949, 0.3929)","(6.5304, -24.3729)","(-2.7445, -15.453)","(6.1203, -20.307)","(1.0289, 2.7127)","(-5.166, -3.6234)","(0.9662, -0.612)","(4.8511, -16.0592)","(11.2688, -5.1913)","(-14.26, -9.193)","(12.9501, -1.0387)"
3.850000000000000000e+01,"(-0.6643, -4.0015)","(-35.2451, 8.2982)","(3.9051, 4.0092)","(16.5256, -20.0082)","(-2.2799, -11.8954)","(22.9876, 7.5438)","(-11.5519, 8.7557)","(-30.0931, -5.5753)","(6.5536, 6.3554)","(-1.6302, 0.3965)","(2.0045, -11.1304)","(-1.7312, -7.52)","(5.7046, -21.4308)","(1.9016, 5.4738)","(-11.4883, -8.0773)","(0.9126, -0.4631)","(6.3034, -22.1785)","(16.9852, -8.1336)","(-8.9281, -5.2863)","(9.5945, -0.6858)"
3.860000000000000142e+01,"(-1.1142, -9.16)","(-14.8248, 5.8822)","(6.3364, 6.6675)","(6.7952, -9.9782)","(-1.3984, -6.837)","(11.6519, 1.0844)","(-18.592, 14.3453)","(-14.9495, -1.0855)","(9.5111, 9.9322)","(-4.0958, 0.9245)","(1.1185, -5.2027)","(-0.8077, -3.6945)","(1.6487, -9.6272)","(4.2423, 12.414)","(-20.4034, -14.0327)","(1.7344, -0.8198)","(2.8688, -13.2938)","(18.9662, -9.5356)","(-5.2239, -3.0903)","(11.4802, -0.4742)"
3.870000000000000284e+01,"(-2.7417, -23.3008)","(-6.8152, 4.2273)","(10.4963, 11.049)","(2.1235, -3.4726)","(-0.9696, -5.7878)","(13.4088, -0.0896)","(-13.5134, 11.5175)","(-6.1156, 0.5657)","(15.9963, 16.8199)","(-11.2473, 2.5003)","(2.5888, -8.6874)","(-0.5638, -3.5711)","(0.3803, -3.1926)","(8.2755, 23.6387)","(-14.6472, -8.7873)","(3.7177, -1.7301)","(0.7885, -5.2331)","(11.9074, -6.6199)","(-4.7848, -3.0942)","(17.3497, -0.5407)"
3.880000000000000426e+01,"(-4.4941, -29.628)","(-8.565, 6.349)","(13.1501, 13.4315)","(1.186, -1.5482)","(-1.1361, -8.1274)","(24.466, -0.5099)","(-5.3726, 5.2587)","(-5.663, 1.2051)","(15.2547, 14.9556)","(-27.1384, 6.1852)","(6.7226, -21.6538)","(-0.7856, -5.9271)","(0.1732, -0.9545)","(7.3283, 17.652)","(-5.7569, -2.5832)","(8.3932, -3.8882)","(0.3629, -1.9408)","(7.5571, -4.1548)","(-6.9821, -4.7433)","(20.7021, -0.9097)"
3.890000000000000568e+01,"(-3.4435, -10.6461)","(-17.6108, 13.2545)","(9.4239, 8.8572)","(2.8357, -3.2619)","(-1.7699, -13.3487)","(24.586, -1.4098)","(-2.4611, 2.2444)","(-10.3199, 2.3891)","(7.7606, 6.7543)","(-21.5825, 6.4088)","(8.5187, -30.3906)","(-1.4184, -11.1926)","(0.3907, -1.3357)","(3.5121, 6.1556)","(-2.3205, -0.7013)","(17.3663, -8.1228)","(0.6168, -2.1885)","(9.3488, -4.6182)","(-11.51, -7.901)","(14.3663, -1.1729)"
3.900000000000000000e+01,"(-2.3259, -4.6776)","(-21.8746, 17.4057)","(4.8778, 4.2894)","(7.958, -9.0032)","(-2.6346, -18.7713)","(10.5833, -1.4874)","(-3.5236, 2.7477)","(-20.2828, 4.7399)","(4.7089, 4.4825)","(-7.8684, 4.0974)","(1.4756, -11.9588)","(-2.5057, -19.0393)","(1.0122, -3.2603)","(1.6265, 2.1533)","(-2.8178, -0.5723)","(20.2014, -10.1452)","(1.405, -4.6039)","(16.2669, -7.7482)","(-15.794, -10.6194)","(8.7664, -0.7824)"
3.910000000000000142e+01,"(-3.9324, -6.6567)","(-8.4964, 8.3921)","(2.8764, 2.6858)","(19.8184, -22.629)","(-2.715, -15.6778)","(5.6442, -0.4906)","(-7.8835, 5.9279)","(-23.2366, 6.1198)","(7.6732, 8.0982)","(-5.7494, 4.0832)","(-0.0346, -4.3648)","(-3.038, -18.6992)","(2.7611, -8.7866)","(2.1641, 2.3652)","(-5.3864, -1.0432)","(8.6371, -5.4462)","(3.3513, -10.8191)","(21.3705, -10.5399)","(-12.8056, -7.9774)","(9.092, -0.4363)"
3.920000000000000284e+01,"(-9.1524, -15.3794)","(-2.5817, 2.7182)","(3.2348, 3.3006)","(13.4919, -17.9609)","(-1.817, -8.4746)","(11.1672, -0.227)","(-17.4692, 13.1395)","(-10.3089, 3.7297)","(15.9908, 17.0997)","(-8.4671, 6.4484)","(-0.5545, -5.1829)","(-2.1162, -9.136)","(6.9987, -22.4749)","(4.3667, 4.6912)","(-11.5951, -2.2676)","(2.8381, -2.3153)","(6.9167, -22.7329)","(12.8194, -7.2335)","(-6.964, -3.9772)","(14.8049, -0.4122)"
3.930000000000000426e+01,"(-16.2788, -26.4484)","(-2.1999, 1.7609)","(5.2929, 5.574)","(3.9661, -8.3377)","(-0.9961, -5.0472)","(27.4227, -0.3869)","(-19.9722, 16.0461)","(-3.4502, 1.4174)","(18.2895, 18.2903)","(-14.0084, 10.7442)","(-1.5864, -14.0462)","(-0.9372, -3.5632)","(7.0409, -26.2043)","(9.7815, 10.5377)","(-22.1037, -4.1886)","(1.7137, -1.8387)","(5.3976, -21.1838)","(6.166, -3.6368)","(-4.1159, -2.4638)","(22.1664, -0.7187)"
3.940000000000000568e+01,"(-9.2293, -11.8976)","(-6.416, 4.7608)","(9.3157, 9.8598)","(2.5468, -7.7437)","(-0.8473, -5.6117)","(27.2697, -1.7205)","(-7.2038, 7.4023)","(-1.7097, 0.5141)","(8.1805, 6.5677)","(-16.5285, 13.1564)","(-4.2155, -35.21)","(-0.3739, -1.891)","(0.8999, -10.1808)","(17.7227, 18.7071)","(-20.0751, -2.9274)","(2.4691, -2.8637)","(0.9517, -8.2143)","(6.2806, -3.1664)","(-4.5106, -2.9823)","(17.8158, -1.2671)"
3.950000000000000000e+01,"(-3.7323, -3.6957)","(-19.7219, 14.5456)","(13.4689, 13.97)","(4.0209, -13.2684)","(-1.2261, -9.2465)","(9.4997, -2.1845)","(-2.1875, 2.882)","(-3.5341, 0.8259)","(2.5183, 1.9271)","(-9.8439, 8.6637)","(-4.5653, -19.1371)","(-0.3764, -2.705)","(-0.4494, -6.4854)","(12.6524, 11.6942)","(-8.1088, -0.3164)","(4.4358, -5.1485)","(-0.0975, -3.5587)","(12.4181, -5.8449)","(-7.3619, -5.0521)","(8.9791, -1.0271)"
3.960000000000000142e+01,"(-2.5008, -1.9024)","(-27.0916, 21.534)","(11.0293, 10.602)","(6.603, -22.3317)","(-2.0781, -15.8874)","(3.5806, -1.3284)","(-1.5555, 2.6652)","(-9.2328, 2.0682)","(1.6652, 1.6837)","(-4.9484, 4.5004)","(-3.9386, -8.5224)","(-0.6672, -5.3179)","(-1.1052, -8.7723)","(5.1017, 3.6654)","(-2.6191, 0.1555)","(8.3931, -9.7264)","(-0.499, -4.2842)","(23.0475, -10.9226)","(-12.7176, -8.7629)","(6.2872, -0.4506)"
3.970000000000000284e+01,"(-5.4574, -3.8843)","(-8.3481, 10.3084)","(5.6553, 4.9144)","(4.8715, -19.3427)","(-2.9314, -19.9783)","(5.8991, -2.6656)","(-3.0131, 5.3984)","(-23.5439, 5.3087)","(4.465, 4.8549)","(-4.5905, 3.7423)","(-5.588, -9.5358)","(-1.3775, -11.2415)","(-1.8864, -14.4277)","(2.1863, 1.1754)","(-1.6358, 0.3154)","(12.9764, -15.3138)","(-0.9864, -7.9024)","(18.0282, -9.6964)","(-16.6857, -11.1495)","(9.9063, -0.2871)"
3.980000000000000426e+01,"(-15.2132, -10.8513)","(-5.3387, 8.9434)","(2.6992, 2.3886)","(1.6211, -8.8595)","(-2.5402, -12.9821)","(17.6283, -7.984)","(-7.2076, 12.8706)","(-26.6906, 7.1535)","(13.7087, 15.0206)","(-7.9361, 6.0907)","(-11.4498, -19.0683)","(-2.6737, -20.816)","(-2.8554, -20.3655)","(2.946, 1.2761)","(-2.8495, 0.6538)","(10.1919, -13.0299)","(-1.9695, -15.8225)","(6.6195, -4.4052)","(-11.7008, -7.0698)","(19.0983, -0.4087)"
3.990000000000000568e+01,"(-28.9622, -19.8993)","(-8.4362, 15.2595)","(2.3255, 2.3147)","(1.0416, -4.6323)","(-1.4216, -6.0991)","(35.6418, -16.9147)","(-13.5561, 24.7885)","(-9.3529, 4.3591)","(25.6942, 26.9292)","(-14.804, 11.2747)","(-15.0412, -23.5834)","(-3.2637, -19.5873)","(-2.8608, -16.073)","(6.0533, 2.579)","(-6.226, 1.4229)","(4.2667, -6.2656)","(-3.2652, -23.5037)","(2.2421, -1.4114)","(-5.6794, -3.1271)","(24.6999, -1.0167)"
4.000000000000000000e+01,"(-13.0989, -6.2517)","(-12.4532, 23.2592)","(3.6366, 3.8161)","(2.0655, -7.0453)","(-0.7143, -3.749)","(12.5435, -9.2204)","(-7.1285, 15.925)","(-5.1815, 3.4739)","(11.7962, 8.3091)","(-18.0028, 14.3063)","(-7.5121, -9.4629)","(-2.1605, -8.1666)","(-1.823, -8.3431)","(13.7264, 5.8683)","(-14.3605, 3.2706)","(1.5885, -2.4214)","(-2.9436, -14.3921)","(3.0905, -1.4942)","(-3.1557, -1.8797)","(12.8349, -1.4987)"
4.010000000000000142e+01,"(-7.4233, -2.0766)","(-7.0774, 15.3912)","(6.7342, 7.1602)","(4.7956, -15.6203)","(-0.7113, -5.007)","(6.9641, -7.1665)","(-1.7262, 6.1719)","(-7.2773, 5.4845)","(8.9286, 4.3208)","(-9.1699, 8.3672)","(-2.5547, -3.1434)","(-0.9308, -2.5982)","(-1.0214, -5.5137)","(24.2491, 10.04)","(-25.0965, 6.0321)","(0.9918, -1.3043)","(-1.5472, -5.3749)","(8.212, -3.768)","(-3.7384, -2.4943)","(4.9537, -0.7565)"
4.020000000000000284e+01,"(-10.3076, -2.0596)","(-2.8633, 6.8721)","(11.9305, 12.6189)","(8.0254, -27.2121)","(-1.1754, -9.1698)","(10.6796, -12.2022)","(-0.5067, 3.7882)","(-13.366, 10.1508)","(13.7396, 5.8217)","(-3.5907, 3.5123)","(-2.3865, -3.8263)","(-0.539, -1.0554)","(-1.0606, -7.5289)","(15.6335, 5.1854)","(-15.4327, 4.9101)","(1.5577, -1.8461)","(-0.4665, -1.5924)","(22.1807, -10.1598)","(-6.5923, -4.554)","(3.5275, -0.2189)"
4.030000000000000426e+01,"(-20.1332, -3.8826)","(-3.1812, 6.1775)","(13.9854, 14.1443)","(3.3087, -15.9442)","(-2.1647, -16.908)","(18.5825, -21.7114)","(-0.5676, 6.347)","(-18.8919, 14.7665)","(22.1728, 9.1368)","(-2.5074, 2.1061)","(-6.5458, -11.0959)","(-0.8891, -1.4913)","(-1.761, -13.6842)","(5.8557, 1.1459)","(-5.3585, 2.5287)","(3.0645, -3.5462)","(-0.1671, -0.9691)","(26.7732, -13.5314)","(-12.3424, -8.5628)","(7.2918, -0.1414)"
4.040000000000000568e+01,"(-26.0729, -4.4119)","(-7.4185, 13.3748)","(8.2676, 7.4133)","(0.5292, -5.6437)","(-3.1292, -21.2388)","(11.5853, -15.4741)","(-1.2199, 13.6822)","(-11.316, 9.976)","(18.7042, 6.8143)","(-4.6964, 3.5876)","(-17.3203, -29.1372)","(-1.7855, -2.971)","(-2.9316, -21.6735)","(2.6549, 0.1521)","(-2.5373, 1.6742)","(6.4233, -7.39)","(-0.2517, -2.0074)","(8.8688, -6.8109)","(-17.752, -11.9759)","(17.6475, -0.2369)"
4.050000000000000000e+01,"(-12.6421, -1.0191)","(-14.476, 26.4218)","(3.5182, 2.8881)","(0.0013, -1.5927)","(-2.5645, -12.194)","(3.9807, -6.1755)","(-2.0905, 25.6316)","(-4.5621, 4.4261)","(9.0467, 2.7679)","(-10.6096, 7.9637)","(-12.867, -17.5269)","(-3.9466, -6.601)","(-3.1014, -17.4758)","(3.7806, -0.0493)","(-3.4635, 2.605)","(12.2667, -14.2231)","(-0.5785, -4.9075)","(4.9576, -5.1744)","(-12.5213, -7.551)","(29.8825, -0.8726)"
4.060000000000000142e+01,"(-4.6523, -0.2596)","(-7.744, 17.2459)","(1.5251, 1.3554)","(-0.176, -1.6816)","(-1.2895, -4.8937)","(3.0601, -3.8413)","(-0.4334, 19.0458)","(-2.9783, 2.5301)","(6.3213, 2.3197)","(-20.3807, 15.5109)","(-7.2626, -6.5265)","(-8.6292, -14.3909)","(-1.9084, -7.901)","(7.7824, -0.1279)","(-6.5538, 4.9589)","(13.34, -16.3516)","(-1.4759, -12.6963)","(7.4376, -8.5404)","(-5.5224, -2.8863)","(14.3113, -1.9678)"
4.070000000000000284e+01,"(-4.106, -0.6766)","(-1.9348, 6.2394)","(1.6172, 1.6485)","(-0.4961, -4.3664)","(-0.4781, -2.1834)","(8.0951, -9.24)","(0.6518, 7.0004)","(-5.4361, 4.1607)","(11.37, 4.748)","(-14.8149, 12.6868)","(-8.4939, -6.127)","(-12.9306, -20.687)","(-0.8182, -3.78)","(17.1115, -0.2758)","(-13.0291, 9.8603)","(5.7407, -8.3447)","(-3.3513, -26.9357)","(14.0122, -16.2337)","(-2.1982, -1.1931)","(5.1402, -1.4795)"
4.080000000000000426e+01,"(-9.9975, -1.9804)","(-0.3584, 1.5633)","(2.8978, 3.0731)","(-1.4951, -13.4141)","(-0.3904, -2.7006)","(20.7789, -23.6969)","(0.3933, 2.0731)","(-12.2428, 9.1953)","(23.0857, 9.7249)","(-4.8365, 5.3156)","(-17.1835, -12.0548)","(-7.7536, -10.39)","(-0.664, -4.569)","(26.026, -0.8622)","(-18.3272, 14.3355)","(1.7441, -3.0506)","(-3.7263, -19.1041)","(15.3683, -18.8499)","(-1.9283, -1.2551)","(3.7524, -1.6244)"
4.090000000000000568e+01,"(-25.4404, -5.0733)","(-0.1488, 1.3178)","(5.8935, 6.3098)","(-4.0676, -34.0608)","(-0.6695, -5.328)","(14.396, -19.1544)","(0.5164, 1.6271)","(-21.6524, 16.6061)","(22.2891, 8.2947)","(-1.4655, 2.0591)","(-23.9936, -16.0408)","(-3.2216, -3.3814)","(-1.1445, -9.1372)","(13.6836, -1.6305)","(-10.3326, 9.2352)","(0.4612, -1.0568)","(-2.654, -6.9801)","(6.3823, -9.3198)","(-3.4548, -2.3885)","(7.2422, -3.3492)"
4.100000000000000000e+01,"(-27.4846, -4.2041)","(-0.3954, 3.9263)","(11.6386, 12.4145)","(-4.4332, -18.6866)","(-1.4042, -11.5295)","(4.0309, -8.2615)","(1.1907, 3.5204)","(-12.6759, 11.3029)","(8.9664, 2.2797)","(-1.4254, 2.4973)","(-11.5994, -6.1753)","(-1.9282, -1.5243)","(-2.3421, -18.8885)","(4.7284, -1.1215)","(-3.6321, 3.7818)","(0.3773, -1.1839)","(-2.6045, -4.7038)","(2.4575, -3.6391)","(-7.2464, -5.0755)","(16.8855, -7.8033)"
4.110000000000000142e+01,"(-10.1953, 0.2575)","(-1.4861, 14.4337)","(15.4002, 15.7744)","(-4.4062, -9.2754)","(-2.7926, -21.8771)","(2.2937, -6.806)","(3.1424, 9.3581)","(-4.0097, 4.5342)","(2.6993, 0.6942)","(-3.0045, 5.3778)","(-3.9512, -1.9582)","(-2.8629, -2.0026)","(-3.5884, -24.3901)","(1.969, -0.751)","(-1.0498, 1.114)","(0.6664, -2.191)","(-4.0825, -6.7224)","(2.9077, -3.513)","(-14.8314, -10.3529)","(26.2666, -12.7383)"
4.120000000000000284e+01,"(-5.6827, 0.9878)","(-3.9349, 42.0468)","(9.0153, 8.0115)","(-5.9573, -10.0238)","(-3.3796, -19.9299)","(4.7248, -15.1009)","(8.0542, 23.7684)","(-1.1645, 1.6648)","(2.7717, 1.1212)","(-7.3535, 13.1151)","(-3.3599, -2.2382)","(-5.2372, -3.641)","(-2.772, -11.5919)","(2.8418, -1.3082)","(-0.5804, 0.4944)","(1.4093, -4.5991)","(-7.028, -11.5259)","(7.0293, -8.0462)","(-19.3211, -12.8499)","(11.458, -7.2025)"
4.130000000000000426e+01,"(-9.5187, 2.1517)","(1.7762, 19.0565)","(3.5281, 2.6545)","(-9.3654, -15.2531)","(-2.1983, -7.8911)","(9.6947, -31.9858)","(9.6158, 24.6183)","(-1.266, 2.2205)","(7.7889, 3.3795)","(-13.6774, 25.0415)","(-9.2775, -6.6004)","(-10.2983, -7.1788)","(-1.2646, -3.8509)","(6.099, -2.8268)","(-1.1782, 0.8964)","(3.1226, -10.1488)","(-10.7014, -17.2514)","(16.6788, -19.0826)","(-10.1834, -5.6138)","(3.7112, -3.0809)"
4.140000000000000568e+01,"(-21.1917, 4.8443)","(4.2238, 14.5818)","(1.0614, 0.6837)","(-11.4854, -18.0314)","(-0.9731, -2.4986)","(3.5396, -18.145)","(5.2277, 8.44)","(-2.9695, 5.2824)","(23.1203, 10.0714)","(-6.779, 15.3869)","(-25.7468, -18.2877)","(-17.2336, -11.8131)","(-0.3773, -0.9442)","(14.2194, -6.5736)","(-2.815, 2.1041)","(5.9558, -19.7446)","(-9.5319, -14.2153)","(16.2748, -20.3752)","(-3.7323, -1.6166)","(2.2802, -2.4582)"
4.150000000000000000e+01,"(-27.6542, 7.1142)","(6.3998, 18.1491)","(0.6439, 0.3055)","(-8.1921, -11.7593)","(-0.8148, -1.4786)","(0.2696, -6.6586)","(4.3034, 5.0523)","(-7.988, 14.1604)","(30.3103, 11.7811)","(-1.6247, 6.1077)","(-21.4737, -12.9225)","(-15.0059, -9.4218)","(-0.2774, -0.504)","(24.4063, -11.6779)","(-7.2086, 5.3615)","(5.2598, -19.9773)","(-5.1592, -6.9203)","(4.7307, -8.3231)","(-1.4038, -0.4187)","(4.3664, -4.9797)"
4.160000000000000142e+01,"(-10.9233, 4.2794)","(7.3116, 19.297)","(1.122, 0.4782)","(-4.9416, -7.0119)","(-1.4759, -2.4591)","(-0.3845, -4.3757)","(6.6575, 7.1046)","(-15.2436, 27.8936)","(12.3183, 1.9419)","(-0.5342, 4.3344)","(-9.9852, -3.4024)","(-6.8744, -3.6107)","(-0.6199, -1.0477)","(13.4011, -7.8288)","(-17.2393, 12.8992)","(1.364, -8.6267)","(-2.707, -3.7773)","(1.5944, -4.0613)","(-1.7684, -0.3587)","(10.7447, -12.2297)"
4.170000000000000284e+01,"(-3.2441, 1.6381)","(5.6159, 13.6072)","(2.3554, 1.0027)","(-5.0111, -7.8399)","(-3.1047, -5.1796)","(-1.1841, -10.5068)","(11.6435, 12.3348)","(-5.837, 14.4548)","(9.7493, 0.1402)","(-0.6352, 7.2737)","(-9.9149, -2.1166)","(-2.3991, -1.1553)","(-1.6543, -2.8042)","(4.4522, -3.5002)","(-20.29, 16.2599)","(0.1313, -3.0385)","(-2.8465, -4.4773)","(1.9517, -6.2265)","(-3.4515, -0.6704)","(19.7627, -23.0765)"
4.180000000000000426e+01,"(-1.2638, 0.8436)","(4.2889, 10.7314)","(5.3911, 2.3087)","(-8.2907, -13.5342)","(-6.9361, -11.5988)","(-3.4484, -30.1637)","(15.6938, 16.1338)","(-1.4314, 6.9061)","(16.0792, -0.3056)","(-1.293, 14.8461)","(-19.4333, -3.7976)","(-0.8602, -0.4801)","(-4.7994, -8.1678)","(2.2634, -2.3614)","(-6.9206, 7.415)","(-0.1928, -2.1324)","(-4.9704, -8.1587)","(4.4928, -14.4645)","(-7.6288, -1.5)","(9.0921, -13.0781)"
4.190000000000000568e+01,"(-2.5532, 1.8817)","(5.1875, 14.1574)","(12.4582, 5.3324)","(-12.4231, -19.9523)","(-12.6504, -20.6982)","(-4.9602, -27.4255)","(10.5767, 9.7843)","(-0.729, 7.3936)","(25.2774, -0.7545)","(-1.9105, 24.8473)","(-28.6665, -5.0467)","(-1.0572, -0.7117)","(-12.9507, -21.8668)","(3.3789, -3.8816)","(-2.8693, 4.2886)","(-0.4178, -3.3093)","(-9.246, -15.2199)","(8.5843, -28.5627)","(-16.7423, -3.2733)","(2.6562, -5.4838)"
4.200000000000000000e+01,"(-7.943, 5.8375)","(7.5013, 20.703)","(22.3373, 9.2745)","(-9.6558, -13.994)","(-10.0119, -14.42)","(-4.4197, -10.5012)","(5.079, 4.4028)","(-1.0879, 12.9227)","(18.1401, -1.4862)","(-0.2851, 17.0283)","(-14.2327, -1.1673)","(-2.1495, -1.5009)","(-14.715, -22.3254)","(6.865, -7.8972)","(-3.0143, 5.4175)","(-0.7751, -6.147)","(-11.9177, -18.7602)","(3.7071, -17.6022)","(-24.4058, -4.2957)","(1.5367, -4.5933)"
4.210000000000000142e+01,"(-24.3574, 17.9845)","(7.3573, 18.6558)","(15.9272, 5.4872)","(-4.8515, -6.4467)","(-4.3489, -4.8978)","(-5.232, -9.129)","(3.6034, 3.515)","(-1.7335, 22.0021)","(8.0463, -1.053)","(0.4761, 6.4408)","(-4.9821, -0.217)","(-4.872, -3.4319)","(-7.3321, -7.3665)","(13.5968, -15.7263)","(-4.8025, 8.8137)","(-1.5105, -12.083)","(-7.2859, -9.958)","(0.4039, -6.4634)","(-12.8498, -1.1441)","(2.6974, -8.7605)"
4.220000000000000284e+01,"(-20.9614, 17.819)","(4.7057, 10.8776)","(6.1388, 1.2562)","(-3.3435, -5.0135)","(-1.9359, -1.6768)","(-10.6776, -17.8377)","(5.8949, 6.2136)","(-0.8537, 20.1567)","(6.2188, -0.374)","(0.1599, 1.827)","(-4.2106, -0.7006)","(-11.2736, -7.9451)","(-6.5199, -4.8825)","(14.411, -17.7457)","(-7.9451, 14.6409)","(-2.6665, -20.0726)","(-3.0767, -3.817)","(-0.2572, -3.5126)","(-4.6328, 0.1519)","(5.8977, -19.2012)"
4.230000000000000426e+01,"(-7.4408, 10.2235)","(3.6894, 9.4472)","(3.0889, 0.1725)","(-5.5472, -9.0842)","(-2.416, -1.7212)","(-15.8242, -25.2105)","(11.8333, 12.6401)","(0.2417, 9.3468)","(12.51, -0.2524)","(-0.0361, 0.9748)","(-11.409, -2.2947)","(-20.2849, -13.9648)","(-9.1264, -6.2784)","(5.5658, -8.371)","(-9.1748, 17.6358)","(-2.9893, -17.4152)","(-1.3823, -1.9352)","(-0.7598, -6.5078)","(-2.4844, 0.4339)","(7.4057, -26.2982)"
4.240000000000000568e+01,"(-6.3625, 11.1697)","(5.4966, 15.4235)","(3.9366, -0.0682)","(-11.1029, -18.3743)","(-4.4546, -3.1057)","(-8.404, -10.7918)","(17.5018, 18.1226)","(0.0269, 4.3489)","(26.3679, -0.5022)","(-0.1929, 2.1961)","(-30.7243, -6.1595)","(-14.4074, -8.6142)","(-13.3861, -9.104)","(1.6021, -2.8534)","(-5.3204, 11.5127)","(-1.9243, -7.7005)","(-1.8353, -2.9586)","(-1.914, -16.4419)","(-3.6066, 0.8343)","(2.0258, -11.983)"
4.250000000000000000e+01,"(-9.2094, 16.9897)","(8.5252, 23.6377)","(6.5526, -0.1561)","(-13.5158, -21.0086)","(-9.1899, -6.4321)","(-2.9217, -3.534)","(10.6019, 9.4841)","(-0.3632, 5.3778)","(23.3178, -1.6044)","(-0.5583, 5.876)","(-24.5117, -3.0349)","(-5.7077, -2.4627)","(-15.5666, -10.2689)","(0.3575, -0.7711)","(-2.4972, 5.7795)","(-0.7786, -2.6558)","(-3.8017, -6.3264)","(-4.1005, -31.7375)","(-6.7779, 1.5821)","(0.2698, -3.9708)"
4.260000000000000142e+01,"(-9.9702, 19.3143)","(7.0199, 16.852)","(11.8538, -0.2672)","(-6.852, -8.7172)","(-17.2337, -11.9351)","(-2.39, -3.8028)","(4.1335, 3.2048)","(-0.9905, 11.3791)","(8.4482, -1.6427)","(-1.582, 16.4739)","(-10.0106, 0.831)","(-3.0041, -0.8056)","(-11.6005, -7.1369)","(0.2288, -0.6932)","(-1.9931, 4.0886)","(-0.2224, -0.8914)","(-8.4149, -14.0528)","(-3.7999, -15.5323)","(-13.5761, 3.1573)","(-0.0851, -1.572)"
4.270000000000000284e+01,"(-5.8191, 12.5418)","(3.6636, 7.9575)","(18.8228, -0.5464)","(-2.3885, -2.8338)","(-17.2613, -11.0687)","(-6.6618, -11.3029)","(1.3634, 1.1684)","(-2.0061, 23.4434)","(2.154, -0.5341)","(-2.5974, 32.0895)","(-8.885, 1.852)","(-4.0002, -0.7782)","(-7.3943, -4.4483)","(0.4837, -1.5513)","(-3.114, 5.823)","(-0.139, -0.9216)","(-13.5998, -21.9385)","(-2.5352, -5.918)","(-21.612, 5.267)","(-0.312, -2.7378)"
4.280000000000000426e+01,"(-3.8641, 8.1418)","(2.8575, 7.4727)","(17.4632, -1.0483)","(-1.2589, -1.8948)","(-7.8777, -4.0924)","(-17.9992, -30.3095)","(1.7413, 1.8185)","(-1.0455, 23.1345)","(0.3401, -0.079)","(0.7016, 14.9555)","(-17.8442, 4.0698)","(-6.8925, -1.3025)","(-6.742, -4.3539)","(1.2869, -4.098)","(-5.7933, 10.5838)","(-0.2272, -1.7938)","(-8.5299, -11.564)","(-3.0077, -5.2254)","(-15.6393, 4.6581)","(-0.8369, -7.3283)"
4.290000000000000568e+01,"(-5.4276, 10.2604)","(5.2803, 15.201)","(8.8744, -1.0465)","(-2.7298, -4.5607)","(-2.653, -1.1445)","(-12.8055, -17.1091)","(4.1785, 4.5188)","(0.6378, 9.0499)","(0.2874, -0.0076)","(1.7557, 7.4055)","(-29.5728, 7.1999)","(-12.7844, -2.4288)","(-9.5699, -6.4836)","(3.6341, -11.5233)","(-9.5484, 17.6323)","(-0.4741, -3.9064)","(-3.5126, -3.7434)","(-6.2281, -10.4249)","(-6.1649, 2.4025)","(-2.3818, -20.9004)"
4.300000000000000000e+01,"(-9.6441, 17.7381)","(9.5941, 27.098)","(3.8703, -0.5122)","(-7.4527, -12.6324)","(-0.7786, -0.2555)","(-7.6088, -6.6916)","(10.9755, 11.9306)","(0.4316, 2.7205)","(1.052, -0.0039)","(2.7443, 8.1009)","(-14.8467, 5.13)","(-19.8973, -3.603)","(-14.613, -9.9487)","(8.3699, -27.204)","(-8.4314, 16.8537)","(-1.0719, -8.9519)","(-1.7707, -1.4409)","(-13.0923, -21.7296)","(-1.8944, 0.8175)","(-4.6084, -32.7396)"
4.310000000000000142e+01,"(-10.9368, 21.1359)","(7.2605, 16.5884)","(2.6614, -0.1924)","(-16.7687, -27.8391)","(-0.8022, -0.1697)","(-9.6011, -6.8921)","(21.2241, 22.4501)","(0.3834, 1.315)","(4.1419, -0.0028)","(4.5115, 12.78)","(-4.7793, 2.0767)","(-16.5563, -2.3416)","(-16.0351, -10.4795)","(4.6618, -20.3085)","(-3.5787, 8.4733)","(-2.3314, -18.9124)","(-2.6891, -1.8993)","(-12.9633, -19.4054)","(-0.5559, 0.2061)","(-3.9902, -12.0777)"
4.320000000000000284e+01,"(-5.2407, 11.8721)","(3.0948, 5.7096)","(3.9236, -0.1263)","(-10.8202, -14.3094)","(-1.6622, -0.3276)","(-19.5417, -13.6914)","(11.7981, 9.9971)","(0.8613, 2.5601)","(17.3207, 0.0036)","(6.8061, 18.8733)","(-1.9035, 0.5829)","(-7.7619, -0.6052)","(-10.4791, -6.2632)","(0.255, -8.5982)","(-1.487, 3.6064)","(-3.4426, -22.8002)","(-5.5372, -3.8847)","(-5.7111, -6.5962)","(-0.6695, 0.1686)","(-3.7694, -7.17)"
4.330000000000000426e+01,"(-2.7522, 6.1281)","(1.0651, 2.4697)","(7.3238, -0.1594)","(-5.9225, -5.3478)","(-3.9704, -0.7911)","(-23.0144, -15.0297)","(5.7838, 3.3722)","(2.3027, 6.8709)","(46.639, -0.7366)","(6.5957, 16.6794)","(-5.1315, 1.1572)","(-3.1826, -0.231)","(-6.1853, -3.6701)","(-0.7469, -7.3841)","(-1.3723, 2.7488)","(-2.5658, -10.083)","(-12.3262, -8.6663)","(-1.781, -1.7419)","(-1.4709, 0.339)","(-5.8163, -9.6524)"
4.340000000000000568e+01,"(-4.067, 7.6621)","(1.9842, 5.7864)","(14.0749, -0.292)","(-6.6276, -4.7734)","(-10.066, -2.0195)","(-9.969, -5.0649)","(6.0837, 2.6816)","(6.4681, 19.3045)","(19.4064, -5.2499)","(4.0224, 9.0466)","(-16.9583, 3.6935)","(-2.3173, -0.3366)","(-6.01, -3.9215)","(-1.3836, -10.5309)","(-2.5295, 4.6531)","(-1.4056, -3.5429)","(-21.1268, -14.4735)","(-1.0936, -0.8324)","(-3.5471, 0.8017)","(-9.7943, -16.0165)"
4.350000000000000000e+01,"(-8.772, 15.8715)","(5.7799, 17.3389)","(21.0357, -0.6822)","(-12.0728, -8.4181)","(-22.7632, -4.4539)","(-3.3211, -1.7433)","(10.5741, 4.4495)","(11.0819, 30.54)","(16.9878, -7.4187)","(2.4337, 5.8173)","(-39.715, 9.2209)","(-3.751, -0.6881)","(-9.4473, -6.4609)","(-2.1671, -16.0565)","(-5.2832, 9.5488)","(-1.3828, -2.4636)","(-13.8095, -8.0897)","(-2.564, -1.8315)","(-9.0031, 2.0213)","(-11.9225, -18.6556)"
4.360000000000000142e+01,"(-13.3073, 24.8827)","(12.4156, 35.3914)","(15.2282, -1.2236)","(-20.2229, -13.8585)","(-23.0474, -3.495)","(-4.5578, -3.1369)","(18.8762, 7.8704)","(6.2783, 11.034)","(17.1839, -8.5268)","(2.7825, 7.58)","(-15.4196, 6.8489)","(-7.4489, -1.4331)","(-15.4941, -10.6155)","(-2.8323, -18.8958)","(-10.0018, 18.2327)","(-2.2066, -3.6305)","(-5.324, -2.315)","(-7.8299, -5.6168)","(-20.8964, 4.7721)","(-7.623, -10.6303)"
4.370000000000000284e+01,"(-5.9154, 13.7563)","(7.4776, 13.4749)","(6.4222, -0.969)","(-15.9658, -9.8171)","(-8.8308, -0.008)","(-13.5094, -9.6533)","(20.3376, 7.8147)","(4.8804, 5.9596)","(12.9096, -6.8744)","(4.7636, 13.5392)","(-9.8423, 6.6309)","(-15.0291, -2.8959)","(-16.826, -10.9626)","(-2.4824, -13.2883)","(-9.6076, 18.989)","(-3.9111, -6.4353)","(-2.2615, -0.6486)","(-23.4287, -16.7262)","(-23.9948, 6.3527)","(-3.9996, -5.505)"
4.380000000000000426e+01,"(-1.723, 4.9099)","(5.6761, 7.0033)","(2.2431, -0.3723)","(-6.9866, -3.6615)","(-4.7094, 0.7406)","(-31.5227, -22.0312)","(10.2704, 3.1349)","(6.9947, 7.4888)","(10.475, -5.4981)","(7.5015, 20.8651)","(-13.9803, 10.5467)","(-22.2524, -3.9559)","(-9.8379, -5.6998)","(-1.5734, -7.7881)","(-3.444, 8.6868)","(-7.1674, -11.7975)","(-3.0415, -0.6109)","(-23.7036, -14.8351)","(-8.9798, 3.7714)","(-3.8766, -6.0611)"
4.390000000000000568e+01,"(-0.939, 2.0186)","(8.9459, 9.6688)","(1.1899, -0.1014)","(-3.4239, -2.0297)","(-5.8411, 1.3543)","(-15.3261, -7.484)","(4.3489, 1.2884)","(11.6448, 12.2978)","(12.9769, -6.4144)","(6.5795, 16.1141)","(-20.073, 15.6223)","(-14.2561, -1.6518)","(-5.032, -2.8834)","(-1.1254, -6.8265)","(-0.9267, 2.9166)","(-10.5981, -17.0123)","(-6.1297, -1.1955)","(-11.4506, -3.9011)","(-4.0913, 2.5525)","(-6.9865, -11.497)"
4.400000000000000000e+01,"(-2.4417, 4.3966)","(16.815, 17.8843)","(1.8493, -0.0558)","(-5.4508, -3.745)","(-9.4483, 2.2569)","(-9.0215, -2.514)","(3.893, 1.5043)","(15.2933, 15.6904)","(18.195, -8.8789)","(3.4581, 7.2843)","(-13.2483, 11.455)","(-5.5019, -0.1703)","(-4.6717, -3.0428)","(-1.3768, -9.9823)","(-0.185, 0.7579)","(-8.558, -12.5222)","(-13.6533, -2.6831)","(-11.2609, -2.3727)","(-4.486, 3.3664)","(-12.4255, -20.3152)"
4.410000000000000142e+01,"(-7.241, 12.7771)","(16.7172, 16.4298)","(3.7461, -0.0707)","(-12.7256, -8.9687)","(-15.6516, 3.7621)","(-13.2317, -2.6643)","(7.6858, 3.2377)","(10.7105, 10.0087)","(17.672, -9.0813)","(1.7196, 3.9785)","(-6.4923, 5.9024)","(-1.5986, 0.0396)","(-7.9672, -5.4875)","(-2.1746, -16.3528)","(-0.0626, 0.5326)","(-4.2465, -5.4982)","(-24.6398, -4.5974)","(-16.9016, -3.1361)","(-6.9558, 5.3338)","(-11.2308, -16.6663)"
4.420000000000000284e+01,"(-16.9424, 30.4973)","(7.5895, 6.2693)","(8.2141, -0.1301)","(-24.1417, -16.6666)","(-18.963, 4.8852)","(-26.3497, -5.0712)","(16.9195, 7.2028)","(5.6229, 5.016)","(11.3657, -6.2661)","(2.0256, 5.5775)","(-7.3306, 5.8283)","(-0.4728, 0.0589)","(-14.8872, -10.3186)","(-2.9727, -20.0835)","(-0.1007, 1.0951)","(-1.772, -2.3031)","(-17.4716, -2.1593)","(-21.2894, -3.6341)","(-11.4927, 8.8205)","(-5.2537, -6.5904)"
4.430000000000000426e+01,"(-6.8638, 16.8688)","(3.3211, 3.0049)","(17.283, -0.3085)","(-14.9107, -8.5199)","(-12.3713, 3.7819)","(-23.7171, -3.3852)","(24.9527, 10.0656)","(4.6161, 4.5727)","(9.3337, -4.8825)","(3.941, 11.3814)","(-15.2753, 11.5646)","(-0.5755, 0.1263)","(-19.025, -12.6387)","(-2.5729, -13.3308)","(-0.2523, 2.7038)","(-1.2437, -1.8727)","(-6.4933, -0.0204)","(-15.4171, -2.029)","(-15.0661, 11.8439)","(-2.0451, -2.7096)"
4.440000000000000568e+01,"(-1.7145, 8.9391)","(5.4466, 5.7725)","(23.3465, -0.9015)","(-5.6817, -2.2821)","(-6.1298, 2.0659)","(-9.0414, -0.33)","(12.6141, 3.7441)","(7.5756, 7.9831)","(13.3855, -6.507)","(7.5519, 21.5909)","(-23.0322, 17.9566)","(-1.2065, 0.2757)","(-10.9242, -6.2446)","(-1.4996, -6.9149)","(-0.6871, 7.2221)","(-1.8889, -3.0652)","(-2.4158, 0.2982)","(-9.2886, -1.1106)","(-11.0419, 9.3652)","(-2.3409, -3.755)"
4.450000000000000000e+01,"(-1.0183, 10.6401)","(13.9161, 15.0898)","(11.9861, -1.4531)","(-2.9577, -0.7477)","(-4.2229, 1.2359)","(-3.2778, -0.3084)","(4.4207, 0.8128)","(13.9158, 14.7532)","(20.1438, -9.7577)","(7.8132, 19.7482)","(-10.8274, 10.1164)","(-2.8502, 0.6452)","(-4.4628, -2.3049)","(-0.9362, -5.4929)","(-1.7614, 18.8015)","(-3.5997, -5.9516)","(-2.8046, 0.6197)","(-9.5145, -1.5513)","(-5.6003, 5.1069)","(-5.3283, -8.9258)"
4.460000000000000142e+01,"(-1.631, 19.3401)","(22.9921, 23.8993)","(4.1922, -0.9863)","(-5.3424, -1.0731)","(-5.8102, 1.4513)","(-6.5496, -1.2674)","(1.7603, 0.1023)","(16.0646, 16.1722)","(17.4014, -9.1321)","(3.9742, 7.7479)","(-3.6588, 3.729)","(-7.1406, 1.6054)","(-2.3833, -1.4459)","(-1.1389, -8.3597)","(-2.0388, 28.9235)","(-7.1145, -11.7818)","(-5.5199, 1.2715)","(-15.7684, -2.9085)","(-3.5302, 3.0581)","(-12.4459, -20.8223)"
4.470000000000000284e+01,"(-1.6542, 25.4838)","(10.5445, 8.1397)","(1.9181, -0.7415)","(-13.4666, -2.7083)","(-10.3701, 2.4632)","(-19.9285, -4.0835)","(2.7608, -0.0271)","(8.5133, 7.3937)","(9.3988, -5.3935)","(1.3273, 2.3261)","(-3.3127, 2.654)","(-17.2002, 3.8997)","(-3.8074, -2.6115)","(-1.9475, -15.1174)","(0.7985, 12.1456)","(-11.2257, -18.1294)","(-12.3189, 2.8151)","(-23.1599, -4.1113)","(-4.3218, 3.4254)","(-14.1806, -21.6698)"
4.480000000000000426e+01,"(0.0855, 13.8146)","(4.7376, 2.6441)","(2.555, -1.1888)","(-29.6459, -5.7409)","(-17.7468, 4.2522)","(-37.9396, -6.9804)","(6.6768, -0.0774)","(3.5153, 2.9636)","(7.7607, -4.0425)","(0.3333, 0.704)","(-9.1714, 6.8239)","(-25.7801, 6.409)","(-8.3525, -5.8661)","(-3.0435, -21.7443)","(1.4764, 6.0533)","(-8.9091, -12.9451)","(-23.5367, 5.5541)","(-16.9916, -2.2189)","(-7.3379, 5.6308)","(-6.4335, -7.2046)"
4.490000000000000568e+01,"(0.1368, 5.9592)","(6.1413, 2.701)","(4.5968, -2.1636)","(-19.538, -2.1392)","(-19.1674, 5.0861)","(-14.91, 0.1647)","(17.5673, -0.1878)","(2.8414, 2.8447)","(13.0942, -6.2591)","(0.4334, 1.2297)","(-24.7293, 18.404)","(-11.6633, 4.2713)","(-17.8491, -12.4877)","(-2.8851, -15.2507)","(2.2713, 6.6506)","(-4.1017, -5.0664)","(-18.7696, 5.4674)","(-8.3437, -0.7774)","(-12.6672, 9.6992)","(-3.2351, -2.7164)"
4.500000000000000000e+01,"(-0.3855, 6.2143)","(15.112, 6.5358)","(9.1266, -4.274)","(-7.583, 0.4983)","(-10.2755, 3.3868)","(-9.2894, 1.6189)","(31.1152, -0.8625)","(5.6319, 6.016)","(22.2792, -10.6549)","(1.0887, 3.2277)","(-19.1495, 16.4818)","(-4.5243, 2.5416)","(-20.2221, -13.1569)","(-1.65, -6.805)","(3.5503, 9.9938)","(-1.3807, -1.5751)","(-6.7871, 2.8976)","(-6.6789, -1.0066)","(-15.7261, 12.4441)","(-4.668, -3.3203)"
4.510000000000000142e+01,"(-1.2281, 13.8818)","(31.0354, 13.0202)","(16.7214, -7.9097)","(-5.7317, 1.1505)","(-4.432, 1.5865)","(-15.3412, 3.4777)","(13.9555, -2.1496)","(12.7817, 13.7644)","(17.8597, -9.5342)","(3.0832, 9.232)","(-6.1523, 8.0092)","(-3.8864, 2.8386)","(-8.7866, -4.3612)","(-0.7393, -3.6802)","(5.4831, 15.3138)","(-0.3636, -0.4377)","(-2.3005, 1.3371)","(-11.9299, -2.238)","(-9.8531, 8.5956)","(-10.189, -7.1787)"
4.520000000000000284e+01,"(-2.4131, 28.5407)","(16.2385, 4.7144)","(18.2042, -9.2097)","(-10.4124, 2.3886)","(-2.9361, 0.8589)","(-28.23, 6.6945)","(6.1269, -2.0683)","(19.3903, 20.0719)","(7.6261, -4.7074)","(8.2691, 24.4948)","(-4.4343, 7.5779)","(-5.6254, 4.3142)","(-3.1827, -1.1377)","(-0.7063, -5.023)","(6.5308, 17.3361)","(-0.2396, -0.3681)","(-2.2531, 1.6519)","(-22.9775, -4.3602)","(-4.4573, 4.1926)","(-21.2355, -14.8135)"
4.530000000000000426e+01,"(-0.3362, 20.4158)","(6.6145, 0.7922)","(8.7712, -5.2721)","(-21.506, 4.9849)","(-4.4875, 1.1)","(-19.0023, 5.8684)","(6.4186, -2.9209)","(9.9829, 8.3816)","(4.9595, -2.6658)","(9.7091, 24.6469)","(-8.6249, 15.4494)","(-9.2666, 7.1058)","(-2.5831, -0.5714)","(-1.2531, -10.0107)","(4.8838, 11.6269)","(-0.4522, -0.7466)","(-4.2819, 3.2253)","(-22.754, -3.4518)","(-2.6867, 2.3382)","(-18.6389, -11.5958)"
4.540000000000000568e+01,"(0.8476, 7.1936)","(6.2447, 0.0168)","(3.0707, -2.1064)","(-24.531, 6.4899)","(-8.7868, 2.0539)","(-6.7264, 2.7214)","(11.1555, -5.2491)","(3.7787, 2.4666)","(9.5854, -4.5258)","(5.5788, 8.6193)","(-14.5651, 26.9127)","(-13.918, 10.7874)","(-4.8964, -0.9605)","(-2.4844, -19.7494)","(2.8894, 6.6134)","(-0.9998, -1.6722)","(-9.4719, 7.1076)","(-9.6499, -0.5655)","(-3.567, 2.8055)","(-7.3539, -3.3219)"
4.550000000000000000e+01,"(0.5364, 2.2979)","(14.2416, -0.1613)","(0.88, -0.608)","(-9.987, 3.8052)","(-17.0693, 3.999)","(-3.5428, 1.0381)","(19.2248, -9.1508)","(2.3148, 1.1052)","(21.5927, -10.0442)","(5.2475, 6.0025)","(-6.4458, 15.052)","(-13.3368, 10.8777)","(-11.1928, -2.2141)","(-3.4985, -22.8101)","(2.2199, 5.6336)","(-2.3736, -3.9893)","(-18.5494, 14.0829)","(-3.435, -0.2211)","(-6.5205, 4.9729)","(-2.6405, -0.8353)"
4.560000000000000142e+01,"(0.9976, 3.0305)","(31.4473, -0.5624)","(0.4453, -0.2446)","(-3.0076, 1.3432)","(-21.7471, 5.565)","(-9.0487, 2.0518)","(18.3334, -9.4763)","(4.3662, 1.8774)","(24.1341, -12.2689)","(7.7677, 8.2201)","(-1.7051, 5.1902)","(-7.5066, 6.685)","(-23.5583, -4.5498)","(-2.5533, -10.4579)","(2.9286, 8.0823)","(-5.7497, -9.669)","(-15.9737, 13.3011)","(-3.7767, -0.6562)","(-12.2652, 9.325)","(-3.1002, -0.6478)"
4.570000000000000284e+01,"(2.7811, 8.3436)","(20.1201, -2.0674)","(0.8007, -0.3816)","(-0.8578, 0.2983)","(-11.5495, 3.8461)","(-26.4612, 5.868)","(8.3945, -5.1003)","(10.7021, 4.6139)","(8.6122, -5.8791)","(11.9812, 12.552)","(-0.65, 1.4946)","(-4.009, 3.6043)","(-22.0739, -3.233)","(-1.0944, -3.4787)","(4.768, 13.4417)","(-11.8554, -19.6238)","(-5.5505, 5.8384)","(-9.3752, -1.8653)","(-16.9559, 13.2742)","(-7.2453, -1.4526)"
4.580000000000000426e+01,"(8.2518, 24.714)","(7.1713, -1.9512)","(1.7426, -0.8106)","(-1.757, 0.4088)","(-4.1681, 1.713)","(-30.5824, 8.2835)","(3.7362, -2.2354)","(24.4499, 10.4143)","(2.3513, -1.9144)","(13.8745, 14.0422)","(-1.9223, 3.4391)","(-3.5955, 2.9515)","(-8.4329, -0.1134)","(-0.2658, -0.8694)","(6.746, 18.4761)","(-11.3487, -16.9428)","(-1.664, 2.2164)","(-24.0392, -4.8041)","(-10.6787, 9.3205)","(-19.0183, -3.8285)"
4.590000000000000568e+01,"(11.2582, 29.3055)","(4.4015, -1.8544)","(4.0841, -1.8856)","(-5.2165, 1.1505)","(-1.2102, 0.4979)","(-10.6798, 5.5252)","(4.1884, -2.0864)","(21.5834, 7.8023)","(0.9176, -0.9514)","(9.5643, 8.9456)","(-6.5897, 11.532)","(-5.4161, 4.2051)","(-3.3187, 0.4066)","(-0.0932, -0.5794)","(5.8233, 14.3215)","(-5.1533, -5.8222)","(-1.2426, 2.1424)","(-28.2924, -4.5055)","(-4.2269, 4.1678)","(-31.2262, -5.6021)"
4.600000000000000000e+01,"(6.7813, 10.2264)","(9.1989, -4.2087)","(9.831, -4.5317)","(-16.6076, 3.6296)","(-0.7186, 0.2055)","(-7.5294, 5.311)","(8.6528, -4.054)","(8.3397, 1.5375)","(1.9866, -2.2334)","(5.685, 5.243)","(-18.9885, 33.7005)","(-9.406, 7.1976)","(-3.8167, 0.8432)","(-0.1654, -1.365)","(3.3439, 7.3916)","(-2.9225, -2.4308)","(-2.2535, 4.061)","(-10.5988, 0.1652)","(-1.697, 1.6141)","(-13.0951, -0.4458)"
4.610000000000000142e+01,"(6.6892, 7.5811)","(23.7711, -10.9142)","(20.2781, -9.4991)","(-36.199, 8.4792)","(-1.4216, 0.3348)","(-14.3317, 10.7226)","(18.5012, -8.6319)","(4.9002, 0.1753)","(6.5238, -7.3083)","(5.3684, 5.3839)","(-7.3149, 18.7859)","(-14.5489, 11.2518)","(-7.501, 1.728)","(-0.4175, -3.6169)","(1.9447, 4.609)","(-3.6911, -2.5892)","(-5.0126, 8.994)","(-5.8325, 0.9831)","(-1.6987, 1.3701)","(-6.2225, 0.8274)"
4.620000000000000284e+01,"(11.183, 11.9168)","(25.9374, -13.3237)","(18.7524, -9.7846)","(-14.495, 6.1147)","(-3.3125, 0.7532)","(-24.5954, 18.9187)","(22.8701, -11.4111)","(7.6469, -0.1212)","(20.9485, -23.5771)","(8.3555, 8.7625)","(-2.0735, 12.818)","(-13.5313, 11.086)","(-16.2873, 3.7421)","(-1.1627, -10.2283)","(2.1121, 5.7073)","(-5.7865, -3.9774)","(-10.4491, 18.8933)","(-9.0248, 2.0508)","(-3.2075, 2.4449)","(-7.5337, 1.6858)"
4.630000000000000426e+01,"(16.8715, 17.5663)","(8.4379, -6.5124)","(6.6994, -4.6885)","(-8.7729, 5.7912)","(-8.2756, 1.8617)","(-12.1374, 11.2554)","(9.5151, -6.0471)","(15.5633, -0.2747)","(16.5445, -21.7457)","(13.5383, 14.2055)","(-1.5019, 16.9384)","(-7.0301, 6.3788)","(-25.3041, 6.2262)","(-3.0579, -25.8639)","(3.4977, 9.9119)","(-9.7695, -6.7291)","(-10.5609, 20.7549)","(-18.8549, 4.3436)","(-6.8516, 5.1579)","(-14.3427, 3.3299)"
4.640000000000000568e+01,"(12.7591, 12.0546)","(4.2351, -4.3845)","(2.712, -2.5838)","(-10.7691, 8.1612)","(-19.5723, 4.4536)","(-3.7304, 4.0558)","(2.9108, -2.2552)","(25.7813, -0.7366)","(5.3965, -12.5685)","(14.0951, 14.0385)","(-1.7353, 24.1225)","(-3.4139, 3.1378)","(-13.6936, 4.5639)","(-4.1832, -24.202)","(6.0051, 16.9858)","(-14.683, -9.9768)","(-3.3199, 8.9075)","(-26.7364, 6.7206)","(-14.2126, 10.7297)","(-24.2621, 5.8481)"
4.650000000000000000e+01,"(6.3233, 5.5353)","(7.2295, -8.2198)","(2.8161, -3.216)","(-15.3257, 11.8917)","(-25.2693, 6.5028)","(-1.7607, 1.5045)","(0.9618, -0.9465)","(16.6338, -1.5619)","(4.3971, -14.0193)","(8.0911, 7.2513)","(-0.5359, 18.3094)","(-2.9161, 2.4063)","(-4.6367, 2.1227)","(-3.4, -8.9127)","(7.1593, 18.8973)","(-14.0301, -8.9863)","(-0.7817, 3.2485)","(-12.535, 4.441)","(-18.5022, 14.6014)","(-17.5581, 5.249)"
4.660000000000000142e+01,"(5.0245, 4.9857)","(16.6372, -19.0305)","(4.3694, -5.1073)","(-15.0338, 12.2214)","(-9.9923, 3.9884)","(-5.208, 3.8711)","(1.4141, -1.5987)","(6.1097, -1.1237)","(5.735, -19.7166)","(4.2818, 3.8835)","(-0.0485, 10.033)","(-4.5467, 3.5209)","(-1.5025, 0.9104)","(-3.5805, -6.4218)","(4.6314, 10.3979)","(-8.1089, -4.6905)","(-0.3004, 2.6918)","(-4.0522, 1.7696)","(-8.7403, 8.1635)","(-6.8105, 2.6348)"
4.670000000000000284e+01,"(9.2658, 9.8491)","(17.2523, -21.4304)","(7.5486, -8.8038)","(-9.3023, 8.1011)","(-4.1744, 2.4979)","(-17.4975, 12.8431)","(3.5228, -3.9976)","(1.7573, -0.3032)","(5.047, -19.1433)","(4.4418, 4.5144)","(-0.6091, 10.3682)","(-8.3433, 6.3555)","(-1.7799, 1.3124)","(-5.2847, -8.6453)","(2.1925, 4.619)","(-4.1848, -2.3922)","(-0.4237, 4.8487)","(-1.1991, 0.4225)","(-2.7676, 3.1632)","(-2.7473, 0.9338)"
4.680000000000000426e+01,"(17.7892, 18.884)","(5.1157, -8.7142)","(11.6115, -13.6997)","(-6.8326, 5.759)","(-4.2197, 3.1345)","(-31.9437, 24.6979)","(9.7753, -11.0573)","(1.6091, -0.0685)","(2.8397, -12.2921)","(7.9189, 8.3936)","(-1.5824, 19.3114)","(-14.2822, 10.9462)","(-3.8972, 2.914)","(-8.0831, -13.1005)","(1.3331, 3.292)","(-3.3388, -2.1222)","(-0.9271, 10.4275)","(-2.301, 0.5391)","(-0.9254, 1.3753)","(-4.0971, 1.0001)"
4.690000000000000568e+01,"(15.448, 14.8276)","(1.3439, -3.0503)","(10.8376, -13.5109)","(-9.1787, 7.2007)","(-6.6158, 5.0596)","(-9.953, 12.1704)","(20.6157, -23.8299)","(4.011, -0.0538)","(2.5545, -9.9413)","(14.3606, 15.2038)","(-1.8466, 27.2784)","(-15.1656, 12.2243)","(-9.7778, 7.2803)","(-10.198, -16.0935)","(1.8591, 5.1903)","(-4.7268, -3.2023)","(-1.8197, 21.2654)","(-6.785, 1.4982)","(-1.0664, 1.8986)","(-10.02, 2.27)"
4.700000000000000000e+01,"(6.4646, 5.0891)","(1.1753, -3.625)","(5.6174, -7.7572)","(-15.0215, 11.5745)","(-11.3431, 8.6768)","(-6.4832, 10.8423)","(9.8024, -14.0727)","(11.2387, -0.0986)","(4.1376, -14.2981)","(15.2201, 15.1504)","(0.0992, 14.8296)","(-7.8328, 7.1234)","(-21.1566, 15.9606)","(-8.1228, -11.9297)","(3.5419, 10.1975)","(-8.1458, -5.6172)","(-1.1757, 22.7791)","(-20.9753, 4.6061)","(-2.0439, 3.693)","(-24.0515, 5.4721)"
4.710000000000000142e+01,"(2.0836, 1.7466)","(3.1699, -9.9984)","(2.7, -3.808)","(-17.1196, 13.695)","(-15.6956, 12.2737)","(-9.9382, 18.0232)","(3.1738, -7.1416)","(28.4219, -0.3759)","(6.3483, -21.86)","(7.6714, 6.556)","(0.1361, 6.3543)","(-3.2135, 3.1129)","(-15.9781, 13.6445)","(-4.9616, -6.9814)","(6.589, 18.7987)","(-13.564, -9.312)","(0.5199, 9.5186)","(-34.6043, 8.5812)","(-4.4659, 8.0272)","(-25.2994, 6.896)"
4.720000000000000284e+01,"(2.6868, 2.822)","(9.1514, -29.0594)","(2.2193, -2.8175)","(-9.908, 8.7611)","(-11.6488, 9.8654)","(-12.1437, 23.1914)","(2.4057, -7.5569)","(23.4486, -1.843)","(4.8379, -19.0752)","(3.0267, 2.5172)","(-0.5178, 7.5532)","(-1.8893, 1.6437)","(-5.0579, 5.9882)","(-3.871, -5.8215)","(7.5397, 19.6216)","(-15.684, -10.3183)","(0.4992, 3.1276)","(-12.3662, 5.9271)","(-9.2285, 16.689)","(-8.8428, 4.0135)"
4.730000000000000426e+01,"(7.3, 7.9493)","(6.3176, -26.1857)","(3.347, -3.9715)","(-5.5865, 4.9339)","(-5.5855, 5.1682)","(-5.7982, 13.1218)","(3.6906, -12.3235)","(9.0785, -2.5969)","(2.1665, -10.2639)","(2.2511, 2.2359)","(-1.6529, 18.2164)","(-2.6954, 2.1068)","(-2.548, 4.1147)","(-5.124, -8.206)","(4.2757, 8.9464)","(-9.9205, -5.8577)","(0.5429, 1.8131)","(-8.351, 5.7651)","(-10.7456, 20.6847)","(-4.0898, 2.6508)"
4.740000000000000568e+01,"(19.6631, 21.3475)","(0.1414, -11.5507)","(6.0233, -7.0152)","(-6.7437, 5.3417)","(-3.1872, 2.8101)","(-3.1308, 6.8886)","(5.7641, -19.635)","(7.233, -3.1586)","(2.0779, -8.0637)","(4.3285, 4.6141)","(-2.5366, 32.7166)","(-5.1542, 3.9161)","(-3.486, 6.306)","(-8.2226, -13.369)","(1.6628, 3.0968)","(-4.7464, -2.6123)","(1.0655, 3.1141)","(-11.6017, 8.8187)","(-4.0565, 10.0035)","(-5.7273, 4.2768)"
4.750000000000000000e+01,"(18.7303, 17.9495)","(-1.1831, -11.1768)","(10.5075, -12.2643)","(-12.6261, 9.6246)","(-3.8266, 3.0384)","(-5.379, 9.9829)","(4.9152, -18.8178)","(11.1034, -5.2426)","(4.0274, -13.5883)","(9.9423, 10.7227)","(0.6043, 15.3051)","(-10.3847, 7.8512)","(-6.4808, 11.7784)","(-10.7758, -17.0615)","(0.5383, 1.1541)","(-2.7808, -1.6765)","(2.351, 6.8867)","(-16.9426, 13.1456)","(-1.0216, 3.6079)","(-12.0251, 9.0369)"
4.760000000000000142e+01,"(8.7207, 5.4434)","(-2.4715, -19.7121)","(12.5884, -15.239)","(-19.6164, 15.2058)","(-6.7574, 5.1702)","(-12.0011, 21.6688)","(2.0657, -10.0304)","(18.0073, -8.6131)","(7.1073, -23.9579)","(18.5855, 19.6578)","(0.8681, 5.1475)","(-17.0662, 13.1407)","(-10.5857, 19.5671)","(-8.2106, -11.9211)","(0.5759, 1.5855)","(-3.3532, -2.2389)","(5.4217, 15.8916)","(-14.6025, 12.0917)","(-0.28, 2.0013)","(-21.3334, 16.3454)"
4.770000000000000284e+01,"(7.8104, 3.5507)","(-3.7701, -25.9085)","(7.3405, -9.878)","(-12.873, 11.1685)","(-12.432, 9.4696)","(-12.3887, 24.3834)","(1.2469, -5.5769)","(18.2875, -9.3426)","(4.995, -20.1338)","(12.8634, 11.7729)","(0.9081, 3.0005)","(-13.1712, 11.1132)","(-8.0704, 16.5471)","(-4.5432, -6.2236)","(1.1932, 3.4717)","(-5.7347, -3.952)","(9.0495, 25.1526)","(-7.9165, 7.0746)","(-0.27, 3.0751)","(-13.3864, 11.7628)"
4.780000000000000426e+01,"(14.0134, 5.9421)","(-3.0188, -13.7631)","(3.0785, -4.527)","(-5.1552, 5.0071)","(-16.8055, 13.1856)","(-3.6238, 9.9082)","(1.9073, -6.7551)","(9.703, -5.6289)","(1.5089, -8.698)","(5.1731, 3.6029)","(2.3795, 7.1521)","(-5.1172, 5.0957)","(-3.0252, 7.5119)","(-3.2152, -4.7831)","(2.8337, 8.3497)","(-10.5195, -7.2895)","(5.8977, 12.6575)","(-6.1708, 5.1453)","(-0.5203, 6.0209)","(-4.3615, 4.7407)"
4.790000000000000568e+01,"(23.9761, 9.9191)","(-1.4087, -6.2223)","(1.6306, -2.2305)","(-3.3091, 2.8141)","(-10.5804, 9.2315)","(-1.0308, 2.8321)","(3.8172, -12.6881)","(5.3297, -3.0246)","(1.1173, -4.7543)","(2.555, 1.3045)","(7.4009, 22.303)","(-1.5686, 1.7107)","(-1.2785, 3.0628)","(-4.3783, -7.0392)","(6.5566, 19.1817)","(-16.1824, -11.0084)","(2.7651, 4.2953)","(-9.752, 7.5423)","(-1.1135, 12.6929)","(-1.0461, 1.2569)"
4.800000000000000000e+01,"(17.9616, 6.3036)","(-1.102, -7.7845)","(1.9981, -2.422)","(-6.316, 4.818)","(-4.3446, 4.2199)","(-1.6778, 3.1092)","(6.5172, -21.9937)","(6.4779, -3.2055)","(2.6276, -8.7464)","(3.9454, 1.6975)","(12.6882, 34.5411)","(-0.405, 0.4292)","(-1.5774, 3.0381)","(-7.6513, -12.5431)","(8.986, 24.0246)","(-13.8629, -8.7013)","(2.1284, 2.4747)","(-17.1436, 13.1345)","(-1.7783, 22.3621)","(-0.2111, 0.2956)"
4.810000000000000142e+01,"(7.4149, 2.0244)","(-2.1781, -18.0226)","(3.5905, -4.1892)","(-14.6548, 10.9894)","(-2.0458, 1.8666)","(-5.6098, 9.8598)","(4.746, -18.9142)","(12.3128, -5.8109)","(6.4736, -20.9312)","(8.6049, 3.6797)","(7.651, 11.8565)","(-0.2822, 0.2326)","(-3.3656, 6.1)","(-11.3721, -18.2603)","(4.9246, 9.4462)","(-6.8681, -3.762)","(3.5623, 3.8149)","(-17.3002, 14.0666)","(-0.591, 18.1863)","(-0.2204, 0.3816)"
4.820000000000000284e+01,"(3.8918, 1.3588)","(-4.1617, -31.0192)","(7.0092, -8.1075)","(-23.0308, 17.8825)","(-2.4653, 1.9554)","(-17.1726, 30.3168)","(1.4061, -8.2549)","(21.1801, -10.1075)","(8.092, -28.8736)","(19.2665, 8.2122)","(7.2648, 8.3256)","(-0.5976, 0.4529)","(-7.6144, 13.6747)","(-9.1169, -13.3133)","(2.6126, 3.5765)","(-2.8956, -1.5561)","(7.1102, 7.613)","(-8.05, 7.4849)","(0.4722, 7.255)","(-0.6354, 1.1161)"
4.830000000000000426e+01,"(7.4055, 3.1122)","(-3.6144, -14.8562)","(12.2689, -14.3227)","(-10.142, 9.7033)","(-4.7312, 3.5977)","(-9.7964, 22.1288)","(0.6004, -3.2449)","(17.0646, -9.0972)","(1.6247, -11.7757)","(24.3143, 9.5484)","(12.6642, 13.556)","(-1.3979, 1.0459)","(-12.592, 23.2988)","(-4.5838, -6.0219)","(3.048, 3.344)","(-1.9479, -1.2177)","(13.8133, 14.7079)","(-4.154, 3.7143)","(0.3373, 2.25)","(-2.1493, 3.7568)"
4.840000000000000568e+01,"(18.4862, 7.951)","(-1.7234, -4.7418)","(12.2248, -15.1323)","(-3.0545, 3.7089)","(-9.8889, 7.4571)","(-2.3543, 12.471)","(0.9731, -3.4743)","(6.9086, -4.3935)","(0.0575, -4.0739)","(10.4973, 2.7404)","(18.7024, 19.3913)","(-3.4925, 2.6008)","(-6.4002, 14.3709)","(-2.3994, -3.3857)","(5.1734, 5.4972)","(-2.8926, -1.9685)","(15.7339, 15.8)","(-6.0032, 4.6759)","(0.3145, 1.0959)","(-7.6341, 13.3207)"
4.850000000000000000e+01,"(29.3264, 11.8881)","(-0.694, -1.4149)","(5.5182, -7.9035)","(-1.2517, 2.002)","(-17.5604, 13.4337)","(-1.4433, 15.1647)","(2.3069, -7.5344)","(2.855, -1.7195)","(-0.3762, -3.7155)","(3.8615, 0.4958)","(11.8397, 10.7495)","(-8.924, 6.6395)","(-1.6562, 5.3882)","(-2.8831, -4.5983)","(9.6023, 10.2135)","(-5.4566, -3.7914)","(7.8151, 6.5827)","(-13.0972, 9.8701)","(0.6005, 1.7573)","(-19.0101, 34.136)"
4.860000000000000142e+01,"(12.699, 3.2314)","(-1.367, -2.3466)","(1.924, -3.043)","(-2.1985, 3.9001)","(-14.4831, 12.1101)","(-1.9951, 25.0911)","(5.4684, -17.6875)","(3.7061, -1.8135)","(-1.0447, -9.1379)","(3.2775, 0.0167)","(5.3812, 4.668)","(-19.2162, 14.4937)","(-0.3876, 2.2876)","(-5.4406, -8.9861)","(14.8575, 15.5001)","(-10.7483, -7.4897)","(2.7661, 2.0403)","(-22.2736, 17.15)","(1.2681, 3.6987)","(-5.6139, 16.2701)"
4.870000000000000284e+01,"(5.0559, 0.5305)","(-4.408, -7.5605)","(0.7458, -1.0867)","(-5.8749, 10.4001)","(-5.4416, 5.4946)","(-0.803, 21.5799)","(7.8354, -27.2113)","(8.4573, -3.9267)","(-2.925, -25.4807)","(6.2898, -0.0988)","(5.5354, 5.6773)","(-16.3271, 13.6555)","(-0.3068, 3.2723)","(-10.3892, -17.1247)","(11.8975, 11.3604)","(-17.2658, -11.7862)","(0.6766, 0.4933)","(-12.2478, 11.06)","(2.9127, 8.5527)","(-1.8429, 12.9429)"
4.880000000000000426e+01,"(5.4408, -0.0099)","(-14.9066, -25.5164)","(0.8646, -1.0522)","(-14.4003, 25.7692)","(-1.5748, 1.829)","(0.1897, 10.0586)","(2.242, -12.9187)","(19.6463, -9.1024)","(-4.7928, -30.3523)","(14.3491, -0.2071)","(12.4257, 13.3699)","(-5.2841, 6.0251)","(-0.6354, 7.0527)","(-12.0962, -18.7368)","(5.6044, 4.7151)","(-14.0403, -8.709)","(0.2543, 0.2413)","(-3.8897, 4.2738)","(6.403, 18.6292)","(-1.192, 15.221)"
4.890000000000000568e+01,"(12.5431, -0.1467)","(-17.3549, -25.9158)","(1.6873, -1.9586)","(-9.66, 20.5994)","(-0.4367, 0.6318)","(-0.358, 7.8484)","(0.1683, -4.797)","(24.2864, -12.1501)","(-4.048, -10.8135)","(26.8061, -0.638)","(21.9454, 23.0277)","(-2.5405, 4.0086)","(-1.5018, 16.5172)","(-6.4138, -8.3421)","(2.357, 2.0394)","(-6.2885, -3.2653)","(0.5258, 0.5629)","(-0.899, 1.0026)","(8.4913, 22.6285)","(-1.0414, 17.1025)"
4.900000000000000000e+01,"(28.8944, -0.4615)","(-10.9224, -9.7472)","(3.6386, -4.1784)","(-2.1853, 8.806)","(-0.4851, 0.855)","(-1.3735, 16.0799)","(-0.3409, -3.6144)","(8.9879, -6.0775)","(-3.9639, -7.2025)","(17.7726, -1.6599)","(11.7896, 9.9825)","(-2.9096, 5.3001)","(-2.0856, 27.5744)","(-2.3886, -2.813)","(2.1474, 2.1639)","(-2.1431, -1.0131)","(1.3484, 1.4647)","(-0.6092, 0.4909)","(4.731, 9.3741)","(-0.6889, 15.3278)"
4.910000000000000142e+01,"(22.7064, -1.8481)","(-12.4125, -8.8764)","(8.0583, -9.2379)","(-0.8437, 7.4894)","(-1.0208, 1.8302)","(-2.4694, 30.5397)","(-0.8114, -6.708)","(3.0741, -2.7592)","(-7.2422, -12.0831)","(6.3012, -1.4405)","(4.1659, 2.8264)","(-4.4753, 8.2594)","(0.2368, 14.6254)","(-0.8267, -1.1179)","(3.9056, 4.1465)","(-0.6581, -0.346)","(3.7525, 4.0954)","(-1.845, 1.3679)","(2.2409, 3.254)","(-0.495, 12.5539)"
4.920000000000000284e+01,"(8.0754, -2.0521)","(-17.7938, -12.119)","(14.585, -16.9988)","(-1.1087, 12.8814)","(-2.477, 4.4173)","(0.0029, 18.545)","(-1.8139, -15.1015)","(2.8361, -3.1658)","(-13.3658, -21.9463)","(2.619, -0.9837)","(1.1559, 0.6376)","(-7.0903, 13.1204)","(0.8311, 5.2971)","(-1.1114, -1.8012)","(8.2255, 8.8241)","(-0.6276, -0.4148)","(10.6007, 11.5669)","(-6.0793, 4.4608)","(2.2104, 2.476)","(-0.6513, 12.3915)"
4.930000000000000426e+01,"(4.4447, -1.8191)","(-16.9024, -10.8204)","(11.3687, -14.5914)","(-1.851, 22.9248)","(-6.2313, 11.0943)","(0.6122, 6.3062)","(-3.5443, -27.034)","(5.7198, -6.5478)","(-11.8493, -17.4675)","(3.6781, -1.6894)","(1.769, 0.7857)","(-8.4957, 16.2437)","(1.0022, 3.3243)","(-2.5204, -4.2217)","(15.3524, 16.2749)","(-1.221, -0.8492)","(21.323, 22.6166)","(-20.1574, 14.8086)","(3.6503, 3.8818)","(-0.9628, 15.1)"
4.940000000000000568e+01,"(8.0464, -3.6984)","(-10.5545, -6.295)","(3.8015, -6.164)","(-0.9199, 21.3963)","(-12.4884, 22.6889)","(0.0099, 1.996)","(-3.4424, -16.5167)","(12.987, -14.8706)","(-5.3121, -6.5558)","(7.9891, -3.6985)","(5.9544, 2.6297)","(-5.7516, 12.0375)","(1.8836, 5.478)","(-6.3242, -10.6631)","(14.1844, 13.809)","(-2.6841, -1.8868)","(11.7337, 9.8364)","(-26.9503, 21.5309)","(6.8375, 7.2847)","(-1.0858, 17.7656)"
4.950000000000000000e+01,"(19.39, -8.9353)","(-8.8145, -5.643)","(1.0893, -2.3725)","(0.3191, 9.4855)","(-8.0757, 17.1921)","(-0.4523, 4.932)","(-1.9631, -5.7113)","(17.7319, -21.2741)","(-2.1778, -3.0146)","(18.1962, -8.4364)","(22.4428, 9.9346)","(-2.9648, 6.6623)","(3.9352, 11.4528)","(-13.6866, -22.7184)","(6.2745, 4.9933)","(-6.2563, -4.4146)","(6.7223, 3.7295)","(-8.6962, 11.2923)","(12.4058, 13.1468)","(-0.7231, 16.0994)"
4.960000000000000142e+01,"(27.4475, -13.5068)","(-13.4859, -9.2019)","(0.7418, -2.2901)","(0.0379, 4.1892)","(-1.9802, 6.8735)","(-1.6903, 16.7797)","(-1.0853, -2.1895)","(6.7153, -10.1906)","(-3.5046, -5.7637)","(24.1465, -11.9448)","(37.5167, 14.9986)","(-2.1484, 4.4877)","(7.6502, 21.8983)","(-11.5935, -16.7805)","(2.0846, 1.398)","(-13.9846, -9.8249)","(7.4727, 3.2178)","(-6.5002, 11.2039)","(14.5936, 14.7538)","(-0.4282, 12.4074)"
4.970000000000000284e+01,"(10.1023, -6.8593)","(-20.3464, -13.7883)","(1.1475, -3.8098)","(-0.4074, 5.664)","(-0.6118, 4.581)","(-3.7104, 42.0118)","(-1.8122, -3.066)","(1.8864, -3.8094)","(-9.0571, -15.2905)","(9.7121, -6.2951)","(17.4823, 2.0267)","(-2.8176, 5.3723)","(7.7197, 19.3643)","(-5.3007, -5.4983)","(0.9734, 0.4877)","(-20.3288, -13.6819)","(10.7822, 4.4322)","(-8.25, 15.3187)","(8.2966, 7.3505)","(-0.5687, 11.5573)"
4.980000000000000426e+01,"(3.4018, -3.0663)","(-15.6497, -9.6083)","(2.2043, -7.2764)","(-1.1726, 13.0553)","(-0.5301, 6.3829)","(1.8905, 17.5655)","(-4.1607, -6.993)","(0.938, -2.7412)","(-17.5625, -28.7169)","(3.1998, -2.732)","(17.2439, -0.0645)","(-4.6903, 8.6648)","(3.857, 7.3305)","(-3.8289, -2.9537)","(1.6051, 0.6901)","(-10.8673, -5.9789)","(15.3987, 6.2563)","(-8.987, 17.3567)","(3.3869, 2.7378)","(-0.9339, 14.3746)"
4.990000000000000568e+01,"(3.2942, -3.6702)","(-8.0313, -4.5699)","(4.2727, -14.1219)","(-2.3397, 27.3617)","(-0.8594, 10.6874)","(3.5892, 12.4)","(-10.1339, -17.032)","(1.6657, -5.3733)","(-9.5499, -11.8393)","(2.3226, -2.5466)","(21.7512, -0.7578)","(-7.6182, 14.0799)","(1.3318, 2.125)","(-5.8401, -4.0715)","(3.5449, 1.5171)","(-4.2919, -1.6554)","(16.3941, 6.332)","(-6.4698, 13.3634)","(1.4206, 1.2663)","(-1.1819, 18.1886)"
5.000000000000000000e+01,"(7.7243, -8.7695)","(-7.2417, -4.7215)","(5.9404, -20.6357)","(-0.4926, 21.0304)","(-1.3498, 17.4302)","(6.2885, 18.1984)","(-15.3551, -24.4686)","(4.0778, -13.094)","(-4.7835, -4.2672)","(4.2645, -4.8919)","(18.0756, -1.1929)","(-8.6453, 16.651)","(0.5795, 0.721)","(-10.6458, -7.3907)","(8.6528, 3.7246)","(-3.0627, -0.7126)","(11.4615, 4.0228)","(-4.7293, 9.7713)","(1.6625, 1.7115)","(-0.8124, 17.1799)"
5.010000000000000142e+01,"(18.7227, -21.3924)","(-13.7568, -9.5505)","(3.2712, -14.1496)","(0.8958, 7.5398)","(-1.064, 19.095)","(8.8997, 24.265)","(-7.7114, -9.3629)","(8.2446, -27.2166)","(-5.7578, -4.1521)","(9.5776, -10.9623)","(12.1953, -0.9719)","(-5.1957, 11.1557)","(1.0138, 1.1045)","(-17.5586, -12.0252)","(19.8197, 8.458)","(-4.4432, -0.8397)","(7.4577, 2.5954)","(-5.5868, 10.7581)","(3.221, 3.4355)","(-0.3618, 12.4528)"
5.020000000000000284e+01,"(14.9586, -19.3335)","(-23.2064, -15.8627)","(0.9121, -5.851)","(0.7608, 2.9873)","(-0.0709, 11.3228)","(6.3335, 14.6249)","(-3.7545, -3.3532)","(4.1973, -18.7605)","(-12.7796, -9.0272)","(17.2969, -20.1905)","(12.9391, -0.6041)","(-2.4959, 5.7408)","(2.4797, 2.6916)","(-15.7298, -9.9296)","(23.2348, 8.9983)","(-7.5988, -1.4277)","(7.2156, 2.772)","(-8.346, 15.6132)","(6.9738, 7.4968)","(-0.4591, 10.5775)"
5.030000000000000426e+01,"(4.178, -8.044)","(-14.9964, -8.7707)","(0.2562, -1.9054)","(1.4618, 4.3661)","(0.0632, 5.5605)","(3.4285, 7.8438)","(-4.3329, -3.114)","(0.4345, -7.1276)","(-24.9982, -17.3099)","(10.4771, -14.0861)","(19.9804, -0.6098)","(-1.8401, 3.834)","(6.7517, 7.3597)","(-7.5958, -4.1229)","(9.5612, 2.2943)","(-13.4842, -2.5357)","(10.335, 4.2016)","(-9.6498, 18.5742)","(13.972, 14.9034)","(-0.8622, 13.1933)"
5.040000000000000568e+01,"(1.9291, -5.4823)","(-5.8351, -2.9274)","(0.1644, -0.7702)","(3.5995, 10.6688)","(-0.1628, 4.2248)","(3.8968, 10.7369)","(-8.273, -5.7886)","(-0.3577, -4.4825)","(-15.6417, -8.9523)","(3.1228, -5.5242)","(23.3502, -1.075)","(-2.5868, 4.895)","(17.058, 18.4581)","(-3.2947, -1.8227)","(4.4391, 0.3627)","(-19.1776, -3.3897)","(15.5866, 6.3674)","(-6.3789, 13.4045)","(15.5129, 15.5139)","(-1.2657, 18.229)"
5.050000000000000000e+01,"(3.1493, -10.1572)","(-3.4509, -2.1794)","(0.3198, -1.1034)","(8.7346, 25.6191)","(-0.4609, 6.2813)","(7.7256, 22.2748)","(-16.6786, -11.6325)","(-0.9095, -7.5019)","(-5.8263, -2.3766)","(0.9262, -2.2706)","(14.5088, -1.3308)","(-4.5333, 8.3305)","(18.1701, 17.8719)","(-3.1312, -2.0554)","(5.087, -0.0596)","(-14.8878, -2.03)","(17.2664, 6.7085)","(-4.1096, 8.71)","(7.3461, 6.02)","(-0.9815, 18.7512)"
5.060000000000000142e+01,"(6.9337, -22.554)","(-7.9098, -5.5654)","(0.6897, -2.2643)","(9.1784, 22.7502)","(-0.9459, 11.4949)","(9.6848, 25.4188)","(-20.3945, -13.4364)","(-1.9382, -15.9042)","(-2.4145, -0.6496)","(0.9904, -3.1469)","(9.5594, -0.7503)","(-7.7451, 14.2425)","(8.0035, 5.3996)","(-5.9113, -4.1042)","(8.5473, -0.1938)","(-7.2089, -0.6096)","(11.6476, 4.0347)","(-4.9239, 9.4765)","(2.6891, 1.7702)","(-0.3093, 12.9434)"
5.070000000000000284e+01,"(7.0393, -26.1036)","(-20.9862, -14.888)","(1.5728, -5.0973)","(4.8106, 7.7021)","(-1.5128, 19.3399)","(5.0968, 10.1278)","(-9.8853, -5.28)","(-3.5481, -26.441)","(-4.3922, -0.9006)","(2.1436, -6.9265)","(13.5726, -0.4453)","(-9.0815, 17.4221)","(6.0948, 2.8923)","(-12.5751, -8.8092)","(15.427, -0.3525)","(-3.3755, -0.3146)","(6.9069, 2.3307)","(-8.199, 15.1777)","(1.6631, 0.7968)","(-0.3148, 9.5328)"
5.080000000000000426e+01,"(1.3949, -10.3502)","(-25.0895, -16.2665)","(3.6309, -11.7493)","(3.6095, 4.2562)","(-0.92, 19.0635)","(1.797, 3.7768)","(-3.3902, -1.5507)","(-3.3061, -15.7544)","(-12.7134, -2.6084)","(5.1716, -16.6651)","(24.0176, -0.6128)","(-5.1991, 11.2884)","(8.732, 3.657)","(-20.7078, -14.137)","(21.3456, -0.7729)","(-2.9702, -0.4593)","(6.2628, 2.3826)","(-10.6438, 20.2088)","(2.6994, 1.1462)","(-0.7275, 11.4148)"
5.090000000000000568e+01,"(0.1245, -3.147)","(-10.1334, -4.1692)","(6.6557, -22.1987)","(6.3135, 6.8007)","(0.1471, 9.5864)","(2.24, 6.3664)","(-0.9134, -0.4769)","(-1.7384, -5.4836)","(-33.4169, -6.6563)","(8.0528, -27.5939)","(22.8208, -1.3866)","(-2.2316, 5.3329)","(14.2152, 5.8883)","(-13.6452, -8.0314)","(14.4948, -1.2423)","(-4.7272, -0.8647)","(9.2281, 3.7659)","(-6.6233, 14.1008)","(5.4089, 2.2933)","(-1.2826, 17.3405)"
5.100000000000000000e+01,"(-0.1563, -1.8385)","(-6.1929, -1.5406)","(4.4381, -18.117)","(13.243, 14.2083)","(0.1325, 4.0098)","(6.1759, 18.4423)","(-1.1768, -0.8036)","(-0.512, -1.3602)","(-20.7518, -1.9427)","(2.4914, -13.7584)","(10.4856, -1.3448)","(-1.4182, 3.047)","(19.019, 7.6233)","(-5.2716, -2.4235)","(6.432, -0.8776)","(-8.8335, -1.6795)","(15.0565, 6.2131)","(-3.4043, 7.6124)","(11.6244, 4.9464)","(-1.2682, 20.7834)"
5.110000000000000142e+01,"(-0.4889, -4.3328)","(-11.1514, -2.2304)","(0.827, -7.0456)","(18.89, 19.4466)","(-0.0958, 2.7479)","(12.4768, 35.2415)","(-3.0201, -2.1413)","(-0.199, -0.3978)","(-10.1033, 1.1915)","(0.1618, -5.3314)","(6.6076, -0.4985)","(-1.9719, 3.7435)","(14.3365, 5.1076)","(-1.5634, -0.5683)","(3.2652, -0.3289)","(-16.0553, -3.027)","(18.5695, 7.342)","(-3.735, 7.2775)","(20.9547, 8.7187)","(-0.3264, 14.3956)"
5.120000000000000284e+01,"(-1.5023, -13.5592)","(-25.1437, -4.9386)","(-0.077, -3.0526)","(9.8854, 8.4241)","(-0.3363, 4.4049)","(7.293, 13.0203)","(-8.6147, -6.152)","(-0.3973, -0.6788)","(-11.1317, 2.4581)","(-0.4196, -4.295)","(12.5249, -0.2758)","(-3.6136, 6.617)","(7.6912, 2.475)","(-1.0914, -0.248)","(4.0534, -0.1575)","(-20.1024, -3.4025)","(12.6919, 4.3973)","(-7.0449, 12.9082)","(17.3512, 6.2653)","(-0.1286, 8.7067)"
5.130000000000000426e+01,"(-4.2443, -35.8642)","(-26.312, -4.0128)","(-0.4095, -3.4809)","(3.4808, 2.5535)","(-0.7606, 8.8574)","(4.9163, 6.1325)","(-22.4958, -15.9277)","(-1.1393, -1.9408)","(-19.5006, 4.5864)","(-0.9368, -7.6188)","(27.208, -0.4945)","(-6.8137, 12.4142)","(5.5462, 2.0184)","(-2.2021, -0.4379)","(7.7412, -0.165)","(-12.1546, -1.3525)","(6.6605, 2.1298)","(-11.7149, 21.664)","(7.0451, 1.7469)","(-0.5093, 8.971)"
5.140000000000000568e+01,"(-4.6664, -18.7596)","(-9.7707, -0.0992)","(-0.736, -5.7046)","(0.861, 0.7064)","(-1.5028, 17.6507)","(8.2634, 8.9954)","(-20.9724, -13.0472)","(-3.6478, -6.2441)","(-24.1843, 6.2302)","(-1.9509, -15.8972)","(24.2062, -1.6751)","(-9.8673, 18.4677)","(7.8625, 3.1959)","(-5.4665, -1.0964)","(15.6609, -0.2985)","(-5.0478, -0.2918)","(4.9879, 1.8322)","(-8.2128, 17.1236)","(2.3324, 0.3355)","(-1.1348, 14.6769)"
5.150000000000000000e+01,"(-4.8551, -9.9504)","(-2.9134, 0.2646)","(-1.3278, -10.4239)","(1.1776, 1.245)","(-1.468, 22.8914)","(18.3525, 19.7433)","(-9.2674, -3.4136)","(-11.6257, -19.8498)","(-12.7554, 4.2256)","(-3.4492, -25.3907)","(8.6106, -1.7183)","(-6.6125, 13.8781)","(14.0177, 5.845)","(-14.3936, -2.9008)","(23.4544, -0.7738)","(-2.0106, -0.1601)","(7.1955, 2.9301)","(-3.0124, 7.5132)","(1.6551, 0.022)","(-1.619, 22.2098)"
5.160000000000000142e+01,"(-6.8904, -11.555)","(-2.5626, 0.5304)","(-2.3232, -17.6712)","(3.3355, 3.6407)","(0.1423, 12.0832)","(18.6812, 18.2777)","(-8.0092, -1.7691)","(-18.1718, -28.7413)","(-6.0445, 2.0137)","(-3.1732, -15.2505)","(2.0732, -0.4901)","(-2.5054, 6.2501)","(20.4509, 8.286)","(-28.7783, -5.4585)","(14.6362, -1.406)","(-1.8221, -0.2889)","(12.8382, 5.3556)","(-1.8767, 4.007)","(2.8529, -0.0507)","(-0.6102, 17.9904)"
5.170000000000000284e+01,"(-10.9391, -17.7969)","(-7.03, 1.5407)","(-2.9495, -18.8125)","(10.4246, 11.4384)","(0.3939, 4.3162)","(7.5759, 5.6051)","(-11.92, -2.2368)","(-9.485, -9.4816)","(-7.619, 1.9139)","(-1.6643, -5.4169)","(0.7015, -0.0511)","(-0.9887, 2.4472)","(14.9703, 5.2651)","(-16.678, -1.5896)","(5.5037, -0.9915)","(-3.1795, -0.5932)","(19.5497, 7.9743)","(-3.7064, 6.8013)","(5.954, -0.0999)","(0.0981, 9.0058)"
5.180000000000000426e+01,"(-11.6497, -17.8896)","(-22.8841, 4.9924)","(-2.2049, -10.149)","(24.7128, 26.4938)","(0.1647, 1.1422)","(1.958, 1.2761)","(-18.4261, -3.3571)","(-8.9973, -6.6941)","(-16.8772, 3.8874)","(-0.4809, -1.3854)","(2.3663, -0.0167)","(-0.9103, 1.825)","(6.9624, 2.0664)","(-6.9369, 0.5784)","(1.5618, -0.3272)","(-6.4335, -1.2431)","(15.8056, 5.7138)","(-8.8281, 15.8235)","(13.1441, -0.2074)","(-0.1934, 6.1311)"
5.190000000000000568e+01,"(-7.1056, -9.8727)","(-36.1892, 9.1191)","(-1.0719, -4.2731)","(13.1397, 10.5063)","(0.0981, 0.3783)","(0.4449, 0.2417)","(-19.4868, -3.1075)","(-11.9143, -8.1397)","(-28.8833, 6.9988)","(-0.0814, -0.2671)","(9.024, -0.0129)","(-1.6635, 3.0635)","(3.8641, 1.3235)","(-6.051, 1.2763)","(0.4523, -0.0595)","(-13.3015, -2.5769)","(7.5849, 2.2747)","(-14.1394, 26.3066)","(23.541, -0.587)","(-0.7284, 9.6024)"
5.200000000000000000e+01,"(-4.5932, -6.7131)","(-12.9906, 6.713)","(-0.4657, -2.3449)","(9.0898, 4.7109)","(0.1927, 0.5743)","(0.7977, 0.3558)","(-11.8571, -1.3656)","(-14.7316, -9.828)","(-15.1162, 5.1403)","(-0.0401, -0.2945)","(33.8078, -0.1056)","(-3.4503, 6.2377)","(5.3187, 2.1582)","(-9.3293, 2.2116)","(0.6889, -0.0196)","(-21.6402, -3.9508)","(3.7316, 1.2091)","(-5.4656, 13.3578)","(17.7639, -1.4038)","(-1.575, 18.7429)"
5.210000000000000142e+01,"(-6.2584, -10.0865)","(-9.9865, 7.0938)","(-0.4395, -3.0722)","(11.6135, 4.9331)","(0.4468, 1.3158)","(3.1217, 1.3896)","(-7.0575, -0.8453)","(-13.6829, -8.7598)","(-4.9044, 2.2266)","(-0.0957, -0.8315)","(28.3412, -2.6402)","(-7.1946, 12.9938)","(10.5934, 4.4703)","(-15.8279, 3.7811)","(1.6404, -0.023)","(-16.1049, -2.1022)","(4.1651, 1.6476)","(-1.3028, 4.8049)","(6.6416, -1.2908)","(-1.6331, 25.0309)"
5.220000000000000284e+01,"(-11.302, -18.5429)","(-15.1693, 11.5427)","(-0.7239, -5.6573)","(17.4508, 7.1676)","(1.1313, 3.3552)","(14.0009, 6.2628)","(-7.8285, -1.3076)","(-10.2013, -6.3171)","(-1.0203, 0.4742)","(-0.2823, -2.528)","(16.3635, -6.0277)","(-10.9135, 20.3414)","(20.0967, 8.4178)","(-20.3466, 5.1767)","(4.2602, -0.0453)","(-6.4605, -0.2517)","(7.7606, 3.2525)","(-0.3552, 2.6383)","(2.3265, -0.7566)","(0.1417, 13.2359)"
5.230000000000000426e+01,"(-12.9627, -20.0231)","(-19.0091, 15.021)","(-1.4018, -11.2383)","(19.0776, 7.3916)","(3.0136, 8.9696)","(46.1006, 19.9946)","(-13.3697, -2.4851)","(-8.8579, -5.663)","(-0.5748, 0.1506)","(-0.9025, -8.1894)","(17.8376, -8.3424)","(-6.2902, 13.6576)","(20.1266, 7.5986)","(-13.4183, 4.0916)","(11.5307, -0.112)","(-2.0102, 0.0806)","(15.4595, 6.5213)","(-0.4985, 5.2636)","(2.2638, -1.0196)","(0.2673, 5.0206)"
5.240000000000000568e+01,"(-6.9494, -9.1751)","(-11.3668, 9.9864)","(-2.5617, -19.6053)","(12.4053, 4.2568)","(7.3682, 21.6398)","(22.6021, 3.552)","(-21.3163, -3.8789)","(-10.8159, -7.2153)","(-1.9262, 0.423)","(-2.817, -24.9902)","(18.447, -9.296)","(-1.8771, 5.3692)","(8.8992, 2.4561)","(-6.4918, 2.2065)","(26.3707, -0.4309)","(-0.9544, 0.1644)","(21.934, 8.83)","(-1.3683, 14.2732)","(3.9996, -1.8758)","(-0.1149, 3.162)"
5.250000000000000000e+01,"(-3.208, -4.3805)","(-6.3698, 5.6171)","(-3.0822, -18.6984)","(8.1003, 2.8473)","(9.0197, 23.4013)","(21.6937, 0.15)","(-18.474, -2.665)","(-14.5414, -9.7744)","(-7.0315, 1.5117)","(-4.7504, -30.085)","(12.995, -7.0218)","(-0.426, 1.6976)","(2.9114, 0.6598)","(-4.6323, 1.3359)","(21.3469, -1.6506)","(-1.4575, 0.334)","(13.0141, 4.2325)","(-2.84, 32.484)","(8.2072, -3.8297)","(-0.5466, 6.4266)"
5.260000000000000142e+01,"(-3.9637, -6.3819)","(-8.4183, 6.6056)","(-2.0838, -8.5326)","(9.7004, 3.863)","(4.8024, 8.2183)","(21.2515, -0.9764)","(-9.0096, -0.7864)","(-15.1867, -9.8748)","(-26.117, 5.6266)","(-4.6274, -11.5045)","(10.7366, -5.6113)","(-0.1437, 1.2151)","(0.8997, 0.2716)","(-7.0172, 1.7212)","(8.0097, -2.1105)","(-2.8817, 0.6673)","(4.9768, 1.2217)","(0.2803, 18.599)","(16.3718, -7.6792)","(-1.467, 15.8914)"
5.270000000000000284e+01,"(-8.8303, -14.7577)","(-16.5986, 12.612)","(-0.8801, -2.9574)","(16.2809, 6.737)","(3.6415, 4.4174)","(13.6879, -1.1585)","(-4.8766, -0.5635)","(-11.0983, -6.8223)","(-35.0645, 9.3003)","(-5.366, -9.4006)","(14.6321, -7.1533)","(-0.1865, 2.1322)","(1.3522, 0.5581)","(-13.3163, 3.1319)","(5.68, -2.415)","(-6.2845, 1.4401)","(1.4804, 0.3742)","(1.6694, 8.0063)","(20.3517, -10.1153)","(-2.4235, 30.0614)"
5.280000000000000426e+01,"(-15.7835, -25.681)","(-20.96, 16.6321)","(-0.2435, -0.8802)","(21.4513, 8.5517)","(4.9222, 5.2368)","(11.2935, -0.6908)","(-6.4189, -1.1284)","(-8.2255, -5.1204)","(-14.5558, 8.4331)","(-7.1862, -11.5958)","(20.5673, -10.0469)","(-0.3962, 4.4807)","(3.3209, 1.4279)","(-21.5965, 5.2428)","(7.6389, -3.6311)","(-13.7604, 3.1587)","(1.0365, 0.3941)","(2.5827, 7.8643)","(9.8926, -5.941)","(0.2644, 16.3061)"
5.290000000000000568e+01,"(-9.5382, -12.6487)","(-9.4502, 8.8862)","(-0.1091, -0.6677)","(14.028, 4.7776)","(7.5656, 7.9467)","(17.2251, -0.5242)","(-12.7882, -2.4544)","(-9.183, -6.0741)","(-13.5299, 10.0061)","(-8.8211, -13.9366)","(16.8406, -8.9117)","(-0.9115, 10.1187)","(8.9742, 3.8926)","(-17.0535, 4.9407)","(11.8932, -5.6967)","(-22.7141, 5.5063)","(2.1679, 0.917)","(4.9772, 14.4012)","(3.2966, -2.3805)","(1.0499, 6.0704)"
5.300000000000000000e+01,"(-3.7177, -3.8974)","(-3.8059, 3.6128)","(-0.1639, -1.2831)","(7.1179, 2.2696)","(11.3903, 11.8914)","(25.469, -0.8613)","(-23.2795, -4.3627)","(-13.2813, -9.0027)","(-15.4134, 12.1479)","(-8.6462, -13.2144)","(9.9698, -5.5771)","(-1.7685, 20.6659)","(22.595, 9.7124)","(-7.2634, 2.6682)","(16.4742, -8.0359)","(-15.0772, 4.6403)","(5.31, 2.2857)","(8.5498, 24.0386)","(0.896, -0.7764)","(1.3755, 4.4108)"
5.310000000000000142e+01,"(-1.3817, -1.1547)","(-5.0908, 3.9737)","(-0.3415, -2.8186)","(6.6483, 2.5672)","(12.5665, 12.6497)","(18.1888, -1.4818)","(-19.8047, -2.7877)","(-16.5362, -10.9941)","(-12.7989, 10.6078)","(-6.8895, -10.2158)","(10.1146, -5.1143)","(-1.133, 22.0111)","(24.2417, 9.1564)","(-2.9464, 1.0414)","(14.4034, -7.5216)","(-5.4104, 2.3576)","(13.5715, 5.8571)","(7.0938, 16.9156)","(0.6685, -0.7358)","(2.8023, 8.1992)"
5.320000000000000284e+01,"(-2.377, -1.7075)","(-12.9839, 9.6928)","(-0.7864, -6.6127)","(12.1848, 5.0947)","(8.6412, 8.0833)","(9.46, -0.9913)","(-8.07, -0.3882)","(-12.9569, -8.0393)","(-9.6452, 8.1027)","(-5.8267, -8.7939)","(17.2626, -8.2454)","(0.5175, 9.208)","(9.6006, 1.7675)","(-3.0131, 0.788)","(8.3447, -4.7294)","(-1.9983, 1.2046)","(26.1717, 10.9278)","(3.3337, 6.5896)","(1.2513, -1.4357)","(6.2381, 18.2299)"
5.330000000000000426e+01,"(-6.9629, -4.9903)","(-26.2136, 19.9366)","(-1.8302, -15.2594)","(22.1941, 9.2438)","(5.083, 4.6622)","(10.5499, -0.4413)","(-2.5536, -0.0867)","(-8.1781, -4.9064)","(-10.366, 8.315)","(-6.4608, -10.1269)","(22.9559, -11.3191)","(0.6023, 3.2852)","(6.5197, 0.1887)","(-6.0639, 1.4167)","(5.4297, -2.9789)","(-2.1136, 1.5688)","(15.6633, 4.975)","(1.4361, 3.3413)","(2.8268, -3.2321)","(9.5999, 26.2654)"
5.340000000000000568e+01,"(-21.5288, -15.4104)","(-12.5224, 11.8314)","(-3.3547, -24.8103)","(19.6399, 7.2027)","(4.2532, 4.1941)","(21.1726, -0.435)","(-1.6572, -0.25)","(-7.3963, -4.7761)","(-14.3885, 11.2552)","(-8.2991, -13.1871)","(13.3277, -7.5755)","(0.8235, 2.5868)","(9.0806, -0.1945)","(-13.5986, 3.1117)","(6.2098, -3.1031)","(-3.5505, 2.7019)","(6.4938, 0.9027)","(2.1654, 6.1654)","(6.8103, -7.7639)","(5.666, 11.5785)"
5.350000000000000000e+01,"(-26.8027, -17.3632)","(-3.938, 5.093)","(-3.0514, -14.1519)","(8.3835, 2.2961)","(5.8624, 6.0861)","(28.4473, -1.1538)","(-3.6734, -0.7152)","(-10.8026, -7.3384)","(-16.2606, 13.008)","(-9.3721, -14.606)","(6.9069, -3.9616)","(1.4413, 4.1352)","(14.9699, -0.3808)","(-24.7181, 5.8928)","(9.9429, -4.7712)","(-6.803, 5.1554)","(5.3819, 0.0367)","(5.2039, 15.345)","(14.5553, -16.7546)","(2.3073, 3.6531)"
5.360000000000000142e+01,"(-12.1667, -4.3698)","(-2.5713, 4.357)","(-1.8423, -5.0464)","(3.2567, 0.9828)","(9.5126, 10.0017)","(13.2061, -1.7625)","(-9.6414, -1.9431)","(-16.4464, -11.1836)","(-11.6258, 9.8787)","(-7.8894, -11.7627)","(9.2401, -4.5104)","(2.7259, 7.8469)","(20.6693, -0.7404)","(-17.0571, 5.2061)","(15.7496, -7.5658)","(-12.7585, 9.7002)","(8.2482, -0.1876)","(10.2919, 29.274)","(14.157, -17.65)","(1.2205, 1.4772)"
5.370000000000000284e+01,"(-11.2009, -2.4335)","(-5.6539, 10.0276)","(-1.5748, -2.9213)","(4.1872, 1.7028)","(13.2128, 13.6564)","(5.0789, -0.6897)","(-24.2056, -4.8191)","(-16.1635, -10.3849)","(-8.4293, 7.119)","(-5.9175, -8.7191)","(19.5665, -9.1578)","(5.2271, 15.0089)","(15.7599, -1.1761)","(-5.9901, 2.6548)","(16.8479, -8.528)","(-16.4893, 12.9988)","(14.3826, -0.3405)","(6.985, 14.8905)","(4.5744, -7.5344)","(2.3437, 2.5515)"
5.380000000000000426e+01,"(-17.4244, -3.2782)","(-14.1696, 25.2902)","(-2.3892, -3.9391)","(10.0995, 4.3336)","(11.1275, 10.7635)","(6.9495, -0.2066)","(-26.1582, -4.0287)","(-9.4939, -5.5384)","(-10.3483, 8.1864)","(-5.6055, -8.6255)","(25.459, -12.6408)","(7.4732, 20.3878)","(8.1647, -0.9085)","(-2.0778, 1.2504)","(10.0138, -5.6514)","(-9.5438, 8.4715)","(20.8771, -0.6999)","(3.4401, 5.1138)","(1.5093, -3.6091)","(6.1669, 6.7185)"
5.390000000000000568e+01,"(-22.8153, -3.9346)","(-11.0992, 22.9824)","(-4.0429, -6.629)","(23.9331, 10.2314)","(6.2619, 5.618)","(18.9717, -0.2016)","(-9.8894, 0.2266)","(-5.9693, -3.6255)","(-15.8498, 12.2903)","(-7.1527, -11.3819)","(10.6116, -6.6958)","(5.355, 12.314)","(5.5816, -0.42)","(-2.3278, 1.7184)","(5.26, -3.0454)","(-3.6069, 3.634)","(16.0435, -1.195)","(3.0584, 3.4768)","(1.319, -4.2296)","(16.5306, 17.9631)"
5.400000000000000000e+01,"(-15.6366, -1.9674)","(-2.4734, 9.1716)","(-7.1243, -11.6888)","(23.5305, 8.7225)","(3.7693, 3.5185)","(36.1181, -0.9368)","(-6.1104, 1.0858)","(-7.3959, -4.9584)","(-16.8317, 13.5771)","(-9.3489, -14.8543)","(3.507, -2.3089)","(2.4548, 4.7484)","(7.8376, -0.2655)","(-4.7081, 3.5369)","(4.6093, -2.3879)","(-1.2254, 1.2332)","(7.7096, -0.9517)","(6.3018, 6.8146)","(2.09, -6.9846)","(20.5212, 20.5841)"
5.410000000000000142e+01,"(-8.718, -0.9784)","(-0.7954, 6.3187)","(-10.3019, -16.505)","(9.0343, 1.7531)","(4.1292, 4.2035)","(14.7839, -2.6583)","(-8.8028, 2.0436)","(-13.0244, -8.9876)","(-10.0346, 8.8034)","(-9.2327, -14.0925)","(3.8543, -1.8888)","(0.8161, 1.5804)","(14.2817, -0.3301)","(-10.8396, 8.1152)","(7.1501, -3.4465)","(-0.8352, 0.7023)","(4.2528, -0.4016)","(14.8812, 16.0706)","(3.7798, -12.5966)","(8.9981, 6.1487)"
5.420000000000000284e+01,"(-9.279, -1.5412)","(-1.1476, 12.3897)","(-8.5168, -12.538)","(4.7612, 0.2183)","(6.7067, 7.0578)","(6.2986, -2.2175)","(-15.7917, 3.7244)","(-19.1723, -12.961)","(-6.9941, 5.9336)","(-6.7087, -9.7556)","(11.1016, -5.0711)","(0.4265, 1.0617)","(22.1129, -0.6828)","(-20.4797, 15.608)","(12.7403, -6.0414)","(-1.456, 1.1193)","(5.2733, -0.2062)","(20.233, 20.6309)","(5.6119, -19.2877)","(6.5567, 3.1448)"
5.430000000000000426e+01,"(-16.8905, -3.177)","(-2.4464, 27.6411)","(-4.4489, -5.8927)","(7.5003, -0.0973)","(11.354, 11.9701)","(8.2524, -3.7332)","(-22.4184, 5.5917)","(-13.8349, -8.3837)","(-10.0181, 7.8123)","(-5.1246, -7.6238)","(29.9263, -13.748)","(0.6761, 1.9163)","(17.0609, -1.2788)","(-13.977, 12.1021)","(18.6309, -9.0446)","(-3.0141, 2.2747)","(9.8121, -0.2187)","(9.0323, 6.9931)","(4.0639, -16.1968)","(10.1087, 4.2759)"
5.440000000000000568e+01,"(-25.4535, -4.5316)","(-0.8005, 24.1749)","(-2.1144, -2.861)","(16.5562, -0.2469)","(13.971, 14.2268)","(20.3446, -9.333)","(-14.7072, 4.5094)","(-6.4651, -3.5239)","(-17.3561, 13.3193)","(-5.7683, -9.0757)","(20.0957, -11.4545)","(1.4165, 4.1238)","(7.6599, -1.0335)","(-4.4972, 5.0781)","(14.1644, -7.6037)","(-6.6578, 4.9982)","(18.4723, -0.4065)","(3.6492, 2.116)","(1.5042, -7.8833)","(17.9477, 7.4968)"
5.450000000000000000e+01,"(-16.1736, -1.8629)","(0.9783, 8.5882)","(-1.7888, -2.7445)","(28.6745, -0.7865)","(9.2662, 8.5622)","(29.8439, -14.6569)","(-6.4212, 2.2941)","(-4.0742, -2.5196)","(-17.7269, 14.3942)","(-8.1943, -13.1686)","(7.5424, -6.7157)","(3.2183, 9.4352)","(3.7607, -0.3925)","(-1.6529, 2.4859)","(6.5467, -3.9656)","(-13.9387, 10.5153)","(22.2557, -0.9907)","(4.0243, 1.7856)","(0.6975, -3.5645)","(21.5071, 8.4316)"
5.460000000000000142e+01,"(-6.9084, -0.5082)","(0.658, 2.8166)","(-2.7724, -4.5051)","(15.9297, -1.8112)","(4.5409, 3.946)","(10.3382, -7.3003)","(-4.0994, 1.2068)","(-6.5273, -4.4774)","(-8.5145, 7.8397)","(-10.1957, -16.0671)","(6.8978, -7.6869)","(6.755, 19.5325)","(4.7618, -0.1782)","(-1.98, 3.5317)","(3.3644, -1.9368)","(-18.2005, 14.3563)","(11.6069, -1.3485)","(9.1994, 3.9652)","(0.8271, -3.119)","(11.8908, 3.7942)"
5.470000000000000284e+01,"(-5.5473, -0.8606)","(1.2414, 3.7765)","(-5.1258, -8.4505)","(5.4205, -1.2636)","(2.8385, 2.6975)","(3.6058, -3.3852)","(-6.7993, 1.6416)","(-13.5871, -9.4991)","(-4.9985, 4.3496)","(-8.382, -12.3969)","(13.447, -15.4402)","(8.0251, 20.9212)","(9.6026, -0.1869)","(-3.9296, 7.0851)","(3.9065, -1.9458)","(-8.6209, 8.0512)","(4.3824, -0.7256)","(22.6341, 9.7211)","(1.5498, -5.2338)","(5.4307, 1.6662)"
5.480000000000000426e+01,"(-11.6491, -2.2518)","(3.6011, 10.8387)","(-9.0912, -14.8961)","(1.73, -0.6138)","(3.758, 3.8936)","(4.4978, -5.0365)","(-14.4408, 3.3371)","(-21.6979, -14.7574)","(-8.0786, 6.2365)","(-5.4523, -7.7931)","(18.5812, -22.2525)","(4.2895, 8.3223)","(19.6937, -0.3741)","(-8.3978, 15.1364)","(7.1798, -3.3981)","(-2.7348, 3.1949)","(1.939, -0.2026)","(25.8667, 9.8964)","(3.1173, -10.282)","(5.2359, 2.0414)"
5.490000000000000568e+01,"(-25.5995, -4.9753)","(10.4197, 31.0281)","(-10.7322, -16.7184)","(2.37, -1.071)","(6.8023, 7.2194)","(12.3603, -13.9473)","(-24.9867, 6.0123)","(-13.3203, -7.6912)","(-17.1636, 12.9639)","(-4.606, -7.0014)","(7.6775, -11.2475)","(1.9767, 2.8518)","(24.2394, -1.073)","(-11.9461, 22.4539)","(14.0449, -6.5984)","(-1.1332, 1.7727)","(2.8302, -0.0896)","(10.0203, 2.0431)","(5.5916, -18.6953)","(10.4173, 4.3917)"
5.500000000000000000e+01,"(-24.0468, -3.4881)","(9.6477, 22.2224)","(-6.5003, -8.892)","(6.2373, -2.8436)","(12.2607, 12.986)","(24.6513, -28.7088)","(-16.6326, 5.1282)","(-5.0183, -2.3422)","(-21.3756, 17.0047)","(-6.2101, -9.9561)","(2.4989, -3.9312)","(1.9799, 2.2124)","(11.1845, -1.5329)","(-5.3472, 12.4211)","(20.4774, -9.9586)","(-1.4121, 2.5484)","(6.1456, -0.103)","(5.1003, 0.2689)","(5.2549, -19.675)","(21.3481, 9.01)"
5.510000000000000142e+01,"(-8.8972, -0.0726)","(6.7197, 9.1532)","(-2.8087, -3.5112)","(18.2124, -8.2838)","(14.6767, 14.8723)","(8.02, -13.2849)","(-5.9274, 2.5021)","(-1.3152, -0.6234)","(-8.5557, 8.3677)","(-9.4232, -15.2207)","(2.6561, -3.2122)","(3.2713, 3.4775)","(3.6873, -0.8099)","(-1.4252, 4.5284)","(12.8806, -7.2123)","(-2.5003, 4.5544)","(14.287, -0.2042)","(7.7743, -0.0937)","(1.789, -9.5742)","(22.2328, 8.4268)"
5.520000000000000284e+01,"(-2.6996, 0.2555)","(8.2275, 9.0303)","(-1.1907, -1.616)","(31.1639, -15.0335)","(8.5687, 7.6525)","(3.0094, -7.683)","(-1.5414, 0.7344)","(-0.9391, -0.6183)","(-2.6526, 2.7923)","(-10.5537, -16.3606)","(7.6597, -8.6867)","(6.1232, 6.5238)","(0.9092, -0.2644)","(-0.3031, 1.5428)","(4.913, -3.2288)","(-4.9011, 8.8877)","(26.0544, -0.6451)","(17.1965, -0.2537)","(0.4692, -3.4551)","(9.2559, 2.3947)"
5.530000000000000426e+01,"(-2.5104, 0.5249)","(14.5528, 15.4719)","(-1.2218, -1.922)","(10.9738, -7.9434)","(3.6081, 2.9649)","(3.7471, -11.9426)","(-0.2852, 0.143)","(-2.3481, -1.66)","(-1.9887, 1.6162)","(-7.1563, -10.1779)","(20.878, -23.7172)","(11.386, 12.0946)","(0.5711, -0.2448)","(-0.1857, 1.8745)","(1.6823, -1.084)","(-8.7621, 16.0419)","(17.0332, -1.6081)","(29.2049, -0.8319)","(0.1993, -1.1368)","(2.7848, 0.5439)"
5.540000000000000568e+01,"(-6.5071, 1.4372)","(17.4725, 17.6791)","(-2.17, -3.5672)","(5.9916, -6.1124)","(1.7199, 1.5748)","(7.8833, -25.7154)","(-0.0412, 0.0209)","(-6.7534, -4.8254)","(-5.4708, 4.0753)","(-4.3071, -6.1104)","(14.8594, -19.7316)","(14.8012, 15.1476)","(1.2343, -0.5658)","(-0.3683, 4.0532)","(1.4388, -0.7366)","(-9.1151, 17.7792)","(6.0965, -1.4201)","(15.3854, -1.8602)","(0.3257, -1.1699)","(0.5399, 0.1077)"
5.550000000000000000e+01,"(-19.9398, 4.3774)","(9.5588, 8.4177)","(-4.411, -7.3292)","(7.79, -8.9718)","(2.217, 2.2971)","(6.3379, -24.8178)","(-0.0061, 0.0022)","(-19.269, -13.7334)","(-16.4377, 12.1322)","(-4.2121, -6.552)","(4.3314, -9.3009)","(9.2427, 8.3851)","(3.3264, -1.5182)","(-0.9369, 10.0603)","(2.8871, -1.3585)","(-4.0226, 9.396)","(2.8985, -1.1262)","(5.1637, -1.2308)","(0.722, -2.3775)","(0.2875, 0.1122)"
5.560000000000000142e+01,"(-35.8189, 8.7235)","(4.8167, 4.38)","(-8.7561, -14.4905)","(12.8545, -15.0259)","(4.3432, 4.6367)","(1.1232, -9.249)","(-0.0182, 0.0041)","(-25.6569, -16.8889)","(-28.7905, 22.2592)","(-6.6349, -10.7897)","(3.0007, -9.1734)","(3.8994, 3.1525)","(9.6774, -4.3986)","(-2.091, 23.3234)","(6.6522, -3.0778)","(-1.3146, 3.5922)","(4.0377, -1.8731)","(1.6596, -0.5991)","(1.6862, -5.4545)","(0.8543, 0.3711)"
5.570000000000000284e+01,"(-12.9567, 6.0107)","(6.6072, 6.9066)","(-11.8213, -18.7101)","(14.0193, -17.1674)","(9.2191, 9.8929)","(0.2273, -2.2625)","(-0.0621, 0.0135)","(-10.863, -4.3734)","(-9.3385, 10.5423)","(-10.6006, -17.1844)","(5.6431, -18.3394)","(1.4476, 1.2267)","(24.8764, -11.4532)","(-1.1967, 24.6392)","(15.4369, -7.144)","(-0.4492, 1.1638)","(7.8681, -3.678)","(2.4359, -1.1013)","(3.9995, -12.9077)","(2.7886, 1.2256)"
5.580000000000000426e+01,"(-8.2065, 5.5812)","(14.5417, 15.6179)","(-7.2117, -9.8033)","(7.3069, -10.0441)","(16.0386, 16.8903)","(0.4142, -1.4704)","(-0.2219, 0.0478)","(-8.4375, -1.9828)","(-4.8431, 7.7115)","(-10.596, -16.1028)","(8.2779, -28.6173)","(1.2508, 1.2568)","(21.1591, -11.3441)","(0.9529, 9.2608)","(23.8415, -11.5507)","(-0.4293, 0.8543)","(15.9731, -7.4764)","(6.6963, -3.045)","(7.1947, -24.079)","(9.7952, 4.3234)"
5.590000000000000568e+01,"(-11.7034, 8.8455)","(20.4852, 20.9988)","(-2.9283, -3.3585)","(3.942, -5.3639)","(12.6118, 11.9418)","(1.613, -5.0539)","(-0.8275, 0.1775)","(-12.0051, -2.2666)","(-6.6971, 12.0541)","(-6.0438, -8.2154)","(2.7643, -14.5782)","(2.2538, 2.3906)","(7.4576, -6.2356)","(1.2157, 4.626)","(11.5279, -6.9847)","(-0.8353, 1.5301)","(21.5619, -10.6034)","(20.093, -9.1259)","(3.9193, -17.0382)","(30.3478, 13.2184)"
5.600000000000000000e+01,"(-18.3184, 14.1281)","(9.6773, 7.8743)","(-0.918, -0.9027)","(5.0965, -6.1307)","(5.3096, 4.0949)","(6.2017, -19.2016)","(-3.1856, 0.6813)","(-18.3179, -3.3333)","(-11.4547, 21.0182)","(-3.2407, -4.5334)","(0.6533, -4.9506)","(4.7649, 5.1154)","(5.5296, -6.0621)","(2.0255, 5.914)","(3.8844, -3.1747)","(-1.7924, 3.2304)","(11.0219, -6.5204)","(31.0337, -15.1927)","(0.5629, -6.4572)","(22.4066, 7.3393)"
5.610000000000000142e+01,"(-15.2728, 12.7272)","(3.0708, 2.1765)","(-0.6281, -0.4754)","(10.1596, -11.7701)","(1.7575, 1.1173)","(12.9298, -43.1625)","(-12.3359, 2.6393)","(-19.6435, -3.1527)","(-9.6102, 19.4086)","(-3.4959, -5.5179)","(0.7945, -3.022)","(10.2524, 11.0076)","(7.4273, -8.7013)","(3.6729, 10.5322)","(2.4072, -2.5882)","(-4.0569, 7.2755)","(3.731, -2.6386)","(10.4509, -8.0454)","(-0.209, -3.4765)","(13.336, 1.0281)"
5.620000000000000284e+01,"(-7.2899, 6.7087)","(0.7091, 0.6175)","(-1.1164, -0.7831)","(16.6585, -19.6053)","(1.214, 0.5663)","(0.7536, -18.5821)","(-37.0113, 8.2491)","(-12.3094, -1.4585)","(-3.7008, 8.9953)","(-6.2938, -10.3547)","(2.5678, -8.2109)","(16.4423, 17.1738)","(10.7843, -12.7608)","(6.5198, 18.5094)","(3.6426, -4.212)","(-8.6142, 15.5406)","(0.934, -0.7182)","(6.5391, -6.9026)","(-0.5786, -4.6734)","(14.2549, -0.2363)"
5.630000000000000426e+01,"(-5.4092, 4.5277)","(1.5898, 1.7202)","(-2.34, -1.6417)","(10.4994, -13.9673)","(2.1796, 0.9284)","(-1.6524, -16.7612)","(-18.0947, 6.9894)","(-7.5965, -0.937)","(-2.3086, 4.9253)","(-11.266, -18.4502)","(7.8456, -24.7937)","(11.0056, 10.0726)","(11.7551, -14.3693)","(7.4702, 19.4948)","(6.9425, -8.0266)","(-10.9318, 20.8111)","(0.1871, -0.1595)","(9.1331, -10.5707)","(-1.0395, -8.1262)","(16.9425, -0.6601)"
5.640000000000000568e+01,"(-9.6334, 7.3816)","(5.4527, 6.0106)","(-5.3293, -3.7557)","(3.6963, -5.7478)","(4.7432, 2.0252)","(-3.0243, -22.3242)","(-12.3834, 8.1964)","(-8.607, -1.4461)","(-4.5644, 8.372)","(-11.4126, -17.3091)","(8.6741, -32.0223)","(4.4366, 3.2581)","(7.9075, -10.3413)","(4.4378, 9.5952)","(12.6548, -14.7245)","(-4.4529, 10.6812)","(0.1076, -0.1163)","(14.0563, -16.5553)","(-1.8981, -14.8399)","(16.3626, -0.8954)"
5.650000000000000000e+01,"(-18.9192, 14.3744)","(19.2661, 21.2254)","(-12.1005, -8.5151)","(1.7983, -2.4525)","(11.0606, 4.7407)","(-3.2998, -19.5748)","(-12.1376, 9.3864)","(-14.5473, -2.6968)","(-10.6557, 19.1412)","(-5.7627, -7.426)","(0.5707, -12.7569)","(1.7726, 0.9917)","(4.9901, -6.6041)","(1.9187, 3.9529)","(13.2902, -16.357)","(-1.1264, 4.0095)","(0.2413, -0.2734)","(12.3954, -15.5871)","(-2.9303, -20.7581)","(13.2418, -0.8829)"
5.660000000000000142e+01,"(-18.3707, 15.0537)","(23.6902, 23.321)","(-20.2147, -13.8168)","(3.4251, -3.9978)","(21.9693, 9.2337)","(-2.3676, -12.1989)","(-10.9496, 8.9169)","(-21.8903, -3.9196)","(-13.4174, 25.6918)","(-2.2479, -2.8645)","(-0.9496, -10.2041)","(2.0753, 0.9043)","(5.0787, -6.2678)","(1.2052, 3.0435)","(5.905, -8.4854)","(-0.332, 2.4759)","(0.6633, -0.7499)","(6.1784, -8.569)","(-2.7279, -14.3085)","(11.947, -0.6932)"
5.670000000000000284e+01,"(-7.0184, 6.9533)","(13.5966, 7.7568)","(-13.0651, -7.6376)","(8.7398, -9.9495)","(18.7532, 6.7913)","(-1.8803, -12.0504)","(-9.3661, 7.727)","(-17.2529, -2.3616)","(-4.107, 11.0309)","(-1.7284, -2.6671)","(-2.2223, -18.1568)","(3.7525, 1.5821)","(7.7108, -9.1285)","(1.9369, 5.4993)","(2.0497, -3.2295)","(-0.3036, 3.5934)","(1.9627, -2.2116)","(4.3569, -5.6346)","(-1.5531, -6.2576)","(13.9196, -0.6018)"
5.680000000000000426e+01,"(-2.5814, 2.4841)","(14.8629, 6.4703)","(-5.1325, -2.1729)","(19.1918, -22.095)","(7.3448, 1.6219)","(-2.6359, -19.7239)","(-9.3849, 7.5935)","(-8.435, -0.7562)","(-0.9352, 3.5081)","(-3.3614, -5.5688)","(-3.8372, -27.9014)","(7.6851, 3.2595)","(11.7619, -13.9015)","(4.0651, 11.8241)","(0.975, -1.3404)","(-0.5251, 6.3526)","(6.0208, -6.774)","(7.0242, -8.2889)","(-0.6349, -2.8281)","(17.2859, -0.702)"
5.690000000000000568e+01,"(-3.6493, 2.8343)","(19.7521, 8.0078)","(-2.8152, -0.7359)","(12.2993, -16.4718)","(3.2803, 0.2451)","(-3.6972, -25.0356)","(-11.1051, 8.8208)","(-5.4031, -0.7169)","(-0.229, 1.6536)","(-7.7611, -13.0068)","(-3.3769, -15.7484)","(15.5363, 6.5636)","(11.9059, -14.6964)","(7.7868, 22.2287)","(1.5473, -1.8328)","(-1.0063, 11.997)","(16.6178, -18.8391)","(13.4515, -15.6233)","(-0.4521, -2.9623)","(17.3129, -0.9244)"
5.700000000000000000e+01,"(-9.6824, 7.2074)","(17.5092, 6.5178)","(-3.8057, -0.7352)","(3.5055, -6.8554)","(3.966, -0.0497)","(-3.029, -14.7773)","(-12.8299, 10.2202)","(-8.1919, -1.4853)","(-0.3623, 3.6859)","(-14.3227, -23.4175)","(-1.5694, -6.1399)","(21.1909, 8.4807)","(6.9211, -9.3032)","(7.4696, 18.4907)","(3.3698, -3.8746)","(-1.4907, 19.4634)","(17.0177, -21.2359)","(15.5671, -18.9794)","(-0.6939, -5.3817)","(13.4438, -0.9455)"
5.710000000000000142e+01,"(-23.7835, 17.8007)","(11.579, 4.0432)","(-6.4801, -1.2206)","(1.6923, -4.8698)","(6.9756, -0.1481)","(-1.6839, -8.5902)","(-12.0668, 9.8525)","(-16.2673, -3.1185)","(-1.1736, 11.7328)","(-9.7965, -13.5287)","(-0.878, -5.8194)","(12.0015, 3.8217)","(4.1117, -5.5054)","(3.6662, 6.8553)","(7.846, -8.9669)","(-0.7335, 17.4946)","(4.8595, -9.6221)","(6.8789, -9.8671)","(-1.3598, -10.9804)","(11.2416, -0.7092)"
5.720000000000000284e+01,"(-17.6427, 15.2191)","(10.9912, 4.2227)","(-11.8946, -2.2556)","(2.7204, -8.8191)","(13.4675, -0.272)","(-1.716, -12.538)","(-9.7207, 8.1022)","(-24.837, -4.4395)","(-3.2834, 34.4126)","(-4.1654, -4.367)","(-1.7231, -14.5)","(4.4633, 0.9988)","(4.5564, -5.5711)","(1.2992, 1.9936)","(15.5901, -18.0477)","(0.1984, 8.3564)","(2.8268, -8.397)","(2.7587, -4.0432)","(-2.5975, -20.2033)","(12.9857, -0.5647)"
5.730000000000000426e+01,"(-5.5596, 6.9959)","(16.6095, 6.7911)","(-18.9194, -3.4493)","(5.9034, -19.2191)","(21.5718, -0.6301)","(-3.1481, -24.8334)","(-8.7974, 7.2119)","(-15.2918, -1.6958)","(0.1827, 22.4725)","(-2.3712, -1.8815)","(-3.9937, -32.3436)","(1.3496, 0.1787)","(7.6336, -8.9608)","(0.8438, 0.9883)","(12.5844, -16.1016)","(0.1558, 3.2459)","(3.1314, -10.7119)","(3.1983, -3.8745)","(-3.2571, -20.0102)","(17.1993, -0.6416)"
5.740000000000000568e+01,"(-3.4395, 5.7779)","(21.9623, 8.7634)","(-17.1525, -2.5436)","(7.5219, -26.6464)","(16.955, -1.2488)","(-4.0696, -24.6221)","(-10.1473, 8.083)","(-5.8667, -0.2456)","(2.85, 11.892)","(-3.9014, -2.7524)","(-4.2063, -19.1965)","(1.0498, 0.0083)","(12.5142, -14.6987)","(1.6224, 1.7545)","(3.9333, -6.6453)","(-0.0254, 1.7153)","(4.0059, -14.0358)","(7.4868, -8.5877)","(-2.2167, -8.8129)","(18.4716, -0.9124)"
5.750000000000000000e+01,"(-6.1527, 11.0329)","(15.4686, 5.4054)","(-8.5339, -0.7443)","(2.0835, -12.2161)","(7.2476, -1.0702)","(-2.5978, -9.8952)","(-12.5945, 9.9556)","(-2.3737, -0.2367)","(4.5323, 13.3781)","(-8.5168, -5.9947)","(-2.7215, -6.7979)","(1.9135, -0.0327)","(12.4794, -15.4443)","(3.8673, 4.1887)","(1.2415, -2.9779)","(-0.1676, 2.3805)","(4.3194, -15.7331)","(16.9296, -19.434)","(-0.9274, -2.8975)","(13.9624, -1.0202)"
5.760000000000000142e+01,"(-12.4471, 22.5564)","(9.0399, 3.0638)","(-3.5923, -0.2604)","(0.3063, -3.9946)","(2.5994, -0.412)","(-0.9384, -4.5501)","(-13.0923, 10.5599)","(-3.6996, -0.6799)","(7.1041, 19.8953)","(-18.3786, -12.8685)","(-2.5719, -4.6003)","(4.1291, -0.0651)","(6.334, -8.7737)","(9.8775, 10.7223)","(1.14, -3.6401)","(-0.3808, 4.5414)","(3.3605, -13.2236)","(15.2609, -19.2952)","(-0.2573, -0.7077)","(10.5132, -0.7451)"
5.770000000000000284e+01,"(-10.2218, 20.8025)","(10.2641, 4.0719)","(-2.3469, -0.3197)","(-0.0299, -1.1871)","(1.6722, -0.1173)","(-1.1448, -9.1537)","(-10.514, 8.7714)","(-8.9885, -1.787)","(7.5162, 19.382)","(-20.4493, -13.2593)","(-6.0488, -10.2464)","(9.556, -0.1348)","(3.1963, -4.432)","(19.5983, 20.8062)","(2.0072, -6.624)","(-0.8203, 9.4107)","(2.4193, -9.8465)","(4.495, -7.8074)","(-0.0839, -0.1794)","(11.6682, -0.5284)"
5.780000000000000426e+01,"(-2.9047, 8.2064)","(18.5638, 7.7393)","(-3.4632, -0.6217)","(-0.1861, -1.6995)","(2.9353, -0.0746)","(-2.8817, -24.8151)","(-8.4654, 7.053)","(-22.0492, -4.3803)","(4.8562, 11.1541)","(-8.692, -4.2346)","(-15.423, -25.9418)","(20.2945, -0.3633)","(3.4414, -4.2199)","(12.6263, 11.2729)","(4.0408, -13.2834)","(-1.5238, 18.1686)","(2.3643, -8.9867)","(1.3449, -3.2703)","(-0.1272, -0.2178)","(16.535, -0.5618)"
5.790000000000000568e+01,"(-0.699, 2.2044)","(24.0326, 9.5179)","(-6.5544, -1.2488)","(-0.532, -4.7197)","(6.3489, -0.1049)","(-4.8543, -31.7027)","(-9.0236, 7.2508)","(-27.5631, -4.5346)","(3.3531, 8.3248)","(-3.1824, -1.1001)","(-14.1282, -20.4871)","(23.0748, -1.136)","(6.3035, -7.3512)","(5.6815, 3.5555)","(6.4128, -21.8324)","(-1.2512, 21.3286)","(3.088, -10.9967)","(1.4668, -4.63)","(-0.2948, -0.4959)","(19.8396, -0.8585)"
5.800000000000000000e+01,"(-0.4004, 0.8269)","(13.1293, 4.1591)","(-12.9604, -2.4901)","(-1.6547, -14.9244)","(14.2934, -0.2188)","(-3.8464, -11.038)","(-11.7029, 9.2093)","(-10.6799, -0.1269)","(4.5781, 12.7493)","(-2.8684, -0.6206)","(-6.7113, -6.5967)","(9.6329, -1.5511)","(11.9971, -13.921)","(4.9264, 2.2411)","(3.9607, -16.5161)","(0.2072, 10.6592)","(4.16, -14.6137)","(3.5132, -11.2404)","(-0.7482, -1.2635)","(15.1188, -1.1084)"
5.810000000000000142e+01,"(-1.2858, 2.2838)","(6.1596, 1.9498)","(-20.7708, -3.7832)","(-4.3825, -35.9917)","(24.7953, -0.6601)","(-2.8462, -5.4512)","(-13.8365, 10.9976)","(-5.0316, 0.7193)","(7.753, 21.8599)","(-5.7065, -1.1237)","(-5.4938, -4.1172)","(3.5392, -1.0754)","(14.6833, -17.7667)","(7.8173, 3.2788)","(1.0346, -6.7776)","(0.3783, 3.7454)","(4.4047, -16.1291)","(8.2562, -26.759)","(-2.0156, -3.4155)","(9.9334, -0.8231)"
5.820000000000000284e+01,"(-4.3308, 7.5791)","(7.7859, 3.1523)","(-16.4025, -2.2375)","(-4.4989, -16.679)","(16.3985, -1.5097)","(-5.7049, -9.6699)","(-11.8945, 9.8331)","(-6.5124, 1.467)","(7.9493, 20.1676)","(-13.4337, -2.6672)","(-11.5749, -8.2008)","(2.9691, -1.3165)","(7.1742, -10.0463)","(13.9946, 5.8532)","(0.2631, -2.1215)","(0.2197, 1.1163)","(3.2099, -12.8584)","(5.6154, -23.0405)","(-5.5431, -9.3982)","(9.9156, -0.5019)"
5.830000000000000426e+01,"(-14.2618, 25.0316)","(17.6241, 7.5123)","(-7.0274, -0.4095)","(-4.7126, -9.4314)","(5.9191, -1.288)","(-14.2212, -23.928)","(-8.6306, 7.3086)","(-12.8357, 2.9673)","(4.3788, 9.3575)","(-26.56, -5.0472)","(-25.1222, -17.5615)","(4.6723, -2.2072)","(2.5908, -4.0046)","(20.2533, 8.2001)","(0.1657, -0.7833)","(0.3073, 0.9525)","(2.2406, -9.2305)","(0.5587, -8.7791)","(-13.0565, -21.8209)","(14.8466, -0.4655)"
5.840000000000000568e+01,"(-13.6269, 27.5602)","(28.5302, 11.6262)","(-2.33, -0.0487)","(-6.613, -11.009)","(2.4432, -0.8943)","(-15.3437, -23.0487)","(-7.9419, 6.4953)","(-23.5458, 5.5886)","(2.4072, 5.7835)","(-18.6939, -2.2544)","(-18.0836, -10.6922)","(8.6095, -4.0558)","(1.4497, -1.9318)","(14.7243, 5.1695)","(0.373, -1.2636)","(0.5915, 1.7131)","(2.2741, -8.5913)","(-0.4369, -5.5395)","(-12.4055, -18.3417)","(20.9054, -0.7334)"
5.850000000000000000e+01,"(-2.948, 13.7715)","(13.781, 3.9369)","(-0.7184, -0.0464)","(-9.8871, -15.9959)","(3.0208, -1.3922)","(-6.8657, -7.189)","(-10.1952, 8.032)","(-19.416, 5.5877)","(3.5541, 10.0542)","(-6.8789, 0.1651)","(-6.851, -2.789)","(15.449, -7.3186)","(2.5727, -3.0193)","(6.8151, 2.0137)","(0.8968, -2.9049)","(1.2347, 3.5939)","(3.1227, -11.0203)","(-1.1527, -9.6166)","(-5.964, -6.094)","(17.5002, -1.1752)"
5.860000000000000142e+01,"(-1.3895, 14.0846)","(4.5151, 0.8342)","(-0.7318, -0.1227)","(-10.8942, -16.861)","(5.5755, -2.6148)","(-3.8392, -3.0431)","(-13.6979, 10.7424)","(-7.4575, 2.9388)","(7.4622, 21.6311)","(-3.4718, 0.5803)","(-2.9268, -0.7789)","(18.3627, -9.1646)","(5.8801, -6.7366)","(3.6519, 1.2352)","(2.28, -7.3041)","(2.7545, 8.0623)","(4.3312, -15.1284)","(-2.5265, -20.7506)","(-4.9926, -3.7792)","(9.959, -0.986)"
5.870000000000000284e+01,"(-1.4376, 19.4032)","(0.995, 0.1174)","(-1.465, -0.2809)","(-7.5046, -10.7393)","(11.4086, -5.3295)","(-7.69, -5.4931)","(-13.7505, 11.1444)","(-2.2698, 0.9309)","(9.5064, 25.0213)","(-5.2453, 1.1948)","(-5.627, -1.1586)","(10.2131, -5.88)","(13.2781, -15.2215)","(4.8182, 1.9455)","(5.5907, -17.9943)","(5.8661, 17.0171)","(4.5078, -16.5542)","(-4.0111, -27.2132)","(-6.6831, -4.5905)","(7.8107, -0.5082)"
5.880000000000000426e+01,"(-1.035, 19.7831)","(0.856, 0.0063)","(-3.2764, -0.6448)","(-5.0408, -7.3484)","(19.8615, -9.4581)","(-21.1951, -15.0967)","(-9.6226, 8.2042)","(-1.5563, 0.4258)","(4.9999, 9.7123)","(-11.0266, 2.5306)","(-17.1669, -3.5412)","(4.0925, -2.6152)","(16.7025, -20.2057)","(9.4644, 3.9886)","(7.603, -26.6269)","(8.0976, 21.8235)","(3.0678, -12.5243)","(-3.0137, -11.5427)","(-9.7881, -6.6663)","(11.6538, -0.3646)"
5.890000000000000568e+01,"(-0.3048, 13.3983)","(2.7001, -0.0089)","(-7.7515, -1.5393)","(-5.8291, -9.23)","(16.347, -8.6753)","(-26.8493, -17.5028)","(-7.2032, 6.0649)","(-3.6749, 0.8419)","(1.6011, 2.8127)","(-22.3316, 5.2084)","(-38.6674, -7.4168)","(1.8905, -1.1056)","(6.0863, -9.383)","(18.4731, 7.7674)","(1.848, -11.8325)","(4.8673, 10.2159)","(2.056, -8.6036)","(-1.2394, -3.5378)","(-13.5031, -9.1052)","(19.8985, -0.522)"
5.900000000000000000e+01,"(-0.4035, 10.4742)","(10.4616, -0.0098)","(-17.4444, -3.4226)","(-9.3952, -15.2814)","(6.4189, -4.1811)","(-10.9802, -4.3624)","(-8.3238, 6.6297)","(-10.0299, 2.2322)","(0.5736, 1.4311)","(-21.8641, 6.0102)","(-16.3889, -0.2041)","(2.2791, -1.1301)","(1.7587, -3.707)","(21.2396, 8.2453)","(-0.0494, -5.3642)","(2.1645, 3.4254)","(2.1525, -8.0988)","(-0.3233, -0.7668)","(-13.5857, -8.7893)","(21.9247, -1.0884)"
5.910000000000000142e+01,"(-0.9568, 13.9286)","(37.4499, -0.1755)","(-24.3873, -4.2313)","(-12.0644, -19.0177)","(1.9379, -1.4235)","(-7.4757, -1.7859)","(-12.1892, 9.481)","(-25.7172, 5.8021)","(1.3609, 4.0313)","(-8.3834, 3.3513)","(-10.2954, 1.7118)","(4.3065, -2.0326)","(1.081, -3.2708)","(10.1792, 2.9717)","(-0.6366, -5.585)","(1.5539, 1.8308)","(3.1075, -10.8747)","(-0.3054, -0.5411)","(-9.3974, -5.7044)","(11.8305, -1.2883)"
5.920000000000000284e+01,"(-1.5409, 21.0596)","(23.7312, -3.0668)","(-11.8263, -0.8852)","(-8.3013, -11.7779)","(0.439, -0.3504)","(-14.5436, -2.9118)","(-15.2735, 12.0703)","(-24.8442, 6.9718)","(4.3198, 13.0598)","(-2.5122, 1.2823)","(-15.1489, 3.4595)","(8.9725, -4.1869)","(1.8437, -6.0248)","(3.5191, 0.8019)","(-1.1462, -8.8359)","(2.3789, 2.5372)","(4.4832, -15.5486)","(-0.8679, -1.4832)","(-6.2073, -3.768)","(6.0208, -0.636)"
5.930000000000000426e+01,"(-0.9647, 20.3968)","(15.9868, -6.1602)","(-4.4921, 0.2985)","(-4.5126, -6.24)","(0.1285, -0.1271)","(-30.4636, -5.8631)","(-11.8757, 9.9707)","(-8.79, 4.4083)","(11.8999, 35.0998)","(-1.2443, 0.8528)","(-25.4469, 6.1095)","(17.3198, -8.1532)","(4.0053, -13.0351)","(0.9569, 0.2509)","(-1.9657, -15.0764)","(4.2394, 4.505)","(4.6646, -17.1212)","(-2.9505, -5.0685)","(-5.8861, -3.8152)","(6.9288, -0.2863)"
5.940000000000000568e+01,"(-0.0863, 11.851)","(17.6993, -8.3807)","(-3.4133, 0.6907)","(-4.2678, -6.6479)","(0.1969, -0.2226)","(-20.4001, -2.2937)","(-7.3053, 6.3672)","(-5.8804, 4.1066)","(8.5534, 17.2255)","(-2.2889, 1.7058)","(-19.3292, 5.6899)","(19.2167, -9.7063)","(7.1369, -23.9183)","(0.936, 0.3731)","(-2.8853, -20.1349)","(8.0694, 8.5977)","(2.9658, -12.3453)","(-10.5206, -18.0838)","(-8.0609, -5.4416)","(13.6442, -0.2807)"
5.950000000000000000e+01,"(-0.3115, 8.7153)","(17.1206, -8.7219)","(-4.9909, 1.1851)","(-7.4871, -12.2926)","(0.4733, -0.5384)","(-7.0753, 0.1517)","(-6.5071, 5.3412)","(-8.7266, 6.6176)","(7.1852, 9.0728)","(-5.7385, 4.2674)","(-8.1492, 2.9381)","(8.6733, -5.3384)","(4.2801, -18.0387)","(2.1803, 0.9319)","(-2.6732, -14.271)","(13.4224, 14.1077)","(1.863, -7.9853)","(-20.9141, -33.9284)","(-12.044, -8.1903)","(24.694, -0.6073)"
5.960000000000000142e+01,"(-0.9664, 13.0545)","(12.3262, -6.6274)","(-8.5734, 2.0365)","(-12.7293, -20.714)","(1.2557, -1.423)","(-1.9014, 0.2202)","(-9.4273, 7.3437)","(-14.9837, 11.4564)","(9.8433, 10.5998)","(-15.0622, 11.1967)","(-6.1264, 1.6984)","(2.82, -2.0692)","(0.8307, -6.8707)","(5.7138, 2.4731)","(-1.5842, -6.9497)","(12.7581, 12.5344)","(1.9731, -7.433)","(-11.4129, -11.3456)","(-14.6891, -9.7491)","(19.8077, -1.4654)"
5.970000000000000284e+01,"(-1.7682, 22.4952)","(11.0548, -5.7059)","(-14.8045, 3.5329)","(-10.7595, -15.7802)","(3.5117, -3.969)","(-2.4321, 0.516)","(-14.638, 11.3251)","(-17.3485, 13.8503)","(15.0826, 15.798)","(-24.1967, 18.7786)","(-13.3371, 3.0863)","(0.8028, -0.723)","(0.0454, -2.1517)","(15.3635, 6.6539)","(-0.8166, -4.2645)","(6.4827, 5.5618)","(2.9931, -10.398)","(-11.2953, -8.3649)","(-11.5757, -7.1926)","(7.7674, -1.2846)"
5.980000000000000426e+01,"(-1.0205, 21.9692)","(15.0181, -7.3469)","(-18.9121, 4.8144)","(-5.0223, -6.3685)","(9.7558, -11.0378)","(-8.0833, 1.7435)","(-15.4418, 12.4542)","(-9.352, 8.406)","(14.5368, 14.3294)","(-9.0829, 9.2836)","(-28.9314, 6.714)","(0.737, -0.8234)","(-0.1764, -1.7743)","(28.194, 11.6739)","(-0.7967, -5.5723)","(2.5316, 2.0443)","(4.5703, -15.7029)","(-14.3901, -9.7749)","(-7.0808, -4.1973)","(2.6034, -0.392)"
5.990000000000000568e+01,"(0.1832, 10.6518)","(19.73, -9.7148)","(-12.6893, 3.848)","(-2.3495, -3.3012)","(19.3051, -22.412)","(-29.5478, 6.38)","(-9.1525, 8.0523)","(-4.4321, 4.0789)","(8.4627, 7.6766)","(-3.5811, 5.1924)","(-20.8085, 6.3579)","(1.3938, -1.6025)","(-0.4312, -3.6166)","(13.8424, 3.8756)","(-1.301, -10.1178)","(1.1404, 1.0374)","(4.9333, -17.9663)","(-15.1296, -9.8808)","(-5.2724, -3.2947)","(2.8694, -0.1091)"
6.000000000000000000e+01,"(-0.1077, 6.0697)","(15.8153, -8.3887)","(-5.8992, 2.0617)","(-3.4505, -5.6203)","(9.189, -13.1477)","(-31.7139, 8.9934)","(-5.4491, 4.7704)","(-4.4998, 3.6248)","(6.1888, 6.019)","(-3.5846, 6.38)","(-6.9133, 3.2191)","(3.0892, -3.5372)","(-1.045, -8.9242)","(6.7923, 0.6307)","(-2.3449, -18.1326)","(1.4143, 1.4601)","(2.9654, -12.5383)","(-12.1344, -7.6037)","(-6.3469, -4.2311)","(7.0581, -0.095)"
6.010000000000000142e+01,"(-0.739, 9.6139)","(10.1055, -5.5587)","(-3.1414, 1.0022)","(-7.9122, -13.2539)","(3.0258, -6.7955)","(-14.2176, 8.5321)","(-6.2013, 4.9458)","(-8.6515, 6.5845)","(9.485, 9.9488)","(-6.0396, 11.0168)","(-1.9741, 1.186)","(7.2117, -8.238)","(-2.57, -21.6103)","(7.2324, -0.0711)","(-3.1721, -20.7613)","(2.6578, 2.8288)","(1.667, -7.4419)","(-10.0737, -6.3889)","(-9.7304, -6.6379)","(18.7933, -0.1986)"
6.020000000000000284e+01,"(-1.8065, 20.7063)","(10.643, -5.3616)","(-3.5085, 0.9128)","(-15.1823, -24.9013)","(2.1949, -6.9342)","(-14.6363, 10.8806)","(-10.68, 8.1927)","(-17.0186, 12.9144)","(16.4888, 17.3798)","(-9.9237, 18.3159)","(-2.5666, 1.8719)","(14.5455, -16.8124)","(-4.0597, -26.7624)","(11.2665, -0.2839)","(-2.4261, -11.0707)","(5.5505, 5.9537)","(1.7045, -6.5079)","(-11.4803, -7.6028)","(-14.1745, -9.6042)","(32.0757, -0.9586)"
6.030000000000000426e+01,"(-1.7861, 27.8369)","(17.0795, -8.2084)","(-5.9817, 1.4339)","(-10.2395, -14.0261)","(2.7882, -9.5421)","(-18.3978, 14.4166)","(-16.993, 13.1248)","(-18.3357, 14.8054)","(15.3257, 14.9457)","(-8.851, 17.6695)","(-7.9587, 5.8395)","(13.1347, -16.5237)","(-3.0703, -10.0668)","(17.8081, -0.5074)","(-1.1528, -4.4885)","(11.2934, 12.0734)","(2.7031, -9.347)","(-15.0964, -10.1244)","(-14.2291, -9.1911)","(13.3639, -2.295)"
6.040000000000000568e+01,"(0.4969, 12.3893)","(21.4242, -10.6323)","(-11.2127, 2.6374)","(-4.2832, -4.4512)","(3.9554, -13.6601)","(-13.3894, 11.3447)","(-14.4755, 12.024)","(-7.5197, 7.2983)","(7.3669, 6.2807)","(-3.8367, 8.9978)","(-25.8365, 19.0207)","(4.318, -7.0478)","(-2.2361, -4.5844)","(19.4284, -0.9543)","(-0.4886, -2.543)","(15.702, 16.1679)","(4.4709, -15.1774)","(-15.8433, -10.3084)","(-9.0989, -5.4164)","(6.118, -2.1581)"
6.050000000000000000e+01,"(0.3925, 3.9007)","(13.2608, -7.4111)","(-18.5255, 4.4701)","(-2.2751, -1.8078)","(4.5727, -16.4212)","(-8.5314, 7.3487)","(-6.7677, 6.2896)","(-2.4304, 2.5444)","(4.0937, 3.8579)","(-1.9068, 4.3404)","(-21.0563, 18.1673)","(1.3434, -3.1022)","(-3.2272, -5.4205)","(11.8582, -1.1196)","(-0.5274, -3.8639)","(9.4043, 8.396)","(5.3702, -19.1596)","(-11.8285, -7.3067)","(-5.4141, -3.2137)","(7.1195, -3.2586)"
6.060000000000000142e+01,"(-0.0114, 1.3614)","(7.7083, -4.3096)","(-17.5349, 4.8122)","(-4.1312, -2.9344)","(3.3884, -13.4755)","(-10.5163, 8.3077)","(-3.7799, 3.3333)","(-1.358, 1.1573)","(6.8479, 7.2454)","(-2.4499, 4.694)","(-7.9746, 11.3067)","(1.0817, -3.427)","(-5.8326, -9.6293)","(6.4653, -0.6574)","(-0.9816, -7.9188)","(3.697, 2.7305)","(3.2147, -13.5701)","(-9.2669, -5.8302)","(-4.9439, -3.1944)","(13.3501, -6.2511)"
6.070000000000000284e+01,"(-0.2947, 3.2696)","(10.0489, -4.9272)","(-8.5415, 2.9408)","(-10.4642, -7.4326)","(2.0598, -8.8393)","(-17.8881, 13.7574)","(-5.2021, 4.0733)","(-2.9758, 2.251)","(15.3422, 16.4929)","(-4.9682, 9.0348)","(-7.5528, 13.3636)","(1.6957, -5.6572)","(-10.4118, -17.0685)","(6.0672, -0.3247)","(-2.0486, -16.6328)","(1.3013, 0.7615)","(1.508, -7.2107)","(-10.9632, -7.2967)","(-7.1129, -4.8257)","(22.3079, -10.6755)"
6.080000000000000426e+01,"(-1.0117, 10.2257)","(19.146, -9.0468)","(-3.3978, 1.2687)","(-24.1513, -16.9485)","(1.7756, -7.014)","(-18.5171, 15.0189)","(-10.4248, 7.8999)","(-7.8512, 5.8341)","(19.792, 20.0684)","(-9.8993, 17.975)","(-10.9765, 20.3251)","(3.1494, -10.4525)","(-11.5374, -17.7729)","(9.7979, -0.2748)","(-3.3889, -24.1147)","(1.3277, 0.588)","(1.3232, -5.2906)","(-15.5511, -10.5101)","(-11.5517, -7.9188)","(16.0647, -8.7562)"
6.090000000000000568e+01,"(-2.9595, 30.6485)","(23.2127, -11.6086)","(-1.8982, 0.5816)","(-18.2204, -10.8736)","(2.3552, -8.4121)","(-9.179, 8.367)","(-18.7285, 14.3219)","(-19.8725, 14.8246)","(8.8642, 7.0017)","(-10.8317, 21.0357)","(-9.2375, 18.5914)","(5.2902, -17.8409)","(-6.3285, -8.4021)","(17.237, -0.4238)","(-2.8915, -13.2206)","(2.3679, 0.9991)","(2.1429, -7.4329)","(-16.742, -10.916)","(-15.6203, -10.4868)","(6.2231, -4.0252)"
6.100000000000000000e+01,"(-0.628, 26.3942)","(10.8746, -6.5578)","(-2.6782, 0.6665)","(-7.6325, -2.8609)","(3.5703, -12.3143)","(-6.4153, 5.4099)","(-15.2381, 12.7794)","(-20.8672, 17.024)","(2.8086, 1.858)","(-4.0438, 9.9851)","(-4.6344, 10.3509)","(4.9505, -18.5424)","(-2.6499, -3.3969)","(21.4937, -0.9024)","(-1.4901, -4.6126)","(4.8242, 2.0461)","(3.9074, -13.0956)","(-11.5456, -7.0065)","(-12.6657, -7.8936)","(2.7296, -1.5962)"
6.110000000000000142e+01,"(2.525, 11.8975)","(4.8349, -2.8693)","(-5.1096, 1.1998)","(-5.93, -1.3458)","(4.6982, -16.5057)","(-11.7297, 8.9704)","(-5.7219, 5.7407)","(-6.5433, 7.6281)","(0.9761, 0.5025)","(-1.1538, 3.402)","(-4.2765, 8.5125)","(1.9583, -9.7548)","(-1.8338, -2.7777)","(12.9859, -1.2608)","(-0.6081, -1.3845)","(10.338, 4.3981)","(5.8046, -19.976)","(-8.2237, -5.0975)","(-7.0194, -4.0349)","(4.3007, -2.0669)"
6.120000000000000284e+01,"(3.9093, 11.8013)","(6.934, -3.3539)","(-10.4796, 2.4279)","(-10.6144, -2.0743)","(3.9591, -15.2188)","(-22.3664, 17.0605)","(-1.8576, 1.8917)","(-3.3307, 5.3516)","(1.9284, 0.8478)","(-0.3898, 0.9676)","(-8.0003, 14.6923)","(0.6845, -4.0194)","(-3.2106, -5.2772)","(5.868, -0.7587)","(-0.7434, -1.2845)","(19.2118, 8.0289)","(4.1287, -16.5413)","(-9.9802, -6.669)","(-4.3012, -2.5937)","(10.3953, -4.8008)"
6.130000000000000426e+01,"(6.4119, 18.1342)","(16.9009, -7.8114)","(-19.1636, 4.5422)","(-21.4757, -4.1397)","(2.2699, -9.8517)","(-15.9665, 13.7294)","(-1.5589, 1.2657)","(-4.5411, 8.204)","(6.2501, 2.7508)","(-0.6977, 1.2949)","(-12.8678, 23.914)","(0.5084, -2.2013)","(-6.9744, -11.6399)","(4.0288, -0.289)","(-1.5189, -2.5377)","(18.3394, 6.8633)","(1.5596, -8.0857)","(-15.6635, -10.6907)","(-4.7872, -3.1692)","(23.6095, -10.9751)"
6.140000000000000568e+01,"(7.8712, 20.9442)","(29.0315, -13.944)","(-19.2468, 5.2167)","(-24.717, -3.9957)","(1.6155, -6.733)","(-5.5362, 5.6584)","(-3.5892, 2.7014)","(-8.2848, 15.089)","(21.8511, 9.628)","(-1.8189, 3.2419)","(-7.5574, 16.3463)","(0.8773, -3.0486)","(-13.0387, -21.3854)","(6.3955, -0.1848)","(-3.5273, -5.9228)","(7.9978, 2.1516)","(0.8723, -4.0842)","(-18.2143, -11.9778)","(-7.7396, -5.3068)","(21.0203, -11.1093)"
6.150000000000000000e+01,"(5.5161, 12.8431)","(12.4681, -7.9137)","(-8.6155, 3.1139)","(-10.7765, -0.6557)","(1.9557, -7.153)","(-3.1183, 2.6573)","(-9.3366, 6.9418)","(-11.1732, 21.1026)","(35.2933, 14.1113)","(-5.0861, 8.9936)","(-2.8585, 7.0195)","(1.7672, -5.8491)","(-10.5952, -15.329)","(12.8142, -0.2492)","(-8.4021, -14.104)","(2.7252, 0.4552)","(1.2668, -4.5528)","(-11.6474, -6.9198)","(-13.0507, -8.9722)","(6.9829, -5.2181)"
6.160000000000000142e+01,"(3.3313, 7.8698)","(3.8978, -3.2389)","(-2.8551, 1.2618)","(-3.453, -0.0663)","(3.0369, -10.4706)","(-7.8871, 5.9093)","(-21.6261, 16.2384)","(-6.0221, 13.2606)","(15.5421, 2.0793)","(-12.8781, 22.9749)","(-3.007, 5.8709)","(3.6574, -11.9981)","(-4.5722, -5.2156)","(22.6281, -0.5705)","(-14.1948, -22.9774)","(1.544, 0.0463)","(2.5115, -8.3689)","(-6.9577, -4.1655)","(-16.3788, -10.8881)","(2.9975, -2.9992)"
6.170000000000000284e+01,"(3.7148, 10.1192)","(2.2157, -2.3759)","(-0.7479, 0.3971)","(-1.6486, -0.2224)","(4.5205, -15.5713)","(-22.2248, 16.4885)","(-17.2588, 14.6394)","(-2.3037, 5.7108)","(14.3769, 0.0332)","(-11.0872, 22.5124)","(-7.3552, 13.2228)","(6.1235, -20.6746)","(-1.6339, -1.5088)","(19.1643, -1.3165)","(-8.5226, -11.3073)","(2.3619, -0.0431)","(4.9396, -16.3337)","(-8.1022, -5.4055)","(-11.202, -6.7369)","(4.2337, -4.8216)"
6.180000000000000426e+01,"(6.4902, 18.4621)","(5.0681, -5.7205)","(-0.4597, 0.324)","(-3.805, -0.7452)","(4.6506, -17.0929)","(-23.279, 19.1213)","(-5.4362, 6.5581)","(-1.7636, 3.6276)","(19.4059, -0.5766)","(-2.5302, 9.3394)","(-15.1559, 27.5451)","(4.3599, -17.4575)","(-1.6457, -1.2003)","(7.8792, -1.2371)","(-3.8435, -3.7724)","(4.4857, -0.0881)","(6.3366, -22.3467)","(-14.4293, -9.9629)","(-5.5585, -3.0953)","(9.2914, -10.6296)"
6.190000000000000568e+01,"(8.7012, 23.3972)","(15.1399, -17.0641)","(-0.8213, 0.6171)","(-10.8562, -2.2126)","(2.7554, -11.7254)","(-7.0804, 8.7685)","(-2.9756, 4.8834)","(-3.4702, 6.3597)","(19.9828, -1.0279)","(-0.8823, 7.2719)","(-7.7839, 17.5697)","(1.1719, -7.4084)","(-3.4229, -2.4128)","(2.5312, -0.4672)","(-3.22, -2.4024)","(9.2861, -0.1638)","(2.7593, -13.0144)","(-20.494, -13.7833)","(-3.3911, -2.0599)","(17.8079, -20.6883)"
6.200000000000000000e+01,"(5.5922, 12.4071)","(22.9121, -27.4177)","(-1.7836, 1.3386)","(-28.7767, -5.7605)","(1.5671, -6.9882)","(-4.1534, 6.911)","(-4.3036, 7.7876)","(-7.8357, 14.0895)","(13.7528, -1.1053)","(-0.8731, 10.6304)","(-1.8378, 6.4306)","(0.2241, -2.3688)","(-8.3561, -5.9167)","(1.1984, -0.1023)","(-5.1378, -3.5698)","(18.0227, -0.3749)","(0.7246, -5.012)","(-13.1719, -7.7656)","(-4.2564, -2.854)","(11.5025, -15.2988)"
6.210000000000000142e+01,"(2.6163, 5.6761)","(6.3622, -11.9232)","(-4.201, 3.1395)","(-24.1948, -3.1594)","(1.5597, -5.9947)","(-7.8922, 14.0688)","(-8.0399, 14.6213)","(-13.0345, 24.116)","(10.888, -0.7137)","(-1.3417, 17.1919)","(-0.4115, 2.6416)","(0.0085, -0.6423)","(-19.3135, -13.5808)","(2.2595, -0.0518)","(-9.5034, -6.6025)","(21.5015, -0.9687)","(0.3015, -1.7156)","(-5.9773, -3.2669)","(-7.4767, -5.1634)","(3.407, -5.9839)"
6.220000000000000284e+01,"(2.4621, 6.6599)","(3.1783, -9.0326)","(-10.0204, 7.4877)","(-10.0321, 0.7964)","(2.3802, -8.2842)","(-15.2926, 27.8853)","(-11.2329, 21.1305)","(-6.437, 14.5672)","(14.4719, -0.5259)","(-1.2689, 20.6921)","(-0.5131, 5.1788)","(-0.058, -0.566)","(-20.7589, -13.3522)","(5.464, -0.0715)","(-16.3839, -11.2721)","(10.8037, -1.3266)","(0.4995, -1.7874)","(-4.853, -3.1362)","(-13.446, -9.2944)","(0.9164, -2.1574)"
6.230000000000000426e+01,"(5.0475, 14.6705)","(4.6363, -15.1294)","(-19.0964, 14.5374)","(-8.7498, 1.8302)","(3.9062, -13.2775)","(-7.4244, 16.977)","(-6.1859, 13.5568)","(-1.673, 5.3594)","(21.4719, -0.701)","(-0.2191, 13.4735)","(-1.6216, 16.2558)","(-0.1356, -1.123)","(-8.4805, -3.8036)","(14.034, -0.1582)","(-16.4936, -10.6119)","(3.782, -0.784)","(1.1595, -3.7971)","(-9.4778, -6.5965)","(-17.3281, -11.5436)","(0.8972, -2.8096)"
6.240000000000000568e+01,"(9.6125, 27.3052)","(7.5113, -25.441)","(-14.0523, 11.9973)","(-14.1992, 3.3381)","(5.1392, -18.0372)","(-1.7967, 5.996)","(-2.239, 5.6878)","(-0.35, 1.8005)","(20.069, -1.1977)","(-0.005, 7.2189)","(-3.5015, 39.7185)","(-0.3076, -2.5809)","(-4.457, -1.2296)","(28.3031, -0.602)","(-8.376, -4.6145)","(1.119, -0.344)","(2.8292, -9.1109)","(-19.8502, -13.8572)","(-11.0889, -6.5457)","(2.1337, -6.818)"
6.250000000000000000e+01,"(7.2886, 16.5584)","(4.3752, -18.5846)","(-4.6046, 5.1711)","(-22.165, 5.4035)","(3.721, -14.8521)","(-0.314, 1.4332)","(-1.3998, 2.9926)","(-0.23, 2.3012)","(11.7036, -1.1269)","(-0.3187, 6.4677)","(1.4553, 17.2437)","(-0.7471, -6.365)","(-5.9787, -1.1794)","(17.612, -1.812)","(-3.3933, -1.784)","(0.9346, -0.4135)","(6.3797, -20.7381)","(-20.4018, -13.059)","(-4.9047, -2.5969)","(5.7817, -18.4189)"
6.260000000000000142e+01,"(3.1779, 5.4641)","(1.3334, -7.7734)","(-1.9464, 2.987)","(-18.0726, 5.1782)","(1.7818, -8.3302)","(-0.1586, 1.4394)","(-2.609, 4.8133)","(-0.5199, 5.5363)","(9.2547, -0.5914)","(-0.8161, 10.5533)","(3.0046, 10.9125)","(-1.8334, -15.5008)","(-11.0747, -2.1231)","(6.6802, -1.8701)","(-2.166, -1.3523)","(1.6703, -0.7807)","(6.5509, -24.173)","(-8.4499, -4.1096)","(-2.3495, -1.3624)","(9.0697, -31.1563)"
6.270000000000000284e+01,"(0.8054, 1.2365)","(1.3393, -5.2449)","(-2.1696, 3.9223)","(-8.619, 2.9501)","(1.2395, -5.2783)","(-0.4965, 4.8289)","(-6.0078, 10.789)","(-1.4495, 15.1559)","(14.3947, -0.4258)","(-1.5108, 18.76)","(5.2834, 15.4161)","(-3.5163, -26.2974)","(-20.1821, -3.8011)","(4.9649, -2.147)","(-3.5314, -2.4235)","(3.4953, -1.6273)","(1.3046, -9.8039)","(-2.4612, -1.0176)","(-2.7308, -1.8219)","(1.7661, -13.1617)"
6.280000000000000426e+01,"(0.2663, 0.331)","(3.4222, -11.2077)","(-3.4605, 6.3566)","(-5.6982, 1.6699)","(1.678, -6.0358)","(-2.0364, 19.4542)","(-12.1537, 22.0588)","(-2.6755, 31.7551)","(23.7298, -0.6738)","(-1.2936, 21.9972)","(8.6139, 24.104)","(-3.1881, -14.1845)","(-21.1776, -3.3298)","(7.5691, -3.5683)","(-7.3608, -5.1523)","(7.8215, -3.6253)","(-0.0747, -4.2767)","(-0.4559, -0.1765)","(-5.0547, -3.5052)","(-0.2508, -6.8311)"
6.290000000000000568e+01,"(0.5886, 0.6494)","(8.0691, -26.2151)","(-6.0127, 11.0223)","(-9.3404, 2.2579)","(2.8886, -9.7956)","(-3.9677, 47.0285)","(-9.3145, 19.1733)","(0.4181, 16.7508)","(20.3684, -1.3695)","(0.0468, 12.0622)","(7.3219, 17.6952)","(-2.0981, -5.2772)","(-10.0894, -0.7991)","(13.4854, -6.3764)","(-15.2493, -10.6535)","(16.4174, -7.6664)","(-0.5498, -4.7861)","(-0.0581, -0.0237)","(-10.2918, -7.1902)","(-1.0225, -8.6494)"
6.300000000000000000e+01,"(2.0248, 2.2353)","(6.1554, -24.4894)","(-8.8075, 16.4498)","(-19.0515, 4.439)","(4.7568, -16.1195)","(3.5248, 19.7717)","(-2.5154, 7.5104)","(1.5978, 7.4383)","(9.6667, -1.1848)","(0.1282, 5.3232)","(3.7783, 8.1255)","(-2.1803, -3.8653)","(-3.8007, -0.2081)","(19.5431, -9.4994)","(-19.881, -13.2153)","(20.7366, -10.2914)","(-1.0596, -8.3934)","(-0.0389, -0.0268)","(-17.8803, -12.2939)","(-1.9982, -15.8928)"
6.310000000000000142e+01,"(7.7983, 8.6405)","(0.8243, -9.018)","(-7.2431, 14.6303)","(-25.317, 6.4494)","(5.1397, -18.6943)","(5.7513, 17.8835)","(-0.5639, 2.7714)","(2.4682, 7.446)","(6.6453, -0.4677)","(-0.2013, 4.3275)","(2.8514, 7.4406)","(-3.312, -5.4232)","(-2.4606, -0.3508)","(13.9769, -7.5975)","(-10.19, -5.5509)","(9.5329, -5.8485)","(-2.0168, -15.9678)","(-0.1439, -0.1038)","(-15.4766, -9.6922)","(-3.3362, -24.3135)"
6.320000000000000284e+01,"(26.0834, 28.5708)","(-0.133, -3.5203)","(-3.4116, 7.8371)","(-12.0992, 4.2278)","(2.656, -11.8056)","(7.6611, 20.9456)","(-0.3193, 3.1796)","(4.3771, 12.5385)","(11.9468, -0.2864)","(-0.6419, 7.8815)","(5.4105, 15.6263)","(-5.4782, -8.9554)","(-4.5804, -0.8651)","(6.2459, -3.8201)","(-3.6793, -1.5679)","(3.1351, -2.4736)","(-3.183, -22.5461)","(-0.559, -0.4054)","(-6.8008, -3.4747)","(-3.1648, -16.2215)"
6.330000000000000426e+01,"(16.6296, 13.6961)","(-0.6182, -5.542)","(-1.6815, 3.8604)","(-4.1544, 1.6895)","(1.183, -5.8846)","(6.4519, 15.9016)","(-0.6259, 6.8691)","(7.2897, 20.4903)","(24.5392, -0.4848)","(-1.4452, 16.5951)","(9.9992, 28.2686)","(-8.768, -14.2372)","(-10.5389, -2.08)","(3.4413, -1.9373)","(-1.4047, -0.4084)","(1.6228, -1.698)","(-2.8354, -14.0728)","(-2.3212, -1.6877)","(-2.2185, -0.984)","(-1.7063, -6.7042)"
6.340000000000000568e+01,"(14.4319, 7.2348)","(-1.7498, -15.4826)","(-1.6066, 3.206)","(-2.2241, 0.6538)","(1.0457, -4.2031)","(4.5885, 11.2014)","(-1.5462, 16.7594)","(7.2154, 18.2136)","(24.4078, -1.4468)","(-1.8655, 25.6584)","(7.2345, 16.1647)","(-9.9444, -15.4425)","(-22.7355, -4.4137)","(4.6899, -2.2933)","(-1.8919, -0.3828)","(2.2285, -2.5769)","(-1.4959, -5.622)","(-9.9967, -7.276)","(-0.5301, -0.2152)","(-0.7324, -3.9)"
6.350000000000000000e+01,"(16.8448, 6.9914)","(-4.4092, -35.886)","(-2.5943, 4.8266)","(-4.9015, 1.1345)","(1.7155, -5.9454)","(5.0652, 13.6907)","(-2.2593, 29.2654)","(4.0082, 8.5745)","(9.4977, -1.6023)","(0.0324, 14.7801)","(2.9813, 5.3277)","(-6.5942, -9.3006)","(-23.1899, -3.5411)","(9.2657, -4.3532)","(-3.9217, -0.7688)","(3.9682, -4.6058)","(-0.5311, -2.327)","(-34.3977, -24.6338)","(-0.1216, -0.04)","(-0.8999, -6.9126)"
6.360000000000000142e+01,"(16.8212, 6.4727)","(-4.437, -17.031)","(-4.7572, 8.694)","(-13.2935, 2.9644)","(3.2028, -10.6957)","(7.634, 21.2381)","(0.3735, 14.8128)","(1.9867, 4.5453)","(2.8627, -0.4974)","(0.4923, 5.2734)","(0.8606, 1.9446)","(-3.4543, -4.6824)","(-9.027, -0.194)","(18.0031, -8.4723)","(-9.1733, -1.8196)","(7.6136, -8.8122)","(-0.4077, -2.8203)","(-18.8059, -8.7942)","(-0.1238, -0.0265)","(-1.9153, -15.9124)"
6.370000000000000284e+01,"(13.1651, 4.7988)","(-3.816, -8.0107)","(-8.1583, 14.9948)","(-30.4339, 7.0105)","(5.3605, -18.107)","(8.0145, 20.5736)","(1.0088, 5.5965)","(2.2448, 6.1591)","(2.8358, -0.1061)","(0.1746, 1.3278)","(1.6505, 4.8414)","(-2.3891, -3.5417)","(-3.4898, 0.3987)","(20.3242, -10.248)","(-20.3934, -3.9871)","(12.6072, -14.7863)","(-0.7253, -5.8487)","(-17.9815, -4.3474)","(-0.2847, -0.057)","(-3.7313, -28.3147)"
6.380000000000000426e+01,"(11.6865, 4.4091)","(-5.671, -9.6178)","(-8.9294, 17.2865)","(-18.6334, 6.0893)","(4.9966, -18.7384)","(5.028, 11.4682)","(1.3833, 4.3715)","(4.3817, 12.658)","(8.0089, -0.0785)","(0.0314, 0.2383)","(5.2025, 15.7163)","(-3.1131, -4.981)","(-3.7783, 0.8273)","(9.1266, -5.6159)","(-24.3313, -3.9797)","(11.281, -14.1576)","(-1.5972, -13.2737)","(-17.9919, -3.1159)","(-0.7332, -0.1477)","(-3.4944, -15.9696)"
6.390000000000000568e+01,"(14.3899, 5.7301)","(-11.3297, -18.8184)","(-4.5998, 10.2611)","(-7.1235, 3.9328)","(2.0042, -9.9161)","(3.7261, 9.4776)","(2.6793, 7.7863)","(8.1733, 23.2483)","(24.0131, -0.185)","(-0.003, 0.0837)","(13.022, 37.8416)","(-5.3051, -8.6852)","(-7.3026, 1.6839)","(3.0251, -2.1109)","(-10.1324, -0.4238)","(4.9184, -7.1217)","(-3.1944, -24.7857)","(-13.4772, -1.8724)","(-2.0042, -0.4068)","(-1.933, -5.4328)"
6.400000000000000000e+01,"(18.4213, 7.3449)","(-14.5079, -22.6958)","(-1.8299, 4.5186)","(-6.0007, 4.3427)","(0.7736, -4.2702)","(5.7962, 16.3745)","(5.614, 16.309)","(7.5001, 18.3387)","(33.8712, -1.4458)","(-0.0225, 0.2397)","(8.3331, 15.0058)","(-8.9131, -14.5355)","(-15.7932, 3.6295)","(0.9287, -0.5891)","(-4.0014, 0.4048)","(1.766, -2.7464)","(-3.4257, -18.1124)","(-10.5653, -1.5176)","(-5.6795, -1.1578)","(-1.1135, -2.1852)"
6.410000000000000853e+01,"(16.9211, 6.3455)","(-7.3985, -9.4487)","(-1.0601, 2.3263)","(-10.604, 8.007)","(0.7106, -2.8663)","(9.2771, 25.7717)","(8.8879, 24.5505)","(3.5993, 6.8096)","(12.4826, -3.2354)","(-0.0726, 0.7362)","(7.222, 8.7612)","(-10.3856, -16.1702)","(-25.1789, 6.1604)","(1.1798, -0.5762)","(-3.8654, 0.8366)","(0.8524, -1.1763)","(-2.0931, -6.4946)","(-12.6494, -2.1515)","(-15.7001, -3.1819)","(-2.0456, -3.4621)"
6.420000000000000284e+01,"(11.9691, 4.2515)","(-2.687, -3.389)","(-1.4576, 2.7742)","(-18.9718, 14.4938)","(1.3009, -4.4452)","(7.0091, 16.273)","(5.9383, 13.0624)","(1.0899, 1.9627)","(8.9351, -3.7828)","(-0.2432, 2.4213)","(11.2151, 12.0546)","(-6.6455, -9.2633)","(-14.2867, 4.6705)","(2.7887, -1.2915)","(-6.5531, 1.5371)","(1.1796, -1.4142)","(-1.1624, -2.4457)","(-18.3639, -3.2738)","(-29.2878, -5.4536)","(-5.1112, -8.6344)"
6.429999999999999716e+01,"(10.8986, 4.143)","(-2.6688, -4.2749)","(-2.7084, 4.9551)","(-16.0737, 13.3992)","(2.6629, -8.7787)","(3.3325, 7.069)","(2.495, 4.4017)","(0.4393, 1.0941)","(14.2258, -6.6562)","(-0.8445, 8.3313)","(17.7106, 18.5385)","(-3.1946, -4.2018)","(-4.8897, 2.1987)","(7.263, -3.3273)","(-12.6593, 2.9564)","(2.2948, -2.6605)","(-1.6846, -2.8531)","(-20.1465, -3.2606)","(-14.4106, -0.9872)","(-12.8528, -21.614)"
6.440000000000000568e+01,"(14.908, 6.022)","(-6.892, -11.6394)","(-5.3569, 9.7168)","(-6.2743, 6.1706)","(5.1817, -17.1389)","(2.849, 7.6573)","(0.6419, 1.0567)","(0.8953, 2.6125)","(22.5538, -10.8373)","(-2.6072, 26.501)","(13.7254, 13.0044)","(-1.8952, -2.7496)","(-1.4805, 0.8663)","(18.5467, -8.5244)","(-21.0062, 5.0729)","(4.8612, -5.5885)","(-3.3236, -5.5296)","(-13.5961, -1.7179)","(-7.1416, 0.8612)","(-14.741, -22.4625)"
6.450000000000000000e+01,"(19.8508, 7.9491)","(-16.8069, -28.11)","(-9.274, 17.0361)","(-2.6103, 2.4311)","(6.0398, -21.662)","(6.1332, 17.9154)","(0.1106, 0.2137)","(2.4408, 7.2892)","(16.4735, -8.9382)","(-1.3965, 29.9441)","(6.6958, 5.8451)","(-2.3978, -3.831)","(-1.5285, 1.1187)","(25.7761, -12.7057)","(-17.3138, 4.9529)","(10.1117, -11.6454)","(-7.1913, -12.0013)","(-9.344, -1.2467)","(-7.2368, 1.6337)","(-6.8398, -7.2535)"
6.460000000000000853e+01,"(16.5385, 6.0541)","(-12.2583, -16.7771)","(-8.6127, 17.0817)","(-3.819, 2.9674)","(2.3194, -11.5794)","(10.9493, 30.6177)","(0.1277, 0.3656)","(6.8897, 20.5591)","(7.1991, -4.3956)","(2.53, 12.8897)","(5.718, 5.7391)","(-4.2548, -6.9925)","(-3.2975, 2.4648)","(9.4274, -6.5109)","(-7.356, 2.7189)","(14.7266, -17.4989)","(-12.8442, -20.9741)","(-11.3218, -1.9375)","(-9.7162, 2.3854)","(-4.7153, -3.689)"
6.470000000000000284e+01,"(10.4397, 3.594)","(-6.2217, -5.8014)","(-3.4968, 8.4178)","(-9.3168, 6.9682)","(0.5418, -4.2487)","(6.6516, 13.5086)","(0.3579, 1.0709)","(11.0081, 29.9094)","(5.5346, -2.8929)","(3.8218, 11.6221)","(11.511, 12.3034)","(-7.8971, -13.0056)","(-8.3439, 6.208)","(4.2598, -4.1394)","(-2.6327, 1.0133)","(8.2682, -11.243)","(-9.9737, -14.3129)","(-18.2842, -3.3476)","(-13.5445, 3.3578)","(-7.5436, -5.2951)"
6.479999999999999716e+01,"(9.8354, 3.7756)","(-6.3571, -4.6448)","(-1.1202, 3.0978)","(-21.3309, 16.0277)","(0.1296, -1.1578)","(2.5336, 4.052)","(1.1211, 3.3863)","(6.1953, 10.4717)","(11.1045, -5.2247)","(4.9413, 13.5176)","(20.6746, 21.7677)","(-11.1836, -17.8435)","(-19.5224, 14.6373)","(4.7245, -5.4119)","(-1.7283, 0.4949)","(2.6479, -4.4576)","(-4.2867, -4.8997)","(-22.1104, -3.6919)","(-15.9059, 4.1106)","(-14.7899, -10.3168)"
6.490000000000000568e+01,"(15.2267, 6.246)","(-13.4039, -9.4562)","(-0.4065, 1.0186)","(-18.2035, 15.271)","(0.0859, -0.4005)","(0.6847, 0.9148)","(3.7198, 11.2747)","(5.1081, 6.1028)","(23.4556, -10.9798)","(5.4584, 14.4298)","(12.9202, 11.5282)","(-8.0653, -11.5075)","(-18.8966, 15.5464)","(7.705, -8.9835)","(-3.1359, 0.7473)","(0.7214, -1.5926)","(-1.5423, -1.4269)","(-13.9142, -1.6382)","(-13.1005, 3.7079)","(-21.2392, -14.2883)"
6.500000000000000000e+01,"(21.6278, 8.7265)","(-25.0686, -17.2938)","(-0.4729, 0.9185)","(-5.6803, 6.5609)","(0.2077, -0.6974)","(1.0679, 1.1879)","(10.5302, 31.2095)","(7.4793, 7.9784)","(21.0968, -11.1051)","(5.1486, 13.1877)","(4.7626, 3.5704)","(-3.7208, -4.6951)","(-6.0355, 6.8627)","(12.3239, -14.4867)","(-6.9482, 1.592)","(0.5143, -1.5939)","(-1.5368, -1.1208)","(-7.8313, -0.895)","(-8.8373, 2.6493)","(-12.2549, -6.981)"
6.510000000000000853e+01,"(16.2746, 5.7799)","(-15.2496, -8.6806)","(-0.9527, 1.7365)","(-2.3526, 3.6672)","(0.5063, -1.6361)","(3.8169, 4.225)","(8.7012, 19.1944)","(12.1785, 12.8287)","(7.3022, -5.0587)","(4.5187, 11.4686)","(1.6556, 1.5239)","(-1.4689, -1.9138)","(-2.7762, 4.3526)","(12.1506, -15.0518)","(-15.769, 3.6031)","(0.843, -2.7845)","(-3.0487, -2.1425)","(-8.8243, -1.489)","(-7.1786, 2.025)","(-4.7265, -2.3572)"
6.520000000000000284e+01,"(8.7353, 2.8404)","(-5.4876, -2.3567)","(-2.0909, 3.7605)","(-3.3929, 6.0482)","(1.3043, -4.1715)","(15.5349, 17.2391)","(7.0496, 9.2253)","(14.9608, 15.2335)","(1.85, -1.4038)","(4.3449, 11.2992)","(3.8019, 4.1074)","(-1.1814, -1.8172)","(-3.4684, 6.2595)","(6.2919, -8.6757)","(-25.1641, 6.1601)","(1.6984, -5.5735)","(-7.0677, -4.9888)","(-16.1871, -3.0509)","(-8.4799, 2.1843)","(-2.3255, -1.412)"
6.529999999999999716e+01,"(8.0004, 3.0752)","(-1.2259, -0.4544)","(-4.7906, 8.5841)","(-7.6866, 13.7532)","(3.4519, -11.0122)","(30.8571, 32.1523)","(8.3619, 9.0042)","(10.0411, 9.3173)","(0.4839, -0.2842)","(4.8295, 12.8717)","(12.1049, 13.29)","(-2.0086, -3.2905)","(-6.2082, 11.3069)","(3.2439, -4.4785)","(-13.6202, 4.5508)","(3.5607, -11.6503)","(-16.2176, -11.4105)","(-24.8177, -4.4449)","(-12.0424, 2.9852)","(-4.3323, -3.0077)"
6.540000000000000568e+01,"(14.2343, 5.9319)","(-0.4695, -0.1173)","(-9.7926, 17.7302)","(-13.9372, 25.5781)","(7.498, -24.5062)","(17.1346, 10.0374)","(10.7307, 11.0948)","(5.4919, 4.9723)","(1.3801, -0.6338)","(5.4964, 14.6324)","(27.3938, 29.1887)","(-4.101, -6.817)","(-10.1758, 18.7956)","(3.4261, -4.2113)","(-4.6828, 2.2699)","(6.0542, -20.3896)","(-21.7503, -14.4654)","(-16.4711, -1.9706)","(-15.8432, 3.9943)","(-10.8652, -7.6963)"
6.550000000000000000e+01,"(23.7092, 9.7576)","(-1.2289, -0.2576)","(-10.0945, 19.7584)","(-6.844, 15.5557)","(4.9958, -20.5003)","(18.0366, 7.9074)","(11.8253, 11.9453)","(5.0631, 5.0791)","(4.8095, -2.1621)","(5.4971, 14.2298)","(13.1919, 9.5978)","(-8.4134, -13.9648)","(-8.4301, 17.0335)","(6.0821, -7.1101)","(-2.3613, 1.5878)","(4.4183, -17.5733)","(-9.9571, -5.0579)","(-6.9851, -0.4832)","(-14.9278, 4.077)","(-23.7942, -16.6306)"
6.560000000000000853e+01,"(17.5546, 6.1487)","(-4.6606, -0.9852)","(-3.3765, 8.8052)","(-1.6768, 5.7734)","(0.5471, -8.0093)","(20.4152, 8.0816)","(10.1978, 9.965)","(8.4818, 8.9487)","(17.9088, -8.0218)","(4.7701, 12.0257)","(9.9194, 4.8685)","(-12.2461, -19.5553)","(-3.4052, 8.1989)","(11.3614, -13.2002)","(-3.4042, 2.5639)","(1.1635, -7.4458)","(-4.1361, -1.3993)","(-4.7165, -0.6762)","(-10.0951, 3.0305)","(-17.3216, -10.2836)"
6.570000000000000284e+01,"(7.4786, 2.1099)","(-19.2413, -4.0883)","(-0.8167, 3.3811)","(-0.4067, 2.6658)","(-0.4468, -5.5264)","(14.874, 5.3039)","(8.1686, 7.9308)","(14.7516, 15.562)","(38.6739, -18.3102)","(4.2283, 10.8078)","(15.3399, 6.5257)","(-7.8059, -10.7209)","(-1.5486, 3.625)","(14.4115, -17.3632)","(-6.6073, 4.9927)","(0.1773, -2.4219)","(-3.9798, -0.8429)","(-9.1415, -1.742)","(-7.0858, 2.089)","(-7.0778, -2.7227)"
6.579999999999999716e+01,"(4.5299, 1.6327)","(-45.6977, -8.6955)","(-0.3137, 2.841)","(-0.4386, 4.6248)","(-0.9568, -7.3973)","(11.2632, 4.1216)","(8.0625, 8.0795)","(14.8893, 14.7273)","(13.5882, -11.0124)","(4.455, 11.7928)","(24.1506, 9.9064)","(-3.2085, -3.6485)","(-1.896, 3.6552)","(7.6926, -10.5508)","(-13.3316, 10.0795)","(-0.0602, -1.0718)","(-6.88, -1.3186)","(-20.8864, -4.1005)","(-7.3137, 1.9407)","(-5.0431, -1.1742)"
6.590000000000000568e+01,"(8.7708, 3.6895)","(-19.9764, 1.5047)","(-0.3657, 4.4396)","(-1.1216, 11.8466)","(-1.5416, -11.62)","(14.7723, 5.9482)","(9.9868, 10.2448)","(7.5725, 6.5274)","(10.4174, -11.3431)","(5.2548, 14.1122)","(17.5158, 6.1171)","(-1.0853, -1.0213)","(-3.8917, 7.0741)","(2.9392, -4.4475)","(-18.5638, 14.5395)","(-0.1873, -1.5571)","(-13.5488, -2.6076)","(-27.86, -4.7159)","(-10.2162, 2.5414)","(-8.8465, -1.7328)"
6.600000000000000000e+01,"(20.7057, 8.8581)","(-18.4072, 3.8945)","(-0.6712, 8.0683)","(-2.5813, 28.5781)","(-2.3639, -17.2319)","(21.9665, 8.9258)","(12.1347, 12.3889)","(3.4221, 3.0151)","(12.4067, -14.6823)","(5.7436, 15.1296)","(8.0918, 2.4554)","(-0.9865, -0.7245)","(-8.3272, 15.0236)","(1.6871, -2.2492)","(-10.0033, 9.0339)","(-0.3737, -3.0141)","(-22.3725, -4.1012)","(-11.6881, -0.5404)","(-14.7258, 3.641)","(-18.6297, -3.6268)"
6.610000000000000853e+01,"(26.9477, 10.5935)","(-19.4561, 4.9963)","(-1.2295, 14.8761)","(-0.5596, 23.0135)","(-2.7574, -17.224)","(18.9531, 6.9622)","(11.3635, 11.2178)","(3.6671, 3.7567)","(11.704, -14.5149)","(5.1858, 13.1327)","(7.2047, 2.7874)","(-1.8212, -1.2747)","(-12.0143, 22.5487)","(2.7831, -3.284)","(-3.3997, 3.6147)","(-0.787, -6.4716)","(-17.2798, -2.312)","(-3.812, 0.2401)","(-16.5067, 4.3193)","(-26.477, -4.6116)"
6.620000000000000284e+01,"(10.9849, 2.664)","(-14.6408, 4.2214)","(-1.409, 20.5535)","(1.4137, 8.7005)","(-2.111, -10.5348)","(10.7935, 3.5894)","(8.6031, 8.2532)","(7.4694, 7.9926)","(8.3551, -10.7934)","(4.3022, 10.7951)","(15.2554, 6.4642)","(-3.8898, -2.7315)","(-5.5229, 12.7252)","(6.0323, -6.9363)","(-0.8847, 1.0114)","(-1.7058, -13.9895)","(-7.1674, -0.3792)","(-2.3134, 0.4458)","(-12.1276, 3.5531)","(-13.0881, -1.0532)"
6.629999999999999716e+01,"(3.8383, 0.4486)","(-11.6531, 3.2881)","(-0.2675, 14.0187)","(1.916, 6.2167)","(-1.2363, -6.1053)","(10.2143, 3.9477)","(7.3821, 7.2669)","(15.5398, 16.616)","(7.5587, -9.4436)","(4.113, 10.7135)","(28.2284, 11.7234)","(-8.841, -6.2269)","(-1.5064, 4.6495)","(12.8821, -14.8219)","(-0.1805, 0.2041)","(-3.0754, -22.9081)","(-2.3957, -0.1025)","(-4.9971, 1.1138)","(-7.6181, 2.3369)","(-4.4075, 0.0008)"
6.640000000000000568e+01,"(3.6451, 0.0101)","(-14.5323, 3.6948)","(0.2367, 6.0727)","(3.6524, 10.6189)","(-0.9227, -5.7498)","(18.1225, 7.543)","(8.7443, 8.9413)","(16.9655, 16.8787)","(10.2105, -12.2211)","(4.8065, 12.9307)","(16.7275, 5.3214)","(-17.7795, -12.3768)","(-0.3096, 1.3374)","(15.8542, -19.2038)","(-0.0901, 0.0754)","(-3.0161, -15.463)","(-1.5094, -0.2177)","(-14.1457, 3.1277)","(-6.4233, 1.7909)","(-0.9917, -0.0034)"
6.650000000000000000e+01,"(8.8725, -0.0848)","(-20.5773, 5.1274)","(0.0695, 2.4528)","(7.1831, 20.6691)","(-1.1805, -8.6356)","(25.2998, 10.1335)","(11.6487, 12.0187)","(7.5468, 5.9857)","(13.5044, -16.198)","(5.7391, 15.3902)","(5.813, 1.2302)","(-17.8138, -11.3982)","(-0.1266, 1.1461)","(6.2715, -9.3638)","(-0.2258, 0.1696)","(-1.7558, -5.6715)","(-2.9051, -0.5516)","(-32.7939, 7.5567)","(-8.3059, 2.0994)","(-0.6481, -0.1069)"
6.660000000000000853e+01,"(24.4808, -0.239)","(-19.3669, 5.3153)","(-0.097, 2.0446)","(8.6458, 22.6237)","(-1.9008, -14.4047)","(14.3605, 4.6119)","(12.6222, 12.6931)","(2.4591, 1.6359)","(11.2276, -14.2203)","(5.6896, 14.6621)","(1.3526, 0.3641)","(-7.6336, -3.7418)","(-0.2303, 2.4886)","(1.7804, -3.3901)","(-0.6005, 0.4458)","(-0.898, -1.9901)","(-6.7973, -1.3462)","(-17.2032, 6.0585)","(-12.593, 3.0818)","(-1.8173, -0.3664)"
6.670000000000000284e+01,"(31.2443, -1.4797)","(-12.1202, 3.7114)","(-0.2721, 3.4635)","(4.7183, 9.6071)","(-2.7612, -19.3148)","(6.74, 2.1352)","(9.7021, 9.296)","(1.0376, 0.523)","(7.1278, -9.3938)","(4.6364, 11.5047)","(2.3788, 1.009)","(-3.0134, -1.017)","(-0.6144, 6.4851)","(0.6627, -1.8123)","(-1.6979, 1.2554)","(-1.1464, -1.9573)","(-16.3644, -3.2502)","(-7.5077, 4.4498)","(-16.8848, 4.2429)","(-5.6913, -1.1753)"
6.679999999999999716e+01,"(11.3281, -2.7809)","(-10.4502, 2.874)","(-0.5947, 6.9255)","(1.7033, 3.3008)","(-2.6413, -14.5325)","(8.8985, 3.6247)","(7.1002, 6.8088)","(1.905, 0.8278)","(7.0346, -8.6968)","(3.9217, 9.9551)","(8.0948, 3.5627)","(-2.8841, -0.6094)","(-1.6581, 17.4771)","(0.9462, -3.0571)","(-5.0144, 3.6995)","(-1.9967, -3.2923)","(-27.1863, -4.9408)","(-7.7521, 5.7254)","(-14.9228, 4.1505)","(-18.5806, -3.8474)"
6.690000000000000568e+01,"(7.1169, -2.9338)","(-15.9514, 3.907)","(-1.2178, 14.1121)","(1.0557, 2.7612)","(-1.6476, -7.4665)","(20.6519, 8.8153)","(7.353, 7.4233)","(5.0742, 2.2038)","(10.924, -12.9159)","(4.2546, 11.346)","(28.0078, 12.314)","(-4.7626, -0.9044)","(-2.3709, 30.8525)","(2.1069, -6.8157)","(-14.3845, 10.6405)","(-3.8573, -6.3884)","(-14.0798, -1.1697)","(-13.5754, 10.3034)","(-9.1401, 2.84)","(-36.7446, -6.8322)"
6.700000000000000000e+01,"(11.4938, -5.3389)","(-23.3803, 5.8029)","(-1.6383, 22.0756)","(2.257, 6.6052)","(-0.8868, -4.6034)","(28.6235, 11.3609)","(10.2181, 10.5999)","(14.7767, 6.4404)","(14.7939, -17.7134)","(5.3685, 14.5778)","(28.9633, 10.4854)","(-9.0399, -1.7304)","(0.7287, 13.781)","(4.9824, -16.0909)","(-24.9566, 19.2438)","(-7.5614, -12.5113)","(-5.4217, 0.3732)","(-19.5561, 15.2527)","(-6.0881, 1.8212)","(-14.858, 0.1889)"
6.710000000000000853e+01,"(21.6974, -10.2241)","(-17.5287, 5.1441)","(-0.3156, 15.4966)","(5.9118, 17.5541)","(-0.8196, -5.5934)","(11.8719, 2.9923)","(13.283, 13.6437)","(31.0978, 13.0586)","(10.3677, -13.4839)","(6.075, 16.0702)","(15.105, 1.3935)","(-16.7982, -3.1818)","(1.5616, 6.6342)","(7.7231, -26.4583)","(-9.2137, 9.5766)","(-11.3652, -18.2502)","(-4.1842, 0.8496)","(-11.9916, 10.5218)","(-6.5666, 1.7243)","(-11.0109, 2.0174)"
6.720000000000000284e+01,"(20.547, -10.6734)","(-9.1733, 2.9822)","(0.4086, 6.1076)","(10.9143, 30.5799)","(-1.2562, -9.6013)","(3.4483, 0.5922)","(11.6282, 11.3405)","(15.1879, 4.1098)","(5.7159, -7.7371)","(5.2504, 13.1184)","(16.4502, -0.1585)","(-20.8695, -3.5163)","(2.4396, 7.2121)","(2.6558, -13.9003)","(-4.3704, 6.6391)","(-8.3741, -11.977)","(-6.7022, 1.5692)","(-5.0874, 4.8338)","(-9.8491, 2.4163)","(-13.9505, 3.3316)"
6.729999999999999716e+01,"(8.1394, -5.2125)","(-9.0138, 2.3871)","(0.2464, 1.8402)","(6.4426, 12.3792)","(-2.1758, -16.6861)","(0.6573, 0.075)","(7.6202, 7.1178)","(8.4689, 0.6227)","(6.1898, -7.5715)","(4.0159, 9.8934)","(22.6731, -0.7313)","(-11.8997, -1.2358)","(4.0501, 11.4938)","(0.2377, -5.2752)","(-4.3549, 7.9145)","(-3.7468, -4.5792)","(-12.7032, 2.9725)","(-4.2374, 3.4798)","(-15.1749, 3.7038)","(-17.956, 4.5176)"
6.740000000000000568e+01,"(3.1973, -1.9395)","(-16.9798, 4.0145)","(0.1687, 0.659)","(3.8794, 5.1287)","(-3.0062, -20.1503)","(0.5917, 0.0044)","(6.1541, 6.0283)","(9.9289, -0.1402)","(11.2604, -13.1459)","(3.754, 9.7764)","(19.1242, -1.2633)","(-4.6898, -0.2184)","(6.4308, 17.9911)","(-0.3389, -3.7617)","(-5.7327, 10.7294)","(-1.2261, -1.4026)","(-21.0717, 5.0881)","(-8.589, 6.5184)","(-17.5399, 4.5619)","(-16.6854, 4.5704)"
6.750000000000000000e+01,"(4.7858, -2.303)","(-26.6177, 6.5437)","(0.3054, 0.9042)","(5.1494, 5.6216)","(-2.4754, -12.148)","(2.1375, -0.0014)","(8.0435, 8.3121)","(15.7182, -0.4051)","(16.5157, -19.642)","(4.6709, 12.7111)","(11.517, -1.0464)","(-1.6946, -0.1183)","(6.8947, 17.8306)","(-0.769, -6.2065)","(-7.3508, 13.9202)","(-0.3386, -0.4247)","(-17.5946, 5.0139)","(-18.5332, 13.9763)","(-12.1457, 3.6317)","(-11.6547, 3.4484)"
6.760000000000000853e+01,"(12.449, -5.7205)","(-15.821, 5.0569)","(0.6259, 1.8204)","(10.1964, 10.9336)","(-1.3075, -5.4438)","(9.4283, 0.0151)","(12.2375, 12.7817)","(21.189, -0.782)","(9.8137, -13.1707)","(6.023, 16.346)","(11.2863, -0.5666)","(-1.5303, -0.2453)","(4.3722, 9.872)","(-1.5416, -12.4723)","(-7.1545, 14.0682)","(-0.2975, -0.4677)","(-7.5998, 2.7763)","(-19.8937, 16.1151)","(-6.8324, 2.1834)","(-9.8318, 2.7359)"
6.770000000000000284e+01,"(28.2514, -13.1637)","(-6.2512, 2.3131)","(1.3977, 4.095)","(17.9516, 18.9204)","(-0.6282, -3.3014)","(39.4376, -0.0488)","(14.006, 14.1487)","(15.9605, -1.2035)","(4.1773, -6.0273)","(6.0307, 15.513)","(18.8988, -0.5111)","(-2.8554, -0.5399)","(2.3934, 5.4811)","(-2.9118, -22.4447)","(-5.1152, 10.6023)","(-0.582, -0.9635)","(-2.9107, 1.0715)","(-7.0877, 7.279)","(-5.3167, 1.5113)","(-12.6386, 3.197)"
6.779999999999999716e+01,"(17.5728, -10.0778)","(-5.3664, 1.4323)","(3.2694, 9.6101)","(13.4236, 12.5581)","(-0.6445, -4.5958)","(25.2, -3.5839)","(9.5447, 8.9089)","(8.691, -0.9001)","(4.1865, -5.1492)","(4.5323, 10.9775)","(25.5287, -0.9868)","(-6.1441, -1.2006)","(2.2529, 5.9829)","(-3.3575, -19.3597)","(-3.816, 7.879)","(-1.2969, -2.1704)","(-2.4155, 0.6579)","(-1.9232, 2.2938)","(-7.0766, 1.7787)","(-17.9986, 4.4715)"
6.790000000000000568e+01,"(6.001, -5.0295)","(-12.6653, 2.8961)","(6.8992, 19.95)","(5.4907, 4.2981)","(-1.103, -8.6902)","(19.9716, -8.0013)","(5.753, 5.3293)","(7.0654, -0.4393)","(9.1694, -10.5712)","(3.4947, 8.7252)","(15.5227, -1.4952)","(-13.5769, -2.6613)","(3.6896, 10.4544)","(-2.1052, -7.8319)","(-4.0495, 7.9122)","(-3.0813, -5.1785)","(-4.6207, 1.09)","(-0.4507, 0.6505)","(-11.5754, 2.7923)","(-18.5167, 4.9593)"
6.800000000000000000e+01,"(4.1486, -4.5132)","(-29.0009, 6.6705)","(7.9315, 20.5085)","(1.7835, 1.5053)","(-2.1067, -16.6512)","(20.3117, -9.8447)","(5.6985, 5.7461)","(11.0026, -0.3252)","(18.3353, -21.2525)","(3.8425, 10.309)","(8.0694, -0.8271)","(-23.3581, -4.3134)","(6.4832, 18.3855)","(-0.7554, -2.4325)","(-5.5245, 10.433)","(-7.2816, -12.2176)","(-10.3116, 2.3602)","(-0.572, 0.997)","(-17.3884, 4.2699)","(-12.223, 3.6957)"
6.810000000000000853e+01,"(7.9917, -9.1277)","(-21.4776, 6.5255)","(4.1627, 7.8871)","(2.2431, 2.3472)","(-3.1839, -21.9924)","(13.804, -7.4835)","(9.0722, 9.5298)","(19.3487, -0.4824)","(12.5, -16.4858)","(5.3225, 14.6743)","(10.2631, -0.3704)","(-16.4563, -2.039)","(7.5433, 19.7564)","(-0.1855, -0.821)","(-7.4185, 14.0049)","(-13.0179, -21.2337)","(-21.3541, 4.963)","(-1.6949, 2.9755)","(-16.7049, 4.553)","(-8.6901, 2.5364)"
6.820000000000000284e+01,"(17.1324, -19.713)","(-7.2476, 3.5531)","(2.0968, 2.8935)","(5.7515, 6.2435)","(-2.6649, -12.6383)","(9.6787, -5.1993)","(14.3352, 14.9994)","(22.2492, -1.0486)","(3.7345, -6.3798)","(6.5579, 17.5777)","(21.401, -0.4096)","(-6.2053, -0.0545)","(4.5625, 9.951)","(-0.18, -1.3644)","(-7.4616, 14.6089)","(-9.2343, -12.9289)","(-22.0231, 5.9685)","(-5.8274, 10.1804)","(-9.5638, 3.0567)","(-10.6133, 2.7094)"
6.829999999999999716e+01,"(14.874, -18.8912)","(-3.4004, 2.2833)","(2.3722, 2.6062)","(15.5329, 16.892)","(-1.3443, -4.833)","(13.1951, -6.4431)","(13.5837, 13.3456)","(12.0086, -1.3176)","(0.8293, -1.5719)","(5.5369, 13.6649)","(28.3631, -1.1762)","(-2.3855, 0.2899)","(2.0333, 4.2591)","(-0.3947, -3.3346)","(-5.2125, 10.8501)","(-4.0869, -4.289)","(-8.5632, 3.41)","(-17.2427, 30.5149)","(-5.2222, 1.6767)","(-16.8035, 4.0886)"
6.840000000000000568e+01,"(4.4851, -7.5901)","(-6.3788, 4.724)","(3.7974, 4.0183)","(21.6236, 22.0172)","(-0.4291, -1.6687)","(21.6824, -10.409)","(7.4038, 6.5624)","(5.5624, -0.6656)","(0.1268, -0.233)","(3.7327, 8.8683)","(12.5936, -1.7895)","(-2.6357, 0.5852)","(1.3934, 3.5675)","(-1.0249, -8.8954)","(-3.6546, 7.6374)","(-2.8027, -2.1852)","(-2.8236, 1.5343)","(-8.5503, 20.0346)","(-4.8316, 1.3108)","(-20.8338, 5.3488)"
6.850000000000000000e+01,"(1.0975, -2.3393)","(-17.3793, 12.8771)","(6.7398, 7.15)","(9.4605, 6.6958)","(-0.237, -1.5187)","(19.3972, -10.1463)","(4.1507, 3.8403)","(5.4198, -0.2647)","(0.1313, -0.1539)","(3.1562, 8.1161)","(4.2974, -0.69)","(-4.6165, 1.0821)","(2.3086, 6.5729)","(-2.6504, -22.5114)","(-3.7589, 7.3814)","(-3.9093, -2.7124)","(-2.1282, 1.5263)","(-2.2515, 12.832)","(-7.4128, 1.8127)","(-13.9996, 4.2318)"
6.860000000000000853e+01,"(0.668, -2.0054)","(-27.1537, 21.2049)","(11.5359, 12.1715)","(6.2619, 3.0911)","(-0.3792, -3.0037)","(9.5456, -5.6088)","(5.0216, 5.1742)","(10.4941, -0.2231)","(0.5058, -0.5655)","(4.1406, 11.3948)","(4.5903, -0.1665)","(-9.1902, 2.1349)","(4.815, 13.9846)","(-4.1623, -26.936)","(-5.2302, 9.8603)","(-6.3758, -4.3901)","(-3.7876, 2.8537)","(-1.2897, 14.689)","(-12.8912, 3.0748)","(-7.8735, 2.4937)"
6.870000000000000284e+01,"(1.6423, -5.1879)","(-8.7662, 9.7504)","(13.5817, 13.7552)","(9.5718, 4.0757)","(-0.8173, -6.799)","(7.92, -4.1025)","(9.3794, 9.9731)","(21.2861, -0.418)","(2.0291, -2.2552)","(6.1095, 16.9403)","(12.9035, -0.1277)","(-17.5129, 4.116)","(8.3935, 23.5952)","(-3.2392, -9.8149)","(-7.3897, 13.8719)","(-10.8977, -7.5098)","(-8.219, 6.1721)","(-1.2918, 18.795)","(-18.947, 4.6791)","(-7.8604, 2.0868)"
6.879999999999999716e+01,"(5.2095, -16.3508)","(-3.8458, 5.9486)","(8.4997, 7.7464)","(17.9822, 7.5614)","(-1.8758, -15.6248)","(15.3591, -7.2488)","(16.0295, 16.8658)","(24.2696, -1.1934)","(8.7184, -9.6664)","(6.7705, 17.6993)","(33.5572, -0.4374)","(-20.8607, 5.4192)","(6.6171, 15.47)","(-2.8452, -5.4712)","(-7.8659, 15.28)","(-15.4829, -10.4516)","(-16.9306, 12.7962)","(-0.8478, 17.7546)","(-15.6598, 4.4541)","(-13.3858, 3.2144)"
6.890000000000000568e+01,"(11.0871, -36.6085)","(-5.4528, 9.7049)","(3.9155, 3.3254)","(23.019, 9.1102)","(-3.4517, -25.5522)","(26.4584, -12.6718)","(13.6035, 13.0794)","(10.5213, -1.5513)","(29.3999, -33.1324)","(4.7699, 11.2043)","(21.6918, -2.3375)","(-10.5942, 3.5961)","(3.0227, 5.4737)","(-4.1795, -6.9218)","(-5.4465, 11.3522)","(-12.9493, -8.109)","(-17.9995, 14.5626)","(-0.3675, 12.7783)","(-7.8174, 2.646)","(-21.8732, 5.3043)"
6.900000000000000000e+01,"(1.9366, -15.9673)","(-11.6731, 21.0031)","(2.0782, 1.9187)","(12.277, 3.8291)","(-3.1231, -14.3204)","(15.4221, -8.8489)","(6.1661, 5.0899)","(3.35, -0.6896)","(10.5058, -18.1708)","(2.9899, 7.0801)","(9.0753, -2.9078)","(-3.759, 1.5694)","(0.9351, 1.4588)","(-6.8954, -11.2772)","(-3.5218, 7.4825)","(-6.8996, -3.9004)","(-6.8301, 6.864)","(-0.5064, 11.1366)","(-4.0033, 1.3066)","(-18.6872, 5.2909)"
6.910000000000000853e+01,"(-0.6467, -10.6265)","(-12.372, 24.2279)","(2.4357, 2.4982)","(4.9717, 1.4151)","(-1.8364, -5.0475)","(5.4861, -3.6129)","(2.4259, 2.0898)","(0.9597, -0.1295)","(6.2981, -17.9769)","(2.9371, 7.8031)","(9.0051, -4.0293)","(-1.024, 0.4534)","(0.4458, 0.5404)","(-10.3913, -16.7468)","(-3.4014, 6.7458)","(-3.5641, -2.0547)","(-2.0386, 2.5521)","(-0.9731, 14.4648)","(-4.0315, 1.0705)","(-8.6766, 3.0199)"
6.920000000000000284e+01,"(-1.7827, -14.4222)","(-3.6026, 9.9187)","(4.2619, 4.5123)","(4.1091, 1.5792)","(-1.4747, -2.7563)","(4.2912, -2.1923)","(2.6037, 2.6763)","(1.5953, -0.039)","(5.3381, -18.8161)","(4.4968, 12.6161)","(18.2826, -8.4842)","(-0.2944, 0.1058)","(0.8556, 0.9314)","(-9.7227, -14.6406)","(-4.7807, 9.0102)","(-3.2151, -2.0796)","(-1.0943, 1.8177)","(-1.359, 19.7933)","(-6.7606, 1.6266)","(-4.9019, 1.511)"
6.929999999999999716e+01,"(-2.9631, -21.9353)","(-0.8504, 2.7916)","(8.1644, 8.7002)","(8.72, 3.6972)","(-2.3697, -3.9314)","(11.4792, -5.2799)","(5.6116, 6.0275)","(4.3226, -0.044)","(3.5198, -14.2178)","(6.8885, 19.1373)","(26.7891, -13.0801)","(-0.4171, 0.1026)","(2.1771, 2.3676)","(-5.6145, -7.6884)","(-7.1645, 13.3657)","(-4.9035, -3.3448)","(-1.8088, 3.2534)","(-0.8537, 18.5466)","(-12.6374, 2.9759)","(-7.3569, 1.8037)"
6.940000000000000568e+01,"(-3.3181, -19.6897)","(-0.292, 0.6661)","(13.6353, 14.3342)","(20.3349, 8.6927)","(-4.4042, -7.2793)","(29.6457, -13.6671)","(13.0898, 14.1196)","(12.7663, -0.0946)","(2.7723, -11.0078)","(6.7096, 16.9631)","(11.7679, -7.3178)","(-0.9372, 0.215)","(6.1219, 6.6847)","(-3.2256, -4.5788)","(-8.3501, 16.029)","(-8.7055, -6.018)","(-3.9714, 7.1264)","(-0.2356, 12.0828)","(-19.9282, 4.8572)","(-15.5105, 3.5925)"
6.950000000000000000e+01,"(-2.2492, -10.5668)","(-0.9894, 1.7579)","(12.8019, 12.55)","(25.9621, 10.1858)","(-8.4218, -13.905)","(19.9776, -11.3392)","(19.5041, 20.1383)","(31.5755, -0.4593)","(3.7551, -13.3553)","(4.0049, 8.9099)","(3.6741, -2.56)","(-2.2761, 0.5139)","(16.3052, 17.7051)","(-3.5153, -5.5409)","(-5.9259, 12.2884)","(-14.4063, -9.8805)","(-8.871, 15.9408)","(-0.4109, 9.8555)","(-16.4698, 4.6966)","(-25.9637, 6.2946)"
6.960000000000000853e+01,"(-1.3749, -7.9326)","(-3.5797, 6.2433)","(6.3957, 5.4519)","(10.7026, 2.63)","(-11.805, -18.7902)","(6.9878, -6.0276)","(9.6234, 7.9056)","(20.0703, -2.1503)","(5.6245, -19.4778)","(2.3048, 5.4434)","(2.4141, -1.242)","(-5.8367, 1.3081)","(19.5468, 19.5361)","(-5.9876, -9.8042)","(-3.4771, 7.5455)","(-15.5051, -10.0966)","(-12.1604, 22.9696)","(-0.9537, 13.5856)","(-7.4561, 2.6568)","(-15.807, 5.0319)"
6.970000000000000284e+01,"(-1.7212, -12.9035)","(-13.2538, 23.1044)","(2.4459, 1.9599)","(3.9405, 0.4436)","(-7.8627, -10.9804)","(5.5731, -6.1316)","(3.895, 2.3979)","(8.9644, -2.9247)","(5.3358, -20.0092)","(2.5876, 7.0438)","(7.029, -3.2161)","(-14.7658, 3.3221)","(8.6763, 5.8991)","(-10.2709, -16.7685)","(-2.9854, 6.0359)","(-9.0291, -5.2126)","(-4.7157, 11.505)","(-1.5119, 20.6037)","(-3.0273, 1.0942)","(-5.5309, 2.34)"
6.979999999999999716e+01,"(-3.0271, -23.2835)","(-16.8612, 32.7948)","(1.0657, 0.9661)","(3.9069, 0.0012)","(-3.3933, -4.1505)","(12.059, -13.7236)","(3.3618, 1.5262)","(8.6899, -3.9391)","(2.9134, -12.7202)","(4.5305, 12.9181)","(22.2198, -10.0646)","(-26.441, 6.3415)","(6.7303, 3.1987)","(-11.0568, -16.9774)","(-4.1393, 7.8242)","(-4.1148, -2.2336)","(-1.1553, 4.3045)","(-0.9516, 20.0049)","(-2.343, 0.654)","(-1.4632, 0.6065)"
6.990000000000000568e+01,"(-3.665, -21.9125)","(-3.5065, 16.4661)","(1.3371, 1.3823)","(8.6964, -0.1065)","(-1.1827, -1.5032)","(21.6073, -25.3022)","(6.4373, 2.7459)","(13.1545, -6.2666)","(2.3843, -9.505)","(7.5022, 21.0274)","(32.1831, -15.959)","(-14.3715, 4.8364)","(9.3319, 3.8958)","(-6.2067, -8.3315)","(-6.5918, 12.2249)","(-2.4245, -1.4701)","(-0.3587, 2.8306)","(-0.0747, 11.5824)","(-3.9893, 0.9596)","(-1.2903, 0.3317)"
7.000000000000000000e+01,"(-2.3621, -9.636)","(-1.6506, 16.8729)","(2.5603, 2.7288)","(21.7696, -0.2683)","(-0.939, -1.4532)","(8.7872, -13.086)","(14.5181, 6.2073)","(18.4078, -8.9657)","(3.8421, -13.3205)","(6.8984, 17.0649)","(10.7412, -8.7768)","(-5.4116, 2.9062)","(14.3837, 5.9194)","(-2.7832, -3.6606)","(-8.7591, 16.5502)","(-3.0966, -2.0793)","(-0.4099, 4.686)","(-0.2523, 8.0839)","(-8.1486, 1.8903)","(-3.4502, 0.7758)"
7.010000000000000853e+01,"(-0.9913, -4.8331)","(-1.4277, 20.8737)","(5.4491, 5.8524)","(29.9122, -1.2239)","(-1.743, -2.8759)","(2.3731, -4.6841)","(25.4045, 10.498)","(15.3204, -8.075)","(6.2956, -21.4779)","(3.6005, 7.4646)","(7.619, -8.2533)","(-4.1831, 3.0087)","(18.1669, 7.223)","(-2.1413, -3.2698)","(-6.837, 13.933)","(-5.4793, -3.7869)","(-0.8486, 9.6635)","(-0.8276, 11.5014)","(-16.518, 3.8418)","(-10.2885, 2.2638)"
7.020000000000000284e+01,"(-1.0451, -7.8895)","(-0.7042, 17.6105)","(11.3384, 12.1405)","(11.3954, -2.2095)","(-3.8564, -6.4492)","(0.8648, -2.4126)","(15.3254, 4.9399)","(8.576, -4.8885)","(5.3112, -20.4387)","(1.5823, 3.5013)","(12.4591, -14.371)","(-5.7318, 4.4008)","(13.8374, 4.9558)","(-3.6468, -5.9786)","(-3.6578, 8.1057)","(-10.354, -7.1923)","(-1.6889, 19.6833)","(-1.6201, 20.281)","(-22.4296, 5.6626)","(-28.3232, 6.3376)"
7.029999999999999716e+01,"(-2.2337, -18.6267)","(-0.3493, 12.3656)","(16.0791, 16.5843)","(4.9684, -1.7844)","(-8.6393, -14.4357)","(1.8654, -5.8474)","(5.6321, 1.0658)","(6.5137, -3.4537)","(2.2273, -10.7773)","(1.6308, 4.4395)","(17.2208, -20.563)","(-9.0412, 6.9554)","(8.1069, 2.7096)","(-7.4826, -12.431)","(-2.5607, 5.3758)","(-16.459, -11.2309)","(-1.3807, 23.502)","(-1.3166, 23.1799)","(-12.0963, 4.0128)","(-24.2119, 7.1144)"
7.040000000000000568e+01,"(-4.1502, -30.3562)","(-0.7331, 12.8759)","(9.5093, 8.4467)","(6.2711, -2.8663)","(-13.4307, -21.5647)","(6.3521, -19.8164)","(2.4368, 0.1366)","(9.4549, -4.5905)","(1.8159, -7.3536)","(3.203, 9.2688)","(9.0953, -12.4892)","(-13.3038, 10.3284)","(6.5535, 2.4381)","(-12.6816, -20.6069)","(-3.2965, 6.2984)","(-14.2523, -8.9551)","(0.3723, 10.7787)","(0.0955, 12.2249)","(-4.24, 1.8295)","(-9.3756, 5.1664)"
7.050000000000000000e+01,"(-3.477, -13.7539)","(-1.3754, 18.9729)","(3.7204, 2.6849)","(13.1829, -6.1163)","(-8.0209, -10.7008)","(11.8658, -40.1031)","(3.7312, -0.0414)","(16.3421, -7.7842)","(3.5194, -11.9251)","(6.7455, 19.5472)","(4.0302, -5.7233)","(-13.2188, 10.727)","(9.2292, 3.7463)","(-9.6737, -13.864)","(-5.5055, 10.172)","(-6.8644, -3.7058)","(0.4433, 3.5856)","(0.0201, 5.9964)","(-1.1693, 0.619)","(-7.9604, 5.7792)"
7.060000000000000853e+01,"(-1.7323, -4.4888)","(-1.3431, 22.4411)","(1.5239, 0.8335)","(24.6225, -11.662)","(-3.3701, -3.4726)","(0.9512, -16.4705)","(8.5958, -0.1121)","(19.9817, -9.9424)","(6.8534, -22.8095)","(8.7616, 23.2525)","(5.3045, -6.3536)","(-8.028, 7.0357)","(15.2397, 6.297)","(-4.1778, -4.9431)","(-8.6033, 15.9711)","(-2.6622, -1.3716)","(0.2835, 1.1834)","(-0.4848, 7.2621)","(-0.721, 0.5079)","(-11.8231, 9.0458)"
7.070000000000000284e+01,"(-1.2527, -2.308)","(-0.3152, 15.1479)","(1.886, 0.8166)","(16.5192, -9.19)","(-2.2018, -1.7086)","(-1.2177, -13.4872)","(20.7429, -0.2806)","(11.6377, -6.6086)","(5.9493, -22.7821)","(4.8422, 9.6841)","(12.5316, -14.3663)","(-4.5804, 4.0607)","(19.3208, 7.6692)","(-1.2389, -1.3534)","(-8.3873, 16.5027)","(-1.4204, -0.858)","(0.5025, 1.5061)","(-1.3175, 15.2266)","(-1.2991, 0.9752)","(-16.5586, 12.9158)"
7.079999999999999716e+01,"(-2.843, -4.8238)","(-0.2659, 10.12)","(3.4037, 1.4334)","(5.5373, -3.9669)","(-3.4271, -2.3953)","(-2.66, -20.974)","(28.2494, -1.1445)","(5.5939, -3.3081)","(1.6652, -9.855)","(1.8624, 2.997)","(20.4315, -24.1402)","(-4.1311, 3.3902)","(13.2006, 4.569)","(-0.2606, -0.3088)","(-4.4037, 9.775)","(-1.9928, -1.3503)","(1.1168, 3.2789)","(-2.1617, 27.287)","(-2.8981, 2.1712)","(-13.4777, 11.2486)"
7.090000000000000568e+01,"(-8.2067, -13.9686)","(-0.8802, 12.9942)","(6.9091, 2.9279)","(1.369, -1.1268)","(-6.5213, -4.5453)","(-3.7109, -24.5481)","(11.278, -1.9908)","(5.2602, -2.6846)","(0.8052, -4.0422)","(0.8536, 1.0614)","(8.169, -12.1768)","(-5.9687, 4.6509)","(6.8356, 2.1762)","(-0.2264, -0.3625)","(-2.298, 5.1672)","(-3.8173, -2.6552)","(2.7556, 8.1517)","(-0.2059, 18.0421)","(-6.9984, 5.2229)","(-7.408, 6.6036)"
7.100000000000000000e+01,"(-18.5511, -30.7373)","(-1.6963, 21.8441)","(14.057, 5.9451)","(0.5776, -0.6056)","(-12.9159, -9.002)","(-2.8692, -13.5799)","(4.5847, -1.5502)","(9.7101, -4.5995)","(1.7736, -6.022)","(1.479, 1.6105)","(2.2101, -4.1234)","(-9.8641, 7.5804)","(5.2678, 1.9516)","(-0.5575, -0.9382)","(-2.3134, 4.5737)","(-7.9403, -5.5584)","(6.6738, 19.617)","(0.5682, 6.4967)","(-15.867, 11.9099)","(-5.9217, 4.9246)"
7.110000000000000853e+01,"(-10.4623, -12.8324)","(-1.1878, 23.0064)","(20.8396, 8.4511)","(1.2528, -1.4121)","(-18.9122, -12.7695)","(-1.5801, -8.3491)","(4.9372, -2.2405)","(18.8556, -8.8797)","(4.7924, -15.3767)","(3.6103, 3.9187)","(0.4388, -1.0008)","(-14.2601, 11.098)","(8.0408, 3.2967)","(-1.5419, -2.6175)","(-3.8611, 7.1548)","(-15.2982, -10.6252)","(9.3988, 25.1886)","(0.1302, 1.6934)","(-19.5945, 15.586)","(-9.1106, 7.0619)"
7.120000000000000284e+01,"(-6.8116, -5.7213)","(0.0722, 12.0801)","(13.4169, 4.5022)","(3.8709, -4.3489)","(-12.2725, -7.2338)","(-1.7792, -13.3131)","(9.433, -4.4011)","(21.045, -10.6383)","(9.44, -31.3702)","(9.7035, 10.5656)","(0.4117, -1.2592)","(-12.6476, 10.4237)","(14.7405, 6.1643)","(-4.5476, -7.7458)","(-7.0074, 12.823)","(-17.7143, -11.6148)","(5.1114, 9.5062)","(-0.1108, 1.6211)","(-7.4561, 7.5215)","(-15.7751, 12.0954)"
7.129999999999999716e+01,"(-9.2499, -6.5507)","(-0.1892, 7.5625)","(5.2315, 1.2536)","(12.7695, -14.3254)","(-4.944, -2.4244)","(-3.3289, -26.1675)","(18.92, -8.8706)","(9.2641, -5.728)","(3.1041, -16.7015)","(20.7098, 22.0976)","(1.369, -4.2512)","(-6.8974, 6.1851)","(21.0004, 8.4732)","(-12.4913, -21.12)","(-9.9047, 18.5915)","(-9.0212, -4.9246)","(3.0609, 4.0025)","(-0.4351, 4.5709)","(-2.5775, 3.5304)","(-17.2717, 13.8906)"
7.140000000000000568e+01,"(-16.8471, -11.6977)","(-0.9376, 12.1423)","(1.5882, 0.2515)","(24.7324, -28.9214)","(-1.493, -0.7023)","(-4.0236, -23.1344)","(21.4852, -10.839)","(3.2107, -2.1307)","(0.1355, -6.6331)","(13.1964, 11.6646)","(5.4519, -16.8218)","(-3.8485, 3.4239)","(14.1661, 4.8533)","(-15.1118, -23.1676)","(-6.6764, 13.9928)","(-3.2759, -1.4516)","(3.9278, 4.2579)","(-1.4168, 14.3072)","(-2.1311, 3.7346)","(-8.8449, 8.0384)"
7.150000000000000000e+01,"(-20.7331, -13.6934)","(-2.0402, 24.2542)","(0.8933, 0.0235)","(7.3053, -13.2024)","(-0.6091, -0.3628)","(-2.4144, -8.9162)","(9.0663, -5.7101)","(2.0991, -1.109)","(-0.5868, -5.8345)","(6.4243, 3.8424)","(13.5991, -44.334)","(-3.782, 3.0703)","(6.2361, 1.7898)","(-7.5005, -7.6231)","(-2.7398, 6.6085)","(-1.0884, -0.3525)","(6.6844, 7.0929)","(-3.2046, 35.6838)","(-3.2674, 5.9817)","(-4.3988, 3.9885)"
7.160000000000000853e+01,"(-11.0709, -6.2041)","(-1.1564, 24.6223)","(1.4832, -0.0245)","(3.8522, -10.894)","(-1.0302, -0.7095)","(-0.8446, -4.2666)","(2.8396, -2.0369)","(4.4981, -2.1068)","(-1.4828, -12.603)","(6.3303, 2.8143)","(1.0745, -19.5816)","(-5.8791, 4.5499)","(3.3227, 1.1337)","(-6.6161, -4.9779)","(-1.4614, 3.271)","(-1.1454, -0.239)","(11.776, 12.4625)","(0.759, 18.1135)","(-5.8258, 10.6467)","(-5.2208, 4.1393)"
7.170000000000000284e+01,"(-4.9647, -2.7742)","(0.5114, 10.0591)","(3.0429, -0.0521)","(4.3169, -14.5012)","(-2.3359, -1.6446)","(-1.1462, -9.3349)","(0.7666, -0.495)","(11.4528, -5.2609)","(-3.4461, -28.2456)","(10.2918, 4.3087)","(-1.6685, -17.578)","(-10.1661, 7.7815)","(4.7702, 1.9457)","(-8.9449, -6.1408)","(-1.9291, 3.6876)","(-2.1084, -0.407)","(14.8837, 15.19)","(2.5519, 10.1503)","(-9.1493, 16.9662)","(-10.5289, 7.9815)"
7.179999999999999716e+01,"(-5.6829, -3.8143)","(0.0886, 3.7406)","(6.8252, -0.102)","(5.3068, -18.6974)","(-5.7761, -4.0914)","(-2.9807, -25.7843)","(1.0892, -0.5243)","(25.3983, -11.8426)","(-4.1793, -22.555)","(17.4555, 7.243)","(-2.9309, -21.0496)","(-14.9451, 11.6153)","(9.8836, 4.1872)","(-12.6474, -8.5742)","(-3.7199, 6.7888)","(-4.4258, -0.8633)","(9.4778, 8.6617)","(4.0789, 11.9392)","(-7.9685, 15.9528)","(-19.5263, 14.8992)"
7.190000000000000568e+01,"(-12.6851, -8.9095)","(-0.4522, 5.7473)","(15.1859, -0.2396)","(4.2791, -16.61)","(-14.1326, -9.9897)","(-4.8983, -31.1739)","(2.8854, -1.3241)","(18.452, -10.1607)","(-2.7368, -7.7694)","(19.708, 7.6578)","(-3.0065, -17.614)","(-12.6001, 10.4644)","(19.8633, 8.3721)","(-14.8435, -9.8119)","(-7.4462, 13.5018)","(-9.818, -1.9286)","(4.3696, 3.7274)","(6.4839, 18.2122)","(-3.5946, 8.3519)","(-15.7303, 13.2273)"
7.200000000000000000e+01,"(-24.3654, -16.8414)","(-1.5042, 15.8335)","(24.2182, -0.7358)","(2.6876, -11.3117)","(-22.6463, -15.3721)","(-3.9431, -10.8454)","(8.371, -3.8055)","(6.1829, -4.931)","(-1.6909, -3.3001)","(11.2523, 3.6518)","(-2.2627, -12.4021)","(-6.3172, 5.7821)","(21.3954, 8.1856)","(-11.8776, -7.4115)","(-10.8951, 20.3879)","(-19.6017, -3.7563)","(2.6603, 2.5339)","(7.5153, 19.7811)","(-1.6155, 3.8154)","(-5.6923, 5.7942)"
7.210000000000000853e+01,"(-15.5918, -9.0044)","(-2.9848, 34.8731)","(14.5127, -1.4838)","(2.6175, -9.9846)","(-11.5412, -6.1585)","(-3.2855, -6.113)","(23.0369, -10.5415)","(3.6014, -3.8221)","(-3.2614, -5.5334)","(5.4639, 1.7163)","(-2.0294, -13.3279)","(-3.2319, 2.9279)","(9.35, 2.5271)","(-7.9989, -4.8613)","(-6.2529, 13.582)","(-21.2475, -3.3748)","(3.8586, 4.0304)","(5.17, 12.0166)","(-1.4919, 2.9911)","(-1.7826, 1.8176)"
7.220000000000000284e+01,"(-5.7795, -2.4377)","(0.6668, 17.2953)","(5.212, -1.1897)","(3.9185, -13.6651)","(-5.1163, -1.746)","(-6.7898, -11.4726)","(24.9964, -12.8522)","(5.6547, -6.5017)","(-8.6683, -14.6888)","(5.0026, 1.9244)","(-2.7349, -19.8586)","(-3.127, 2.5418)","(3.0271, 0.564)","(-7.0413, -4.5172)","(-2.0209, 5.4694)","(-9.3675, -0.5542)","(7.5762, 8.088)","(3.2146, 7.6664)","(-2.5572, 4.7338)","(-1.7392, 1.3872)"
7.229999999999999716e+01,"(-1.9101, -0.57)","(1.6903, 7.5949)","(2.4463, -0.9397)","(5.581, -19.4267)","(-4.8412, -1.0236)","(-15.5587, -25.9741)","(8.4689, -6.8209)","(11.3167, -13.0482)","(-17.9248, -29.4878)","(8.9297, 3.7244)","(-3.4365, -22.3546)","(-5.0703, 3.9107)","(0.9762, 0.0756)","(-9.2375, -6.2098)","(-0.6063, 1.6883)","(-3.2885, 0.1839)","(14.2113, 15.0844)","(3.6129, 9.8304)","(-4.9999, 9.0869)","(-4.387, 3.2806)"
7.240000000000000568e+01,"(-2.7887, -0.5808)","(2.806, 8.4916)","(3.1337, -1.4604)","(4.6927, -18.0614)","(-7.4296, -1.3914)","(-13.1826, -18.9207)","(5.7689, -6.2183)","(16.4808, -19.6026)","(-9.97, -12.3783)","(17.4431, 7.3377)","(-2.7824, -14.2752)","(-9.2921, 7.0781)","(1.3453, -0.0093)","(-13.466, -9.1308)","(-0.4271, 0.8836)","(-2.1735, 0.4212)","(15.0717, 14.9963)","(6.1372, 17.4013)","(-9.028, 16.5199)","(-12.1648, 9.0126)"
7.250000000000000000e+01,"(-7.933, -1.6289)","(6.1837, 18.1234)","(5.3963, -2.55)","(2.5097, -11.1056)","(-12.7285, -2.3827)","(-5.6322, -5.8756)","(7.8278, -9.1263)","(8.5384, -11.8128)","(-5.4524, -4.7658)","(22.247, 8.7974)","(-1.8161, -10.1281)","(-15.0888, 11.6203)","(3.1899, -0.0376)","(-15.3802, -10.1178)","(-0.9034, 1.649)","(-3.2965, 0.7727)","(7.3416, 6.1563)","(8.3455, 22.554)","(-9.3931, 18.3287)","(-25.8479, 19.5762)"
7.260000000000000853e+01,"(-24.459, -5.0213)","(10.3327, 28.6545)","(10.1814, -4.7913)","(2.139, -8.4767)","(-19.0707, -3.4248)","(-2.6067, -2.1042)","(11.7121, -13.8203)","(2.8221, -4.5496)","(-6.9598, -4.9877)","(11.6714, 3.5952)","(-1.9985, -14.4019)","(-14.0539, 11.5195)","(8.619, -0.0817)","(-11.2383, -6.887)","(-2.1441, 3.8369)","(-6.0509, 1.4201)","(2.587, 1.9627)","(5.7219, 13.0322)","(-4.06, 9.54)","(-12.4138, 11.761)"
7.270000000000000284e+01,"(-33.0215, -5.4329)","(6.2912, 12.9978)","(17.1051, -8.1656)","(3.4003, -11.806)","(-16.6822, -2.4357)","(-5.2487, -3.7664)","(12.3104, -15.1198)","(1.0975, -1.5661)","(-14.6849, -10.3273)","(4.3284, 1.0928)","(-3.1892, -23.8286)","(-6.7719, 6.2671)","(22.5088, -0.2591)","(-7.1023, -4.265)","(-5.3754, 9.5724)","(-11.7908, 2.7531)","(0.7945, 0.6763)","(2.8153, 6.1218)","(-1.3521, 3.6413)","(-4.5562, 6.3176)"
7.279999999999999716e+01,"(-13.0881, 0.7946)","(2.3754, 3.979)","(16.5125, -8.5032)","(5.6625, -19.2534)","(-8.7295, -0.8418)","(-16.3481, -11.7372)","(7.5061, -9.9905)","(1.8959, -2.228)","(-24.3311, -16.5862)","(1.8723, 0.6239)","(-3.6102, -21.1097)","(-2.852, 2.728)","(28.3603, -1.3091)","(-6.4533, -4.1653)","(-11.7016, 21.1013)","(-19.4956, 4.7072)","(0.9608, 0.9987)","(2.3772, 6.2969)","(-0.591, 1.3874)","(-4.038, 7.0907)"
7.290000000000000568e+01,"(-10.7062, 2.1645)","(0.4399, 0.7777)","(7.9377, -4.7664)","(5.5748, -20.7166)","(-4.5403, -0.4799)","(-33.0379, -22.7263)","(4.6663, -6.1881)","(4.8413, -5.5126)","(-13.4322, -7.4574)","(3.1045, 1.2875)","(-2.3112, -10.262)","(-2.0328, 1.7145)","(10.5183, -2.319)","(-9.1382, -6.19)","(-9.8717, 19.997)","(-17.0262, 4.7825)","(2.164, 2.3309)","(4.4314, 12.7621)","(-0.8441, 1.6028)","(-6.8876, 12.5194)"
7.300000000000000000e+01,"(-16.4827, 3.8874)","(0.3452, 0.9832)","(3.0678, -1.9747)","(2.5198, -11.7736)","(-4.5054, -0.7261)","(-14.3912, -6.0279)","(5.3592, -6.5253)","(12.785, -14.5137)","(-4.7082, -2.0945)","(7.4046, 3.1776)","(-1.3304, -7.8695)","(-3.1833, 2.4668)","(6.1937, -2.4613)","(-14.0853, -9.6002)","(-2.5335, 7.9706)","(-7.5867, 2.7394)","(5.4625, 5.9292)","(8.5305, 24.3641)","(-1.7623, 3.1951)","(-11.0911, 20.5236)"
7.310000000000000853e+01,"(-22.7944, 5.6962)","(1.1395, 3.4563)","(1.5784, -0.8938)","(1.5317, -6.7584)","(-7.4967, -1.3864)","(-10.725, -2.5943)","(8.9713, -10.5313)","(20.1304, -23.8714)","(-1.0845, -0.5458)","(18.1794, 7.8118)","(-1.9096, -14.9576)","(-6.1672, 4.6787)","(8.0016, -3.7575)","(-16.0483, -10.5431)","(-0.696, 4.4733)","(-2.6728, 1.0762)","(13.5518, 14.6677)","(7.8886, 19.2523)","(-3.9812, 7.1437)","(-8.2352, 16.9684)"
7.320000000000000284e+01,"(-16.0657, 4.7949)","(4.3332, 13.2754)","(2.1609, -1.0576)","(2.41, -8.4786)","(-13.8609, -2.6252)","(-17.8043, -3.4829)","(13.6219, -16.1158)","(6.8325, -10.9506)","(-1.5855, -1.1005)","(26.6543, 10.7027)","(-3.6318, -28.0786)","(-12.103, 9.1705)","(12.9504, -6.1693)","(-10.8243, -6.5119)","(-0.5137, 5.9131)","(-1.0273, 0.354)","(19.4361, 19.9583)","(3.7266, 6.9649)","(-8.6766, 15.6219)","(-3.2029, 7.8109)"
7.329999999999999716e+01,"(-8.4238, 2.7375)","(13.6297, 40.5738)","(4.1391, -1.9496)","(4.8465, -16.1004)","(-20.7732, -3.7183)","(-27.665, -4.9861)","(11.2376, -14.2639)","(2.3974, -5.8334)","(-5.0047, -3.5901)","(11.6333, 2.9947)","(-3.8158, -19.65)","(-17.3766, 13.5555)","(18.2301, -8.8814)","(-6.2502, -3.6783)","(-0.8238, 10.0849)","(-1.2279, 0.3133)","(8.987, 7.023)","(1.0691, 2.0045)","(-11.5028, 21.7962)","(-1.8864, 4.092)"
7.340000000000000568e+01,"(-8.2743, 2.1946)","(9.6902, 17.2091)","(8.6128, -4.0188)","(7.0577, -24.4289)","(-15.7857, -2.1105)","(-16.7991, -1.8389)","(5.4283, -7.6049)","(2.2834, -7.3183)","(-17.0827, -12.3014)","(5.1271, 0.4921)","(-2.0389, -7.0798)","(-10.8091, 9.4647)","(14.575, -7.7409)","(-5.5927, -3.6104)","(-1.3835, 17.3453)","(-2.3898, 0.5607)","(4.7671, 2.5999)","(0.7166, 1.9366)","(-4.6334, 11.1539)","(-3.2851, 6.0964)"
7.350000000000000000e+01,"(-15.2917, 3.6247)","(10.5135, 12.406)","(16.6642, -7.8411)","(3.4257, -15.468)","(-7.1312, -0.5189)","(-7.0379, -0.533)","(3.4546, -4.5537)","(4.0475, -13.3721)","(-32.7543, -22.3751)","(5.5959, -0.0389)","(-0.6285, -3.193)","(-4.0024, 4.0722)","(7.6467, -4.4421)","(-8.4415, -5.7531)","(-1.2165, 20.3981)","(-5.162, 1.1856)","(5.6772, 2.4442)","(1.7835, 5.2891)","(-1.1571, 4.1835)","(-7.3883, 13.3025)"
7.360000000000000853e+01,"(-25.257, 6.1333)","(13.6369, 14.3377)","(19.2218, -9.6501)","(1.0417, -6.2946)","(-3.0733, -0.265)","(-7.3216, -1.2481)","(5.0037, -5.9613)","(6.583, -22.3255)","(-14.6134, -5.6954)","(10.2489, -0.1958)","(-0.898, -7.4059)","(-1.2202, 1.2953)","(5.1516, -2.7944)","(-14.1169, -9.6947)","(-0.0633, 12.0629)","(-11.4881, 2.6289)","(9.3709, 3.9097)","(5.279, 15.8546)","(-0.3457, 2.6267)","(-13.0804, 24.0525)"
7.370000000000000284e+01,"(-17.3864, 5.2818)","(13.6792, 13.6466)","(9.0714, -5.4985)","(0.92, -3.7531)","(-2.9088, -0.4673)","(-17.8206, -3.5278)","(9.6396, -11.1849)","(4.5186, -18.2872)","(-12.7396, -2.8901)","(19.7573, -0.4117)","(-2.4725, -21.7943)","(-0.5131, 0.4626)","(7.0114, -3.4295)","(-17.2151, -11.3955)","(0.1279, 5.4949)","(-21.3866, 5.0631)","(15.9447, 6.6186)","(11.7874, 33.8572)","(-0.3447, 4.017)","(-7.2404, 15.928)"
7.379999999999999716e+01,"(-6.9704, 2.5996)","(10.0261, 9.5659)","(3.0124, -2.1834)","(2.158, -7.1614)","(-5.2394, -0.9848)","(-33.2337, -6.166)","(15.3234, -18.0666)","(1.4019, -8.0486)","(-18.0096, -3.3528)","(23.4032, -1.0771)","(-4.9929, -35.7796)","(-0.8354, 0.6462)","(12.5664, -5.9599)","(-11.1523, -6.6241)","(-0.1123, 3.6681)","(-18.354, 5.2112)","(19.1786, 7.5434)","(7.3835, 14.0082)","(-0.6455, 7.5936)","(-1.9279, 5.9354)"
7.390000000000000568e+01,"(-4.3955, 1.2728)","(8.7419, 8.6507)","(0.856, -0.7581)","(5.3095, -17.1418)","(-10.8235, -2.0974)","(-15.6549, -0.9824)","(10.5386, -13.7857)","(0.7591, -3.6455)","(-21.327, -3.5747)","(11.29, -1.4426)","(-4.439, -12.899)","(-1.8125, 1.3647)","(19.4819, -9.397)","(-5.6049, -3.1616)","(-0.4034, 5.4795)","(-7.0187, 2.8469)","(11.8994, 3.9832)","(5.6881, 7.1522)","(-1.2762, 14.9783)","(-0.3912, 1.6731)"
7.400000000000000000e+01,"(-9.0033, 2.1027)","(11.6403, 12.0398)","(0.721, -0.8016)","(8.4473, -28.8907)","(-20.3625, -3.8539)","(-5.3902, 0.3758)","(4.0072, -6.0556)","(1.4014, -4.8613)","(-15.1321, -1.9774)","(4.0291, -0.6991)","(-3.9908, -7.5152)","(-4.2617, 3.186)","(15.4618, -8.2416)","(-4.2623, -2.7007)","(-0.8906, 10.571)","(-2.3984, 1.3377)","(5.6927, 1.7455)","(7.9727, 8.5903)","(-1.604, 22.3176)","(-0.1546, 1.3739)"
7.410000000000000853e+01,"(-21.78, 4.9481)","(15.4801, 15.9212)","(1.3018, -1.4996)","(2.5204, -14.169)","(-20.4987, -3.1589)","(-3.574, 0.7034)","(1.8847, -2.6203)","(3.2893, -10.7156)","(-10.133, -1.3277)","(1.9372, -0.1726)","(-7.3089, -12.2706)","(-10.2287, 7.6405)","(7.0179, -4.2717)","(-6.567, -4.4856)","(-1.5942, 19.4638)","(-1.9987, 1.4516)","(4.0702, 1.4889)","(13.4389, 14.2049)","(-0.2313, 14.8611)","(-0.3168, 3.311)"
7.420000000000000284e+01,"(-28.6294, 7.3806)","(12.8582, 12.4178)","(2.7721, -3.1819)","(0.2008, -5.1898)","(-9.0774, -0.5722)","(-9.0949, 1.9944)","(2.8653, -3.4014)","(6.9944, -22.9288)","(-12.031, -2.0501)","(3.5109, -0.0841)","(-14.3248, -23.6393)","(-19.5656, 14.8932)","(3.6234, -2.0757)","(-12.2919, -8.527)","(-1.1348, 21.1018)","(-3.1806, 2.4203)","(6.206, 2.544)","(16.0042, 16.2107)","(0.3599, 5.8953)","(-0.9587, 9.783)"
7.429999999999999716e+01,"(-10.6253, 4.4092)","(8.2642, 7.7329)","(6.2725, -7.1782)","(-0.3346, -3.6721)","(-2.9851, 0.025)","(-28.2383, 6.2055)","(6.5052, -7.4632)","(5.9508, -22.9025)","(-19.5913, -3.5904)","(8.5033, -0.1118)","(-12.2971, -17.924)","(-13.9486, 11.9799)","(4.6455, -2.2854)","(-18.7006, -12.6874)","(0.2271, 10.2541)","(-5.9566, 4.5194)","(11.8681, 4.9887)","(9.649, 8.7346)","(0.1475, 1.8359)","(-2.6287, 27.6152)"
7.440000000000000568e+01,"(-3.6294, 2.1005)","(8.2481, 8.3284)","(12.8914, -14.8709)","(-0.872, -7.3913)","(-0.8113, 0.0739)","(-30.1074, 8.4027)","(14.4713, -16.6133)","(1.1371, -8.9495)","(-22.7787, -3.7413)","(20.7611, -0.2762)","(-5.1957, -6.1457)","(-4.5249, 5.1549)","(9.2091, -4.3269)","(-13.7008, -8.3203)","(0.2496, 3.7314)","(-11.3692, 8.6291)","(20.0456, 8.2837)","(5.126, 4.6572)","(-0.007, 0.7796)","(-1.0276, 27.075)"
7.450000000000000000e+01,"(-3.6768, 2.6794)","(13.0836, 13.7254)","(14.1992, -17.4003)","(-2.1524, -18.3441)","(-0.7026, 0.1471)","(-11.3968, 6.33)","(16.1811, -19.8493)","(0.0286, -3.072)","(-13.4572, -1.4996)","(28.158, -1.149)","(-1.7177, -2.3154)","(-1.993, 3.1032)","(18.1911, -8.5481)","(-6.0615, -3.183)","(0.0092, 1.5135)","(-16.5042, 12.8533)","(17.4159, 6.3893)","(5.7677, 5.918)","(-0.0992, 1.2827)","(1.991, 10.9325)"
7.460000000000000853e+01,"(-8.8455, 6.5674)","(16.9406, 17.3219)","(5.4372, -8.2346)","(-4.1784, -30.8522)","(-1.4287, 0.3255)","(-10.1038, 7.3261)","(5.4317, -8.6744)","(-0.305, -2.9257)","(-7.9458, -0.9678)","(11.1545, -2.007)","(-3.0099, -4.9971)","(-2.3259, 4.2114)","(20.8053, -10.4758)","(-2.6455, -1.4981)","(-0.1524, 2.1158)","(-11.2802, 9.7005)","(7.8572, 2.2329)","(11.1224, 11.8495)","(-0.2513, 2.8273)","(2.9898, 9.3214)"
7.470000000000000284e+01,"(-22.3739, 16.695)","(11.1403, 10.2793)","(1.5778, -3.1836)","(-3.5485, -13.4658)","(-3.4104, 0.7705)","(-17.8618, 13.5183)","(1.5341, -3.3132)","(-0.745, -6.2958)","(-10.5801, -1.8676)","(4.7664, -1.6531)","(-8.9521, -15.246)","(-3.8305, 7.0207)","(9.1927, -5.6911)","(-3.0732, -2.0571)","(-0.3995, 4.5476)","(-4.497, 4.4332)","(2.935, 0.811)","(18.2261, 19.0678)","(-0.6242, 6.7838)","(4.853, 13.7724)"
7.479999999999999716e+01,"(-19.8339, 16.6164)","(6.2864, 5.7839)","(0.8341, -2.4607)","(-2.223, -5.0921)","(-8.7115, 1.9538)","(-20.6078, 16.499)","(1.0327, -3.156)","(-1.8559, -15.8808)","(-20.2596, -3.8447)","(5.3253, -2.4321)","(-19.8828, -32.8225)","(-6.7272, 12.3233)","(2.986, -2.1108)","(-6.2131, -4.3368)","(-0.9757, 10.6939)","(-1.5631, 1.5808)","(2.1267, 0.7972)","(12.3913, 11.38)","(-1.4774, 16.1817)","(7.0689, 19.5002)"
7.490000000000000568e+01,"(-6.1291, 7.4901)","(7.5039, 7.7384)","(1.1523, -3.8262)","(-2.7492, -4.7524)","(-20.6754, 4.7052)","(-9.052, 8.5406)","(1.9716, -6.388)","(-3.8972, -30.0532)","(-25.5223, -4.277)","(9.8106, -4.5957)","(-10.5096, -12.1531)","(-9.2864, 17.4645)","(0.8318, -0.5441)","(-13.5711, -9.5229)","(-1.9637, 22.6676)","(-0.9064, 0.7819)","(3.9494, 1.6528)","(5.0415, 4.0253)","(-1.9746, 26.4165)","(6.6125, 16.6026)"
7.500000000000000000e+01,"(-3.4092, 5.6275)","(14.328, 15.238)","(2.1039, -6.9805)","(-5.7655, -9.6539)","(-24.8288, 6.5075)","(-4.4957, 4.0176)","(4.6662, -15.0532)","(-3.6406, -15.533)","(-12.7211, -1.097)","(18.5645, -8.7518)","(-7.3312, -5.9381)","(-6.5457, 13.5946)","(0.9736, -0.4771)","(-21.3778, -14.5152)","(-1.0183, 22.4255)","(-1.4612, 1.1309)","(8.8497, 3.7793)","(2.2806, 2.1182)","(0.2313, 13.9659)","(4.1104, 9.3938)"
7.510000000000000853e+01,"(-5.7699, 10.3406)","(18.6529, 19.0102)","(3.9896, -13.2222)","(-12.4868, -20.7833)","(-9.3262, 3.9057)","(-8.1077, 6.2023)","(8.074, -27.2211)","(-2.4424, -5.8585)","(-5.2435, -0.4159)","(20.2479, -10.2615)","(-11.3809, -8.044)","(-2.8461, 6.7296)","(2.3857, -1.1023)","(-12.4919, -7.0947)","(0.7266, 8.6467)","(-2.9534, 2.2337)","(19.1179, 8.1177)","(4.1019, 4.3637)","(0.8969, 5.2973)","(2.904, 7.2453)"
7.520000000000000284e+01,"(-11.888, 21.494)","(9.7783, 8.4323)","(5.7609, -19.8854)","(-13.5459, -20.5943)","(-4.2831, 2.6751)","(-19.9746, 14.9468)","(3.2267, -15.7773)","(-2.7242, -4.7641)","(-5.9851, -1.0391)","(9.0499, -5.5667)","(-21.3292, -14.7958)","(-1.4813, 3.3462)","(6.4448, -2.9444)","(-4.6822, -2.0132)","(0.815, 3.5338)","(-6.4199, 4.8249)","(22.6913, 8.8297)","(10.4902, 11.3849)","(1.2234, 3.9154)","(3.868, 10.7212)"
7.529999999999999716e+01,"(-11.0617, 22.0574)","(4.0147, 3.4435)","(3.644, -15.0861)","(-6.1117, -7.1133)","(-4.7233, 3.5443)","(-23.1155, 18.6403)","(0.3511, -5.8599)","(-5.0991, -8.4804)","(-14.287, -2.8241)","(3.1691, -2.105)","(-19.1908, -12.038)","(-1.691, 3.2911)","(17.4757, -7.9935)","(-1.8315, -0.5328)","(1.3, 3.8755)","(-13.3963, 10.1071)","(9.8775, 2.6118)","(21.7263, 23.1188)","(2.018, 5.7568)","(6.5164, 18.4103)"
7.540000000000000568e+01,"(-3.265, 8.9726)","(4.6076, 4.7809)","(1.1548, -6.695)","(-2.137, -2.0221)","(-7.3909, 5.6638)","(-7.3345, 8.0393)","(-0.2743, -3.5061)","(-10.2589, -17.007)","(-30.0778, -5.769)","(1.8509, -0.9999)","(-8.1037, -4.152)","(-2.9704, 5.4722)","(27.792, -13.4806)","(-2.4874, -0.5042)","(2.3671, 6.8024)","(-18.1836, 14.2807)","(3.6305, 0.4857)","(13.0222, 11.3004)","(3.517, 10.0222)","(7.8623, 20.7691)"
7.550000000000000000e+01,"(-0.8117, 2.5328)","(11.2563, 12.1772)","(0.4071, -2.4949)","(-1.8535, -1.3707)","(-12.1747, 9.348)","(-2.0532, 2.8434)","(-0.7186, -5.9669)","(-13.3947, -21.0496)","(-19.2365, -2.0605)","(3.6442, -1.72)","(-3.7917, -2.261)","(-5.6673, 10.3167)","(10.4144, -7.1312)","(-5.3227, -1.049)","(4.6039, 13.2681)","(-9.1828, 8.4311)","(2.9473, 0.0203)","(5.8738, 3.5633)","(5.9258, 16.7149)","(5.0181, 11.2305)"
7.560000000000000853e+01,"(-0.4469, 0.9331)","(22.5859, 23.9589)","(0.3706, -1.5183)","(-4.3131, -3.0667)","(-15.2743, 12.0661)","(-2.0166, 3.4889)","(-1.5866, -13.1887)","(-7.2365, -9.4231)","(-6.9553, 0.3112)","(8.8779, -4.092)","(-7.3842, -5.1506)","(-9.357, 17.2696)","(4.9503, -4.8437)","(-12.7564, -2.5377)","(7.5275, 21.0201)","(-2.9613, 3.3601)","(5.2006, -0.0938)","(5.5176, 2.483)","(6.8643, 18.0323)","(2.532, 5.6466)"
7.570000000000000284e+01,"(-1.3981, 2.4879)","(12.7839, 10.8931)","(0.6967, -2.379)","(-12.1658, -8.6845)","(-10.4355, 8.9557)","(-5.944, 10.4217)","(-3.2649, -25.6651)","(-2.6544, -3.0809)","(-3.7381, 0.6767)","(20.8308, -9.646)","(-19.5312, -13.8567)","(-8.2177, 16.4368)","(5.4985, -6.314)","(-25.6843, -4.9028)","(6.3705, 15.3842)","(-1.0519, 1.5726)","(10.9692, -0.1831)","(10.9412, 4.6736)","(4.4489, 10.0227)","(2.3819, 6.381)"
7.579999999999999716e+01,"(-4.6384, 8.1251)","(5.2874, 3.2703)","(1.4406, -4.7419)","(-27.4401, -19.1753)","(-5.2248, 4.7772)","(-17.6877, 31.2804)","(-3.6269, -19.4389)","(-0.8886, -1.2169)","(-7.3411, 1.6375)","(23.1341, -11.7672)","(-26.7118, -17.6589)","(-3.4153, 8.1579)","(8.6388, -10.1063)","(-19.2063, -2.4343)","(3.125, 6.1828)","(-1.1769, 2.1056)","(21.6216, -0.4461)","(22.8268, 9.6583)","(2.1439, 4.5459)","(4.3672, 12.5417)"
7.590000000000000568e+01,"(-14.7931, 26.0188)","(4.3888, 2.0068)","(3.0927, -10.0951)","(-15.3904, -8.295)","(-3.5601, 3.0396)","(-9.0097, 20.9894)","(-2.2146, -6.9167)","(-1.4224, -2.3373)","(-19.6681, 4.3827)","(8.0615, -5.7187)","(-10.8184, -4.6942)","(-1.2546, 3.2151)","(12.6167, -14.9544)","(-7.1411, 0.1487)","(1.0938, 2.1339)","(-2.0637, 3.7558)","(21.881, -1.2357)","(22.2982, 8.3143)","(1.2904, 3.1613)","(8.0764, 22.9664)"
7.600000000000000000e+01,"(-12.5384, 25.8785)","(10.1632, 4.4049)","(5.783, -19.2204)","(-8.0444, -2.4972)","(-4.7632, 3.7421)","(-2.2401, 12.2421)","(-1.0419, -2.2856)","(-3.6428, -6.1523)","(-33.1087, 8.1209)","(3.3091, -3.1972)","(-5.599, -1.4992)","(-0.8136, 1.7334)","(10.998, -13.8389)","(-3.7652, 0.632)","(0.6001, 1.5089)","(-4.1101, 7.4413)","(9.0377, -1.4431)","(8.8016, 2.1192)","(1.6908, 4.6812)","(7.6627, 18.9336)"
7.610000000000000853e+01,"(-2.7674, 13.1591)","(26.2323, 11.301)","(5.2712, -19.8722)","(-9.1495, -1.8638)","(-8.3478, 6.3872)","(-1.4475, 15.3763)","(-1.4391, -2.4677)","(-9.9174, -16.7902)","(-12.4791, 5.2727)","(3.8859, -4.4238)","(-9.4874, -1.924)","(-1.3373, 2.4968)","(5.8387, -8.0019)","(-5.3876, 1.2383)","(1.0059, 2.8701)","(-7.9082, 14.379)","(2.853, -0.7195)","(2.5148, 0.42)","(3.0715, 8.7978)","(3.7522, 7.293)"
7.620000000000000284e+01,"(-1.3404, 13.6972)","(24.9028, 9.0652)","(1.5215, -8.9619)","(-15.9977, -3.0441)","(-14.1211, 10.8344)","(-2.0106, 25.4062)","(-3.2183, -5.4075)","(-16.8925, -27.2088)","(-5.6924, 3.5902)","(7.3909, -8.5214)","(-23.455, -4.6904)","(-2.7085, 4.9121)","(3.7318, -4.9256)","(-10.3797, 2.4133)","(2.2184, 6.4923)","(-10.0283, 19.0661)","(1.2187, -0.4795)","(0.8086, 0.0474)","(5.6948, 16.2716)","(1.2384, 2.4655)"
7.629999999999999716e+01,"(-1.4687, 19.4956)","(9.7838, 1.5573)","(0.2327, -3.0472)","(-23.7384, -4.2327)","(-15.3847, 12.3613)","(-0.7375, 21.1983)","(-8.0622, -13.5911)","(-8.4343, -9.8404)","(-7.578, 5.6283)","(14.0177, -16.2642)","(-30.5894, -5.0696)","(-5.7525, 10.3721)","(4.7792, -5.7585)","(-19.6983, 4.6357)","(5.1323, 15.0493)","(-5.0955, 11.4076)","(1.9363, -0.8919)","(1.4861, -0.0079)","(7.4418, 19.9645)","(0.9962, 2.6963)"
7.640000000000000568e+01,"(-1.0939, 20.3939)","(6.8288, 0.1317)","(-0.0771, -1.3834)","(-16.4384, -2.0506)","(-8.343, 7.4968)","(0.196, 9.7735)","(-15.5093, -25.4122)","(-5.3779, -4.4481)","(-16.1611, 12.1349)","(13.9759, -17.3366)","(-11.4797, -0.0318)","(-10.302, 18.8755)","(8.424, -9.8423)","(-21.4263, 5.7023)","(8.8548, 24.7632)","(-1.6216, 4.4832)","(4.3515, -2.0106)","(4.545, -0.0254)","(4.9131, 11.0041)","(2.2544, 6.6255)"
7.650000000000000000e+01,"(-0.2634, 13.4124)","(13.1662, -0.1711)","(-0.2382, -1.9733)","(-7.4473, -0.5991)","(-3.703, 3.4933)","(-0.3715, 7.8209)","(-9.6178, -12.7638)","(-7.2622, -5.1133)","(-22.8431, 17.9229)","(5.4622, -8.1655)","(-4.6241, 0.6318)","(-8.4667, 17.1457)","(13.4385, -15.8246)","(-9.7297, 3.4786)","(6.0884, 13.3963)","(-0.4279, 1.3204)","(10.7661, -4.9512)","(15.5012, -0.0616)","(2.1782, 4.259)","(5.922, 17.5848)"
7.660000000000000853e+01,"(-0.3431, 9.9202)","(28.0834, -0.5075)","(-0.4678, -3.7567)","(-5.3414, -0.7743)","(-2.6409, 2.2301)","(-1.4018, 16.305)","(-4.5629, -4.3486)","(-12.7309, -8.8209)","(-9.4028, 9.1455)","(1.7315, -2.8104)","(-6.7141, 1.4696)","(-2.8197, 7.4109)","(11.5886, -14.6217)","(-3.3203, 1.3706)","(2.8839, 4.5655)","(-0.1043, 0.3069)","(22.9326, -10.7213)","(38.9434, -0.6143)","(0.8121, 1.7395)","(10.7837, 30.1537)"
7.670000000000000284e+01,"(-0.9112, 13.2162)","(22.7892, -1.7501)","(-0.9691, -7.9292)","(-9.7218, -1.8308)","(-4.0697, 3.1573)","(-2.4855, 30.8399)","(-4.2449, -3.1223)","(-18.9702, -12.8523)","(-2.7479, 3.1045)","(0.9219, -1.2209)","(-18.0176, 3.9967)","(-0.7008, 2.4575)","(5.3157, -7.5584)","(-1.2603, 0.423)","(2.1141, 2.4866)","(-0.0781, 0.1586)","(18.5742, -9.9629)","(16.9475, -3.1965)","(0.7415, 1.9897)","(6.3427, 12.1743)"
7.680000000000001137e+01,"(-1.5858, 21.0208)","(7.9618, -1.7085)","(-2.023, -16.3424)","(-20.6384, -3.9992)","(-7.8279, 5.943)","(0.0687, 18.1851)","(-7.5549, -5.2791)","(-14.1924, -8.6683)","(-0.6618, 0.657)","(1.9218, -2.2309)","(-35.3289, 8.4147)","(-0.1752, 1.1823)","(2.7306, -3.7622)","(-1.9674, 0.4785)","(3.3789, 3.6147)","(-0.1738, 0.3159)","(6.2637, -4.7213)","(11.5191, -4.5713)","(1.3554, 3.892)","(3.8878, 5.1225)"
7.690000000000000568e+01,"(-1.078, 21.4347)","(2.108, -0.6473)","(-3.2339, -22.7109)","(-26.02, -4.3425)","(-14.523, 11.0587)","(0.6243, 6.1206)","(-15.0009, -10.4611)","(-6.7467, -3.6963)","(-1.382, 1.043)","(4.8718, -5.5436)","(-14.1263, 5.7667)","(-0.1638, 1.8234)","(3.3512, -4.0554)","(-4.6061, 1.049)","(6.4474, 6.8837)","(-0.4033, 0.7226)","(3.0827, -3.1474)","(13.9493, -6.5928)","(2.9102, 8.4876)","(5.1335, 5.5941)"
7.700000000000000000e+01,"(-0.0249, 11.9902)","(1.7072, -0.7457)","(-2.7258, -12.5513)","(-11.5304, -0.7157)","(-16.734, 13.3715)","(0.0281, 1.7373)","(-20.6514, -13.8243)","(-4.1976, -2.5854)","(-4.5797, 3.3641)","(12.5854, -14.3042)","(-6.3194, 3.9326)","(-0.3216, 3.675)","(6.501, -7.5445)","(-11.694, 2.6268)","(12.3621, 13.1592)","(-0.9889, 1.7629)","(4.0141, -4.6245)","(17.4646, -8.5858)","(6.1099, 17.697)","(9.7974, 10.4793)"
7.710000000000000853e+01,"(-0.217, 7.9049)","(4.8497, -2.19)","(-1.4277, -4.4371)","(-3.6531, 0.0194)","(-8.2723, 7.6121)","(-0.381, 4.1663)","(-11.4678, -6.4546)","(-6.5488, -4.4829)","(-16.1742, 11.8366)","(19.4154, -23.052)","(-8.3126, 6.15)","(-0.7336, 8.1746)","(12.669, -14.675)","(-25.533, 5.9034)","(15.6864, 15.9874)","(-2.5242, 4.4875)","(7.1782, -8.3262)","(15.214, -7.935)","(8.2154, 22.0211)","(16.9761, 17.8822)"
7.720000000000000284e+01,"(-0.8584, 11.6541)","(16.95, -7.6161)","(-0.6758, -1.4835)","(-0.8188, -0.0323)","(-2.9859, 3.046)","(-1.4662, 14.4771)","(-4.3041, -2.0874)","(-13.4674, -9.4071)","(-32.6136, 24.9845)","(6.8106, -10.7418)","(-18.4407, 13.8145)","(-1.5471, 17.6077)","(14.7708, -17.9776)","(-20.2762, 5.9702)","(8.8948, 7.8473)","(-6.3672, 11.3353)","(12.5364, -14.6334)","(10.5163, -5.7047)","(4.8242, 10.0193)","(13.6777, 13.0098)"
7.730000000000001137e+01,"(-1.774, 21.687)","(38.0818, -17.9204)","(-0.8891, -1.5171)","(-1.1025, -0.2051)","(-1.1939, 1.1164)","(-3.851, 41.3017)","(-1.6109, -0.9178)","(-21.4911, -14.6191)","(-10.4406, 12.6949)","(2.3206, -5.5237)","(-23.0771, 18.3862)","(-1.5971, 24.0509)","(6.5131, -9.3762)","(-7.1223, 3.4421)","(3.4732, 2.7111)","(-12.235, 22.3086)","(13.0005, -16.0179)","(9.8141, -5.0385)","(2.0499, 3.2882)","(5.9241, 4.7979)"
7.740000000000000568e+01,"(-1.3143, 24.1544)","(13.4437, -10.3839)","(-1.6298, -2.6978)","(-3.2625, -0.6661)","(-1.5154, 1.1947)","(1.5298, 19.1214)","(-2.4831, -1.7046)","(-13.4586, -7.8199)","(-7.0945, 11.9038)","(2.0554, -6.5627)","(-8.0399, 8.3305)","(0.2651, 12.0094)","(2.1367, -3.4558)","(-4.1067, 2.7981)","(1.1286, 0.9404)","(-7.495, 16.1279)","(6.1243, -8.6523)","(13.6651, -6.6658)","(1.2725, 1.5289)","(2.2792, 1.9886)"
7.750000000000000000e+01,"(0.263, 11.4792)","(9.3928, -10.0193)","(-3.3252, -5.5308)","(-10.6491, -2.2095)","(-3.1342, 2.3705)","(3.7084, 13.2292)","(-6.0499, -4.2779)","(-5.1348, -2.4361)","(-8.8794, 16.3891)","(3.4734, -11.5186)","(-2.1095, 2.56)","(0.6069, 4.2556)","(0.8852, -1.2429)","(-5.7618, 4.3611)","(1.063, 1.0833)","(-1.8441, 6.5222)","(2.4626, -3.6496)","(18.5339, -9.0826)","(2.0325, 2.1832)","(2.9357, 3.0629)"
7.760000000000000853e+01,"(0.0524, 5.1391)","(12.4589, -14.5293)","(-6.9891, -11.6314)","(-31.4159, -6.3763)","(-7.133, 5.3457)","(6.2762, 18.1627)","(-15.5286, -11.009)","(-1.46, -0.7343)","(-9.4697, 18.3306)","(5.9111, -19.8966)","(-0.4776, 0.7023)","(0.6781, 2.3438)","(1.5093, -1.7771)","(-10.3525, 7.873)","(2.1782, 2.3312)","(-0.5948, 4.614)","(1.8801, -2.3982)","(15.8012, -8.2921)","(3.9726, 4.2507)","(6.9531, 7.513)"
7.770000000000000284e+01,"(-0.4942, 6.873)","(14.1053, -17.1392)","(-11.7533, -19.094)","(-23.7847, -2.742)","(-15.4727, 11.6477)","(8.6174, 23.4161)","(-25.1049, -17.0135)","(-1.4324, -0.9613)","(-6.3602, 13.3036)","(5.2574, -19.9398)","(-0.7373, 1.2811)","(1.1729, 3.3913)","(3.6213, -4.1381)","(-16.7338, 12.8957)","(5.1325, 5.5483)","(-0.4849, 6.0771)","(3.3557, -3.9305)","(9.7058, -5.4012)","(8.3858, 8.9994)","(16.6211, 17.9332)"
7.780000000000001137e+01,"(-1.4478, 16.072)","(9.0922, -11.9605)","(-9.3338, -13.5198)","(-12.0651, 1.4358)","(-19.1122, 15.189)","(6.3193, 14.8119)","(-11.5173, -5.7367)","(-3.5607, -2.5184)","(-4.7564, 9.7842)","(1.9004, -9.8626)","(-2.6355, 4.5851)","(2.1774, 6.2602)","(9.2433, -10.507)","(-14.2086, 11.8078)","(12.1202, 13.0846)","(-0.7081, 9.2535)","(7.127, -8.2012)","(8.5196, -4.4098)","(15.2099, 16.0855)","(18.648, 18.5206)"
7.790000000000000568e+01,"(-2.4485, 30.3719)","(6.2604, -8.1261)","(-4.1425, -4.9102)","(-12.5298, 2.8083)","(-7.7787, 7.6239)","(3.6982, 8.6547)","(-5.6292, -1.7223)","(-9.9858, -7.1234)","(-6.2812, 11.9385)","(0.8389, -4.3424)","(-10.6152, 18.4132)","(4.2802, 12.3463)","(18.5182, -21.4593)","(-6.3364, 5.9816)","(18.6427, 19.3319)","(-1.0749, 14.2559)","(13.9495, -16.1554)","(12.79, -6.1868)","(13.5324, 13.1035)","(7.9118, 5.7073)"
7.800000000000000000e+01,"(0.1822, 17.0582)","(8.5164, -10.1903)","(-1.4579, -1.4322)","(-17.2076, 4.2212)","(-2.4482, 3.109)","(4.2929, 11.807)","(-6.5602, -1.3312)","(-24.4243, -17.2025)","(-9.7125, 18.1063)","(1.1551, -4.2253)","(-21.6387, 39.8348)","(7.1424, 20.0213)","(10.6204, -14.5012)","(-2.8974, 2.6786)","(9.7205, 8.1723)","(-1.0893, 17.3577)","(13.7838, -17.1217)","(19.5381, -9.4438)","(5.9697, 4.7446)","(4.1897, 2.1639)"
7.810000000000000853e+01,"(0.8481, 5.902)","(14.2674, -16.7615)","(-1.0761, -0.81)","(-18.7537, 4.9339)","(-1.5017, 2.5331)","(7.9321, 22.6618)","(-11.8951, -2.2814)","(-18.3607, -10.9023)","(-9.6741, 19.0104)","(2.4938, -8.2502)","(-4.4661, 18.9683)","(6.4263, 15.8042)","(3.111, -6.2102)","(-3.1813, 2.5432)","(4.2231, 2.5872)","(-0.407, 13.2079)","(5.1092, -7.8145)","(17.2132, -9.002)","(2.0127, 1.3359)","(6.2245, 2.6798)"
7.820000000000000284e+01,"(0.7206, 2.5862)","(14.2207, -17.634)","(-1.8285, -1.2776)","(-13.5236, 3.9742)","(-2.3045, 4.1822)","(9.0889, 23.4852)","(-21.2885, -3.9922)","(-8.462, -2.9537)","(-5.3358, 11.6544)","(5.3771, -17.5906)","(-1.9215, 18.4505)","(3.2652, 6.53)","(1.6754, -4.9304)","(-6.1863, 4.7022)","(3.8149, 1.7183)","(-0.0447, 7.6223)","(1.4308, -2.6397)","(9.0872, -5.2573)","(1.0756, 0.5262)","(13.227, 5.6415)"
7.830000000000001137e+01,"(1.6115, 4.8183)","(6.999, -9.7246)","(-3.65, -2.5519)","(-9.7791, 2.8441)","(-4.4864, 8.1283)","(4.8241, 9.9088)","(-20.8953, -3.186)","(-7.8954, -1.6912)","(-3.9453, 8.1462)","(7.0834, -24.9101)","(-1.3898, 21.1461)","(1.1667, 2.1563)","(2.3858, -7.8848)","(-12.9476, 9.7689)","(6.1889, 2.5967)","(-0.1432, 5.2443)","(0.4, -1.0019)","(6.6207, -3.5261)","(1.7724, 0.7572)","(24.6963, 10.3011)"
7.840000000000000568e+01,"(4.5314, 13.5769)","(4.7765, -6.1957)","(-7.8551, -5.5131)","(-11.2716, 2.9121)","(-8.6108, 15.6634)","(2.2104, 5.1486)","(-9.6148, -0.7165)","(-12.5906, -2.3798)","(-6.1533, 11.5028)","(2.4097, -12.6757)","(-0.5644, 16.4063)","(0.3782, 0.8204)","(4.4049, -14.6114)","(-19.5998, 15.232)","(11.4921, 4.8274)","(-0.364, 5.9838)","(0.4685, -1.4911)","(10.429, -5.0194)","(3.707, 1.5784)","(17.7651, 6.1153)"
7.850000000000000000e+01,"(11.1201, 32.4499)","(8.2477, -9.6807)","(-15.6556, -10.9011)","(-16.9267, 4.1602)","(-10.2884, 19.717)","(3.5296, 10.1305)","(-3.8019, -0.2742)","(-20.1875, -3.7005)","(-10.7201, 19.7498)","(0.4161, -4.3911)","(-0.4177, 12.2199)","(0.4115, 1.1311)","(6.33, -21.8898)","(-10.9573, 9.8273)","(19.0689, 7.87)","(-0.6827, 9.1286)","(1.0366, -3.3451)","(19.1918, -9.0921)","(8.5011, 3.6403)","(6.6584, 1.4753)"
7.860000000000000853e+01,"(8.0532, 16.9637)","(16.1471, -18.7415)","(-18.2794, -11.9874)","(-20.3699, 5.2617)","(-4.6854, 10.8186)","(8.5836, 25.2393)","(-3.531, -0.5753)","(-19.6884, -3.0188)","(-10.0743, 19.9929)","(0.0045, -1.2432)","(-0.9328, 14.6004)","(0.8163, 2.3634)","(3.6376, -15.5108)","(-3.6538, 3.9324)","(17.3277, 6.4351)","(-1.0896, 14.3433)","(2.6346, -8.4346)","(20.9495, -10.6209)","(18.3386, 7.7869)","(1.8221, 0.2642)"
7.870000000000000284e+01,"(5.3969, 7.2303)","(14.7528, -18.5579)","(-8.9556, -4.7921)","(-14.1927, 4.2327)","(-1.4598, 4.0872)","(10.3302, 26.4422)","(-7.3587, -1.4216)","(-10.5206, -1.0503)","(-4.3286, 10.1247)","(-0.1308, -1.2479)","(-1.5425, 21.46)","(1.8476, 5.4196)","(1.1685, -6.7442)","(-0.9162, 1.0946)","(8.2941, 2.4576)","(-1.1196, 17.6843)","(6.3229, -20.4087)","(9.7662, -5.8964)","(22.1885, 8.6725)","(1.0379, 0.0216)"
7.880000000000001137e+01,"(6.8768, 7.5219)","(5.3266, -8.1326)","(-3.24, -1.3367)","(-8.7555, 2.68)","(-0.4379, 1.2003)","(5.2002, 8.7473)","(-17.0801, -3.3704)","(-5.9343, -0.6959)","(-2.7317, 5.8211)","(-0.3373, -2.893)","(-1.0326, 21.2134)","(4.3163, 12.675)","(0.6916, -3.22)","(-0.2297, 0.3362)","(3.371, 0.9722)","(-0.3933, 13.2903)","(7.0768, -25.6983)","(4.3575, -2.5961)","(9.917, 2.6841)","(2.3404, -0.0206)"
7.890000000000000568e+01,"(12.8113, 13.6747)","(2.3466, -3.2785)","(-1.6059, -0.421)","(-9.3659, 2.453)","(-0.3768, 0.7562)","(2.4616, 3.1283)","(-27.7021, -5.001)","(-7.4098, -1.2842)","(-4.9317, 9.1117)","(-0.9062, -7.935)","(-0.1739, 12.9737)","(8.1559, 23.1738)","(1.2231, -4.261)","(-0.2903, 0.5099)","(2.5366, 0.9493)","(-0.0155, 7.4326)","(1.3067, -10.3697)","(5.5032, -2.7002)","(3.7902, 0.501)","(6.9022, -0.0476)"
7.900000000000000000e+01,"(18.1629, 18.7321)","(4.5213, -5.2677)","(-2.317, -0.4533)","(-15.4123, 3.724)","(-0.812, 1.4771)","(4.4097, 4.8442)","(-14.1429, -1.1576)","(-14.0847, -2.6771)","(-10.6842, 19.3103)","(-2.4969, -21.6394)","(-0.4586, 10.5864)","(6.7727, 16.014)","(2.7012, -8.8576)","(-0.7174, 1.2734)","(4.4087, 1.8328)","(-0.1203, 4.9274)","(-0.1824, -5.1744)","(12.4392, -5.7829)","(3.1668, 0.016)","(21.2104, -0.1457)"
7.910000000000000853e+01,"(10.8284, 9.6822)","(12.3233, -13.9861)","(-4.3256, -0.8298)","(-22.1647, 5.5158)","(-1.9154, 3.4276)","(13.0369, 14.2868)","(-5.0666, 0.2513)","(-23.5881, -4.3324)","(-12.5033, 24.1364)","(-4.4013, -30.0073)","(-1.2434, 16.4932)","(3.2874, 5.5596)","(5.7448, -18.8104)","(-2.0231, 3.573)","(9.2766, 3.9386)","(-0.3393, 5.5947)","(-0.7413, -6.1865)","(25.0982, -11.8063)","(5.1118, -0.1089)","(34.8457, -1.1793)"
7.920000000000000284e+01,"(4.5837, 3.8637)","(22.51, -26.3735)","(-8.8999, -1.7269)","(-16.2752, 4.8033)","(-4.7731, 8.5021)","(26.9071, 28.4561)","(-3.0032, 0.5617)","(-18.15, -2.4151)","(-4.1777, 10.7426)","(-3.6462, -10.9941)","(-1.8308, 25.2047)","(2.0559, 2.5392)","(6.7143, -24.1208)","(-5.9652, 10.5136)","(18.5938, 7.8386)","(-0.6546, 8.6734)","(-1.3323, -10.3505)","(17.7935, -9.8093)","(9.6776, -0.1967)","(13.0828, -3.1209)"
7.930000000000001137e+01,"(3.8574, 3.8896)","(7.8889, -12.4892)","(-17.4192, -3.3317)","(-8.1269, 2.7115)","(-10.7259, 19.2835)","(12.5437, 9.0639)","(-5.2849, 1.2035)","(-7.5747, -0.4419)","(-1.16, 3.3745)","(-3.4093, -6.4886)","(-0.466, 18.5346)","(2.9015, 3.1109)","(1.9666, -11.2474)","(-14.3488, 25.7226)","(21.1012, 8.1664)","(-1.084, 14.0306)","(-2.3094, -17.6416)","(5.8634, -4.3171)","(17.8403, -0.4034)","(9.2034, -3.8235)"
7.940000000000000568e+01,"(8.3723, 8.9951)","(2.5385, -5.9916)","(-21.5343, -3.6117)","(-6.5977, 1.8309)","(-10.9152, 21.4593)","(8.6744, 4.2908)","(-12.1352, 2.7554)","(-3.1644, -0.2957)","(-0.9191, 1.8352)","(-5.0503, -8.3525)","(0.0732, 9.1542)","(4.9704, 5.2704)","(0.2837, -3.8193)","(-8.6194, 18.8195)","(9.7111, 2.7355)","(-1.1852, 18.0677)","(-3.0893, -20.322)","(1.7376, -1.6059)","(21.1475, -0.9535)","(12.2719, -5.8101)"
7.950000000000000000e+01,"(18.6428, 20.0008)","(2.4658, -7.7472)","(-11.2574, -1.0233)","(-11.4187, 2.7358)","(-3.0459, 8.8313)","(14.4028, 6.181)","(-25.1883, 5.8659)","(-4.232, -0.754)","(-2.7244, 4.8484)","(-8.1877, -13.3574)","(-0.5102, 8.9318)","(9.0816, 9.6456)","(-0.0816, -1.5758)","(-2.0186, 8.916)","(3.302, 0.6168)","(-0.4323, 13.875)","(-2.4444, -11.7331)","(1.9493, -2.1796)","(11.3424, -1.2737)","(17.3802, -8.4271)"
7.960000000000000853e+01,"(16.8686, 16.1937)","(5.5509, -17.8575)","(-4.0458, -0.0353)","(-21.498, 5.0807)","(-0.787, 4.4226)","(26.3991, 11.0141)","(-20.3512, 5.9405)","(-9.6709, -1.902)","(-8.5696, 15.0621)","(-11.0357, -17.5405)","(-1.5277, 18.0104)","(13.9208, 14.5184)","(-0.2871, -2.464)","(-0.8672, 8.4916)","(1.2988, 0.0803)","(0.0153, 7.533)","(-1.2613, -5.4332)","(4.9946, -5.6493)","(4.3551, -0.7188)","(16.6866, -8.5804)"
7.970000000000000284e+01,"(6.8618, 4.8796)","(9.0369, -30.8172)","(-1.1828, 0.0913)","(-22.2889, 6.0178)","(-0.4779, 5.2845)","(18.9945, 6.5386)","(-7.0981, 3.2019)","(-22.255, -4.3733)","(-18.3398, 33.333)","(-8.6609, -12.6455)","(-2.1667, 29.241)","(11.751, 11.3383)","(-0.6723, -5.683)","(-0.8945, 11.7495)","(1.8684, -0.0212)","(-0.0803, 4.6199)","(-0.7054, -4.0868)","(14.365, -16.229)","(1.6964, -0.2131)","(10.3602, -5.7643)"
7.980000000000001137e+01,"(2.8065, 1.5018)","(2.4706, -14.5504)","(-0.8856, 0.1806)","(-9.7908, 3.5351)","(-0.6973, 8.6338)","(7.2575, 1.859)","(-2.8078, 1.7639)","(-25.9566, -4.1774)","(-5.219, 15.1143)","(-4.8656, -6.6946)","(0.1514, 15.9891)","(5.8357, 4.9994)","(-1.6814, -14.3902)","(-1.1689, 16.4191)","(3.969, -0.0609)","(-0.2915, 5.0006)","(-0.8787, -6.5477)","(21.6614, -25.874)","(1.907, -0.0799)","(7.6145, -4.0675)"
7.990000000000000568e+01,"(4.2886, 1.8756)","(0.212, -5.0305)","(-1.5823, 0.3654)","(-3.8492, 1.38)","(-1.2042, 14.9643)","(3.9502, 1.4345)","(-3.6477, 2.7106)","(-10.1775, -0.2365)","(-1.5374, 10.048)","(-3.5768, -5.357)","(0.3751, 5.6793)","(2.5109, 2.1555)","(-3.6191, -28.3708)","(-0.9677, 17.5358)","(9.4454, -0.1242)","(-0.5897, 7.7949)","(-1.6081, -12.7921)","(6.2759, -11.2124)","(3.7602, -0.0768)","(10.0506, -4.9313)"
8.000000000000000000e+01,"(11.3286, 4.9214)","(-0.2626, -3.0751)","(-3.3459, 0.7688)","(-4.3371, 1.1046)","(-1.3692, 20.2309)","(9.5869, 4.11)","(-7.7975, 5.8454)","(-3.9739, 0.4593)","(-1.2467, 14.1108)","(-5.0832, -8.2046)","(-0.1955, 3.9387)","(1.9166, 1.8888)","(-3.6193, -16.8713)","(-0.3385, 12.5935)","(21.1762, -0.3416)","(-1.0325, 13.0859)","(-2.8765, -21.7812)","(2.8569, -7.8402)","(8.3086, -0.13)","(16.3583, -7.8434)"
8.010000000000000853e+01,"(28.5829, 12.2643)","(-0.81, -7.1638)","(-7.6229, 1.7365)","(-10.1135, 2.3113)","(-0.348, 14.4583)","(26.5531, 11.4915)","(-17.2486, 12.9677)","(-4.4277, 0.9675)","(-1.7882, 22.9273)","(-8.9216, -14.6201)","(-0.958, 10.3239)","(3.0599, 3.2167)","(-2.4802, -6.2432)","(-0.2104, 8.5429)","(24.6293, -1.1992)","(-1.2788, 18.306)","(-3.2021, -18.3324)","(3.5968, -11.7791)","(17.892, -0.306)","(19.43, -9.7016)"
8.020000000000000284e+01,"(21.3005, 7.2003)","(-2.426, -21.6411)","(-16.6983, 3.8378)","(-23.7933, 5.4292)","(0.1301, 6.9401)","(26.7013, 9.8033)","(-20.1714, 16.1606)","(-9.1814, 2.0967)","(-0.8948, 20.997)","(-11.9552, -18.9354)","(-2.713, 28.6632)","(5.9711, 6.3737)","(-2.5476, -4.5268)","(-0.4575, 8.5176)","(9.7813, -1.7262)","(-0.5668, 15.2275)","(-1.9955, -7.7629)","(6.0785, -20.3826)","(24.312, -0.94)","(11.9541, -6.6905)"
8.030000000000001137e+01,"(9.1646, 1.1672)","(-5.0547, -36.4769)","(-23.4926, 5.8978)","(-25.4432, 6.8975)","(-0.0481, 3.8948)","(10.6827, 1.5882)","(-7.367, 7.5259)","(-20.505, 4.7001)","(0.1251, 10.4369)","(-8.0664, -11.3471)","(-1.0499, 28.1013)","(11.5518, 12.3047)","(-4.306, -7.119)","(-0.8649, 12.108)","(3.9315, -1.3131)","(0.039, 8.1519)","(-0.7413, -2.7253)","(5.8108, -21.7026)","(11.9062, -1.5365)","(6.561, -3.7373)"
8.040000000000000568e+01,"(8.3104, 0.0267)","(-4.6914, -13.2194)","(-11.7031, 4.0446)","(-8.9697, 3.9545)","(-0.3043, 4.7134)","(8.1885, 0.1107)","(-2.2322, 2.9192)","(-25.8701, 6.6932)","(-0.2211, 6.9863)","(-3.8374, -5.0341)","(1.8264, 10.674)","(15.3153, 15.6964)","(-8.0247, -13.2409)","(-1.2509, 17.4688)","(3.9987, -1.8166)","(-0.0178, 4.4235)","(-0.3113, -1.7911)","(2.2061, -11.0925)","(4.1384, -1.039)","(7.0479, -3.5401)"
8.050000000000000000e+01,"(15.4583, -0.2655)","(-4.6746, -8.6243)","(-4.0387, 1.998)","(-3.5578, 2.2143)","(-0.6855, 8.4354)","(16.7864, -0.2095)","(-1.5257, 2.6046)","(-10.3883, 4.0427)","(-0.9398, 11.8766)","(-2.5222, -3.7567)","(2.5512, 8.1663)","(9.2211, 8.2688)","(-12.1064, -19.45)","(-0.9279, 17.8607)","(6.7535, -3.1834)","(-0.2165, 4.2027)","(-0.4341, -3.3838)","(1.2115, -5.6193)","(2.1845, -0.885)","(12.6625, -6.0113)"
8.060000000000000853e+01,"(26.7806, -0.7034)","(-8.143, -13.5669)","(-2.2739, 1.558)","(-4.6117, 3.4158)","(-1.3105, 15.7911)","(32.1973, -0.7512)","(-2.9263, 5.2423)","(-3.369, 1.7948)","(-2.0127, 23.8428)","(-3.9731, -6.4778)","(5.385, 15.8003)","(3.6943, 2.87)","(-8.9663, -12.8411)","(-0.2102, 11.6659)","(12.745, -5.998)","(-0.4799, 6.4259)","(-0.9309, -7.7613)","(2.1142, -7.3597)","(3.1999, -1.4936)","(21.0207, -10.0706)"
8.070000000000000284e+01,"(18.5343, -1.6184)","(-13.6993, -22.2892)","(-3.1611, 2.3983)","(-10.3952, 7.7671)","(-1.473, 21.6884)","(17.4825, -2.0967)","(-7.0092, 12.5137)","(-2.2741, 1.6119)","(-1.1688, 24.4542)","(-8.0469, -13.3528)","(10.047, 28.4555)","(1.0914, 0.8194)","(-4.1235, -5.2251)","(-0.1553, 7.5136)","(19.6047, -9.4639)","(-0.9011, 11.1931)","(-2.1561, -17.9645)","(4.7608, -15.5966)","(6.1062, -2.8618)","(16.9179, -9.0128)"
8.080000000000001137e+01,"(7.0263, -1.1764)","(-10.8854, -15.752)","(-5.5532, 4.2283)","(-21.9648, 16.5968)","(-0.1717, 13.878)","(5.7192, -1.3817)","(-13.486, 24.6066)","(-4.4765, 3.3445)","(0.5217, 9.9974)","(-13.1612, -21.2939)","(7.2411, 16.1324)","(0.3784, 0.3408)","(-1.8674, -2.583)","(-0.4459, 7.8586)","(14.4636, -7.8218)","(-1.3378, 17.6694)","(-3.7274, -26.4905)","(7.8683, -26.7315)","(12.4394, -5.816)","(7.2577, -4.4959)"
8.090000000000000568e+01,"(3.2121, -0.3041)","(-5.006, -6.4222)","(-10.343, 7.8623)","(-16.1882, 13.8828)","(0.2636, 5.7666)","(1.3708, -0.4558)","(-7.444, 16.4352)","(-11.1124, 8.2762)","(0.1476, 3.3992)","(-9.3128, -13.1119)","(2.9825, 5.268)","(0.5644, 0.5922)","(-2.3015, -3.6901)","(-0.898, 12.023)","(6.0443, -3.8086)","(-0.8759, 17.6003)","(-3.0391, -12.2803)","(3.4736, -16.2749)","(20.2305, -9.7094)","(3.8182, -2.1577)"
8.100000000000000000e+01,"(6.3181, -0.1304)","(-3.2579, -4.9144)","(-15.8149, 12.2495)","(-5.0599, 5.8196)","(0.0432, 2.3857)","(1.6389, -0.7264)","(-1.8052, 6.3761)","(-23.0228, 17.439)","(-0.3012, 4.1615)","(-3.9068, -4.611)","(0.7677, 1.6678)","(1.2255, 1.3173)","(-4.7187, -7.8456)","(-1.356, 18.3208)","(2.4292, -1.4967)","(0.0066, 9.836)","(-1.7691, -4.3925)","(0.6804, -5.8393)","(14.644, -7.9632)","(5.9431, -2.8628)"
8.110000000000000853e+01,"(16.9571, -0.1783)","(-6.4686, -10.7439)","(-12.5615, 10.535)","(-1.8517, 2.8244)","(-0.1521, 2.526)","(5.6165, -2.5157)","(-0.5212, 3.8296)","(-14.1763, 12.5838)","(-1.0647, 11.2758)","(-1.1274, -1.3366)","(1.3584, 3.9751)","(2.9199, 3.1591)","(-10.1014, -16.8117)","(-0.9428, 18.5421)","(2.3212, -1.1792)","(0.0755, 4.6691)","(-1.7933, -3.1779)","(0.1939, -1.4539)","(5.5669, -3.6897)","(13.2403, -6.1567)"
8.120000000000000284e+01,"(33.733, -0.7814)","(-14.408, -23.9884)","(-5.5204, 5.2523)","(-2.5867, 4.5878)","(-0.4031, 4.831)","(22.1981, -9.9124)","(-0.5662, 6.327)","(-4.4977, 5.5557)","(-2.7467, 29.5878)","(-0.7034, -1.0844)","(4.3568, 13.1854)","(7.2268, 7.8322)","(-13.533, -21.3139)","(-0.093, 11.0804)","(4.4344, -2.094)","(-0.11, 3.3075)","(-3.1379, -5.1998)","(0.4125, -1.433)","(1.6326, -1.2084)","(24.6271, -11.6783)"
8.130000000000001137e+01,"(15.6532, -2.3542)","(-13.302, -19.5374)","(-2.2004, 2.1326)","(-6.227, 11.0858)","(-0.9194, 10.4038)","(38.169, -18.6842)","(-1.2067, 13.5562)","(-2.5388, 4.2133)","(-0.645, 24.9283)","(-1.5445, -2.5803)","(12.4275, 36.7649)","(15.6391, 16.756)","(-7.0935, -9.0396)","(-0.0739, 6.4508)","(9.6413, -4.4838)","(-0.3243, 4.6058)","(-6.2229, -10.3268)","(1.2896, -4.0971)","(0.3667, -0.2987)","(16.0293, -8.9795)"
8.140000000000000568e+01,"(6.5799, -2.189)","(-5.6898, -6.2157)","(-1.5717, 1.3228)","(-13.818, 24.9056)","(-1.7444, 20.633)","(14.1382, -12.6116)","(-2.0783, 25.4413)","(-4.0667, 7.3257)","(1.7147, 9.683)","(-4.0837, -6.9121)","(8.8491, 17.342)","(15.6582, 15.3684)","(-2.6944, -2.7861)","(-0.381, 6.6965)","(19.2544, -9.041)","(-0.6611, 8.1513)","(-11.3108, -18.5432)","(4.1552, -13.0347)","(0.1425, -0.1475)","(5.3312, -3.8804)"
8.150000000000000000e+01,"(7.0467, -3.1781)","(-2.0226, -1.7694)","(-2.523, 1.9514)","(-9.2028, 19.5635)","(-1.1223, 21.851)","(12.606, -14.1643)","(-0.4702, 19.2416)","(-8.3908, 15.1438)","(2.4441, 7.7404)","(-10.8752, -18.3736)","(7.7324, 9.6159)","(6.7295, 4.9649)","(-1.3852, -1.102)","(-0.8498, 10.9602)","(19.6427, -10.0701)","(-1.1951, 14.6526)","(-11.0308, -16.614)","(10.5524, -34.0454)","(0.2518, -0.2862)","(1.4607, -1.2983)"
8.160000000000000853e+01,"(14.6245, -6.7783)","(-2.831, -2.0472)","(-4.9458, 3.7481)","(-2.1557, 7.6979)","(0.4484, 9.3953)","(14.3499, -17.2409)","(0.6396, 7.1136)","(-12.3519, 23.1312)","(4.8973, 14.2792)","(-16.0014, -25.3144)","(11.197, 12.0526)","(3.7526, 1.9567)","(-2.3702, -1.6771)","(-1.4418, 18.4151)","(7.7466, -5.0478)","(-1.3552, 19.9436)","(-5.3397, -6.7073)","(3.3059, -18.6835)","(0.6017, -0.6851)","(1.2907, -1.4295)"
8.170000000000000284e+01,"(26.1473, -12.4522)","(-8.2218, -5.8953)","(-10.0826, 7.6152)","(-0.6446, 4.8563)","(0.4582, 3.1049)","(10.2367, -13.2173)","(0.3731, 2.067)","(-5.8266, 13.3183)","(9.05, 25.6899)","(-7.6813, -8.6209)","(17.0275, 17.7845)","(4.7131, 2.0024)","(-5.45, -3.8498)","(-1.1326, 20.3287)","(2.3908, -1.9329)","(-0.3076, 13.9769)","(-1.8451, -2.1422)","(-0.3881, -10.9651)","(1.5674, -1.7781)","(3.0852, -3.4961)"
8.180000000000001137e+01,"(15.069, -8.6944)","(-24.94, -17.818)","(-16.8432, 12.9491)","(-0.7691, 8.4893)","(0.4555, 1.5817)","(7.2881, -9.4014)","(0.4427, 1.4199)","(-1.6728, 4.8839)","(7.5405, 17.8502)","(-5.2259, -4.2076)","(13.7637, 13.17)","(7.498, 3.1111)","(-13.445, -9.5141)","(-0.0099, 11.5123)","(1.245, -1.3164)","(0.1904, 6.3357)","(-0.613, -0.8312)","(-1.5545, -12.9024)","(4.2755, -4.8389)","(8.8982, -10.0408)"
8.190000000000000568e+01,"(4.893, -3.5553)","(-23.5164, -14.4591)","(-13.377, 11.2368)","(-1.6822, 18.7828)","(0.8519, 2.4868)","(9.5232, -11.433)","(1.0188, 3.0158)","(-0.4616, 1.2781)","(3.4024, 6.4123)","(-7.2142, -5.0459)","(7.2837, 6.509)","(12.6491, 5.251)","(-23.7484, -16.2766)","(0.067, 5.5333)","(2.0103, -2.3065)","(0.0422, 2.8379)","(-0.8527, -1.3851)","(-2.5723, -19.0885)","(11.2898, -12.8131)","(21.1982, -24.2944)"
8.200000000000000000e+01,"(1.0789, -0.8164)","(-11.7296, -3.8633)","(-5.2032, 5.1834)","(-2.0078, 28.4239)","(1.7649, 5.1375)","(14.903, -17.6166)","(2.7027, 8.0545)","(-0.581, 1.1064)","(1.1587, 2.5798)","(-12.1485, -8.3849)","(6.5571, 6.5926)","(17.6362, 7.1156)","(-12.9558, -7.0928)","(-0.2244, 4.727)","(4.2989, -4.9291)","(-0.1333, 2.6003)","(-1.9404, -3.2509)","(-3.1689, -20.2786)","(18.7376, -22.0773)","(11.2701, -15.8161)"
8.210000000000000853e+01,"(0.4568, -0.2404)","(-12.3058, -2.5671)","(-1.565, 1.7579)","(0.4214, 13.5289)","(3.9355, 11.5136)","(13.506, -16.947)","(7.235, 21.4715)","(-1.5806, 2.8175)","(1.7811, 5.1182)","(-17.6964, -11.9714)","(12.3317, 13.1157)","(14.2807, 5.1836)","(-5.4696, -1.9498)","(-0.6277, 7.9818)","(9.7408, -11.1517)","(-0.3367, 4.3193)","(-4.9043, -8.2756)","(-2.5109, -12.8129)","(7.3647, -11.134)","(3.6564, -8.2765)"
8.220000000000000284e+01,"(1.4769, -0.6728)","(-20.5624, -3.8814)","(-0.3757, 0.4879)","(0.6114, 4.476)","(7.6668, 21.9223)","(7.1023, -9.6997)","(10.3649, 27.6339)","(-4.6097, 8.131)","(4.8535, 14.4858)","(-14.1731, -8.7908)","(19.7703, 20.6108)","(7.5333, 2.3802)","(-4.7381, -1.0347)","(-1.3076, 15.5086)","(16.5234, -19.3845)","(-0.7046, 8.3324)","(-11.6635, -19.5373)","(-1.6028, -8.7014)","(2.5462, -5.9487)","(2.8303, -8.907)"
8.230000000000001137e+01,"(5.2035, -2.3365)","(-23.8649, -3.9179)","(-0.2278, 0.3856)","(0.4006, 1.5541)","(7.3396, 18.1458)","(6.336, -7.9113)","(5.6844, 9.6033)","(-12.7035, 22.5297)","(11.3032, 32.7555)","(-7.3007, -4.1091)","(12.0765, 10.7964)","(4.1603, 1.3885)","(-8.0003, -1.5356)","(-1.6763, 23.2717)","(9.5347, -12.9282)","(-1.3209, 15.813)","(-13.7827, -21.2098)","(-1.6017, -11.1672)","(2.0036, -6.4231)","(4.3698, -14.5979)"
8.240000000000000568e+01,"(19.2822, -8.6417)","(-13.0118, -1.3234)","(-0.4137, 0.7432)","(0.8326, 2.5014)","(3.6184, 6.6056)","(11.596, -13.544)","(4.4557, 5.3508)","(-12.5904, 25.0547)","(7.7482, 15.9329)","(-4.6195, -2.831)","(4.7671, 3.8868)","(4.2771, 1.6642)","(-15.4482, -2.961)","(-0.2245, 15.3634)","(2.8579, -5.1141)","(-1.4045, 21.1245)","(-6.4036, -7.1894)","(-2.4909, -18.8379)","(2.6625, -9.0939)","(6.1899, -21.4247)"
8.250000000000000000e+01,"(37.4336, -17.9442)","(-7.2851, -0.8657)","(-0.9206, 1.6506)","(2.2843, 6.8378)","(1.6217, 2.2393)","(17.9047, -21.2176)","(6.5787, 7.0306)","(-2.8015, 10.5515)","(4.9688, 6.6589)","(-6.4166, -4.3474)","(3.6774, 3.7097)","(6.9013, 2.8474)","(-23.2663, -4.1561)","(0.3317, 6.1668)","(0.9748, -2.5063)","(-0.1041, 12.9922)","(-3.9337, -3.2152)","(-3.4082, -22.7313)","(3.9185, -13.4598)","(4.1372, -16.8603)"
8.260000000000000853e+01,"(13.1249, -10.9122)","(-10.611, -1.9174)","(-2.214, 3.9517)","(6.7411, 20.209)","(1.8622, 2.0525)","(10.1317, -13.7452)","(11.2052, 11.8531)","(-1.0176, 8.6218)","(6.4357, 7.0512)","(-12.1013, -8.3993)","(8.9694, 9.7034)","(12.285, 5.1257)","(-15.3395, -1.8263)","(0.0591, 2.3533)","(1.0885, -3.5219)","(0.3019, 5.1759)","(-5.2969, -3.714)","(-2.7437, -13.3141)","(4.6722, -16.6774)","(1.7476, -8.5967)"
8.270000000000000284e+01,"(10.3575, -11.381)","(-22.0352, -4.244)","(-5.4264, 9.6772)","(11.7092, 32.2072)","(3.3717, 3.6006)","(4.1936, -6.0693)","(15.3415, 15.8096)","(-1.0252, 12.6022)","(12.8234, 13.7522)","(-19.3348, -13.1798)","(21.6896, 23.3633)","(18.2607, 7.4296)","(-6.1805, -0.3156)","(-0.1702, 2.6414)","(2.0603, -6.7694)","(0.1115, 1.692)","(-9.0227, -6.2401)","(-1.4723, -7.0135)","(3.4329, -13.6722)","(1.5506, -6.1807)"
8.280000000000001137e+01,"(12.1336, -14.4145)","(-26.7113, -4.3824)","(-11.1302, 20.1624)","(6.7489, 11.2652)","(6.9048, 7.4004)","(5.098, -6.14)","(11.022, 10.3397)","(-1.4365, 19.1625)","(19.3877, 20.0995)","(-14.5919, -8.9038)","(16.1503, 14.7505)","(15.0836, 5.4916)","(-2.4392, -0.2124)","(-0.4871, 5.5969)","(4.2876, -14.0434)","(-0.0202, 0.8919)","(-15.206, -10.4512)","(-1.1884, -8.0592)","(1.9548, -8.5766)","(2.8931, -9.8364)"
8.290000000000000568e+01,"(11.2615, -13.9952)","(-11.5536, -0.6974)","(-9.2083, 18.6782)","(5.8052, 6.8729)","(13.4513, 14.3244)","(12.5032, -14.3072)","(5.5718, 4.8957)","(-1.0036, 19.5489)","(10.9677, 9.6023)","(-6.3654, -3.3148)","(7.0804, 4.4335)","(7.4903, 2.2825)","(-2.9872, -0.5213)","(-1.197, 13.1469)","(6.6643, -22.7688)","(-0.1101, 1.4426)","(-16.8385, -10.9994)","(-1.984, -15.6687)","(1.576, -6.3601)","(5.6648, -18.8111)"
8.300000000000000000e+01,"(8.2872, -10.656)","(-3.8527, -0.1886)","(-2.4951, 7.52)","(8.7762, 9.3648)","(15.4483, 15.5352)","(21.3982, -25.1919)","(4.0002, 3.8956)","(-0.1088, 11.7179)","(4.0913, 3.2268)","(-2.7126, -1.5346)","(5.82, 2.6716)","(3.514, 1.0974)","(-6.4928, -1.266)","(-2.1398, 25.7471)","(3.5863, -15.6266)","(-0.2574, 2.9688)","(-9.7204, -5.6)","(-3.4741, -25.8433)","(2.0708, -7.4316)","(6.5223, -23.5039)"
8.310000000000000853e+01,"(7.6883, -9.577)","(-4.0008, -0.6996)","(-0.6606, 3.9292)","(14.1029, 14.82)","(7.7588, 6.5556)","(8.2478, -12.4763)","(6.2625, 6.5785)","(-0.1486, 7.3513)","(2.3935, 2.3524)","(-3.3612, -2.2657)","(12.776, 5.5187)","(3.1108, 1.1862)","(-15.3199, -3.0341)","(-0.4069, 19.0218)","(0.8037, -6.05)","(-0.5937, 6.6168)","(-4.5868, -2.5487)","(-3.375, -17.1128)","(3.2381, -11.1236)","(2.3854, -12.1365)"
8.320000000000000284e+01,"(10.1552, -12.1793)","(-11.0834, -2.2391)","(-0.4177, 4.77)","(14.7891, 14.7445)","(2.7908, 2.0118)","(2.1982, -4.3227)","(12.0337, 12.8123)","(-0.5698, 8.8385)","(5.5455, 5.9826)","(-7.2259, -5.0658)","(28.8253, 12.2512)","(5.0653, 2.0913)","(-27.0739, -5.0055)","(0.8169, 6.9475)","(0.1201, -1.7506)","(-1.3043, 14.6486)","(-3.5559, -2.2659)","(-1.7845, -6.574)","(4.6217, -16.0158)","(0.7921, -4.7424)"
8.330000000000001137e+01,"(13.0274, -15.6699)","(-30.1272, -6.0514)","(-0.5867, 7.4525)","(8.6034, 7.7552)","(0.8166, 0.4917)","(0.739, -2.0351)","(16.9225, 17.4407)","(-1.2163, 15.2853)","(15.23, 16.5811)","(-16.2417, -11.4118)","(20.1043, 6.702)","(9.6485, 4.0568)","(-15.7062, -1.5604)","(0.8533, 3.2178)","(-0.0295, -0.6313)","(-1.7923, 23.7796)","(-5.7415, -3.9371)","(-0.641, -3.2419)","(4.3523, -16.298)","(0.9346, -3.5576)"
8.340000000000000568e+01,"(11.002, -13.8995)","(-24.9322, -3.1783)","(-0.9934, 12.5111)","(5.1025, 4.7678)","(0.7266, 0.3277)","(1.5661, -4.8992)","(10.3185, 9.2759)","(-1.619, 22.6)","(23.0306, 23.6542)","(-22.1807, -14.7864)","(7.5795, 1.218)","(17.1621, 7.1469)","(-5.7738, 0.2419)","(1.5001, 4.4019)","(-0.1128, -0.9769)","(-0.1268, 15.0625)","(-11.191, -7.7903)","(-0.7839, -6.1393)","(2.4731, -10.7066)","(2.2533, -7.4032)"
8.350000000000000000e+01,"(7.3233, -9.5749)","(-10.2499, 0.848)","(-1.2992, 18.1218)","(6.4739, 6.6982)","(1.4659, 0.6267)","(5.5012, -17.1115)","(4.2042, 3.3946)","(-0.4428, 16.7499)","(10.0991, 7.2032)","(-10.383, -5.3707)","(4.4558, 0.1148)","(18.6504, 7.1909)","(-3.4065, 0.6253)","(2.9873, 8.662)","(-0.2649, -2.2355)","(0.612, 5.5221)","(-18.546, -12.6925)","(-1.8339, -15.6451)","(1.4945, -6.5564)","(5.5096, -17.7798)"
8.360000000000000853e+01,"(7.1832, -8.8888)","(-9.1112, 1.9035)","(-0.6688, 16.0189)","(12.095, 12.8515)","(3.4501, 1.4821)","(12.7258, -41.7638)","(2.009, 1.8695)","(0.1499, 7.9244)","(6.3161, 3.1519)","(-3.8525, -1.4235)","(9.5339, -0.0846)","(9.7624, 3.0217)","(-5.4528, 1.2543)","(6.111, 17.6689)","(-0.6646, -5.719)","(0.6215, 2.4301)","(-14.9673, -9.2554)","(-3.9867, -31.2254)","(1.5924, -6.018)","(8.2541, -28.4909)"
8.370000000000000284e+01,"(10.631, -12.62)","(-17.327, 3.9825)","(0.0165, 8.7919)","(17.5309, 18.1231)","(8.6939, 3.751)","(1.3769, -17.7841)","(3.2456, 3.4245)","(-0.1547, 5.2014)","(10.227, 4.3908)","(-2.8166, -0.6403)","(26.1998, -0.2548)","(3.8033, 1.0013)","(-11.2919, 2.6011)","(8.4358, 22.7412)","(-1.7339, -14.929)","(1.0167, 2.9742)","(-6.5584, -3.3833)","(-3.8345, -16.4993)","(2.4493, -8.4951)","(2.2575, -13.3353)"
8.380000000000001137e+01,"(14.1001, -16.9109)","(-27.8439, 6.8021)","(-0.006, 4.6895)","(11.0058, 9.9669)","(20.1345, 8.5986)","(-1.2007, -14.2998)","(7.5171, 8.1132)","(-0.6313, 8.2637)","(21.1324, 8.9602)","(-5.2655, -1.0362)","(31.033, -1.6402)","(1.5808, 0.4989)","(-21.9568, 5.1555)","(5.1157, 10.859)","(-3.6665, -28.367)","(1.7679, 5.0468)","(-2.2985, -1.1701)","(-2.5201, -6.0938)","(3.9491, -13.4495)","(0.1364, -5.0001)"
8.390000000000000568e+01,"(10.5194, -13.5401)","(-15.361, 5.0727)","(-0.2073, 4.2469)","(4.6573, 3.866)","(23.0212, 8.868)","(-2.6623, -20.8405)","(16.6551, 17.8759)","(-1.4344, 16.7558)","(24.5533, 9.4992)","(-12.1301, -2.4029)","(11.1585, -2.8735)","(1.8733, 0.7478)","(-20.8577, 5.7682)","(2.0614, 3.5903)","(-3.4979, -15.4736)","(3.3107, 9.5081)","(-1.5579, -0.9933)","(-2.7303, -4.7995)","(5.0139, -17.7035)","(-0.3962, -4.0501)"
8.400000000000000000e+01,"(6.1727, -8.2555)","(-5.4279, 2.1685)","(-0.4733, 6.3961)","(3.0371, 2.9682)","(9.3333, 2.1492)","(-3.5884, -23.5107)","(16.926, 16.6131)","(-1.8439, 25.5574)","(10.4874, 2.8021)","(-25.076, -4.8191)","(7.1314, -2.9784)","(3.6187, 1.5222)","(-8.2075, 3.2108)","(0.5617, 0.8687)","(-2.5725, -6.1128)","(5.8777, 16.6842)","(-2.9456, -2.0443)","(-5.6193, -9.4158)","(3.551, -14.2652)","(-0.964, -8.0725)"
8.410000000000000853e+01,"(6.405, -7.8739)","(-3.4845, 0.9737)","(-0.8968, 11.1424)","(5.8408, 6.2291)","(4.7613, 0.3223)","(-2.8118, -13.823)","(7.1397, 5.2527)","(-0.0212, 15.0872)","(3.233, 0.7668)","(-20.8645, -2.8467)","(13.1167, -6.0475)","(7.8022, 3.3218)","(-2.4492, 1.1741)","(0.2576, 0.3116)","(-2.9516, -5.1212)","(6.9677, 18.3564)","(-6.7736, -4.7743)","(-12.3355, -20.5619)","(1.7491, -8.1057)","(-2.2592, -18.9591)"
8.420000000000000284e+01,"(10.8287, -12.7134)","(-8.7411, 1.9857)","(-1.3477, 17.7226)","(13.5988, 14.6648)","(5.6801, -0.0889)","(-1.7085, -9.4402)","(3.3094, 1.7808)","(0.4031, 5.5741)","(2.1732, 0.8406)","(-7.7646, 0.0211)","(26.4392, -12.4166)","(16.2899, 6.9008)","(-0.7261, 0.448)","(0.5086, 0.5541)","(-4.5568, -7.4518)","(4.3833, 9.6896)","(-15.575, -10.9616)","(-13.9932, -21.4186)","(1.2595, -5.301)","(-4.0429, -28.9515)"
8.430000000000001137e+01,"(15.5186, -18.4848)","(-24.3657, 5.4313)","(-0.8977, 17.8258)","(20.2295, 20.8671)","(9.1243, -0.2271)","(-1.9857, -14.7323)","(4.4462, 1.9264)","(0.0432, 1.9493)","(5.8987, 2.5495)","(-3.2813, 0.4645)","(18.4224, -10.2073)","(21.7652, 8.6717)","(-0.9657, 0.7119)","(1.314, 1.43)","(-7.44, -12.1328)","(1.9293, 3.8132)","(-21.949, -14.6903)","(-6.3627, -7.4394)","(1.6918, -6.0849)","(-3.2872, -12.6783)"
8.440000000000000568e+01,"(10.2713, -13.5025)","(-30.7058, 8.0837)","(0.0065, 9.9663)","(9.7392, 7.9094)","(15.3641, -0.3939)","(-3.4264, -26.0733)","(9.2336, 3.9371)","(-0.2136, 2.8297)","(18.1296, 7.926)","(-4.3334, 0.971)","(5.997, -4.3333)","(11.3612, 3.4595)","(-2.3178, 1.7247)","(3.7413, 4.0886)","(-10.2892, -16.4131)","(0.7645, 1.6681)","(-10.4628, -5.4429)","(-2.1978, -2.0979)","(2.8498, -9.6914)","(-1.793, -4.3846)"
8.450000000000000000e+01,"(4.8923, -6.8514)","(-10.5764, 5.1317)","(0.0784, 4.7138)","(3.7057, 2.3081)","(19.8158, -0.7821)","(-3.775, -20.9743)","(19.7866, 8.3994)","(-0.6511, 7.0485)","(34.5764, 14.277)","(-9.0137, 2.0654)","(1.3274, -0.9831)","(4.1186, 0.792)","(-6.3599, 4.7098)","(10.8681, 11.8759)","(-8.6148, -12.7381)","(0.7071, 1.8897)","(-4.2282, -1.4891)","(-1.7769, -1.3216)","(4.6024, -15.6404)","(-1.8123, -3.207)"
8.460000000000000853e+01,"(4.851, -5.986)","(-6.2144, 4.2497)","(-0.1125, 3.3476)","(2.9105, 1.3368)","(13.8204, -1.1371)","(-2.1887, -8.8661)","(23.4366, 9.109)","(-1.7556, 18.6284)","(14.3425, 2.9244)","(-19.6538, 4.5213)","(0.9705, -0.4783)","(1.8528, 0.1044)","(-17.1017, 12.702)","(22.1111, 23.4564)","(-4.8917, -6.7012)","(1.2178, 3.472)","(-3.71, -0.8053)","(-4.2029, -2.9934)","(5.0136, -18.2049)","(-3.7952, -6.372)"
8.470000000000000284e+01,"(9.5673, -11.1075)","(-10.6154, 7.9377)","(-0.3343, 4.7145)","(6.206, 2.6752)","(6.8488, -0.8078)","(-1.0982, -6.575)","(10.1125, 2.6713)","(-2.3323, 31.3485)","(9.837, 0.3452)","(-25.0958, 6.4614)","(3.416, -1.5427)","(2.541, -0.0373)","(-23.4345, 18.5091)","(11.6783, 9.5573)","(-3.0237, -4.3659)","(2.4598, 7.1279)","(-6.335, -1.2169)","(-12.2363, -8.7504)","(2.7418, -11.9507)","(-9.164, -15.4108)"
8.480000000000001137e+01,"(17.1359, -20.0254)","(-21.4287, 16.2154)","(-0.6863, 8.4232)","(16.1022, 6.9626)","(4.2933, -0.3559)","(-1.791, -14.6174)","(3.3751, 0.5284)","(0.8429, 13.3387)","(14.6336, -0.2586)","(-10.6326, 3.9933)","(13.0755, -5.8443)","(4.7701, -0.0929)","(-7.7122, 8.5363)","(7.2208, 3.8851)","(-3.4645, -5.4795)","(5.0078, 14.4779)","(-12.5859, -2.4283)","(-28.4272, -19.8987)","(1.274, -6.189)","(-15.8205, -25.616)"
8.490000000000000568e+01,"(11.9134, -15.6022)","(-17.5896, 14.8006)","(-1.2387, 15.1793)","(29.7967, 12.3409)","(5.5142, -0.2095)","(-3.9014, -31.2424)","(1.933, 0.0483)","(1.473, 6.2135)","(23.8122, -0.6509)","(-3.4258, 1.7406)","(39.6312, -18.1347)","(9.9268, -0.173)","(-3.7862, 5.925)","(8.3686, 3.5699)","(-5.7444, -9.3826)","(7.6331, 21.0278)","(-21.9382, -4.0776)","(-15.4426, -8.1467)","(1.0985, -4.4304)","(-8.751, -11.1582)"
8.500000000000000000e+01,"(4.0986, -6.4134)","(-5.8225, 6.168)","(-1.3465, 20.1987)","(14.257, 3.9106)","(9.756, -0.2348)","(-4.1373, -19.785)","(3.6771, -0.0458)","(2.4001, 7.1288)","(20.2883, -1.3701)","(-1.8107, 1.2455)","(16.0532, -11.5746)","(19.219, -0.4042)","(-4.3708, 7.9325)","(11.9935, 4.917)","(-9.5423, -15.5397)","(5.5684, 12.8081)","(-18.6636, -2.6438)","(-8.6856, -2.5835)","(1.7167, -5.9945)","(-3.8891, -3.6869)"
8.510000000000000853e+01,"(1.9086, -2.6168)","(-1.5611, 1.6342)","(-0.2378, 13.5228)","(6.3858, 0.6387)","(17.258, -0.419)","(-2.3581, -6.577)","(9.1992, -0.1031)","(4.4759, 12.8838)","(9.5827, -1.1806)","(-3.1965, 2.3894)","(11.2924, -11.856)","(21.5129, -1.057)","(-6.816, 12.5684)","(16.2161, 6.533)","(-10.6005, -16.3825)","(2.5351, 4.6542)","(-7.8838, -0.4386)","(-10.4745, -2.1027)","(3.0906, -10.3773)","(-3.5976, -2.6477)"
8.520000000000000284e+01,"(3.893, -4.5221)","(-1.9392, 1.5026)","(0.2029, 5.9829)","(6.9335, -0.035)","(20.6364, -0.9132)","(-1.0321, -2.0936)","(22.9706, -0.294)","(7.703, 21.7144)","(6.5846, -0.4628)","(-7.6035, 5.6728)","(13.3612, -15.6574)","(10.0329, -1.353)","(-9.2936, 17.4955)","(15.6085, 5.9125)","(-6.4457, -8.8736)","(0.8767, 1.3366)","(-2.5739, -0.069)","(-17.9621, -3.3913)","(5.0676, -17.169)","(-7.1882, -5.0623)"
8.530000000000001137e+01,"(10.5543, -11.975)","(-6.1272, 4.5195)","(0.0358, 2.6709)","(13.604, -0.2287)","(11.9604, -1.219)","(-2.0851, -3.5809)","(27.6807, -1.3428)","(7.2226, 17.9097)","(11.8962, -0.2831)","(-17.9257, 13.4245)","(12.6474, -15.6687)","(3.3848, -0.7459)","(-7.2141, 14.7159)","(10.5424, 3.6729)","(-3.1188, -4.1598)","(0.6267, 0.7271)","(-1.1197, -0.1317)","(-23.5032, -4.0302)","(4.9576, -18.3968)","(-16.3437, -11.5038)"
8.540000000000000568e+01,"(21.8189, -25.2772)","(-20.1294, 14.7936)","(-0.1405, 2.584)","(25.5072, -0.5838)","(5.1255, -0.7179)","(-6.936, -11.9127)","(10.2331, -2.178)","(3.7112, 7.5943)","(24.5554, -0.4807)","(-20.6461, 16.5966)","(8.3534, -10.9212)","(1.058, -0.3541)","(-3.7568, 8.3734)","(7.5597, 2.7138)","(-2.2653, -3.4092)","(1.0912, 1.1704)","(-1.9517, -0.364)","(-14.3719, -1.6278)","(2.231, -10.4908)","(-23.4133, -15.6846)"
8.550000000000000000e+01,"(9.498, -13.9783)","(-28.0428, 22.3082)","(-0.3512, 4.4305)","(20.394, -1.529)","(2.8745, -0.2544)","(-20.6149, -34.8556)","(5.2807, -2.0299)","(1.5612, 3.4342)","(24.5027, -1.4486)","(-6.9639, 7.47)","(7.5553, -9.4322)","(1.1204, -0.5062)","(-2.7667, 5.7457)","(8.4256, 3.311)","(-3.4107, -5.533)","(2.2115, 2.3709)","(-4.5656, -0.9034)","(-6.9687, -0.6652)","(0.9375, -4.8794)","(-10.9301, -5.6337)"
8.560000000000000853e+01,"(2.9445, -6.5693)","(-8.8311, 11.3346)","(-0.7434, 8.7168)","(7.6955, -1.3652)","(3.988, -0.1374)","(-12.6723, -15.2585)","(7.0335, -3.2651)","(1.683, 4.6237)","(9.5008, -1.6146)","(-2.6094, 3.8224)","(11.1961, -13.2932)","(2.1504, -1.0027)","(-3.9387, 7.4369)","(12.4715, 5.0889)","(-6.4356, -10.6242)","(4.8699, 5.2431)","(-11.5091, -2.3062)","(-6.8946, -1.1285)","(0.8488, -3.4136)","(-3.948, -1.4699)"
8.570000000000000284e+01,"(2.2878, -7.098)","(-6.4196, 10.9777)","(-1.3932, 16.6491)","(2.2254, -0.4026)","(7.7223, -0.1593)","(-10.6866, -8.5545)","(13.0049, -6.111)","(3.521, 10.2558)","(2.813, -0.5041)","(-2.8095, 4.9947)","(15.1149, -18.1101)","(4.752, -2.2031)","(-6.918, 12.7173)","(17.2065, 6.9365)","(-10.975, -17.8863)","(10.5857, 11.3709)","(-25.0709, -4.8629)","(-13.5266, -2.5841)","(1.4513, -5.0022)","(-2.6837, -0.6192)"
8.580000000000001137e+01,"(4.522, -14.6652)","(-9.4851, 17.352)","(-1.3729, 21.3904)","(1.8454, -0.0827)","(15.552, -0.2985)","(-15.3669, -10.7582)","(21.024, -10.0934)","(7.6367, 22.167)","(2.5944, -0.102)","(-5.2862, 9.561)","(10.7634, -13.9605)","(10.9583, -5.0691)","(-10.0133, 18.7536)","(15.5928, 5.8223)","(-10.36, -15.553)","(16.4399, 17.1126)","(-21.1042, -2.8831)","(-25.2407, -4.7462)","(2.8065, -9.3237)","(-5.4422, -1.0876)"
8.590000000000000568e+01,"(8.1776, -27.3758)","(-10.9358, 21.0155)","(0.0073, 12.2286)","(4.8317, -0.0587)","(23.0573, -0.77)","(-20.8133, -13.9836)","(15.7666, -8.5105)","(8.807, 22.6601)","(7.3632, -0.072)","(-10.1337, 18.4423)","(6.2914, -8.4046)","(21.001, -9.9104)","(-7.2342, 14.9612)","(9.6193, 3.2534)","(-5.1981, -6.6903)","(10.3883, 9.371)","(-7.9514, 0.1886)","(-20.2107, -2.7211)","(5.0828, -16.9736)","(-13.9696, -2.8122)"
8.600000000000000000e+01,"(3.9986, -18.0648)","(-5.9542, 13.0349)","(0.3235, 4.6646)","(14.2104, -0.1082)","(14.4583, -1.379)","(-14.2771, -8.5911)","(6.4836, -4.0931)","(4.478, 8.2503)","(22.5197, -0.1592)","(-10.3492, 20.2843)","(7.4501, -9.0274)","(17.0317, -9.0912)","(-3.1963, 7.4856)","(6.6443, 2.3699)","(-1.994, -2.4885)","(4.1627, 2.9657)","(-4.7004, 0.8251)","(-7.8431, -0.2997)","(5.5581, -20.167)","(-29.8888, -5.7505)"
8.610000000000000853e+01,"(0.7053, -6.4841)","(-3.6167, 7.7563)","(0.1198, 1.3919)","(33.7342, -0.5517)","(5.4707, -0.979)","(-8.1489, -4.8324)","(2.9806, -1.7413)","(1.8365, 2.6055)","(35.6402, -1.2963)","(-3.8252, 9.4876)","(13.4255, -15.6874)","(6.0163, -4.24)","(-2.0343, 4.3552)","(7.8503, 3.1141)","(-1.1717, -1.7405)","(2.0348, 1.0614)","(-6.523, 1.5199)","(-2.5059, -0.1501)","(2.3326, -11.231)","(-18.4418, -1.8791)"
8.620000000000000284e+01,"(0.1249, -1.5006)","(-5.4502, 10.2344)","(0.0012, 0.525)","(18.2006, -2.372)","(1.5634, -0.3359)","(-10.0255, -6.7416)","(4.1514, -2.0211)","(1.9315, 2.1565)","(13.1851, -3.2863)","(-1.1536, 3.2584)","(16.2286, -19.6973)","(2.2477, -2.1112)","(-3.0301, 5.7055)","(12.4777, 5.1363)","(-1.9194, -3.1386)","(2.6921, 1.1497)","(-11.4723, 2.7094)","(-3.0445, -0.5444)","(0.7165, -4.5027)","(-7.33, 0.5443)"
8.630000000000001137e+01,"(0.1116, -0.4652)","(-10.6149, 19.3732)","(-0.0591, 0.7939)","(8.6766, -2.9812)","(0.3726, -0.0652)","(-19.1615, -13.285)","(9.1699, -4.2673)","(4.1841, 4.5259)","(9.202, -3.8537)","(-0.6048, 1.324)","(7.9792, -11.111)","(2.3134, -2.6268)","(-5.9316, 10.8004)","(18.1225, 7.3538)","(-4.1014, -6.8412)","(4.6712, 1.9566)","(-19.1107, 4.601)","(-8.0557, -1.619)","(0.3997, -1.9434)","(-5.966, 1.2253)"
8.640000000000000568e+01,"(0.4392, -1.396)","(-11.6414, 22.6384)","(-0.1471, 1.6826)","(9.3197, -4.2606)","(0.3605, -0.0147)","(-21.7966, -14.1912)","(20.0344, -9.3328)","(10.5157, 11.4096)","(14.1702, -6.634)","(-1.288, 2.3552)","(4.2406, -5.756)","(3.8459, -4.4693)","(-10.4089, 19.1177)","(16.0292, 5.9413)","(-8.9683, -14.9571)","(8.9484, 3.769)","(-18.7902, 5.1087)","(-22.4124, -4.5386)","(0.6595, -2.3345)","(-10.6281, 2.4543)"
8.650000000000000000e+01,"(1.5638, -4.8681)","(-4.5459, 10.9642)","(-0.353, 3.8846)","(15.3839, -7.2864)","(0.8321, -0.0131)","(-10.207, -5.4604)","(22.4322, -11.3696)","(20.659, 21.9018)","(22.1143, -10.6386)","(-3.2857, 5.8545)","(6.7809, -8.005)","(7.2503, -8.399)","(-8.9234, 17.9457)","(8.9999, 2.9307)","(-13.3685, -21.3614)","(16.1766, 6.7522)","(-9.4307, 3.1912)","(-31.5459, -5.3464)","(1.3747, -4.5453)","(-20.913, 4.8852)"
8.660000000000000853e+01,"(5.8485, -18.1362)","(-2.1066, 4.8408)","(-0.8589, 9.3388)","(20.7625, -10.1816)","(2.0967, -0.0242)","(-4.7593, -2.7801)","(8.3969, -5.6201)","(12.4532, 10.8847)","(16.5889, -8.947)","(-8.6256, 15.3245)","(15.0715, -17.3399)","(12.3644, -14.4638)","(-3.3188, 8.2431)","(5.5909, 1.943)","(-7.7744, -10.2999)","(18.7994, 7.3418)","(-4.2461, 1.4683)","(-12.0258, 0.2092)","(3.0117, -9.8145)","(-23.4155, 6.2065)"
8.670000000000000284e+01,"(12.2918, -40.869)","(-3.7022, 6.8651)","(-1.7852, 20.3284)","(13.6316, -7.5344)","(5.6256, -0.0549)","(-8.1904, -5.6724)","(2.6244, -2.2422)","(5.533, 3.4158)","(7.5597, -4.5512)","(-14.5705, 26.9743)","(17.9526, -21.8974)","(12.0226, -14.9257)","(-1.1929, 3.0551)","(6.6518, 2.6448)","(-3.1621, -3.3056)","(10.4458, 3.325)","(-3.7325, 1.0149)","(-7.485, 1.318)","(5.9015, -19.5014)","(-10.1083, 3.7073)"
8.680000000000001137e+01,"(1.007, -17.4309)","(-9.3813, 16.7659)","(-1.294, 23.28)","(6.718, -3.9463)","(15.0805, -0.154)","(-20.6079, -14.5682)","(1.8687, -2.0452)","(4.9039, 2.222)","(6.0289, -3.1396)","(-5.0617, 12.9824)","(6.2073, -9.6707)","(5.5085, -7.8529)","(-1.1182, 2.2259)","(11.3847, 4.7275)","(-1.7897, -1.4195)","(4.1433, 1.0847)","(-6.583, 1.5721)","(-11.2638, 2.5927)","(5.6554, -21.1058)","(-3.3615, 1.3634)"
8.690000000000000568e+01,"(-1.4165, -15.1828)","(-15.3902, 28.6166)","(0.5987, 9.6244)","(6.169, -3.1583)","(28.9208, -0.6841)","(-25.3355, -16.5211)","(3.6631, -4.1851)","(8.8465, 3.7531)","(11.7619, -5.5471)","(-1.2582, 6.2206)","(1.7303, -2.8921)","(2.0674, -3.1563)","(-2.3821, 4.3308)","(18.5308, 7.6312)","(-2.8099, -1.9752)","(1.5036, 0.4329)","(-13.3623, 3.1059)","(-20.6132, 4.8586)","(1.5553, -9.382)","(-2.0596, 0.5831)"
8.700000000000000000e+01,"(-2.5382, -18.4752)","(-5.1123, 13.2851)","(0.8351, 3.9105)","(11.3501, -5.3789)","(15.4857, -1.9042)","(-10.0533, -4.4105)","(8.9233, -10.1617)","(17.8674, 7.5542)","(23.5933, -11.0996)","(-0.6584, 6.7885)","(1.5324, -1.8641)","(1.1457, -1.5397)","(-5.6421, 10.0979)","(17.8384, 6.7172)","(-5.6528, -3.9576)","(1.3051, 0.5013)","(-22.4719, 5.4227)","(-22.9982, 6.0858)","(0.2026, -3.2002)","(-4.6661, 1.0755)"
8.710000000000000853e+01,"(-2.8713, -17.9622)","(-1.165, 4.8889)","(1.254, 3.7764)","(21.0996, -9.9891)","(6.5684, -2.0712)","(-4.1429, -1.1929)","(18.224, -21.0797)","(23.4792, 9.318)","(19.9092, -10.5851)","(-0.9694, 11.6327)","(4.8765, -5.5068)","(1.7134, -2.0395)","(-11.8183, 21.3804)","(9.2992, 2.9042)","(-12.1498, -8.5212)","(2.3316, 0.9719)","(-16.8978, 4.9824)","(-10.8562, 3.7777)","(-0.123, -1.7123)","(-12.5606, 2.8025)"
8.720000000000000284e+01,"(-2.4142, -13.5444)","(-0.4583, 4.0452)","(2.0286, 5.7476)","(19.4337, -10.1332)","(5.9346, -2.6725)","(-6.5983, -1.3661)","(11.5533, -15.4559)","(11.81, 3.5398)","(7.0509, -4.7887)","(-1.6023, 20.0962)","(16.1726, -18.152)","(3.4072, -3.9417)","(-9.7337, 19.7881)","(4.5195, 1.4353)","(-20.2, -13.8073)","(4.8394, 2.0533)","(-6.5806, 2.5804)","(-4.6597, 1.6133)","(-0.326, -2.6728)","(-29.2068, 6.7039)"
8.730000000000001137e+01,"(-1.9834, -12.0716)","(-0.9516, 9.8792)","(3.4801, 9.8917)","(7.8733, -5.0043)","(8.291, -3.9721)","(-19.0249, -3.9018)","(3.3316, -6.3204)","(4.141, 0.9707)","(2.0465, -1.3618)","(-1.0791, 20.9383)","(23.7631, -28.6208)","(7.2327, -8.3154)","(-2.5997, 7.8348)","(4.4669, 1.7375)","(-13.6945, -8.1202)","(10.4912, 4.4672)","(-2.0014, 0.8517)","(-5.5299, 1.4008)","(-0.6604, -5.3678)","(-19.7518, 6.2068)"
8.740000000000000568e+01,"(-2.2211, -15.3729)","(-2.6244, 27.5473)","(5.7017, 16.0221)","(3.0452, -1.8739)","(12.5669, -6.0466)","(-37.9173, -7.0739)","(1.4564, -4.0788)","(1.4024, 0.4374)","(2.4929, -1.2077)","(0.1425, 10.6207)","(6.5015, -13.2203)","(13.4956, -15.6829)","(-0.6274, 3.4435)","(8.0247, 3.3496)","(-5.3484, -2.446)","(19.5351, 8.164)","(-0.7825, 0.252)","(-12.5661, 2.882)","(-1.4189, -11.6863)","(-7.3281, 3.9345)"
8.750000000000000000e+01,"(-2.8888, -19.9928)","(-1.2677, 29.1806)","(6.5394, 17.1736)","(3.8723, -1.8933)","(16.0409, -7.907)","(-15.2602, -0.0335)","(2.0602, -6.7104)","(2.3191, 0.965)","(7.3172, -3.3358)","(0.0826, 4.7766)","(4.0395, -12.1186)","(12.6746, -15.8314)","(-0.4131, 4.3785)","(15.7538, 6.6346)","(-1.8209, -0.6067)","(18.2179, 6.7789)","(-1.3996, 0.3343)","(-26.557, 6.1753)","(-2.8144, -21.9852)","(-5.6862, 4.0769)"
8.760000000000000853e+01,"(-2.9938, -17.8529)","(1.8402, 11.0522)","(4.3692, 9.9809)","(9.3894, -4.3396)","(13.0077, -6.8787)","(-8.944, 1.483)","(4.2614, -13.9202)","(6.0108, 2.5963)","(22.3488, -10.1458)","(-0.2548, 4.5822)","(5.8975, -19.6022)","(4.8132, -7.3101)","(-0.7545, 8.6209)","(21.9583, 8.8163)","(-1.8009, -0.3816)","(7.7866, 2.0469)","(-3.3593, 0.7617)","(-20.8383, 6.1565)","(-3.3441, -19.4845)","(-9.5595, 7.2281)"
8.770000000000000284e+01,"(-2.268, -12.1248)","(2.5921, 8.3373)","(2.1997, 4.7304)","(22.587, -10.4441)","(7.7484, -4.3593)","(-14.2496, 3.2139)","(7.2218, -24.3785)","(16.5804, 7.1943)","(30.2878, -15.1307)","(-0.7324, 8.7806)","(6.596, -23.8035)","(1.3723, -2.537)","(-1.5826, 18.131)","(12.9125, 4.1885)","(-3.485, -0.6804)","(2.6893, 0.4115)","(-8.7487, 1.9574)","(-7.1391, 3.2401)","(-2.1556, -7.6284)","(-17.3233, 13.208)"
8.780000000000001137e+01,"(-1.8047, -11.1744)","(5.2025, 15.1905)","(1.3245, 3.2159)","(23.5393, -12.1249)","(5.5919, -3.0056)","(-27.7085, 6.4972)","(4.0237, -17.3476)","(30.1248, 12.4313)","(10.1316, -8.2179)","(-1.5922, 18.359)","(2.947, -13.7088)","(0.4377, -1.1347)","(-1.6981, 25.2444)","(4.9902, 1.2631)","(-7.876, -1.5552)","(1.8026, 0.0323)","(-21.5073, 4.8712)","(-2.4181, 1.4787)","(-0.9891, -2.4608)","(-17.2921, 14.0823)"
8.790000000000000568e+01,"(-2.2172, -15.9224)","(9.4151, 26.6191)","(1.5957, 4.365)","(7.8638, -5.8004)","(6.7151, -3.3355)","(-20.7977, 6.213)","(0.8559, -6.6044)","(13.5405, 3.4519)","(7.0485, -7.6152)","(-1.6985, 25.4003)","(1.7884, -7.8325)","(0.519, -1.6754)","(0.2449, 12.7802)","(1.737, 0.5081)","(-17.8034, -3.4972)","(2.8385, -0.0564)","(-25.7846, 6.78)","(-3.1172, 2.2938)","(-0.9418, -1.6769)","(-7.4441, 7.0919)"
8.800000000000000000e+01,"(-3.0875, -21.6395)","(7.326, 16.9467)","(2.7047, 7.6846)","(3.3661, -3.3464)","(10.4576, -5.0318)","(-7.3, 3.0115)","(0.1656, -1.7896)","(7.2222, 0.5238)","(10.8911, -12.5966)","(0.2452, 12.8356)","(3.2703, -11.2399)","(1.0173, -3.3301)","(0.4911, 4.3829)","(1.9693, 0.7888)","(-25.4879, -4.448)","(5.3794, -0.1072)","(-9.3817, 4.0902)","(-7.8655, 5.8348)","(-1.6867, -2.8009)","(-3.07, 2.9039)"
8.810000000000000853e+01,"(-3.0662, -17.4021)","(3.1862, 6.0073)","(4.847, 13.8112)","(4.6691, -5.3121)","(15.5337, -7.516)","(-2.8244, 0.9146)","(0.068, -0.4032)","(8.7534, -0.1159)","(15.944, -18.904)","(0.4523, 4.397)","(6.873, -22.71)","(2.2652, -7.3546)","(0.2514, 1.2278)","(4.3126, 1.835)","(-12.2702, -0.902)","(10.9257, -0.2011)","(-4.7001, 3.0319)","(-20.7359, 15.4275)","(-3.4503, -5.743)","(-3.6057, 2.8537)"
8.820000000000000284e+01,"(-2.0692, -10.4048)","(1.2595, 3.0005)","(6.8918, 18.844)","(10.2356, -11.7107)","(15.5954, -7.9645)","(-6.6054, 1.512)","(0.1989, -0.6623)","(15.0263, -0.3398)","(10.5728, -13.8959)","(0.1489, 1.0491)","(6.7259, -25.1361)","(4.9072, -16.0042)","(0.3707, 1.1452)","(10.5523, 4.5405)","(-4.5148, 0.2753)","(19.6579, -0.4711)","(-5.6225, 4.239)","(-21.8354, 17.848)","(-7.38, -12.2985)","(-8.1388, 6.1227)"
8.830000000000001137e+01,"(-1.5678, -9.8797)","(2.4052, 7.0118)","(5.4696, 13.0862)","(18.4872, -21.591)","(9.5157, -5.3324)","(-20.685, 4.5407)","(0.5846, -1.857)","(22.5541, -0.7216)","(4.8113, -6.8142)","(0.0419, 0.2093)","(1.761, -10.7186)","(6.7037, -23.3892)","(0.8581, 2.5338)","(22.9825, 9.7475)","(-3.1833, 0.6292)","(19.4727, -1.1012)","(-9.1726, 7.0156)","(-6.7542, 8.0963)","(-12.4113, -20.1469)","(-18.4666, 13.8722)"
8.840000000000000568e+01,"(-2.1438, -16.0382)","(6.7188, 20.0643)","(2.8008, 5.8311)","(10.2161, -14.0103)","(5.5147, -3.1135)","(-37.7182, 9.1884)","(1.8147, -5.7056)","(17.149, -1.3011)","(4.6533, -5.7533)","(0.0559, 0.1755)","(0.7558, -4.0158)","(2.5499, -12.7446)","(2.2414, 6.6689)","(20.68, 7.5492)","(-5.1058, 1.19)","(8.8995, -1.2239)","(-14.6142, 11.2641)","(-3.7073, 6.0708)","(-9.226, -13.1418)","(-20.3206, 16.4229)"
8.850000000000000000e+01,"(-3.296, -23.705)","(12.0113, 33.2388)","(1.231, 2.6732)","(2.9749, -5.3308)","(5.2108, -2.673)","(-13.4121, 6.3872)","(5.685, -17.8787)","(8.0849, -1.0067)","(9.5158, -11.0221)","(0.154, 0.4618)","(1.813, -6.1088)","(0.3683, -4.663)","(6.0074, 17.8538)","(8.0232, 1.6209)","(-9.9785, 2.3209)","(3.0179, -0.616)","(-14.8669, 12.0421)","(-5.65, 10.1787)","(-3.9625, -4.5512)","(-6.9281, 7.3268)"
8.860000000000000853e+01,"(-3.2159, -17.3391)","(6.7946, 11.6986)","(0.9933, 2.5897)","(0.7736, -1.8425)","(7.8259, -3.784)","(-8.4621, 5.7953)","(10.0392, -33.9693)","(5.1323, -0.4027)","(17.7438, -20.675)","(0.4722, 1.4243)","(5.3243, -16.9499)","(-0.1467, -2.3886)","(10.4026, 28.8491)","(4.2748, 0.2132)","(-18.8497, 4.4388)","(0.7801, -0.2028)","(-8.1411, 7.2906)","(-10.64, 19.362)","(-1.4614, -1.3527)","(-2.1425, 2.9375)"
8.870000000000000284e+01,"(-1.8989, -8.5703)","(4.897, 5.9706)","(1.558, 4.3959)","(0.8147, -2.5501)","(13.0272, -6.2209)","(-13.9416, 10.4558)","(1.4901, -14.0873)","(8.001, -0.2349)","(12.0713, -15.8897)","(1.5552, 4.7143)","(10.3849, -34.6463)","(-0.4113, -3.3494)","(6.0036, 11.3151)","(5.8922, -0.0959)","(-21.0416, 5.5582)","(0.3098, -0.122)","(-4.1946, 3.7937)","(-10.8646, 21.3082)","(-1.4523, -1.0577)","(-1.8777, 3.2643)"
8.880000000000001137e+01,"(-1.2125, -7.517)","(8.2579, 8.9388)","(2.9661, 8.5368)","(2.0805, -6.6096)","(17.4447, -8.5564)","(-22.9295, 17.6666)","(-0.6914, -10.0136)","(16.2787, -0.3129)","(3.9031, -6.3014)","(5.2034, 15.7642)","(2.2735, -15.5743)","(-0.7718, -6.1216)","(4.1025, 5.2642)","(10.9331, -0.2206)","(-9.9451, 3.4876)","(0.4938, -0.2276)","(-4.0555, 3.2936)","(-4.032, 9.9426)","(-2.6701, -1.8664)","(-4.042, 7.2143)"
8.890000000000000568e+01,"(-1.8015, -14.0512)","(16.9788, 18.1724)","(5.5747, 15.9511)","(6.0136, -19.0451)","(13.0851, -7.0315)","(-13.1385, 11.734)","(-1.6015, -12.3663)","(25.6223, -0.7968)","(1.4309, -2.0611)","(12.0654, 34.7243)","(-0.1951, -7.4363)","(-1.5116, -12.126)","(5.3533, 5.7726)","(19.9732, -0.4616)","(-3.4487, 1.4322)","(1.0551, -0.4896)","(-6.8213, 5.2454)","(-1.5302, 3.7888)","(-5.6681, -3.9779)","(-9.9693, 17.7839)"
8.900000000000000000e+01,"(-3.3314, -25.6347)","(17.9123, 17.7027)","(7.3334, 19.6986)","(9.5898, -32.9296)","(6.6873, -3.9209)","(-4.7702, 4.7436)","(-2.3177, -16.5248)","(15.667, -1.5526)","(2.8417, -3.3036)","(7.5694, 13.6139)","(-1.1041, -9.7929)","(-2.7157, -20.5744)","(8.735, 9.2303)","(21.4596, -1.1051)","(-1.0771, 0.4045)","(2.471, -1.1405)","(-12.5853, 9.5875)","(-2.0485, 3.8983)","(-12.3762, -8.687)","(-13.9633, 26.3932)"
8.910000000000000853e+01,"(-3.6649, -20.0779)","(7.7059, 6.0838)","(4.8579, 10.8811)","(1.4778, -13.3849)","(4.1753, -2.3045)","(-4.3432, 3.4921)","(-2.7255, -17.5355)","(5.7818, -1.0333)","(8.3194, -9.4008)","(7.2512, 8.7144)","(-2.622, -21.9655)","(-3.0771, -17.9359)","(13.5044, 14.1175)","(10.3201, -1.3139)","(-1.1429, 0.2936)","(6.0706, -2.7927)","(-17.3521, 13.5909)","(-5.1313, 9.1895)","(-20.1216, -13.7202)","(-4.1878, 11.4591)"
8.920000000000000284e+01,"(-2.1132, -7.7752)","(2.3016, 1.8217)","(2.1444, 4.1046)","(-0.4892, -8.2446)","(5.1235, -2.5381)","(-11.4837, 8.5678)","(-2.3689, -13.1735)","(1.9317, -0.2661)","(21.5685, -24.5832)","(8.9965, 9.4786)","(-4.4003, -30.1178)","(-1.9737, -7.7813)","(13.1852, 13.0279)","(3.8757, -0.6159)","(-2.4835, 0.5737)","(14.4271, -6.6631)","(-10.9553, 9.5551)","(-12.3947, 22.1892)","(-13.04, -7.6417)","(-1.008, 5.0128)"
8.930000000000001137e+01,"(-0.7126, -3.3311)","(2.2708, 2.3635)","(0.6955, 1.3487)","(-1.3914, -11.3511)","(8.7929, -4.1877)","(-27.0286, 20.3218)","(-1.7467, -9.7628)","(2.5816, -0.0824)","(12.8607, -17.6604)","(10.7832, 11.0394)","(-3.3179, -11.7797)","(-0.7809, -2.6231)","(7.6034, 6.8396)","(2.2701, -0.1748)","(-6.0288, 1.3618)","(23.1632, -11.1652)","(-4.519, 4.3736)","(-11.8502, 23.6221)","(-5.0589, -2.2408)","(-0.5702, 5.7665)"
8.940000000000000568e+01,"(-0.769, -5.9662)","(6.5427, 7.1444)","(0.3704, 0.9252)","(-2.5098, -19.3533)","(15.1936, -7.2285)","(-14.8033, 13.6157)","(-1.6037, -10.4629)","(6.4143, -0.0826)","(3.9996, -8.9197)","(10.999, 11.0067)","(-1.2965, -3.4048)","(-0.2138, -0.8629)","(4.3035, 3.9647)","(3.9999, -0.1005)","(-14.9682, 3.3756)","(11.9125, -7.0866)","(-2.3511, 2.0934)","(-2.8889, 9.2593)","(-2.0968, -0.6196)","(-1.0486, 11.7587)"
8.950000000000000000e+01,"(-1.8342, -15.7756)","(19.5662, 21.3737)","(0.5843, 1.6543)","(-3.423, -22.5513)","(18.1361, -9.0425)","(-4.7822, 6.2986)","(-2.0539, -14.676)","(17.1688, -0.1768)","(3.0726, -9.5687)","(9.4635, 9.2588)","(-0.5909, -1.1444)","(-0.1425, -0.9728)","(4.6591, 4.7469)","(9.0128, -0.1381)","(-26.8567, 6.4393)","(4.1343, -3.4021)","(-3.2724, 2.5616)","(-0.7438, 4.7076)","(-2.6089, -0.525)","(-2.0657, 24.1189)"
8.960000000000000853e+01,"(-4.145, -32.784)","(20.9127, 20.3177)","(1.204, 3.4986)","(-2.6544, -12.4653)","(10.7644, -6.0889)","(-3.5281, 6.0354)","(-2.7237, -18.7477)","(31.7928, -0.8228)","(5.36, -17.6346)","(8.2193, 8.0811)","(-1.4205, -2.4383)","(-0.2489, -1.9975)","(8.0363, 8.4962)","(20.1027, -0.3244)","(-14.6514, 4.9209)","(2.757, -2.9883)","(-6.6307, 5.0189)","(-0.6853, 7.3486)","(-4.8284, -0.9287)","(-0.9886, 23.0888)"
8.970000000000000284e+01,"(-4.0038, -16.5505)","(10.3525, 6.2599)","(2.6976, 7.8995)","(-1.3476, -6.2618)","(4.8151, -2.9395)","(-8.058, 14.2925)","(-2.719, -15.8515)","(14.5078, -2.2016)","(7.3386, -25.6054)","(8.6028, 8.6719)","(-5.0151, -8.6369)","(-0.5464, -4.5597)","(13.8716, 14.6299)","(25.6663, -1.1034)","(-5.349, 2.819)","(3.6981, -4.3207)","(-13.8024, 10.4178)","(-1.5159, 16.6608)","(-10.0354, -1.9512)","(0.6623, 8.887)"
8.980000000000001137e+01,"(-2.8078, -6.4605)","(10.2632, 4.5914)","(5.8178, 16.903)","(-1.052, -7.1243)","(3.0414, -1.6631)","(-16.7163, 30.3646)","(-1.9721, -10.2551)","(6.4195, -2.1716)","(3.1166, -14.785)","(10.2984, 10.5192)","(-17.5829, -30.1136)","(-1.2883, -10.8606)","(14.4925, 14.4196)","(10.9072, -1.7105)","(-3.8778, 2.7615)","(5.9708, -6.9904)","(-19.28, 15.1055)","(-2.3182, 29.6208)","(-19.4324, -3.7036)","(0.398, 2.5772)"
8.990000000000000568e+01,"(-3.4688, -6.0045)","(17.9576, 7.5653)","(8.2121, 22.2158)","(-1.785, -14.2053)","(4.3289, -2.1085)","(-6.619, 16.2369)","(-1.4524, -8.651)","(6.7831, -3.0866)","(1.0599, -6.05)","(11.5142, 11.6467)","(-15.316, -21.128)","(-2.7924, -22.4045)","(7.6938, 6.7126)","(3.8544, -1.1329)","(-5.7406, 4.3726)","(9.6527, -11.3305)","(-9.743, 8.9405)","(0.2349, 15.9955)","(-21.3037, -3.4056)","(0.2945, 1.0479)"
9.000000000000000000e+01,"(-7.3721, -12.3538)","(24.1678, 9.6541)","(4.9727, 10.4522)","(-3.3252, -25.4505)","(8.1848, -3.8589)","(-1.5123, 6.5839)","(-1.6519, -11.6649)","(11.9519, -5.618)","(1.4272, -5.2567)","(10.4172, 10.2489)","(-12.1602, -10.1414)","(-3.5341, -20.9589)","(3.3859, 2.9177)","(2.9736, -1.2996)","(-10.0854, 7.6905)","(11.6525, -14.0835)","(-3.1601, 3.4762)","(0.7865, 5.5223)","(-9.8301, -0.6922)","(0.6771, 2.0259)"
9.010000000000000853e+01,"(-14.7129, -24.2658)","(13.8203, 4.4607)","(2.2354, 3.5169)","(-3.5354, -18.9029)","(15.4794, -7.2974)","(-0.6745, 6.1648)","(-2.411, -17.6292)","(20.2557, -9.664)","(3.6571, -11.8992)","(8.4411, 8.1995)","(-15.1703, -10.6379)","(-2.3924, -7.8496)","(2.8372, 2.8353)","(5.2458, -2.4475)","(-15.7524, 12.1735)","(7.901, -10.3289)","(-0.7955, 1.0247)","(0.6735, 2.4246)","(-3.3196, 0.0378)","(1.9171, 5.7504)"
9.020000000000000284e+01,"(-11.4559, -16.3041)","(6.4274, 2.0106)","(1.6531, 1.9379)","(-2.0105, -7.1301)","(19.6757, -9.7386)","(-1.4714, 15.3189)","(-2.9956, -19.417)","(17.5993, -9.2449)","(8.2459, -26.9091)","(7.9071, 7.8673)","(-18.3699, -12.2305)","(-1.56, -3.2841)","(5.1426, 5.4591)","(11.1728, -5.1965)","(-13.7248, 11.3538)","(3.9798, -5.5451)","(-0.4579, 0.7706)","(1.4572, 4.3441)","(-1.0602, 0.1255)","(5.8471, 17.5889)"
9.030000000000001137e+01,"(-4.742, -5.244)","(7.5597, 3.0363)","(2.5474, 2.7157)","(-0.6025, -2.4062)","(10.824, -6.2575)","(-3.0979, 35.338)","(-2.45, -12.648)","(7.6639, -4.7327)","(5.4727, -22.5797)","(9.2894, 9.4807)","(-13.8954, -8.5827)","(-2.1151, -3.5606)","(10.8152, 11.5939)","(21.1624, -9.9949)","(-6.5678, 6.0811)","(2.5992, -3.4256)","(-0.8823, 1.5764)","(3.9146, 11.6858)","(-1.2015, 0.2631)","(11.9111, 33.6804)"
9.040000000000000568e+01,"(-1.3366, -1.2661)","(16.8911, 7.1919)","(4.5628, 4.85)","(-0.4404, -3.2102)","(4.0715, -2.6836)","(0.5661, 18.5334)","(-1.519, -7.7842)","(3.5557, -2.0859)","(0.7014, -8.3072)","(11.384, 11.6428)","(-9.7569, -6.0273)","(-3.5132, -5.7633)","(17.4841, 18.2672)","(17.8929, -9.4745)","(-3.1676, 2.9029)","(3.1587, -3.829)","(-2.1788, 3.8783)","(9.8512, 28.9285)","(-2.3971, 0.5509)","(7.1044, 12.5661)"
9.050000000000000000e+01,"(-1.0475, -0.7798)","(28.4586, 11.667)","(8.6609, 9.2244)","(-0.9736, -8.3199)","(1.53, -0.9436)","(1.6673, 7.7786)","(-1.2668, -8.2817)","(4.6753, -2.2889)","(-0.1734, -3.5524)","(11.5173, 11.4948)","(-11.6642, -7.7882)","(-6.2984, -10.3581)","(11.4136, 10.375)","(6.5673, -4.4408)","(-3.2005, 2.5849)","(5.1806, -6.086)","(-5.7693, 10.2355)","(8.7401, 20.3214)","(-5.4824, 1.2468)","(6.0815, 7.3574)"
9.060000000000000853e+01,"(-2.8169, -2.0194)","(14.5108, 4.2868)","(13.9038, 14.5619)","(-2.5932, -22.3943)","(1.6606, -0.8298)","(2.7274, 8.3359)","(-1.7927, -13.4288)","(10.1522, -4.7329)","(-0.6708, -5.9073)","(9.2379, 8.9339)","(-18.1539, -12.3684)","(-10.0622, -16.3069)","(4.5007, 3.3638)","(1.8967, -1.5421)","(-5.6691, 4.341)","(8.8358, -10.3307)","(-12.8524, 23.1515)","(5.1633, 7.4757)","(-12.9903, 2.9467)","(8.5343, 9.1006)"
9.070000000000000284e+01,"(-9.4409, -6.8016)","(4.8462, 0.9345)","(12.1773, 11.8112)","(-4.5335, -30.7093)","(3.3376, -1.5679)","(6.5409, 19.3415)","(-2.8151, -20.6302)","(21.2984, -9.9632)","(-1.8065, -15.7906)","(7.5662, 7.384)","(-18.6038, -12.0034)","(-9.6807, -14.6269)","(1.2574, 0.8261)","(0.9307, -0.9817)","(-11.1175, 8.4263)","(12.0306, -14.3634)","(-9.1875, 19.2231)","(5.3762, 6.0129)","(-24.3446, 5.7724)","(12.8773, 13.474)"
9.080000000000001137e+01,"(-28.6323, -20.4166)","(0.9628, 0.1547)","(5.9399, 5.0301)","(-3.6934, -11.1107)","(7.5153, -3.4833)","(11.325, 31.4077)","(-3.0938, -18.2263)","(20.9555, -10.8383)","(-4.2726, -34.1508)","(8.1139, 8.2097)","(-10.8095, -6.3058)","(-5.3211, -7.1195)","(0.5236, 0.2619)","(1.6375, -1.8684)","(-17.6091, 13.6078)","(9.1086, -11.6974)","(-2.1752, 7.8449)","(9.7339, 10.4125)","(-17.0009, 5.1753)","(14.1388, 14.2134)"
9.090000000000000568e+01,"(-19.4755, -10.9044)","(0.1213, 0.0212)","(2.2846, 1.8581)","(-3.1399, -6.0372)","(16.5173, -7.6815)","(6.4241, 12.2738)","(-2.0718, -9.4508)","(7.5935, -5.1641)","(-4.1695, -16.5671)","(10.4475, 10.7529)","(-7.9238, -4.9878)","(-2.4016, -3.1568)","(0.9744, 0.4228)","(3.8962, -4.4384)","(-12.7544, 10.872)","(4.4284, -6.2221)","(-0.7216, 5.7418)","(16.906, 17.8255)","(-5.9813, 2.7757)","(9.4184, 8.7653)"
9.100000000000000000e+01,"(-12.5521, -3.6127)","(0.0869, 0.0365)","(1.1742, 1.0993)","(-5.1306, -8.5739)","(22.3863, -11.0186)","(2.6589, 3.8337)","(-1.1069, -5.7452)","(2.2177, -1.8567)","(-3.2219, -7.055)","(12.2505, 12.4498)","(-12.639, -8.6633)","(-1.6675, -2.4982)","(2.5108, 1.0876)","(9.9063, -11.2619)","(-4.9782, 4.9343)","(2.3989, -3.2823)","(-0.6734, 8.1939)","(14.2916, 13.7158)","(-2.9211, 1.9211)","(6.0727, 5.7226)"
9.110000000000000853e+01,"(-14.8336, -2.9121)","(0.3586, 0.1592)","(1.6415, 1.7094)","(-9.8314, -16.2627)","(10.1564, -6.2691)","(2.5258, 2.8518)","(-1.0863, -7.6733)","(1.3315, -1.4366)","(-4.4343, -7.5816)","(10.6549, 10.4071)","(-21.5926, -14.8017)","(-2.4592, -3.9815)","(7.1724, 3.1246)","(18.6644, -21.7379)","(-1.729, 1.7327)","(2.4946, -3.0765)","(-1.0826, 13.5949)","(6.4124, 5.3062)","(-3.7426, 2.8247)","(6.8897, 7.043)"
9.120000000000000284e+01,"(-20.0816, -3.5654)","(1.5693, 0.7013)","(3.1791, 3.3917)","(-13.4837, -21.3573)","(3.3453, -2.7003)","(6.9669, 7.6426)","(-1.8403, -14.4328)","(2.6968, -3.0674)","(-9.2042, -15.3662)","(7.872, 7.5323)","(-17.0975, -10.5017)","(-4.6217, -7.6312)","(19.9746, 8.6632)","(9.5039, -13.3191)","(-1.292, 1.0711)","(4.0254, -4.7411)","(-1.417, 19.7605)","(2.972, 2.7162)","(-6.4714, 4.9286)","(11.3396, 11.9339)"
9.130000000000001137e+01,"(-18.5126, -2.7967)","(7.4052, 3.3209)","(6.7046, 7.1951)","(-7.9754, -10.7552)","(1.9045, -2.0266)","(21.3833, 23.3876)","(-3.1337, -23.2332)","(7.1216, -8.0696)","(-15.206, -24.5734)","(7.1075, 7.0498)","(-7.6227, -4.0893)","(-8.6924, -14.323)","(28.2678, 11.2242)","(2.8362, -5.8392)","(-2.4943, 1.9014)","(7.2088, -8.3957)","(-0.6358, 16.7013)","(4.5921, 4.839)","(-11.8165, 8.998)","(15.7545, 16.2523)"
9.140000000000000568e+01,"(-12.1258, -1.5243)","(32.9258, 14.6687)","(13.0746, 13.9232)","(-3.2607, -4.0893)","(2.8561, -3.2967)","(20.0897, 18.9647)","(-3.2022, -17.3341)","(17.5885, -20.0734)","(-9.2487, -12.4041)","(8.8761, 9.1216)","(-5.4381, -3.4725)","(-11.4364, -18.062)","(11.404, 2.2835)","(1.6754, -5.0341)","(-5.6434, 4.2327)","(11.5767, -13.6093)","(0.0459, 8.8494)","(10.8971, 11.7717)","(-16.4937, 12.8941)","(11.4872, 10.8046)"
9.150000000000000000e+01,"(-10.463, -1.5886)","(27.1399, 8.6405)","(15.0594, 15.1558)","(-2.1457, -3.2611)","(5.5182, -6.3713)","(10.8688, 6.2634)","(-1.8543, -7.2665)","(15.2669, -19.4616)","(-3.4874, -3.9932)","(11.8854, 12.2644)","(-11.3963, -7.9716)","(-7.2607, -10.0253)","(7.8241, 0.2691)","(2.4222, -8.0401)","(-12.9925, 9.7356)","(11.303, -14.0131)","(-0.0807, 5.232)","(20.8147, 22.0186)","(-11.1342, 9.5903)","(5.9277, 5.2514)"
9.160000000000000853e+01,"(-15.0426, -2.6853)","(22.5487, 0.9963)","(7.6389, 6.4717)","(-4.291, -7.1278)","(10.8808, -12.5786)","(12.2161, 5.3772)","(-0.7203, -3.3379)","(4.3247, -8.3119)","(-1.1062, -1.5281)","(12.3747, 12.3781)","(-24.4752, -17.0806)","(-3.0888, -3.7645)","(10.1354, -0.2307)","(4.3662, -14.537)","(-20.7351, 16.0487)","(5.7742, -8.0021)","(-0.3925, 6.1851)","(12.5696, 11.0268)","(-4.706, 4.5288)","(4.6639, 4.6014)"
9.170000000000000284e+01,"(-21.9041, -3.8891)","(21.4655, -0.752)","(2.8109, 1.9786)","(-10.3164, -17.3214)","(14.6305, -17.5217)","(21.8973, 9.201)","(-0.6435, -4.6309)","(2.1708, -6.2382)","(-2.1583, -3.5983)","(9.1334, 8.693)","(-18.3486, -10.9791)","(-1.0575, -1.3315)","(15.1048, -0.4456)","(6.0949, -21.1717)","(-10.5336, 9.6916)","(2.5416, -3.6776)","(-0.8658, 10.7953)","(5.0496, 3.2878)","(-2.1575, 1.9893)","(7.7712, 8.2001)"
9.180000000000001137e+01,"(-18.5658, -2.6604)","(13.2732, -1.1659)","(1.1594, 0.6184)","(-15.8284, -25.2506)","(7.7693, -10.6823)","(23.2019, 8.8548)","(-1.2436, -10.2078)","(2.9807, -9.8192)","(-6.4709, -11.0315)","(6.6834, 6.4157)","(-6.879, -2.9281)","(-0.7653, -1.1717)","(18.9785, -0.7635)","(3.598, -15.2155)","(-3.3417, 4.0312)","(1.7758, -2.3075)","(-1.4901, 18.7218)","(3.2572, 1.5458)","(-2.3463, 1.88)","(14.5998, 15.5009)"
9.190000000000000568e+01,"(-10.4438, -1.1487)","(9.0905, -0.6848)","(1.5485, 0.6677)","(-7.9341, -9.6495)","(2.6149, -4.2262)","(10.8306, 3.1999)","(-2.7237, -22.2244)","(5.3154, -17.7117)","(-17.5593, -29.5751)","(7.1379, 7.2309)","(-2.072, -0.6448)","(-1.3476, -2.214)","(14.9793, -1.0599)","(1.2515, -6.8934)","(-1.66, 2.6982)","(2.5705, -3.0648)","(-1.1299, 20.5258)","(6.434, 2.774)","(-4.3126, 3.2919)","(16.3937, 16.4258)"
9.200000000000000000e+01,"(-8.7646, -1.3304)","(12.9179, -0.4235)","(2.9153, 1.2317)","(-3.4808, -3.1923)","(0.7322, -1.2261)","(5.9077, 2.0491)","(-3.8775, -24.578)","(6.2457, -22.3785)","(-12.5612, -16.8324)","(10.1155, 10.5117)","(-2.7703, -0.5864)","(-2.8714, -4.7893)","(9.1517, -0.8362)","(0.7919, -3.5728)","(-2.3411, 4.2342)","(4.6859, -5.454)","(0.0702, 11.0229)","(16.2931, 7.0349)","(-8.8114, 6.6552)","(8.2152, 6.9948)"
9.210000000000000853e+01,"(-14.3624, -2.6451)","(22.9822, -0.5761)","(6.1443, 2.6128)","(-3.7064, -2.6948)","(0.3372, -0.4552)","(10.9279, 4.5847)","(-2.7218, -9.517)","(2.7084, -12.7981)","(-8.0172, -6.9676)","(13.2323, 13.5996)","(-8.6467, -1.7976)","(-6.4269, -10.7483)","(7.5324, -0.4748)","(1.3424, -4.6911)","(-4.4899, 8.137)","(8.7898, -10.198)","(0.1303, 4.8074)","(29.6897, 12.2762)","(-16.1575, 12.3207)","(3.2016, 2.6718)"
9.220000000000000284e+01,"(-23.7944, -4.3586)","(23.2866, -1.3083)","(13.1273, 5.5791)","(-7.994, -5.6463)","(0.6542, -0.764)","(25.4354, 10.8459)","(-1.3094, -3.1283)","(1.0331, -5.5946)","(-9.886, -7.0417)","(11.5156, 11.2183)","(-29.206, -6.0532)","(-12.0254, -19.7359)","(10.3, -0.3625)","(2.8273, -9.3222)","(-8.6637, 15.7517)","(13.0491, -15.4583)","(-0.1372, 3.5158)","(14.2396, 3.9323)","(-15.7142, 12.8307)","(2.7296, 2.7586)"
9.230000000000001137e+01,"(-19.6171, -2.7308)","(10.9916, -1.3794)","(21.3428, 8.7617)","(-18.7835, -13.2376)","(1.532, -1.7519)","(24.3588, 8.9546)","(-1.4012, -2.4588)","(1.1632, -4.4391)","(-16.9162, -11.7001)","(7.4168, 6.9001)","(-30.9963, -4.4389)","(-10.4129, -15.2963)","(16.3379, -0.4716)","(5.6632, -18.6803)","(-10.4764, 20.0507)","(9.6248, -12.4242)","(-0.4564, 5.854)","(6.0398, 0.6561)","(-6.556, 6.3481)","(5.8526, 6.2835)"
9.240000000000000568e+01,"(-9.0163, -0.7283)","(6.255, -0.5382)","(14.7538, 5.0587)","(-23.0873, -15.1303)","(3.8611, -4.3895)","(9.039, 1.8742)","(-2.9327, -4.9181)","(2.51, -8.3468)","(-19.9412, -13.1154)","(5.8244, 5.6828)","(-14.5779, 1.6048)","(-4.6406, -5.362)","(20.0438, -0.8473)","(6.2605, -22.7088)","(-4.7596, 10.9952)","(3.9878, -5.8802)","(-1.031, 11.9488)","(6.2118, -0.0126)","(-2.0642, 2.2653)","(13.9918, 15.1123)"
9.250000000000000000e+01,"(-5.8438, -0.8034)","(10.7281, -0.2708)","(5.7416, 1.3237)","(-9.5737, -4.4831)","(9.8094, -11.1537)","(2.6617, 0.2791)","(-7.1087, -11.9648)","(5.5037, -17.9867)","(-11.1928, -6.4038)","(7.5194, 7.763)","(-15.1236, 3.3275)","(-2.0132, -1.7936)","(13.8893, -1.1428)","(2.0175, -10.9812)","(-1.4872, 4.1483)","(1.5406, -2.3108)","(-1.786, 21.9456)","(12.7896, -0.19)","(-0.4921, 0.577)","(20.1942, 20.7471)"
9.260000000000000853e+01,"(-10.5365, -1.9822)","(23.8652, -0.4046)","(2.0267, 0.2273)","(-3.9554, -1.2246)","(17.9709, -20.971)","(2.9761, 0.0055)","(-14.5781, -24.0703)","(7.302, -25.6668)","(-5.923, -3.4769)","(11.6345, 12.1741)","(-22.0297, 5.3556)","(-2.2842, -1.6375)","(7.6597, -0.7803)","(0.4149, -3.7714)","(-0.4812, 1.2629)","(1.1145, -1.4342)","(-0.8382, 20.1185)","(26.254, -0.5128)","(-0.097, 0.1257)","(9.3587, 7.406)"
9.270000000000000284e+01,"(-22.7457, -4.4141)","(27.3756, -1.3922)","(1.9471, -0.004)","(-4.8278, -0.998)","(9.2399, -12.905)","(9.28, -0.0379)","(-10.8321, -15.2014)","(2.3646, -12.7385)","(-7.7633, -5.2529)","(14.1064, 14.3508)","(-19.828, 5.5042)","(-3.9479, -2.7419)","(6.4427, -0.3898)","(0.0789, -0.9076)","(-0.5301, 1.0323)","(1.8248, -2.1534)","(0.4234, 8.4419)","(22.0728, -1.5977)","(-0.0516, 0.0865)","(3.9508, 2.3071)"
9.280000000000001137e+01,"(-26.0646, -4.1743)","(10.4874, -1.8557)","(3.349, -0.0686)","(-10.835, -2.1563)","(2.7794, -5.7055)","(31.7011, -0.1564)","(-4.845, -4.9455)","(0.3983, -4.339)","(-16.1324, -11.2677)","(10.0339, 9.4331)","(-11.1885, 3.5482)","(-7.6942, -5.3648)","(9.7536, -0.2999)","(0.0321, -0.1933)","(-1.1767, 2.1298)","(3.5989, -4.1624)","(0.2743, 2.6622)","(7.9692, -1.5966)","(-0.1067, 0.1898)","(4.2004, 1.8635)"
9.290000000000000568e+01,"(-10.5579, -0.4495)","(2.8773, -0.6782)","(6.6541, -0.1241)","(-24.9008, -4.8892)","(1.6399, -4.9322)","(29.6517, -2.3175)","(-3.4121, -2.619)","(0.0105, -1.1473)","(-23.3989, -15.7149)","(5.8191, 5.3251)","(-9.7431, 2.6605)","(-14.5154, -10.0699)","(16.8649, -0.4265)","(0.0914, -0.3059)","(-2.8431, 5.0775)","(7.4383, -8.5669)","(0.0548, 0.6305)","(2.2181, -0.6481)","(-0.2711, 0.4817)","(8.7898, 3.7631)"
9.300000000000000000e+01,"(-3.0644, 0.0429)","(0.6097, -0.0832)","(13.6271, -0.2502)","(-24.8158, -3.7009)","(2.1581, -7.2453)","(14.1333, -4.8484)","(-5.7879, -4.062)","(-0.1096, -1.0731)","(-11.9428, -6.49)","(5.1349, 5.1106)","(-16.6673, 4.0033)","(-17.8204, -11.7847)","(21.5047, -0.8744)","(0.2564, -0.8183)","(-7.0497, 12.5671)","(13.2064, -15.4052)","(-0.0239, 0.4411)","(1.4605, -0.6278)","(-0.7368, 1.3043)","(20.0531, 8.5647)"
9.310000000000000853e+01,"(-0.7046, -0.0529)","(1.533, -0.0187)","(21.9685, -0.6404)","(-9.226, 0.0357)","(3.5555, -11.9776)","(15.2648, -6.9751)","(-12.0707, -8.4605)","(-0.3026, -2.6378)","(-4.1401, -1.9779)","(7.8459, 8.2177)","(-25.7274, 6.3366)","(-9.9621, -5.6405)","(13.6452, -1.252)","(0.7487, -2.3662)","(-12.9953, 23.8001)","(11.9057, -14.9415)","(-0.0928, 1.0383)","(3.4933, -1.5903)","(-2.0855, 3.6833)","(25.3978, 9.962)"
9.320000000000000284e+01,"(-1.5311, -0.3008)","(5.5051, -0.0162)","(16.1618, -1.2897)","(-3.9943, 0.5809)","(5.1787, -17.8511)","(21.8288, -10.5336)","(-21.0987, -14.4918)","(-0.8726, -7.7692)","(-2.1976, -1.3879)","(13.0707, 13.7524)","(-16.8124, 5.1804)","(-3.8592, -1.8771)","(6.4526, -0.7888)","(2.3012, -7.2397)","(-6.8175, 15.2299)","(4.6774, -7.0182)","(-0.2577, 2.7247)","(10.7201, -4.8518)","(-5.9096, 10.4415)","(10.6208, 2.669)"
9.330000000000001137e+01,"(-5.0363, -1.0444)","(21.2084, -0.0332)","(6.4038, -1.085)","(-5.6669, 1.2638)","(4.2944, -16.5443)","(17.1845, -9.1562)","(-15.0519, -9.0216)","(-2.5936, -22.8779)","(-5.3594, -3.784)","(14.6387, 14.7187)","(-7.5259, 2.6047)","(-1.1799, -0.5819)","(4.7116, -0.3204)","(6.6682, -21.1299)","(-1.6521, 6.1474)","(1.3851, -2.4382)","(-0.7384, 7.6545)","(29.5764, -13.5625)","(-13.3169, 23.9782)","(3.8415, 0.4651)"
9.340000000000000568e+01,"(-17.8851, -3.7417)","(43.5542, -1.1717)","(1.9447, -0.468)","(-12.9884, 2.9396)","(1.9808, -9.3077)","(9.3502, -5.3292)","(-5.8941, -2.7761)","(-4.6977, -31.6923)","(-15.7282, -11.2384)","(8.6728, 7.8185)","(-7.6219, 1.9863)","(-0.708, -0.4463)","(7.5227, -0.2153)","(8.3684, -29.9126)","(-0.5521, 4.4939)","(0.3435, -0.7677)","(-1.9571, 20.6909)","(19.5034, -11.1789)","(-8.4922, 18.2148)","(3.4872, 0.0106)"
9.350000000000000000e+01,"(-40.7093, -7.773)","(17.5399, -5.1121)","(0.6851, -0.2529)","(-27.331, 6.3586)","(1.1201, -5.1249)","(9.7522, -4.9034)","(-1.6018, -0.6748)","(-4.215, -11.5344)","(-29.9777, -20.5693)","(4.384, 3.9121)","(-16.8958, 3.8968)","(-1.2798, -0.8847)","(14.7376, -0.3)","(0.917, -11.9142)","(-0.557, 6.6981)","(0.2583, -0.8014)","(-1.9421, 29.5554)","(8.1116, -7.448)","(-1.9915, 8.0481)","(7.4568, -0.0963)"
9.360000000000000853e+01,"(-16.8115, 0.4558)","(15.5003, -6.8597)","(0.9175, -0.4212)","(-19.7949, 6.0093)","(1.3481, -5.0)","(18.2911, -8.6593)","(-0.2974, -0.1343)","(-4.4834, -8.1451)","(-13.1708, -5.9978)","(4.0764, 4.1009)","(-30.1785, 7.2633)","(-2.8062, -1.9718)","(23.5135, -0.7023)","(-0.7295, -8.952)","(-0.9715, 11.8276)","(0.4641, -1.5195)","(1.1383, 11.4622)","(7.7712, -8.7846)","(-0.7698, 7.0165)","(18.5995, -0.225)"
9.370000000000000284e+01,"(-13.5281, 2.5922)","(18.469, -9.0105)","(1.8317, -0.8536)","(-6.7581, 3.2105)","(2.3406, -7.962)","(24.6914, -12.1752)","(-0.2344, -0.1582)","(-6.6536, -10.9098)","(-8.3501, -2.197)","(7.1324, 7.5508)","(-15.6554, 5.3624)","(-6.6155, -4.6714)","(16.6767, -1.3888)","(-1.4722, -11.0985)","(-1.4966, 19.3747)","(1.0062, -3.2735)","(1.8834, 6.8587)","(11.7357, -13.7421)","(-0.6855, 9.1247)","(30.7064, -0.9468)"
9.380000000000001137e+01,"(-17.3808, 4.1865)","(15.6968, -8.2026)","(4.0968, -1.8978)","(-2.9724, 1.9519)","(4.1839, -14.0219)","(12.3782, -7.3252)","(-0.6634, -0.4723)","(-9.7481, -15.7097)","(-12.3776, -2.4408)","(13.4718, 14.3157)","(-4.9931, 2.2795)","(-14.9481, -10.5074)","(6.6977, -1.0655)","(-2.0724, -14.7308)","(-0.8953, 18.8387)","(2.3245, -7.5177)","(2.8894, 8.2882)","(13.9213, -16.8615)","(-0.9153, 12.7353)","(13.43, -2.1)"
9.390000000000000568e+01,"(-19.3507, 5.0457)","(11.2014, -6.0262)","(9.5444, -4.4106)","(-4.6909, 3.4898)","(5.6272, -19.6673)","(5.5952, -3.3076)","(-2.0547, -1.4741)","(-10.3257, -15.8936)","(-22.706, -4.3054)","(16.1575, 16.3424)","(-1.0336, 0.4326)","(-20.8066, -13.9209)","(2.4532, -0.3423)","(-2.5214, -16.6579)","(0.1094, 9.6978)","(5.0634, -16.503)","(4.3759, 12.2403)","(8.7782, -11.6098)","(-1.0497, 16.0697)","(5.2894, -1.7025)"
9.400000000000000000e+01,"(-14.5341, 4.215)","(11.6803, -5.898)","(19.4251, -9.1071)","(-11.2745, 8.4028)","(3.5046, -14.588)","(8.2496, -3.9774)","(-6.8153, -4.9053)","(-7.038, -10.0566)","(-23.3017, -3.6066)","(8.6179, 7.4762)","(-1.5437, 0.3614)","(-10.2745, -5.4526)","(2.5647, -0.1102)","(-2.372, -13.749)","(0.0797, 4.4172)","(6.6014, -23.2154)","(6.0963, 16.7234)","(5.169, -6.9118)","(-0.6782, 14.7982)","(5.1694, -2.3181)"
9.410000000000000853e+01,"(-10.882, 3.1301)","(16.9076, -8.2167)","(19.0111, -9.8157)","(-23.5146, 17.8028)","(1.3305, -6.9878)","(20.2246, -9.3495)","(-21.3215, -15.2629)","(-4.724, -6.8797)","(-10.5201, -0.77)","(3.3458, 2.7028)","(-5.4725, 1.185)","(-4.1845, -1.5072)","(5.5164, -0.0974)","(-1.8151, -10.0061)","(-0.1724, 3.6974)","(2.2829, -11.9546)","(6.0258, 15.4001)","(6.0828, -7.3824)","(-0.2591, 10.3373)","(10.1586, -4.7202)"
9.420000000000000284e+01,"(-12.779, 3.2884)","(19.7879, -9.8996)","(7.1167, -4.8008)","(-14.4211, 12.8187)","(0.7942, -3.6437)","(28.5425, -14.0748)","(-25.4216, -16.3777)","(-5.2846, -8.333)","(-4.8046, -0.4919)","(1.8551, 1.7785)","(-20.8913, 4.4788)","(-3.5182, -0.7721)","(13.2481, -0.1758)","(-1.502, -9.2373)","(-0.4882, 6.2228)","(0.2654, -4.4462)","(4.1209, 9.6687)","(10.8464, -12.6746)","(-0.2522, 7.713)","(20.9667, -9.8102)"
9.430000000000001137e+01,"(-18.6966, 4.6226)","(13.5224, -7.3819)","(2.5412, -2.2884)","(-4.5136, 5.531)","(1.1487, -4.1249)","(10.2795, -7.0175)","(-12.0934, -4.2432)","(-8.3334, -13.5355)","(-7.315, -1.3415)","(3.2982, 3.4989)","(-42.5194, 10.2489)","(-5.3876, -1.0158)","(26.5551, -0.5582)","(-1.6921, -11.6848)","(-1.0513, 12.3296)","(-0.2318, -2.8544)","(2.7642, 6.6896)","(15.6065, -18.5807)","(-0.4655, 8.1913)","(21.4574, -11.0221)"
9.440000000000000568e+01,"(-20.2758, 5.3698)","(9.304, -5.0272)","(2.2626, -2.5419)","(-2.3502, 3.8616)","(2.1977, -7.3522)","(2.9472, -2.5162)","(-11.443, -2.4293)","(-11.438, -18.2069)","(-17.7462, -3.5189)","(7.6892, 8.3031)","(-16.067, 8.6252)","(-9.5444, -1.8031)","(19.125, -1.6452)","(-2.2411, -15.8058)","(-1.7015, 21.4667)","(-0.5192, -4.0863)","(2.8576, 7.6234)","(9.8283, -13.04)","(-0.7832, 11.2238)","(8.0286, -5.3405)"
9.450000000000000000e+01,"(-13.2367, 4.018)","(11.9608, -5.8818)","(3.5102, -4.0903)","(-4.0061, 7.1679)","(4.2667, -14.1259)","(1.923, -2.0872)","(-14.371, -2.5642)","(-8.9548, -13.0555)","(-31.2502, -5.7322)","(16.7633, 17.9693)","(-13.7001, 9.895)","(-16.5441, -3.0881)","(6.8718, -1.6306)","(-2.6328, -16.9896)","(-0.7496, 18.9634)","(-0.91, -7.0805)","(4.2079, 11.7346)","(4.3149, -6.1865)","(-1.0701, 15.3983)","(2.272, -1.7581)"
9.460000000000000853e+01,"(-9.3536, 2.7266)","(19.5327, -9.375)","(6.3139, -7.3369)","(-9.1608, 16.4082)","(6.1097, -21.1353)","(5.2601, -5.9021)","(-16.4996, -2.7574)","(-4.9648, -6.8141)","(-14.9234, -1.0047)","(16.4133, 16.024)","(-16.9895, 13.2157)","(-19.6066, -3.2592)","(3.5145, -1.3924)","(-2.2992, -12.7646)","(0.3468, 8.2085)","(-1.6511, -12.9158)","(6.2011, 17.1558)","(3.8223, -4.7767)","(-0.887, 16.2567)","(0.5394, -0.4972)"
9.470000000000000284e+01,"(-12.2419, 3.0804)","(20.063, -10.2517)","(10.8884, -12.7185)","(-13.7814, 25.8017)","(3.4893, -14.9105)","(17.8653, -20.0231)","(-14.9491, -2.2583)","(-3.7634, -5.6755)","(-5.294, 0.3638)","(6.9036, 5.058)","(-14.4053, 11.9138)","(-11.7804, -1.3115)","(5.0992, -2.3686)","(-1.6541, -9.0104)","(0.206, 2.769)","(-2.6646, -19.4126)","(6.3677, 16.367)","(7.5932, -8.8155)","(-0.3395, 11.9074)","(0.6135, -0.6836)"
9.480000000000001137e+01,"(-20.0105, 4.8489)","(10.6684, -6.1638)","(12.4286, -15.1267)","(-5.0759, 12.6169)","(1.0239, -6.2892)","(22.6, -27.7579)","(-11.88, -1.692)","(-5.6715, -9.2026)","(-3.6708, 0.7277)","(3.2646, 1.7446)","(-9.5511, 8.186)","(-5.2254, -0.3878)","(10.1379, -4.734)","(-1.408, -8.9051)","(-0.0061, 1.1738)","(-2.7804, -15.8139)","(4.2026, 9.6879)","(15.4883, -17.9053)","(-0.1847, 8.009)","(1.6848, -1.8992)"
9.490000000000000568e+01,"(-21.5359, 5.7332)","(7.2554, -3.9061)","(6.8802, -9.3601)","(-1.2069, 4.5194)","(0.3862, -2.2891)","(6.3546, -13.7367)","(-11.0695, -1.7149)","(-10.1121, -16.5798)","(-8.2063, 1.8288)","(4.4107, 1.9064)","(-9.8682, 7.9425)","(-2.8574, -0.3381)","(19.4808, -9.1776)","(-1.7159, -12.1641)","(-0.1439, 1.8775)","(-1.7633, -7.4652)","(2.5355, 5.96)","(14.9976, -18.7194)","(-0.3499, 7.3084)","(5.4277, -6.09)"
9.500000000000000000e+01,"(-11.9267, 3.8483)","(11.7954, -5.6575)","(2.8539, -4.2125)","(-0.3456, 2.6475)","(0.4682, -1.7815)","(4.5421, -14.0172)","(-13.2379, -2.2408)","(-12.235, -19.0879)","(-22.5012, 5.0102)","(8.9562, 3.8105)","(-15.2529, 11.8198)","(-3.614, -0.6254)","(19.6129, -10.0711)","(-2.3741, -16.8771)","(-0.3748, 4.1971)","(-0.7676, -3.1903)","(2.4421, 6.4685)","(5.1922, -8.1159)","(-0.6447, 9.5476)","(17.0729, -19.2175)"
9.510000000000000853e+01,"(-7.3156, 2.2149)","(22.2365, -10.5235)","(1.566, -2.1242)","(-0.4961, 5.2828)","(0.9818, -3.2769)","(6.6238, -22.2511)","(-16.4925, -2.8154)","(-7.1644, -9.7087)","(-31.7246, 8.1114)","(18.8542, 7.9928)","(-18.4625, 14.6789)","(-6.6005, -1.247)","(8.025, -5.1178)","(-2.7213, -17.1388)","(-0.9397, 10.1875)","(-0.4124, -2.39)","(3.7106, 10.4068)","(1.4757, -2.4674)","(-1.0047, 13.8753)","(20.013, -24.6764)"
9.520000000000000284e+01,"(-10.426, 2.5784)","(20.4775, -10.6936)","(2.0144, -2.4303)","(-1.3294, 13.9718)","(2.197, -7.1505)","(5.7737, -21.9641)","(-16.5002, -2.5937)","(-3.2231, -4.2388)","(-11.0995, 5.1476)","(23.2564, 9.1174)","(-11.5703, 10.0678)","(-12.9143, -2.4759)","(2.4921, -1.7888)","(-2.2076, -11.711)","(-1.9858, 22.5328)","(-0.504, -3.7143)","(6.0088, 16.8689)","(0.9801, -1.2362)","(-1.0824, 17.0634)","(5.6787, -11.8103)"
9.530000000000001137e+01,"(-20.0879, 4.7301)","(8.2515, -5.2234)","(3.6714, -4.2776)","(-2.7264, 31.2972)","(4.8448, -15.7731)","(2.4142, -11.611)","(-12.7893, -1.785)","(-2.6411, -4.0776)","(-6.0369, 4.0366)","(10.5944, 2.9487)","(-7.3994, 6.3641)","(-20.8144, -3.7972)","(0.6517, -0.4302)","(-1.4902, -8.0311)","(-1.138, 23.4642)","(-0.892, -7.0532)","(6.9476, 18.264)","(2.6694, -3.0448)","(-0.5304, 14.0892)","(3.6622, -11.1715)"
9.540000000000000568e+01,"(-24.7269, 6.4076)","(4.0843, -2.3132)","(7.209, -8.3348)","(0.113, 18.986)","(6.9543, -24.0771)","(2.2, -8.6267)","(-10.4246, -1.5167)","(-4.9368, -8.154)","(-9.3595, 7.0024)","(3.5402, 0.6414)","(-10.2783, 8.0334)","(-16.7373, -2.3091)","(0.7771, -0.3794)","(-1.3085, -8.501)","(0.7993, 9.0066)","(-1.7243, -13.7238)","(4.6403, 10.6123)","(8.0754, -9.0968)","(-0.1514, 8.9888)","(4.4198, -15.0975)"
9.550000000000000000e+01,"(-11.8368, 4.1043)","(7.7145, -3.6472)","(12.5172, -14.6234)","(1.5001, 7.7382)","(2.7211, -13.4173)","(4.6185, -15.4523)","(-11.6093, -1.9243)","(-10.443, -17.3643)","(-18.8501, 14.2435)","(1.3353, 0.0802)","(-18.4067, 14.0954)","(-7.2743, -0.4516)","(1.9501, -0.8994)","(-1.7204, -12.4993)","(0.9874, 4.0398)","(-2.861, -20.8629)","(2.4391, 5.4143)","(21.3701, -24.325)","(-0.233, 6.7824)","(5.0758, -18.1748)"
9.560000000000000853e+01,"(-4.7935, 1.7097)","(19.6636, -9.052)","(12.0117, -14.9408)","(2.2215, 6.8735)","(0.3949, -4.9041)","(8.1221, -27.4392)","(-15.4219, -2.6883)","(-13.8724, -21.8137)","(-19.6433, 15.9586)","(2.089, -0.0195)","(-18.3731, 14.9809)","(-2.5049, -0.0897)","(5.3693, -2.4495)","(-2.4943, -17.9128)","(1.5925, 4.6923)","(-2.835, -15.2645)","(1.873, 4.8061)","(12.8807, -17.661)","(-0.4901, 7.9108)","(3.87, -15.259)"
9.570000000000000284e+01,"(-5.4315, 1.3804)","(28.8071, -14.1375)","(5.2563, -7.5992)","(4.2799, 12.4045)","(-0.1409, -2.4139)","(4.1958, -18.5815)","(-17.8321, -2.9597)","(-7.1821, -9.1235)","(-7.2742, 7.3047)","(5.0756, -0.058)","(-8.2608, 7.7271)","(-1.0874, -0.1192)","(15.1733, -6.9164)","(-2.8136, -17.3384)","(2.8089, 8.0355)","(-1.665, -6.3444)","(2.7773, 7.7894)","(4.1615, -9.4641)","(-0.8558, 11.6832)","(2.6191, -10.8233)"
9.580000000000001137e+01,"(-12.948, 2.951)","(10.3006, -7.1292)","(1.7957, -2.8654)","(7.9426, 22.6278)","(-0.4177, -3.4425)","(1.1267, -7.1816)","(-14.5726, -2.0808)","(-2.5739, -2.7608)","(-2.2702, 2.3239)","(13.7127, -0.1333)","(-5.1004, 4.3785)","(-1.5822, -0.2841)","(28.898, -13.7262)","(-2.1329, -10.7719)","(5.1592, 14.7532)","(-0.6159, -2.1196)","(5.0211, 14.3377)","(3.2741, -10.3187)","(-1.168, 16.5073)","(2.7537, -10.3153)"
9.590000000000000568e+01,"(-28.4037, 6.5746)","(3.5927, -3.3228)","(0.6672, -0.9816)","(7.8723, 19.6928)","(-0.8202, -6.5951)","(1.2991, -4.95)","(-10.427, -1.3998)","(-0.7036, -0.6452)","(-2.4464, 1.9275)","(29.8919, -0.5571)","(-9.5514, 7.2926)","(-3.2698, -0.6329)","(12.3116, -7.9558)","(-1.3302, -7.0202)","(7.4463, 20.3783)","(-0.1865, -0.8498)","(7.4865, 20.6102)","(5.0077, -16.77)","(-0.8453, 16.5641)","(4.0342, -14.0836)"
9.600000000000000000e+01,"(-20.4276, 6.2427)","(4.0241, -4.5045)","(0.7612, -0.9272)","(3.955, 7.8497)","(-1.6808, -13.6365)","(3.8054, -12.2715)","(-9.954, -1.5638)","(-0.7212, -0.5275)","(-6.8965, 5.1215)","(18.45, -1.9626)","(-20.9112, 15.7734)","(-7.3999, -1.4589)","(5.5752, -5.3051)","(-1.1786, -7.8036)","(5.6365, 13.2408)","(-0.1623, -1.1528)","(5.9269, 14.1079)","(6.2538, -22.1239)","(-0.2096, 10.9593)","(5.3687, -18.8873)"
9.610000000000000853e+01,"(-6.9257, 3.359)","(10.1185, -11.4605)","(1.4997, -1.7399)","(1.4313, 2.9938)","(-3.0284, -22.7235)","(9.5104, -30.7323)","(-13.3175, -2.3308)","(-1.8246, -1.3007)","(-20.0764, 14.8525)","(7.4182, -2.2359)","(-19.5294, 16.1517)","(-16.4372, -3.2202)","(5.6973, -6.5108)","(-1.6585, -12.3367)","(2.7375, 5.581)","(-0.2891, -2.3139)","(2.9449, 6.0572)","(3.4601, -14.9369)","(-0.1225, 6.9161)","(4.3463, -16.885)"
9.620000000000000284e+01,"(-3.1835, 2.1226)","(22.2466, -25.6443)","(3.2615, -3.7432)","(1.4297, 3.9387)","(-3.1139, -16.6783)","(4.9488, -22.2562)","(-17.9916, -3.142)","(-5.4562, -3.9087)","(-25.142, 20.1656)","(6.3345, -2.808)","(-6.4189, 6.8269)","(-24.3839, -4.314)","(8.4956, -9.9669)","(-2.5629, -18.7684)","(1.1973, 2.6729)","(-0.6168, -5.1015)","(1.3309, 2.9983)","(1.6834, -7.912)","(-0.3289, 6.5275)","(2.5151, -10.8689)"
9.630000000000001137e+01,"(-5.5621, 4.1289)","(10.3588, -14.9971)","(7.3516, -8.4172)","(3.293, 9.6887)","(-1.8258, -6.4213)","(0.2855, -8.7667)","(-17.2506, -2.6508)","(-16.7325, -11.9808)","(-7.7415, 9.4337)","(9.9625, -4.7063)","(-1.589, 1.7768)","(-12.9969, -1.1766)","(12.0653, -14.3317)","(-2.9475, -18.0698)","(1.2247, 3.317)","(-1.3903, -11.5646)","(1.4139, 3.8472)","(2.1014, -7.7302)","(-0.6532, 9.191)","(2.2816, -8.8813)"
9.640000000000000568e+01,"(-14.3885, 10.6855)","(3.1418, -6.9202)","(14.1372, -16.3957)","(8.05, 23.6624)","(-0.6665, -1.8815)","(-0.6584, -6.93)","(-11.5882, -1.4698)","(-28.6508, -19.4295)","(-4.6626, 7.7421)","(16.8082, -8.0045)","(-1.1102, 0.8882)","(-4.7421, 0.1754)","(10.9534, -13.7016)","(-2.1379, -10.2384)","(2.2558, 6.4815)","(-2.8075, -21.9891)","(2.6522, 7.6348)","(4.199, -14.0311)","(-1.0738, 14.2536)","(3.4803, -12.1319)"
9.650000000000000000e+01,"(-26.5806, 20.3793)","(2.3607, -7.2725)","(12.5407, -15.7991)","(9.6896, 24.921)","(-0.2713, -0.5679)","(-1.7987, -15.5339)","(-8.7227, -1.2249)","(-12.3592, -5.2496)","(-7.3097, 13.1943)","(18.9378, -9.5252)","(-3.7565, 2.7682)","(-2.7458, 0.4955)","(6.3225, -8.5093)","(-1.1891, -5.9311)","(4.6886, 13.6055)","(-3.3115, -19.11)","(5.4748, 15.8585)","(7.0369, -23.8567)","(-1.1735, 18.0901)","(5.4259, -18.6235)"
9.660000000000000853e+01,"(-10.57, 10.5832)","(4.9362, -15.9027)","(4.315, -6.868)","(5.033, 8.4812)","(-0.4232, -0.7199)","(-4.1679, -33.4699)","(-10.5493, -1.7985)","(-9.511, -2.3057)","(-12.1561, 22.4102)","(10.5107, -6.0375)","(-13.7371, 10.0345)","(-3.9422, 0.9193)","(4.2682, -5.5812)","(-0.9822, -6.485)","(7.9786, 22.367)","(-2.1464, -7.3091)","(8.3602, 22.9831)","(4.481, -18.546)","(-0.4724, 14.2081)","(5.2213, -19.4916)"
9.670000000000000284e+01,"(-3.7584, 5.2736)","(8.9471, -29.9933)","(1.2535, -2.7)","(3.2244, 3.9525)","(-0.9309, -1.5604)","(-4.2, -18.1588)","(-15.9586, -2.8802)","(-12.6152, -2.3677)","(-8.4704, 17.6827)","(5.0993, -3.0067)","(-34.9324, 26.2579)","(-7.1102, 1.6716)","(5.281, -6.3827)","(-1.445, -10.9806)","(6.41, 15.1381)","(-1.1901, -2.6777)","(5.6567, 12.5751)","(1.3249, -7.8502)","(-0.0512, 8.2152)","(2.6356, -11.836)"
9.680000000000001137e+01,"(-3.6534, 6.4023)","(3.311, -16.7522)","(0.8243, -2.533)","(5.2875, 5.72)","(-2.2773, -3.8367)","(-2.5991, -6.3885)","(-19.8015, -3.3539)","(-17.6425, -3.1441)","(-3.0812, 7.6861)","(4.8584, -2.4774)","(-11.9005, 13.8093)","(-13.5345, 3.1738)","(8.7759, -10.3025)","(-2.4621, -18.7245)","(2.9865, 5.5073)","(-1.4677, -2.512)","(2.4382, 4.334)","(0.9032, -3.9737)","(-0.1651, 5.7273)","(1.7527, -7.463)"
9.690000000000000568e+01,"(-7.6879, 13.7702)","(0.4124, -5.8151)","(1.2367, -4.1149)","(11.4098, 12.2794)","(-5.8392, -9.8581)","(-2.5348, -4.511)","(-14.6383, -1.953)","(-18.2766, -2.9062)","(-2.1863, 4.5387)","(8.7733, -4.1639)","(-7.7484, 12.7709)","(-20.478, 5.0355)","(13.0174, -15.4275)","(-3.1628, -20.2558)","(0.9851, 1.5409)","(-2.4385, -4.0066)","(0.7317, 1.1239)","(2.0213, -6.7884)","(-0.4317, 6.8288)","(2.5825, -9.1447)"
9.700000000000000000e+01,"(-14.0787, 25.8048)","(-0.0971, -2.0849)","(2.3191, -7.6784)","(19.4472, 20.3935)","(-12.8776, -21.4184)","(-6.3672, -10.8214)","(-8.7124, -1.0173)","(-12.6096, -1.6249)","(-4.7752, 8.683)","(17.0337, -8.0168)","(-9.7162, 17.8425)","(-15.1394, 4.4665)","(10.8939, -13.7927)","(-2.3632, -10.898)","(0.5295, 0.6359)","(-4.4694, -7.3701)","(0.4123, 0.4883)","(5.0277, -16.2359)","(-0.8232, 10.7947)","(4.7522, -15.9691)"
9.710000000000000853e+01,"(-7.2359, 16.2453)","(-0.418, -3.7813)","(4.3606, -14.4706)","(11.8345, 10.507)","(-11.8954, -17.5506)","(-16.8837, -28.4416)","(-7.8071, -1.2059)","(-8.999, -1.2222)","(-11.4031, 20.4437)","(21.2858, -10.5772)","(-9.9505, 19.3695)","(-6.4185, 2.3756)","(5.4597, -7.5859)","(-1.156, -5.0045)","(0.9602, 1.0395)","(-8.1444, -13.3886)","(0.8095, 0.878)","(8.6311, -29.1911)","(-1.2559, 16.7329)","(6.4416, -22.5476)"
9.720000000000000284e+01,"(-1.8323, 5.8984)","(-1.3038, -11.8208)","(5.7753, -20.2241)","(4.4583, 3.1965)","(-5.471, -5.795)","(-13.4993, -18.7996)","(-11.7856, -2.13)","(-10.3515, -1.74)","(-13.0838, 25.3816)","(10.5612, -6.2865)","(-6.0374, 12.8823)","(-2.3739, 0.8951)","(3.3814, -4.4867)","(-0.6955, -4.2379)","(2.1975, 2.375)","(-10.8737, -17.2278)","(1.9831, 2.1514)","(2.8896, -15.3202)","(-1.0008, 18.0962)","(3.4994, -15.203)"
9.730000000000001137e+01,"(-0.3505, 1.6174)","(-3.9989, -34.8893)","(3.1167, -13.5812)","(1.1561, 0.7156)","(-3.9275, -3.0613)","(-7.1416, -6.5837)","(-18.9798, -3.4713)","(-15.7561, -2.8484)","(-3.5864, 10.2832)","(3.8139, -2.5272)","(-4.7695, 9.7157)","(-1.6142, 0.462)","(4.461, -5.3609)","(-0.9636, -7.3607)","(5.5319, 6.0042)","(-7.4882, -10.5832)","(5.326, 5.8015)","(0.268, -5.5779)","(-0.1585, 11.4564)","(1.3709, -7.1183)"
9.740000000000000568e+01,"(-0.1812, 1.6866)","(-4.9207, -21.9999)","(0.9364, -5.738)","(0.7775, 0.3605)","(-5.4686, -3.7942)","(-7.6986, -5.6049)","(-19.9914, -3.1716)","(-20.3066, -3.4806)","(-0.7877, 3.5754)","(1.9324, -1.0781)","(-7.2931, 13.6499)","(-2.7297, 0.6581)","(8.1713, -9.5181)","(-1.8446, -14.7853)","(13.4998, 14.596)","(-3.4309, -4.3342)","(13.9086, 15.0972)","(-0.2957, -3.5018)","(-0.0056, 6.2121)","(1.3883, -5.3958)"
9.750000000000000000e+01,"(-0.4688, 4.749)","(-5.3114, -11.1075)","(0.3409, -2.075)","(1.949, 0.8504)","(-8.8915, -6.1186)","(-16.6456, -11.7469)","(-11.4383, -1.232)","(-15.3488, -2.0728)","(-0.3859, 3.6111)","(3.4782, -1.6547)","(-11.4, 21.2387)","(-5.64, 1.306)","(13.669, -16.0314)","(-3.1903, -23.5375)","(18.9494, 19.4223)","(-1.3821, -1.8135)","(20.1361, 20.666)","(-0.8176, -6.9908)","(-0.2105, 5.0472)","(2.8577, -9.5738)"
9.760000000000000853e+01,"(-1.601, 15.8919)","(-7.4552, -12.5618)","(0.3521, -1.3949)","(6.1609, 2.7043)","(-14.1327, -9.6642)","(-26.2281, -17.7431)","(-6.3053, -0.7087)","(-8.9543, -1.0246)","(-0.8835, 9.1726)","(8.2907, -3.8295)","(-8.8192, 18.0465)","(-12.2119, 2.8067)","(12.0855, -15.2047)","(-3.1018, -16.0062)","(8.7987, 6.9183)","(-1.1229, -1.7253)","(9.0889, 6.8422)","(-2.0846, -17.9333)","(-0.5112, 7.1624)","(5.9375, -19.5502)"
9.770000000000000284e+01,"(-3.4809, 39.3275)","(-11.8629, -19.2949)","(0.685, -2.3194)","(20.2301, 8.8788)","(-15.6458, -10.2367)","(-12.3541, -6.3965)","(-6.9471, -1.1617)","(-7.8277, -1.199)","(-2.4872, 25.9682)","(19.5538, -9.047)","(-4.1848, 9.499)","(-21.8631, 5.2135)","(5.2506, -7.5842)","(-1.721, -6.1618)","(4.5723, 2.518)","(-1.8473, -3.0175)","(5.6652, 2.9233)","(-4.2657, -32.1087)","(-0.9688, 12.1977)","(6.7815, -24.4922)"
9.780000000000001137e+01,"(1.4904, 17.0996)","(-11.644, -17.631)","(1.4395, -4.7242)","(33.8146, 13.6656)","(-9.9178, -5.8725)","(-3.8974, -1.6427)","(-12.4789, -2.3449)","(-11.9662, -2.1693)","(-1.5648, 30.5844)","(24.1103, -12.0674)","(-4.1238, 8.1342)","(-17.5974, 5.0888)","(2.3387, -3.3374)","(-0.5451, -1.9429)","(5.3085, 2.2897)","(-3.6455, -6.0442)","(7.1497, 3.0282)","(-3.7299, -14.0097)","(-1.3811, 18.6424)","(2.0682, -11.5348)"
9.790000000000000568e+01,"(3.296, 11.7288)","(-6.6602, -9.1399)","(3.1333, -10.2095)","(14.1613, 2.2935)","(-5.2212, -2.9905)","(-0.7414, -0.3825)","(-21.5647, -4.0011)","(-19.6165, -3.6011)","(1.8117, 11.5025)","(8.8158, -6.0275)","(-8.2174, 15.0071)","(-6.691, 2.7146)","(2.5912, -3.1649)","(-0.231, -1.4086)","(8.554, 3.5615)","(-7.3576, -12.203)","(11.157, 4.6146)","(-2.5371, -5.6262)","(-0.7772, 17.3087)","(0.487, -3.8881)"
9.800000000000000000e+01,"(5.253, 15.0866)","(-4.7433, -7.103)","(5.8938, -19.5748)","(11.916, 0.1541)","(-4.0851, -2.5902)","(-1.5961, -1.1304)","(-19.9309, -2.9566)","(-20.3728, -3.2074)","(2.5772, 8.39)","(3.3145, -3.0784)","(-13.3744, 24.833)","(-2.1199, 1.1351)","(5.1779, -6.0008)","(-0.3702, -2.9763)","(14.5275, 6.0331)","(-11.5403, -18.6146)","(16.7045, 6.8206)","(-3.386, -5.8048)","(0.0372, 9.3631)","(0.3421, -1.534)"
9.810000000000000853e+01,"(7.3166, 20.0551)","(-7.5889, -12.3895)","(5.2368, -19.8597)","(15.8967, -0.4331)","(-5.8749, -3.9871)","(-6.0071, -4.3477)","(-9.1968, -0.7007)","(-11.1922, -1.1499)","(4.8899, 14.2065)","(3.4275, -3.8692)","(-7.1381, 15.8003)","(-1.4906, 1.0623)","(11.0432, -12.7054)","(-0.8625, -7.3316)","(18.8601, 7.5183)","(-8.7024, -12.4921)","(16.8427, 6.4256)","(-7.0779, -11.8348)","(0.0178, 4.7719)","(0.933, -3.0763)"
9.820000000000000284e+01,"(6.6126, 16.5104)","(-13.5315, -22.1163)","(1.4285, -8.734)","(19.4555, -0.7895)","(-10.3046, -7.1136)","(-23.6868, -17.1541)","(-3.9708, -0.3498)","(-6.0604, -0.6771)","(8.6336, 24.3996)","(6.4554, -7.4349)","(-2.4433, 6.2729)","(-2.4702, 1.868)","(16.4316, -19.5096)","(-2.152, -18.2803)","(13.1016, 4.5537)","(-3.8643, -4.6547)","(10.3563, 3.4816)","(-13.9378, -22.9761)","(-0.2122, 4.3033)","(2.6352, -8.3847)"
9.830000000000001137e+01,"(4.3345, 10.1872)","(-11.6788, -17.1439)","(0.1828, -2.9853)","(16.1635, -1.0703)","(-16.1606, -11.018)","(-30.1887, -19.2837)","(-4.3656, -0.7401)","(-7.0463, -1.1992)","(7.5194, 18.1636)","(12.9643, -14.9707)","(-2.4115, 4.7351)","(-4.982, 3.7584)","(8.3145, -11.5809)","(-3.9487, -28.4623)","(6.4783, 2.0004)","(-1.2582, -1.342)","(6.1251, 2.077)","(-11.5985, -16.8015)","(-0.5184, 6.813)","(7.1933, -22.9369)"
9.840000000000000568e+01,"(3.7254, 9.6749)","(-5.3292, -6.7217)","(-0.1262, -1.6812)","(11.1753, -0.879)","(-14.841, -9.4277)","(-17.7313, -5.3477)","(-9.1025, -1.7605)","(-13.2546, -2.5139)","(3.5953, 7.1931)","(15.448, -18.7672)","(-6.3369, 11.3427)","(-10.5473, 7.9436)","(2.547, -4.3789)","(-3.2602, -12.3214)","(4.0883, 1.4417)","(-0.4308, -0.3741)","(6.1487, 2.3827)","(-4.9101, -5.5948)","(-1.0223, 12.4341)","(7.8449, -28.8189)"
9.850000000000000000e+01,"(5.456, 15.2419)","(-2.8233, -4.1266)","(-0.3161, -2.5565)","(10.7836, -0.5696)","(-7.7846, -4.3641)","(-19.6624, -3.9021)","(-19.9326, -3.8883)","(-23.041, -4.2737)","(1.7224, 4.14)","(6.4665, -9.4567)","(-15.1359, 27.1715)","(-17.9014, 13.7506)","(0.6012, -1.2479)","(-2.2631, -5.0429)","(5.4414, 2.1949)","(-0.5564, -0.3981)","(9.6921, 3.9873)","(-1.345, -1.3693)","(-1.4985, 19.7959)","(0.8482, -11.2017)"
9.860000000000000853e+01,"(7.9803, 21.9553)","(-5.3022, -8.7857)","(-0.6075, -4.8614)","(15.2401, -0.5169)","(-3.6978, -2.0806)","(-21.5409, -3.5713)","(-25.8019, -4.3474)","(-19.3376, -2.7127)","(2.9167, 8.3868)","(1.9732, -3.3341)","(-9.406, 20.3994)","(-13.1481, 11.1959)","(0.3104, -0.9177)","(-2.8692, -4.8985)","(9.8853, 4.1334)","(-1.111, -0.7788)","(16.076, 6.6442)","(-0.3671, -0.3126)","(-0.723, 17.5833)","(-0.5911, -7.6253)"
9.870000000000000284e+01,"(6.7047, 16.2924)","(-12.8575, -21.5735)","(-1.2367, -10.048)","(20.5395, -0.7633)","(-3.2132, -2.0766)","(-15.1198, -1.9862)","(-11.4095, -0.675)","(-8.2428, -0.5068)","(7.0732, 20.8309)","(0.5493, -0.8598)","(-2.1167, 8.0597)","(-4.7106, 4.8863)","(0.6099, -1.9569)","(-4.9373, -8.1346)","(17.4472, 7.2589)","(-2.4714, -1.7396)","(18.7186, 7.3231)","(-0.6187, -0.4471)","(0.1676, 8.5609)","(-1.412, -11.322)"
9.880000000000001137e+01,"(3.7769, 8.4445)","(-15.5475, -23.9007)","(-2.4169, -18.9778)","(17.3405, -1.1461)","(-5.275, -3.6216)","(-11.8128, -1.7113)","(-3.8117, 0.1827)","(-3.2827, -0.2729)","(10.6516, 28.7861)","(0.7168, -0.8555)","(-0.6846, 5.5228)","(-1.3433, 1.6774)","(1.5984, -5.0954)","(-8.9035, -14.6324)","(19.1248, 7.3847)","(-5.8336, -4.1199)","(11.6314, 3.9017)","(-1.9392, -1.3946)","(0.0925, 3.6984)","(-2.5266, -19.454)"
9.890000000000000568e+01,"(2.9964, 7.7718)","(-6.9869, -7.7439)","(-3.2202, -20.5459)","(10.6438, -0.9622)","(-10.1313, -7.0463)","(-16.2172, -2.8662)","(-1.9833, 0.359)","(-3.9019, -0.6791)","(5.728, 10.4905)","(1.8523, -2.1112)","(-1.1231, 11.851)","(-0.6947, 1.1498)","(4.4304, -14.077)","(-11.776, -18.6191)","(10.1566, 3.1743)","(-13.3436, -9.391)","(5.8111, 1.8264)","(-6.9245, -5.0025)","(-0.1243, 2.895)","(-3.3937, -22.1462)"
9.900000000000000000e+01,"(4.9631, 14.1089)","(-3.1153, -2.6419)","(-2.3126, -9.5563)","(9.1667, -0.5425)","(-17.1502, -11.7704)","(-23.7781, -4.2203)","(-3.6004, 0.8121)","(-8.7925, -1.7241)","(2.7226, 3.6745)","(5.2032, -5.881)","(-2.6821, 29.2902)","(-1.092, 1.97)","(8.8854, -29.4036)","(-7.7338, -10.7994)","(4.1778, 1.1739)","(-20.6462, -13.9902)","(4.5244, 1.6816)","(-23.871, -17.1679)","(-0.3678, 4.7539)","(-2.5834, -11.9689)"
9.910000000000000853e+01,"(8.5505, 24.0638)","(-4.8165, -3.4557)","(-1.0497, -3.223)","(13.5837, -0.4303)","(-15.5987, -9.8688)","(-19.2389, -2.6779)","(-8.8682, 1.9926)","(-20.6746, -4.0818)","(3.617, 3.9893)","(14.3756, -16.2832)","(-0.724, 25.1595)","(-2.2432, 4.0442)","(3.1812, -16.4581)","(-3.5326, -4.5442)","(2.4756, 0.8779)","(-11.5916, -6.4831)","(6.9748, 2.8625)","(-25.726, -16.1366)","(-0.8038, 9.4145)","(-1.2809, -5.8523)"
9.920000000000000284e+01,"(7.3754, 17.7932)","(-12.9275, -9.2208)","(-0.4005, -0.9268)","(21.1165, -0.6432)","(-7.3617, -3.9311)","(-10.8302, -1.2176)","(-21.9876, 4.9719)","(-27.3879, -4.6241)","(8.9172, 9.6979)","(19.6126, -23.6281)","(1.3972, 9.1298)","(-4.9906, 8.9608)","(0.0106, -7.6133)","(-1.9822, -2.8775)","(3.8375, 1.5763)","(-4.6275, -1.7982)","(12.9794, 5.4393)","(-14.3383, -4.4942)","(-1.5094, 18.0448)","(-0.9579, -6.4089)"
9.930000000000001137e+01,"(3.5521, 7.1579)","(-28.9867, -20.2366)","(-0.4616, -0.8008)","(19.774, -1.182)","(-2.7315, -1.3832)","(-11.0399, -1.8143)","(-26.9449, 7.0602)","(-11.2771, -0.4284)","(21.0874, 22.6924)","(5.7813, -10.2112)","(1.6304, 5.4729)","(-9.9327, 18.0248)","(-0.8348, -7.5142)","(-2.8521, -4.6185)","(7.8757, 3.3353)","(-3.289, -0.769)","(20.2358, 8.2753)","(-15.0097, -3.0115)","(-1.3198, 21.8322)","(-1.5981, -12.6975)"
9.940000000000000568e+01,"(1.7434, 4.1961)","(-15.369, -8.0534)","(-0.8859, -1.4737)","(10.7185, -1.1359)","(-1.4644, -0.8941)","(-20.1214, -3.7791)","(-9.7138, 4.2481)","(-4.3184, 0.4409)","(15.8061, 14.4955)","(2.6244, -7.153)","(3.6973, 10.9862)","(-9.8502, 19.3847)","(-1.5022, -11.5056)","(-5.7689, -9.5796)","(16.3352, 6.9164)","(-4.6933, -0.8852)","(15.8185, 5.6578)","(-17.829, -3.0763)","(0.1512, 11.3314)","(-3.0774, -24.0211)"
9.950000000000000000e+01,"(2.8819, 8.2617)","(-7.7139, -2.3801)","(-1.8977, -3.1687)","(7.0932, -0.5503)","(-2.3236, -1.5915)","(-26.7413, -4.5599)","(-4.5859, 2.9361)","(-4.3115, 0.9266)","(7.0035, 4.3983)","(2.9245, -9.6872)","(9.1284, 26.8604)","(-3.3155, 8.6198)","(-2.4151, -17.9576)","(-11.2194, -18.507)","(22.3389, 8.9315)","(-7.8778, -1.4743)","(7.1396, 2.0499)","(-16.4506, -2.5117)","(0.3295, 4.1096)","(-3.6325, -20.9027)"
9.960000000000000853e+01,"(6.8244, 20.0559)","(-9.4048, -1.9363)","(-4.3418, -7.2771)","(10.2638, -0.3314)","(-4.9019, -3.4342)","(-14.1291, -1.343)","(-5.8218, 4.3599)","(-8.6843, 1.9857)","(5.8218, 2.6697)","(4.4986, -15.2484)","(9.7722, 24.2174)","(-0.803, 3.1277)","(-2.9966, -19.1886)","(-11.9453, -18.2202)","(11.9011, 3.668)","(-13.6652, -2.5569)","(3.0617, 0.9396)","(-12.917, -1.8314)","(0.1003, 1.1478)","(-2.2483, -8.1546)"
9.970000000000000284e+01,"(10.471, 28.4592)","(-19.7445, -3.8753)","(-9.4282, -15.705)","(19.1489, -0.4348)","(-10.9777, -7.7207)","(-6.6829, -0.6758)","(-10.8703, 8.2306)","(-19.4208, 4.4469)","(11.7116, 5.0244)","(5.5165, -19.5874)","(4.9943, 8.0047)","(-0.2715, 2.2776)","(-2.3411, -11.6039)","(-5.7935, -7.2131)","(4.2836, 0.8925)","(-18.8833, -3.3111)","(3.1391, 1.2322)","(-12.2797, -1.9233)","(-0.0107, 0.5189)","(-0.7222, -2.525)"
9.980000000000001137e+01,"(5.7377, 10.8362)","(-29.0936, -5.103)","(-12.7474, -20.1217)","(24.4732, -1.0198)","(-19.9315, -13.7393)","(-9.687, -1.7631)","(-18.3998, 14.1306)","(-26.4423, 6.7184)","(25.0408, 10.6117)","(3.5053, -14.5192)","(3.21, 3.8354)","(-0.311, 3.6618)","(-1.338, -6.5452)","(-1.9893, -2.1629)","(1.3716, 0.1399)","(-14.5084, -1.9691)","(6.0364, 2.5372)","(-15.376, -2.6382)","(-0.0779, 0.9594)","(-0.3101, -1.9864)"
9.990000000000000568e+01,"(2.538, 3.5737)","(-13.5354, -0.9421)","(-6.8783, -8.8565)","(13.1062, -1.4681)","(-15.1191, -9.1848)","(-22.892, -4.5077)","(-14.5407, 12.2345)","(-11.2571, 4.2248)","(21.7469, 7.8467)","(1.7789, -8.1823)","(6.5263, 7.1128)","(-0.6022, 7.0487)","(-1.0275, -6.5987)","(-0.4967, -0.4831)","(1.4633, -0.0049)","(-7.2004, -0.6405)","(12.9704, 5.5151)","(-18.8354, -3.1886)","(-0.1987, 2.2002)","(-0.5823, -4.8719)"
1.000000000000000000e+02,"(2.7993, 3.1221)","(-4.3157, -0.0245)","(-2.9172, -2.8918)","(5.4999, -0.742)","(-6.0179, -2.7356)","(-30.0044, -5.0045)","(-5.7654, 5.6527)","(-3.6414, 1.8707)","(8.1523, 1.7525)","(1.7301, -6.6985)","(17.1218, 18.6068)","(-1.2134, 14.1361)","(-1.4474, -10.9124)","(-0.3007, -0.2285)","(2.9713, -0.0462)","(-3.6318, -0.3731)","(22.5731, 9.3425)","(-16.7443, -2.4921)","(-0.5079, 5.4589)","(-1.5506, -13.5679)"
