time,y
0.000000000000000000e+00,-3.544650066709445824e+00
2.000000000000000042e-02,-4.556167683645541366e+00
4.000000000000000083e-02,-5.572087531361023416e+00
5.999999999999999778e-02,-6.519526948820255186e+00
8.000000000000000167e-02,-7.242642525462757774e+00
1.000000000000000056e-01,-7.502202592860801822e+00
1.199999999999999956e-01,-7.034664735928446433e+00
1.400000000000000133e-01,-5.697578260618123558e+00
1.600000000000000033e-01,-3.638661330163539098e+00
1.799999999999999933e-01,-1.309346726516909198e+00
2.000000000000000111e-01,7.834100491104236674e-01
2.200000000000000011e-01,2.374111882193901568e+00
2.399999999999999911e-01,3.462901676761563685e+00
2.600000000000000089e-01,4.155607420736340707e+00
2.800000000000000266e-01,4.586883182706699813e+00
2.999999999999999889e-01,4.894498748640124575e+00
3.200000000000000067e-01,5.182689710126966887e+00
3.400000000000000244e-01,5.501973914722241510e+00
3.599999999999999867e-01,5.859288690482263640e+00
3.800000000000000044e-01,6.242866842276755257e+00
4.000000000000000222e-01,6.641401571467261178e+00
4.199999999999999845e-01,7.051006926451566237e+00
4.400000000000000022e-01,7.474413587387556568e+00
4.600000000000000200e-01,7.917741269029868079e+00
4.799999999999999822e-01,8.387476131733700768e+00
5.000000000000000000e-01,8.888312634499584419e+00
5.200000000000000178e-01,9.421743365961370742e+00
5.400000000000000355e-01,9.985122230116308728e+00
5.600000000000000533e-01,1.057099970436765624e+01
5.799999999999999600e-01,1.116666428166763225e+01
5.999999999999999778e-01,1.175396488461573519e+01
6.199999999999999956e-01,1.230960593600022435e+01
6.400000000000000133e-01,1.280617522034519951e+01
6.600000000000000311e-01,1.321413132125808865e+01
6.800000000000000488e-01,1.350481745522732879e+01
7.000000000000000666e-01,1.365425007272844482e+01
7.199999999999999734e-01,1.364704042504875225e+01
7.399999999999999911e-01,1.347949598920281744e+01
7.600000000000000089e-01,1.316094413811486064e+01
7.800000000000000266e-01,1.271274214601760377e+01
8.000000000000000444e-01,1.216517822509598012e+01
8.200000000000000622e-01,1.155318512356317662e+01
8.399999999999999689e-01,1.091208666231542068e+01
8.599999999999999867e-01,1.027435325794122889e+01
8.800000000000000044e-01,9.667748947840431484e+00
9.000000000000000222e-01,9.114689965649928283e+00
9.200000000000000400e-01,8.632359362582020523e+00
9.400000000000000577e-01,8.233148666560603957e+00
9.599999999999999645e-01,7.925185434339127255e+00
9.799999999999999822e-01,7.712885496002918728e+00
1.000000000000000000e+00,7.597560605137177348e+00
1.020000000000000018e+00,7.578101487036668082e+00
1.040000000000000036e+00,7.651690015309366544e+00
1.060000000000000053e+00,7.814433008772976308e+00
1.080000000000000071e+00,8.061795737491060265e+00
1.100000000000000089e+00,8.388746838566056852e+00
1.120000000000000107e+00,8.789581836420310879e+00
1.140000000000000124e+00,9.257441514200575483e+00
1.159999999999999920e+00,9.783577364275018340e+00
1.179999999999999938e+00,1.035644665004025633e+01
1.199999999999999956e+00,1.096075979161660285e+01
1.219999999999999973e+00,1.157666188548768815e+01
1.239999999999999991e+00,1.217930487311754995e+01
1.260000000000000009e+00,1.273913500789726072e+01
1.280000000000000027e+00,1.322322972381444650e+01
1.300000000000000044e+00,1.359791003653634789e+01
1.320000000000000062e+00,1.383256404419992691e+01
1.340000000000000080e+00,1.390416720226155967e+01
1.360000000000000098e+00,1.380150200725766219e+01
1.380000000000000115e+00,1.352783458154870644e+01
1.400000000000000133e+00,1.310104831996907926e+01
1.419999999999999929e+00,1.255100894708169612e+01
1.439999999999999947e+00,1.191492692688117394e+01
1.459999999999999964e+00,1.123215409984628188e+01
1.479999999999999982e+00,1.053983471739178590e+01
1.500000000000000000e+00,9.870197034645318723e+00
1.520000000000000018e+00,9.249475694286008576e+00
1.540000000000000036e+00,8.697942060909285900e+00
1.560000000000000053e+00,8.230436749413565067e+00
1.580000000000000071e+00,7.857007007546876309e+00
1.600000000000000089e+00,7.583515700436130658e+00
1.620000000000000107e+00,7.412263050460754066e+00
1.640000000000000124e+00,7.342692794264500833e+00
1.660000000000000142e+00,7.372186349000184435e+00
1.679999999999999938e+00,7.496849482841017931e+00
1.699999999999999956e+00,7.712143542052766421e+00
1.719999999999999973e+00,8.013229736537844872e+00
1.739999999999999991e+00,8.394956834684450087e+00
1.760000000000000009e+00,8.851487372590352010e+00
1.780000000000000027e+00,9.375601673608160880e+00
1.800000000000000044e+00,9.957747133130226302e+00
1.820000000000000062e+00,1.058493041110767763e+01
1.840000000000000080e+00,1.123960187704873626e+01
1.860000000000000098e+00,1.189876104775836829e+01
1.880000000000000115e+00,1.253361176998442517e+01
1.900000000000000133e+00,1.311017386943033181e+01
1.919999999999999929e+00,1.359124718986151947e+01
1.939999999999999947e+00,1.393993450990266503e+01
1.959999999999999964e+00,1.412449906532890154e+01
1.979999999999999982e+00,1.412372359511115860e+01
2.000000000000000000e+00,1.393138038054046035e+01
2.020000000000000018e+00,1.355829649453615637e+01
2.040000000000000036e+00,1.303107847038561040e+01
2.060000000000000053e+00,1.238773048615426298e+01
2.080000000000000071e+00,1.167158604427422475e+01
2.100000000000000089e+00,1.092546914763224741e+01
2.120000000000000107e+00,1.018755487774271629e+01
2.140000000000000124e+00,9.489381884298879299e+00
2.160000000000000142e+00,8.855565518095707134e+00
2.180000000000000160e+00,8.304398585873800087e+00
2.200000000000000178e+00,7.848672962027259281e+00
2.220000000000000195e+00,7.496415854318090766e+00
2.240000000000000213e+00,7.251536851867371070e+00
2.260000000000000231e+00,7.114515214660196207e+00
2.280000000000000249e+00,7.083218488541080937e+00
2.300000000000000266e+00,7.153817650234738146e+00
2.319999999999999840e+00,7.321645870982844251e+00
2.339999999999999858e+00,7.581816806667334596e+00
2.359999999999999876e+00,7.929472735136657846e+00
2.379999999999999893e+00,8.359616642854838631e+00
2.399999999999999911e+00,8.866549823387041229e+00
2.419999999999999929e+00,9.442969677791403171e+00
2.439999999999999947e+00,1.007880196698278041e+01
2.459999999999999964e+00,1.075987391159379847e+01
2.479999999999999982e+00,1.146660070005490795e+01
2.500000000000000000e+00,1.217296504601472584e+01
2.520000000000000018e+00,1.284619970912530107e+01
2.540000000000000036e+00,1.344768279327664828e+01
2.560000000000000053e+00,1.393552602319995337e+01
2.580000000000000071e+00,1.426905898882996304e+01
2.600000000000000089e+00,1.441481748494327242e+01
2.620000000000000107e+00,1.435284260224299402e+01
2.640000000000000124e+00,1.408145040493584688e+01
2.660000000000000142e+00,1.361865301330444389e+01
2.680000000000000160e+00,1.299939060243104016e+01
2.700000000000000178e+00,1.226935226371239551e+01
2.720000000000000195e+00,1.147751925442426035e+01
2.740000000000000213e+00,1.066981260439446544e+01
2.760000000000000231e+00,9.885280955223954891e+00
2.780000000000000249e+00,9.154874078468830945e+00
2.800000000000000266e+00,8.501898855202259853e+00
2.819999999999999840e+00,7.943097033332264800e+00
2.839999999999999858e+00,7.489667340828717990e+00
2.859999999999999876e+00,7.148041009389330291e+00
2.879999999999999893e+00,6.920539655061036299e+00
2.899999999999999911e+00,6.806124307352605207e+00
2.919999999999999929e+00,6.801338418752129300e+00
2.939999999999999947e+00,6.901360677279017253e+00
2.959999999999999964e+00,7.100953418598463962e+00
2.979999999999999982e+00,7.395087770217732448e+00
3.000000000000000000e+00,7.779119033838028940e+00
3.020000000000000018e+00,8.248492159689089220e+00
3.040000000000000036e+00,8.798019967569128852e+00
3.060000000000000053e+00,9.420796784217664310e+00
3.080000000000000071e+00,1.010681867920104970e+01
3.100000000000000089e+00,1.084141349083656003e+01
3.120000000000000107e+00,1.160366488254715911e+01
3.140000000000000124e+00,1.236515106835633837e+01
3.160000000000000142e+00,1.308949314469626124e+01
3.180000000000000160e+00,1.373334878917080992e+01
3.200000000000000178e+00,1.424946867332981526e+01
3.220000000000000195e+00,1.459209006861483537e+01
3.240000000000000213e+00,1.472417195408523227e+01
3.260000000000000231e+00,1.462492944955944374e+01
3.280000000000000249e+00,1.429529603950407335e+01
3.300000000000000266e+00,1.375904485268879007e+01
3.320000000000000284e+00,1.305869340351326535e+01
3.339999999999999858e+00,1.224747967155185968e+01
3.359999999999999876e+00,1.138033965038104434e+01
3.379999999999999893e+00,1.050684734408279652e+01
3.399999999999999911e+00,9.667592280818688266e+00
3.419999999999999929e+00,8.893638789726576732e+00
3.439999999999999947e+00,8.207687855674794974e+00
3.459999999999999964e+00,7.625610736765558784e+00
3.479999999999999982e+00,7.157651235919090915e+00
3.500000000000000000e+00,6.809213181079069699e+00
3.520000000000000018e+00,6.581494546636794674e+00
3.540000000000000036e+00,6.472271433720311329e+00
3.560000000000000053e+00,6.476962247027131525e+00
3.580000000000000071e+00,6.589847520947140325e+00
3.600000000000000089e+00,6.805161451730908695e+00
3.620000000000000107e+00,7.117788165203962514e+00
3.640000000000000124e+00,7.523430490068355070e+00
3.660000000000000142e+00,8.018251789002420082e+00
3.680000000000000160e+00,8.598052953799696141e+00
3.700000000000000178e+00,9.257050688597617594e+00
3.720000000000000195e+00,9.986314707679532887e+00
3.740000000000000213e+00,1.077194476099321463e+01
3.760000000000000231e+00,1.159315439308434925e+01
3.780000000000000249e+00,1.242059057320427584e+01
3.800000000000000266e+00,1.321544424140636487e+01
3.820000000000000284e+00,1.393012644986230342e+01
3.839999999999999858e+00,1.451134544064903231e+01
3.859999999999999876e+00,1.490609507981961457e+01
3.879999999999999893e+00,1.507017148353089731e+01
3.899999999999999911e+00,1.497747337742071494e+01
3.919999999999999929e+00,1.462712006104016105e+01
3.939999999999999947e+00,1.404532793656061962e+01
3.959999999999999964e+00,1.328066638625094953e+01
3.979999999999999982e+00,1.239419610556478268e+01
4.000000000000000000e+00,1.144830543363573305e+01
4.020000000000000462e+00,1.049817556337825586e+01
4.040000000000000036e+00,9.587774482083689875e+00
4.060000000000000497e+00,8.749770654592810004e+00
4.080000000000000071e+00,8.007428165931566255e+00
4.099999999999999645e+00,7.376721091721392121e+00
4.120000000000000107e+00,6.867815634926464519e+00
4.139999999999999680e+00,6.485890635540537907e+00
4.160000000000000142e+00,6.231690745879589599e+00
4.179999999999999716e+00,6.102256903738080496e+00
4.200000000000000178e+00,6.092059345005060855e+00
4.219999999999999751e+00,6.194412410318872020e+00
4.240000000000000213e+00,6.402809868352206557e+00
4.259999999999999787e+00,6.711824207979301349e+00
4.280000000000000249e+00,7.117396707082392027e+00
4.299999999999999822e+00,7.616527279807169037e+00
4.320000000000000284e+00,8.206450808195594249e+00
4.339999999999999858e+00,8.883375940744024035e+00
4.360000000000000320e+00,9.640826764437862906e+00
4.379999999999999893e+00,1.046762374066766199e+01
4.400000000000000355e+00,1.134560738012041980e+01
4.419999999999999929e+00,1.224736942076962620e+01
4.440000000000000391e+00,1.313452449439555281e+01
4.459999999999999964e+00,1.395737859739029041e+01
4.480000000000000426e+00,1.465709344660929681e+01
4.500000000000000000e+00,1.517132876127310048e+01
4.520000000000000462e+00,1.544353529631129263e+01
4.540000000000000036e+00,1.543446206705029056e+01
4.560000000000000497e+00,1.513253409031336005e+01
4.580000000000000071e+00,1.455882405364653742e+01
4.600000000000000533e+00,1.376369322428809561e+01
4.620000000000000107e+00,1.281578261963673704e+01
4.639999999999999680e+00,1.178779907290793005e+01
4.660000000000000142e+00,1.074472228558528819e+01
4.679999999999999716e+00,9.737839464108393628e+00
4.700000000000000178e+00,8.804374158987878118e+00
4.719999999999999751e+00,7.970144525674459857e+00
4.740000000000000213e+00,7.252638349388591976e+00
4.759999999999999787e+00,6.663141799854177982e+00
4.780000000000000249e+00,6.207775874535504279e+00
4.799999999999999822e+00,5.887934185933474396e+00
4.820000000000000284e+00,5.700769674177100121e+00
4.839999999999999858e+00,5.640192323602448710e+00
4.860000000000000320e+00,5.698413586497994565e+00
4.879999999999999893e+00,5.867644156465175342e+00
4.900000000000000355e+00,6.141425201491628627e+00
4.919999999999999929e+00,6.515276308094285262e+00
4.940000000000000391e+00,6.986627856675545090e+00
4.959999999999999964e+00,7.554157222944205330e+00
4.980000000000000426e+00,8.216645934234282578e+00
5.000000000000000000e+00,8.971404675422308017e+00
5.020000000000000462e+00,9.812256821656449191e+00
5.040000000000000036e+00,1.072707870161940846e+01
5.060000000000000497e+00,1.169500259500545880e+01
5.080000000000000071e+00,1.268362557209288077e+01
5.100000000000000533e+00,1.364695170598778518e+01
5.120000000000000107e+00,1.452525452557420316e+01
5.139999999999999680e+00,1.524836542613743973e+01
5.160000000000000142e+00,1.574364342014350981e+01
5.179999999999999716e+00,1.594857054694383258e+01
5.200000000000000178e+00,1.582548455053993486e+01
5.219999999999999751e+00,1.537338259791208372e+01
5.240000000000000213e+00,1.463107811480775311e+01
5.259999999999999787e+00,1.366895055475640497e+01
5.280000000000000249e+00,1.257217684945601732e+01
5.299999999999999822e+00,1.142282167730426679e+01
5.320000000000000284e+00,1.028789720496268245e+01
5.339999999999999858e+00,9.215906643632923334e+00
5.360000000000000320e+00,8.239507371698591598e+00
5.379999999999999893e+00,7.380166348065276161e+00
5.400000000000000355e+00,6.651916813835846654e+00
5.419999999999999929e+00,6.063351333193349291e+00
5.440000000000000391e+00,5.618251484338208535e+00
5.459999999999999964e+00,5.315680055208708232e+00
5.480000000000000426e+00,5.150362464937821905e+00
5.500000000000000000e+00,5.113881373048891454e+00
5.520000000000000462e+00,5.196602342607257619e+00
5.540000000000000036e+00,5.389701048865063626e+00
5.560000000000000497e+00,5.686611047793221907e+00
5.580000000000000071e+00,6.083594160349165669e+00
5.600000000000000533e+00,6.579516299561656290e+00
5.620000000000000107e+00,7.175039434868185850e+00
5.639999999999999680e+00,7.871371068609206212e+00
5.660000000000000142e+00,8.668587961232695704e+00
5.679999999999999716e+00,9.563461714438499683e+00
5.700000000000000178e+00,1.054670157954453558e+01
5.719999999999999751e+00,1.159962725192770527e+01
5.740000000000000213e+00,1.269054318470285736e+01
5.759999999999999787e+00,1.377154830539634922e+01
5.780000000000000249e+00,1.477716521453521104e+01
5.799999999999999822e+00,1.562679042356599268e+01
5.820000000000000284e+00,1.623301335956063340e+01
5.839999999999999858e+00,1.651653670470101787e+01
5.860000000000000320e+00,1.642529043600937655e+01
5.879999999999999893e+00,1.595133281075187881e+01
5.900000000000000355e+00,1.513719208338798339e+01
5.919999999999999929e+00,1.406657563125799371e+01
5.940000000000000391e+00,1.284244834088525700e+01
5.959999999999999964e+00,1.156280280886698719e+01
5.980000000000000426e+00,1.030476983549122139e+01
6.000000000000000000e+00,9.120930013094316280e+00
6.020000000000000462e+00,8.044135293033802370e+00
6.040000000000000036e+00,7.094573653086320597e+00
6.060000000000000497e+00,6.285014466342712325e+00
6.080000000000000071e+00,5.623340274175152587e+00
6.100000000000000533e+00,5.113128850869603781e+00
6.120000000000000107e+00,4.753348916179895411e+00
6.140000000000000568e+00,4.538178898992826227e+00
6.160000000000000142e+00,4.457811172782675690e+00
6.179999999999999716e+00,4.500487577657702687e+00
6.200000000000000178e+00,4.655086061341869197e+00
6.219999999999999751e+00,4.913203583296507304e+00
6.240000000000000213e+00,5.270152569113473184e+00
6.259999999999999787e+00,5.724944288594592479e+00
6.280000000000000249e+00,6.279605483682209055e+00
6.299999999999999822e+00,6.938090229918561391e+00
6.320000000000000284e+00,7.704852721697544204e+00
6.339999999999999858e+00,8.582984846027626347e+00
6.360000000000000320e+00,9.571733103461248504e+00
6.379999999999999893e+00,1.066320537995887818e+01
6.400000000000000355e+00,1.183820186444246403e+01
6.419999999999999929e+00,1.306143551781818068e+01
6.440000000000000391e+00,1.427705266891375935e+01
6.459999999999999964e+00,1.540633021730978847e+01
6.480000000000000426e+00,1.635044479556992414e+01
6.500000000000000000e+00,1.700144955594903351e+01
6.520000000000000462e+00,1.726272149491467189e+01
6.540000000000000036e+00,1.707528171212302226e+01
6.560000000000000497e+00,1.644010111723325096e+01
6.580000000000000071e+00,1.542382071407796751e+01
6.600000000000000533e+00,1.414145994330876910e+01
6.620000000000000107e+00,1.272307251630736147e+01
6.640000000000000568e+00,1.128155085765387788e+01
6.660000000000000142e+00,9.896231096369351832e+00
6.679999999999999716e+00,8.614251702355595341e+00
6.700000000000000178e+00,7.461055907963328515e+00
6.719999999999999751e+00,6.450618008781423995e+00
6.740000000000000213e+00,5.591369945748675185e+00
6.759999999999999787e+00,4.888357926369608641e+00
6.780000000000000249e+00,4.343346637459596593e+00
6.799999999999999822e+00,3.954029093485371238e+00
6.820000000000000284e+00,3.713185784025151648e+00
6.839999999999999858e+00,3.608900778600027781e+00
6.860000000000000320e+00,3.626623487947266522e+00
6.879999999999999893e+00,3.752426495975703880e+00
6.900000000000000355e+00,3.975824605744191498e+00
6.919999999999999929e+00,4.291131690107031105e+00
6.940000000000000391e+00,4.697484571706647571e+00
6.959999999999999964e+00,5.198144104093690210e+00
6.980000000000000426e+00,5.799519348792821383e+00
7.000000000000000000e+00,6.510047493447123301e+00
7.020000000000000462e+00,7.338829752680383400e+00
7.040000000000000036e+00,8.293784072376727323e+00
7.060000000000000497e+00,9.378993560562609133e+00
7.080000000000000071e+00,1.059090373667455154e+01
7.100000000000000533e+00,1.191311765619671448e+01
7.120000000000000107e+00,1.330989300435787470e+01
7.140000000000000568e+00,1.471926545598125635e+01
7.160000000000000142e+00,1.604816383319148443e+01
7.179999999999999716e+00,1.717372618932504125e+01
7.200000000000000178e+00,1.795612960857308238e+01
7.219999999999999751e+00,1.826625239269142398e+01
7.240000000000000213e+00,1.802414149086574469e+01
7.259999999999999787e+00,1.723319649320139746e+01
7.280000000000000249e+00,1.598896772685777279e+01
7.299999999999999822e+00,1.445118556115811259e+01
7.320000000000000284e+00,1.279129126880932255e+01
7.339999999999999858e+00,1.114547152157869903e+01
7.360000000000000320e+00,9.596491026425383097e+00
7.379999999999999893e+00,8.183340824400238134e+00
7.400000000000000355e+00,6.920903320380193513e+00
7.419999999999999929e+00,5.814623714576623748e+00
7.440000000000000391e+00,4.866789687902303818e+00
7.459999999999999964e+00,4.077876562932952531e+00
7.480000000000000426e+00,3.446496614057354524e+00
7.500000000000000000e+00,2.969143264706725738e+00
7.520000000000000462e+00,2.639363394558193132e+00
7.540000000000000036e+00,2.446319984420305627e+00
7.560000000000000497e+00,2.374394364916890598e+00
7.580000000000000071e+00,2.405659303466009646e+00
7.600000000000000533e+00,2.524170943280068080e+00
7.620000000000000107e+00,2.719157367592830887e+00
7.640000000000000568e+00,2.985893649089869761e+00
7.660000000000000142e+00,3.325097476668777752e+00
7.679999999999999716e+00,3.741939873147440476e+00
7.700000000000000178e+00,4.245190582355609088e+00
7.719999999999999751e+00,4.846561498760149966e+00
7.740000000000000213e+00,5.560105917051276769e+00
7.759999999999999787e+00,6.401440998797681914e+00
7.780000000000000249e+00,7.386483947308824405e+00
7.799999999999999822e+00,8.529287655114565325e+00
7.820000000000000284e+00,9.838434609903366379e+00
7.839999999999999858e+00,1.131135569289668297e+01
7.860000000000000320e+00,1.292604377400253668e+01
7.879999999999999893e+00,1.463025481538853789e+01
7.900000000000000355e+00,1.632993581167522024e+01
7.919999999999999929e+00,1.788171560204383326e+01
7.940000000000000391e+00,1.909828771448565021e+01
7.959999999999999964e+00,1.977727285967632298e+01
7.980000000000000426e+00,1.975743393481399224e+01
8.000000000000000000e+00,1.898659029279605548e+01
8.019999999999999574e+00,1.756263959892869764e+01
8.040000000000000924e+00,1.570953428466657620e+01
8.060000000000000497e+00,1.369087823302164963e+01
8.080000000000000071e+00,1.171539528144355202e+01
8.099999999999999645e+00,9.894374286090290127e+00
8.120000000000000995e+00,8.261109986755300838e+00
8.140000000000000568e+00,6.813767283480506975e+00
8.160000000000000142e+00,5.544357876250968431e+00
8.179999999999999716e+00,4.446826454732780931e+00
8.199999999999999289e+00,3.514925840452912897e+00
8.220000000000000639e+00,2.739230009873411031e+00
8.240000000000000213e+00,2.106332570055625908e+00
8.259999999999999787e+00,1.599817113237276045e+00
8.279999999999999361e+00,1.201903996466354485e+00
8.300000000000000711e+00,8.950333100523001351e-01
8.320000000000000284e+00,6.630808075564830206e-01
8.339999999999999858e+00,4.921613513033310516e-01
8.359999999999999432e+00,3.710282858247451188e-01
8.380000000000000782e+00,2.909201360681949455e-01
8.400000000000000355e+00,2.445566277510147490e-01
8.419999999999999929e+00,2.247719935832819538e-01
8.439999999999999503e+00,2.245649924361936001e-01
8.460000000000000853e+00,2.385881221783738848e-01
8.480000000000000426e+00,2.638891054449579165e-01
8.500000000000000000e+00,2.994784497801597500e-01
8.519999999999999574e+00,3.456731441540999428e-01
8.540000000000000924e+00,4.036830692705596912e-01
8.560000000000000497e+00,4.754386643113538424e-01
8.580000000000000071e+00,5.635694245696201143e-01
8.599999999999999645e+00,6.714722277826863372e-01
8.620000000000000995e+00,8.034410103271809600e-01
8.640000000000000568e+00,9.648487132156797763e-01
8.660000000000000142e+00,1.162381720637011950e+00
8.679999999999999716e+00,1.404331807690546441e+00
8.700000000000001066e+00,1.700950883647867506e+00
8.720000000000000639e+00,2.064871478049296272e+00
8.740000000000000213e+00,2.511586650130422260e+00
8.759999999999999787e+00,3.059963606806399117e+00
8.779999999999999361e+00,3.732724970819071508e+00
8.800000000000000711e+00,4.556754204641472406e+00
8.820000000000000284e+00,5.562936758939112991e+00
8.839999999999999858e+00,6.784991135160137965e+00
8.859999999999999432e+00,8.256305836367072715e+00
8.880000000000000782e+00,1.000312781445611066e+01
8.900000000000000355e+00,1.203157919941545018e+01
8.919999999999999929e+00,1.430536489403992917e+01
8.939999999999999503e+00,1.671211268259959581e+01
8.960000000000000853e+00,1.902241375298412862e+01
8.980000000000000426e+00,2.086160591246305529e+01
9.000000000000000000e+00,2.173984961817374639e+01
9.019999999999999574e+00,2.119774451159737794e+01
9.040000000000000924e+00,1.906590768121013824e+01
9.060000000000000497e+00,1.568391966909888602e+01
9.080000000000000071e+00,1.182847969089471540e+01
9.099999999999999645e+00,8.304698856439106436e+00
9.120000000000000995e+00,5.535952303258501850e+00
9.140000000000000568e+00,3.519958319938514713e+00
9.160000000000000142e+00,2.071981279927703312e+00
9.179999999999999716e+00,1.016453366094845823e+00
9.200000000000001066e+00,2.287609339177145151e-01
9.220000000000000639e+00,-3.794023523330410375e-01
9.240000000000000213e+00,-8.710909581382138001e-01
9.259999999999999787e+00,-1.286926039602978911e+00
9.279999999999999361e+00,-1.649737039744728628e+00
9.300000000000000711e+00,-1.972839968519959797e+00
9.320000000000000284e+00,-2.266801867787365143e+00
9.339999999999999858e+00,-2.542275678715890663e+00
9.359999999999999432e+00,-2.810192798007379089e+00
9.380000000000000782e+00,-3.081059028266174060e+00
9.400000000000000355e+00,-3.364240312110057474e+00
9.419999999999999929e+00,-3.667458509331391614e+00
9.439999999999999503e+00,-3.996430091499731940e+00
9.460000000000000853e+00,-4.354512489764257310e+00
9.480000000000000426e+00,-4.742248675600960084e+00
9.500000000000000000e+00,-5.156758102538395505e+00
9.519999999999999574e+00,-5.591009807902943329e+00
9.540000000000000924e+00,-6.033122606163431989e+00
9.560000000000000497e+00,-6.465968609412766632e+00
9.580000000000000071e+00,-6.867478413383039104e+00
9.599999999999999645e+00,-7.212074444753587166e+00
9.620000000000000995e+00,-7.473483423316249485e+00
9.640000000000000568e+00,-7.628714095861139022e+00
9.660000000000000142e+00,-7.662326617160549524e+00
9.679999999999999716e+00,-7.569611516615064595e+00
9.700000000000001066e+00,-7.357416720102761154e+00
9.720000000000000639e+00,-7.042291861374241790e+00
9.740000000000000213e+00,-6.646886547391929412e+00
9.759999999999999787e+00,-6.196240264606566406e+00
9.779999999999999361e+00,-5.715209495237496995e+00
9.800000000000000711e+00,-5.227214343063084634e+00
9.820000000000000284e+00,-4.753684142680057789e+00
9.839999999999999858e+00,-4.313532485290582308e+00
9.859999999999999432e+00,-3.922420640511532497e+00
9.880000000000000782e+00,-3.591972135438456615e+00
9.900000000000000355e+00,-3.329269726696689080e+00
9.919999999999999929e+00,-3.136935298221614765e+00
9.939999999999999503e+00,-3.013908533383161004e+00
9.960000000000000853e+00,-2.956747274083404875e+00
9.980000000000000426e+00,-2.961043781403420283e+00
1.000000000000000000e+01,-3.022558972383007081e+00
1.001999999999999957e+01,-3.137883377466097024e+00
1.004000000000000092e+01,-3.304644310183232125e+00
1.006000000000000050e+01,-3.521371016645025165e+00
1.008000000000000007e+01,-3.787117978564645160e+00
1.009999999999999964e+01,-4.100896382224729741e+00
1.012000000000000099e+01,-4.460920785199913752e+00
1.014000000000000057e+01,-4.863662535304827728e+00
1.016000000000000014e+01,-5.302722015730434890e+00
1.017999999999999972e+01,-5.767600760747147781e+00
1.020000000000000107e+01,-6.242576786811345535e+00
1.022000000000000064e+01,-6.706056948518101635e+00
1.024000000000000021e+01,-7.130939251759910391e+00
1.025999999999999979e+01,-7.486541556861211255e+00
1.027999999999999936e+01,-7.742362909847150476e+00
1.030000000000000071e+01,-7.873235455009889527e+00
1.032000000000000028e+01,-7.864487826019662009e+00
1.033999999999999986e+01,-7.715165646509287711e+00
1.035999999999999943e+01,-7.437825388642444580e+00
1.038000000000000078e+01,-7.055001967711189259e+00
1.040000000000000036e+01,-6.594168329569148668e+00
1.041999999999999993e+01,-6.083498246735417503e+00
1.043999999999999950e+01,-5.549636174829707613e+00
1.046000000000000085e+01,-5.017067148714891012e+00
1.048000000000000043e+01,-4.507938198833159049e+00
1.050000000000000000e+01,-4.041555831943609789e+00
1.051999999999999957e+01,-3.633499322617395055e+00
1.054000000000000092e+01,-3.294702696816087961e+00
1.056000000000000050e+01,-3.030934676085317747e+00
1.058000000000000007e+01,-2.843027698989650798e+00
1.059999999999999964e+01,-2.727970747991077971e+00
1.062000000000000099e+01,-2.680586708264857343e+00
1.064000000000000057e+01,-2.695226745401513302e+00
1.066000000000000014e+01,-2.766998912478089157e+00
1.067999999999999972e+01,-2.892377852246740488e+00
1.070000000000000107e+01,-3.069305510431736383e+00
1.072000000000000064e+01,-3.296960367348197973e+00
1.074000000000000021e+01,-3.575316372569843359e+00
1.075999999999999979e+01,-3.904532247679175061e+00
1.077999999999999936e+01,-4.284153867780426950e+00
1.080000000000000071e+01,-4.712088016125751899e+00
1.082000000000000028e+01,-5.183321929046999621e+00
1.083999999999999986e+01,-5.688427786478789550e+00
1.085999999999999943e+01,-6.212034844313305548e+00
1.088000000000000078e+01,-6.731666615622713401e+00
1.090000000000000036e+01,-7.217600530944934256e+00
1.091999999999999993e+01,-7.634556613959115445e+00
1.093999999999999950e+01,-7.945808306607129445e+00
1.096000000000000085e+01,-8.119485607200909172e+00
1.098000000000000043e+01,-8.135502004351513605e+00
1.100000000000000000e+01,-7.990422921226213226e+00
1.101999999999999957e+01,-7.697853045700536079e+00
1.104000000000000092e+01,-7.284013146252765303e+00
1.106000000000000050e+01,-6.780898953125368500e+00
1.108000000000000007e+01,-6.220521822156793945e+00
1.109999999999999964e+01,-5.632221362273712728e+00
1.112000000000000099e+01,-5.042453392558507552e+00
1.114000000000000057e+01,-4.475186224301051396e+00
1.116000000000000014e+01,-3.951659597755881936e+00
1.117999999999999972e+01,-3.489438380494159997e+00
1.120000000000000107e+01,-3.101264867880310305e+00
1.122000000000000064e+01,-2.794210354125947759e+00
1.124000000000000021e+01,-2.569549108603969678e+00
1.125999999999999979e+01,-2.423680381776802673e+00
1.127999999999999936e+01,-2.350013807463004589e+00
1.130000000000000071e+01,-2.341161692814563988e+00
1.132000000000000028e+01,-2.390658703925901296e+00
1.133999999999999986e+01,-2.493861195639172745e+00
1.135999999999999943e+01,-2.648151216000016905e+00
1.138000000000000078e+01,-2.852729946206966627e+00
1.140000000000000036e+01,-3.108208330287395516e+00
1.141999999999999993e+01,-3.416074587244642746e+00
1.143999999999999950e+01,-3.778023550137734166e+00
1.146000000000000085e+01,-4.195079708405642371e+00
1.148000000000000043e+01,-4.666427659678586970e+00
1.150000000000000000e+01,-5.187880104454182018e+00
1.151999999999999957e+01,-5.749996881376388203e+00
1.154000000000000092e+01,-6.336044232978740531e+00
1.156000000000000050e+01,-6.920294530044792225e+00
1.158000000000000007e+01,-7.467563777537558067e+00
1.159999999999999964e+01,-7.935177050758039030e+00
1.162000000000000099e+01,-8.278328628369257203e+00
1.164000000000000057e+01,-8.458615990896449333e+00
1.166000000000000014e+01,-8.453445758842178748e+00
1.167999999999999972e+01,-8.262240351117958070e+00
1.170000000000000107e+01,-7.905867402480564188e+00
1.172000000000000064e+01,-7.419237169585002789e+00
1.174000000000000021e+01,-6.841321019571388717e+00
1.175999999999999979e+01,-6.208053839059474832e+00
1.177999999999999936e+01,-5.550405969352678603e+00
1.180000000000000071e+01,-4.895655056343892753e+00
1.182000000000000028e+01,-4.268631946315160519e+00
1.183999999999999986e+01,-3.691504403764115594e+00
1.185999999999999943e+01,-3.182587670106721056e+00
1.188000000000000078e+01,-2.755071691827953195e+00
1.190000000000000036e+01,-2.416084436062027940e+00
1.191999999999999993e+01,-2.166313619435786819e+00
1.193999999999999950e+01,-2.000662260330886788e+00
1.196000000000000085e+01,-1.910269167056573680e+00
1.198000000000000043e+01,-1.885289484522346459e+00
1.200000000000000000e+01,-1.917215859728698124e+00
1.201999999999999957e+01,-2.000051523365760975e+00
1.204000000000000092e+01,-2.130507006733545872e+00
1.206000000000000050e+01,-2.307704476656829762e+00
1.208000000000000007e+01,-2.532732323425421761e+00
1.209999999999999964e+01,-2.808176507940909339e+00
1.212000000000000099e+01,-3.137617260918564188e+00
1.214000000000000057e+01,-3.525011256702112128e+00
1.216000000000000014e+01,-3.973838886284284833e+00
1.217999999999999972e+01,-4.485877013225738175e+00
1.220000000000000107e+01,-5.059453753522194397e+00
1.222000000000000064e+01,-5.687110697515639579e+00
1.224000000000000021e+01,-6.352782789588284018e+00
1.225999999999999979e+01,-7.029008178154272812e+00
1.228000000000000114e+01,-7.675305368524537819e+00
1.230000000000000071e+01,-8.239516226863065285e+00
1.232000000000000028e+01,-8.664000095362299092e+00
1.233999999999999986e+01,-8.897154628868308990e+00
1.235999999999999943e+01,-8.907448238322224654e+00
1.238000000000000078e+01,-8.693586977892600487e+00
1.240000000000000036e+01,-8.284265426931359144e+00
1.241999999999999993e+01,-7.726536981527339698e+00
1.243999999999999950e+01,-7.069857257495489655e+00
1.246000000000000085e+01,-6.355648949081542654e+00
1.248000000000000043e+01,-5.616317974715259176e+00
1.250000000000000000e+01,-4.879357895428298342e+00
1.251999999999999957e+01,-4.170257061512636199e+00
1.254000000000000092e+01,-3.512176626661806189e+00
1.256000000000000050e+01,-2.924159643438848821e+00
1.258000000000000007e+01,-2.419874149108995898e+00
1.259999999999999964e+01,-2.007348989725008082e+00
1.262000000000000099e+01,-1.689011627810838245e+00
1.264000000000000057e+01,-1.461464750709938754e+00
1.266000000000000014e+01,-1.315705059804348043e+00
1.267999999999999972e+01,-1.239141742386300482e+00
1.270000000000000107e+01,-1.219052874651281204e+00
1.272000000000000064e+01,-1.245361796664888887e+00
1.274000000000000021e+01,-1.311599644728122627e+00
1.275999999999999979e+01,-1.414621730122102461e+00
1.278000000000000114e+01,-1.553966708789545681e+00
1.280000000000000071e+01,-1.731299965479567549e+00
1.282000000000000028e+01,-1.950026470186720706e+00
1.283999999999999986e+01,-2.215022033557922487e+00
1.285999999999999943e+01,-2.532394882378968592e+00
1.288000000000000078e+01,-2.909177979573158268e+00
1.290000000000000036e+01,-3.352819567460563643e+00
1.291999999999999993e+01,-3.870306710324737498e+00
1.293999999999999950e+01,-4.466690303866531764e+00
1.296000000000000085e+01,-5.142748753525599348e+00
1.298000000000000043e+01,-5.891565394006018863e+00
1.300000000000000000e+01,-6.694055549622151879e+00
1.301999999999999957e+01,-7.514153762266986725e+00
1.304000000000000092e+01,-8.295607744311217502e+00
1.306000000000000050e+01,-8.963827168977070770e+00
1.308000000000000007e+01,-9.436685731429518498e+00
1.309999999999999964e+01,-9.645255767910544620e+00
1.312000000000000099e+01,-9.558084999718218455e+00
1.314000000000000057e+01,-9.195073085800023804e+00
1.316000000000000014e+01,-8.618677910855272017e+00
1.317999999999999972e+01,-7.905354184600652978e+00
1.320000000000000107e+01,-7.117235751771233687e+00
1.322000000000000064e+01,-6.293562669522057895e+00
1.324000000000000021e+01,-5.460851548228736085e+00
1.325999999999999979e+01,-4.644700757500652699e+00
1.328000000000000114e+01,-3.872167987741613526e+00
1.330000000000000071e+01,-3.167406462119484623e+00
1.332000000000000028e+01,-2.547242271459974283e+00
1.333999999999999986e+01,-2.019749554901499877e+00
1.335999999999999943e+01,-1.585447032805322953e+00
1.338000000000000078e+01,-1.239746270888961721e+00
1.340000000000000036e+01,-9.755814307700377830e-01
1.341999999999999993e+01,-7.855425950291463622e-01
1.343999999999999950e+01,-6.627865248578976853e-01
1.346000000000000085e+01,-5.999353700658747179e-01
1.348000000000000043e+01,-5.870700256377560100e-01
1.350000000000000000e+01,-6.125870418077665747e-01
1.351999999999999957e+01,-6.670032103995832129e-01
1.354000000000000092e+01,-7.452312313410931477e-01
1.356000000000000050e+01,-8.461762768357852238e-01
1.358000000000000007e+01,-9.715268118283463261e-01
1.359999999999999964e+01,-1.124893054009025839e+00
1.362000000000000099e+01,-1.311432459116693705e+00
1.364000000000000057e+01,-1.537811737424126468e+00
1.366000000000000014e+01,-1.812371363831190685e+00
1.367999999999999972e+01,-2.145417167032196648e+00
1.370000000000000107e+01,-2.549602918609707114e+00
1.372000000000000064e+01,-3.040383075839489191e+00
1.374000000000000021e+01,-3.636511564270639596e+00
1.375999999999999979e+01,-4.360538201371065625e+00
1.378000000000000114e+01,-5.239202335712522363e+00
1.380000000000000071e+01,-6.303524463308965764e+00
1.382000000000000028e+01,-7.588223189504399002e+00
1.383999999999999986e+01,-9.129789013835042155e+00
1.385999999999999943e+01,-1.096208691951163772e+01
1.388000000000000078e+01,-1.310771285898617577e+01
1.390000000000000036e+01,-1.556266297239415408e+01
1.391999999999999993e+01,-1.827179673835004081e+01
1.393999999999999950e+01,-2.109473992050205737e+01
1.396000000000000085e+01,-2.376933447229569296e+01
1.398000000000000043e+01,-2.589552463112544700e+01
1.400000000000000000e+01,-2.698241619260826951e+01
1.401999999999999957e+01,-2.660027779911136037e+01
1.404000000000000092e+01,-2.461474489151624212e+01
1.406000000000000050e+01,-2.135674899447414887e+01
1.408000000000000007e+01,-1.753563166527323247e+01
1.409999999999999964e+01,-1.388817535313881280e+01
1.412000000000000099e+01,-1.083609288994651187e+01
1.414000000000000057e+01,-8.432218125933934161e+00
1.416000000000000014e+01,-6.552340581524468632e+00
1.417999999999999972e+01,-5.073719102961305794e+00
1.420000000000000107e+01,-3.924039648727663643e+00
1.422000000000000064e+01,-3.059622701065694006e+00
1.424000000000000021e+01,-2.438762476333910634e+00
1.425999999999999979e+01,-2.012710573430569916e+00
1.428000000000000114e+01,-1.732645993330416800e+00
1.430000000000000071e+01,-1.559409330318968445e+00
1.432000000000000028e+01,-1.466322146756289690e+00
1.433999999999999986e+01,-1.436532071676798639e+00
1.435999999999999943e+01,-1.459481328426994962e+00
1.438000000000000078e+01,-1.528428799574068853e+00
1.440000000000000036e+01,-1.638987884390286087e+00
1.441999999999999993e+01,-1.788217901130377152e+00
1.443999999999999950e+01,-1.973913484110354943e+00
1.446000000000000085e+01,-2.193879478306876685e+00
1.448000000000000043e+01,-2.445056363115770903e+00
1.450000000000000000e+01,-2.722410631347497834e+00
1.451999999999999957e+01,-3.017550537375047970e+00
1.454000000000000092e+01,-3.317134763713687207e+00
1.456000000000000050e+01,-3.601325006390982519e+00
1.458000000000000007e+01,-3.842848945039651909e+00
1.459999999999999964e+01,-4.007623058356184487e+00
1.462000000000000099e+01,-4.058139465079673158e+00
1.464000000000000057e+01,-3.960509724030907730e+00
1.466000000000000014e+01,-3.694671512977597327e+00
1.467999999999999972e+01,-3.264810881660375141e+00
1.470000000000000107e+01,-2.704838032383678481e+00
1.472000000000000064e+01,-2.074223342917995705e+00
1.474000000000000021e+01,-1.443974123671782683e+00
1.475999999999999979e+01,-8.785607871723443152e-01
1.478000000000000114e+01,-4.220681837023113059e-01
1.480000000000000071e+01,-9.346391863126897459e-02
1.482000000000000028e+01,1.099297063263394852e-01
1.483999999999999986e+01,2.049628965803569625e-01
1.485999999999999943e+01,2.150171141642147621e-01
1.488000000000000078e+01,1.641257037060237234e-01
1.490000000000000036e+01,7.325268900784211168e-02
1.491999999999999993e+01,-4.158272235135279660e-02
1.493999999999999950e+01,-1.697731335515082485e-01
1.496000000000000085e+01,-3.055330857727761029e-01
1.498000000000000043e+01,-4.466531533037340074e-01
1.500000000000000000e+01,-5.931740309027034863e-01
1.501999999999999957e+01,-7.464685765247304206e-01
1.504000000000000092e+01,-9.088015119701633449e-01
1.506000000000000050e+01,-1.083130787137026596e+00
1.508000000000000007e+01,-1.272931124142806958e+00
1.509999999999999964e+01,-1.481950393810224087e+00
1.512000000000000099e+01,-1.713873174481738593e+00
1.514000000000000057e+01,-1.971856365065932204e+00
1.516000000000000014e+01,-2.257867165225861061e+00
1.517999999999999972e+01,-2.571727126625476423e+00
1.520000000000000107e+01,-2.909760376564132223e+00
1.522000000000000064e+01,-3.262996998367888146e+00
1.524000000000000021e+01,-3.615027923470932603e+00
1.525999999999999979e+01,-3.939933063328129759e+00
1.528000000000000114e+01,-4.201234689265605837e+00
1.530000000000000071e+01,-4.353481051848105743e+00
1.532000000000000028e+01,-4.348396389579911592e+00
1.533999999999999986e+01,-4.146677453434309157e+00
1.535999999999999943e+01,-3.733618449872014633e+00
1.538000000000000078e+01,-3.132374332278339057e+00
1.540000000000000036e+01,-2.406137627606111717e+00
1.541999999999999993e+01,-1.644217781870034534e+00
1.543999999999999950e+01,-9.368026642997612230e-01
1.546000000000000085e+01,-3.512307171436037101e-01
1.548000000000000043e+01,7.923972578819388213e-02
1.550000000000000000e+01,3.528198448946380794e-01
1.551999999999999957e+01,4.889831015673082315e-01
1.554000000000000092e+01,5.174116842158578145e-01
1.556000000000000050e+01,4.695553797398651641e-01
1.558000000000000007e+01,3.734589484088344236e-01
1.559999999999999964e+01,2.512403037526685368e-01
1.562000000000000099e+01,1.183013229418883872e-01
1.564000000000000057e+01,-1.641198361546624893e-02
1.566000000000000014e+01,-1.493363509164148117e-01
1.567999999999999972e+01,-2.805424485416151970e-01
1.570000000000000107e+01,-4.119227141796966141e-01
1.572000000000000064e+01,-5.460946136649190708e-01
1.574000000000000021e+01,-6.861172426817438996e-01
1.575999999999999979e+01,-8.355473261740961055e-01
1.578000000000000114e+01,-9.984681401577976123e-01
1.580000000000000071e+01,-1.179415420046142415e+00
1.582000000000000028e+01,-1.383231523571633925e+00
1.583999999999999986e+01,-1.614852491203821794e+00
1.586000000000000121e+01,-1.878975303749107262e+00
1.588000000000000078e+01,-2.179508682045682821e+00
1.590000000000000036e+01,-2.518660811265882149e+00
1.591999999999999993e+01,-2.895491914665949018e+00
1.593999999999999950e+01,-3.303750613046309237e+00
1.596000000000000085e+01,-3.728915406184025283e+00
1.598000000000000043e+01,-4.144668847550748048e+00
1.600000000000000000e+01,-4.509721679476487388e+00
1.601999999999999957e+01,-4.767039676950558302e+00
1.603999999999999915e+01,-4.848770426540876421e+00
1.605999999999999872e+01,-4.690244170095905218e+00
1.608000000000000185e+01,-4.253170403279946221e+00
1.610000000000000142e+01,-3.550538642587163451e+00
1.612000000000000099e+01,-2.657925122765578685e+00
1.614000000000000057e+01,-1.697823814000644083e+00
1.616000000000000014e+01,-8.003845822838022706e-01
1.617999999999999972e+01,-6.290534048844706461e-02
1.619999999999999929e+01,4.693709594272020835e-01
1.621999999999999886e+01,7.977408697979593288e-01
1.624000000000000199e+01,9.524984683553598952e-01
1.626000000000000156e+01,9.758826537573315196e-01
1.628000000000000114e+01,9.103678532873987761e-01
1.630000000000000071e+01,7.923004144316491137e-01
1.632000000000000028e+01,6.495229705759250072e-01
1.633999999999999986e+01,5.014955130549937357e-01
1.635999999999999943e+01,3.606154263358564149e-01
1.637999999999999901e+01,2.337521416855255496e-01
1.639999999999999858e+01,1.233641741139971520e-01
1.642000000000000171e+01,2.816403690205900034e-02
1.644000000000000128e+01,-5.582220953468433611e-02
1.646000000000000085e+01,-1.332763694701073476e-01
1.648000000000000043e+01,-2.080538395349758873e-01
1.650000000000000000e+01,-2.831738629111083538e-01
1.651999999999999957e+01,-3.614556165625196771e-01
1.653999999999999915e+01,-4.459172432744482606e-01
1.655999999999999872e+01,-5.399010171240485878e-01
1.658000000000000185e+01,-6.471164733485788023e-01
1.660000000000000142e+01,-7.716977010574779250e-01
1.662000000000000099e+01,-9.182882878306900531e-01
1.664000000000000057e+01,-1.092132581105576206e+00
1.666000000000000014e+01,-1.299141193174937481e+00
1.667999999999999972e+01,-1.545874973702014543e+00
1.669999999999999929e+01,-1.839367495674318675e+00
1.671999999999999886e+01,-2.186641174131037424e+00
1.674000000000000199e+01,-2.593694292098982057e+00
1.676000000000000156e+01,-3.063611911698276735e+00
1.678000000000000114e+01,-3.593330530930384015e+00
1.680000000000000071e+01,-4.168550622353090596e+00
1.682000000000000028e+01,-4.756599273386587612e+00
1.683999999999999986e+01,-5.298195408048417043e+00
1.685999999999999943e+01,-5.701707859199689032e+00
1.687999999999999901e+01,-5.847601517480041977e+00
1.689999999999999858e+01,-5.613566346572892662e+00
1.692000000000000171e+01,-4.924887190527460490e+00
1.694000000000000128e+01,-3.812876641631496089e+00
1.696000000000000085e+01,-2.437649779724861521e+00
1.698000000000000043e+01,-1.037881132368484893e+00
1.700000000000000000e+01,1.706502945935125803e-01
1.701999999999999957e+01,1.071667081992897952e+00
1.703999999999999915e+01,1.652443431203999946e+00
1.705999999999999872e+01,1.963054278451826784e+00
1.708000000000000185e+01,2.078047958554099406e+00
1.710000000000000142e+01,2.074421329451390239e+00
1.712000000000000099e+01,2.020695823337629982e+00
1.714000000000000057e+01,1.972305613343470210e+00
1.716000000000000014e+01,1.969126414011729276e+00
1.717999999999999972e+01,2.032110871979522226e+00
1.719999999999999929e+01,2.162416062891400426e+00
1.721999999999999886e+01,2.348935692971779954e+00
1.724000000000000199e+01,2.580049318193434971e+00
1.726000000000000156e+01,2.850526413335545239e+00
1.728000000000000114e+01,3.162199550110747825e+00
1.730000000000000071e+01,3.522028102664012117e+00
1.732000000000000028e+01,3.940149740573327897e+00
1.733999999999999986e+01,4.428640861597125777e+00
1.735999999999999943e+01,5.000855473202262758e+00
1.737999999999999901e+01,5.671010334810621778e+00
1.740000000000000213e+01,6.453680187987198558e+00
1.742000000000000171e+01,7.362880861758582363e+00
1.744000000000000128e+01,8.410386171538329236e+00
1.746000000000000085e+01,9.602872420238806939e+00
1.748000000000000043e+01,1.093744754430518995e+01
1.750000000000000000e+01,1.239523045794380884e+01
1.751999999999999957e+01,1.393311755146674180e+01
1.753999999999999915e+01,1.547502715950720109e+01
1.755999999999999872e+01,1.690600068637067821e+01
1.758000000000000185e+01,1.807520553280827613e+01
1.760000000000000142e+01,1.881524231534143965e+01
1.762000000000000099e+01,1.898143324756332362e+01
1.764000000000000057e+01,1.850283050116588512e+01
1.766000000000000014e+01,1.742074883653775430e+01
1.767999999999999972e+01,1.588607934784369746e+01
1.769999999999999929e+01,1.410764983115383586e+01
1.771999999999999886e+01,1.227976634213044349e+01
1.774000000000000199e+01,1.053307500983215306e+01
1.776000000000000156e+01,8.930106633408291472e+00
1.778000000000000114e+01,7.490171792222766634e+00
1.780000000000000071e+01,6.215439051311898666e+00
1.782000000000000028e+01,5.104181681432736539e+00
1.783999999999999986e+01,4.153551641363486091e+00
1.785999999999999943e+01,3.358781556779462107e+00
1.787999999999999901e+01,2.712842501352100921e+00
1.790000000000000213e+01,2.207286615921679296e+00
1.792000000000000171e+01,1.833337026171806938e+00
1.794000000000000128e+01,1.581754611440960634e+00
1.796000000000000085e+01,1.440818506654665265e+00
1.798000000000000043e+01,1.394621213150347039e+00
1.800000000000000000e+01,1.425176497077601079e+00
1.801999999999999957e+01,1.517219850484547550e+00
1.803999999999999915e+01,1.661287466843406113e+00
1.805999999999999872e+01,1.853860694474612325e+00
1.808000000000000185e+01,2.096214665760175677e+00
1.810000000000000142e+01,2.393313918995495726e+00
1.812000000000000099e+01,2.753141244447623315e+00
1.814000000000000057e+01,3.186404320129728074e+00
1.816000000000000014e+01,3.706470747418500356e+00
1.817999999999999972e+01,4.329383382367265831e+00
1.819999999999999929e+01,5.073798056046189942e+00
1.821999999999999886e+01,5.960637049933154685e+00
1.824000000000000199e+01,7.012143716222921874e+00
1.826000000000000156e+01,8.249849608631608433e+00
1.828000000000000114e+01,9.690719479459195540e+00
1.830000000000000071e+01,1.134047498758911310e+01
1.832000000000000028e+01,1.318299207846387944e+01
1.833999999999999986e+01,1.516518905524371696e+01
1.835999999999999943e+01,1.717886570141698499e+01
1.837999999999999901e+01,1.904566715575974811e+01
1.840000000000000213e+01,2.051875356199658995e+01
1.842000000000000171e+01,2.132038330628402178e+01
1.844000000000000128e+01,2.122649350077545449e+01
1.846000000000000085e+01,2.017553629615863997e+01
1.848000000000000043e+01,1.833351460832368218e+01
1.850000000000000000e+01,1.604526156529503922e+01
1.851999999999999957e+01,1.368187983764065052e+01
1.853999999999999915e+01,1.149225603834313958e+01
1.855999999999999872e+01,9.564130841584677967e+00
1.858000000000000185e+01,7.888577384113570901e+00
1.860000000000000142e+01,6.438014534100289232e+00
1.862000000000000099e+01,5.199955126979029174e+00
1.864000000000000057e+01,4.175388387915161204e+00
1.866000000000000014e+01,3.368201172855493031e+00
1.867999999999999972e+01,2.776902901667542611e+00
1.869999999999999929e+01,2.388217658833195589e+00
1.871999999999999886e+01,2.173581380473910585e+00
1.874000000000000199e+01,2.094570087842323680e+00
1.876000000000000156e+01,2.115528767983987368e+00
1.878000000000000114e+01,2.212167790062156136e+00
1.880000000000000071e+01,2.372053709581150027e+00
1.882000000000000028e+01,2.591406125119301684e+00
1.883999999999999986e+01,2.872034382237888206e+00
1.885999999999999943e+01,3.219414790277749017e+00
1.887999999999999901e+01,3.641679567688769659e+00
1.890000000000000213e+01,4.149095523030599253e+00
1.892000000000000171e+01,4.753688888976413729e+00
1.894000000000000128e+01,5.468732885737078497e+00
1.896000000000000085e+01,6.307814001042610919e+00
1.898000000000000043e+01,7.283126308578429686e+00
1.900000000000000000e+01,8.402536893286979947e+00
1.901999999999999957e+01,9.664852790485614520e+00
1.903999999999999915e+01,1.105273147966449088e+01
1.905999999999999872e+01,1.252305100949024741e+01
1.908000000000000185e+01,1.399573360692599877e+01
1.910000000000000142e+01,1.534450959774060408e+01
1.912000000000000099e+01,1.639693323221153065e+01
1.914000000000000057e+01,1.695425947835703440e+01
1.916000000000000014e+01,1.683939693220919409e+01
1.917999999999999972e+01,1.596652029385520244e+01
1.919999999999999929e+01,1.440085331466514695e+01
1.921999999999999886e+01,1.236291466819534968e+01
1.924000000000000199e+01,1.015673328966711964e+01
1.926000000000000156e+01,8.059192555645783074e+00
1.928000000000000114e+01,6.241003450082293291e+00
1.930000000000000071e+01,4.757871292104240091e+00
1.932000000000000028e+01,3.590445473784596331e+00
1.933999999999999986e+01,2.689188262965835019e+00
1.935999999999999943e+01,2.001246356443305618e+00
1.937999999999999901e+01,1.480584579133064516e+00
1.940000000000000213e+01,1.089748717569018144e+00
1.942000000000000171e+01,7.989243093803000129e-01
1.944000000000000128e+01,5.845701282132426124e-01
1.946000000000000085e+01,4.282257267060244343e-01
1.948000000000000043e+01,3.155507943169305052e-01
1.950000000000000000e+01,2.355496230677260050e-01
1.951999999999999957e+01,1.799458237851674913e-01
1.953999999999999915e+01,1.427030504824383372e-01
1.955999999999999872e+01,1.197174234625723865e-01
1.958000000000000185e+01,1.086948069070613337e-01
1.960000000000000142e+01,1.089540898620419140e-01
1.962000000000000099e+01,1.203189057777789561e-01
1.964000000000000057e+01,1.414228752672427591e-01
1.966000000000000014e+01,1.700582963724855401e-01
1.967999999999999972e+01,2.048720803209017061e-01
1.969999999999999929e+01,2.458782302860763602e-01
1.971999999999999886e+01,2.941089592915516748e-01
1.974000000000000199e+01,3.512715825160915850e-01
1.976000000000000156e+01,4.196036079620597548e-01
1.978000000000000114e+01,5.018715161441005268e-01
1.980000000000000071e+01,6.014541376427235964e-01
1.982000000000000028e+01,7.224823164664565533e-01
1.983999999999999986e+01,8.700235145664336756e-01
1.985999999999999943e+01,1.050313677386017108e+00
1.987999999999999901e+01,1.271040277939968099e+00
1.990000000000000213e+01,1.541684486098252149e+00
1.992000000000000171e+01,1.873928177526042349e+00
1.994000000000000128e+01,2.282125188420525586e+00
1.996000000000000085e+01,2.783823390376467977e+00
1.998000000000000043e+01,3.400292973455998347e+00
2.000000000000000000e+01,4.156958445800746915e+00
2.001999999999999957e+01,5.083519449112333000e+00
2.003999999999999915e+01,6.213339707933155154e+00
2.005999999999999872e+01,7.581326449766357278e+00
2.008000000000000185e+01,9.218937682565579550e+00
2.010000000000000142e+01,1.114412363130236550e+01
2.012000000000000099e+01,1.334312991270390292e+01
2.014000000000000057e+01,1.574110427520265887e+01
2.016000000000000014e+01,1.816186115918381816e+01
2.017999999999999972e+01,2.028865913391008746e+01
2.019999999999999929e+01,2.166114699259137666e+01
2.021999999999999886e+01,2.176784870199615440e+01
2.024000000000000199e+01,2.027261115120551693e+01
2.026000000000000156e+01,1.729012063257965082e+01
2.028000000000000114e+01,1.346572955156659468e+01
2.030000000000000071e+01,9.676615140287374572e+00
2.032000000000000028e+01,6.547609743146678873e+00
2.033999999999999986e+01,4.227760114031891447e+00
2.035999999999999943e+01,2.565719631457014760e+00
2.037999999999999901e+01,1.364104578614889540e+00
2.040000000000000213e+01,4.757798227059293339e-01
2.042000000000000171e+01,-2.012666690579875406e-01
2.044000000000000128e+01,-7.398180332600599041e-01
2.046000000000000085e+01,-1.188675139847850781e+00
2.048000000000000043e+01,-1.576279134768757917e+00
2.050000000000000000e+01,-1.918476761903262329e+00
2.051999999999999957e+01,-2.226440390477588238e+00
2.053999999999999915e+01,-2.510837421301504335e+00
2.055999999999999872e+01,-2.782691900663308626e+00
2.058000000000000185e+01,-3.052824007358634795e+00
2.060000000000000142e+01,-3.331073564709095436e+00
2.062000000000000099e+01,-3.625710594124684327e+00
2.064000000000000057e+01,-3.943033544445749161e+00
2.066000000000000014e+01,-4.287031674662695302e+00
2.067999999999999972e+01,-4.658990121980892241e+00
2.069999999999999929e+01,-5.056970907522144287e+00
2.071999999999999886e+01,-5.475178811556220992e+00
2.074000000000000199e+01,-5.903321657132251765e+00
2.076000000000000156e+01,-6.326192902209265334e+00
2.078000000000000114e+01,-6.723816762221874299e+00
2.080000000000000071e+01,-7.072546392799292647e+00
2.082000000000000028e+01,-7.347390195183520767e+00
2.083999999999999986e+01,-7.525484675623691722e+00
2.085999999999999943e+01,-7.590066802753038466e+00
2.087999999999999901e+01,-7.533783374123223631e+00
2.090000000000000213e+01,-7.360116419042107339e+00
2.092000000000000171e+01,-7.082357010976445544e+00
2.094000000000000128e+01,-6.720663620271094096e+00
2.096000000000000085e+01,-6.298562021575378367e+00
2.098000000000000043e+01,-5.840175338515892101e+00
2.100000000000000000e+01,-5.368646261933774255e+00
2.101999999999999957e+01,-4.905381672656782932e+00
2.103999999999999915e+01,-4.469502305346197524e+00
2.105999999999999872e+01,-4.077162984014027103e+00
2.108000000000000185e+01,-3.740799768833495520e+00
2.110000000000000142e+01,-3.468577188436750447e+00
2.112000000000000099e+01,-3.264326856476310823e+00
2.114000000000000057e+01,-3.128127206164371010e+00
2.116000000000000014e+01,-3.057422059395431546e+00
2.117999999999999972e+01,-3.048342773060674915e+00
2.119999999999999929e+01,-3.096853212662086463e+00
2.121999999999999886e+01,-3.199488131929641987e+00
2.124000000000000199e+01,-3.353653893586009627e+00
2.126000000000000156e+01,-3.557574089194774025e+00
2.128000000000000114e+01,-3.809975333300725353e+00
2.130000000000000071e+01,-4.109571599198721614e+00
2.132000000000000028e+01,-4.454366135877354083e+00
2.133999999999999986e+01,-4.840772199659701513e+00
2.135999999999999943e+01,-5.262570603984139339e+00
2.137999999999999901e+01,-5.709778165070256151e+00
2.140000000000000213e+01,-6.167612085020372170e+00
2.142000000000000171e+01,-6.615878867076700587e+00
2.144000000000000128e+01,-7.029258980416702940e+00
2.146000000000000085e+01,-7.378982845010104263e+00
2.148000000000000043e+01,-7.636153745083619881e+00
2.150000000000000000e+01,-7.776375518480498350e+00
2.151999999999999957e+01,-7.784527634539507801e+00
2.153999999999999915e+01,-7.657979924710010877e+00
2.155999999999999872e+01,-7.406848293247011661e+00
2.158000000000000185e+01,-7.051184828553032524e+00
2.160000000000000142e+01,-6.616528253074298149e+00
2.162000000000000099e+01,-6.129846633882758411e+00
2.164000000000000057e+01,-5.617123048618489101e+00
2.166000000000000014e+01,-5.102448200213103746e+00
2.167999999999999972e+01,-4.607691669345532759e+00
2.169999999999999929e+01,-4.152001768216280198e+00
2.171999999999999886e+01,-3.750987164354478764e+00
2.174000000000000199e+01,-3.415854597888793087e+00
2.176000000000000156e+01,-3.152898316210826390e+00
2.178000000000000114e+01,-2.963672181707669662e+00
2.180000000000000071e+01,-2.845956161882050139e+00
2.182000000000000028e+01,-2.795277798812655146e+00
2.183999999999999986e+01,-2.806491272598332198e+00
2.185999999999999943e+01,-2.874967638204038334e+00
2.187999999999999901e+01,-2.997226012849031118e+00
2.190000000000000213e+01,-3.171076985343192600e+00
2.192000000000000171e+01,-3.395428012962701025e+00
2.194000000000000128e+01,-3.669863727057414593e+00
2.196000000000000085e+01,-3.994045783063123078e+00
2.198000000000000043e+01,-4.366925081514760443e+00
2.200000000000000000e+01,-4.785739252308840008e+00
2.201999999999999957e+01,-5.244785994419036257e+00
2.203999999999999915e+01,-5.734034340138685515e+00
2.205999999999999872e+01,-6.237769243309490008e+00
2.208000000000000185e+01,-6.733667078337743028e+00
2.210000000000000142e+01,-7.192913327490646047e+00
2.212000000000000099e+01,-7.582061342690205485e+00
2.214000000000000057e+01,-7.867067290630665788e+00
2.216000000000000014e+01,-8.019141121138614992e+00
2.217999999999999972e+01,-8.020885791664264630e+00
2.219999999999999929e+01,-7.870348582354756317e+00
2.221999999999999886e+01,-7.581017567065968521e+00
2.224000000000000199e+01,-7.177703064727334770e+00
2.226000000000000156e+01,-6.690493557734969343e+00
2.228000000000000114e+01,-6.149735914492838518e+00
2.230000000000000071e+01,-5.583611683098029133e+00
2.232000000000000028e+01,-5.017754532263256628e+00
2.233999999999999986e+01,-4.475372688476799254e+00
2.235999999999999943e+01,-3.976868848985369187e+00
2.237999999999999901e+01,-3.538904227459809260e+00
2.240000000000000213e+01,-3.173340845149778211e+00
2.242000000000000171e+01,-2.886537827016384838e+00
2.244000000000000128e+01,-2.679409698199623158e+00
2.246000000000000085e+01,-2.548476322847377240e+00
2.248000000000000043e+01,-2.487698409680191070e+00
2.250000000000000000e+01,-2.490454511459505582e+00
2.251999999999999957e+01,-2.551021201616466172e+00
2.253999999999999915e+01,-2.665320351314870884e+00
2.255999999999999872e+01,-2.831065031488242845e+00
2.258000000000000185e+01,-3.047538433628735444e+00
2.260000000000000142e+01,-3.315169950451458902e+00
2.262000000000000099e+01,-3.634965827868962496e+00
2.264000000000000057e+01,-4.007774367073077215e+00
2.266000000000000014e+01,-4.433325185215612585e+00
2.267999999999999972e+01,-4.908977365693945494e+00
2.269999999999999929e+01,-5.428151965376733834e+00
2.271999999999999886e+01,-5.978536319376692276e+00
2.274000000000000199e+01,-6.540357805773954425e+00
2.276000000000000156e+01,-7.085334847508351075e+00
2.278000000000000114e+01,-7.577228056305128412e+00
2.280000000000000071e+01,-7.974984872016672277e+00
2.282000000000000028e+01,-8.238911094110948241e+00
2.283999999999999986e+01,-8.338899431464442458e+00
2.285999999999999943e+01,-8.261954576690248686e+00
2.287999999999999901e+01,-8.015453709620590672e+00
2.290000000000000213e+01,-7.624138269885853525e+00
2.292000000000000171e+01,-7.122364170061254995e+00
2.294000000000000128e+01,-6.545968542465272932e+00
2.296000000000000085e+01,-5.927595973449224509e+00
2.298000000000000043e+01,-5.295994535998270969e+00
2.300000000000000000e+01,-4.677015301310613715e+00
2.301999999999999957e+01,-4.094061391759973745e+00
2.303999999999999915e+01,-3.567406692160620452e+00
2.305999999999999872e+01,-3.112961535212257047e+00
2.308000000000000185e+01,-2.741123317780463697e+00
2.310000000000000142e+01,-2.456095060237260874e+00
2.312000000000000099e+01,-2.256069870154598700e+00
2.314000000000000057e+01,-2.134640064794896208e+00
2.316000000000000014e+01,-2.083186141931825386e+00
2.317999999999999972e+01,-2.093293137251319713e+00
2.319999999999999929e+01,-2.158339211807151159e+00
2.321999999999999886e+01,-2.274097524649697721e+00
2.324000000000000199e+01,-2.438679949268294234e+00
2.326000000000000156e+01,-2.652182497305495268e+00
2.328000000000000114e+01,-2.916224612962726059e+00
2.330000000000000071e+01,-3.233422538521432799e+00
2.332000000000000028e+01,-3.606747531476685698e+00
2.333999999999999986e+01,-4.038670805002955611e+00
2.335999999999999943e+01,-4.529978006785726485e+00
2.337999999999999901e+01,-5.078140234418350829e+00
2.340000000000000213e+01,-5.675199251237796894e+00
2.342000000000000171e+01,-6.305301895221271380e+00
2.344000000000000128e+01,-6.942369134164634303e+00
2.346000000000000085e+01,-7.548902266970924479e+00
2.348000000000000043e+01,-8.077428110940109818e+00
2.350000000000000000e+01,-8.476066667786705366e+00
2.351999999999999957e+01,-8.698468527380935456e+00
2.353999999999999915e+01,-8.715708023312833674e+00
2.355999999999999872e+01,-8.524957109100755659e+00
2.358000000000000185e+01,-8.149701362619618195e+00
2.360000000000000142e+01,-7.630619999388416730e+00
2.362000000000000099e+01,-7.012497372604024726e+00
2.364000000000000057e+01,-6.334921532789376641e+00
2.366000000000000014e+01,-5.630319054473512885e+00
2.367999999999999972e+01,-4.926510443914887460e+00
2.369999999999999929e+01,-4.248969272028339184e+00
2.371999999999999886e+01,-3.620769971525994002e+00
2.374000000000000199e+01,-3.061191995608160354e+00
2.376000000000000156e+01,-2.584432604043708892e+00
2.378000000000000114e+01,-2.198865998338304983e+00
2.380000000000000071e+01,-1.906587197495133390e+00
2.382000000000000028e+01,-1.703356317161714761e+00
2.383999999999999986e+01,-1.579796520384457725e+00
2.385999999999999943e+01,-1.524179141030183260e+00
2.387999999999999901e+01,-1.525557742275158724e+00
2.390000000000000213e+01,-1.575723644536961787e+00
2.392000000000000171e+01,-1.669712252560314303e+00
2.394000000000000128e+01,-1.805494902234262566e+00
2.396000000000000085e+01,-1.983456040627249006e+00
2.398000000000000043e+01,-2.205917253589554594e+00
2.400000000000000000e+01,-2.476741995309968747e+00
2.401999999999999957e+01,-2.800959948408018096e+00
2.403999999999999915e+01,-3.184305387892382821e+00
2.406000000000000227e+01,-3.632542342473162655e+00
2.408000000000000185e+01,-4.150405765365373867e+00
2.410000000000000142e+01,-4.739964354033421756e+00
2.412000000000000099e+01,-5.398213404156955164e+00
2.414000000000000057e+01,-6.113824566891371326e+00
2.416000000000000014e+01,-6.863325219017577083e+00
2.417999999999999972e+01,-7.607683831829501919e+00
2.419999999999999929e+01,-8.291312192093533540e+00
2.421999999999999886e+01,-8.846349470705948903e+00
2.424000000000000199e+01,-9.204499667079035774e+00
2.426000000000000156e+01,-9.315204922181388625e+00
2.428000000000000114e+01,-9.163080479385925514e+00
2.430000000000000071e+01,-8.773907836084077871e+00
2.432000000000000028e+01,-8.203125539004600952e+00
2.433999999999999986e+01,-7.513101078415655998e+00
2.435999999999999943e+01,-6.754647137496354148e+00
2.437999999999999901e+01,-5.963331720411731318e+00
2.440000000000000213e+01,-5.166571483838382051e+00
2.442000000000000171e+01,-4.390176165533403285e+00
2.444000000000000128e+01,-3.658868268792940359e+00
2.446000000000000085e+01,-2.993234685352236912e+00
2.448000000000000043e+01,-2.407167621129127077e+00
2.450000000000000000e+01,-1.907475892613573309e+00
2.451999999999999957e+01,-1.495277854110816707e+00
2.453999999999999915e+01,-1.168082294596056503e+00
2.456000000000000227e+01,-9.213938946381657891e-01
2.458000000000000185e+01,-7.488173226538415994e-01
2.460000000000000142e+01,-6.408236680930767815e-01
2.462000000000000099e+01,-5.847493620486693411e-01
2.464000000000000057e+01,-5.677847575089756127e-01
2.466000000000000014e+01,-5.801894433229557446e-01
2.467999999999999972e+01,-6.161216746107895936e-01
2.469999999999999929e+01,-6.728799902030537794e-01
2.471999999999999886e+01,-7.499725360536177998e-01
2.474000000000000199e+01,-8.485044531148004943e-01
2.476000000000000156e+01,-9.708649635129587008e-01
2.478000000000000114e+01,-1.120608273871940064e+00
2.480000000000000071e+01,-1.302449600583305944e+00
2.482000000000000028e+01,-1.522324298346346971e+00
2.483999999999999986e+01,-1.787471488414065890e+00
2.485999999999999943e+01,-2.106496358293461935e+00
2.487999999999999901e+01,-2.489341189849837654e+00
2.490000000000000213e+01,-2.947052865789400844e+00
2.492000000000000171e+01,-3.491155985152039509e+00
2.494000000000000128e+01,-4.132333025051140751e+00
2.496000000000000085e+01,-4.877975576035850303e+00
2.498000000000000043e+01,-5.728066815637417264e+00
2.500000000000000000e+01,-6.668956299942855104e+00
2.501999999999999957e+01,-7.665262358615961169e+00
2.503999999999999915e+01,-8.651934428274406841e+00
2.506000000000000227e+01,-9.531664645693007643e+00
2.508000000000000185e+01,-1.018586701596878186e+01
2.510000000000000142e+01,-1.050552945706205321e+01
2.512000000000000099e+01,-1.043564413225782772e+01
2.514000000000000057e+01,-1.000750898400584177e+01
2.516000000000000014e+01,-9.328069989379482507e+00
2.517999999999999972e+01,-8.523673972548737154e+00
2.519999999999999929e+01,-7.680169493315577967e+00
2.521999999999999886e+01,-6.830831692021198442e+00
2.524000000000000199e+01,-5.991153209929871437e+00
2.526000000000000156e+01,-5.190651147619946393e+00
2.528000000000000114e+01,-4.474749126093289675e+00
2.530000000000000071e+01,-3.890589917720618018e+00
2.532000000000000028e+01,-3.473087362723315419e+00
2.533999999999999986e+01,-3.234615107859151184e+00
2.535999999999999943e+01,-3.161055156076723271e+00
2.537999999999999901e+01,-3.220580132239447835e+00
2.540000000000000213e+01,-3.380723564767688760e+00
2.542000000000000171e+01,-3.619966998459193341e+00
2.544000000000000128e+01,-3.929473463576054204e+00
2.546000000000000085e+01,-4.309962738846222940e+00
2.548000000000000043e+01,-4.768228134019872222e+00
2.550000000000000000e+01,-5.314741228314301402e+00
2.551999999999999957e+01,-5.962245511694569622e+00
2.553999999999999915e+01,-6.724861084793478661e+00
2.556000000000000227e+01,-7.617223946888496577e+00
2.558000000000000185e+01,-8.653227268305435871e+00
2.560000000000000142e+01,-9.843934413027959351e+00
2.562000000000000099e+01,-1.119419775907481274e+01
2.564000000000000057e+01,-1.269750955183054408e+01
2.566000000000000014e+01,-1.432876286163095081e+01
2.567999999999999972e+01,-1.603515125490904580e+01
2.569999999999999929e+01,-1.772671883969494999e+01
2.571999999999999886e+01,-1.927032913125648506e+01
2.574000000000000199e+01,-2.049364986823787760e+01
2.576000000000000156e+01,-2.120716473989243056e+01
2.578000000000000114e+01,-2.124828466260030169e+01
2.580000000000000071e+01,-2.053896409176313043e+01
2.582000000000000028e+01,-1.913082140762028871e+01
2.583999999999999986e+01,-1.720544290403736909e+01
2.585999999999999943e+01,-1.501841318824050653e+01
2.587999999999999901e+01,-1.281488734217487568e+01
2.590000000000000213e+01,-1.076586637589759476e+01
2.592000000000000171e+01,-8.953980119408768701e+00
2.594000000000000128e+01,-7.397723921442959316e+00
2.596000000000000085e+01,-6.084230504917220728e+00
2.598000000000000043e+01,-4.991266807512519499e+00
2.600000000000000000e+01,-4.096613730406460263e+00
2.601999999999999957e+01,-3.380555400197685412e+00
2.603999999999999915e+01,-2.826248024564575800e+00
2.606000000000000227e+01,-2.419746987747788847e+00
2.608000000000000185e+01,-2.149446473671399627e+00
2.610000000000000142e+01,-2.004174747151331371e+00
2.612000000000000099e+01,-1.970631992280036604e+00
2.614000000000000057e+01,-2.032975749874274207e+00
2.616000000000000014e+01,-2.175922036272179394e+00
2.617999999999999972e+01,-2.388637052455244714e+00
2.619999999999999929e+01,-2.666515492064558401e+00
2.621999999999999886e+01,-3.010884455889332401e+00
2.624000000000000199e+01,-3.427972151862864969e+00
2.626000000000000156e+01,-3.927995551769974725e+00
2.628000000000000114e+01,-4.524573659986546481e+00
2.630000000000000071e+01,-5.234363863215720336e+00
2.632000000000000028e+01,-6.076715292021432013e+00
2.633999999999999986e+01,-7.073068989754323077e+00
2.635999999999999943e+01,-8.245745955583654307e+00
2.637999999999999901e+01,-9.615602345782912508e+00
2.640000000000000213e+01,-1.119782216825578303e+01
2.642000000000000171e+01,-1.299489318248472713e+01
2.644000000000000128e+01,-1.498577008035943692e+01
2.646000000000000085e+01,-1.711078775951108710e+01
2.648000000000000043e+01,-1.925383846294645451e+01
2.650000000000000000e+01,-2.122763831267371870e+01
2.651999999999999957e+01,-2.277460785844456836e+01
2.653999999999999915e+01,-2.360133034955618569e+01
2.656000000000000227e+01,-2.345875009477441608e+01
2.658000000000000185e+01,-2.225191795544369100e+01
2.660000000000000142e+01,-2.012000449543524994e+01
2.662000000000000099e+01,-1.741394731068132629e+01
2.664000000000000057e+01,-1.455972136267260453e+01
2.666000000000000014e+01,-1.189309687156271877e+01
2.667999999999999972e+01,-9.578102842236345893e+00
2.669999999999999929e+01,-7.637430731767439696e+00
2.671999999999999886e+01,-6.029477589916584002e+00
2.674000000000000199e+01,-4.703599178951320070e+00
2.676000000000000156e+01,-3.618956908619270774e+00
2.678000000000000114e+01,-2.744218339446750310e+00
2.680000000000000071e+01,-2.053527603298737958e+00
2.682000000000000028e+01,-1.524015555079835327e+00
2.683999999999999986e+01,-1.134456981184987612e+00
2.685999999999999943e+01,-8.634436430666801998e-01
2.687999999999999901e+01,-6.874133489916269824e-01
2.690000000000000213e+01,-5.818280974025555885e-01
2.692000000000000171e+01,-5.258399691144683974e-01
2.694000000000000128e+01,-5.052820753454859704e-01
2.696000000000000085e+01,-5.119372375787438756e-01
2.698000000000000043e+01,-5.415359679732779652e-01
2.700000000000000000e+01,-5.922567757651211462e-01
2.701999999999999957e+01,-6.639150649131008164e-01
2.703999999999999915e+01,-7.575768339048853939e-01
2.706000000000000227e+01,-8.753855822432171641e-01
2.708000000000000185e+01,-1.020488019042933958e+00
2.710000000000000142e+01,-1.196990493521812748e+00
2.712000000000000099e+01,-1.409893977730450887e+00
2.714000000000000057e+01,-1.664940361945721925e+00
2.716000000000000014e+01,-1.968269402414776437e+00
2.717999999999999972e+01,-2.325726474816055322e+00
2.719999999999999929e+01,-2.741571814803747564e+00
2.721999999999999886e+01,-3.216236611818674263e+00
2.724000000000000199e+01,-3.742686116935961316e+00
2.726000000000000156e+01,-4.301026237683776898e+00
2.728000000000000114e+01,-4.851520520088476118e+00
2.730000000000000071e+01,-5.327666237311889041e+00
2.732000000000000028e+01,-5.633831920052084108e+00
2.733999999999999986e+01,-5.655456885492543329e+00
2.735999999999999943e+01,-5.290137240593366208e+00
2.737999999999999901e+01,-4.498016773000192536e+00
2.740000000000000213e+01,-3.347585874278192097e+00
2.742000000000000171e+01,-2.016276963968996139e+00
2.744000000000000128e+01,-7.266883084832436168e-01
2.746000000000000085e+01,3.438317522015731376e-01
2.748000000000000043e+01,1.114403005710483008e+00
2.750000000000000000e+01,1.590281163140217613e+00
2.751999999999999957e+01,1.824826498630869542e+00
2.753999999999999915e+01,1.888141795176411009e+00
2.756000000000000227e+01,1.849221475820119087e+00
2.758000000000000185e+01,1.767500952783903845e+00
2.760000000000000142e+01,1.690322039204321447e+00
2.762000000000000099e+01,1.652689452890696797e+00
2.764000000000000057e+01,1.675602267851930893e+00
2.766000000000000014e+01,1.763673561544040203e+00
2.767999999999999972e+01,1.908438506586132011e+00
2.769999999999999929e+01,2.098134742572111300e+00
2.771999999999999886e+01,2.325721115793279559e+00
2.774000000000000199e+01,2.590920705739066854e+00
2.776000000000000156e+01,2.898838221214742994e+00
2.778000000000000114e+01,3.258110771441369735e+00
2.780000000000000071e+01,3.679675658464327093e+00
2.782000000000000028e+01,4.176170214954236570e+00
2.783999999999999986e+01,4.761686179006784592e+00
2.785999999999999943e+01,5.451587521814825088e+00
2.787999999999999901e+01,6.262118905560216220e+00
2.790000000000000213e+01,7.209515469390351150e+00
2.792000000000000171e+01,8.308246650289637714e+00
2.794000000000000128e+01,9.567920581270934477e+00
2.796000000000000085e+01,1.098827617082699071e+01
2.798000000000000043e+01,1.255174739809588580e+01
2.800000000000000000e+01,1.421356231419355787e+01
2.801999999999999957e+01,1.589068549708804134e+01
2.803999999999999915e+01,1.745355935770241018e+01
2.806000000000000227e+01,1.872827398367537910e+01
2.808000000000000185e+01,1.951913717843430973e+01
2.810000000000000142e+01,1.965730320487393712e+01
2.812000000000000099e+01,1.906517912999889219e+01
2.814000000000000057e+01,1.780411977882120311e+01
2.816000000000000014e+01,1.606673758901089855e+01
2.817999999999999972e+01,1.410563296947588086e+01
2.819999999999999929e+01,1.214036983915396206e+01
2.821999999999999886e+01,1.030260529673206982e+01
2.824000000000000199e+01,8.641884667309652102e+00
2.826000000000000156e+01,7.163883911715082320e+00
2.828000000000000114e+01,5.862415314652055898e+00
2.830000000000000071e+01,4.731612448659509695e+00
2.832000000000000028e+01,3.765731467938246979e+00
2.833999999999999986e+01,2.956341938234242406e+00
2.835999999999999943e+01,2.291140293599245759e+00
2.837999999999999901e+01,1.754600991587431658e+00
2.840000000000000213e+01,1.329507727551765495e+00
2.842000000000000171e+01,9.985806322499796162e-01
2.844000000000000128e+01,7.458405898263903433e-01
2.846000000000000085e+01,5.576507334895118850e-01
2.848000000000000043e+01,4.234483637531703537e-01
2.850000000000000000e+01,3.358538143484837146e-01
2.851999999999999957e+01,2.891385940129619359e-01
2.853999999999999915e+01,2.761773218778401096e-01
2.856000000000000227e+01,2.880529173580225755e-01
2.858000000000000185e+01,3.173977190180186092e-01
2.860000000000000142e+01,3.603016714409608134e-01
2.862000000000000099e+01,4.157075873176199754e-01
2.864000000000000057e+01,4.843695513474636782e-01
2.866000000000000014e+01,5.682289129835185193e-01
2.867999999999999972e+01,6.701642244860533948e-01
2.869999999999999929e+01,7.939592898261517151e-01
2.871999999999999886e+01,9.443960344676012308e-01
2.874000000000000199e+01,1.127430626677113468e+00
2.876000000000000156e+01,1.350437852252509341e+00
2.878000000000000114e+01,1.622521726773990869e+00
2.880000000000000071e+01,1.954894031338024751e+00
2.882000000000000028e+01,2.361320949824177617e+00
2.883999999999999986e+01,2.858628621767613343e+00
2.885999999999999943e+01,3.467236632707587418e+00
2.887999999999999901e+01,4.211644292763884856e+00
2.890000000000000213e+01,5.120710297630103547e+00
2.892000000000000171e+01,6.227411933502406960e+00
2.894000000000000128e+01,7.567498755038397640e+00
2.896000000000000085e+01,9.176011338684148200e+00
2.898000000000000043e+01,1.107997597078421315e+01
2.900000000000000000e+01,1.328481868126277377e+01
2.901999999999999957e+01,1.575170471271679240e+01
2.903999999999999915e+01,1.836471458966767756e+01
2.906000000000000227e+01,2.089377535820716147e+01
2.908000000000000185e+01,2.297528196148506296e+01
2.910000000000000142e+01,2.415384243082294802e+01
2.912000000000000099e+01,2.402928640687360939e+01
2.914000000000000057e+01,2.248574880623387173e+01
2.916000000000000014e+01,1.984991400662883265e+01
2.917999999999999972e+01,1.678509883627853583e+01
2.919999999999999929e+01,1.393122049658293804e+01
2.921999999999999886e+01,1.158668920253921719e+01
2.924000000000000199e+01,9.716930388483923764e+00
2.926000000000000156e+01,8.194291770672201380e+00
2.928000000000000114e+01,6.956099963974023304e+00
2.930000000000000071e+01,6.000238647911047885e+00
2.932000000000000028e+01,5.328998955991941067e+00
2.933999999999999986e+01,4.917057153663844993e+00
2.935999999999999943e+01,4.715412405019510977e+00
2.937999999999999901e+01,4.672366058697142499e+00
2.940000000000000213e+01,4.748715846612548752e+00
2.942000000000000171e+01,4.920708603471049436e+00
2.944000000000000128e+01,5.176458644888192850e+00
2.946000000000000085e+01,5.511390210269732748e+00
2.948000000000000043e+01,5.924717251112604721e+00
2.950000000000000000e+01,6.417022005835097076e+00
2.951999999999999957e+01,6.988471496787145298e+00
2.953999999999999915e+01,7.637217291161990218e+00
2.956000000000000227e+01,8.357651567040861096e+00
2.958000000000000185e+01,9.138337904101806686e+00
2.960000000000000142e+01,9.959621778752957511e+00
2.962000000000000099e+01,1.079118239209086205e+01
2.964000000000000057e+01,1.159016108009762647e+01
2.966000000000000014e+01,1.230094950801594855e+01
2.967999999999999972e+01,1.285808011151793728e+01
2.969999999999999929e+01,1.319355658324595915e+01
2.971999999999999886e+01,1.324889894820278791e+01
2.974000000000000199e+01,1.298993239880890016e+01
2.976000000000000156e+01,1.241960327775862893e+01
2.978000000000000114e+01,1.158275550760737360e+01
2.980000000000000071e+01,1.055890431285967956e+01
2.982000000000000028e+01,9.444551206647682662e+00
2.983999999999999986e+01,8.332143218962999143e+00
2.985999999999999943e+01,7.294115649441167193e+00
2.987999999999999901e+01,6.376610678431831936e+00
2.990000000000000213e+01,5.601862942600695838e+00
2.992000000000000171e+01,4.975008522227385654e+00
2.994000000000000128e+01,4.491275095536530593e+00
2.996000000000000085e+01,4.141413564204786013e+00
2.998000000000000043e+01,3.914933795875986444e+00
3.000000000000000000e+01,3.801577078925538977e+00
3.001999999999999957e+01,3.791749547446636281e+00
3.003999999999999915e+01,3.876647735746636680e+00
3.006000000000000227e+01,4.048568043617020606e+00
3.008000000000000185e+01,4.301459624649498714e+00
3.010000000000000142e+01,4.631436989425966821e+00
3.012000000000000099e+01,5.036940568329595358e+00
3.014000000000000057e+01,5.518418527328175394e+00
3.016000000000000014e+01,6.077559650664454693e+00
3.017999999999999972e+01,6.716133392656365331e+00
3.019999999999999929e+01,7.434436319822454564e+00
3.021999999999999886e+01,8.229283134095986441e+00
3.024000000000000199e+01,9.091472364571053788e+00
3.026000000000000156e+01,1.000274592435605925e+01
3.028000000000000114e+01,1.093249829617631086e+01
3.030000000000000071e+01,1.183492093062596773e+01
3.032000000000000028e+01,1.264787884218053726e+01
3.033999999999999986e+01,1.329542239539348536e+01
3.035999999999999943e+01,1.369594939508627363e+01
3.037999999999999901e+01,1.377688784393977706e+01
3.040000000000000213e+01,1.349381867107638122e+01
3.042000000000000171e+01,1.284791211447239156e+01
3.044000000000000128e+01,1.189310024598675497e+01
3.046000000000000085e+01,1.072694609280161870e+01
3.048000000000000043e+01,9.467085655359069207e+00
3.050000000000000000e+01,8.223413787210899883e+00
3.051999999999999957e+01,7.078035106844605018e+00
3.053999999999999915e+01,6.078934289313746575e+00
3.056000000000000227e+01,5.245006972530647182e+00
3.058000000000000185e+01,4.575951709715018190e+00
3.060000000000000142e+01,4.061603608830970380e+00
3.062000000000000099e+01,3.688380991947215026e+00
3.064000000000000057e+01,3.442769226319558840e+00
3.066000000000000014e+01,3.312617428985880963e+00
3.067999999999999972e+01,3.287170432209597148e+00
3.069999999999999929e+01,3.356753741819834769e+00
3.071999999999999886e+01,3.512832261539677869e+00
3.074000000000000199e+01,3.748615110216807711e+00
3.076000000000000156e+01,4.059811520143363772e+00
3.078000000000000114e+01,4.445037355588466355e+00
3.080000000000000071e+01,4.905663773871635769e+00
3.082000000000000028e+01,5.445172162718451503e+00
3.083999999999999986e+01,6.068133095742367367e+00
3.085999999999999943e+01,6.778835673958363728e+00
3.087999999999999901e+01,7.579478594713101813e+00
3.090000000000000213e+01,8.467762725123114009e+00
3.092000000000000171e+01,9.433732491457980984e+00
3.094000000000000128e+01,1.045585084673528264e+01
3.096000000000000085e+01,1.149663869145624950e+01
3.098000000000000043e+01,1.249885545164323375e+01
3.100000000000000000e+01,1.338413651245373792e+01
3.101999999999999957e+01,1.405693828056828210e+01
3.103999999999999915e+01,1.441673740043766117e+01
3.106000000000000227e+01,1.437938998204326957e+01
3.108000000000000185e+01,1.390359313871357827e+01
3.110000000000000142e+01,1.301215931958957306e+01
3.112000000000000099e+01,1.179539279877368152e+01
3.114000000000000057e+01,1.039040266791103839e+01
3.116000000000000014e+01,8.943962674187719841e+00
3.117999999999999972e+01,7.576953406940346802e+00
3.119999999999999929e+01,6.365859492902127492e+00
3.122000000000000242e+01,5.343996249869735315e+00
3.124000000000000199e+01,4.514207855111789236e+00
3.126000000000000156e+01,3.863109370954914024e+00
3.128000000000000114e+01,3.371537730629973861e+00
3.130000000000000071e+01,3.020456138892687825e+00
3.132000000000000028e+01,2.793474258733165350e+00
3.133999999999999986e+01,2.677224277084999216e+00
3.135999999999999943e+01,2.660556992296670753e+00
3.137999999999999901e+01,2.733559423457343485e+00
3.140000000000000213e+01,2.887345459902650902e+00
3.142000000000000171e+01,3.114838470471176457e+00
3.144000000000000128e+01,3.411863983949088297e+00
3.146000000000000085e+01,3.777765716534814633e+00
3.148000000000000043e+01,4.215315374210604205e+00
3.150000000000000000e+01,4.730111024003481823e+00
3.151999999999999957e+01,5.329687931353728203e+00
3.153999999999999915e+01,6.022399836129175732e+00
3.156000000000000227e+01,6.815956917348279021e+00
3.158000000000000185e+01,7.715387952152592099e+00
3.160000000000000142e+01,8.720127537653517891e+00
3.162000000000000099e+01,9.819949047020410049e+00
3.164000000000000057e+01,1.098964290194980009e+01
3.166000000000000014e+01,1.218283980452913084e+01
3.167999999999999972e+01,1.332637746347694296e+01
3.169999999999999929e+01,1.431815991896130313e+01
3.172000000000000242e+01,1.503307859925112666e+01
3.174000000000000199e+01,1.534174787978278864e+01
3.176000000000000156e+01,1.514310665399192857e+01
3.178000000000000114e+01,1.440302415255209212e+01
3.180000000000000071e+01,1.318070969217788502e+01
3.182000000000000028e+01,1.162319956642664920e+01
3.183999999999999986e+01,9.923581680025504781e+00
3.185999999999999943e+01,8.262982462920017923e+00
3.187999999999999901e+01,6.767494770707113361e+00
3.190000000000000213e+01,5.497411740235692790e+00
3.192000000000000171e+01,4.462187255017701304e+00
3.194000000000000128e+01,3.643191476554080932e+00
3.196000000000000085e+01,3.011571231207454957e+00
3.198000000000000043e+01,2.538257948786666773e+00
3.200000000000000000e+01,2.198299721831194820e+00
3.202000000000000313e+01,1.972157278479518494e+00
3.203999999999999915e+01,1.845397663531149535e+00
3.206000000000000227e+01,1.807261123363786082e+00
3.207999999999999829e+01,1.848635944560374389e+00
3.210000000000000142e+01,1.960748272266042980e+00
3.211999999999999744e+01,2.135662835526883629e+00
3.214000000000000057e+01,2.367950671073384861e+00
3.216000000000000369e+01,2.655972628859694318e+00
3.217999999999999972e+01,3.002122807394351778e+00
3.220000000000000284e+01,3.412375318736780017e+00
3.221999999999999886e+01,3.895625338184046438e+00
3.224000000000000199e+01,4.463042238144259599e+00
3.225999999999999801e+01,5.127399626539308919e+00
3.228000000000000114e+01,5.902194979401916619e+00
3.229999999999999716e+01,6.800269355507233549e+00
3.232000000000000028e+01,7.831533451301380566e+00
3.234000000000000341e+01,8.999307233005154671e+00
3.235999999999999943e+01,1.029473737317590576e+01
3.238000000000000256e+01,1.168893408140083778e+01
3.239999999999999858e+01,1.312317274397443256e+01
3.242000000000000171e+01,1.449917347909802601e+01
3.243999999999999773e+01,1.567439013113940938e+01
3.246000000000000085e+01,1.647068301495975717e+01
3.248000000000000398e+01,1.670561310145268763e+01
3.250000000000000000e+01,1.624826359527528652e+01
3.252000000000000313e+01,1.508277763266860561e+01
3.253999999999999915e+01,1.334244427540372868e+01
3.256000000000000227e+01,1.127990704215250162e+01
3.257999999999999829e+01,9.178849362659226685e+00
3.260000000000000142e+01,7.259766433425006049e+00
3.261999999999999744e+01,5.635521366194899073e+00
3.264000000000000057e+01,4.326192978447661375e+00
3.266000000000000369e+01,3.300411852018104941e+00
3.267999999999999972e+01,2.510041638303317946e+00
3.270000000000000284e+01,1.908029665660993190e+00
3.271999999999999886e+01,1.454319560451888149e+00
3.274000000000000199e+01,1.116504383960407631e+00
3.275999999999999801e+01,8.689508043365150591e-01
3.278000000000000114e+01,6.917857022706663805e-01
3.279999999999999716e+01,5.701206969268182156e-01
3.282000000000000028e+01,4.935582414759783765e-01
3.284000000000000341e+01,4.557768074856163865e-01
3.285999999999999943e+01,4.534829011761800088e-01
3.288000000000000256e+01,4.839937833033694514e-01
3.289999999999999858e+01,5.430403411325366303e-01
3.292000000000000171e+01,6.256387105543962379e-01
3.293999999999999773e+01,7.286055803913314977e-01
3.296000000000000085e+01,8.516600491177320764e-01
3.298000000000000398e+01,9.970926998646976180e-01
3.300000000000000000e+01,1.169155878257125636e+00
3.302000000000000313e+01,1.373698356407692112e+00
3.303999999999999915e+01,1.618082314382512488e+00
3.306000000000000227e+01,1.911300321741449926e+00
3.307999999999999829e+01,2.264218596127761440e+00
3.310000000000000142e+01,2.689891306305301377e+00
3.311999999999999744e+01,3.203897579573948828e+00
3.314000000000000057e+01,3.824628223084563849e+00
3.316000000000000369e+01,4.573399421506403328e+00
3.317999999999999972e+01,5.474172160927901487e+00
3.320000000000000284e+01,6.552478717940756425e+00
3.321999999999999886e+01,7.832890684461693453e+00
3.324000000000000199e+01,9.333958224337322918e+00
3.325999999999999801e+01,1.105908935979760699e+01
3.328000000000000114e+01,1.298156860358733944e+01
3.329999999999999716e+01,1.502264659442920447e+01
3.332000000000000028e+01,1.702501737625014044e+01
3.334000000000000341e+01,1.873235674442511112e+01
3.335999999999999943e+01,1.979909893728578751e+01
3.338000000000000256e+01,1.986385127384652449e+01
3.339999999999999858e+01,1.869927506993960620e+01
3.342000000000000171e+01,1.637939475553310587e+01
3.343999999999999773e+01,1.332729360276982966e+01
3.346000000000000085e+01,1.014673423845071731e+01
3.348000000000000398e+01,7.334014552249666252e+00
3.350000000000000000e+01,5.102539055941320179e+00
3.352000000000000313e+01,3.427978676052236384e+00
3.353999999999999915e+01,2.192982814966657035e+00
3.356000000000000227e+01,1.282370331374271588e+00
3.357999999999999829e+01,6.072241820304463689e-01
3.360000000000000142e+01,9.939147760620736793e-02
3.361999999999999744e+01,-2.956916269817750909e-01
3.364000000000000057e+01,-6.198970475374181444e-01
3.366000000000000369e+01,-9.005979576436009548e-01
3.367999999999999972e+01,-1.153015788195258517e+00
3.370000000000000284e+01,-1.386343902556381291e+00
3.371999999999999886e+01,-1.608564070722833250e+00
3.374000000000000199e+01,-1.828199987393589687e+00
3.375999999999999801e+01,-2.054285239549459074e+00
3.378000000000000114e+01,-2.295875855066297433e+00
3.379999999999999716e+01,-2.561660040773216185e+00
3.382000000000000028e+01,-2.859733155595278298e+00
3.384000000000000341e+01,-3.197425998838549610e+00
3.385999999999999943e+01,-3.581041365145549271e+00
3.388000000000000256e+01,-4.015353482997351620e+00
3.389999999999999858e+01,-4.502744567356994132e+00
3.392000000000000171e+01,-5.041876758249004276e+00
3.393999999999999773e+01,-5.625873265689544489e+00
3.396000000000000085e+01,-6.240150545812154448e+00
3.398000000000000398e+01,-6.860359350110702970e+00
3.400000000000000000e+01,-7.451352494184075859e+00
3.402000000000000313e+01,-7.968535954057405668e+00
3.403999999999999915e+01,-8.362939226141941518e+00
3.406000000000000227e+01,-8.590261491756939094e+00
3.407999999999999829e+01,-8.621816265736820029e+00
3.410000000000000142e+01,-8.452824639702258835e+00
3.411999999999999744e+01,-8.103296415945374420e+00
3.414000000000000057e+01,-7.610382314130439418e+00
3.416000000000000369e+01,-7.016597918280131907e+00
3.417999999999999972e+01,-6.360799295308456891e+00
3.420000000000000284e+01,-5.675541895311775775e+00
3.421999999999999886e+01,-4.988862176827273842e+00
3.424000000000000199e+01,-4.326282324478555097e+00
3.425999999999999801e+01,-3.710917484110613174e+00
3.428000000000000114e+01,-3.162249450122973204e+00
3.430000000000000426e+01,-2.694805832422162428e+00
3.432000000000000028e+01,-2.317248344864358600e+00
3.434000000000000341e+01,-2.031825578145430633e+00
3.435999999999999943e+01,-1.834465138810107643e+00
3.438000000000000256e+01,-1.716216914617984424e+00
3.439999999999999858e+01,-1.666057692815749558e+00
3.442000000000000171e+01,-1.673797883801307007e+00
3.443999999999999773e+01,-1.731832853489635449e+00
3.446000000000000085e+01,-1.835602251202946178e+00
3.448000000000000398e+01,-1.983324948058969417e+00
3.450000000000000000e+01,-2.175521225450879559e+00
3.452000000000000313e+01,-2.414547369695567713e+00
3.453999999999999915e+01,-2.704169652621568609e+00
3.456000000000000227e+01,-3.049113554609125476e+00
3.457999999999999829e+01,-3.454480729720872834e+00
3.460000000000000142e+01,-3.924895001129116601e+00
3.461999999999999744e+01,-4.463209105387972109e+00
3.464000000000000057e+01,-5.068597246526508115e+00
3.466000000000000369e+01,-5.733913949911272567e+00
3.467999999999999972e+01,-6.442411014678301129e+00
3.470000000000000284e+01,-7.164371707376377962e+00
3.471999999999999886e+01,-7.855006208120134836e+00
3.474000000000000199e+01,-8.455829335916117628e+00
3.475999999999999801e+01,-8.901942695872483213e+00
3.478000000000000114e+01,-9.135905916899215384e+00
3.480000000000000426e+01,-9.124625427944494049e+00
3.482000000000000028e+01,-8.871041003941924075e+00
3.484000000000000341e+01,-8.412374420465209113e+00
3.485999999999999943e+01,-7.804403706342340818e+00
3.488000000000000256e+01,-7.101724211327755221e+00
3.489999999999999858e+01,-6.346677679293388330e+00
3.492000000000000171e+01,-5.570598284713478066e+00
3.493999999999999773e+01,-4.800178908336932615e+00
3.496000000000000085e+01,-4.060823072883777307e+00
3.498000000000000398e+01,-3.375518756827954991e+00
3.500000000000000000e+01,-2.762307618021054179e+00
3.502000000000000313e+01,-2.232987292618274999e+00
3.503999999999999915e+01,-1.793533972048496627e+00
3.506000000000000227e+01,-1.445324821994619979e+00
3.507999999999999829e+01,-1.185858038457144437e+00
3.510000000000000142e+01,-1.008344704004562109e+00
3.511999999999999744e+01,-9.014539658467838334e-01
3.514000000000000057e+01,-8.513710887114578352e-01
3.516000000000000369e+01,-8.454790882854338330e-01
3.517999999999999972e+01,-8.747534613832319561e-01
3.520000000000000284e+01,-9.340078710768499048e-01
3.521999999999999886e+01,-1.021139672994037406e+00
3.524000000000000199e+01,-1.136349790142960670e+00
3.525999999999999801e+01,-1.281625989259248755e+00
3.528000000000000114e+01,-1.460463784196728065e+00
3.530000000000000426e+01,-1.677737813937163036e+00
3.532000000000000028e+01,-1.939647059974061838e+00
3.534000000000000341e+01,-2.253662768410781503e+00
3.535999999999999943e+01,-2.628396686103693369e+00
3.538000000000000256e+01,-3.073275969683765041e+00
3.539999999999999858e+01,-3.597849239628859053e+00
3.542000000000000171e+01,-4.210467275478715798e+00
3.543999999999999773e+01,-4.915987325328853075e+00
3.546000000000000085e+01,-5.712108751950042418e+00
3.548000000000000398e+01,-6.584100874275617521e+00
3.550000000000000000e+01,-7.498313944649249052e+00
3.552000000000000313e+01,-8.396320749718332976e+00
3.553999999999999915e+01,-9.193835549498343696e+00
3.556000000000000227e+01,-9.790414363223520766e+00
3.557999999999999829e+01,-1.009395098295183324e+01
3.560000000000000142e+01,-1.005467421585576560e+01
3.561999999999999744e+01,-9.690026695883414476e+00
3.564000000000000057e+01,-9.078714328111924914e+00
3.566000000000000369e+01,-8.321596084575361374e+00
3.567999999999999972e+01,-7.497167272624394307e+00
3.570000000000000284e+01,-6.646690444221669658e+00
3.571999999999999886e+01,-5.792526401458529151e+00
3.574000000000000199e+01,-4.960335215415060617e+00
3.575999999999999801e+01,-4.184056780035727563e+00
3.578000000000000114e+01,-3.498814778668654313e+00
3.580000000000000426e+01,-2.933796968951194017e+00
3.582000000000000028e+01,-2.509066894984939289e+00
3.584000000000000341e+01,-2.233388808293216066e+00
3.585999999999999943e+01,-2.100588285543200318e+00
3.588000000000000256e+01,-2.089178677573814369e+00
3.589999999999999858e+01,-2.171223633655951613e+00
3.592000000000000171e+01,-2.324159644280601622e+00
3.593999999999999773e+01,-2.535979230934661821e+00
3.596000000000000085e+01,-2.804070281245456542e+00
3.598000000000000398e+01,-3.132306557556634896e+00
3.600000000000000000e+01,-3.528811490934081085e+00
3.602000000000000313e+01,-4.004743785147783619e+00
3.603999999999999915e+01,-4.573784245592603881e+00
3.606000000000000227e+01,-5.251951925147353428e+00
3.607999999999999829e+01,-6.057441369364894079e+00
3.610000000000000142e+01,-7.010197925468474089e+00
3.611999999999999744e+01,-8.130902116663978774e+00
3.614000000000000057e+01,-9.438912676335640128e+00
3.616000000000000369e+01,-1.094853700222497750e+01
3.617999999999999972e+01,-1.266280723672896613e+01
3.620000000000000284e+01,-1.456389303408193925e+01
3.621999999999999886e+01,-1.659972840380231673e+01
3.624000000000000199e+01,-1.866801313537505891e+01
3.625999999999999801e+01,-2.060228716787221970e+01
3.628000000000000114e+01,-2.217041434956932378e+01
3.630000000000000426e+01,-2.310090409220201124e+01
3.632000000000000028e+01,-2.314925555156486325e+01
3.634000000000000341e+01,-2.219491641263670445e+01
3.635999999999999943e+01,-2.032258221576865864e+01
3.638000000000000256e+01,-1.782256125106220068e+01
3.639999999999999858e+01,-1.508559243992381482e+01
3.642000000000000171e+01,-1.245200620877467301e+01
3.643999999999999773e+01,-1.011623005635015815e+01
3.646000000000000085e+01,-8.131860046924888508e+00
3.648000000000000398e+01,-6.474921200827260748e+00
3.650000000000000000e+01,-5.100496796817786560e+00
3.652000000000000313e+01,-3.967859079396086841e+00
3.653999999999999915e+01,-3.044214960445951412e+00
3.656000000000000227e+01,-2.301937274992818416e+00
3.657999999999999829e+01,-1.716286850777189787e+00
3.660000000000000142e+01,-1.264783511641930369e+00
3.661999999999999744e+01,-9.273676367401919585e-01
3.664000000000000057e+01,-6.861667724494195930e-01
3.666000000000000369e+01,-5.240904726128488011e-01
3.667999999999999972e+01,-4.233732900826580048e-01
3.670000000000000284e+01,-3.668298427635225401e-01
3.671999999999999886e+01,-3.410232797326182563e-01
3.674000000000000199e+01,-3.374676055633730187e-01
3.675999999999999801e+01,-3.515445016062104799e-01
3.678000000000000114e+01,-3.810835648296642120e-01
3.680000000000000426e+01,-4.254579026714989110e-01
3.682000000000000028e+01,-4.851340357454092533e-01
3.684000000000000341e+01,-5.614774311500597692e-01
3.685999999999999943e+01,-6.566891989616971959e-01
3.688000000000000256e+01,-7.738123423659121203e-01
3.689999999999999858e+01,-9.167739886132132421e-01
3.692000000000000171e+01,-1.090438818200887283e+00
3.693999999999999773e+01,-1.300640984909520848e+00
3.696000000000000085e+01,-1.554142999083152343e+00
3.698000000000000398e+01,-1.858429607933061112e+00
3.700000000000000000e+01,-2.221180869027212790e+00
3.702000000000000313e+01,-2.649163738061056872e+00
3.703999999999999915e+01,-3.146137017114402745e+00
3.706000000000000227e+01,-3.709202041719565468e+00
3.707999999999999829e+01,-4.322963428150713661e+00
3.710000000000000142e+01,-4.951201274770712146e+00
3.711999999999999744e+01,-5.527131766980216021e+00
3.714000000000000057e+01,-5.946605724608652999e+00
3.716000000000000369e+01,-6.073781757635781098e+00
3.717999999999999972e+01,-5.772251055692908750e+00
3.720000000000000284e+01,-4.966379609191112543e+00
3.721999999999999886e+01,-3.708986703253024597e+00
3.724000000000000199e+01,-2.199356953633401002e+00
3.725999999999999801e+01,-7.109238442903257349e-01
3.728000000000000114e+01,5.315414774309787926e-01
3.730000000000000426e+01,1.427493021257331574e+00
3.732000000000000028e+01,1.986707358837425774e+00
3.734000000000000341e+01,2.276672518647458343e+00
3.735999999999999943e+01,2.383861594570002573e+00
3.738000000000000256e+01,2.393770001274994286e+00
3.739999999999999858e+01,2.380246842839748300e+00
3.742000000000000171e+01,2.398854365681541978e+00
3.743999999999999773e+01,2.481374415340501738e+00
3.746000000000000085e+01,2.634435112705264537e+00
3.748000000000000398e+01,2.848004927527197250e+00
3.750000000000000000e+01,3.109266544163109103e+00
3.752000000000000313e+01,3.411543294765221113e+00
3.753999999999999915e+01,3.755890881497637945e+00
3.756000000000000227e+01,4.149145061064215767e+00
3.757999999999999829e+01,4.601587320294375338e+00
3.760000000000000142e+01,5.125286161139183783e+00
3.761999999999999744e+01,5.733073957270469201e+00
3.764000000000000057e+01,6.437805726405032125e+00
3.766000000000000369e+01,7.251513432578630791e+00
3.767999999999999972e+01,8.184092890923169605e+00
3.770000000000000284e+01,9.241172916159561268e+00
3.771999999999999886e+01,1.042083637462848600e+01
3.774000000000000199e+01,1.170895990152003563e+01
3.775999999999999801e+01,1.307325455899044719e+01
3.778000000000000114e+01,1.445680850372420601e+01
3.780000000000000426e+01,1.577321439731736952e+01
3.782000000000000028e+01,1.690705409686357186e+01
3.784000000000000341e+01,1.772466698092463133e+01
3.785999999999999943e+01,1.809869753724374419e+01
3.788000000000000256e+01,1.794371409114046401e+01
3.789999999999999858e+01,1.725011765863306934e+01
3.792000000000000171e+01,1.609682744353462169e+01
3.793999999999999773e+01,1.462997012528152041e+01
3.796000000000000085e+01,1.301556371223108144e+01
3.798000000000000398e+01,1.139266773375240227e+01
3.800000000000000000e+01,9.851035154504527824e+00
3.802000000000000313e+01,8.436243587678809774e+00
3.803999999999999915e+01,7.167407764420313576e+00
3.806000000000000227e+01,6.052240792186389662e+00
3.807999999999999829e+01,5.094395308374804365e+00
3.810000000000000142e+01,4.295475905539488437e+00
3.811999999999999744e+01,3.655127695696251955e+00
3.814000000000000057e+01,3.170647514618996965e+00
3.816000000000000369e+01,2.836040417492687649e+00
3.817999999999999972e+01,2.640686545689190812e+00
3.820000000000000284e+01,2.569205047156327471e+00
3.821999999999999886e+01,2.604030499565079371e+00
3.824000000000000199e+01,2.729568706095282682e+00
3.825999999999999801e+01,2.935260892302205882e+00
3.828000000000000114e+01,3.216474574029625444e+00
3.830000000000000426e+01,3.573969277979753834e+00
3.832000000000000028e+01,4.012944041141015106e+00
3.834000000000000341e+01,4.542162661033454008e+00
3.835999999999999943e+01,5.173222238996740607e+00
3.838000000000000256e+01,5.919820229532551714e+00
3.839999999999999858e+01,6.796772050468977255e+00
3.842000000000000171e+01,7.818447814257270423e+00
3.843999999999999773e+01,8.996190772889416820e+00
3.846000000000000085e+01,1.033417665453058554e+01
3.848000000000000398e+01,1.182314893744157303e+01
3.850000000000000000e+01,1.343171937907580826e+01
3.852000000000000313e+01,1.509581113502783190e+01
3.853999999999999915e+01,1.670880098740209974e+01
3.856000000000000227e+01,1.811813665433414755e+01
3.857999999999999829e+01,1.913744771734555528e+01
3.860000000000000142e+01,1.958255599600748553e+01
3.861999999999999744e+01,1.932965154860687207e+01
3.864000000000000057e+01,1.837363323945033855e+01
3.866000000000000369e+01,1.684858481521011342e+01
3.867999999999999972e+01,1.498490503295732168e+01
3.870000000000000284e+01,1.302189629093238743e+01
3.871999999999999886e+01,1.113179877547268859e+01
3.874000000000000199e+01,9.398600051380466169e+00
3.875999999999999801e+01,7.844885908671160202e+00
3.878000000000000114e+01,6.468666923742683039e+00
3.880000000000000426e+01,5.264171111137976311e+00
3.882000000000000028e+01,4.226227066764303153e+00
3.884000000000000341e+01,3.348128626581400535e+00
3.885999999999999943e+01,2.619701178991777901e+00
3.888000000000000256e+01,2.027285594225325838e+00
3.889999999999999858e+01,1.555060332292817149e+00
3.892000000000000171e+01,1.186832324821821771e+00
3.893999999999999773e+01,9.077624651219283747e-01
3.896000000000000085e+01,7.057048281913111953e-01
3.898000000000000398e+01,5.715563696408548777e-01
3.900000000000000000e+01,4.974908633732477159e-01
3.902000000000000313e+01,4.736608548672939789e-01
3.903999999999999915e+01,4.879923153551503634e-01
3.906000000000000227e+01,5.301551766871024363e-01
3.907999999999999829e+01,5.942033595307703031e-01
3.910000000000000142e+01,6.781821947257327121e-01
3.911999999999999744e+01,7.828761830261933286e-01
3.914000000000000057e+01,9.109342703126741547e-01
3.916000000000000369e+01,1.066469719067623334e+00
3.917999999999999972e+01,1.254972088678009356e+00
3.920000000000000284e+01,1.483406163318436999e+00
3.921999999999999886e+01,1.760431779402356955e+00
3.924000000000000199e+01,2.096713058817341491e+00
3.925999999999999801e+01,2.505298812435998279e+00
3.928000000000000114e+01,3.002054324288682352e+00
3.930000000000000426e+01,3.606106372228158108e+00
3.932000000000000028e+01,4.340222770740323810e+00
3.934000000000000341e+01,5.230969591909018668e+00
3.935999999999999943e+01,6.308349002156950824e+00
3.938000000000000256e+01,7.604380820783407380e+00
3.939999999999999858e+01,9.149710568653343756e+00
3.942000000000000171e+01,1.096678452897126554e+01
3.943999999999999773e+01,1.305754932488200204e+01
3.946000000000000085e+01,1.538348949757414452e+01
3.948000000000000398e+01,1.783745665992544360e+01
3.950000000000000000e+01,2.021269883889848984e+01
3.952000000000000313e+01,2.218739878828343137e+01
3.953999999999999915e+01,2.335966372120787682e+01
3.956000000000000227e+01,2.336806922372278805e+01
3.957999999999999829e+01,2.208124794143116532e+01
3.960000000000000142e+01,1.973929468132208598e+01
3.961999999999999744e+01,1.689021596262451297e+01
3.964000000000000057e+01,1.411031228676630356e+01
3.966000000000000369e+01,1.172504439000284471e+01
3.967999999999999972e+01,9.768004536121473791e+00
3.970000000000000284e+01,8.150476851882594076e+00
3.971999999999999886e+01,6.811514380813449954e+00
3.974000000000000199e+01,5.743406371344969230e+00
3.975999999999999801e+01,4.954316341310883054e+00
3.978000000000000114e+01,4.433881224280918687e+00
3.980000000000000426e+01,4.144151015353034317e+00
3.982000000000000028e+01,4.033680897618588723e+00
3.984000000000000341e+01,4.056838956080077274e+00
3.985999999999999943e+01,4.183019818366793707e+00
3.988000000000000256e+01,4.395833621392150725e+00
3.989999999999999858e+01,4.688745319743376605e+00
3.992000000000000171e+01,5.061063786931910613e+00
3.993999999999999773e+01,5.515154683731709362e+00
3.996000000000000085e+01,6.054562373811260834e+00
3.998000000000000398e+01,6.682526103903300374e+00
4.000000000000000000e+01,7.400449999812622970e+00
4.002000000000000313e+01,8.205990410174587524e+00
4.003999999999999915e+01,9.090534578992086168e+00
4.006000000000000227e+01,1.003599677705240367e+01
4.007999999999999829e+01,1.101114118316450785e+01
4.010000000000000142e+01,1.196812202926296820e+01
4.011999999999999744e+01,1.284065310886361999e+01
4.014000000000000057e+01,1.354600473341798939e+01
4.016000000000000369e+01,1.399334208008422920e+01
4.017999999999999972e+01,1.409982375129533771e+01
4.020000000000000284e+01,1.381253671361912971e+01
4.021999999999999886e+01,1.312935702358353396e+01
4.024000000000000199e+01,1.210836469870037568e+01
4.025999999999999801e+01,1.085798934531346127e+01
4.028000000000000114e+01,9.509622771206245773e+00
4.030000000000000426e+01,8.184949942682958834e+00
4.032000000000000028e+01,6.972775291331005043e+00
4.034000000000000341e+01,5.922490882540366819e+00
4.035999999999999943e+01,5.050898643913940944e+00
4.038000000000000256e+01,4.354209795485181722e+00
4.039999999999999858e+01,3.818802210694212551e+00
4.042000000000000171e+01,3.428315403936487371e+00
4.043999999999999773e+01,3.167303810390520891e+00
4.046000000000000085e+01,3.022461979361664053e+00
4.048000000000000398e+01,2.982423695685542331e+00
4.050000000000000000e+01,3.037112014057169240e+00
4.052000000000000313e+01,3.177526355352819465e+00
4.053999999999999915e+01,3.396304917881451502e+00
4.056000000000000227e+01,3.688643119956326100e+00
4.057999999999999829e+01,4.052907391210929688e+00
4.060000000000000142e+01,4.490633389382808538e+00
4.061999999999999744e+01,5.005984217670026659e+00
4.064000000000000057e+01,5.604843307291734966e+00
4.066000000000000369e+01,6.293610140995214763e+00
4.067999999999999972e+01,7.077619664957049750e+00
4.070000000000000284e+01,7.958997040705114934e+00
4.071999999999999886e+01,8.933716233374028093e+00
4.074000000000000199e+01,9.987685098968961839e+00
4.075999999999999801e+01,1.109191567759801167e+01
4.078000000000000114e+01,1.219737129765862349e+01
4.080000000000000426e+01,1.323103286213616769e+01
4.082000000000000028e+01,1.409600382212027370e+01
4.084000000000000341e+01,1.467948768055692987e+01
4.085999999999999943e+01,1.487182295566074153e+01
4.088000000000000256e+01,1.459570110239881302e+01
4.089999999999999858e+01,1.383707871537936107e+01
4.092000000000000171e+01,1.266233564744198858e+01
4.093999999999999773e+01,1.120784845740537072e+01
4.096000000000000085e+01,9.642240829029697480e+00
4.098000000000000398e+01,8.119434673676632741e+00
4.100000000000000000e+01,6.746076315540757484e+00
4.102000000000000313e+01,5.574530810155970961e+00
4.103999999999999915e+01,4.615188227672389232e+00
4.106000000000000227e+01,3.854545668812169090e+00
4.107999999999999829e+01,3.269709509974599637e+00
4.110000000000000142e+01,2.836936411874317443e+00
4.111999999999999744e+01,2.535566461162158891e+00
4.114000000000000057e+01,2.349165345046268616e+00
4.116000000000000369e+01,2.264996906295174917e+00
4.117999999999999972e+01,2.272588766987697628e+00
4.120000000000000284e+01,2.362437288221887588e+00
4.121999999999999886e+01,2.525916945803869051e+00
4.124000000000000199e+01,2.756408584445693588e+00
4.125999999999999801e+01,3.050584622059880235e+00
4.128000000000000114e+01,3.408970798134276059e+00
4.130000000000000426e+01,3.835728509070409853e+00
4.132000000000000028e+01,4.338009486482891752e+00
4.134000000000000341e+01,4.925145974109620184e+00
4.135999999999999943e+01,5.607711370392128636e+00
4.138000000000000256e+01,6.396302903799186979e+00
4.139999999999999858e+01,7.299777824110872615e+00
4.142000000000000171e+01,8.322583243242839046e+00
4.143999999999999773e+01,9.460782965844392933e+00
4.146000000000000085e+01,1.069645910584284287e+01
4.148000000000000398e+01,1.199053820725332642e+01
4.150000000000000000e+01,1.327500595203861877e+01
4.152000000000000313e+01,1.444719098416720371e+01
4.153999999999999915e+01,1.537115440815575873e+01
4.156000000000000227e+01,1.589291576140291440e+01
4.157999999999999829e+01,1.587423329620232337e+01
4.160000000000000142e+01,1.524051645474225580e+01
4.161999999999999744e+01,1.402354819161202926e+01
4.164000000000000057e+01,1.237059991324804642e+01
4.166000000000000369e+01,1.050406108470840394e+01
4.167999999999999972e+01,8.648645352348406590e+00
4.170000000000000284e+01,6.968038215826614312e+00
4.171999999999999886e+01,5.542554840507317948e+00
4.174000000000000199e+01,4.385268870399193553e+00
4.175999999999999801e+01,3.472145622096700635e+00
4.178000000000000114e+01,2.766229215907355599e+00
4.180000000000000426e+01,2.230646604963899104e+00
4.182000000000000028e+01,1.833673741625893250e+00
4.184000000000000341e+01,1.550032757912274572e+00
4.185999999999999943e+01,1.360822511494613751e+00
4.188000000000000256e+01,1.252850827591938998e+00
4.189999999999999858e+01,1.217173931295603362e+00
4.192000000000000171e+01,1.246690019664119076e+00
4.193999999999999773e+01,1.334023707307963047e+00
4.196000000000000085e+01,1.471652636272067660e+00
4.198000000000000398e+01,1.653957672129816592e+00
4.200000000000000000e+01,1.878940214075003112e+00
4.202000000000000313e+01,2.148566235161303517e+00
4.203999999999999915e+01,2.468282488893732474e+00
4.206000000000000227e+01,2.846417221745982218e+00
4.207999999999999829e+01,3.293757805645236569e+00
4.210000000000000142e+01,3.823296291452060292e+00
4.211999999999999744e+01,4.450013079369215419e+00
4.214000000000000057e+01,5.190502002082272526e+00
4.216000000000000369e+01,6.062179565922089175e+00
4.217999999999999972e+01,7.081695649182583985e+00
4.220000000000000284e+01,8.262007973088627111e+00
4.221999999999999886e+01,9.607384936781564022e+00
4.224000000000000199e+01,1.110549845184386264e+01
4.225999999999999801e+01,1.271602734851991734e+01
4.228000000000000114e+01,1.435638246252498718e+01
4.230000000000000426e+01,1.588811406930961034e+01
4.232000000000000028e+01,1.711273865608531253e+01
4.234000000000000341e+01,1.779133796766409148e+01
4.235999999999999943e+01,1.770152858577515786e+01
4.238000000000000256e+01,1.672754276284947395e+01
4.239999999999999858e+01,1.494308906790102043e+01
4.242000000000000171e+01,1.262150636243541690e+01
4.243999999999999773e+01,1.014009695421678181e+01
4.246000000000000085e+01,7.830749634916886137e+00
4.248000000000000398e+01,5.879470870806198235e+00
4.250000000000000000e+01,4.326649892805717101e+00
4.252000000000000313e+01,3.129032536582628587e+00
4.253999999999999915e+01,2.218430491975195373e+00
4.256000000000000227e+01,1.530962918302322118e+00
4.257999999999999829e+01,1.014776809169167349e+00
4.260000000000000142e+01,6.292911246490210386e-01
4.261999999999999744e+01,3.426012062763479360e-01
4.264000000000000057e+01,1.288904102808617613e-01
4.266000000000000369e+01,-3.376598621119637073e-02
4.267999999999999972e+01,-1.642635940359451208e-01
4.270000000000000284e+01,-2.771188366682841853e-01
4.271999999999999886e+01,-3.811727756228148190e-01
4.274000000000000199e+01,-4.811963438951945005e-01
4.275999999999999801e+01,-5.806900230668835539e-01
4.278000000000000114e+01,-6.834004484709897964e-01
4.280000000000000426e+01,-7.935971670666183142e-01
4.282000000000000028e+01,-9.159587594684939216e-01
4.284000000000000341e+01,-1.055500929241428798e+00
4.285999999999999943e+01,-1.217626920864108842e+00
4.288000000000000256e+01,-1.408264986366647431e+00
4.289999999999999858e+01,-1.634040526657997816e+00
4.292000000000000171e+01,-1.902439634884400821e+00
4.293999999999999773e+01,-2.221914894405862206e+00
4.296000000000000085e+01,-2.601870198839832060e+00
4.298000000000000398e+01,-3.052416971346486374e+00
4.300000000000000000e+01,-3.583732354829877398e+00
4.302000000000000313e+01,-4.204756817574063277e+00
4.303999999999999915e+01,-4.920865979894679221e+00
4.306000000000000227e+01,-5.730098911597012012e+00
4.307999999999999829e+01,-6.617674371905175157e+00
4.310000000000000142e+01,-7.549179849958942867e+00
4.311999999999999744e+01,-8.464361228757979916e+00
4.314000000000000057e+01,-9.275913841685571981e+00
4.316000000000000369e+01,-9.879709313125236037e+00
4.317999999999999972e+01,-1.018078553223815952e+01
4.320000000000000284e+01,-1.012935140948532187e+01
4.321999999999999886e+01,-9.746660809215924814e+00
4.324000000000000199e+01,-9.117527021219393291e+00
4.325999999999999801e+01,-8.347655366202566540e+00
4.328000000000000114e+01,-7.516547054414218110e+00
4.330000000000000426e+01,-6.663673308105978244e+00
4.332000000000000028e+01,-5.810023397305560167e+00
4.334000000000000341e+01,-4.981956426925743919e+00
4.335999999999999943e+01,-4.215551189761892026e+00
4.338000000000000256e+01,-3.548409984655308769e+00
4.339999999999999858e+01,-3.011757180547570023e+00
4.342000000000000171e+01,-2.626078005624112865e+00
4.343999999999999773e+01,-2.397115443086608177e+00
4.346000000000000085e+01,-2.312299297184021718e+00
4.348000000000000398e+01,-2.344716908362013630e+00
4.350000000000000000e+01,-2.465786946146644620e+00
4.352000000000000313e+01,-2.655819407387724151e+00
4.353999999999999915e+01,-2.906311805695177775e+00
4.356000000000000227e+01,-3.217484039251480077e+00
4.357999999999999829e+01,-3.595309973244153134e+00
4.360000000000000142e+01,-4.049543204535049234e+00
4.361999999999999744e+01,-4.592701864949043866e+00
4.364000000000000057e+01,-5.239613478439034466e+00
4.366000000000000369e+01,-6.007138785149813920e+00
4.367999999999999972e+01,-6.913746600698257083e+00
4.370000000000000284e+01,-7.978605725057089870e+00
4.371999999999999886e+01,-9.219781926644882830e+00
4.374000000000000199e+01,-1.065098728382358040e+01
4.375999999999999801e+01,-1.227617314398986714e+01
4.378000000000000114e+01,-1.408120860881424008e+01
4.380000000000000426e+01,-1.602222157496195720e+01
4.382000000000000028e+01,-1.801141314041545627e+01
4.384000000000000341e+01,-1.990396432499284884e+01
4.385999999999999943e+01,-2.149428270599203117e+01
4.388000000000000256e+01,-2.253451989149703039e+01
4.389999999999999858e+01,-2.278721820920239338e+01
4.392000000000000171e+01,-2.210858891106925128e+01
4.393999999999999773e+01,-2.052865860876562465e+01
4.396000000000000085e+01,-1.827203415322316005e+01
4.398000000000000398e+01,-1.568537596009673329e+01
4.400000000000000000e+01,-1.310606998554124480e+01
4.402000000000000313e+01,-1.075741301088249102e+01
4.403999999999999915e+01,-8.727935967806097040e+00
4.406000000000000227e+01,-7.016740757835040476e+00
4.407999999999999829e+01,-5.588465637711241385e+00
4.410000000000000142e+01,-4.404480565629457445e+00
4.411999999999999744e+01,-3.431675062218667804e+00
4.414000000000000057e+01,-2.641673867879974047e+00
4.416000000000000369e+01,-2.008744741462402228e+00
4.417999999999999972e+01,-1.508838212333638795e+00
4.420000000000000284e+01,-1.119618068676943023e+00
4.421999999999999886e+01,-8.208792099817063814e-01
4.424000000000000199e+01,-5.949562332380308183e-01
4.425999999999999801e+01,-4.269670116408806337e-01
4.428000000000000114e+01,-3.048522314483323448e-01
4.430000000000000426e+01,-2.191433154818042128e-01
4.432000000000000028e+01,-1.622870802916130673e-01
4.434000000000000341e+01,-1.276127834795997285e-01
4.435999999999999943e+01,-1.089093593288793932e-01
4.438000000000000256e+01,-1.011624551108339515e-01
4.439999999999999858e+01,-1.011464603074323509e-01
4.442000000000000171e+01,-1.071407224680890752e-01
4.443999999999999773e+01,-1.183898580437468678e-01
4.446000000000000085e+01,-1.347392684185113598e-01
4.448000000000000398e+01,-1.564553726577279091e-01
4.450000000000000000e+01,-1.841529950963631812e-01
4.452000000000000313e+01,-2.187800604271577243e-01
4.453999999999999915e+01,-2.616364190631901843e-01
4.456000000000000227e+01,-3.144181901890060749e-01
4.457999999999999829e+01,-3.792842642111862173e-01
4.460000000000000142e+01,-4.589452664060840181e-01
4.461999999999999744e+01,-5.567753602584916139e-01
4.464000000000000057e+01,-6.769471567358685826e-01
4.466000000000000369e+01,-8.245865111829917549e-01
4.467999999999999972e+01,-1.005937707903824085e+00
4.470000000000000284e+01,-1.228515230530366154e+00
4.471999999999999886e+01,-1.501191523502916958e+00
4.474000000000000199e+01,-1.834119497109431007e+00
4.475999999999999801e+01,-2.238298185302518561e+00
4.478000000000000114e+01,-2.724434032849445408e+00
4.480000000000000426e+01,-3.300506702332301145e+00
4.482000000000000028e+01,-3.967114424469344591e+00
4.484000000000000341e+01,-4.709381758908605775e+00
4.485999999999999943e+01,-5.484416059172073865e+00
4.488000000000000256e+01,-6.205172693152583463e+00
4.489999999999999858e+01,-6.727101157746879778e+00
4.492000000000000171e+01,-6.854117318803813141e+00
4.493999999999999773e+01,-6.388907623914331424e+00
4.496000000000000085e+01,-5.237674708031731186e+00
4.498000000000000398e+01,-3.519919190710166124e+00
4.500000000000000000e+01,-1.571376523290167748e+00
4.502000000000000313e+01,2.176841558966217116e-01
4.503999999999999915e+01,1.604942105330677604e+00
4.506000000000000227e+01,2.549609102617387713e+00
4.507999999999999829e+01,3.125967999695300481e+00
4.510000000000000142e+01,3.446649438984552560e+00
4.511999999999999744e+01,3.631016913509501620e+00
4.514000000000000057e+01,3.782113875852239904e+00
4.516000000000000369e+01,3.967134640369801346e+00
4.517999999999999972e+01,4.211704060443087982e+00
4.520000000000000284e+01,4.512018275043407023e+00
4.521999999999999886e+01,4.854839258094212795e+00
4.524000000000000199e+01,5.231226791135850540e+00
4.525999999999999801e+01,5.640362029709903524e+00
4.528000000000000114e+01,6.087788393266682974e+00
4.530000000000000426e+01,6.582318863758317207e+00
4.532000000000000028e+01,7.133412130779122506e+00
4.534000000000000341e+01,7.749284348781983134e+00
4.535999999999999943e+01,8.435473855362003448e+00
4.538000000000000256e+01,9.193497978416871774e+00
4.539999999999999858e+01,1.001932706409765750e+01
4.542000000000000171e+01,1.090155544717809200e+01
4.543999999999999773e+01,1.181935709313302141e+01
4.546000000000000085e+01,1.274059881149332973e+01
4.548000000000000398e+01,1.362083704245078764e+01
4.550000000000000000e+01,1.440426991225417730e+01
4.552000000000000313e+01,1.502783253196399649e+01
4.553999999999999915e+01,1.542917463125009547e+01
4.556000000000000227e+01,1.555794249642130112e+01
4.557999999999999829e+01,1.538778489272021766e+01
4.560000000000000142e+01,1.492479118836074647e+01
4.561999999999999744e+01,1.420822394834407909e+01
4.564000000000000057e+01,1.330227377449031501e+01
4.566000000000000369e+01,1.228190155213888524e+01
4.567999999999999972e+01,1.121866463199663855e+01
4.570000000000000284e+01,1.017159578010175203e+01
4.571999999999999886e+01,9.184582853409613890e+00
4.574000000000000199e+01,8.288284205838913010e+00
4.575999999999999801e+01,7.503530223589937265e+00
4.578000000000000114e+01,6.844114640288132989e+00
4.580000000000000426e+01,6.318335582121886951e+00
4.582000000000000028e+01,5.929602262007819036e+00
4.584000000000000341e+01,5.676774570327569158e+00
4.585999999999999943e+01,5.554860584203150431e+00
4.588000000000000256e+01,5.556350622569983244e+00
4.589999999999999858e+01,5.672969167278266056e+00
4.592000000000000171e+01,5.897303267925955161e+00
4.593999999999999773e+01,6.223838008231379781e+00
4.596000000000000085e+01,6.649235720087594892e+00
4.598000000000000398e+01,7.171938856788888650e+00
4.600000000000000000e+01,7.791241541823904271e+00
4.602000000000000313e+01,8.505916266666694980e+00
4.603999999999999915e+01,9.312402504975441531e+00
4.606000000000000227e+01,1.020252847804936636e+01
4.607999999999999829e+01,1.116078552746691344e+01
4.610000000000000142e+01,1.216134269320437511e+01
4.611999999999999744e+01,1.316530714654778045e+01
4.614000000000000057e+01,1.411919689237419107e+01
4.616000000000000369e+01,1.495606962313842558e+01
4.617999999999999972e+01,1.560091300431592387e+01
4.620000000000000284e+01,1.598122097500833583e+01
4.621999999999999886e+01,1.604171973484084646e+01
4.624000000000000199e+01,1.575931103331388350e+01
4.625999999999999801e+01,1.515210865134646667e+01
4.628000000000000114e+01,1.427733976661823689e+01
4.630000000000000426e+01,1.321771478095488916e+01
4.632000000000000028e+01,1.206202081214525457e+01
4.634000000000000341e+01,1.088847125537011173e+01
4.635999999999999943e+01,9.756495359969123982e+00
4.638000000000000256e+01,8.706889896872164414e+00
4.639999999999999858e+01,7.766335505144967399e+00
4.642000000000000171e+01,6.952196023825562676e+00
4.643999999999999773e+01,6.275612175318182828e+00
4.646000000000000085e+01,5.742788613900188466e+00
4.648000000000000398e+01,5.355209858944185441e+00
4.650000000000000000e+01,5.109689702143469070e+00
4.652000000000000313e+01,4.999032155486306195e+00
4.653999999999999915e+01,5.013623460201339199e+00
4.656000000000000227e+01,5.143580594570463127e+00
4.657999999999999829e+01,5.380680102388307517e+00
4.660000000000000142e+01,5.719484515279791736e+00
4.661999999999999744e+01,6.157557474990371205e+00
4.664000000000000057e+01,6.694960927114562921e+00
4.666000000000000369e+01,7.333248830828439147e+00
4.667999999999999972e+01,8.074050416206782543e+00
4.670000000000000284e+01,8.917207766165864413e+00
4.671999999999999886e+01,9.858362406834215719e+00
4.674000000000000199e+01,1.088590519948643198e+01
4.675999999999999801e+01,1.197735018779050264e+01
4.678000000000000114e+01,1.309552939929290005e+01
4.680000000000000426e+01,1.418556822496022285e+01
4.682000000000000028e+01,1.517433557280450707e+01
4.684000000000000341e+01,1.597464005157697819e+01
4.685999999999999943e+01,1.649616356657578109e+01
4.688000000000000256e+01,1.666312217233392801e+01
4.689999999999999858e+01,1.643473113900986604e+01
4.692000000000000171e+01,1.582046591052668205e+01
4.693999999999999773e+01,1.488151429754657507e+01
4.696000000000000085e+01,1.371542200825109070e+01
4.698000000000000398e+01,1.243035684891319193e+01
4.700000000000000000e+01,1.112138188133124572e+01
4.702000000000000313e+01,9.858338549711115562e+00
4.703999999999999915e+01,8.686222086502658257e+00
4.706000000000000227e+01,7.632180099007802809e+00
4.707999999999999829e+01,6.712763694343412801e+00
4.710000000000000142e+01,5.938433916957700731e+00
4.711999999999999744e+01,5.315330563431827748e+00
4.714000000000000057e+01,4.845377970093670328e+00
4.716000000000000369e+01,4.525802601923654578e+00
4.717999999999999972e+01,4.349068724419365317e+00
4.720000000000000284e+01,4.304036014890908035e+00
4.721999999999999886e+01,4.378344803378555028e+00
4.724000000000000199e+01,4.561084311874728847e+00
4.725999999999999801e+01,4.844670761011895976e+00
4.728000000000000114e+01,5.225539944893935917e+00
4.730000000000000426e+01,5.703889201160974309e+00
4.732000000000000028e+01,6.282855086513933429e+00
4.734000000000000341e+01,6.967351770210291839e+00
4.735999999999999943e+01,7.762583233922889292e+00
4.738000000000000256e+01,8.672089228131197203e+00
4.739999999999999858e+01,9.695107184182200299e+00
4.742000000000000171e+01,1.082304144557719106e+01
4.743999999999999773e+01,1.203497740888194478e+01
4.746000000000000085e+01,1.329256085115811281e+01
4.748000000000000398e+01,1.453529583539942571e+01
4.750000000000000000e+01,1.567840407330876040e+01
4.752000000000000313e+01,1.661649122375471777e+01
4.753999999999999915e+01,1.723638820016403983e+01
4.756000000000000227e+01,1.744015942804893626e+01
4.757999999999999829e+01,1.717355613853982987e+01
4.760000000000000142e+01,1.644834224272731760e+01
4.761999999999999744e+01,1.534494253232143812e+01
4.764000000000000057e+01,1.399013520181305736e+01
4.766000000000000369e+01,1.251975040591046806e+01
4.767999999999999972e+01,1.104599883591133747e+01
4.770000000000000284e+01,9.643722638399285785e+00
4.771999999999999886e+01,8.355009514476853028e+00
4.774000000000000199e+01,7.201499011996832955e+00
4.775999999999999801e+01,6.194784546288803817e+00
4.778000000000000114e+01,5.341814272750851522e+00
4.780000000000000426e+01,4.646581663999087120e+00
4.782000000000000028e+01,4.110011160308677525e+00
4.784000000000000341e+01,3.729064903604493608e+00
4.785999999999999943e+01,3.495796093204246890e+00
4.788000000000000256e+01,3.397513461097852794e+00
4.789999999999999858e+01,3.418949439240647870e+00
4.792000000000000171e+01,3.545706155271734161e+00
4.793999999999999773e+01,3.767162492138334873e+00
4.796000000000000085e+01,4.077779021646332325e+00
4.798000000000000398e+01,4.477027816529547621e+00
4.800000000000000000e+01,4.968639204179241098e+00
4.802000000000000313e+01,5.559636050766421533e+00
4.803999999999999915e+01,6.259281096947282741e+00
4.806000000000000227e+01,7.077826603459863364e+00
4.807999999999999829e+01,8.024817579293289427e+00
4.810000000000000142e+01,9.106610550485756406e+00
4.812000000000000455e+01,1.032272336243380195e+01
4.814000000000000057e+01,1.166067984347601794e+01
4.816000000000000369e+01,1.308929830377360481e+01
4.817999999999999972e+01,1.455111433847739200e+01
4.820000000000000284e+01,1.595605596168132045e+01
4.821999999999999886e+01,1.718053748074168752e+01
4.824000000000000199e+01,1.807783957362942218e+01
4.825999999999999801e+01,1.850459188896730822e+01
4.828000000000000114e+01,1.836137260861758946e+01
4.830000000000000426e+01,1.763319507783460693e+01
4.832000000000000028e+01,1.640630804997701375e+01
4.834000000000000341e+01,1.484453971387580751e+01
4.835999999999999943e+01,1.313366442070715223e+01
4.838000000000000256e+01,1.142602728166210646e+01
4.839999999999999858e+01,9.815278393737091989e+00
4.842000000000000171e+01,8.344480855939741204e+00
4.843999999999999773e+01,7.028366477022577108e+00
4.846000000000000085e+01,5.870935497228085609e+00
4.848000000000000398e+01,4.873081868799202354e+00
4.850000000000000000e+01,4.034063062731340743e+00
4.852000000000000313e+01,3.351353042534986670e+00
4.853999999999999915e+01,2.820703449082337499e+00
4.856000000000000227e+01,2.436040058006807119e+00
4.857999999999999829e+01,2.188318561533086903e+00
4.860000000000000142e+01,2.063946553300697762e+00
4.862000000000000455e+01,2.045318387385783421e+00
4.864000000000000057e+01,2.114570380005838413e+00
4.866000000000000369e+01,2.257874779582171865e+00
4.867999999999999972e+01,2.467474201089027819e+00
4.870000000000000284e+01,2.741509773506060288e+00
4.871999999999999886e+01,3.083004308201244825e+00
4.874000000000000199e+01,3.498898528899920368e+00
4.875999999999999801e+01,3.999384493419464448e+00
4.878000000000000114e+01,4.597462622062523430e+00
4.880000000000000426e+01,5.308541651943953887e+00
4.882000000000000028e+01,6.149851932077471162e+00
4.884000000000000341e+01,7.139368137298002459e+00
4.885999999999999943e+01,8.293820999988749776e+00
4.888000000000000256e+01,9.625217637542602844e+00
4.889999999999999858e+01,1.113514017505913678e+01
4.892000000000000171e+01,1.280610452185513992e+01
4.893999999999999773e+01,1.458977757453410362e+01
4.896000000000000085e+01,1.639346316373210399e+01
4.898000000000000398e+01,1.806962396080879785e+01
4.900000000000000000e+01,1.941808325645330768e+01
4.902000000000000313e+01,2.021386306464112437e+01
4.903999999999999915e+01,2.026797538229673279e+01
4.906000000000000227e+01,1.950687238040958249e+01
4.907999999999999829e+01,1.802672064370439742e+01
4.910000000000000142e+01,1.607332205579358586e+01
4.912000000000000455e+01,1.394401726642279549e+01
4.914000000000000057e+01,1.187400655280516837e+01
4.916000000000000369e+01,9.983382036980213314e+00
4.917999999999999972e+01,8.301124840112347414e+00
4.920000000000000284e+01,6.818394840472575602e+00
4.921999999999999886e+01,5.523403593380028731e+00
4.924000000000000199e+01,4.409737322407440985e+00
4.925999999999999801e+01,3.472616419615367711e+00
4.928000000000000114e+01,2.704919791555244313e+00
4.930000000000000426e+01,2.096338149212828128e+00
4.932000000000000028e+01,1.634602274287483503e+00
4.934000000000000341e+01,1.306581632100299206e+00
4.935999999999999943e+01,1.097250004517266619e+00
4.938000000000000256e+01,9.871433361663668471e-01
4.939999999999999858e+01,9.532411394588431452e-01
4.942000000000000171e+01,9.748927281547493662e-01
4.943999999999999773e+01,1.038503218439662978e+00
4.946000000000000085e+01,1.137607354697962814e+00
4.948000000000000398e+01,1.270853522966846505e+00
4.950000000000000000e+01,1.440247410954490714e+00
4.952000000000000313e+01,1.650176878729401997e+00
4.953999999999999915e+01,1.907024592814508868e+00
4.956000000000000227e+01,2.219122835431789120e+00
4.957999999999999829e+01,2.596888474263164603e+00
4.960000000000000142e+01,3.053038269951561912e+00
4.962000000000000455e+01,3.602802574511814626e+00
4.964000000000000057e+01,4.264038527815829482e+00
4.966000000000000369e+01,5.057083154890320564e+00
4.967999999999999972e+01,6.004073177501821235e+00
4.970000000000000284e+01,7.127272695464466068e+00
4.971999999999999886e+01,8.445673406990461984e+00
4.974000000000000199e+01,9.968778901790891211e+00
4.975999999999999801e+01,1.168618743724493214e+01
4.978000000000000114e+01,1.355174718989872318e+01
4.980000000000000426e+01,1.546262717378510310e+01
4.982000000000000028e+01,1.723820298034288001e+01
4.984000000000000341e+01,1.861247433253627293e+01
4.985999999999999943e+01,1.926407661408429561e+01
4.988000000000000256e+01,1.890693251801735641e+01
4.989999999999999858e+01,1.743086142860772014e+01
4.992000000000000171e+01,1.501517574353009365e+01
4.993999999999999773e+01,1.210403799262596003e+01
4.996000000000000085e+01,9.216504116419208970e+00
4.998000000000000398e+01,6.721483857182313670e+00
5.000000000000000000e+01,4.748045874743502814e+00
5.002000000000000313e+01,3.254921561055368784e+00
5.003999999999999915e+01,2.142432236698843973e+00
5.006000000000000227e+01,1.316244083683382637e+00
5.007999999999999829e+01,7.025293637314506956e-01
5.010000000000000142e+01,2.438545946172070433e-01
5.012000000000000455e+01,-1.068884346462252027e-01
5.014000000000000057e+01,-3.883457607298991809e-01
5.016000000000000369e+01,-6.284453085851884335e-01
5.017999999999999972e+01,-8.436848347246898028e-01
5.020000000000000284e+01,-1.043197669845947750e+00
5.021999999999999886e+01,-1.233785085995455333e+00
5.024000000000000199e+01,-1.422481759370946230e+00
5.025999999999999801e+01,-1.616995906598179822e+00
5.028000000000000114e+01,-1.825395732008051608e+00
5.030000000000000426e+01,-2.055788173563909194e+00
5.032000000000000028e+01,-2.316163788651857125e+00
5.034000000000000341e+01,-2.614343821765295228e+00
5.035999999999999943e+01,-2.957907870189730559e+00
5.038000000000000256e+01,-3.353968391509854374e+00
5.039999999999999858e+01,-3.808659260906378297e+00
5.042000000000000171e+01,-4.326188896575925646e+00
5.043999999999999773e+01,-4.907304518209398836e+00
5.046000000000000085e+01,-5.547054279829252366e+00
5.048000000000000398e+01,-6.231891280332570560e+00
5.050000000000000000e+01,-6.936536142299472907e+00
5.052000000000000313e+01,-7.621667478545924190e+00
5.053999999999999915e+01,-8.234316300567574132e+00
5.056000000000000227e+01,-8.713234563501410790e+00
5.057999999999999829e+01,-9.000428500516161279e+00
5.060000000000000142e+01,-9.056697787850247039e+00
5.062000000000000455e+01,-8.874591011803037333e+00
5.064000000000000057e+01,-8.480690754566269973e+00
5.066000000000000369e+01,-7.924317196551049491e+00
5.067999999999999972e+01,-7.259296830029417613e+00
5.070000000000000284e+01,-6.530581546443341878e+00
5.071999999999999886e+01,-5.772057183116514167e+00
5.074000000000000199e+01,-5.011476435698298815e+00
5.075999999999999801e+01,-4.274595597109987821e+00
5.078000000000000114e+01,-3.585238678736546003e+00
5.080000000000000426e+01,-2.963180774621040126e+00
5.082000000000000028e+01,-2.422552889275858323e+00
5.084000000000000341e+01,-1.971706066834203019e+00
5.085999999999999943e+01,-1.613879144431927148e+00
5.088000000000000256e+01,-1.347520087020164015e+00
5.089999999999999858e+01,-1.165924371393180392e+00
5.092000000000000171e+01,-1.057593232094908187e+00
5.093999999999999773e+01,-1.008834785085284569e+00
5.096000000000000085e+01,-1.007370930087852168e+00
5.098000000000000398e+01,-1.044466245049721964e+00
5.100000000000000000e+01,-1.115127051595482310e+00
5.102000000000000313e+01,-1.217429807369185824e+00
5.103999999999999915e+01,-1.351810558511696403e+00
5.106000000000000227e+01,-1.520573124449150271e+00
5.107999999999999829e+01,-1.727600811774828715e+00
5.110000000000000142e+01,-1.978190325417782613e+00
5.112000000000000455e+01,-2.278925863846339439e+00
5.114000000000000057e+01,-2.637504882650416604e+00
5.116000000000000369e+01,-3.062402307100526411e+00
5.117999999999999972e+01,-3.562219899507707233e+00
5.120000000000000284e+01,-4.144493320253588742e+00
5.121999999999999886e+01,-4.813660647634512735e+00
5.124000000000000199e+01,-5.567860422113721341e+00
5.125999999999999801e+01,-6.394354837531143865e+00
5.128000000000000114e+01,-7.263877280940529424e+00
5.130000000000000426e+01,-8.125364032998609432e+00
5.132000000000000028e+01,-8.904385833336434075e+00
5.134000000000000341e+01,-9.510231809825803850e+00
5.135999999999999943e+01,-9.855462517948094359e+00
5.138000000000000256e+01,-9.884885107383615477e+00
5.139999999999999858e+01,-9.599931416344251289e+00
5.142000000000000171e+01,-9.059674407852384093e+00
5.143999999999999773e+01,-8.352456213096511206e+00
5.146000000000000085e+01,-7.556694551441045959e+00
5.148000000000000398e+01,-6.720664630780089688e+00
5.150000000000000000e+01,-5.871313594590426455e+00
5.152000000000000313e+01,-5.032920147661659627e+00
5.153999999999999915e+01,-4.234789362700872140e+00
5.156000000000000227e+01,-3.507148584668191571e+00
5.157999999999999829e+01,-2.874843697033794943e+00
5.160000000000000142e+01,-2.354625985125312404e+00
5.162000000000000455e+01,-1.955876279021196096e+00
5.164000000000000057e+01,-1.681794097744849781e+00
5.166000000000000369e+01,-1.528069669560578658e+00
5.167999999999999972e+01,-1.480215663110369340e+00
5.170000000000000284e+01,-1.516174103714906352e+00
5.171999999999999886e+01,-1.615117218930391063e+00
5.174000000000000199e+01,-1.764013582304238659e+00
5.175999999999999801e+01,-1.958216021822528630e+00
5.178000000000000114e+01,-2.199268981354707275e+00
5.180000000000000426e+01,-2.492844475352851141e+00
5.182000000000000028e+01,-2.847569103442240124e+00
5.184000000000000341e+01,-3.274574385119994879e+00
5.185999999999999943e+01,-3.787467323885494785e+00
5.188000000000000256e+01,-4.402487845419646106e+00
5.189999999999999858e+01,-5.138673296438458493e+00
5.192000000000000171e+01,-6.017855743939659163e+00
5.193999999999999773e+01,-7.064254742588930824e+00
5.196000000000000085e+01,-8.303297704425734338e+00
5.198000000000000398e+01,-9.759085076707483708e+00
5.200000000000000000e+01,-1.144962441378857143e+01
5.202000000000000313e+01,-1.337864314531186949e+01
5.203999999999999915e+01,-1.552268311861857342e+01
5.206000000000000227e+01,-1.781283622526319732e+01
5.207999999999999829e+01,-2.011298376494810825e+01
5.210000000000000142e+01,-2.220212460807531940e+01
5.212000000000000455e+01,-2.377736190244755221e+01
5.214000000000000057e+01,-2.450101270487124694e+01
5.216000000000000369e+01,-2.410562209009436430e+01
5.217999999999999972e+01,-2.252940213516905388e+01
5.220000000000000284e+01,-1.999802461164850342e+01
5.221999999999999886e+01,-1.696429946008511536e+01
5.224000000000000199e+01,-1.391563952676575511e+01
5.225999999999999801e+01,-1.118300714926313510e+01
5.228000000000000114e+01,-8.883753639010272707e+00
5.230000000000000426e+01,-6.994727876882977036e+00
5.232000000000000028e+01,-5.450373431495818544e+00
5.234000000000000341e+01,-4.194161165173586170e+00
5.235999999999999943e+01,-3.187188031112313080e+00
5.238000000000000256e+01,-2.401468695979623202e+00
5.239999999999999858e+01,-1.812601950894371150e+00
5.242000000000000171e+01,-1.394185555916682695e+00
5.243999999999999773e+01,-1.114624673966726487e+00
5.246000000000000085e+01,-9.395999576891500560e-01
5.248000000000000398e+01,-8.392263408203434194e-01
5.250000000000000000e+01,-7.926180798478226208e-01
5.252000000000000313e+01,-7.871865763111337566e-01
5.253999999999999915e+01,-8.159531020002052104e-01
5.256000000000000227e+01,-8.754077735152990813e-01
5.257999999999999829e+01,-9.642912458514335539e-01
5.260000000000000142e+01,-1.082965636185069691e+00
5.262000000000000455e+01,-1.233069084389921466e+00
5.264000000000000057e+01,-1.417269094004899976e+00
5.266000000000000369e+01,-1.639000861810940624e+00
5.267999999999999972e+01,-1.902084213089032527e+00
5.270000000000000284e+01,-2.210097468916440100e+00
5.271999999999999886e+01,-2.565338625134331973e+00
5.274000000000000199e+01,-2.967150462638388220e+00
5.275999999999999801e+01,-3.409360344666786613e+00
5.278000000000000114e+01,-3.876655267686659467e+00
5.280000000000000426e+01,-4.340052850975204102e+00
5.282000000000000028e+01,-4.752467867336633844e+00
5.284000000000000341e+01,-5.046903441936853696e+00
5.285999999999999943e+01,-5.141667898227561651e+00
5.288000000000000256e+01,-4.957530880858254108e+00
5.289999999999999858e+01,-4.447603565849028939e+00
5.292000000000000171e+01,-3.629962960749448353e+00
5.293999999999999773e+01,-2.601537241328541139e+00
5.296000000000000085e+01,-1.514816309764576374e+00
5.298000000000000398e+01,-5.242457384561516331e-01
5.300000000000000000e+01,2.642602615849644621e-01
5.302000000000000313e+01,8.112944386099985028e-01
5.303999999999999915e+01,1.130520078419258612e+00
5.306000000000000227e+01,1.264512974337880680e+00
5.307999999999999829e+01,1.264930860055362594e+00
5.310000000000000142e+01,1.180348116862402374e+00
5.312000000000000455e+01,1.050335379715463313e+00
5.314000000000000057e+01,9.038374170173520961e-01
5.316000000000000369e+01,7.600778119524731480e-01
5.317999999999999972e+01,6.305828119026116729e-01
5.320000000000000284e+01,5.214333904326782232e-01
5.321999999999999886e+01,4.353176379359213199e-01
5.324000000000000199e+01,3.732241020554510902e-01
5.325999999999999801e+01,3.356023357722690559e-01
5.328000000000000114e+01,3.225142278451160749e-01
5.330000000000000426e+01,3.325366299159788208e-01
5.332000000000000028e+01,3.621090711195509293e-01
5.334000000000000341e+01,4.071848567036758237e-01
5.335999999999999943e+01,4.653617965862594796e-01
5.338000000000000256e+01,5.364355943740284349e-01
5.339999999999999858e+01,6.219277337550779272e-01
5.342000000000000171e+01,7.245695089366314123e-01
5.343999999999999773e+01,8.480495319167913326e-01
5.346000000000000085e+01,9.969898121858246087e-01
5.348000000000000398e+01,1.177068175585299858e+00
5.350000000000000000e+01,1.395234235702710768e+00
5.352000000000000313e+01,1.659995111150027292e+00
5.353999999999999915e+01,1.981762890589134241e+00
5.356000000000000227e+01,2.373260226388816729e+00
5.357999999999999829e+01,2.849974865781983446e+00
5.360000000000000142e+01,3.430636034566513892e+00
5.362000000000000455e+01,4.137648230993843157e+00
5.364000000000000057e+01,4.997347317175643511e+00
5.366000000000000369e+01,6.039815219787923795e+00
5.367999999999999972e+01,7.297768426824317700e+00
5.370000000000000284e+01,8.803670582859636440e+00
5.371999999999999886e+01,1.058368789412297772e+01
5.374000000000000199e+01,1.264645808190191900e+01
5.375999999999999801e+01,1.496429193626784659e+01
5.378000000000000114e+01,1.744550812458521349e+01
5.380000000000000426e+01,1.990158047812842668e+01
5.382000000000000028e+01,2.202477746554986027e+01
5.384000000000000341e+01,2.340991590656369326e+01
5.385999999999999943e+01,2.366085746510483290e+01
5.388000000000000256e+01,2.258133771611985452e+01
5.389999999999999858e+01,2.034724737865484556e+01
5.392000000000000171e+01,1.748851088144686017e+01
5.393999999999999773e+01,1.462455375569537530e+01
5.396000000000000085e+01,1.214666010576958399e+01
5.398000000000000398e+01,1.012417383490033451e+01
5.400000000000000000e+01,8.465244654358407672e+00
5.402000000000000313e+01,7.094533624296566643e+00
5.403999999999999915e+01,5.997032188583657941e+00
5.406000000000000227e+01,5.180725045504474657e+00
5.407999999999999829e+01,4.637260051920589987e+00
5.410000000000000142e+01,4.329890518447641057e+00
5.412000000000000455e+01,4.206895099280425931e+00
5.414000000000000057e+01,4.221473027455643567e+00
5.416000000000000369e+01,4.341715238826648893e+00
5.417999999999999972e+01,4.550158186845905561e+00
5.420000000000000284e+01,4.839442430926097494e+00
5.421999999999999886e+01,5.208188150279591255e+00
5.424000000000000199e+01,5.658083733140833793e+00
5.425999999999999801e+01,6.191909681295596712e+00
5.428000000000000114e+01,6.811987222512896345e+00
5.430000000000000426e+01,7.518612478032368429e+00
5.432000000000000028e+01,8.308149925063410990e+00
5.434000000000000341e+01,9.170583332493221107e+00
5.435999999999999943e+01,1.008649004748713018e+01
5.438000000000000256e+01,1.102369727670584787e+01
5.439999999999999858e+01,1.193434561411039496e+01
5.442000000000000171e+01,1.275374206887097905e+01
5.443999999999999773e+01,1.340302805444964918e+01
5.446000000000000085e+01,1.379779826548512389e+01
5.448000000000000398e+01,1.386356520566907413e+01
5.450000000000000000e+01,1.355578489706372558e+01
5.452000000000000313e+01,1.287785000475536812e+01
5.453999999999999915e+01,1.188795676499925236e+01
5.456000000000000227e+01,1.068869135043968654e+01
5.457999999999999829e+01,9.401777210900569060e+00
5.460000000000000142e+01,8.139091648837906590e+00
5.462000000000000455e+01,6.982535601241306011e+00
5.464000000000000057e+01,5.978488871041712116e+00
5.466000000000000369e+01,5.143818408069160242e+00
5.467999999999999972e+01,4.476430809159047008e+00
5.470000000000000284e+01,3.964855039365496214e+00
5.471999999999999886e+01,3.594677863819838670e+00
5.474000000000000199e+01,3.351918234433923782e+00
5.475999999999999801e+01,3.224198227177449638e+00
5.478000000000000114e+01,3.200658900019057285e+00
5.480000000000000426e+01,3.271559396811609233e+00
5.482000000000000028e+01,3.428304910453678023e+00
5.484000000000000341e+01,3.664074647465935364e+00
5.485999999999999943e+01,3.974617593167239171e+00
5.488000000000000256e+01,4.358683167631593136e+00
5.489999999999999858e+01,4.817876093721178421e+00
5.492000000000000171e+01,5.356014658204973244e+00
5.493999999999999773e+01,5.978122251251940078e+00
5.496000000000000085e+01,6.689080949299003542e+00
5.498000000000000398e+01,7.491852720336509286e+00
5.500000000000000000e+01,8.385094361057625179e+00
5.502000000000000313e+01,9.359990810477999190e+00
5.503999999999999915e+01,1.039625356033787895e+01
5.506000000000000227e+01,1.145756530782625049e+01
5.507999999999999829e+01,1.248739328186737119e+01
5.510000000000000142e+01,1.340707250129758066e+01
5.512000000000000455e+01,1.411910267744796776e+01
5.514000000000000057e+01,1.451889310540463818e+01
5.516000000000000369e+01,1.451633124377469564e+01
5.517999999999999972e+01,1.406353256013566089e+01
5.520000000000000284e+01,1.317835089722099795e+01
5.521999999999999886e+01,1.194993083238468401e+01
5.524000000000000199e+01,1.051869422645681951e+01
5.525999999999999801e+01,9.037715009422992551e+00
5.528000000000000114e+01,7.634442260366248512e+00
5.530000000000000426e+01,6.390001194723224032e+00
5.532000000000000028e+01,5.339776773620626749e+00
5.534000000000000341e+01,4.486714456278501295e+00
5.535999999999999943e+01,3.816514570736342371e+00
5.538000000000000256e+01,3.308798497596311172e+00
5.539999999999999858e+01,2.943395724741789010e+00
5.542000000000000171e+01,2.703042938863311484e+00
5.543999999999999773e+01,2.573836177022262639e+00
5.546000000000000085e+01,2.544394069042407391e+00
5.548000000000000398e+01,2.604701191675121041e+00
5.550000000000000000e+01,2.745673862477149729e+00
5.552000000000000313e+01,2.959848040115812484e+00
5.553999999999999915e+01,3.242555008131721372e+00
5.556000000000000227e+01,3.592685043283766699e+00
5.557999999999999829e+01,4.012707691907066554e+00
5.560000000000000142e+01,4.508135506795447611e+00
5.562000000000000455e+01,5.086694759562935708e+00
5.564000000000000057e+01,5.757298448123260748e+00
5.566000000000000369e+01,6.528731316965874498e+00
5.567999999999999972e+01,7.407821068838988054e+00
5.570000000000000284e+01,8.396791697781077701e+00
5.571999999999999886e+01,9.489469016487594999e+00
5.574000000000000199e+01,1.066612833260027493e+01
5.575999999999999801e+01,1.188715362454196978e+01
5.578000000000000114e+01,1.308654782391805327e+01
5.580000000000000426e+01,1.416782635102477172e+01
5.582000000000000028e+01,1.500670295613383232e+01
5.584000000000000341e+01,1.546600995229713504e+01
5.585999999999999943e+01,1.542600855732997189e+01
5.588000000000000256e+01,1.482527606078827098e+01
5.589999999999999858e+01,1.369554189003736511e+01
5.592000000000000171e+01,1.216768456943374233e+01
5.593999999999999773e+01,1.043717353190678843e+01
5.596000000000000085e+01,8.703326955456164526e+00
5.598000000000000398e+01,7.115766593885061830e+00
5.600000000000000000e+01,5.753542345911482059e+00
5.602000000000000313e+01,4.636147913326861492e+00
5.603999999999999915e+01,3.747820771052124744e+00
5.606000000000000227e+01,3.058639678665379336e+00
5.607999999999999829e+01,2.536953323541760064e+00
5.610000000000000142e+01,2.154922358303953178e+00
5.612000000000000455e+01,1.890341946986278110e+00
5.614000000000000057e+01,1.726709429674794682e+00
5.616000000000000369e+01,1.652179249195900645e+00
5.617999999999999972e+01,1.657587615048776275e+00
5.620000000000000284e+01,1.734426914012149101e+00
5.621999999999999886e+01,1.874346802772116405e+00
5.624000000000000199e+01,2.070536924647822463e+00
5.625999999999999801e+01,2.319477931808430426e+00
5.628000000000000114e+01,2.621713939510751601e+00
5.630000000000000426e+01,2.981644608837728860e+00
5.632000000000000028e+01,3.406919292012420275e+00
5.634000000000000341e+01,3.907824139065199098e+00
5.635999999999999943e+01,4.496739239608173122e+00
5.638000000000000256e+01,5.187546857963882374e+00
5.639999999999999858e+01,5.994764807802467566e+00
5.642000000000000171e+01,6.932080566381868536e+00
5.643999999999999773e+01,8.009854759268941748e+00
5.646000000000000085e+01,9.231037839296243774e+00
5.648000000000000398e+01,1.058490416785891064e+01
5.650000000000000000e+01,1.203822177050284914e+01
5.652000000000000313e+01,1.352434268494468839e+01
5.653999999999999915e+01,1.493272038154873727e+01
5.656000000000000227e+01,1.610484122732738044e+01
5.657999999999999829e+01,1.684643633804612151e+01
5.660000000000000142e+01,1.696607285985519198e+01
5.662000000000000455e+01,1.634005135770428296e+01
5.664000000000000057e+01,1.498049013569634447e+01
5.666000000000000369e+01,1.306217182653923281e+01
5.667999999999999972e+01,1.087423305529231321e+01
5.670000000000000284e+01,8.714496782707174205e+00
5.671999999999999886e+01,6.792889828767799898e+00
5.674000000000000199e+01,5.199506965283234194e+00
5.675999999999999801e+01,3.933756857676289354e+00
5.678000000000000114e+01,2.951773306664518870e+00
5.680000000000000426e+01,2.199901451251720097e+00
5.682000000000000028e+01,1.629371829162353569e+00
5.684000000000000341e+01,1.199941996354084273e+00
5.685999999999999943e+01,8.794384635474332690e-01
5.688000000000000256e+01,6.424043044047156314e-01
5.689999999999999858e+01,4.688263530060056694e-01
5.692000000000000171e+01,3.430995234241813741e-01
5.693999999999999773e+01,2.531915742750021625e-01
5.696000000000000085e+01,1.899629015423765221e-01
5.698000000000000398e+01,1.466222539179072859e-01
5.700000000000000000e+01,1.183276089176379109e-01
5.702000000000000313e+01,1.019642268876948393e-01
5.703999999999999915e+01,9.606790433895773251e-02
5.706000000000000227e+01,1.004315524164618167e-01
5.707999999999999829e+01,1.146396478220214760e-01
5.710000000000000142e+01,1.369481039258118038e-01
5.712000000000000455e+01,1.654695649214415476e-01
5.714000000000000057e+01,1.994740100181989773e-01
5.716000000000000369e+01,2.394069378205382070e-01
5.717999999999999972e+01,2.865022014625935864e-01
5.720000000000000284e+01,3.425366730092998524e-01
5.721999999999999886e+01,4.097588506335296255e-01
5.724000000000000199e+01,4.909257015587542017e-01
5.725999999999999801e+01,5.894030021584374390e-01
5.728000000000000114e+01,7.093130836030758779e-01
5.730000000000000426e+01,8.557228522221147493e-01
5.732000000000000028e+01,1.034878275495762168e+00
5.734000000000000341e+01,1.254490221613185685e+00
5.735999999999999943e+01,1.524080335094680771e+00
5.738000000000000256e+01,1.855393289674623247e+00
5.739999999999999858e+01,2.262875529584187362e+00
5.742000000000000171e+01,2.764207637998667977e+00
5.743999999999999773e+01,3.380846635045936743e+00
5.746000000000000085e+01,4.138476368746844436e+00
5.748000000000000398e+01,5.067151027994744261e+00
5.750000000000000000e+01,6.200709076123914976e+00
5.752000000000000313e+01,7.574672120320785851e+00
5.753999999999999915e+01,9.221246558629832890e+00
5.756000000000000227e+01,1.115919022885726619e+01
5.757999999999999829e+01,1.337538846143227111e+01
5.760000000000000142e+01,1.579495141895684185e+01
5.762000000000000455e+01,1.824006659581591094e+01
5.764000000000000057e+01,2.038957599163164147e+01
5.766000000000000369e+01,2.177526472252268874e+01
5.767999999999999972e+01,2.187611715595622996e+01
5.770000000000000284e+01,2.035059660243683410e+01
5.771999999999999886e+01,1.731946182572232118e+01
5.774000000000000199e+01,1.344589914233258376e+01
5.775999999999999801e+01,9.624929768718928358e+00
5.778000000000000114e+01,6.485498465616076125e+00
5.780000000000000426e+01,4.167655098197166730e+00
5.782000000000000028e+01,2.510444081842789554e+00
5.784000000000000341e+01,1.312415639451198324e+00
5.785999999999999943e+01,4.255485979012449960e-01
5.788000000000000256e+01,-2.521946688531070402e-01
5.789999999999999858e+01,-7.930973288296906398e-01
5.792000000000000171e+01,-1.245013814813236586e+00
5.793999999999999773e+01,-1.635539102024022640e+00
5.796000000000000085e+01,-1.980155419335617450e+00
5.798000000000000398e+01,-2.290048175643664141e+00
5.800000000000000000e+01,-2.576020411309008384e+00
5.802000000000000313e+01,-2.849196648254498587e+00
5.803999999999999915e+01,-3.120408887459704239e+00
5.806000000000000227e+01,-3.399414639237123392e+00
5.807999999999999829e+01,-3.694314045842202798e+00
5.810000000000000142e+01,-4.011153691525967346e+00
5.812000000000000455e+01,-4.353593570987039030e+00
5.814000000000000057e+01,-4.722520940395644296e+00
5.816000000000000369e+01,-5.115553887917633880e+00
5.817999999999999972e+01,-5.526452695627445344e+00
5.820000000000000284e+01,-5.944559371064210396e+00
5.821999999999999886e+01,-6.354495476163156908e+00
5.824000000000000199e+01,-6.736447292107717644e+00
5.825999999999999801e+01,-7.067391912640682783e+00
5.828000000000000114e+01,-7.323477927832676038e+00
5.830000000000000426e+01,-7.483410332609454763e+00
5.832000000000000028e+01,-7.532163084208980841e+00
5.834000000000000341e+01,-7.463911893697876998e+00
5.835999999999999943e+01,-7.283113291986195392e+00
5.838000000000000256e+01,-7.003324798119296979e+00
5.839999999999999858e+01,-6.644365316590319814e+00
5.842000000000000171e+01,-6.229079681445771399e+00
5.843999999999999773e+01,-5.780820365809455019e+00
5.846000000000000085e+01,-5.321989786495183949e+00
5.848000000000000398e+01,-4.873281558870784735e+00
5.850000000000000000e+01,-4.453087712140312071e+00
5.852000000000000313e+01,-4.076809270778372074e+00
5.853999999999999915e+01,-3.756148979662813137e+00
5.856000000000000227e+01,-3.498645091706134913e+00
5.857999999999999829e+01,-3.307702913231847397e+00
5.860000000000000142e+01,-3.183228730315904809e+00
5.862000000000000455e+01,-3.122731273586999201e+00
5.864000000000000057e+01,-3.122562134391136723e+00
5.866000000000000369e+01,-3.178954684458672908e+00
5.867999999999999972e+01,-3.288671975510764511e+00
5.870000000000000284e+01,-3.449247842628225591e+00
5.871999999999999886e+01,-3.658897870678289976e+00
5.874000000000000199e+01,-3.916183343063460054e+00
5.875999999999999801e+01,-4.219478316977706811e+00
5.878000000000000114e+01,-4.566258160802837196e+00
5.880000000000000426e+01,-4.952218118700601579e+00
5.882000000000000028e+01,-5.370255501965066181e+00
5.884000000000000341e+01,-5.809412132411822860e+00
5.885999999999999943e+01,-6.253987562768674735e+00
5.888000000000000256e+01,-6.683166472001315306e+00
5.889999999999999858e+01,-7.071613279777929861e+00
5.892000000000000171e+01,-7.391452942588011332e+00
5.893999999999999773e+01,-7.615749627484193596e+00
5.896000000000000085e+01,-7.722980205401978715e+00
5.898000000000000398e+01,-7.701275301472857215e+00
5.900000000000000000e+01,-7.550860986365431238e+00
5.902000000000000313e+01,-7.283642954845569228e+00
5.903999999999999915e+01,-6.920168349753169856e+00
5.906000000000000227e+01,-6.485462571385650854e+00
5.907999999999999829e+01,-6.005507228269528319e+00
5.910000000000000142e+01,-5.505238487838721717e+00
5.912000000000000455e+01,-5.007757949003274867e+00
5.914000000000000057e+01,-4.533920996952452320e+00
5.916000000000000369e+01,-4.101737795413675336e+00
5.917999999999999972e+01,-3.725548609609956596e+00
5.920000000000000284e+01,-3.415265144189813640e+00
5.921999999999999886e+01,-3.176042377566957509e+00
5.924000000000000199e+01,-3.008647878377753937e+00
5.925999999999999801e+01,-2.910543041218106364e+00
5.928000000000000114e+01,-2.877370620777059962e+00
5.930000000000000426e+01,-2.904375868536089200e+00
5.932000000000000028e+01,-2.987406385240809925e+00
5.934000000000000341e+01,-3.123393756444392988e+00
5.935999999999999943e+01,-3.310404210859623220e+00
5.938000000000000256e+01,-3.547388806069183609e+00
5.939999999999999858e+01,-3.833721003933898253e+00
5.942000000000000171e+01,-4.168551354667355824e+00
5.943999999999999773e+01,-4.549970438416101715e+00
5.946000000000000085e+01,-4.973964646744973628e+00
5.948000000000000398e+01,-5.433185197796797539e+00
5.950000000000000000e+01,-5.915637859155348011e+00
5.952000000000000313e+01,-6.403552265970094304e+00
5.953999999999999915e+01,-6.872882095912823175e+00
5.956000000000000227e+01,-7.294047365391235438e+00
5.957999999999999829e+01,-7.634494166406188498e+00
5.960000000000000142e+01,-7.863212708632342895e+00
5.962000000000000455e+01,-7.956467335903953497e+00
5.964000000000000057e+01,-7.902972827859445104e+00
5.966000000000000369e+01,-7.706365644753189414e+00
5.967999999999999972e+01,-7.383738569592955159e+00
5.970000000000000284e+01,-6.960984553497195471e+00
5.971999999999999886e+01,-6.467350213584757590e+00
5.974000000000000199e+01,-5.931553931971023985e+00
5.975999999999999801e+01,-5.380193422907609602e+00
5.978000000000000114e+01,-4.837526103258285026e+00
5.980000000000000426e+01,-4.325341253574908507e+00
5.982000000000000028e+01,-3.862329394942204619e+00
5.984000000000000341e+01,-3.463095014141427619e+00
5.985999999999999943e+01,-3.137250084422981367e+00
5.988000000000000256e+01,-2.889027401005423545e+00
5.989999999999999858e+01,-2.717745854535536409e+00
5.992000000000000171e+01,-2.619170638059135747e+00
5.993999999999999773e+01,-2.587366571431546802e+00
5.996000000000000085e+01,-2.616405864848536655e+00
5.998000000000000398e+01,-2.701484983185439059e+00
6.000000000000000000e+01,-2.839388700405024224e+00
6.002000000000000313e+01,-3.028473786638810505e+00
6.003999999999999915e+01,-3.268363156402801284e+00
6.006000000000000227e+01,-3.559458312870142915e+00
6.007999999999999829e+01,-3.902291396553826619e+00
6.010000000000000142e+01,-4.296682709098612385e+00
6.012000000000000455e+01,-4.740650333815616513e+00
6.014000000000000057e+01,-5.229037614637604747e+00
6.016000000000000369e+01,-5.751903587722007494e+00
6.017999999999999972e+01,-6.292877127561864015e+00
6.020000000000000284e+01,-6.827926227317329122e+00
6.021999999999999886e+01,-7.325282014088889682e+00
6.024000000000000199e+01,-7.747417962113536838e+00
6.025999999999999801e+01,-8.055713993286913066e+00
6.028000000000000114e+01,-8.217458600260474810e+00
6.030000000000000426e+01,-8.213305508550693190e+00
6.032000000000000028e+01,-8.042125411518084022e+00
6.034000000000000341e+01,-7.720689357484564752e+00
6.035999999999999943e+01,-7.278185941129440728e+00
6.038000000000000256e+01,-6.748596095117088467e+00
6.039999999999999858e+01,-6.164837358617917040e+00
6.042000000000000171e+01,-5.556509785428487724e+00
6.043999999999999773e+01,-4.950148789240158109e+00
6.046000000000000085e+01,-4.369800763093987683e+00
6.048000000000000398e+01,-3.836725284004192993e+00
6.050000000000000000e+01,-3.368350050779743032e+00
6.052000000000000313e+01,-2.977078984810149986e+00
6.053999999999999915e+01,-2.669440111738575538e+00
6.056000000000000227e+01,-2.445980223194158309e+00
6.057999999999999829e+01,-2.302266309264090260e+00
6.060000000000000142e+01,-2.230921093313546599e+00
6.062000000000000455e+01,-2.223963288873623156e+00
6.064000000000000057e+01,-2.274589432916520604e+00
6.066000000000000369e+01,-2.378049349856387717e+00
6.067999999999999972e+01,-2.531793931345041493e+00
6.070000000000000284e+01,-2.735224616760755456e+00
6.071999999999999886e+01,-2.989267467155653613e+00
6.074000000000000199e+01,-3.295849341826199375e+00
6.075999999999999801e+01,-3.657253365886909524e+00
6.078000000000000114e+01,-4.075275545898005447e+00
6.080000000000000426e+01,-4.550081986960308633e+00
6.082000000000000028e+01,-5.078673931802925701e+00
6.084000000000000341e+01,-5.652936315639249365e+00
6.085999999999999943e+01,-6.257411307493593533e+00
6.088000000000000256e+01,-6.867250948428742063e+00
6.089999999999999858e+01,-7.447247830891638998e+00
6.092000000000000171e+01,-7.953249995006056672e+00
6.093999999999999773e+01,-8.337210606982278449e+00
6.096000000000000085e+01,-8.556035079259824983e+00
6.098000000000000398e+01,-8.582132866426533724e+00
6.100000000000000000e+01,-8.411267783866689385e+00
6.102000000000000313e+01,-8.063215387949044910e+00
6.103999999999999915e+01,-7.574297747437594985e+00
6.106000000000000227e+01,-6.986082643868205544e+00
6.107999999999999829e+01,-6.336767373548675586e+00
6.110000000000000142e+01,-5.658614399276075346e+00
6.112000000000000455e+01,-4.979551898238253393e+00
6.114000000000000057e+01,-4.324996529467749262e+00
6.116000000000000369e+01,-3.717909971360768395e+00
6.117999999999999972e+01,-3.177599409206663506e+00
6.120000000000000284e+01,-2.718404275877360554e+00
6.121999999999999886e+01,-2.348754576296216534e+00
6.124000000000000199e+01,-2.070629378545786103e+00
6.125999999999999801e+01,-1.879762524085912379e+00
6.128000000000000114e+01,-1.767234926275345064e+00
6.130000000000000426e+01,-1.722300518936331404e+00
6.132000000000000028e+01,-1.735164832429033188e+00
6.134000000000000341e+01,-1.798597910330242300e+00
6.135999999999999943e+01,-1.908331657992700103e+00
6.138000000000000256e+01,-2.062791607396691873e+00
6.139999999999999858e+01,-2.262631560133699704e+00
6.142000000000000171e+01,-2.510271354924569209e+00
6.143999999999999773e+01,-2.809455780507545519e+00
6.146000000000000085e+01,-3.164768094028128420e+00
6.148000000000000398e+01,-3.580985010638420452e+00
6.150000000000000000e+01,-4.062135051766737170e+00
6.152000000000000313e+01,-4.610091500695921773e+00
6.153999999999999915e+01,-5.222542368190587148e+00
6.156000000000000227e+01,-5.890261801851154111e+00
6.157999999999999829e+01,-6.593865739889942290e+00
6.160000000000000142e+01,-7.300756054960871211e+00
6.162000000000000455e+01,-7.963752752205515151e+00
6.164000000000000057e+01,-8.523660301917786342e+00
6.166000000000000369e+01,-8.917846695697958737e+00
6.167999999999999972e+01,-9.094674187662194598e+00
6.170000000000000284e+01,-9.029239238515362587e+00
6.171999999999999886e+01,-8.732117822588195466e+00
6.174000000000000199e+01,-8.244456611054399531e+00
6.175999999999999801e+01,-7.621246345832724423e+00
6.178000000000000114e+01,-6.913580082685041539e+00
6.180000000000000426e+01,-6.160656262937529881e+00
6.182000000000000028e+01,-5.392456714845621946e+00
6.184000000000000341e+01,-4.635406495638527247e+00
6.185999999999999943e+01,-3.914522662562978095e+00
6.188000000000000256e+01,-3.251881775962776278e+00
6.189999999999999858e+01,-2.664412594121551070e+00
6.192000000000000171e+01,-2.163034484116949319e+00
6.194000000000000483e+01,-1.753183782040639294e+00
6.196000000000000085e+01,-1.435647213665063315e+00
6.198000000000000398e+01,-1.206634260665491176e+00
6.200000000000000000e+01,-1.057340894939343245e+00
6.202000000000000313e+01,-9.749264739907902433e-01
6.203999999999999915e+01,-9.457601610177838181e-01
6.206000000000000227e+01,-9.587372341291935385e-01
6.207999999999999829e+01,-1.006602483719157615e+00
6.210000000000000142e+01,-1.085640583028154582e+00
6.212000000000000455e+01,-1.194894121537889431e+00
6.214000000000000057e+01,-1.335515627437703134e+00
6.216000000000000369e+01,-1.510363747263010925e+00
6.217999999999999972e+01,-1.723784526907733428e+00
6.220000000000000284e+01,-1.981491147169670564e+00
6.221999999999999886e+01,-2.290466222432551380e+00
6.224000000000000199e+01,-2.658795591878059472e+00
6.225999999999999801e+01,-3.095323204407196549e+00
6.228000000000000114e+01,-3.608957605328293905e+00
6.230000000000000426e+01,-4.207391074285505184e+00
6.232000000000000028e+01,-4.894911024343622685e+00
6.234000000000000341e+01,-5.668953489854796857e+00
6.235999999999999943e+01,-6.515201441466015986e+00
6.238000000000000256e+01,-7.401612188559355765e+00
6.239999999999999858e+01,-8.273068065220078537e+00
6.242000000000000171e+01,-9.050377103804086332e+00
6.244000000000000483e+01,-9.638972637955193434e+00
6.246000000000000085e+01,-9.950939994048578541e+00
6.248000000000000398e+01,-9.935923712015299003e+00
6.250000000000000000e+01,-9.604720430299661160e+00
6.252000000000000313e+01,-9.026041667271281099e+00
6.253999999999999915e+01,-8.293051162123900255e+00
6.256000000000000227e+01,-7.482710496068204264e+00
6.257999999999999829e+01,-6.639160112293932769e+00
6.260000000000000142e+01,-5.787078486447022385e+00
6.262000000000000455e+01,-4.951334259052931230e+00
6.264000000000000057e+01,-4.162908225355572256e+00
6.266000000000000369e+01,-3.453376785900124979e+00
6.267999999999999972e+01,-2.848536467630793378e+00
6.270000000000000284e+01,-2.366067437321953459e+00
6.271999999999999886e+01,-2.015835847585817131e+00
6.274000000000000199e+01,-1.799116850136202261e+00
6.275999999999999801e+01,-1.705576568361713896e+00
6.278000000000000114e+01,-1.713635061402759563e+00
6.280000000000000426e+01,-1.798830074635254572e+00
6.282000000000000028e+01,-1.943186464682197245e+00
6.284000000000000341e+01,-2.138225758088848849e+00
6.285999999999999943e+01,-2.383251194317637101e+00
6.288000000000000256e+01,-2.682826248610782560e+00
6.289999999999999858e+01,-3.045073093249839324e+00
6.292000000000000171e+01,-3.480861684593832273e+00
6.294000000000000483e+01,-4.003568104799474447e+00
6.296000000000000085e+01,-4.629102184270958098e+00
6.298000000000000398e+01,-5.375971340996295034e+00
6.300000000000000000e+01,-6.265169911807927150e+00
6.302000000000000313e+01,-7.319631993766117617e+00
6.303999999999999915e+01,-8.562866917839910386e+00
6.306000000000000227e+01,-1.001619555547141616e+01
6.307999999999999829e+01,-1.169374675502328209e+01
6.310000000000000142e+01,-1.359412617231068587e+01
6.312000000000000455e+01,-1.568769479666720024e+01
6.314000000000000057e+01,-1.789924280114858490e+01
6.316000000000000369e+01,-2.008852033391625014e+01
6.317999999999999972e+01,-2.203664662383255290e+01
6.320000000000000284e+01,-2.345428720677825041e+01
6.321999999999999886e+01,-2.403186944344104603e+01
6.324000000000000199e+01,-2.353988111865698585e+01
6.325999999999999801e+01,-2.194815496333008653e+01
6.328000000000000114e+01,-1.948701065256729592e+01
6.330000000000000426e+01,-1.657966194157723194e+01
6.332000000000000028e+01,-1.366693780657919000e+01
6.334000000000000341e+01,-1.104469450506779538e+01
6.335999999999999943e+01,-8.820451309224026204e+00
6.338000000000000256e+01,-6.978148704043615425e+00
6.339999999999999858e+01,-5.461758426374252018e+00
6.342000000000000171e+01,-4.219949386240640088e+00
6.344000000000000483e+01,-3.215034334462523180e+00
6.346000000000000085e+01,-2.418680882820544831e+00
6.348000000000000398e+01,-1.807052351459112804e+00
6.350000000000000000e+01,-1.357502335263854887e+00
6.352000000000000313e+01,-1.045528479041104575e+00
6.353999999999999915e+01,-8.429853806888080170e-01
6.356000000000000227e+01,-7.210018394530700592e-01
6.357999999999999829e+01,-6.559214681256972934e-01
6.360000000000000142e+01,-6.320559306687457690e-01
6.362000000000000455e+01,-6.403432461118255814e-01
6.364000000000000057e+01,-6.760219490136430975e-01
6.366000000000000369e+01,-7.370044601375992377e-01
6.367999999999999972e+01,-8.230070255702061077e-01
6.370000000000000284e+01,-9.351226142377441208e-01
6.371999999999999886e+01,-1.075604018522542837e+00
6.374000000000000199e+01,-1.247729150381403862e+00
6.375999999999999801e+01,-1.455661612449373976e+00
6.378000000000000114e+01,-1.704231249437019535e+00
6.380000000000000426e+01,-1.998530100015361466e+00
6.382000000000000028e+01,-2.343172744084634829e+00
6.384000000000000341e+01,-2.740999561287164710e+00
6.385999999999999943e+01,-3.190920274361323195e+00
6.388000000000000256e+01,-3.684557113399046457e+00
6.389999999999999858e+01,-4.201470576345173846e+00
6.392000000000000171e+01,-4.703291944998009733e+00
6.394000000000000483e+01,-5.128414417426687244e+00
6.396000000000000085e+01,-5.391222979817654526e+00
6.398000000000000398e+01,-5.392348332561258673e+00
6.400000000000000000e+01,-5.045935282708074787e+00
6.401999999999999602e+01,-4.321326622835069742e+00
6.404000000000000625e+01,-3.279358208220541915e+00
6.406000000000000227e+01,-2.071966442941940656e+00
6.407999999999999829e+01,-8.910871337006426307e-01
6.409999999999999432e+01,1.046222378620543930e-01
6.412000000000000455e+01,8.350085844655951162e-01
6.414000000000000057e+01,1.295295569742552777e+00
6.415999999999999659e+01,1.526780186981467669e+00
6.418000000000000682e+01,1.588923476169942672e+00
6.420000000000000284e+01,1.541755226730913142e+00
6.421999999999999886e+01,1.436916108967534411e+00
6.423999999999999488e+01,1.314726375993164220e+00
6.426000000000000512e+01,1.205048280556190399e+00
6.428000000000000114e+01,1.129566502328996691e+00
6.429999999999999716e+01,1.102860916908102062e+00
6.432000000000000739e+01,1.130760653437453467e+00
6.434000000000000341e+01,1.209186507222648421e+00
6.435999999999999943e+01,1.328556301082192581e+00
6.437999999999999545e+01,1.480900993874573857e+00
6.440000000000000568e+01,1.663446899227253750e+00
6.442000000000000171e+01,1.878347599231920295e+00
6.443999999999999773e+01,2.131244737667651989e+00
6.446000000000000796e+01,2.430165709251840944e+00
6.448000000000000398e+01,2.785013483259378031e+00
6.450000000000000000e+01,3.207479486870745244e+00
6.451999999999999602e+01,3.711171830703534180e+00
6.454000000000000625e+01,4.311789207078442487e+00
6.456000000000000227e+01,5.027188844411814017e+00
6.457999999999999829e+01,5.877164389730917371e+00
6.459999999999999432e+01,6.882664784540519776e+00
6.462000000000000455e+01,8.064032522172253081e+00
6.464000000000000057e+01,9.437630623749388548e+00
6.465999999999999659e+01,1.100999317924906684e+01
6.468000000000000682e+01,1.276852789810256006e+01
6.470000000000000284e+01,1.466818972989204362e+01
6.471999999999999886e+01,1.661516088007404690e+01
6.473999999999999488e+01,1.845238508476240469e+01
6.476000000000000512e+01,1.995803637603460245e+01
6.478000000000000114e+01,2.087352100157572821e+01
6.479999999999999716e+01,2.097310797316931641e+01
6.482000000000000739e+01,2.016160446810083329e+01
6.484000000000000341e+01,1.854637980080497783e+01
6.485999999999999943e+01,1.641739923563392622e+01
6.487999999999999545e+01,1.412533107005626754e+01
6.490000000000000568e+01,1.193794365162413129e+01
6.492000000000000171e+01,9.977191007321589922e+00
6.493999999999999773e+01,8.257518460975244778e+00
6.496000000000000796e+01,6.757565465096863733e+00
6.498000000000000398e+01,5.461809769444787577e+00
6.500000000000000000e+01,4.366583973692034881e+00
6.501999999999999602e+01,3.472723158225189177e+00
6.504000000000000625e+01,2.779253128723544908e+00
6.506000000000000227e+01,2.279737171905315218e+00
6.507999999999999829e+01,1.958445706875694858e+00
6.509999999999999432e+01,1.787746601370892030e+00
6.512000000000000455e+01,1.732974491708655584e+00
6.514000000000000057e+01,1.763267438803355125e+00
6.515999999999999659e+01,1.858381613253974329e+00
6.518000000000000682e+01,2.008504380685142809e+00
6.520000000000000284e+01,2.211261501008142005e+00
6.521999999999999886e+01,2.469103588567693297e+00
6.523999999999999488e+01,2.787763434172773280e+00
6.526000000000000512e+01,3.175514020754877098e+00
6.528000000000000114e+01,3.642858858664499433e+00
6.529999999999999716e+01,4.202371365497277189e+00
6.532000000000000739e+01,4.868459566895815271e+00
6.534000000000000341e+01,5.656826312181024718e+00
6.535999999999999943e+01,6.583329439255662052e+00
6.537999999999999545e+01,7.661814687569169280e+00
6.540000000000000568e+01,8.900327765607253028e+00
6.542000000000000171e+01,1.029495954420154824e+01
6.543999999999999773e+01,1.182062775917064457e+01
6.546000000000000796e+01,1.341872732057354867e+01
6.548000000000000398e+01,1.498345003341565729e+01
6.550000000000000000e+01,1.635237004486488033e+01
6.551999999999999602e+01,1.731223726878340585e+01
6.554000000000000625e+01,1.763409130772345534e+01
6.556000000000000227e+01,1.714424732595246326e+01
6.557999999999999829e+01,1.581188130617608856e+01
6.559999999999999432e+01,1.380090735868834351e+01
6.562000000000000455e+01,1.143235983697304370e+01
6.564000000000000057e+01,9.061661406804493168e+00
6.565999999999999659e+01,6.949551968344360731e+00
6.568000000000000682e+01,5.209738227642318975e+00
6.570000000000000284e+01,3.841134092748966111e+00
6.571999999999999886e+01,2.789251861647784381e+00
6.573999999999999488e+01,1.989692277338023230e+00
6.576000000000000512e+01,1.385923808478534802e+00
6.578000000000000114e+01,9.326229908074225028e-01
6.579999999999999716e+01,5.942523941653038433e-01
6.582000000000000739e+01,3.429013623287323065e-01
6.584000000000000341e+01,1.562888707025030521e-01
6.585999999999999943e+01,1.592165501121597243e-02
6.587999999999999545e+01,-9.419098442165949048e-02
6.590000000000000568e+01,-1.871661183790346294e-01
6.592000000000000171e+01,-2.717759910736182727e-01
6.593999999999999773e+01,-3.527746030100984975e-01
6.596000000000000796e+01,-4.331432605904767530e-01
6.598000000000000398e+01,-5.158066218356495147e-01
6.600000000000000000e+01,-6.041307864646766612e-01
6.601999999999999602e+01,-7.018838393632811368e-01
6.604000000000000625e+01,-8.131631702162434028e-01
6.606000000000000227e+01,-9.424251849956102323e-01
6.607999999999999829e+01,-1.094604535747163210e+00
6.609999999999999432e+01,-1.275283380987217940e+00
6.612000000000000455e+01,-1.490879541723457713e+00
6.614000000000000057e+01,-1.748825397094936340e+00
6.615999999999999659e+01,-2.057705200391316325e+00
6.618000000000000682e+01,-2.427294305596689572e+00
6.620000000000000284e+01,-2.868405142055501234e+00
6.621999999999999886e+01,-3.392374113916983180e+00
6.623999999999999488e+01,-4.009924474295567975e+00
6.626000000000000512e+01,-4.729011414514666889e+00
6.628000000000000114e+01,-5.551146011884751097e+00
6.629999999999999716e+01,-6.465743200964681137e+00
6.632000000000000739e+01,-7.442559223737836405e+00
6.634000000000000341e+01,-8.423774804772090619e+00
6.635999999999999943e+01,-9.320075874980233266e+00
6.637999999999999545e+01,-1.001819474650493191e+01
6.640000000000000568e+01,-1.040686643750359330e+01
6.642000000000000171e+01,-1.041829527398377842e+01
6.643999999999999773e+01,-1.006403228606502331e+01
6.646000000000000796e+01,-9.434757777111416388e+00
6.648000000000000398e+01,-8.653773916757167228e+00
6.650000000000000000e+01,-7.816169803289800377e+00
6.651999999999999602e+01,-6.965114866192907428e+00
6.654000000000000625e+01,-6.117781168567937300e+00
6.656000000000000227e+01,-5.299401782279448803e+00
6.657999999999999829e+01,-4.551269594612979752e+00
6.659999999999999432e+01,-3.919540097280183932e+00
6.662000000000000455e+01,-3.442173074987273651e+00
6.664000000000000057e+01,-3.139032599314602656e+00
6.665999999999999659e+01,-3.005401450050707801e+00
6.668000000000000682e+01,-3.014938816909968011e+00
6.670000000000000284e+01,-3.134244379859091545e+00
6.671999999999999886e+01,-3.337433993707441982e+00
6.673999999999999488e+01,-3.611287735042179481e+00
6.676000000000000512e+01,-3.953367103356888013e+00
6.678000000000000114e+01,-4.368454538690200728e+00
6.679999999999999716e+01,-4.865799201567106991e+00
6.682000000000000739e+01,-5.457469900236445071e+00
6.684000000000000341e+01,-6.157413062638932288e+00
6.685999999999999943e+01,-6.980739534908355637e+00
6.687999999999999545e+01,-7.942809910308820776e+00
6.690000000000000568e+01,-9.057705560770848763e+00
6.692000000000000171e+01,-1.033563453494491746e+01
6.693999999999999773e+01,-1.177876466410300438e+01
6.696000000000000796e+01,-1.337498671261408312e+01
6.698000000000000398e+01,-1.508937483927335244e+01
6.700000000000000000e+01,-1.685393761258297829e+01
6.701999999999999602e+01,-1.855802823085186759e+01
6.704000000000000625e+01,-2.004464203033106529e+01
6.706000000000000227e+01,-2.112082863833094848e+01
6.707999999999999829e+01,-2.159048719937880279e+01
6.709999999999999432e+01,-2.131000507729983084e+01
6.712000000000000455e+01,-2.024971995424322913e+01
6.714000000000000057e+01,-1.852679568735456783e+01
6.715999999999999659e+01,-1.637897223177738226e+01
6.718000000000000682e+01,-1.408404779824711639e+01
6.720000000000000284e+01,-1.187125501526947247e+01
6.721999999999999886e+01,-9.875044853991722604e+00
6.723999999999999488e+01,-8.143245035294246037e+00
6.726000000000000512e+01,-6.672580409002284441e+00
6.728000000000000114e+01,-5.440402689383831536e+00
6.729999999999999716e+01,-4.421131299144027693e+00
6.732000000000000739e+01,-3.591401985196967850e+00
6.734000000000000341e+01,-2.930745228461302254e+00
6.735999999999999943e+01,-2.421590087938036540e+00
6.737999999999999545e+01,-2.049463912569813306e+00
6.740000000000000568e+01,-1.802701871708086712e+00
6.742000000000000171e+01,-1.670616545669143305e+00
6.743999999999999773e+01,-1.640604658854820652e+00
6.746000000000000796e+01,-1.697322994204935043e+00
6.748000000000000398e+01,-1.825802720577548222e+00
6.750000000000000000e+01,-2.015512374607329793e+00
6.751999999999999602e+01,-2.262079788088012133e+00
6.754000000000000625e+01,-2.566838875128862885e+00
6.756000000000000227e+01,-2.935727867000282210e+00
6.757999999999999829e+01,-3.378413083345043866e+00
6.759999999999999432e+01,-3.907809007601212414e+00
6.762000000000000455e+01,-4.539883213356639580e+00
6.764000000000000057e+01,-5.293563033730785072e+00
6.765999999999999659e+01,-6.190533733288541285e+00
6.768000000000000682e+01,-7.254650092983190746e+00
6.770000000000000284e+01,-8.510558267790656828e+00
6.771999999999999886e+01,-9.980915858341891322e+00
6.773999999999999488e+01,-1.168132046543304980e+01
6.776000000000000512e+01,-1.361178690898279875e+01
6.778000000000000114e+01,-1.574359787272243061e+01
6.779999999999999716e+01,-1.800118928698362808e+01
6.782000000000000739e+01,-2.024148620293020429e+01
6.784000000000000341e+01,-2.223898215742388018e+01
6.785999999999999943e+01,-2.369338588599813633e+01
6.787999999999999545e+01,-2.428175548961508312e+01
6.790000000000000568e+01,-2.376441398667191862e+01
6.792000000000000171e+01,-2.211182291692063373e+01
6.793999999999999773e+01,-1.956928213420307472e+01
6.796000000000000796e+01,-1.658319925297346487e+01
6.798000000000000398e+01,-1.361279366884972220e+01
6.800000000000000000e+01,-1.095869304733321492e+01
6.801999999999999602e+01,-8.722129980401303939e+00
6.804000000000000625e+01,-6.878470001059961980e+00
6.806000000000000227e+01,-5.366434441908851660e+00
6.807999999999999829e+01,-4.133045926815428039e+00
6.809999999999999432e+01,-3.140845280731068279e+00
6.812000000000000455e+01,-2.362179601910032734e+00
6.814000000000000057e+01,-1.773277697994101398e+00
6.815999999999999659e+01,-1.349784855958547247e+00
6.818000000000000682e+01,-1.063348161197316788e+00
6.820000000000000284e+01,-8.820694694053908824e-01
6.821999999999999886e+01,-7.763568987893393336e-01
6.823999999999999488e+01,-7.244232561629518896e-01
6.826000000000000512e+01,-7.127864501907992256e-01
6.828000000000000114e+01,-7.339112289047661219e-01
6.829999999999999716e+01,-7.839668328960192056e-01
6.832000000000000739e+01,-8.614831278741875709e-01
6.834000000000000341e+01,-9.666595532991020256e-01
6.835999999999999943e+01,-1.101011422925931127e+00
6.837999999999999545e+01,-1.267156064041270236e+00
6.840000000000000568e+01,-1.468625404038883087e+00
6.842000000000000171e+01,-1.709610154095454693e+00
6.843999999999999773e+01,-1.994536889844636063e+00
6.846000000000000796e+01,-2.327332109219121925e+00
6.848000000000000398e+01,-2.710173426718469614e+00
6.850000000000000000e+01,-3.141462078370992561e+00
6.851999999999999602e+01,-3.612728841838587002e+00
6.854000000000000625e+01,-4.104316407934359923e+00
6.856000000000000227e+01,-4.580179755624691929e+00
6.857999999999999829e+01,-4.983315713036454042e+00
6.860000000000000853e+01,-5.235315172978075360e+00
6.862000000000000455e+01,-5.245589978171103951e+00
6.864000000000000057e+01,-4.935314177068419461e+00
6.865999999999999659e+01,-4.273916666033882095e+00
6.868000000000000682e+01,-3.311646153482542321e+00
6.870000000000000284e+01,-2.181682979212744566e+00
6.871999999999999886e+01,-1.058325727795993876e+00
6.873999999999999488e+01,-9.276387804277144711e-02
6.876000000000000512e+01,6.310981500336384498e-01
6.878000000000000114e+01,1.099380704594486335e+00
6.879999999999999716e+01,1.344516776494243171e+00
6.882000000000000739e+01,1.419327169110253806e+00
6.884000000000000341e+01,1.379306895456087201e+00
6.885999999999999943e+01,1.272979575322259471e+00
6.887999999999999545e+01,1.138089249130774805e+00
6.890000000000000568e+01,1.001608391939962317e+00
6.892000000000000171e+01,8.818047768540210329e-01
6.893999999999999773e+01,7.909735680280960413e-01
6.896000000000000796e+01,7.375862827677633904e-01
6.898000000000000398e+01,7.264586204224332544e-01
6.900000000000000000e+01,7.569439730892518758e-01
6.901999999999999602e+01,8.229341244491784613e-01
6.904000000000000625e+01,9.170705558972640503e-01
6.906000000000000227e+01,1.035000457171539656e+00
6.907999999999999829e+01,1.176434809014182292e+00
6.910000000000000853e+01,1.344291637325262467e+00
6.912000000000000455e+01,1.543704076609886622e+00
6.914000000000000057e+01,1.781479576443570689e+00
6.915999999999999659e+01,2.065972965759884872e+00
6.918000000000000682e+01,2.407220129845513146e+00
6.920000000000000284e+01,2.817211535096554087e+00
6.921999999999999886e+01,3.310225074274832036e+00
6.923999999999999488e+01,3.903148763071420113e+00
6.926000000000000512e+01,4.615703356626672083e+00
6.928000000000000114e+01,5.470413542780359961e+00
6.929999999999999716e+01,6.492064822993000028e+00
6.932000000000000739e+01,7.706195889270852639e+00
6.934000000000000341e+01,9.135900641751183215e+00
6.935999999999999943e+01,1.079585577593841883e+01
6.937999999999999545e+01,1.268217509740348170e+01
6.940000000000000568e+01,1.475681133517031896e+01
6.942000000000000171e+01,1.692669895003384184e+01
6.943999999999999773e+01,1.902219331841018146e+01
6.946000000000000796e+01,2.078783396884187340e+01
6.948000000000000398e+01,2.190838169632602828e+01
6.950000000000000000e+01,2.209214564714872253e+01
6.951999999999999602e+01,2.120201304258367969e+01
6.954000000000000625e+01,1.936344721653198775e+01
6.956000000000000227e+01,1.694778493015813936e+01
6.957999999999999829e+01,1.440450457436467424e+01
6.960000000000000853e+01,1.205753010076925058e+01
6.962000000000000455e+01,1.002423448414243978e+01
6.964000000000000057e+01,8.286985800542426617e+00
6.965999999999999659e+01,6.802710912181566094e+00
6.968000000000000682e+01,5.553827747344332266e+00
6.970000000000000284e+01,4.544763236028395603e+00
6.971999999999999886e+01,3.782824589136698723e+00
6.973999999999999488e+01,3.262155862467720269e+00
6.976000000000000512e+01,2.955741737872557895e+00
6.978000000000000114e+01,2.820562311091491026e+00
6.979999999999999716e+01,2.813067630825450305e+00
6.982000000000000739e+01,2.901375606124587669e+00
6.984000000000000341e+01,3.067603324313308732e+00
6.985999999999999943e+01,3.304642646523080263e+00
6.987999999999999545e+01,3.612353606638155412e+00
6.990000000000000568e+01,3.994898227810879554e+00
6.992000000000000171e+01,4.459151772336968911e+00
6.993999999999999773e+01,5.013717392526069183e+00
6.996000000000000796e+01,5.668099704648181358e+00
6.998000000000000398e+01,6.431665053422197964e+00
7.000000000000000000e+01,7.312043488458691343e+00
7.001999999999999602e+01,8.312608420195097381e+00
7.004000000000000625e+01,9.428658950824569729e+00
7.006000000000000227e+01,1.064201732442215409e+01
7.007999999999999829e+01,1.191410628738870692e+01
7.010000000000000853e+01,1.317844546917686266e+01
7.012000000000000455e+01,1.433512810552046979e+01
7.014000000000000057e+01,1.525206613086451313e+01
7.015999999999999659e+01,1.577939920838269749e+01
7.018000000000000682e+01,1.578161539202154806e+01
7.020000000000000284e+01,1.518340767198852248e+01
7.021999999999999886e+01,1.401124525757071204e+01
7.023999999999999488e+01,1.240368554903713338e+01
7.026000000000000512e+01,1.057452844595672659e+01
7.028000000000000114e+01,8.743671543703033677e+00
7.029999999999999716e+01,7.074926790537015897e+00
7.032000000000000739e+01,5.651991175181230176e+00
7.034000000000000341e+01,4.491990851406340468e+00
7.035999999999999943e+01,3.574031506742745723e+00
7.037999999999999545e+01,2.863101678018344476e+00
7.040000000000000568e+01,2.323421504375130286e+00
7.042000000000000171e+01,1.923910304792108894e+00
7.043999999999999773e+01,1.639742757562065778e+00
7.046000000000000796e+01,1.452378874327343139e+00
7.048000000000000398e+01,1.348843142182109656e+00
7.050000000000000000e+01,1.320114980422318673e+00
7.051999999999999602e+01,1.358704624628973345e+00
7.054000000000000625e+01,1.456851613594496442e+00
7.056000000000000227e+01,1.607008986736367051e+00
7.057999999999999829e+01,1.803898805286836549e+00
7.060000000000000853e+01,2.046021273252982553e+00
7.062000000000000455e+01,2.335860458263391060e+00
7.064000000000000057e+01,2.679369879395659293e+00
7.065999999999999659e+01,3.085376584061145788e+00
7.068000000000000682e+01,3.565145264849666429e+00
7.070000000000000284e+01,4.132070164038103677e+00
7.071999999999999886e+01,4.801347818650814503e+00
7.073999999999999488e+01,5.589406159304409094e+00
7.076000000000000512e+01,6.512790114897262228e+00
7.078000000000000114e+01,7.586072203599693253e+00
7.079999999999999716e+01,8.818190710063788629e+00
7.082000000000000739e+01,1.020646976789310223e+01
7.084000000000000341e+01,1.172760376432776930e+01
7.085999999999999943e+01,1.332547177373444036e+01
7.087999999999999545e+01,1.489742465984972952e+01
7.090000000000000568e+01,1.628436737845856896e+01
7.092000000000000171e+01,1.727528061606935950e+01
7.093999999999999773e+01,1.764032808957654908e+01
7.096000000000000796e+01,1.720003207327702910e+01
7.098000000000000398e+01,1.591318071642874798e+01
7.100000000000000000e+01,1.393259293564598877e+01
7.101999999999999602e+01,1.157333110689543965e+01
7.104000000000000625e+01,9.193112438261787034e+00
7.106000000000000227e+01,7.060727700592499545e+00
7.107999999999999829e+01,5.298118251330889095e+00
7.110000000000000853e+01,3.909044928371902206e+00
7.112000000000000455e+01,2.840540838943167667e+00
7.114000000000000057e+01,2.028020676229501440e+00
7.115999999999999659e+01,1.414287286184357617e+00
7.118000000000000682e+01,9.533704159172438075e-01
7.120000000000000284e+01,6.092147692669410697e-01
7.121999999999999886e+01,3.535136719486539070e-01
7.123999999999999488e+01,1.636925301450866399e-01
7.126000000000000512e+01,2.104943120808207974e-02
7.128000000000000114e+01,-9.057752479732879280e-02
7.129999999999999716e+01,-1.845143711832173405e-01
7.132000000000000739e+01,-2.697638963684561020e-01
7.134000000000000341e+01,-3.512265094452288738e-01
7.135999999999999943e+01,-4.319265452244958614e-01
7.137999999999999545e+01,-5.147873950919792385e-01
7.140000000000000568e+01,-6.031704952627381378e-01
7.142000000000000171e+01,-7.008446034664018720e-01
7.143999999999999773e+01,-8.119094697655443449e-01
7.146000000000000796e+01,-9.408209027512651756e-01
7.148000000000000398e+01,-1.092507064712014531e+00
7.150000000000000000e+01,-1.272536465206141054e+00
7.151999999999999602e+01,-1.487305782603423054e+00
7.154000000000000625e+01,-1.744219148347452508e+00
7.156000000000000227e+01,-2.051826557168953347e+00
7.157999999999999829e+01,-2.419865655237926738e+00
7.160000000000000853e+01,-2.859113084697836094e+00
7.162000000000000455e+01,-3.380881227728231408e+00
7.164000000000000057e+01,-3.995899088944722344e+00
7.165999999999999659e+01,-4.712187052284429356e+00
7.168000000000000682e+01,-5.531425720149393932e+00
7.170000000000000284e+01,-6.443361681102470762e+00
7.171999999999999886e+01,-7.418297910868147049e+00
7.173999999999999488e+01,-8.399176320829516484e+00
7.176000000000000512e+01,-9.297519110280706656e+00
7.178000000000000114e+01,-1.000061390716463094e+01
7.179999999999999716e+01,-1.039695916315116619e+01
7.182000000000000739e+01,-1.041740931984033303e+01
7.184000000000000341e+01,-1.007140531143864060e+01
7.185999999999999943e+01,-9.447848753453506276e+00
7.187999999999999545e+01,-8.669655829797051183e+00
7.190000000000000568e+01,-7.832886765744949464e+00
7.192000000000000171e+01,-6.981830314141222793e+00
7.193999999999999773e+01,-6.133921424357404284e+00
7.196000000000000796e+01,-5.313983451046138562e+00
7.198000000000000398e+01,-4.562889703082091408e+00
7.200000000000000000e+01,-3.926688634726646310e+00
7.201999999999999602e+01,-3.443598309200475605e+00
7.204000000000000625e+01,-3.134143252088376741e+00
7.206000000000000227e+01,-2.994521585030397226e+00
7.207999999999999829e+01,-2.999037336139834586e+00
7.210000000000000853e+01,-3.114309740777739144e+00
7.212000000000000455e+01,-3.314057648268028622e+00
7.214000000000000057e+01,-3.584612915557413348e+00
7.215999999999999659e+01,-3.923200461268366634e+00
7.218000000000000682e+01,-4.334384340091645527e+00
7.220000000000000284e+01,-4.827277315202249675e+00
7.221999999999999886e+01,-5.413864509479312304e+00
7.223999999999999488e+01,-6.108050985096538099e+00
7.226000000000000512e+01,-6.924956222020072438e+00
7.228000000000000114e+01,-7.880025750594318090e+00
7.229999999999999716e+01,-8.987548024813809988e+00
7.232000000000000739e+01,-1.025812892806943921e+01
7.234000000000000341e+01,-1.169461563233501344e+01
7.235999999999999943e+01,-1.328596372720826579e+01
7.237999999999999545e+01,-1.499878350062797772e+01
7.240000000000000568e+01,-1.676708737604560184e+01
7.242000000000000171e+01,-1.848248404242506737e+01
7.243999999999999773e+01,-1.998989364477314723e+01
7.246000000000000796e+01,-2.109694052676069731e+01
7.248000000000000398e+01,-2.160552590049020694e+01
7.250000000000000000e+01,-2.136678366076358415e+01
7.251999999999999602e+01,-2.034341928933236332e+01
7.254000000000000625e+01,-1.864535764816714902e+01
7.256000000000000227e+01,-1.650681876958095629e+01
7.257999999999999829e+01,-1.420723959549198412e+01
7.260000000000000853e+01,-1.198100742065609836e+01
7.262000000000000455e+01,-9.968021946458174298e+00
7.264000000000000057e+01,-8.219639897494127823e+00
7.265999999999999659e+01,-6.733989859292930369e+00
7.268000000000000682e+01,-5.488586886740519866e+00
7.270000000000000284e+01,-4.457589900657945137e+00
7.271999999999999886e+01,-3.617317358546335626e+00
7.273999999999999488e+01,-2.946990384002189600e+00
7.276000000000000512e+01,-2.428711464250846941e+00
7.278000000000000114e+01,-2.047678727424283807e+00
7.279999999999999716e+01,-1.792013962659500415e+00
7.282000000000000739e+01,-1.651106454481112928e+00
7.284000000000000341e+01,-1.612694245153522887e+00
7.285999999999999943e+01,-1.661666446341129255e+00
7.287999999999999545e+01,-1.782872232022280956e+00
7.290000000000000568e+01,-1.965291522552889747e+00
7.292000000000000171e+01,-2.204007878474377069e+00
7.293999999999999773e+01,-2.499876479394288253e+00
7.296000000000000796e+01,-2.858425511265528129e+00
7.298000000000000398e+01,-3.288947447011772773e+00
7.300000000000000000e+01,-3.803993372940272177e+00
7.301999999999999602e+01,-4.419170440988660076e+00
7.304000000000000625e+01,-5.153065515456207279e+00
7.306000000000000227e+01,-6.027089957478978910e+00
7.307999999999999829e+01,-7.064987200052844862e+00
7.310000000000000853e+01,-8.291619581645447212e+00
7.312000000000000455e+01,-9.730461579331473487e+00
7.314000000000000057e+01,-1.139894599303078948e+01
7.315999999999999659e+01,-1.330052654480043728e+01
7.318000000000000682e+01,-1.541222565691007595e+01
7.320000000000000284e+01,-1.766707946996204370e+01
7.321999999999999886e+01,-1.993327229849735716e+01
7.323999999999999488e+01,-2.199715535758694784e+01
7.326000000000000512e+01,-2.356579649156734746e+01
7.328000000000000114e+01,-2.431125275705490552e+01
7.329999999999999716e+01,-2.396997794885217203e+01
7.332000000000000739e+01,-2.247253442084964092e+01
7.334000000000000341e+01,-2.002526565977407103e+01
7.335999999999999943e+01,-1.705886150076627317e+01
7.337999999999999545e+01,-1.404826396511235309e+01
7.340000000000000568e+01,-1.132665521145112031e+01
7.342000000000000171e+01,-9.022067092617762185e+00
7.343999999999999773e+01,-7.120964680091912413e+00
7.346000000000000796e+01,-5.562303500405691103e+00
7.348000000000000398e+01,-4.290298979086014874e+00
7.350000000000000000e+01,-3.265389205212686718e+00
7.351999999999999602e+01,-2.458965913262861847e+00
7.354000000000000625e+01,-1.846943572391141819e+00
7.356000000000000227e+01,-1.404893948643161750e+00
7.357999999999999829e+01,-1.104363651690072556e+00
7.360000000000000853e+01,-9.130150973223764010e-01
7.362000000000000455e+01,-8.003946847631548955e-01
7.364000000000000057e+01,-7.437668201251774747e-01
7.365999999999999659e+01,-7.289238761709986303e-01
7.368000000000000682e+01,-7.478641489854869207e-01
7.370000000000000284e+01,-7.964643870220355915e-01
7.371999999999999886e+01,-8.730591670355306588e-01
7.373999999999999488e+01,-9.777045981386708329e-01
7.376000000000000512e+01,-1.111799732024506771e+00
7.378000000000000114e+01,-1.277857692158850700e+00
7.379999999999999716e+01,-1.479306475659863507e+00
7.382000000000000739e+01,-1.720221756881321840e+00
7.384000000000000341e+01,-2.004891673322404699e+00
7.385999999999999943e+01,-2.337066839408953101e+00
7.387999999999999545e+01,-2.718698688538965236e+00
7.390000000000000568e+01,-3.147903993371532927e+00
7.392000000000000171e+01,-3.615879740862437242e+00
7.393999999999999773e+01,-4.102631907265735123e+00
7.396000000000000796e+01,-4.571890463857663178e+00
7.398000000000000398e+01,-4.966750924035867598e+00
7.400000000000000000e+01,-5.209524098565196049e+00
7.401999999999999602e+01,-5.211220406207753619e+00
7.404000000000000625e+01,-4.895416670529250780e+00
7.406000000000000227e+01,-4.234013878218950033e+00
7.407999999999999829e+01,-3.278475805471142479e+00
7.410000000000000853e+01,-2.160873385017151982e+00
7.412000000000000455e+01,-1.052379722745608204e+00
7.414000000000000057e+01,-1.007396858181152932e-01
7.415999999999999659e+01,6.122704495802798741e-01
7.418000000000000682e+01,1.073242243351227421e+00
7.420000000000000284e+01,1.314046270949143613e+00
7.421999999999999886e+01,1.386554269793798255e+00
7.423999999999999488e+01,1.345268141754162761e+00
7.426000000000000512e+01,1.237813131900152408e+00
7.428000000000000114e+01,1.101147232146331589e+00
7.429999999999999716e+01,9.614953472319990313e-01
7.432000000000000739e+01,8.362912646344231593e-01
7.434000000000000341e+01,7.368399098169808870e-01
7.435999999999999943e+01,6.707281758851894038e-01
7.437999999999999545e+01,6.428695475715885399e-01
7.440000000000000568e+01,6.543455262977503351e-01
7.442000000000000171e+01,7.010808768428279381e-01
7.443999999999999773e+01,7.761629673095191695e-01
7.446000000000000796e+01,8.742343579995494052e-01
7.448000000000000398e+01,9.936113853205126301e-01
7.450000000000000000e+01,1.135931063925041062e+00
7.451999999999999602e+01,1.305174576035164513e+00
7.454000000000000625e+01,1.507010776405071750e+00
7.456000000000000227e+01,1.748564386348590016e+00
7.457999999999999829e+01,2.038478807426844952e+00
7.460000000000000853e+01,2.387150083474592233e+00
7.462000000000000455e+01,2.807052703617513245e+00
7.464000000000000057e+01,3.313102244310519584e+00
7.465999999999999659e+01,3.922997683154525461e+00
7.468000000000000682e+01,4.657452549570872513e+00
7.470000000000000284e+01,5.540153007632508952e+00
7.471999999999999886e+01,6.597152064324875553e+00
7.473999999999999488e+01,7.855201999640740951e+00
7.476000000000000512e+01,9.338214983638479794e+00
7.478000000000000114e+01,1.106064480094747182e+01
7.479999999999999716e+01,1.301624235132431018e+01
7.482000000000000739e+01,1.516082748098754251e+01
7.484000000000000341e+01,1.738952364368482506e+01
7.485999999999999943e+01,1.951409718802108628e+01
7.487999999999999545e+01,2.125584273980201289e+01
7.490000000000000568e+01,2.228007052636164431e+01
7.492000000000000171e+01,2.229437840503752355e+01
7.493999999999999773e+01,2.119259234322133878e+01
7.496000000000000796e+01,1.915755914552459060e+01
7.498000000000000398e+01,1.661479596574162088e+01
7.500000000000000000e+01,1.403133324033043827e+01
7.501999999999999602e+01,1.170705619329542024e+01
7.504000000000000625e+01,9.722028566252101101e+00
7.506000000000000227e+01,8.037256435619305250e+00
7.507999999999999829e+01,6.607804619301168358e+00
7.510000000000000853e+01,5.421671549857200567e+00
7.512000000000000455e+01,4.486708991810165692e+00
7.514000000000000057e+01,3.807527439955502135e+00
7.515999999999999659e+01,3.369361585281783089e+00
7.518000000000000682e+01,3.135155585411633972e+00
7.520000000000000284e+01,3.057842158784954023e+00
7.521999999999999886e+01,3.096838384334107186e+00
7.523999999999999488e+01,3.225850564879367166e+00
7.526000000000000512e+01,3.431784838052796882e+00
7.528000000000000114e+01,3.710700556667829275e+00
7.529999999999999716e+01,4.064319608540301942e+00
7.532000000000000739e+01,4.497768494747593770e+00
7.534000000000000341e+01,5.018195937182013289e+00
7.535999999999999943e+01,5.633765020293399317e+00
7.537999999999999545e+01,6.352598924528236601e+00
7.540000000000000568e+01,7.181313441746587145e+00
7.542000000000000171e+01,8.122791819226927501e+00
7.543999999999999773e+01,9.172867230466962951e+00
7.546000000000000796e+01,1.031566575678160902e+01
7.548000000000000398e+01,1.151764808195265033e+01
7.550000000000000000e+01,1.272108516478497187e+01
7.551999999999999602e+01,1.383898480547509813e+01
7.554000000000000625e+01,1.475527786926721951e+01
7.556000000000000227e+01,1.533551012539993685e+01
7.557999999999999829e+01,1.545226982978630659e+01
7.560000000000000853e+01,1.502349468573325453e+01
7.562000000000000455e+01,1.405074714097811572e+01
7.564000000000000057e+01,1.263559544176686522e+01
7.565999999999999659e+01,1.095738723578286411e+01
7.568000000000000682e+01,9.218336774617805318e+00
7.570000000000000284e+01,7.585241015341259718e+00
7.571999999999999886e+01,6.157946491013621682e+00
7.573999999999999488e+01,4.971964400645520143e+00
7.576000000000000512e+01,4.020357161430629489e+00
7.578000000000000114e+01,3.276496472688699146e+00
7.579999999999999716e+01,2.708988194049500642e+00
7.582000000000000739e+01,2.288952523632072023e+00
7.584000000000000341e+01,1.992733129111238899e+00
7.585999999999999943e+01,1.802392920979877022e+00
7.587999999999999545e+01,1.704964834532335605e+00
7.590000000000000568e+01,1.690694314341324667e+00
7.592000000000000171e+01,1.750926171942149168e+00
7.593999999999999773e+01,1.877139777978771296e+00
7.596000000000000796e+01,2.061941354481999777e+00
7.598000000000000398e+01,2.300862022508558091e+00
7.600000000000000000e+01,2.593409299273787827e+00
7.601999999999999602e+01,2.943057966508006107e+00
7.604000000000000625e+01,3.356696020714496687e+00
7.606000000000000227e+01,3.843986974809105117e+00
7.607999999999999829e+01,4.416793079683692724e+00
7.610000000000000853e+01,5.088577227953210880e+00
7.612000000000000455e+01,5.873578127100044455e+00
7.614000000000000057e+01,6.785452519939028981e+00
7.615999999999999659e+01,7.834977253421997467e+00
7.618000000000000682e+01,9.026284875874328151e+00
7.620000000000000284e+01,1.035104774626599777e+01
7.621999999999999886e+01,1.178019198927885647e+01
7.623999999999999488e+01,1.325344588040111660e+01
7.626000000000000512e+01,1.466880401217000696e+01
7.628000000000000114e+01,1.587716687911853519e+01
7.629999999999999716e+01,1.669125517089116073e+01
7.632000000000000739e+01,1.691900353255554279e+01
7.634000000000000341e+01,1.642368451152216480e+01
7.635999999999999943e+01,1.519228854850443788e+01
7.637999999999999545e+01,1.337113036650147002e+01
7.640000000000000568e+01,1.123125459210207744e+01
7.642000000000000171e+01,9.071216531302795261e+00
7.643999999999999773e+01,7.116635027048260120e+00
7.646000000000000796e+01,5.476607099879577056e+00
7.648000000000000398e+01,4.163926911670458253e+00
7.650000000000000000e+01,3.140890027283134600e+00
7.651999999999999602e+01,2.355358430472785258e+00
7.654000000000000625e+01,1.758116693875626968e+00
7.656000000000000227e+01,1.307956247967400065e+00
7.657999999999999829e+01,9.717508881398888576e-01
7.660000000000000853e+01,7.232448508835735979e-01
7.662000000000000455e+01,5.418040801638822623e-01
7.664000000000000057e+01,4.113925135977631320e-01
7.665999999999999659e+01,3.197754577055789138e-01
7.668000000000000682e+01,2.579345130449842705e-01
7.670000000000000284e+01,2.197075876581859599e-01
7.671999999999999886e+01,2.016038584744025974e-01
7.673999999999999488e+01,2.023152729414797457e-01
7.676000000000000512e+01,2.209876525163064209e-01
7.678000000000000114e+01,2.552296522339228546e-01
7.679999999999999716e+01,3.018152647358574581e-01
7.682000000000000739e+01,3.587992461659325061e-01
7.684000000000000341e+01,4.261933150944663962e-01
7.685999999999999943e+01,5.055537882214633516e-01
7.687999999999999545e+01,5.995203403007548504e-01
7.690000000000000568e+01,7.116002967607136798e-01
7.692000000000000171e+01,8.461556442116915377e-01
7.693999999999999773e+01,1.008518704762991547e+00
7.696000000000000796e+01,1.205193314803202131e+00
7.698000000000000398e+01,1.444121972205524074e+00
7.700000000000000000e+01,1.735014965256694408e+00
7.701999999999999602e+01,2.089735887466044328e+00
7.704000000000000625e+01,2.522737987008300653e+00
7.706000000000000227e+01,3.051524331397568623e+00
7.707999999999999829e+01,3.697072921298127479e+00
7.710000000000000853e+01,4.484099539808537926e+00
7.712000000000000455e+01,5.440905796201053413e+00
7.714000000000000057e+01,6.598344173838881943e+00
7.715999999999999659e+01,7.987063713157311895e+00
7.718000000000000682e+01,9.631647309395299672e+00
7.720000000000000284e+01,1.153953314881514913e+01
7.721999999999999886e+01,1.368208265007653246e+01
7.723999999999999488e+01,1.596590494969235507e+01
7.726000000000000512e+01,1.819714204095625831e+01
7.728000000000000114e+01,2.005369075215856611e+01
7.729999999999999716e+01,2.110099505127374542e+01
7.732000000000000739e+01,2.090061121114145948e+01
7.734000000000000341e+01,1.922438198584401547e+01
7.735999999999999943e+01,1.626982305429313058e+01
7.737999999999999545e+01,1.266672441513587266e+01
7.740000000000000568e+01,9.176437562876820664e+00
7.742000000000000171e+01,6.301235519600924206e+00
7.743999999999999773e+01,4.147190051085758000e+00
7.746000000000000796e+01,2.585397798898668498e+00
7.748000000000000398e+01,1.449590106597952177e+00
7.750000000000000000e+01,6.111640190324802990e-01
7.751999999999999602e+01,-2.262721775764933024e-02
7.754000000000000625e+01,-5.209102902648199418e-01
7.756000000000000227e+01,-9.327555033925490902e-01
7.757999999999999829e+01,-1.288187745692100705e+00
7.760000000000000853e+01,-1.603755887573311112e+00
7.762000000000000455e+01,-1.890197617292972643e+00
7.764000000000000057e+01,-2.157300778533453478e+00
7.765999999999999659e+01,-2.415325195624449250e+00
7.768000000000000682e+01,-2.674691891915023323e+00
7.770000000000000284e+01,-2.945291060308218967e+00
7.771999999999999886e+01,-3.235924264716584897e+00
7.773999999999999488e+01,-3.553925393293599466e+00
7.776000000000000512e+01,-3.904836978240609824e+00
7.778000000000000114e+01,-4.291999130989764488e+00
7.779999999999999716e+01,-4.715941207221119313e+00
7.782000000000000739e+01,-5.173529078180084895e+00
7.784000000000000341e+01,-5.656908610649098001e+00
7.785999999999999943e+01,-6.152425366073500435e+00
7.787999999999999545e+01,-6.639884084484569016e+00
7.790000000000000568e+01,-7.092707603911989622e+00
7.792000000000000171e+01,-7.479638441193340093e+00
7.793999999999999773e+01,-7.768407372456045401e+00
7.796000000000000796e+01,-7.931106352229872591e+00
7.798000000000000398e+01,-7.949965699407832709e+00
7.800000000000000000e+01,-7.821424225110638062e+00
7.801999999999999602e+01,-7.556623696184153083e+00
7.804000000000000625e+01,-7.178051231797563325e+00
7.806000000000000227e+01,-6.714095391679945735e+00
7.807999999999999829e+01,-6.194169843607870263e+00
7.810000000000000853e+01,-5.646046790531769055e+00
7.812000000000000455e+01,-5.095160172542946064e+00
7.814000000000000057e+01,-4.564577326087034592e+00
7.815999999999999659e+01,-4.074636116103299344e+00
7.818000000000000682e+01,-3.642081528949297820e+00
7.820000000000000284e+01,-3.279057607601260749e+00
7.821999999999999886e+01,-2.992413077866614035e+00
7.823999999999999488e+01,-2.783720734747532788e+00
7.826000000000000512e+01,-2.650226442959646267e+00
7.828000000000000114e+01,-2.586545420462551093e+00
7.829999999999999716e+01,-2.586527654099690210e+00
7.832000000000000739e+01,-2.644700381194135197e+00
7.834000000000000341e+01,-2.757039502116317653e+00
7.835999999999999943e+01,-2.921160112885364146e+00
7.837999999999999545e+01,-3.136131057979825609e+00
7.840000000000000568e+01,-3.402068161434520732e+00
7.842000000000000171e+01,-3.719566816759590555e+00
7.843999999999999773e+01,-4.088962112557766204e+00
7.846000000000000796e+01,-4.509367018763406065e+00
7.848000000000000398e+01,-4.977438151481121231e+00
7.850000000000000000e+01,-5.485864621686112663e+00
7.851999999999999602e+01,-6.021690753819557429e+00
7.854000000000000625e+01,-6.564788842645294942e+00
7.856000000000000227e+01,-7.087082545978097059e+00
7.857999999999999829e+01,-7.553380325793419559e+00
7.860000000000000853e+01,-7.924670327816689230e+00
7.862000000000000455e+01,-8.164119699262355923e+00
7.864000000000000057e+01,-8.244693464714007547e+00
7.865999999999999659e+01,-8.155769126336233299e+00
7.868000000000000682e+01,-7.905627672528459549e+00
7.870000000000000284e+01,-7.518314085345610742e+00
7.871999999999999886e+01,-7.026507149909665628e+00
7.873999999999999488e+01,-6.464302636385910183e+00
7.876000000000000512e+01,-5.863112195940318294e+00
7.878000000000000114e+01,-5.250948373961137783e+00
7.879999999999999716e+01,-4.653108482871752827e+00
7.882000000000000739e+01,-4.092379210819706792e+00
7.884000000000000341e+01,-3.588296500205473194e+00
7.885999999999999943e+01,-3.155949776191600886e+00
7.887999999999999545e+01,-2.804903958284550303e+00
7.890000000000000568e+01,-2.538660112502410637e+00
7.892000000000000171e+01,-2.355063422232364534e+00
7.893999999999999773e+01,-2.247872450820008083e+00
7.896000000000000796e+01,-2.209076883613827924e+00
7.898000000000000398e+01,-2.231060634391970776e+00
7.900000000000000000e+01,-2.307945951093822501e+00
7.901999999999999602e+01,-2.436068548285342583e+00
7.904000000000000625e+01,-2.613888603026011559e+00
7.906000000000000227e+01,-2.841633731148786257e+00
7.907999999999999829e+01,-3.120823012097221127e+00
7.910000000000000853e+01,-3.453693308114460514e+00
7.912000000000000455e+01,-3.842473076843473834e+00
7.914000000000000057e+01,-4.288409433153014483e+00
7.915999999999999659e+01,-4.790446178054112103e+00
7.918000000000000682e+01,-5.343479451392423307e+00
7.920000000000000284e+01,-5.936229854860072486e+00
7.921999999999999886e+01,-6.548998187300229645e+00
7.923999999999999488e+01,-7.151961629690091193e+00
7.926000000000000512e+01,-7.705134922681837750e+00
7.928000000000000114e+01,-8.161386667190296151e+00
7.929999999999999716e+01,-8.473421920594182311e+00
7.932000000000000739e+01,-8.603946505458930361e+00
7.934000000000000341e+01,-8.535676976408996808e+00
7.935999999999999943e+01,-8.276269498539129188e+00
7.937999999999999545e+01,-7.854881868051581506e+00
7.940000000000000568e+01,-7.311980838573056474e+00
7.942000000000000171e+01,-6.688459934289145536e+00
7.943999999999999773e+01,-6.019773203059876288e+00
7.946000000000000796e+01,-5.335861092911082793e+00
7.948000000000000398e+01,-4.663346348151450549e+00
7.950000000000000000e+01,-4.026606380405358898e+00
7.951999999999999602e+01,-3.447078525836428042e+00
7.954000000000000625e+01,-2.941885742026265405e+00
7.956000000000000227e+01,-2.522690502994138217e+00
7.957999999999999829e+01,-2.194941834452376561e+00
7.960000000000000853e+01,-1.957596853040488805e+00
7.962000000000000455e+01,-1.803890842508145465e+00
7.964000000000000057e+01,-1.723598591485623333e+00
7.965999999999999659e+01,-1.706044463921355669e+00
7.968000000000000682e+01,-1.742438835910919526e+00
7.970000000000000284e+01,-1.826885459614036256e+00
7.971999999999999886e+01,-1.956393194379709266e+00
7.973999999999999488e+01,-2.130469816791115800e+00
7.976000000000000512e+01,-2.350644707510059384e+00
7.978000000000000114e+01,-2.620023121557898182e+00
7.979999999999999716e+01,-2.942841476552496172e+00
7.982000000000000739e+01,-3.323934157170436610e+00
7.984000000000000341e+01,-3.767985666696612057e+00
7.985999999999999943e+01,-4.278414659028477729e+00
7.987999999999999545e+01,-4.855717600369871434e+00
7.990000000000000568e+01,-5.495131462048963300e+00
7.992000000000000171e+01,-6.183617645807125029e+00
7.993999999999999773e+01,-6.896529835116226081e+00
7.996000000000000796e+01,-7.594983821946708069e+00
7.998000000000000398e+01,-8.225804955475926050e+00
8.000000000000000000e+01,-8.726447408187404164e+00
8.001999999999999602e+01,-9.036369560865804118e+00
8.004000000000000625e+01,-9.113044650280656356e+00
8.006000000000000227e+01,-8.946050644380694195e+00
8.007999999999999829e+01,-8.560583323603493611e+00
8.010000000000000853e+01,-8.006565210865614901e+00
8.012000000000000455e+01,-7.339599005754017469e+00
8.014000000000000057e+01,-6.606245325988528982e+00
8.015999999999999659e+01,-5.841119842669802331e+00
8.018000000000000682e+01,-5.072090255126084024e+00
8.020000000000000284e+01,-4.324988289884577064e+00
8.021999999999999886e+01,-3.623908612592654510e+00
8.023999999999999488e+01,-2.988959615341622023e+00
8.026000000000000512e+01,-2.434464461109658640e+00
8.028000000000000114e+01,-1.968786193989098932e+00
8.029999999999999716e+01,-1.595215984539471110e+00
8.032000000000000739e+01,-1.312682446211871135e+00
8.034000000000000341e+01,-1.115507474093379470e+00
8.035999999999999943e+01,-9.931534891559639089e-01
8.037999999999999545e+01,-9.320208358618211619e-01
8.040000000000000568e+01,-9.190666403419610608e-01
8.042000000000000171e+01,-9.445299280297945188e-01
8.043999999999999773e+01,-1.002525216078620884e+00
8.046000000000000796e+01,-1.090428463391549974e+00
8.048000000000000398e+01,-1.208095920142166380e+00
8.050000000000000000e+01,-1.357303180136374632e+00
8.051999999999999602e+01,-1.541421204476580264e+00
8.054000000000000625e+01,-1.765248588989828615e+00
8.056000000000000227e+01,-2.034920647873123212e+00
8.057999999999999829e+01,-2.357815329979577434e+00
8.060000000000000853e+01,-2.742367650079586827e+00
8.062000000000000455e+01,-3.197667554434129311e+00
8.064000000000000057e+01,-3.732657507753854631e+00
8.065999999999999659e+01,-4.354666388910558794e+00
8.068000000000000682e+01,-5.066936629897504041e+00
8.070000000000000284e+01,-5.864795150512652988e+00
8.071999999999999886e+01,-6.730343182364159738e+00
8.073999999999999488e+01,-7.626277182077661365e+00
8.076000000000000512e+01,-8.490992256355877288e+00
8.078000000000000114e+01,-9.239288849728575670e+00
8.079999999999999716e+01,-9.774236154683766387e+00
8.082000000000000739e+01,-1.001266653885481794e+01
8.084000000000000341e+01,-9.916957405712159002e+00
8.085999999999999943e+01,-9.514237915815744628e+00
8.087999999999999545e+01,-8.884881660929979219e+00
8.090000000000000568e+01,-8.123216467449285716e+00
8.092000000000000171e+01,-7.299207856759515778e+00
8.093999999999999773e+01,-6.450029300387138953e+00
8.096000000000000796e+01,-5.598574389938071327e+00
8.098000000000000398e+01,-4.771435768920457399e+00
8.100000000000000000e+01,-4.001140275657951051e+00
8.101999999999999602e+01,-3.319270105318819386e+00
8.104000000000000625e+01,-2.750727033299370738e+00
8.106000000000000227e+01,-2.312095248504169032e+00
8.107999999999999829e+01,-2.011400093428033387e+00
8.110000000000000853e+01,-1.845825771871682397e+00
8.112000000000000455e+01,-1.799212050002066299e+00
8.114000000000000057e+01,-1.846503919249040448e+00
8.115999999999999659e+01,-1.964446429398453375e+00
8.118000000000000682e+01,-2.138754906502061459e+00
8.120000000000000284e+01,-2.364515820758287923e+00
8.121999999999999886e+01,-2.643666713836700488e+00
8.123999999999999488e+01,-2.982672511493932976e+00
8.126000000000000512e+01,-3.391180616496866751e+00
8.128000000000000114e+01,-3.881456265167948505e+00
8.129999999999999716e+01,-4.468251585183915964e+00
8.132000000000000739e+01,-5.168825918526369634e+00
8.134000000000000341e+01,-6.002882358301465437e+00
8.135999999999999943e+01,-6.992174752846067598e+00
8.137999999999999545e+01,-8.159451796035675386e+00
8.140000000000000568e+01,-9.526244579128901435e+00
8.142000000000000171e+01,-1.110877441422468337e+01
8.143999999999999773e+01,-1.291101554103753735e+01
8.146000000000000796e+01,-1.491386236884386030e+01
8.148000000000000398e+01,-1.705985114869472596e+01
8.150000000000000000e+01,-1.923476783427949854e+01
8.151999999999999602e+01,-2.125178312136401360e+01
8.154000000000000625e+01,-2.285068241966242297e+01
8.156000000000000227e+01,-2.373084590007100303e+01
8.157999999999999829e+01,-2.363173554640551188e+01
8.160000000000000853e+01,-2.244633983916242315e+01
8.162000000000000455e+01,-2.030761618795279944e+01
8.164000000000000057e+01,-1.757079390661197493e+01
8.165999999999999659e+01,-1.467456661100288429e+01
8.168000000000000682e+01,-1.196792200786408067e+01
8.170000000000000284e+01,-9.621869330217785787e+00
8.171999999999999886e+01,-7.659473968576935299e+00
8.173999999999999488e+01,-6.036716572304696271e+00
8.176000000000000512e+01,-4.700860694010513541e+00
8.178000000000000114e+01,-3.610141685440502624e+00
8.179999999999999716e+01,-2.733146701357620501e+00
8.182000000000000739e+01,-2.044311205364084394e+00
8.184000000000000341e+01,-1.520961468062898669e+00
8.185999999999999943e+01,-1.141301654317476988e+00
8.187999999999999545e+01,-8.819833662469107605e-01
8.190000000000000568e+01,-7.168523792766479108e-01
8.192000000000000171e+01,-6.201076470040888244e-01
8.193999999999999773e+01,-5.714780897458648923e-01
8.196000000000000796e+01,-5.579725332220799583e-01
8.198000000000000398e+01,-5.722887427316963871e-01
8.200000000000000000e+01,-6.107403618049894733e-01
8.201999999999999602e+01,-6.719110094650376785e-01
8.204000000000000625e+01,-7.559596897325280285e-01
8.206000000000000227e+01,-8.642913444987350147e-01
8.207999999999999829e+01,-9.993998723746359003e-01
8.210000000000000853e+01,-1.164782987026888650e+00
8.212000000000000455e+01,-1.364857139443366174e+00
8.214000000000000057e+01,-1.604809858448957849e+00
8.215999999999999659e+01,-1.890297279085993098e+00
8.218000000000000682e+01,-2.226849577114764500e+00
8.220000000000000284e+01,-2.618772860497723176e+00
8.221999999999999886e+01,-3.067241674790450290e+00
8.223999999999999488e+01,-3.567195976034477578e+00
8.226000000000000512e+01,-4.102686691918057349e+00
8.228000000000000114e+01,-4.640686779693711017e+00
8.229999999999999716e+01,-5.124501047933910591e+00
8.232000000000000739e+01,-5.470188356252724482e+00
8.234000000000000341e+01,-5.572547417550433480e+00
8.235999999999999943e+01,-5.328613345329142881e+00
8.237999999999999545e+01,-4.680523653539107265e+00
8.240000000000000568e+01,-3.661968307809897460e+00
8.242000000000000171e+01,-2.413615234632242590e+00
8.243999999999999773e+01,-1.140696983220990335e+00
8.246000000000000796e+01,-3.132978341690233204e-02
8.248000000000000398e+01,8.067447230685247384e-01
8.250000000000000000e+01,1.353852396639077860e+00
8.251999999999999602e+01,1.648005781600266229e+00
8.254000000000000625e+01,1.751945298101876825e+00
8.256000000000000227e+01,1.731990404987332033e+00
8.257999999999999829e+01,1.647116697907002880e+00
8.260000000000000853e+01,1.544954538878297479e+00
8.262000000000000455e+01,1.461937104578825641e+00
8.264000000000000057e+01,1.424191139688218533e+00
8.265999999999999659e+01,1.446164858333843783e+00
8.268000000000000682e+01,1.528615345197243292e+00
8.270000000000000284e+01,1.662192666853022915e+00
8.271999999999999886e+01,1.836287941355740028e+00
8.273999999999999488e+01,2.045393836394088005e+00
8.276000000000000512e+01,2.290167809379612063e+00
8.278000000000000114e+01,2.575944726672888763e+00
8.279999999999999716e+01,2.911150070671247203e+00
8.282000000000000739e+01,3.306355206411318637e+00
8.284000000000000341e+01,3.773895326053667176e+00
8.285999999999999943e+01,4.327791145588503419e+00
8.287999999999999545e+01,4.983728382381085176e+00
8.290000000000000568e+01,5.758870979963457870e+00
8.292000000000000171e+01,6.671257714223077784e+00
8.293999999999999773e+01,7.738450080608596515e+00
8.296000000000000796e+01,8.974958629480475736e+00
8.298000000000000398e+01,1.038781950561096679e+01
8.300000000000000000e+01,1.196960349416064950e+01
8.301999999999999602e+01,1.368836517883046078e+01
8.304000000000000625e+01,1.547502345271115587e+01
8.306000000000000227e+01,1.721105443400074009e+01
8.307999999999999829e+01,1.872350418003365746e+01
8.310000000000000853e+01,1.979878634365556422e+01
8.312000000000000455e+01,2.022639655655642343e+01
8.314000000000000057e+01,1.987058419491334504e+01
8.315999999999999659e+01,1.874100331117060136e+01
8.318000000000000682e+01,1.701258542196451984e+01
8.320000000000000284e+01,1.496418509249067874e+01
8.321999999999999886e+01,1.286653401128800844e+01
8.323999999999999488e+01,1.089538325305101374e+01
8.326000000000000512e+01,9.119835614896931730e+00
8.328000000000000114e+01,7.545952178349726758e+00
8.329999999999999716e+01,6.162381157037651214e+00
8.332000000000000739e+01,4.960425979467389723e+00
8.334000000000000341e+01,3.934766636969130982e+00
8.335999999999999943e+01,3.079066122414048312e+00
8.337999999999999545e+01,2.383598623125942062e+00
8.340000000000000568e+01,1.835674273154711988e+00
8.342000000000000171e+01,1.421403582147050093e+00
8.343999999999999773e+01,1.127037619368585375e+00
8.346000000000000796e+01,9.382763891101792986e-01
8.348000000000000398e+01,8.378263231041893633e-01
8.350000000000000000e+01,8.054267091535936007e-01
8.351999999999999602e+01,8.226140805854117444e-01
8.354000000000000625e+01,8.770344850354957478e-01
8.356000000000000227e+01,9.627206124599412274e-01
8.357999999999999829e+01,1.078335979394859256e+00
8.360000000000000853e+01,1.225587119751214926e+00
8.362000000000000455e+01,1.408337939546877582e+00
8.364000000000000057e+01,1.632263120324069172e+00
8.365999999999999659e+01,1.904820336549748472e+00
8.368000000000000682e+01,2.235399303986441488e+00
8.370000000000000284e+01,2.635564553886935446e+00
8.371999999999999886e+01,3.119334625964066632e+00
8.373999999999999488e+01,3.703431354361665928e+00
8.376000000000000512e+01,4.407394807170258666e+00
8.378000000000000114e+01,5.253376749149719416e+00
8.379999999999999716e+01,6.265284860464575445e+00
8.382000000000000739e+01,7.466720509129914696e+00
8.384000000000000341e+01,8.876817458377978198e+00
8.385999999999999943e+01,1.050267674936413975e+01
8.387999999999999545e+01,1.232678892386372738e+01
8.390000000000000568e+01,1.428821714545511234e+01
8.392000000000000171e+01,1.625865433672347038e+01
8.393999999999999773e+01,1.802074233539264014e+01
8.396000000000000796e+01,1.926724153535101536e+01
8.398000000000000398e+01,1.965034211874925774e+01
8.400000000000000000e+01,1.890173195566521613e+01
8.401999999999999602e+01,1.699223647527157155e+01
8.404000000000000625e+01,1.422263090789102691e+01
8.406000000000000227e+01,1.113141048584313353e+01
8.407999999999999829e+01,8.245803475425740103e+00
8.410000000000000853e+01,5.866215729421678127e+00
8.412000000000000455e+01,4.040665158479029628e+00
8.414000000000000057e+01,2.681412527817953695e+00
8.415999999999999659e+01,1.676046266063780044e+00
8.418000000000000682e+01,9.315833864712922407e-01
8.420000000000000284e+01,3.770410290717175483e-01
8.421999999999999886e+01,-4.399672647329586073e-02
8.423999999999999488e+01,-3.774271525017859896e-01
8.426000000000000512e+01,-6.572691538912364129e-01
8.428000000000000114e+01,-9.043940342801096710e-01
8.429999999999999716e+01,-1.130239152283995852e+00
8.432000000000000739e+01,-1.342572712888854713e+00
8.434000000000000341e+01,-1.548968298904242369e+00
8.435999999999999943e+01,-1.757670889779807011e+00
8.437999999999999545e+01,-1.977322324363667061e+00
8.440000000000000568e+01,-2.216539862799850713e+00
8.442000000000000171e+01,-2.483650731932125488e+00
8.443999999999999773e+01,-2.786559444459145052e+00
8.446000000000000796e+01,-3.132616741622074485e+00
8.448000000000000398e+01,-3.528350146322065672e+00
8.450000000000000000e+01,-3.978915342584548931e+00
8.451999999999999602e+01,-4.487134911815964244e+00
8.454000000000000625e+01,-5.052002033532856373e+00
8.456000000000000227e+01,-5.666601948371891240e+00
8.457999999999999829e+01,-6.315583828894496321e+00
8.460000000000000853e+01,-6.972686417194686292e+00
8.462000000000000455e+01,-7.599384196980344619e+00
8.464000000000000057e+01,-8.146292544051565443e+00
8.465999999999999659e+01,-8.559003751114518721e+00
8.468000000000000682e+01,-8.788722497673633782e+00
8.470000000000000284e+01,-8.805139048814627500e+00
8.471999999999999886e+01,-8.605848681044211190e+00
8.473999999999999488e+01,-8.216475381918144194e+00
8.476000000000000512e+01,-7.680516646320424634e+00
8.478000000000000114e+01,-7.044964677041172685e+00
8.479999999999999716e+01,-6.350400917999912132e+00
8.482000000000000739e+01,-5.629370856475722995e+00
8.484000000000000341e+01,-4.909608438269174258e+00
8.485999999999999943e+01,-4.216626283298182898e+00
8.487999999999999545e+01,-3.573588493484492368e+00
8.490000000000000568e+01,-2.999758048148383427e+00
8.492000000000000171e+01,-2.509222225253629368e+00
8.493999999999999773e+01,-2.110344002828993482e+00
8.496000000000000796e+01,-1.805469740676596713e+00
8.498000000000000398e+01,-1.590726448503202439e+00
8.500000000000000000e+01,-1.456786193014467434e+00
8.501999999999999602e+01,-1.391409637633369556e+00
8.504000000000000625e+01,-1.382796320391057376e+00
8.506000000000000227e+01,-1.421893490309301900e+00
8.507999999999999829e+01,-1.503073046258394996e+00
8.510000000000000853e+01,-1.623822211628638268e+00
8.512000000000000455e+01,-1.784171088080485301e+00
8.514000000000000057e+01,-1.986188297213464349e+00
8.515999999999999659e+01,-2.233599326034220400e+00
8.518000000000000682e+01,-2.531470667216574544e+00
8.520000000000000284e+01,-2.885864486927388839e+00
8.521999999999999886e+01,-3.303346600504545094e+00
8.523999999999999488e+01,-3.790193954517848685e+00
8.526000000000000512e+01,-4.351107022964120219e+00
8.528000000000000114e+01,-4.987199714539433337e+00
8.529999999999999716e+01,-5.693067595489888610e+00
8.532000000000000739e+01,-6.452929814816706688e+00
8.534000000000000341e+01,-7.236353960884973624e+00
8.535999999999999943e+01,-7.995039136309507022e+00
8.537999999999999545e+01,-8.663385711029176761e+00
8.540000000000000568e+01,-9.166215810288324661e+00
8.542000000000000171e+01,-9.435247116300585546e+00
8.543999999999999773e+01,-9.430476460549098050e+00
8.546000000000000796e+01,-9.155846506968469356e+00
8.548000000000000398e+01,-8.657514576488811286e+00
8.550000000000000000e+01,-8.003113637849356365e+00
8.551999999999999602e+01,-7.255527013293694871e+00
8.554000000000000625e+01,-6.459263542228192101e+00
8.556000000000000227e+01,-5.644362448723712511e+00
8.557999999999999829e+01,-4.836556601921311760e+00
8.560000000000000853e+01,-4.061813875129411500e+00
8.562000000000000455e+01,-3.344074067015973206e+00
8.564000000000000057e+01,-2.701253538219303696e+00
8.565999999999999659e+01,-2.143192403148145520e+00
8.568000000000000682e+01,-1.672054446970496988e+00
8.570000000000000284e+01,-1.284194680211747874e+00
8.571999999999999886e+01,-9.724723770504437592e-01
8.573999999999999488e+01,-7.284054412005209755e-01
8.576000000000000512e+01,-5.438538063283125945e-01
8.578000000000000114e+01,-4.118363496376061250e-01
8.579999999999999716e+01,-3.257850660271642829e-01
8.582000000000000739e+01,-2.775679553801450039e-01
8.584000000000000341e+01,-2.573997507786741634e-01
8.585999999999999943e+01,-2.567003737793487894e-01
8.587999999999999545e+01,-2.700138957846596188e-01
8.590000000000000568e+01,-2.946465497817317147e-01
8.592000000000000171e+01,-3.296985971857459563e-01
8.593999999999999773e+01,-3.754037263065710950e-01
8.596000000000000796e+01,-4.328037402260990207e-01
8.598000000000000398e+01,-5.036232612760743743e-01
8.600000000000000000e+01,-5.902547916734640632e-01
8.601999999999999602e+01,-6.958102358586475411e-01
8.604000000000000625e+01,-8.242204088486472235e-01
8.606000000000000227e+01,-9.803718507644274549e-01
8.607999999999999829e+01,-1.170277198438960831e+00
8.610000000000000853e+01,-1.401267935082753047e+00
8.612000000000000455e+01,-1.682192847156963822e+00
8.614000000000000057e+01,-2.023582731423218206e+00
8.615999999999999659e+01,-2.437705782801788512e+00
8.618000000000000682e+01,-2.938371763425726702e+00
8.620000000000000284e+01,-3.540232119157557644e+00
8.621999999999999886e+01,-4.257152464266915182e+00
8.623999999999999488e+01,-5.099010836400927005e+00
8.626000000000000512e+01,-6.066076812879111380e+00
8.628000000000000114e+01,-7.140242424464909199e+00
8.629999999999999716e+01,-8.273452409465392066e+00
8.632000000000000739e+01,-9.376743065973709435e+00
8.634000000000000341e+01,-1.031873967793984903e+01
8.635999999999999943e+01,-1.094710238762819898e+01
8.637999999999999545e+01,-1.114060265942867645e+01
8.640000000000000568e+01,-1.087419222252108852e+01
8.642000000000000171e+01,-1.024869527434151806e+01
8.643999999999999773e+01,-9.442855634172806489e+00
8.646000000000000796e+01,-8.608903234212599287e+00
8.648000000000000398e+01,-7.804082225721915123e+00
8.650000000000000000e+01,-7.025541473541143667e+00
8.651999999999999602e+01,-6.286127371352455029e+00
8.654000000000000625e+01,-5.636967820418950836e+00
8.656000000000000227e+01,-5.139878886193908869e+00
8.657999999999999829e+01,-4.833897446044296942e+00
8.660000000000000853e+01,-4.719474764328508876e+00
8.662000000000000455e+01,-4.766618823130591487e+00
8.664000000000000057e+01,-4.937158542793979699e+00
8.665999999999999659e+01,-5.202167857056459788e+00
8.668000000000000682e+01,-5.546912405280470360e+00
8.670000000000000284e+01,-5.968189938635662273e+00
8.671999999999999886e+01,-6.469973400363695504e+00
8.673999999999999488e+01,-7.059864556668128621e+00
8.676000000000000512e+01,-7.746649915879830317e+00
8.678000000000000114e+01,-8.538516669435471940e+00
8.679999999999999716e+01,-9.441391000930437372e+00
8.682000000000000739e+01,-1.045694089971303420e+01
8.684000000000000341e+01,-1.157990446459638001e+01
8.685999999999999943e+01,-1.279456948767122704e+01
8.687999999999999545e+01,-1.407050870377438478e+01
8.690000000000000568e+01,-1.535816524160223473e+01
8.692000000000000171e+01,-1.658564954484932485e+01
8.693999999999999773e+01,-1.765905033770533805e+01
8.696000000000000796e+01,-1.846921384061688798e+01
8.698000000000000398e+01,-1.890734497143361281e+01
8.700000000000000000e+01,-1.888882658412373772e+01
8.701999999999999602e+01,-1.837930809484351968e+01
8.704000000000000625e+01,-1.741203540938380812e+01
8.706000000000000227e+01,-1.608556511807270084e+01
8.707999999999999829e+01,-1.453949974669534839e+01
8.710000000000000853e+01,-1.291848437975514585e+01
8.712000000000000455e+01,-1.134139585687712426e+01
8.714000000000000057e+01,-9.887461950526423848e+00
8.715999999999999659e+01,-8.599144183687483789e+00
8.718000000000000682e+01,-7.493445798817072401e+00
8.720000000000000284e+01,-6.573324602181136456e+00
8.721999999999999886e+01,-5.835356777291730523e+00
8.723999999999999488e+01,-5.273523230163029041e+00
8.726000000000000512e+01,-4.880346119771989066e+00
8.728000000000000114e+01,-4.646660227613768512e+00
8.729999999999999716e+01,-4.561240206849279666e+00
8.732000000000000739e+01,-4.611343435333818519e+00
8.734000000000000341e+01,-4.784455025290807129e+00
8.735999999999999943e+01,-5.070474991458207015e+00
8.737999999999999545e+01,-5.463292154964037195e+00
8.740000000000000568e+01,-5.961267608272703633e+00
8.742000000000000171e+01,-6.566786653410350283e+00
8.743999999999999773e+01,-7.285221965771026653e+00
8.746000000000000796e+01,-8.123502980815176855e+00
8.748000000000000398e+01,-9.088266236307955381e+00
8.750000000000000000e+01,-1.018339522373398154e+01
8.751999999999999602e+01,-1.140667601807743203e+01
8.754000000000000625e+01,-1.274532206410260038e+01
8.756000000000000227e+01,-1.417033246332028007e+01
8.757999999999999829e+01,-1.563017469388332792e+01
8.760000000000000853e+01,-1.704526751936886697e+01
8.762000000000000455e+01,-1.830616817498522053e+01
8.764000000000000057e+01,-1.927973151762838455e+01
8.765999999999999659e+01,-1.982743737790098848e+01
8.768000000000000682e+01,-1.983655687226045927e+01
8.770000000000000284e+01,-1.925697455059018282e+01
8.771999999999999886e+01,-1.812765210294674390e+01
8.773999999999999488e+01,-1.657524323320874871e+01
8.776000000000000512e+01,-1.477980219746227952e+01
8.778000000000000114e+01,-1.292306005331776575e+01
8.779999999999999716e+01,-1.114595295723944091e+01
8.782000000000000739e+01,-9.532960450422013565e+00
8.784000000000000341e+01,-8.120801661894681445e+00
8.785999999999999943e+01,-6.916890380951844719e+00
8.787999999999999545e+01,-5.915188855028649328e+00
8.790000000000000568e+01,-5.105411055202291770e+00
8.792000000000000171e+01,-4.476933458890942852e+00
8.793999999999999773e+01,-4.019705862281287345e+00
8.796000000000000796e+01,-3.723547545018947247e+00
8.798000000000000398e+01,-3.576766758837525817e+00
8.800000000000000000e+01,-3.565446240877936823e+00
8.801999999999999602e+01,-3.674625019081112498e+00
8.804000000000000625e+01,-3.891043195267243959e+00
8.806000000000000227e+01,-4.205738147183141429e+00
8.807999999999999829e+01,-4.615255045446186699e+00
8.810000000000000853e+01,-5.121516394620615920e+00
8.812000000000000455e+01,-5.730976316189875241e+00
8.814000000000000057e+01,-6.453524476458852632e+00
8.815999999999999659e+01,-7.301255648245196461e+00
8.818000000000000682e+01,-8.286957208352704995e+00
8.820000000000000284e+01,-9.422004038612804777e+00
8.821999999999999886e+01,-1.071323752696522646e+01
8.823999999999999488e+01,-1.215835171267288395e+01
8.826000000000000512e+01,-1.373937963148320485e+01
8.828000000000000114e+01,-1.541425756080661813e+01
8.829999999999999716e+01,-1.710742770319575712e+01
8.832000000000000739e+01,-1.870231758212008799e+01
8.834000000000000341e+01,-2.004119682931591484e+01
8.835999999999999943e+01,-2.094004919170809842e+01
8.837999999999999545e+01,-2.122447275190474869e+01
8.840000000000000568e+01,-2.078330353406885322e+01
8.842000000000000171e+01,-1.962029289201652560e+01
8.843999999999999773e+01,-1.787231089187131161e+01
8.846000000000000796e+01,-1.577296841511465608e+01
8.848000000000000398e+01,-1.357524126232253714e+01
8.850000000000000000e+01,-1.147745998419330604e+01
8.851999999999999602e+01,-9.591488581361007348e+00
8.854000000000000625e+01,-7.955621528433173495e+00
8.856000000000000227e+01,-6.566274587740166702e+00
8.857999999999999829e+01,-5.404106021597470111e+00
8.860000000000000853e+01,-4.447265085831592302e+00
8.862000000000000455e+01,-3.675772785529959563e+00
8.864000000000000057e+01,-3.072410664764372967e+00
8.865999999999999659e+01,-2.622810709460988932e+00
8.868000000000000682e+01,-2.315032793145975543e+00
8.870000000000000284e+01,-2.137956560388615923e+00
8.871999999999999886e+01,-2.078760409677500309e+00
8.873999999999999488e+01,-2.121900265867270097e+00
8.876000000000000512e+01,-2.251543420857849309e+00
8.878000000000000114e+01,-2.455549746366080033e+00
8.879999999999999716e+01,-2.727816613190821471e+00
8.882000000000000739e+01,-3.068386117132245072e+00
8.884000000000000341e+01,-3.482509885919357728e+00
8.885999999999999943e+01,-3.979670973707717607e+00
8.887999999999999545e+01,-4.572894022169991857e+00
8.890000000000000568e+01,-5.278290470105487131e+00
8.892000000000000171e+01,-6.114642899152673117e+00
8.893999999999999773e+01,-7.102757603078652338e+00
8.896000000000000796e+01,-8.264226183733306641e+00
8.898000000000000398e+01,-9.619090120237657970e+00
8.900000000000000000e+01,-1.118169958081387527e+01
8.901999999999999602e+01,-1.295386007800677142e+01
8.904000000000000625e+01,-1.491433352746740759e+01
8.906000000000000227e+01,-1.700432159354785711e+01
8.907999999999999829e+01,-1.911044062775383523e+01
8.910000000000000853e+01,-2.105079348909594117e+01
8.912000000000000455e+01,-2.257602911962895575e+01
8.914000000000000057e+01,-2.340230125510298365e+01
8.915999999999999659e+01,-2.328752127404083438e+01
8.918000000000000682e+01,-2.213582019920286115e+01
8.920000000000000284e+01,-2.007486676580065321e+01
8.921999999999999886e+01,-1.743749849041442346e+01
8.923999999999999488e+01,-1.463442770492941847e+01
8.926000000000000512e+01,-1.199642078758482988e+01
8.928000000000000114e+01,-9.692065164292889889e+00
8.929999999999999716e+01,-7.751698583103987517e+00
8.932000000000000739e+01,-6.139222144915843948e+00
8.934000000000000341e+01,-4.806349174151219650e+00
8.935999999999999943e+01,-3.712661000019600088e+00
8.937999999999999545e+01,-2.826444197831032845e+00
8.940000000000000568e+01,-2.121174152213719299e+00
8.942000000000000171e+01,-1.573309565884059236e+00
8.943999999999999773e+01,-1.161561324660684624e+00
8.946000000000000796e+01,-8.661416727143532723e-01
8.948000000000000398e+01,-6.669730613552623533e-01
8.950000000000000000e+01,-5.424273416457973118e-01
8.951999999999999602e+01,-4.716086359006806394e-01
8.954000000000000625e+01,-4.383712525310863306e-01
8.956000000000000227e+01,-4.325583708387377158e-01
8.957999999999999829e+01,-4.485998500271216050e-01
8.960000000000000853e+01,-4.838190761628956005e-01
8.962000000000000455e+01,-5.373688118503001654e-01
8.964000000000000057e+01,-6.096979464750956756e-01
8.965999999999999659e+01,-7.023127722574499243e-01
8.968000000000000682e+01,-8.176846179179990681e-01
8.970000000000000284e+01,-9.592275699271141098e-01
8.971999999999999886e+01,-1.131299257807618419e+00
8.973999999999999488e+01,-1.339184039160035367e+00
8.976000000000000512e+01,-1.589000191653496152e+00
8.978000000000000114e+01,-1.887440962001475153e+00
8.979999999999999716e+01,-2.241196640574568022e+00
8.982000000000000739e+01,-2.655816207772950577e+00
8.984000000000000341e+01,-3.133643059444635615e+00
8.985999999999999943e+01,-3.670339174710498309e+00
8.987999999999999545e+01,-4.249503722676620576e+00
8.990000000000000568e+01,-4.835279641123892524e+00
8.992000000000000171e+01,-5.364158477956174842e+00
8.993999999999999773e+01,-5.740066799033389344e+00
8.996000000000000796e+01,-5.841003668639535462e+00
8.998000000000000398e+01,-5.547646884867365458e+00
9.000000000000000000e+01,-4.796503059858461704e+00
9.001999999999999602e+01,-3.636475078957949414e+00
9.004000000000000625e+01,-2.243067576785859885e+00
9.006000000000000227e+01,-8.581751614831258923e-01
9.007999999999999829e+01,3.128912299147486031e-01
9.010000000000000853e+01,1.169265808096784376e+00
9.012000000000000455e+01,1.709505016470888927e+00
9.014000000000000057e+01,1.988913178350665056e+00
9.015999999999999659e+01,2.083369473534750327e+00
9.018000000000000682e+01,2.069195020914143868e+00
9.020000000000000284e+01,2.013319859516930599e+00
9.021999999999999886e+01,1.969219476543612846e+00
9.023999999999999488e+01,1.974405012014249783e+00
9.026000000000000512e+01,2.047020137860060096e+00
9.028000000000000114e+01,2.185895451907690301e+00
9.029999999999999716e+01,2.379191291577500422e+00
9.032000000000000739e+01,2.615921114945778836e+00
9.034000000000000341e+01,2.891884304610898848e+00
9.035999999999999943e+01,3.209750674520761127e+00
9.037999999999999545e+01,3.577018824033042055e+00
9.040000000000000568e+01,4.004151697765843565e+00
9.042000000000000171e+01,4.503431971598397254e+00
9.043999999999999773e+01,5.088355230387971773e+00
9.046000000000000796e+01,5.773221326657871799e+00
9.048000000000000398e+01,6.572592054112989857e+00
9.050000000000000000e+01,7.500289043363794761e+00
9.051999999999999602e+01,8.567574659689244143e+00
9.054000000000000625e+01,9.780098404493372755e+00
9.056000000000000227e+01,1.113317130212729111e+01
9.057999999999999829e+01,1.260507000121843291e+01
9.060000000000000853e+01,1.414862045887112352e+01
9.062000000000000455e+01,1.568258364181068565e+01
9.064000000000000057e+01,1.708657872691802737e+01
9.065999999999999659e+01,1.820591958936901023e+01
9.068000000000000682e+01,1.887364963946527041e+01
9.070000000000000284e+01,1.895229827051660365e+01
9.071999999999999886e+01,1.838488712440626571e+01
9.073999999999999488e+01,1.722925678868135435e+01
9.076000000000000512e+01,1.564826727980783438e+01
9.078000000000000114e+01,1.385288331321399546e+01
9.079999999999999716e+01,1.203048344530123970e+01
9.082000000000000739e+01,1.030154999225759838e+01
9.084000000000000341e+01,8.720847046571986283e+00
9.085999999999999943e+01,7.304009972850930232e+00
9.087999999999999545e+01,6.052202928015832484e+00
9.090000000000000568e+01,4.963537112722875122e+00
9.092000000000000171e+01,4.034968924439813698e+00
9.093999999999999773e+01,3.261418625158781115e+00
9.096000000000000796e+01,2.635604570458388363e+00
9.098000000000000398e+01,2.148995764315139390e+00
9.100000000000000000e+01,1.792814787893413531e+00
9.101999999999999602e+01,1.557628491407405225e+00
9.104000000000000625e+01,1.431159952294073667e+00
9.106000000000000227e+01,1.396965236840722380e+00
9.107999999999999829e+01,1.437145023771242425e+00
9.110000000000000853e+01,1.537146215937587712e+00
9.112000000000000455e+01,1.688391311615293100e+00
9.114000000000000057e+01,1.888121888516527180e+00
9.115999999999999659e+01,2.138198494420557871e+00
9.118000000000000682e+01,2.444050657663472403e+00
9.120000000000000284e+01,2.814066860965315442e+00
9.121999999999999886e+01,3.259342410652092514e+00
9.123999999999999488e+01,3.793634112370213085e+00
9.126000000000000512e+01,4.433373142912343745e+00
9.128000000000000114e+01,5.197574598228452025e+00
9.129999999999999716e+01,6.107423999346539567e+00
9.132000000000000739e+01,7.185205430767279466e+00
9.134000000000000341e+01,8.452049930800059840e+00
9.135999999999999943e+01,9.923730025311240155e+00
9.137999999999999545e+01,1.160346869877566789e+01
9.140000000000000568e+01,1.347068172956257648e+01
9.142000000000000171e+01,1.546525245788488689e+01
9.143999999999999773e+01,1.746930909683419486e+01
9.146000000000000796e+01,1.929364367233437250e+01
9.148000000000000398e+01,2.068349259038273402e+01
9.150000000000000000e+01,2.136289496374917363e+01
9.151999999999999602e+01,2.112538921143915260e+01
9.154000000000000625e+01,1.994137525303271374e+01
9.156000000000000227e+01,1.800953703588234944e+01
9.157999999999999829e+01,1.568935154815054034e+01
9.160000000000000853e+01,1.334098633170036585e+01
9.162000000000000455e+01,1.118850910467657123e+01
9.164000000000000057e+01,9.299851801599904988e+00
9.165999999999999659e+01,7.659296457950822479e+00
9.168000000000000682e+01,6.240596659963554949e+00
9.170000000000000284e+01,5.033824993694887340e+00
9.171999999999999886e+01,4.041018722193070012e+00
9.173999999999999488e+01,3.265692141904117385e+00
9.176000000000000512e+01,2.705006998723010092e+00
9.178000000000000114e+01,2.343581311910228226e+00
9.179999999999999716e+01,2.150890173194782928e+00
9.182000000000000739e+01,2.088146221456256502e+00
9.184000000000000341e+01,2.121026688269417981e+00
9.185999999999999943e+01,2.227067880244642417e+00
9.187999999999999545e+01,2.395296901218824548e+00
9.190000000000000568e+01,2.622895274484517536e+00
9.192000000000000171e+01,2.912286576159036411e+00
9.193999999999999773e+01,3.269370691121817440e+00
9.196000000000000796e+01,3.702608406087562809e+00
9.198000000000000398e+01,4.222542761665521560e+00
9.200000000000000000e+01,4.841422821579170588e+00
9.201999999999999602e+01,5.572654050922022151e+00
9.204000000000000625e+01,6.429782775600806133e+00
9.206000000000000227e+01,7.424655317737399507e+00
9.207999999999999829e+01,8.564273954460118077e+00
9.210000000000000853e+01,9.845771308394702714e+00
9.212000000000000455e+01,1.124896436123905730e+01
9.214000000000000057e+01,1.272640169878451566e+01
9.215999999999999659e+01,1.419214667661596962e+01
9.218000000000000682e+01,1.551323941458596245e+01
9.220000000000000284e+01,1.651171733152196452e+01
9.221999999999999886e+01,1.698799652708235541e+01
9.223999999999999488e+01,1.677271029968119365e+01
9.226000000000000512e+01,1.579756200126087329e+01
9.228000000000000114e+01,1.415035874306801134e+01
9.229999999999999716e+01,1.206906165884579707e+01
9.232000000000000739e+01,9.861071387662633470e+00
9.234000000000000341e+01,7.792476002421738990e+00
9.235999999999999943e+01,6.017510786337449957e+00
9.237999999999999545e+01,4.578741194493979982e+00
9.240000000000000568e+01,3.450229641910088407e+00
9.242000000000000171e+01,2.580727615499756933e+00
9.243999999999999773e+01,1.917892374913951814e+00
9.246000000000000796e+01,1.416796618915844741e+00
9.248000000000000398e+01,1.041067300462309442e+00
9.250000000000000000e+01,7.617972712567337989e-01
9.251999999999999602e+01,5.561812650928242840e-01
9.254000000000000625e+01,4.063524593337990987e-01
9.256000000000000227e+01,2.984462916398513133e-01
9.257999999999999829e+01,2.218414084422050681e-01
9.260000000000000853e+01,1.685438183614887675e-01
9.262000000000000455e+01,1.327088641189116680e-01
9.264000000000000057e+01,1.103237560963192393e-01
9.265999999999999659e+01,9.907442336918184655e-02
9.268000000000000682e+01,9.821314077075621318e-02
9.270000000000000284e+01,1.076596300927616240e-01
9.271999999999999886e+01,1.263224684070718973e-01
9.273999999999999488e+01,1.521365341544882732e-01
9.276000000000000512e+01,1.837005880257682744e-01
9.278000000000000114e+01,2.209075454158795637e-01
9.279999999999999716e+01,2.646422209815864068e-01
9.282000000000000739e+01,3.164385218726483706e-01
9.284000000000000341e+01,3.783260753929869047e-01
9.285999999999999943e+01,4.528191485301534813e-01
9.287999999999999545e+01,5.429893138050863044e-01
9.290000000000000568e+01,6.525906592969934472e-01
9.292000000000000171e+01,7.862295993105664627e-01
9.293999999999999773e+01,9.495763331850370914e-01
9.296000000000000796e+01,1.149626022896790944e+00
9.298000000000000398e+01,1.395015772142925714e+00
9.300000000000000000e+01,1.696405036114338349e+00
9.301999999999999602e+01,2.066923850013441477e+00
9.304000000000000625e+01,2.522682317752605652e+00
9.306000000000000227e+01,3.083315217043610001e+00
9.307999999999999829e+01,3.772491170025809026e+00
9.310000000000000853e+01,4.618231840328447468e+00
9.312000000000000455e+01,5.652730557724355620e+00
9.314000000000000057e+01,6.911074867378247610e+00
9.315999999999999659e+01,8.427802277367566930e+00
9.318000000000000682e+01,1.022947552741486099e+01
9.320000000000000284e+01,1.232052763582405142e+01
9.321999999999999886e+01,1.465899114130804115e+01
9.323999999999999488e+01,1.712009803385343787e+01
9.326000000000000512e+01,1.945291928593868391e+01
9.328000000000000114e+01,2.125347779583693608e+01
9.329999999999999716e+01,2.200565273153947032e+01
9.332000000000000739e+01,2.124982769649600556e+01
9.334000000000000341e+01,1.886465902257134530e+01
9.335999999999999943e+01,1.527621832560222437e+01
9.337999999999999545e+01,1.133115343122020313e+01
9.340000000000000568e+01,7.833770230749360408e+00
9.342000000000000171e+01,5.146990370064921549e+00
9.343999999999999773e+01,3.211895739919214510e+00
9.346000000000000796e+01,1.823893136136578663e+00
9.348000000000000398e+01,8.084179085654116248e-01
9.350000000000000000e+01,4.491969927165082033e-02
9.351999999999999602e+01,-5.514220160883910316e-01
9.354000000000000625e+01,-1.039479339665328128e+00
9.356000000000000227e+01,-1.455480851371687923e+00
9.357999999999999829e+01,-1.819424411300420985e+00
9.360000000000000853e+01,-2.143743166344241668e+00
9.362000000000000455e+01,-2.439168652330211184e+00
9.364000000000000057e+01,-2.716697678143386696e+00
9.365999999999999659e+01,-2.987393688113439083e+00
9.368000000000000682e+01,-3.261600823693107110e+00
9.370000000000000284e+01,-3.548255874149713662e+00
9.371999999999999886e+01,-3.854418213286165518e+00
9.373999999999999488e+01,-4.184923240258279442e+00
9.376000000000000512e+01,-4.542031665769909132e+00
9.378000000000000114e+01,-4.924984239828228638e+00
9.379999999999999716e+01,-5.329443349748109959e+00
9.382000000000000739e+01,-5.746890354220531627e+00
9.384000000000000341e+01,-6.164157189083347532e+00
9.385999999999999943e+01,-6.563381040815769119e+00
9.387999999999999545e+01,-6.922742037656385072e+00
9.390000000000000568e+01,-7.218293506659679615e+00
9.392000000000000171e+01,-7.426938587772559330e+00
9.393999999999999773e+01,-7.530131526040984902e+00
9.396000000000000796e+01,-7.517358468307702601e+00
9.398000000000000398e+01,-7.388216800746266522e+00
9.400000000000000000e+01,-7.152289638684552031e+00
9.401999999999999602e+01,-6.826936988226472991e+00
9.404000000000000625e+01,-6.434050745521327386e+00
9.406000000000000227e+01,-5.997078928899791883e+00
9.407999999999999829e+01,-5.539071600482897040e+00
9.410000000000000853e+01,-5.081665449869969819e+00
9.412000000000000455e+01,-4.644473323826769473e+00
9.414000000000000057e+01,-4.244450699283937034e+00
9.415999999999999659e+01,-3.895167898165002196e+00
9.418000000000000682e+01,-3.606188698754406285e+00
9.420000000000000284e+01,-3.382836811482258454e+00
9.421999999999999886e+01,-3.226545771507126847e+00
9.423999999999999488e+01,-3.135776126108457351e+00
9.426000000000000512e+01,-3.107245212804705226e+00
9.428000000000000114e+01,-3.137105358493852858e+00
9.429999999999999716e+01,-3.221794309333631645e+00
9.432000000000000739e+01,-3.358465382400832144e+00
9.434000000000000341e+01,-3.545043934303300670e+00
9.435999999999999943e+01,-3.779999343289619951e+00
9.437999999999999545e+01,-4.061900933493484800e+00
9.440000000000000568e+01,-4.388789282878732934e+00
9.442000000000000171e+01,-4.757372057743086025e+00
9.443999999999999773e+01,-5.162059725624486894e+00
9.446000000000000796e+01,-5.593902295646385525e+00
9.448000000000000398e+01,-6.039575197513819660e+00
9.450000000000000000e+01,-6.480695567061590445e+00
9.451999999999999602e+01,-6.893880424786822836e+00
9.454000000000000625e+01,-7.252013825039702155e+00
9.456000000000000227e+01,-7.527030813901784967e+00
9.457999999999999829e+01,-7.694047911098139458e+00
9.460000000000000853e+01,-7.735946476543347217e+00
9.462000000000000455e+01,-7.646907491297612935e+00
9.464000000000000057e+01,-7.433454655862585803e+00
9.465999999999999659e+01,-7.112545018536056141e+00
9.468000000000000682e+01,-6.707676628282404074e+00
9.470000000000000284e+01,-6.244834526408480357e+00
9.471999999999999886e+01,-5.749708557858288493e+00
9.473999999999999488e+01,-5.246414874315458832e+00
9.476000000000000512e+01,-4.757013499917910337e+00
9.478000000000000114e+01,-4.301042348385583303e+00
9.479999999999999716e+01,-3.894777857364257301e+00
9.482000000000000739e+01,-3.550392509333352820e+00
9.484000000000000341e+01,-3.275367934393988989e+00
9.485999999999999943e+01,-3.072500203383754069e+00
9.487999999999999545e+01,-2.940656017079957163e+00
9.490000000000000568e+01,-2.876126445405516208e+00
9.492000000000000171e+01,-2.874149812761999545e+00
9.493999999999999773e+01,-2.930154549998483127e+00
9.496000000000000796e+01,-3.040495011446882945e+00
9.498000000000000398e+01,-3.202696450186528487e+00
9.500000000000000000e+01,-3.415336483545606150e+00
9.501999999999999602e+01,-3.677678626658205108e+00
9.504000000000000625e+01,-3.989115481766655424e+00
9.506000000000000227e+01,-4.348427503092364255e+00
9.507999999999999829e+01,-4.752839754613541245e+00
9.510000000000000853e+01,-5.196871690982805880e+00
9.512000000000000455e+01,-5.671035898807275544e+00
9.514000000000000057e+01,-6.160560498354235470e+00
9.515999999999999659e+01,-6.644489595482879984e+00
9.518000000000000682e+01,-7.095709972726388592e+00
9.520000000000000284e+01,-7.482542476853518920e+00
9.521999999999999886e+01,-7.772325840045965606e+00
9.523999999999999488e+01,-7.936743300374447863e+00
9.526000000000000512e+01,-7.957602751309914346e+00
9.528000000000000114e+01,-7.830955638286128284e+00
9.529999999999999716e+01,-7.567655670135101431e+00
9.532000000000000739e+01,-7.190038802968813592e+00
9.534000000000000341e+01,-6.726465128247216541e+00
9.535999999999999943e+01,-6.206390529944936674e+00
9.537999999999999545e+01,-5.657649081045875938e+00
9.540000000000000568e+01,-5.105733957111475263e+00
9.542000000000000171e+01,-4.573773103871711321e+00
9.543999999999999773e+01,-4.082177825656668091e+00
9.546000000000000796e+01,-3.647784373179705941e+00
9.548000000000000398e+01,-3.282841308196026375e+00
9.550000000000000000e+01,-2.994302128009286967e+00
9.551999999999999602e+01,-2.783826007961667237e+00
9.554000000000000625e+01,-2.648709634826115877e+00
9.556000000000000227e+01,-2.583577662232608763e+00
9.557999999999999829e+01,-2.582256711070068267e+00
9.560000000000000853e+01,-2.639233956966958949e+00
9.562000000000000455e+01,-2.750443203862868558e+00
9.564000000000000057e+01,-2.913464722464397028e+00
9.565999999999999659e+01,-3.127344782378586707e+00
9.568000000000000682e+01,-3.392192026289558626e+00
9.570000000000000284e+01,-3.708613336220992096e+00
9.571999999999999886e+01,-4.076978332998986154e+00
9.574000000000000909e+01,-4.496463046858748314e+00
9.576000000000000512e+01,-4.963821346627561581e+00
9.578000000000000114e+01,-5.471877054592262368e+00
9.579999999999999716e+01,-6.007843258986808266e+00
9.582000000000000739e+01,-6.551778611581331901e+00
9.584000000000000341e+01,-7.075774861748516109e+00
9.585999999999999943e+01,-7.544733478914324998e+00
9.587999999999999545e+01,-7.919593654154509110e+00
9.590000000000000568e+01,-8.163283706886605984e+00
9.592000000000000171e+01,-8.248350579761375201e+00
9.593999999999999773e+01,-8.163666710273197680e+00
9.596000000000000796e+01,-7.917068544310902567e+00
9.598000000000000398e+01,-7.532342288195605917e+00
9.600000000000000000e+01,-7.042121385732404093e+00
9.601999999999999602e+01,-6.480594407854293415e+00
9.604000000000000625e+01,-5.879298019305968737e+00
9.606000000000000227e+01,-5.266343684434096062e+00
9.607999999999999829e+01,-4.667106348165573237e+00
9.610000000000000853e+01,-4.104459202021979891e+00
9.612000000000000455e+01,-3.598053279237631852e+00
9.614000000000000057e+01,-3.163123374257803988e+00
9.615999999999999659e+01,-2.809399276270466483e+00
9.618000000000000682e+01,-2.540543942760856932e+00
9.620000000000000284e+01,-2.354528002571001810e+00
9.621999999999999886e+01,-2.245169769448814190e+00
9.624000000000000909e+01,-2.204449096063102242e+00
9.626000000000000512e+01,-2.224692992931794677e+00
9.628000000000000114e+01,-2.299949534224031922e+00
9.629999999999999716e+01,-2.426484126017264042e+00
9.632000000000000739e+01,-2.602700649112849707e+00
9.634000000000000341e+01,-2.828788452661431307e+00
9.635999999999999943e+01,-3.106249160702567291e+00
9.637999999999999545e+01,-3.437327469116439271e+00
9.640000000000000568e+01,-3.824292525050670744e+00
9.642000000000000171e+01,-4.268475967555384720e+00
9.643999999999999773e+01,-4.768963489232623587e+00
9.646000000000000796e+01,-5.320863416196806028e+00
9.648000000000000398e+01,-5.913184376202508474e+00
9.650000000000000000e+01,-6.526577123657446577e+00
9.651999999999999602e+01,-7.131581415096331256e+00
9.654000000000000625e+01,-7.688489660528726510e+00
9.656000000000000227e+01,-8.150224471320624886e+00
9.657999999999999829e+01,-8.469188633983447900e+00
9.660000000000000853e+01,-8.607391745170831499e+00
9.662000000000000455e+01,-8.546599420986506601e+00
9.664000000000000057e+01,-8.293563966458775027e+00
9.665999999999999659e+01,-7.876893764239465412e+00
9.668000000000000682e+01,-7.336969614908405823e+00
9.670000000000000284e+01,-6.714910398397542224e+00
9.671999999999999886e+01,-6.046448426556081834e+00
9.674000000000000909e+01,-5.361704549627111405e+00
9.676000000000000512e+01,-4.687400050914030558e+00
9.678000000000000114e+01,-4.048011298002765379e+00
9.679999999999999716e+01,-3.465123051004149968e+00
9.682000000000000739e+01,-2.956054781824869249e+00
9.684000000000000341e+01,-2.532701917269659209e+00
9.685999999999999943e+01,-2.200772624086082541e+00
9.687999999999999545e+01,-1.959479110057435136e+00
9.690000000000000568e+01,-1.802240744115463311e+00
9.692000000000000171e+01,-1.718884586456353114e+00
9.693999999999999773e+01,-1.698661243092632001e+00
9.696000000000000796e+01,-1.732641624051410423e+00
9.698000000000000398e+01,-1.814782071393566287e+00
9.700000000000000000e+01,-1.941964380480499130e+00
9.701999999999999602e+01,-2.113595702328290749e+00
9.704000000000000625e+01,-2.331129756503595107e+00
9.706000000000000227e+01,-2.597620510144952988e+00
9.707999999999999829e+01,-2.917281517220649434e+00
9.710000000000000853e+01,-3.294964016883604518e+00
9.712000000000000455e+01,-3.735427218178330566e+00
9.714000000000000057e+01,-4.242250872015322471e+00
9.715999999999999659e+01,-4.816214847960794465e+00
9.718000000000000682e+01,-5.453000797242694375e+00
9.720000000000000284e+01,-6.140201362258126849e+00
9.721999999999999886e+01,-6.853968589593508298e+00
9.724000000000000909e+01,-7.556272242198373235e+00
9.726000000000000512e+01,-8.194600404784832648e+00
9.728000000000000114e+01,-8.706510078189344526e+00
9.729999999999999716e+01,-9.030652556178168311e+00
9.732000000000000739e+01,-9.122726685422657411e+00
9.734000000000000341e+01,-8.970039227104232182e+00
9.735999999999999943e+01,-8.595903321281154419e+00
9.737999999999999545e+01,-8.049492071969060802e+00
9.740000000000000568e+01,-7.386812454772521797e+00
9.742000000000000171e+01,-6.655298938336613013e+00
9.743999999999999773e+01,-5.890195707493352195e+00
9.746000000000000796e+01,-5.119585406671826711e+00
9.748000000000000398e+01,-4.369367638585734070e+00
9.750000000000000000e+01,-3.663808961462879044e+00
9.751999999999999602e+01,-3.023324673793437167e+00
9.754000000000000625e+01,-2.462578097408870459e+00
9.756000000000000227e+01,-1.990214808137005242e+00
9.757999999999999829e+01,-1.609751229626680713e+00
9.760000000000000853e+01,-1.320379905979238711e+00
9.762000000000000455e+01,-1.116808276819806656e+00
9.764000000000000057e+01,-9.888877882815605425e-01
9.765999999999999659e+01,-9.231452458054048016e-01
9.768000000000000682e+01,-9.063357530639652992e-01
9.770000000000000284e+01,-9.283513287449295381e-01
9.771999999999999886e+01,-9.829823577055308848e-01
9.774000000000000909e+01,-1.067351098232741657e+00
9.776000000000000512e+01,-1.181115433562196504e+00
9.778000000000000114e+01,-1.325883446862059056e+00
9.779999999999999716e+01,-1.504872094157177376e+00
9.782000000000000739e+01,-1.722732132051373322e+00
9.784000000000000341e+01,-1.985457573073206250e+00
9.785999999999999943e+01,-2.300303972765953553e+00
9.787999999999999545e+01,-2.675626348914656560e+00
9.790000000000000568e+01,-3.120523701356140656e+00
9.792000000000000171e+01,-3.644111931515504832e+00
9.793999999999999773e+01,-4.254175047976212376e+00
9.796000000000000796e+01,-4.954856955046980538e+00
9.798000000000000398e+01,-5.743031037957085694e+00
9.800000000000000000e+01,-6.603158512374792899e+00
9.801999999999999602e+01,-7.501090178251656582e+00
9.804000000000000625e+01,-8.378691326435184550e+00
9.806000000000000227e+01,-9.153329216651615141e+00
9.807999999999999829e+01,-9.727845764748904500e+00
9.810000000000000853e+01,-1.001442571342466792e+01
9.812000000000000455e+01,-9.966770539178622101e+00
9.814000000000000057e+01,-9.602786607392182816e+00
9.815999999999999659e+01,-8.997961156848699460e+00
9.818000000000000682e+01,-8.248288158996071928e+00
9.820000000000000284e+01,-7.429060791828157484e+00
9.821999999999999886e+01,-6.581317244829332225e+00
9.824000000000000909e+01,-5.728395156548820921e+00
9.826000000000000512e+01,-4.895892146094796615e+00
9.828000000000000114e+01,-4.116134956066810346e+00
9.829999999999999716e+01,-3.421732412143923874e+00
9.832000000000000739e+01,-2.839202970564063566e+00
9.834000000000000341e+01,-2.386716508151629057e+00
9.835999999999999943e+01,-2.073622558831272222e+00
9.837999999999999545e+01,-1.898167197836376774e+00
9.840000000000000568e+01,-1.844816717359809788e+00
9.842000000000000171e+01,-1.888390115871078745e+00
9.843999999999999773e+01,-2.004898414542266138e+00
9.846000000000000796e+01,-2.179242285444519922e+00
9.848000000000000398e+01,-2.405934173825410749e+00
9.850000000000000000e+01,-2.686598844521103313e+00
9.851999999999999602e+01,-3.027559621824110092e+00
9.854000000000000625e+01,-3.438407344511702046e+00
9.856000000000000227e+01,-3.931378303778361172e+00
9.857999999999999829e+01,-4.521187683064571416e+00
9.860000000000000853e+01,-5.225024428288700840e+00
9.862000000000000455e+01,-6.062463111013013162e+00
9.864000000000000057e+01,-7.055039805370839190e+00
9.865999999999999659e+01,-8.225153742290542525e+00
9.868000000000000682e+01,-9.593798328838794021e+00
9.870000000000000284e+01,-1.117640091967144578e+01
9.871999999999999886e+01,-1.297582033975250582e+01
9.874000000000000909e+01,-1.497149079082354994e+01
9.876000000000000512e+01,-1.710424315398808659e+01
9.878000000000000114e+01,-1.925826885252555343e+01
9.879999999999999716e+01,-2.124601721110224162e+01
9.882000000000000739e+01,-2.280860762175006684e+01
9.884000000000000341e+01,-2.364998279471002007e+01
9.885999999999999943e+01,-2.351745765835870827e+01
9.887999999999999545e+01,-2.231283985202308884e+01
9.890000000000000568e+01,-2.017437963099272835e+01
9.892000000000000171e+01,-1.745540426205751672e+01
9.893999999999999773e+01,-1.458636968963432423e+01
9.896000000000000796e+01,-1.190696183653452067e+01
9.898000000000000398e+01,-9.582793112065207453e+00
9.900000000000000000e+01,-7.636151434650716219e+00
9.901999999999999602e+01,-6.024423382971976437e+00
9.904000000000000625e+01,-4.696249633523701839e+00
9.906000000000000227e+01,-3.610517293128113536e+00
9.907999999999999829e+01,-2.735900373368073346e+00
9.910000000000000853e+01,-2.046670242543562335e+00
9.912000000000000455e+01,-1.520060495642317822e+00
9.914000000000000057e+01,-1.134695380667841480e+00
9.915999999999999659e+01,-8.685127326306923967e-01
9.918000000000000682e+01,-6.969833376923674217e-01
9.920000000000000284e+01,-5.950347206819727175e-01
9.921999999999999886e+01,-5.420086436448375844e-01
9.924000000000000909e+01,-5.242035948270006296e-01
9.926000000000000512e+01,-5.337780850959569223e-01
9.928000000000000114e+01,-5.667032943071512729e-01
9.929999999999999716e+01,-6.213225426687946085e-01
9.932000000000000739e+01,-6.975882967813327173e-01
9.934000000000000341e+01,-7.967007202316731540e-01
9.935999999999999943e+01,-9.209425105745830953e-01
9.937999999999999545e+01,-1.073602901450673608e+00
9.940000000000000568e+01,-1.258921630077229237e+00
9.942000000000000171e+01,-1.481996565887486961e+00
9.943999999999999773e+01,-1.748580649829656775e+00
9.946000000000000796e+01,-2.064652781376899338e+00
9.948000000000000398e+01,-2.435584608000910034e+00
9.950000000000000000e+01,-2.864630388351416368e+00
9.951999999999999602e+01,-3.350366616021827948e+00
9.954000000000000625e+01,-3.882656278965328500e+00
9.956000000000000227e+01,-4.436882520954983811e+00
9.957999999999999829e+01,-4.966930225708066970e+00
9.960000000000000853e+01,-5.399192173352488133e+00
9.962000000000000455e+01,-5.632961272162612332e+00
9.964000000000000057e+01,-5.555571433672000126e+00
9.965999999999999659e+01,-5.078825442330307638e+00
9.968000000000000682e+01,-4.189963609674237865e+00
9.970000000000000284e+01,-2.987775234109012690e+00
9.971999999999999886e+01,-1.665888574113393528e+00
9.974000000000000909e+01,-4.382345692365790524e-01
9.976000000000000512e+01,5.439834085438313149e-01
9.978000000000000114e+01,1.225755846848140207e+00
9.979999999999999716e+01,1.627426396989954505e+00
9.982000000000000739e+01,1.807476889260425157e+00
9.984000000000000341e+01,1.835329647424401855e+00
9.985999999999999943e+01,1.776450610424082699e+00
9.987999999999999545e+01,1.685775315475386060e+00
9.990000000000000568e+01,1.606340594777648123e+00
9.992000000000000171e+01,1.569533325577108007e+00
9.993999999999999773e+01,1.593513502897507816e+00
9.996000000000000796e+01,1.681030096071197022e+00
9.998000000000000398e+01,1.823030643972135323e+00
1.000000000000000000e+02,2.008180560237027734e+00
1.000199999999999960e+02,2.230149142586374644e+00
1.000400000000000063e+02,2.489159649564574472e+00
1.000600000000000023e+02,2.790520397810298814e+00
1.000799999999999983e+02,3.142876059412198941e+00
1.001000000000000085e+02,3.557097833015046007e+00
1.001200000000000045e+02,4.045776420313020871e+00
1.001400000000000006e+02,4.623044445544195469e+00
1.001599999999999966e+02,5.304452202897304680e+00
1.001800000000000068e+02,6.106643135515754217e+00
1.002000000000000028e+02,7.046549133637904028e+00
1.002199999999999989e+02,8.139748245068251009e+00
1.002400000000000091e+02,9.397503739937857148e+00
1.002600000000000051e+02,1.082188273018933344e+01
1.002800000000000011e+02,1.239836207632322207e+01
1.002999999999999972e+02,1.408573182762860831e+01
1.003200000000000074e+02,1.580436584669952005e+01
1.003400000000000034e+02,1.742656090232901178e+01
1.003599999999999994e+02,1.877656692682219841e+01
1.003799999999999955e+02,1.965100492733308002e+01
1.004000000000000057e+02,1.986712856544787442e+01
1.004200000000000017e+02,1.933073567230737311e+01
1.004399999999999977e+02,1.809116967548202126e+01
1.004600000000000080e+02,1.634044725284203281e+01
1.004800000000000040e+02,1.434232630083394078e+01
1.005000000000000000e+02,1.233197543650726047e+01
1.005199999999999960e+02,1.045232696862355048e+01
1.005400000000000063e+02,8.756693944775300054e+00
1.005600000000000023e+02,7.249791914484557509e+00
1.005799999999999983e+02,5.923632210401558851e+00
1.006000000000000085e+02,4.771460406729707060e+00
1.006200000000000045e+02,3.787485034938005590e+00
1.006400000000000006e+02,2.963505361928565840e+00
1.006599999999999966e+02,2.287353544239957959e+00
1.006800000000000068e+02,1.743436459083915757e+00
1.007000000000000028e+02,1.314298879088401817e+00
1.007199999999999989e+02,9.823156711681726438e-01
1.007400000000000091e+02,7.310852747349395608e-01
1.007600000000000051e+02,5.463997081414450063e-01
1.007800000000000011e+02,4.167142783857601951e-01
1.007999999999999972e+02,3.328392941214738388e-01
1.008200000000000074e+02,2.866011045350600472e-01
1.008400000000000034e+02,2.695681527982675130e-01
1.008599999999999994e+02,2.738189645823986829e-01
1.008799999999999955e+02,2.937391445605964102e-01
1.009000000000000057e+02,3.264836961044358388e-01
1.009200000000000017e+02,3.713089872250958656e-01
1.009399999999999977e+02,4.288540757223254785e-01
1.009600000000000080e+02,5.007317608591819180e-01
1.009800000000000040e+02,5.893755987393161089e-01
1.010000000000000000e+02,6.980417960988229975e-01
1.010199999999999960e+02,8.309049227032928586e-01
1.010400000000000063e+02,9.932198583234148614e-01
1.010600000000000023e+02,1.191541883351955100e+00
1.010799999999999983e+02,1.434004953741204069e+00
1.011000000000000085e+02,1.730661819878116736e+00
1.011200000000000045e+02,2.093886769523533253e+00
1.011400000000000006e+02,2.538834061984130308e+00
1.011599999999999966e+02,3.083925095399431715e+00
1.011800000000000068e+02,3.751298525398503614e+00
1.012000000000000028e+02,4.567081775912707364e+00
1.012199999999999989e+02,5.561203453588944079e+00
1.012400000000000091e+02,6.766218588422319158e+00
1.012600000000000051e+02,8.214205838394061487e+00
1.012800000000000011e+02,9.930161616269288061e+00
1.012999999999999972e+02,1.191951803031360413e+01
1.013200000000000074e+02,1.414685657087313686e+01
1.013400000000000034e+02,1.650394953354178895e+01
1.013599999999999994e+02,1.877100076326325606e+01
1.013799999999999955e+02,2.058976185359997757e+01
1.014000000000000057e+02,2.149076431120386133e+01
1.014200000000000017e+02,2.102814793799688431e+01
1.014399999999999977e+02,1.902297024938327752e+01
1.014600000000000080e+02,1.577577822825722009e+01
1.014800000000000040e+02,1.201490442415204996e+01
1.015000000000000000e+02,8.523334633518709680e+00
1.015199999999999960e+02,5.741389440322628879e+00
1.015400000000000063e+02,3.697649673803061088e+00
1.015600000000000023e+02,2.225243100425247089e+00
1.015799999999999983e+02,1.152948394728633419e+00
1.016000000000000085e+02,3.561155706691095379e-01
1.016200000000000045e+02,-2.543763614331354672e-01
1.016400000000000006e+02,-7.434608353580857143e-01
1.016599999999999966e+02,-1.154461495455714637e+00
1.016800000000000068e+02,-1.512294262533699030e+00
1.017000000000000028e+02,-1.831035576390696473e+00
1.017199999999999989e+02,-2.121138300884420680e+00
1.017400000000000091e+02,-2.392916491770448850e+00
1.017600000000000051e+02,-2.657084879705285285e+00
1.017800000000000011e+02,-2.924155278357365884e+00
1.017999999999999972e+02,-3.203722093508090119e+00
1.018200000000000074e+02,-3.503944247273265589e+00
1.018400000000000034e+02,-3.831178959244147642e+00
1.018599999999999994e+02,-4.189633571395937395e+00
1.018799999999999955e+02,-4.580909208146238143e+00
1.019000000000000057e+02,-5.003362835405818387e+00
1.019200000000000017e+02,-5.451291034592649076e+00
1.019399999999999977e+02,-5.914048369028198415e+00
1.019600000000000080e+02,-6.375353656421320458e+00
1.019800000000000040e+02,-6.813197507993479007e+00
1.020000000000000000e+02,-7.200862457794918292e+00
1.020199999999999960e+02,-7.509480148395843102e+00
1.020400000000000063e+02,-7.712130895058602498e+00
1.020600000000000023e+02,-7.788751192742998875e+00
1.020799999999999983e+02,-7.730356291945683189e+00
1.021000000000000085e+02,-7.540904429450468349e+00
1.021200000000000045e+02,-7.235958103846051870e+00
1.021400000000000006e+02,-6.838840702243573766e+00
1.021599999999999966e+02,-6.376176824418505085e+00
1.021800000000000068e+02,-5.874599156474393347e+00
1.022000000000000028e+02,-5.359175912308378642e+00
1.022199999999999989e+02,-4.852910509600927291e+00
1.022400000000000091e+02,-4.376381386455260980e+00
1.022600000000000051e+02,-3.947068702756280079e+00
1.022800000000000011e+02,-3.578469942791552061e+00
1.022999999999999972e+02,-3.279368104194742894e+00
1.023200000000000074e+02,-3.053631953324582149e+00
1.023400000000000034e+02,-2.900790019448808543e+00
1.023599999999999994e+02,-2.817320981937549984e+00
1.023799999999999955e+02,-2.798264432355123343e+00
1.024000000000000057e+02,-2.838641092248624709e+00
1.024200000000000017e+02,-2.934364143788578794e+00
1.024399999999999977e+02,-3.082609118029271400e+00
1.024600000000000080e+02,-3.281771298078832277e+00
1.024800000000000040e+02,-3.531149679025407107e+00
1.025000000000000000e+02,-3.830435820339249453e+00
1.025199999999999960e+02,-4.179023076864294417e+00
1.025400000000000063e+02,-4.575115142575707061e+00
1.025600000000000023e+02,-5.014610858211892896e+00
1.025799999999999983e+02,-5.489785525131210875e+00
1.026000000000000085e+02,-5.987888896446813547e+00
1.026200000000000045e+02,-6.489951486331267283e+00
1.026400000000000006e+02,-6.970306763578983045e+00
1.026599999999999966e+02,-7.397510249980374653e+00
1.026800000000000068e+02,-7.737275337673913178e+00
1.027000000000000028e+02,-7.957522985096450618e+00
1.027199999999999989e+02,-8.034613151805066522e+00
1.027400000000000091e+02,-7.958710241147820774e+00
1.027600000000000051e+02,-7.735927218940504169e+00
1.027800000000000011e+02,-7.386107565667995090e+00
1.027999999999999972e+02,-6.937391114080480037e+00
1.028200000000000074e+02,-6.420393606657557761e+00
1.028400000000000034e+02,-5.864456434634063520e+00
1.028599999999999994e+02,-5.296420498396005705e+00
1.028799999999999955e+02,-4.740671646129722916e+00
1.029000000000000057e+02,-4.219063355456662556e+00
1.029200000000000017e+02,-3.750216967117256939e+00
1.029399999999999977e+02,-3.348464929693631742e+00
1.029600000000000080e+02,-3.022920613547380952e+00
1.029800000000000040e+02,-2.777119528949572924e+00
1.030000000000000000e+02,-2.609574969579788739e+00
1.030199999999999960e+02,-2.515282431297415577e+00
1.030400000000000063e+02,-2.487712637828283224e+00
1.030600000000000023e+02,-2.520587942455124963e+00
1.030799999999999983e+02,-2.608987376096225663e+00
1.031000000000000085e+02,-2.749759358326157255e+00
1.031200000000000045e+02,-2.941454892241520902e+00
1.031400000000000006e+02,-3.183990642156842021e+00
1.031599999999999966e+02,-3.478149422365468091e+00
1.031800000000000068e+02,-3.824931496167230272e+00
1.032000000000000028e+02,-4.224712098954550576e+00
1.032199999999999989e+02,-4.676138321565418643e+00
1.032400000000000091e+02,-5.174715211832569217e+00
1.032600000000000051e+02,-5.711104710921070193e+00
1.032800000000000011e+02,-6.269320502154233310e+00
1.032999999999999972e+02,-6.825266966553660275e+00
1.033200000000000074e+02,-7.346400680802704031e+00
1.033400000000000034e+02,-7.793521082755839657e+00
1.033599999999999994e+02,-8.125485851387347580e+00
1.033799999999999955e+02,-8.306652273283075871e+00
1.034000000000000057e+02,-8.315131823023875768e+00
1.034200000000000017e+02,-8.148476613672942293e+00
1.034399999999999977e+02,-7.823739096468702137e+00
1.034600000000000080e+02,-7.371620092153340131e+00
1.034800000000000040e+02,-6.827973619408183481e+00
1.035000000000000000e+02,-6.227201188383627795e+00
1.035199999999999960e+02,-5.599801042372626547e+00
1.035400000000000063e+02,-4.972872955174742593e+00
1.035600000000000023e+02,-4.370999163698924939e+00
1.035799999999999983e+02,-3.816073756394427363e+00
1.036000000000000085e+02,-3.326242648459160289e+00
1.036200000000000045e+02,-2.914655910818927609e+00
1.036400000000000006e+02,-2.588521966004144303e+00
1.036599999999999966e+02,-2.348824689439422908e+00
1.036800000000000068e+02,-2.191131389277253927e+00
1.037000000000000028e+02,-2.107596735494768225e+00
1.037199999999999989e+02,-2.089490912385917110e+00
1.037400000000000091e+02,-2.129239983749986465e+00
1.037600000000000051e+02,-2.221471989543739145e+00
1.037800000000000011e+02,-2.363224542172450704e+00
1.037999999999999972e+02,-2.553699260662231296e+00
1.038200000000000074e+02,-2.793839705316609745e+00
1.038400000000000034e+02,-3.085837176242993696e+00
1.038599999999999994e+02,-3.432550541914838771e+00
1.038799999999999955e+02,-3.836762995931647158e+00
1.039000000000000057e+02,-4.300163141080018292e+00
1.039200000000000017e+02,-4.821934378121067510e+00
1.039399999999999977e+02,-5.396866276341308222e+00
1.039600000000000080e+02,-6.013027055428041834e+00
1.039800000000000040e+02,-6.649297408482630622e+00
1.040000000000000000e+02,-7.273513696917670579e+00
1.040199999999999960e+02,-7.842511424699106115e+00
1.040400000000000063e+02,-8.305654976575288728e+00
1.040600000000000023e+02,-8.612842195416726909e+00
1.040799999999999983e+02,-8.725928167719787965e+00
1.041000000000000085e+02,-8.629539501853120242e+00
1.041200000000000045e+02,-8.335607774193071862e+00
1.041400000000000006e+02,-7.878273790829492640e+00
1.041599999999999966e+02,-7.301755245585197507e+00
1.041800000000000068e+02,-6.648568392504815350e+00
1.042000000000000028e+02,-5.954214521991200826e+00
1.042199999999999989e+02,-5.248236225014511369e+00
1.042400000000000091e+02,-4.557048944084794329e+00
1.042600000000000051e+02,-3.904949709095726362e+00
1.042800000000000011e+02,-3.313140634551591912e+00
1.042999999999999972e+02,-2.798272257260260076e+00
1.043200000000000074e+02,-2.371455661730470954e+00
1.043400000000000034e+02,-2.037693787964879100e+00
1.043599999999999994e+02,-1.795573008668392756e+00
1.043799999999999955e+02,-1.637799112500010201e+00
1.044000000000000057e+02,-1.553343209441386374e+00
1.044200000000000017e+02,-1.530631418441897429e+00
1.044399999999999977e+02,-1.560134563914512995e+00
1.044600000000000080e+02,-1.635469240761215470e+00
1.044800000000000040e+02,-1.753367425053603545e+00
1.045000000000000000e+02,-1.913203288292984805e+00
1.045199999999999960e+02,-2.116484675888147482e+00
1.045400000000000063e+02,-2.366424654556966267e+00
1.045600000000000023e+02,-2.667563929987493143e+00
1.045799999999999983e+02,-3.025353906488023714e+00
1.046000000000000085e+02,-3.445585046038874832e+00
1.046200000000000045e+02,-3.933505921675606309e+00
1.046400000000000006e+02,-4.492450640187188426e+00
1.046599999999999966e+02,-5.121774012619559890e+00
1.046800000000000068e+02,-5.813957120946134260e+00
1.047000000000000028e+02,-6.550979735720786401e+00
1.047199999999999989e+02,-7.300598794943536696e+00
1.047400000000000091e+02,-8.014085964363202308e+00
1.047600000000000051e+02,-8.627998128859555749e+00
1.047800000000000011e+02,-9.072737568877318637e+00
1.047999999999999972e+02,-9.288486760430972211e+00
1.048200000000000074e+02,-9.243972550767850294e+00
1.048400000000000034e+02,-8.948263833819915192e+00
1.048599999999999994e+02,-8.446550896417631904e+00
1.048799999999999955e+02,-7.800693035318333024e+00
1.049000000000000057e+02,-7.067323611548951057e+00
1.049200000000000017e+02,-6.287751005944728355e+00
1.049399999999999977e+02,-5.491762459527282481e+00
1.049600000000000080e+02,-4.705450458891125898e+00
1.049800000000000040e+02,-3.954230694258033196e+00
1.050000000000000000e+02,-3.260772836749640469e+00
1.050199999999999960e+02,-2.641934611265469801e+00
1.050400000000000063e+02,-2.107469517061131281e+00
1.050600000000000023e+02,-1.660800785432019033e+00
1.050799999999999983e+02,-1.300924942873734169e+00
1.051000000000000085e+02,-1.024252063823756664e+00
1.051200000000000045e+02,-8.252369551490420507e-01
1.051400000000000006e+02,-6.954263485008966850e-01
1.051599999999999966e+02,-6.228226263935516815e-01
1.051800000000000068e+02,-5.941228520969848992e-01
1.052000000000000028e+02,-5.983044848280072436e-01
1.052199999999999989e+02,-6.282500103252991464e-01
1.052400000000000091e+02,-6.803197044647480984e-01
1.052600000000000051e+02,-7.533895160800592183e-01
1.052800000000000011e+02,-8.481270841790938819e-01
1.052999999999999972e+02,-9.665917985089940156e-01
1.053200000000000074e+02,-1.112060514441994163e+00
1.053400000000000034e+02,-1.288989537948234787e+00
1.053599999999999994e+02,-1.503053661456380530e+00
1.053799999999999955e+02,-1.761217623778964070e+00
1.054000000000000057e+02,-2.071794946231888979e+00
1.054200000000000017e+02,-2.444429123291506301e+00
1.054399999999999977e+02,-2.889889048456110832e+00
1.054600000000000080e+02,-3.419506187820788412e+00
1.054800000000000040e+02,-4.043972784557489319e+00
1.055000000000000000e+02,-4.771093814157747914e+00
1.055199999999999960e+02,-5.601974801950809990e+00
1.055400000000000063e+02,-6.525189281433155131e+00
1.055600000000000023e+02,-7.509032184539154997e+00
1.055799999999999983e+02,-8.493544961836825280e+00
1.056000000000000085e+02,-9.386911533845538003e+00
1.056200000000000045e+02,-1.007394788187385437e+01
1.056400000000000006e+02,-1.044354080497956438e+01
1.056599999999999966e+02,-1.043121832667286597e+01
1.056800000000000068e+02,-1.005431537927795205e+01
1.057000000000000028e+02,-9.408827791957669717e+00
1.057199999999999989e+02,-8.619726382623674965e+00
1.057400000000000091e+02,-7.779807663154691078e+00
1.057600000000000051e+02,-6.929172327079237803e+00
1.057800000000000011e+02,-6.084165298980901859e+00
1.057999999999999972e+02,-5.271211727884500320e+00
1.058200000000000074e+02,-4.533020458238319783e+00
1.058400000000000034e+02,-3.916323083565847796e+00
1.058599999999999994e+02,-3.458406800579498785e+00
1.058799999999999955e+02,-3.176916922978878510e+00
1.059000000000000057e+02,-3.063968247480421514e+00
1.059200000000000017e+02,-3.091061211246212359e+00
1.059399999999999977e+02,-3.224823945288831872e+00
1.059600000000000080e+02,-3.440757357471917466e+00
1.059800000000000040e+02,-3.727154913492097155e+00
1.060000000000000000e+02,-4.082705467849543801e+00
1.060199999999999960e+02,-4.512923471764298533e+00
1.060400000000000063e+02,-5.027511777768554069e+00
1.060600000000000023e+02,-5.638800394423835627e+00
1.060799999999999983e+02,-6.360824957971146887e+00
1.061000000000000085e+02,-7.208567425171351850e+00
1.061200000000000045e+02,-8.196927294050555091e+00
1.061400000000000006e+02,-9.339003436877865383e+00
1.061599999999999966e+02,-1.064322820919749013e+01
1.061800000000000068e+02,-1.210885242345835522e+01
1.062000000000000028e+02,-1.371933423068096047e+01
1.062199999999999989e+02,-1.543354356697692786e+01
1.062400000000000091e+02,-1.717567806214414361e+01
1.062600000000000051e+02,-1.882675005178937866e+01
1.062800000000000011e+02,-2.022341615559502515e+01
1.062999999999999972e+02,-2.117247681057177999e+01
1.063200000000000074e+02,-2.148809113502666790e+01
1.063400000000000034e+02,-2.104905941911080092e+01
1.063599999999999994e+02,-1.985550393401235425e+01
1.063799999999999955e+02,-1.805027394393226459e+01
1.064000000000000057e+02,-1.588073891105538138e+01
1.064200000000000017e+02,-1.361490275173935061e+01
1.064399999999999977e+02,-1.146082648528856041e+01
1.064600000000000080e+02,-9.532736068864142709e+00
1.064800000000000040e+02,-7.866376908522688893e+00
1.065000000000000000e+02,-6.454236589961817039e+00
1.065199999999999960e+02,-5.273633224818287779e+00
1.065400000000000063e+02,-4.300248762534092606e+00
1.065600000000000023e+02,-3.512106814833070523e+00
1.065799999999999983e+02,-2.890105456646359983e+00
1.066000000000000085e+02,-2.418100681047496092e+00
1.066200000000000045e+02,-2.082937487641487895e+00
1.066400000000000006e+02,-1.873560910399965973e+00
1.066599999999999966e+02,-1.778582706113988277e+00
1.066800000000000068e+02,-1.783914625234186646e+00
1.067000000000000028e+02,-1.873631607645058095e+00
1.067199999999999989e+02,-2.033932122764923189e+00
1.067400000000000091e+02,-2.256467810659101847e+00
1.067600000000000051e+02,-2.539115248127917113e+00
1.067800000000000011e+02,-2.885164042972257814e+00
1.067999999999999972e+02,-3.302255429843361956e+00
1.068200000000000074e+02,-3.801634794145345886e+00
1.068400000000000034e+02,-4.397751684617266399e+00
1.068599999999999994e+02,-5.108054150222706369e+00
1.068799999999999955e+02,-5.952769721294520977e+00
1.069000000000000057e+02,-6.954414657310235448e+00
1.069200000000000017e+02,-8.136676900471709217e+00
1.069399999999999977e+02,-9.522143032250392380e+00
1.069600000000000080e+02,-1.112810561387773056e+01
1.069800000000000040e+02,-1.295941978058168154e+01
1.070000000000000000e+02,-1.499727968529388278e+01
1.070199999999999960e+02,-1.718328000878091544e+01
1.070400000000000063e+02,-1.940009240978614713e+01
1.070600000000000023e+02,-2.145464822495537760e+01
1.070799999999999983e+02,-2.307714533212712382e+01
1.071000000000000085e+02,-2.395580758275592714e+01
1.071200000000000045e+02,-2.382211381075020284e+01
1.071400000000000006e+02,-2.257061145556854598e+01
1.071599999999999966e+02,-2.034851611077509048e+01
1.071800000000000068e+02,-1.753291758742273032e+01
1.072000000000000028e+02,-1.458029833041973511e+01
1.072199999999999989e+02,-1.184455646373346482e+01
1.072400000000000091e+02,-9.490220442579973437e+00
1.072600000000000051e+02,-7.530839996218039012e+00
1.072800000000000011e+02,-5.916079606980816585e+00
1.072999999999999972e+02,-4.590873041216583239e+00
1.073200000000000074e+02,-3.513371911334617792e+00
1.073400000000000034e+02,-2.652857039901200142e+00
1.073599999999999994e+02,-1.984462426224690379e+00
1.073799999999999955e+02,-1.485482954344367057e+00
1.074000000000000057e+02,-1.132327067507545859e+00
1.074200000000000017e+02,-8.979629884799874562e-01
1.074399999999999977e+02,-7.531137049011270568e-01
1.074600000000000080e+02,-6.719051175335514214e-01
1.074800000000000040e+02,-6.361055771094419331e-01
1.075000000000000000e+02,-6.347951679632684030e-01
1.075199999999999960e+02,-6.620564195208711311e-01
1.075400000000000063e+02,-7.150707291077684769e-01
1.075600000000000023e+02,-7.930390864666525541e-01
1.075799999999999983e+02,-8.966444713663106469e-01
1.076000000000000085e+02,-1.027785593376768336e+00
1.076200000000000045e+02,-1.189425935500813214e+00
1.076400000000000006e+02,-1.385464152358253598e+00
1.076599999999999966e+02,-1.620548963465859194e+00
1.076800000000000068e+02,-1.899747890599892353e+00
1.077000000000000028e+02,-2.227933663575994760e+00
1.077199999999999989e+02,-2.608694506210493369e+00
1.077400000000000091e+02,-3.042487558719823681e+00
1.077600000000000051e+02,-3.523699052677972787e+00
1.077800000000000011e+02,-4.036324332638121959e+00
1.077999999999999972e+02,-4.548353753790356890e+00
1.078200000000000074e+02,-5.005986464843315886e+00
1.078400000000000034e+02,-5.330817677821814371e+00
1.078599999999999994e+02,-5.425801382184836541e+00
1.078799999999999955e+02,-5.196765526794093759e+00
1.079000000000000057e+02,-4.590731269370805556e+00
1.079200000000000017e+02,-3.637134820559014603e+00
1.079399999999999977e+02,-2.462180124335273668e+00
1.079600000000000080e+02,-1.252936339329866922e+00
1.079800000000000040e+02,-1.857151412038409721e-01
1.080000000000000000e+02,6.325681969442102925e-01
1.080199999999999960e+02,1.175773100084720690e+00
1.080400000000000063e+02,1.473974683874060387e+00
1.080600000000000023e+02,1.583240987881188833e+00
1.080799999999999983e+02,1.564728431929361285e+00
1.081000000000000085e+02,1.473291938669114565e+00
1.081200000000000045e+02,1.352881800499678100e+00
1.081400000000000006e+02,1.236443263122542380e+00
1.081599999999999966e+02,1.148022910670701391e+00
1.081800000000000068e+02,1.104511368272619753e+00
1.082000000000000028e+02,1.114813417893539604e+00
1.082199999999999989e+02,1.177859825744412170e+00
1.082400000000000091e+02,1.285040358137713223e+00
1.082600000000000051e+02,1.427242382287054800e+00
1.082800000000000011e+02,1.599922910960115408e+00
1.082999999999999972e+02,1.803798809751515408e+00
1.083200000000000074e+02,2.043536642706754947e+00
1.083400000000000034e+02,2.326474604620187847e+00
1.083599999999999994e+02,2.661932979547306122e+00
1.083799999999999955e+02,3.061015478869443918e+00
1.084000000000000057e+02,3.536689134167520621e+00
1.084200000000000017e+02,4.103960420388056640e+00
1.084399999999999977e+02,4.779995720936029535e+00
1.084600000000000080e+02,5.584018040853689691e+00
1.084800000000000040e+02,6.536745282929537382e+00
1.085000000000000000e+02,7.659005664882796438e+00
1.085199999999999960e+02,8.968972200573341880e+00
1.085400000000000063e+02,1.047722404583454292e+01
1.085600000000000023e+02,1.217866579263134774e+01
1.085799999999999983e+02,1.404050475424382327e+01
1.086000000000000085e+02,1.598660067747250935e+01
1.086200000000000045e+02,1.788150629540046666e+01
1.086400000000000006e+02,1.952307760689355476e+01
1.086599999999999966e+02,2.065898753189862092e+01
1.086800000000000068e+02,2.104261151728307766e+01
1.087000000000000028e+02,2.052562866985406842e+01
1.087199999999999989e+02,1.914631235417594013e+01
1.087400000000000091e+02,1.714476052862878319e+01
1.087600000000000051e+02,1.486922164466920471e+01
1.087800000000000011e+02,1.262687789732815880e+01
1.087999999999999972e+02,1.058693909421692858e+01
1.088200000000000074e+02,8.790700509307585619e+00
1.088400000000000034e+02,7.221701167494451568e+00
1.088599999999999994e+02,5.860516905321826009e+00
1.088799999999999955e+02,4.700239321399049430e+00
1.089000000000000057e+02,3.741134756440719578e+00
1.089200000000000017e+02,2.983314182417942106e+00
1.089399999999999977e+02,2.422485448357847737e+00
1.089600000000000080e+02,2.046351524674080213e+00
1.089800000000000040e+02,1.830991892883894190e+00
1.090000000000000000e+02,1.742871109465051083e+00
1.090199999999999960e+02,1.748774881020846550e+00
1.090400000000000063e+02,1.824793953455752460e+00
1.090600000000000023e+02,1.958058610866802551e+00
1.090799999999999983e+02,2.144148466305483058e+00
1.091000000000000085e+02,2.384190748282022820e+00
1.091200000000000045e+02,2.682983820408022080e+00
1.091400000000000006e+02,3.048040946112618332e+00
1.091599999999999966e+02,3.489176778595147521e+00
1.091800000000000068e+02,4.018323247075894500e+00
1.092000000000000028e+02,4.649339838506595157e+00
1.092199999999999989e+02,5.397594764391918432e+00
1.092400000000000091e+02,6.279051032964249934e+00
1.092600000000000051e+02,7.308475591091862178e+00
1.092800000000000011e+02,8.496233337548865450e+00
1.092999999999999972e+02,9.842959151492545189e+00
1.093200000000000074e+02,1.133135865671546938e+01
1.093400000000000034e+02,1.291477832163215389e+01
1.093599999999999994e+02,1.450358251771265650e+01
1.093799999999999955e+02,1.595351958674576842e+01
1.094000000000000057e+02,1.706529769645463901e+01
1.094200000000000017e+02,1.760913282393602586e+01
1.094399999999999977e+02,1.738492824231426681e+01
1.094600000000000080e+02,1.630877328204200438e+01
1.094800000000000040e+02,1.448269070018449334e+01
1.095000000000000000e+02,1.218836528076376524e+01
1.095199999999999960e+02,9.785597157364499310e+00
1.095400000000000063e+02,7.574697486224280851e+00
1.095600000000000023e+02,5.715050927175703066e+00
1.095799999999999983e+02,4.235111561379569345e+00
1.096000000000000085e+02,3.091257580733947297e+00
1.096200000000000045e+02,2.219350835407885913e+00
1.096400000000000006e+02,1.559669249106338862e+00
1.096599999999999966e+02,1.063464945128486772e+00
1.096800000000000068e+02,6.923864333080140820e-01
1.097000000000000028e+02,4.163738944945712950e-01
1.097199999999999989e+02,2.116116914119600123e-01
1.097400000000000091e+02,5.864612539649632916e-02
1.097600000000000051e+02,-5.918529200398776891e-02
1.097800000000000011e+02,-1.560373768461214283e-01
1.097999999999999972e+02,-2.421854885179997863e-01
1.098200000000000074e+02,-3.234940440397640060e-01
1.098400000000000034e+02,-4.032629742558092034e-01
1.098599999999999994e+02,-4.843132968280801087e-01
1.098799999999999955e+02,-5.698367157282995255e-01
1.099000000000000057e+02,-6.634574628559556375e-01
1.099200000000000017e+02,-7.691428384746301639e-01
1.099399999999999977e+02,-8.911968739953272101e-01
1.099600000000000080e+02,-1.034354021891532582e+00
1.099800000000000040e+02,-1.203935252626964214e+00
1.100000000000000000e+02,-1.406033258064397495e+00
1.100199999999999960e+02,-1.647697867076832079e+00
1.100400000000000063e+02,-1.937093765142074764e+00
1.100600000000000023e+02,-2.283584288114294925e+00
1.100799999999999983e+02,-2.697662758270370276e+00
1.101000000000000085e+02,-3.190595030991579151e+00
1.101200000000000045e+02,-3.773546761714628328e+00
1.101400000000000006e+02,-4.455849454477095684e+00
1.101599999999999966e+02,-5.241930955565805128e+00
1.101800000000000068e+02,-6.126401774586184068e+00
1.102000000000000028e+02,-7.087087109081561920e+00
1.102199999999999989e+02,-8.076874994196447943e+00
1.102400000000000091e+02,-9.017592993098491050e+00
1.102600000000000051e+02,-9.802416043400576484e+00
1.102800000000000011e+02,-1.031479058022169681e+01
1.102999999999999972e+02,-1.046587119733607629e+01
1.103200000000000074e+02,-1.023612285086751150e+01
1.103400000000000034e+02,-9.691197771247544779e+00
1.103599999999999994e+02,-8.950555008452276695e+00
1.103799999999999955e+02,-8.125422915833750537e+00
1.104000000000000057e+02,-7.276802815700227356e+00
1.104200000000000017e+02,-6.426427670004703607e+00
1.104399999999999977e+02,-5.594082387897666209e+00
1.104600000000000080e+02,-4.816151102984890464e+00
1.104800000000000040e+02,-4.138911480397832854e+00
1.105000000000000000e+02,-3.604705580228736217e+00
1.105199999999999960e+02,-3.240810973813948337e+00
1.105400000000000063e+02,-3.051318488098876180e+00
1.105600000000000023e+02,-3.016039092130215149e+00
1.105799999999999983e+02,-3.101940233527041180e+00
1.106000000000000085e+02,-3.279411122445321514e+00
1.106200000000000045e+02,-3.530864301414628592e+00
1.106400000000000006e+02,-3.850572834008270995e+00
1.106599999999999966e+02,-4.241228914905184055e+00
1.106800000000000068e+02,-4.710799454217359461e+00
1.107000000000000028e+02,-5.270522226794617460e+00
1.107199999999999989e+02,-5.933769014316503387e+00
1.107400000000000091e+02,-6.715294287762586301e+00
1.107600000000000051e+02,-7.630421150039622624e+00
1.107800000000000011e+02,-8.693750725315318562e+00
1.107999999999999972e+02,-9.916960730056128881e+00
1.108200000000000074e+02,-1.130520496322892399e+01
1.108400000000000034e+02,-1.285160175501471791e+01
1.108599999999999994e+02,-1.452945902521994981e+01
1.108799999999999955e+02,-1.628248940873502448e+01
1.109000000000000057e+02,-1.801469713165540654e+01
1.109200000000000017e+02,-1.958413962214504522e+01
1.109399999999999977e+02,-2.080789626021386596e+01
1.109600000000000080e+02,-2.148700525181169496e+01
1.109800000000000040e+02,-2.145533503525813046e+01
1.110000000000000000e+02,-2.064174999277033606e+01
1.110199999999999960e+02,-1.911578603093878215e+01
1.110400000000000063e+02,-1.708196853505608814e+01
1.110600000000000023e+02,-1.481384177272067149e+01
1.110799999999999983e+02,-1.256247603525543255e+01
1.111000000000000085e+02,-1.049351593662090742e+01
1.111200000000000045e+02,-8.679419907927432121e+00
1.111400000000000006e+02,-7.129707425980790880e+00
1.111599999999999966e+02,-5.825878114070866864e+00
1.111800000000000068e+02,-4.742677738737472559e+00
1.112000000000000028e+02,-3.856098829558231689e+00
1.112199999999999989e+02,-3.144968210275278064e+00
1.112400000000000091e+02,-2.590997941732687604e+00
1.112600000000000051e+02,-2.178936333873480180e+00
1.112800000000000011e+02,-1.896487119342829875e+00
1.112999999999999972e+02,-1.732929781452533513e+00
1.113200000000000074e+02,-1.676316096099439212e+00
1.113400000000000034e+02,-1.711793068215645919e+00
1.113599999999999994e+02,-1.823794063596021253e+00
1.113799999999999955e+02,-2.000265223444345430e+00
1.114000000000000057e+02,-2.235132832612245934e+00
1.114200000000000017e+02,-2.528300717645966866e+00
1.114399999999999977e+02,-2.884608797794658397e+00
1.114600000000000080e+02,-3.312857171588018623e+00
1.114800000000000040e+02,-3.825215320451938350e+00
1.115000000000000000e+02,-4.436951940940526029e+00
1.115199999999999960e+02,-5.166310848290200930e+00
1.115400000000000063e+02,-6.034325578545468360e+00
1.115600000000000023e+02,-7.064310352061069054e+00
1.115799999999999983e+02,-8.280650119636831619e+00
1.116000000000000085e+02,-9.706329108195038913e+00
1.116200000000000045e+02,-1.135836595023307005e+01
1.116400000000000006e+02,-1.324005866333299686e+01
1.116599999999999966e+02,-1.532885269762812008e+01
1.116800000000000068e+02,-1.755927332294571741e+01
1.117000000000000028e+02,-1.980265398044688041e+01
1.117199999999999989e+02,-2.185057126257157378e+01
1.117400000000000091e+02,-2.341699459592705423e+01
1.117600000000000051e+02,-2.418050265429353374e+01
1.117800000000000011e+02,-2.387980298840092885e+01
1.117999999999999972e+02,-2.243961990802215567e+01
1.118200000000000074e+02,-2.005250606595311069e+01
1.118400000000000034e+02,-1.713370222857513880e+01
1.118599999999999994e+02,-1.414962540311525352e+01
1.118799999999999955e+02,-1.143523069521064350e+01
1.119000000000000057e+02,-9.126223335618945498e+00
1.119200000000000017e+02,-7.215988686127454699e+00
1.119399999999999977e+02,-5.646792677745343880e+00
1.119600000000000080e+02,-4.363460359654601994e+00
1.119800000000000040e+02,-3.325988511702134609e+00
1.120000000000000000e+02,-2.505246534658126301e+00
1.120199999999999960e+02,-1.877097264109510499e+00
1.120400000000000063e+02,-1.418082099203444857e+00
1.120600000000000023e+02,-1.101809855618960166e+00
1.120799999999999983e+02,-8.977747640845497035e-01
1.121000000000000085e+02,-7.756377893014517744e-01
1.121200000000000045e+02,-7.114745382563610887e-01
1.121400000000000006e+02,-6.898124691535534314e-01
1.121599999999999966e+02,-7.017975116784415102e-01
1.121800000000000068e+02,-7.427914189795581379e-01
1.122000000000000028e+02,-8.107915701684608178e-01
1.122199999999999989e+02,-9.055978793717427422e-01
1.122400000000000091e+02,-1.028395411839382323e+00
1.122600000000000051e+02,-1.181525157951783811e+00
1.122800000000000011e+02,-1.368314546214789651e+00
1.122999999999999972e+02,-1.592875873545784193e+00
1.123200000000000074e+02,-1.859781038332449343e+00
1.123400000000000034e+02,-2.173491225386176229e+00
1.123599999999999994e+02,-2.537361534823653120e+00
1.123799999999999955e+02,-2.951978876864560952e+00
1.124000000000000057e+02,-3.412529527402061724e+00
1.124200000000000017e+02,-3.904936191150304658e+00
1.124399999999999977e+02,-4.400804050409737656e+00
1.124600000000000080e+02,-4.852070507079721651e+00
1.124800000000000040e+02,-5.187951166596772801e+00
1.125000000000000000e+02,-5.319105207236693111e+00
1.125199999999999960e+02,-5.155147638137879795e+00
1.125400000000000063e+02,-4.637760676845073426e+00
1.125600000000000023e+02,-3.779388619148128292e+00
1.125799999999999983e+02,-2.682528839910391483e+00
1.126000000000000085e+02,-1.515709192188663401e+00
1.126200000000000045e+02,-4.517651884472618229e-01
1.126400000000000006e+02,3.917295174813231751e-01
1.126599999999999966e+02,9.731499742928245711e-01
1.126800000000000068e+02,1.310040902256460305e+00
1.127000000000000028e+02,1.450871828174024714e+00
1.127199999999999989e+02,1.453043649859153241e+00
1.127400000000000091e+02,1.369977231975553433e+00
1.127600000000000051e+02,1.245136617391727096e+00
1.127800000000000011e+02,1.110795125930400307e+00
1.127999999999999972e+02,9.896123085443991885e-01
1.128200000000000074e+02,8.973191193273923894e-01
1.128400000000000034e+02,8.448777960945322851e-01
1.128599999999999994e+02,8.384385102418517866e-01
1.128799999999999955e+02,8.773872912667297630e-01
1.129000000000000057e+02,9.548901176354758213e-01
1.129200000000000017e+02,1.062947217929839594e+00
1.129399999999999977e+02,1.197011093720001584e+00
1.129600000000000080e+02,1.357000251174597771e+00
1.129800000000000040e+02,1.546312669218470992e+00
1.130000000000000000e+02,1.770737106952554818e+00
1.130199999999999960e+02,2.037860172104196899e+00
1.130400000000000063e+02,2.356918288560653885e+00
1.130600000000000023e+02,2.738923572544800233e+00
1.130799999999999983e+02,3.196925793880974975e+00
1.131000000000000085e+02,3.746310167915706923e+00
1.131200000000000045e+02,4.405037070320014791e+00
1.131400000000000006e+02,5.193695612900651959e+00
1.131599999999999966e+02,6.135160976717069836e+00
1.131800000000000068e+02,7.253503840608559017e+00
1.132000000000000028e+02,8.571576474498460385e+00
1.132199999999999989e+02,1.010640505127978983e+01
1.132400000000000091e+02,1.186120636220362989e+01
1.132600000000000051e+02,1.381278423157658963e+01
1.132800000000000011e+02,1.589386091725860339e+01
1.132999999999999972e+02,1.797273880430551074e+01
1.133200000000000074e+02,1.983889111867519617e+01
1.133400000000000034e+02,2.121202639375523802e+01
1.133599999999999994e+02,2.179670808902877610e+01
1.133799999999999955e+02,2.138875706100276020e+01
1.134000000000000057e+02,1.999308782317187649e+01
1.134200000000000017e+02,1.786549615495323096e+01
1.134399999999999977e+02,1.541467198952302375e+01
1.134600000000000080e+02,1.301416562604795679e+01
1.134800000000000040e+02,1.086641292899575895e+01
1.135000000000000000e+02,9.009024528006127852e+00
1.135199999999999960e+02,7.409532830033551676e+00
1.135400000000000063e+02,6.040098925283185594e+00
1.135600000000000023e+02,4.895596196370140873e+00
1.135799999999999983e+02,3.982384383839599362e+00
1.136000000000000085e+02,3.303954787771191892e+00
1.136200000000000045e+02,2.850173370307618192e+00
1.136400000000000006e+02,2.592168605406301563e+00
1.136599999999999966e+02,2.488319674099885859e+00
1.136800000000000068e+02,2.498668523722322288e+00
1.137000000000000028e+02,2.595173814659693434e+00
1.137199999999999989e+02,2.762864900794488765e+00
1.137400000000000091e+02,2.996498256017835260e+00
1.137600000000000051e+02,3.297092425625334222e+00
1.137800000000000011e+02,3.669636445628124299e+00
1.137999999999999972e+02,4.121794224578993138e+00
1.138200000000000074e+02,4.663145360939942030e+00
1.138400000000000034e+02,5.304560874709368434e+00
1.138599999999999994e+02,6.057379906222985610e+00
1.138799999999999955e+02,6.932058188218274353e+00
1.139000000000000057e+02,7.935915916118363889e+00
1.139200000000000017e+02,9.069548916170331765e+00
1.139399999999999977e+02,1.032146268580165582e+01
1.139600000000000080e+02,1.166071009276075010e+01
1.139800000000000040e+02,1.302802808290480741e+01
1.140000000000000000e+02,1.432755072133290142e+01
1.140199999999999960e+02,1.542376836540184293e+01
1.140400000000000063e+02,1.615119123969180492e+01
1.140600000000000023e+02,1.634430102307469568e+01
1.140799999999999983e+02,1.588819384398902024e+01
1.141000000000000085e+02,1.477393421618310576e+01
1.141200000000000045e+02,1.312628485553565660e+01
1.141400000000000006e+02,1.117561632560400753e+01
1.141599999999999966e+02,9.180165892360985680e+00
1.141800000000000068e+02,7.343665540791221247e+00
1.142000000000000028e+02,5.775186666655824475e+00
1.142199999999999989e+02,4.499858759404769870e+00
1.142400000000000091e+02,3.493826013251127627e+00
1.142600000000000051e+02,2.715238551172443060e+00
1.142800000000000011e+02,2.121378706491379607e+00
1.142999999999999972e+02,1.675134674488499620e+00
1.143200000000000074e+02,1.346373153593396710e+00
1.143400000000000034e+02,1.111634694770945453e+00
1.143599999999999994e+02,9.535451741647255064e-01
1.143799999999999955e+02,8.602172683982542978e-01
1.144000000000000057e+02,8.242167298149483123e-01
1.144200000000000017e+02,8.404032133177952169e-01
1.144399999999999977e+02,9.032484972620083985e-01
1.144600000000000080e+02,1.006167528304533487e+00
1.144800000000000040e+02,1.143563527329177321e+00
1.145000000000000000e+02,1.312948793309161699e+00
1.145199999999999960e+02,1.515461573087964142e+00
1.145400000000000063e+02,1.755373480306846812e+00
1.145600000000000023e+02,2.039492339235599250e+00
1.145799999999999983e+02,2.376814680409763625e+00
1.146000000000000085e+02,2.778433147242500123e+00
1.146200000000000045e+02,3.257598971017147349e+00
1.146400000000000006e+02,3.829822465134619325e+00
1.146599999999999966e+02,4.512871800212384876e+00
1.146800000000000068e+02,5.326475988044491849e+00
1.147000000000000028e+02,6.291429686644932850e+00
1.147199999999999989e+02,7.427613735129422246e+00
1.147400000000000091e+02,8.750194670844280154e+00
1.147600000000000051e+02,1.026296877028307009e+01
1.147800000000000011e+02,1.194765997345837860e+01
1.147999999999999972e+02,1.374840990523196460e+01
1.148200000000000074e+02,1.555266601381005742e+01
1.148400000000000034e+02,1.717451358218017887e+01
1.148599999999999994e+02,1.835467652548166129e+01
1.148799999999999955e+02,1.879885497982190756e+01
1.149000000000000057e+02,1.826980954483720510e+01
1.149200000000000017e+02,1.671255539153620262e+01
1.149399999999999977e+02,1.433646910073617953e+01
1.149600000000000080e+02,1.156598224033839628e+01
1.149800000000000040e+02,8.860830851388778129e+00
1.150000000000000000e+02,6.531357965554471789e+00
1.150199999999999960e+02,4.679901987089309046e+00
1.150400000000000063e+02,3.267624786011778415e+00
1.150600000000000023e+02,2.207321741884632704e+00
1.150799999999999983e+02,1.415456999674521432e+00
1.151000000000000085e+02,8.256545171915781189e-01
1.151200000000000045e+02,3.862951613512989324e-01
1.151400000000000006e+02,5.530722231964778357e-02
1.151599999999999966e+02,-2.030038449481356144e-01
1.151800000000000068e+02,-4.171534837938079554e-01
1.152000000000000028e+02,-6.060419235102064706e-01
1.152199999999999989e+02,-7.800827851843104010e-01
1.152400000000000091e+02,-9.456389686065584943e-01
1.152600000000000051e+02,-1.108512920556643078e+00
1.152800000000000011e+02,-1.275122551505125656e+00
1.152999999999999972e+02,-1.452450696613222014e+00
1.153200000000000074e+02,-1.647765971435493304e+00
1.153400000000000034e+02,-1.868472721532603797e+00
1.153599999999999994e+02,-2.122102477850753566e+00
1.153799999999999955e+02,-2.416356830399283062e+00
1.154000000000000057e+02,-2.759093196140589566e+00
1.154200000000000017e+02,-3.158144813854296018e+00
1.154399999999999977e+02,-3.620841934288700603e+00
1.154600000000000080e+02,-4.153075091363491289e+00
1.154800000000000040e+02,-4.757699248038263384e+00
1.155000000000000000e+02,-5.432086131581044697e+00
1.155199999999999960e+02,-6.164749606541033877e+00
1.155400000000000063e+02,-6.931341504480384330e+00
1.155600000000000023e+02,-7.691078148974675344e+00
1.155799999999999983e+02,-8.385784582617443306e+00
1.156000000000000085e+02,-8.944662599621905130e+00
1.156200000000000045e+02,-9.297182007846121365e+00
1.156400000000000006e+02,-9.392580975155734535e+00
1.156599999999999966e+02,-9.218042033020799053e+00
1.156800000000000068e+02,-8.803939495754883993e+00
1.157000000000000028e+02,-8.210197458421260919e+00
1.157199999999999989e+02,-7.501526312301065147e+00
1.157400000000000091e+02,-6.728648114304843553e+00
1.157600000000000051e+02,-5.926029565764010520e+00
1.157800000000000011e+02,-5.120413291550074852e+00
1.157999999999999972e+02,-4.337604265939107862e+00
1.158200000000000074e+02,-3.602425929594609055e+00
1.158400000000000034e+02,-2.935162495878800293e+00
1.158599999999999994e+02,-2.348843184271593554e+00
1.158799999999999955e+02,-1.848907011097356001e+00
1.159000000000000057e+02,-1.434703250504871130e+00
1.159200000000000017e+02,-1.101775541658322810e+00
1.159399999999999977e+02,-8.440502860217565795e-01
1.159600000000000080e+02,-6.551240793617651992e-01
1.159800000000000040e+02,-5.278360851020473810e-01
1.160000000000000000e+02,-4.525944883314021450e-01
1.160199999999999960e+02,-4.175082881769860421e-01
1.160400000000000063e+02,-4.115362323876834427e-01
1.160600000000000023e+02,-4.270503706914906550e-01
1.160799999999999983e+02,-4.599085112763888206e-01
1.161000000000000085e+02,-5.084713278438510731e-01
1.161200000000000045e+02,-5.727687867579970282e-01
1.161400000000000006e+02,-6.540322653957036936e-01
1.161599999999999966e+02,-7.544870177234297426e-01
1.161800000000000068e+02,-8.772987514073938842e-01
1.162000000000000028e+02,-1.026611981475791913e+00
1.162199999999999989e+02,-1.207646478367743859e+00
1.162400000000000091e+02,-1.426830151588188489e+00
1.162600000000000051e+02,-1.691943292093047280e+00
1.162800000000000011e+02,-2.012240240696356874e+00
1.162999999999999972e+02,-2.398481875377369121e+00
1.163200000000000074e+02,-2.862765803002893072e+00
1.163400000000000034e+02,-3.417953797698401353e+00
1.163599999999999994e+02,-4.076369781890491595e+00
1.163799999999999955e+02,-4.847272380156339544e+00
1.164000000000000057e+02,-5.732452347789262603e+00
1.164200000000000017e+02,-6.719351537085679560e+00
1.164399999999999977e+02,-7.771781177457060430e+00
1.164600000000000080e+02,-8.820342258749573006e+00
1.164800000000000040e+02,-9.758480529504090839e+00
1.165000000000000000e+02,-1.045417859467157840e+01
1.165199999999999960e+02,-1.078565316802773033e+01
1.165400000000000063e+02,-1.069423432849061051e+01
1.165600000000000023e+02,-1.022288352314728499e+01
1.165799999999999983e+02,-9.501571777726216084e+00
1.166000000000000085e+02,-8.676295065234594261e+00
1.166200000000000045e+02,-7.836226555710591235e+00
1.166400000000000006e+02,-7.005738386415581331e+00
1.166599999999999966e+02,-6.194705751247689740e+00
1.166800000000000068e+02,-5.436928065833674495e+00
1.167000000000000028e+02,-4.786429705050041505e+00
1.167199999999999989e+02,-4.294768942746320484e+00
1.167400000000000091e+02,-3.990770745068668468e+00
1.167600000000000051e+02,-3.870709909516364622e+00
1.167800000000000011e+02,-3.904948791801408525e+00
1.167999999999999972e+02,-4.057065355356940906e+00
1.168200000000000074e+02,-4.299756072458909451e+00
1.168400000000000034e+02,-4.619479344793008480e+00
1.168599999999999994e+02,-5.013955065828727520e+00
1.168799999999999955e+02,-5.488148478559844001e+00
1.169000000000000057e+02,-6.051124221036531026e+00
1.169200000000000017e+02,-6.714005660460617975e+00
1.169399999999999977e+02,-7.488588860808104819e+00
1.169600000000000080e+02,-8.386077020525817716e+00
1.169800000000000040e+02,-9.415455664699841520e+00
1.170000000000000000e+02,-1.058108212709744933e+01
1.170199999999999960e+02,-1.187911526777030602e+01
1.170400000000000063e+02,-1.329253508672141137e+01
1.170600000000000023e+02,-1.478483020991411223e+01
1.170799999999999983e+02,-1.629315204940737516e+01
1.171000000000000085e+02,-1.772300905528883419e+01
1.171200000000000045e+02,-1.894828724855605628e+01
1.171400000000000006e+02,-1.982169735102478114e+01
1.171599999999999966e+02,-2.019973698404690765e+01
1.171800000000000068e+02,-1.998061386903304637e+01
1.172000000000000028e+02,-1.914340258726331712e+01
1.172199999999999989e+02,-1.776812812846377909e+01
1.172400000000000091e+02,-1.601999619146534215e+01
1.172600000000000051e+02,-1.410048172659321430e+01
1.172800000000000011e+02,-1.219028219222223974e+01
1.172999999999999972e+02,-1.041333947618066880e+01
1.173200000000000074e+02,-8.832906213919979876e+00
1.173400000000000034e+02,-7.468749002959731875e+00
1.173599999999999994e+02,-6.317914323584915337e+00
1.173799999999999955e+02,-5.369030758047718344e+00
1.174000000000000057e+02,-4.609270547169914245e+00
1.174200000000000017e+02,-4.026772979864379209e+00
1.174399999999999977e+02,-3.610812953633268041e+00
1.174600000000000080e+02,-3.350681087633598843e+00
1.174800000000000040e+02,-3.234033805121253380e+00
1.175000000000000000e+02,-3.246213424754524457e+00
1.175199999999999960e+02,-3.371815326764425969e+00
1.175400000000000063e+02,-3.597783573240504129e+00
1.175600000000000023e+02,-3.915981862564816840e+00
1.175799999999999983e+02,-4.324124109209111388e+00
1.176000000000000085e+02,-4.825396432462826901e+00
1.176200000000000045e+02,-5.427522779527382824e+00
1.176400000000000006e+02,-6.141719761021212420e+00
1.176599999999999966e+02,-6.981603557612008792e+00
1.176800000000000068e+02,-7.961864380536837871e+00
1.177000000000000028e+02,-9.096375313599414980e+00
1.177199999999999989e+02,-1.039528466112797034e+01
1.177400000000000091e+02,-1.186055474842062729e+01
1.177600000000000051e+02,-1.347941471865211405e+01
1.177800000000000011e+02,-1.521548217246494694e+01
1.177999999999999972e+02,-1.699819031800474889e+01
1.178200000000000074e+02,-1.871304286857656507e+01
1.178400000000000034e+02,-2.019822229052844165e+01
1.178599999999999994e+02,-2.125615304853851484e+01
1.178799999999999955e+02,-2.168842238554802293e+01
1.179000000000000057e+02,-2.135386554061201636e+01
1.179200000000000017e+02,-2.023110348892184973e+01
1.179399999999999977e+02,-1.844934045064833583e+01
1.179600000000000080e+02,-1.625712255673815676e+01
1.179800000000000040e+02,-1.393707223467235501e+01
1.180000000000000000e+02,-1.171631422315292248e+01
1.180199999999999960e+02,-9.723348796422452978e+00
1.180400000000000063e+02,-8.000174073829995791e+00
1.180600000000000023e+02,-6.539775640417196279e+00
1.180799999999999983e+02,-5.317692258158074559e+00
1.181000000000000085e+02,-4.307544010919625244e+00
1.181200000000000045e+02,-3.485487883701408052e+00
1.181400000000000006e+02,-2.830590759167977755e+00
1.181599999999999966e+02,-2.324771524637323949e+00
1.181800000000000068e+02,-1.953080518086291573e+00
1.182000000000000028e+02,-1.703614974915614200e+00
1.182199999999999989e+02,-1.565918014752612164e+00
1.182400000000000091e+02,-1.527992784898799528e+00
1.182600000000000051e+02,-1.574951331628518858e+00
1.182800000000000011e+02,-1.691771922817999485e+00
1.182999999999999972e+02,-1.867513842978597571e+00
1.183200000000000074e+02,-2.097296170660997827e+00
1.183400000000000034e+02,-2.381934602470966222e+00
1.183599999999999994e+02,-2.726825313222585923e+00
1.183799999999999955e+02,-3.141042323666751734e+00
1.184000000000000057e+02,-3.636853515485470201e+00
1.184200000000000017e+02,-4.229551885800451494e+00
1.184399999999999977e+02,-4.937431547781597985e+00
1.184600000000000080e+02,-5.781717028301812888e+00
1.184800000000000040e+02,-6.786210334316741921e+00
1.185000000000000000e+02,-7.976305108417336420e+00
1.185199999999999960e+02,-9.376837324525684636e+00
1.185400000000000063e+02,-1.100796556820398564e+01
1.185600000000000023e+02,-1.287796079075231326e+01
1.185799999999999983e+02,-1.497159522704542844e+01
1.186000000000000085e+02,-1.723321179056225816e+01
1.186200000000000045e+02,-1.954547270544816229e+01
1.186400000000000006e+02,-2.170959550828687057e+01
1.186599999999999966e+02,-2.344123058861926978e+01
1.186800000000000068e+02,-2.440448517717873145e+01
1.187000000000000028e+02,-2.430275001455288120e+01
1.187199999999999989e+02,-2.301204529497501383e+01
1.187400000000000091e+02,-2.068549208452201427e+01
1.187600000000000051e+02,-1.773277866449361184e+01
1.187800000000000011e+02,-1.465227386358353634e+01
1.187999999999999972e+02,-1.182484863482040716e+01
1.188200000000000074e+02,-9.417715289289022351e+00
1.188400000000000034e+02,-7.432990242062773589e+00
1.188599999999999994e+02,-5.809005972989913502e+00
1.188799999999999955e+02,-4.485168502592940420e+00
1.189000000000000057e+02,-3.418626669934025308e+00
1.189200000000000017e+02,-2.579417353654387401e+00
1.189399999999999977e+02,-1.942850217380551747e+00
1.189600000000000080e+02,-1.483581492553946779e+00
1.189800000000000040e+02,-1.171564446635374068e+00
1.190000000000000000e+02,-9.727215616223949812e-01
1.190199999999999960e+02,-8.554143097922775052e-01
1.190400000000000063e+02,-7.963146044729205730e-01
1.190600000000000023e+02,-7.809114637814333904e-01
1.190799999999999983e+02,-8.010081258099482904e-01
1.191000000000000085e+02,-8.523409503659132858e-01
1.191200000000000045e+02,-9.331432771938771298e-01
1.191400000000000006e+02,-1.043396827341472433e+00
1.191599999999999966e+02,-1.184434746444437137e+00
1.191800000000000068e+02,-1.358684304712997948e+00
1.192000000000000028e+02,-1.569422954549554827e+00
1.192199999999999989e+02,-1.820443286588846465e+00
1.192400000000000091e+02,-2.115514817866142483e+00
1.192600000000000051e+02,-2.457484210157928395e+00
1.192800000000000011e+02,-2.846810073826078202e+00
1.192999999999999972e+02,-3.279277971439037653e+00
1.193200000000000074e+02,-3.742677658796091045e+00
1.193400000000000034e+02,-4.212460679357278970e+00
1.193599999999999994e+02,-4.647066742137504036e+00
1.193799999999999955e+02,-4.984942946848942569e+00
1.194000000000000057e+02,-5.147167599055813447e+00
1.194200000000000017e+02,-5.050800307256412935e+00
1.194399999999999977e+02,-4.635660414373643512e+00
1.194600000000000080e+02,-3.898206046655380064e+00
1.194800000000000040e+02,-2.913488239614697051e+00
1.195000000000000000e+02,-1.823287957309219776e+00
1.195199999999999960e+02,-7.883097424663210173e-01
1.195400000000000063e+02,6.751429750860313272e-02
1.195600000000000023e+02,6.858621895198098173e-01
1.195799999999999983e+02,1.067703162771062475e+00
1.196000000000000085e+02,1.249922821172116949e+00
1.196200000000000045e+02,1.283388742012155914e+00
1.196400000000000006e+02,1.218607354835947065e+00
1.196599999999999966e+02,1.098204927092558014e+00
1.196800000000000068e+02,9.542722044411614535e-01
1.197000000000000028e+02,8.087280651468478077e-01
1.197199999999999989e+02,6.751632197048750283e-01
1.197400000000000091e+02,5.611203639180142311e-01
1.197600000000000051e+02,4.702660379286821013e-01
1.197800000000000011e+02,4.042261044590226282e-01
1.197999999999999972e+02,3.638713294145651256e-01
1.198200000000000074e+02,3.495359276163076956e-01
1.198400000000000034e+02,3.598911097442732965e-01
1.198599999999999994e+02,3.912334392213359657e-01
1.198799999999999955e+02,4.392241690379105057e-01
1.199000000000000057e+02,5.012171704864785138e-01
1.199200000000000017e+02,5.769153420523805975e-01
1.199399999999999977e+02,6.678862552577702338e-01
1.199600000000000080e+02,7.770026295550364059e-01
1.199800000000000040e+02,9.081592948677266186e-01
1.200000000000000000e+02,1.066236984163092982e+00
1.200199999999999960e+02,1.257224885232150813e+00
1.200400000000000063e+02,1.488443504889626512e+00
1.200600000000000023e+02,1.768840310209258471e+00
1.200799999999999983e+02,2.109347308552374400e+00
1.201000000000000085e+02,2.523293940207544050e+00
1.201200000000000045e+02,3.026861118689272434e+00
1.201400000000000006e+02,3.639540613399999458e+00
1.201599999999999966e+02,4.384519300119358753e+00
1.201800000000000068e+02,5.288825510650704054e+00
1.202000000000000028e+02,6.382926085457672372e+00
1.202199999999999989e+02,7.699212921086920680e+00
1.202400000000000091e+02,9.268418254939478018e+00
1.202600000000000051e+02,1.111243885476593896e+01
1.202800000000000011e+02,1.323145545036472370e+01
1.202999999999999972e+02,1.558314570771132068e+01
1.203200000000000074e+02,1.805363763461735260e+01
1.203400000000000034e+02,2.042631744089520041e+01
1.203599999999999994e+02,2.236826000015557980e+01
1.203799999999999955e+02,2.347084449365033265e+01
1.204000000000000057e+02,2.337885161326672900e+01
1.204200000000000017e+02,2.198493421440784701e+01
1.204399999999999977e+02,1.956270856727004670e+01
1.204600000000000080e+02,1.668236049436578128e+01
1.204800000000000040e+02,1.391553039237426326e+01
1.205000000000000000e+02,1.156360192104708773e+01
1.205199999999999960e+02,9.639757781871246323e+00
1.205400000000000063e+02,8.050472923822219684e+00
1.205600000000000023e+02,6.738621693091723763e+00
1.205799999999999983e+02,5.699510884103123232e+00
1.206000000000000085e+02,4.940479554229911585e+00
1.206200000000000045e+02,4.447850751879385278e+00
1.206400000000000006e+02,4.180876246364944038e+00
1.206599999999999966e+02,4.087729475661969758e+00
1.206800000000000068e+02,4.124209401742642278e+00
1.207000000000000028e+02,4.261477457341729114e+00
1.207199999999999989e+02,4.484465006111093999e+00
1.207400000000000091e+02,4.787409417655466903e+00
1.207600000000000051e+02,5.169965472349713487e+00
1.207800000000000011e+02,5.634535325561315311e+00
1.207999999999999972e+02,6.184443563505940489e+00
1.208200000000000074e+02,6.822449325537680132e+00
1.208400000000000034e+02,7.549168318131302513e+00
1.208599999999999994e+02,8.361088482185504489e+00
1.208799999999999955e+02,9.247977472808882382e+00
1.209000000000000057e+02,1.018965604390437107e+01
1.209200000000000017e+02,1.115241432338257255e+01
1.209399999999999977e+02,1.208586589278109180e+01
1.209600000000000080e+02,1.292175140935174049e+01
1.209800000000000040e+02,1.357691653834324619e+01
1.210000000000000000e+02,1.396279549718298441e+01
1.210199999999999960e+02,1.400230307811275665e+01
1.210400000000000063e+02,1.365144913248636627e+01
1.210600000000000023e+02,1.291821538691112181e+01
1.210799999999999983e+02,1.186871278889404024e+01
1.211000000000000085e+02,1.061436223811400303e+01
1.211200000000000045e+02,9.283673357328169118e+00
1.211400000000000006e+02,7.991409362420921703e+00
1.211599999999999966e+02,6.818587872204132871e+00
1.211800000000000068e+02,5.808487001050734122e+00
1.212000000000000028e+02,4.974374479597854837e+00
1.212199999999999989e+02,4.311123276639521329e+00
1.212400000000000091e+02,3.805128635613713506e+00
1.212600000000000051e+02,3.440662546403303157e+00
1.212800000000000011e+02,3.203035314986185877e+00
1.212999999999999972e+02,3.079547459242025109e+00
1.213200000000000074e+02,3.059209581983165283e+00
1.213400000000000034e+02,3.132197409241843644e+00
1.213599999999999994e+02,3.289831092419432501e+00
1.213799999999999955e+02,3.525245707662062244e+00
1.214000000000000057e+02,3.834256501825699992e+00
1.214200000000000017e+02,4.215828907898433897e+00
1.214399999999999977e+02,4.671941687148589928e+00
1.214600000000000080e+02,5.206950285576156467e+00
1.214800000000000040e+02,5.826601478162136694e+00
1.215000000000000000e+02,6.536732449245346466e+00
1.215199999999999960e+02,7.341550970567198853e+00
1.215400000000000063e+02,8.241302766739117658e+00
1.215600000000000023e+02,9.229113125017210706e+00
1.215799999999999983e+02,1.028689001738778508e+01
1.216000000000000085e+02,1.138047917281205557e+01
1.216200000000000045e+02,1.245489337801124741e+01
1.216400000000000006e+02,1.343145983140196975e+01
1.216599999999999966e+02,1.420994653327844404e+01
1.216800000000000068e+02,1.467934791963887697e+01
1.217000000000000028e+02,1.473953152479897355e+01
1.217199999999999989e+02,1.433094138293905573e+01
1.217400000000000091e+02,1.346193902840007617e+01
1.217600000000000051e+02,1.221845734044642029e+01
1.217800000000000011e+02,1.074571350145175153e+01
1.217999999999999972e+02,9.207396850929050913e+00
1.218200000000000074e+02,7.742622761358347816e+00
1.218400000000000034e+02,6.441066898829926224e+00
1.218599999999999994e+02,5.342116563788526840e+00
1.218799999999999955e+02,4.449117145747924162e+00
1.219000000000000057e+02,3.746265797620673688e+00
1.219200000000000017e+02,3.211081770930780177e+00
1.219399999999999977e+02,2.821385982989495389e+00
1.219600000000000080e+02,2.558318226309540755e+00
1.219800000000000040e+02,2.406949104447041687e+00
1.220000000000000000e+02,2.355450759684418305e+00
1.220199999999999960e+02,2.393688852507201759e+00
1.220400000000000063e+02,2.512359533057139327e+00
1.220600000000000023e+02,2.703411952694793285e+00
1.220799999999999983e+02,2.961310607455846622e+00
1.221000000000000085e+02,3.284065236504567942e+00
1.221200000000000045e+02,3.673469078379246522e+00
1.221400000000000006e+02,4.134683431579347257e+00
1.221599999999999966e+02,4.675498621452559789e+00
1.221800000000000068e+02,5.305441273418958659e+00
1.222000000000000028e+02,6.034685583827180011e+00
1.222199999999999989e+02,6.872571818587471348e+00
1.222400000000000091e+02,7.825428386991965191e+00
1.222600000000000051e+02,8.893331810632759016e+00
1.222800000000000011e+02,1.006545280540077592e+01
1.222999999999999972e+02,1.131384358074284080e+01
1.223200000000000074e+02,1.258612569729071140e+01
1.223400000000000034e+02,1.379879121034791112e+01
1.223599999999999994e+02,1.483481313240558741e+01
1.223799999999999955e+02,1.555133963566660249e+01
1.224000000000000057e+02,1.580335179053042616e+01
1.224200000000000017e+02,1.548399905215116590e+01
1.224399999999999977e+02,1.457035802429460780e+01
1.224600000000000080e+02,1.315055833403139296e+01
1.224800000000000040e+02,1.140887879058946908e+01
1.225000000000000000e+02,9.568496161009882428e+00
1.225199999999999960e+02,7.822263731399341502e+00
1.225400000000000063e+02,6.289899276828933239e+00
1.225600000000000023e+02,5.016128581066155334e+00
1.225799999999999983e+02,3.994793776479695246e+00
1.226000000000000085e+02,3.195925422474517053e+00
1.226200000000000045e+02,2.583715406539868642e+00
1.226400000000000006e+02,2.125073422608728890e+00
1.226599999999999966e+02,1.792631817638049574e+00
1.226800000000000068e+02,1.565339501643890019e+00
1.227000000000000028e+02,1.428054796735306775e+00
1.227199999999999989e+02,1.370308918656761410e+00
1.227400000000000091e+02,1.384121010310137789e+00
1.227600000000000051e+02,1.461760396384787164e+00
1.227800000000000011e+02,1.595313390876245352e+00
1.227999999999999972e+02,1.778360346280589477e+00
1.228200000000000074e+02,2.007857940869379298e+00
1.228400000000000034e+02,2.284812664655524017e+00
1.228599999999999994e+02,2.613957238596225086e+00
1.228799999999999955e+02,3.003135770556347950e+00
1.229000000000000057e+02,3.462786079200446121e+00
1.229200000000000017e+02,4.005568876987771532e+00
1.229399999999999977e+02,4.646028176873353566e+00
1.229600000000000080e+02,5.400078079884949034e+00
1.229800000000000040e+02,6.284040384565940940e+00
1.230000000000000000e+02,7.312841417943337419e+00
1.230199999999999960e+02,8.496825085289954060e+00
1.230400000000000063e+02,9.836486167751974818e+00
1.230600000000000023e+02,1.131439850718784257e+01
1.230799999999999983e+02,1.288401581368734483e+01
1.231000000000000085e+02,1.445641090284256869e+01
1.231200000000000045e+02,1.588909965626488052e+01
1.231400000000000006e+02,1.698597218332869474e+01
1.231599999999999966e+02,1.752165354372564110e+01
1.231800000000000068e+02,1.730042505922642704e+01
1.232000000000000028e+02,1.624039678026120015e+01
1.232199999999999989e+02,1.444113785201144040e+01
1.232400000000000091e+02,1.217763416139404598e+01
1.232600000000000051e+02,9.802034042075858267e+00
1.232800000000000011e+02,7.610036218823366561e+00
1.232999999999999972e+02,5.760810518750052900e+00
1.233200000000000074e+02,4.285240858992331425e+00
1.233400000000000034e+02,3.142379342375480888e+00
1.233599999999999994e+02,2.269887450395804862e+00
1.233800000000000097e+02,1.608993413868614608e+00
1.234000000000000057e+02,1.111398292607478799e+00
1.234200000000000017e+02,7.389695199302698247e-01
1.234399999999999977e+02,4.618111464561110435e-01
1.234600000000000080e+02,2.563826507279924893e-01
1.234800000000000040e+02,1.038070542423538412e-01
1.235000000000000000e+02,-1.171291980393428418e-02
1.235199999999999960e+02,-1.038241680065903477e-01
1.235400000000000063e+02,-1.833400568938649555e-01
1.235600000000000023e+02,-2.570697353405916319e-01
1.235799999999999983e+02,-3.286548643813088089e-01
1.236000000000000085e+02,-4.006478723747726733e-01
1.236200000000000045e+02,-4.757581702528942413e-01
1.236400000000000006e+02,-5.571130544897667791e-01
1.236599999999999966e+02,-6.481913049045088249e-01
1.236800000000000068e+02,-7.527854017559650890e-01
1.237000000000000028e+02,-8.750612274389604206e-01
1.237199999999999989e+02,-1.019690717476165576e+00
1.237400000000000091e+02,-1.192025623340980500e+00
1.237600000000000051e+02,-1.398287764206059824e+00
1.237800000000000011e+02,-1.645756421309264361e+00
1.237999999999999972e+02,-1.942925440597946141e+00
1.238200000000000074e+02,-2.299582611274598065e+00
1.238400000000000034e+02,-2.726725580042681951e+00
1.238599999999999994e+02,-3.236162448739388076e+00
1.238800000000000097e+02,-3.839546998535557698e+00
1.239000000000000057e+02,-4.546461759626795107e+00
1.239200000000000017e+02,-5.361024185836299694e+00
1.239399999999999977e+02,-6.276461817938817411e+00
1.239600000000000080e+02,-7.267474301060410369e+00
1.239800000000000040e+02,-8.281489805754393529e+00
1.240000000000000000e+02,-9.232655145950158015e+00
1.240199999999999960e+02,-1.000605219130469870e+01
1.240400000000000063e+02,-1.048072112271935730e+01
1.240600000000000023e+02,-1.057204103264462169e+01
1.240799999999999983e+02,-1.027485874335795302e+01
1.241000000000000085e+02,-9.673556851985253502e+00
1.241200000000000045e+02,-8.899743201551006067e+00
1.241400000000000006e+02,-8.063453533924377581e+00
1.241599999999999966e+02,-7.216377248850136539e+00
1.241800000000000068e+02,-6.374434036904940371e+00
1.242000000000000028e+02,-5.559430988443523347e+00
1.242199999999999989e+02,-4.813202065964869547e+00
1.242400000000000091e+02,-4.185894696291775574e+00
1.242600000000000051e+02,-3.719323548480771180e+00
1.242800000000000011e+02,-3.434008361199342829e+00
1.242999999999999972e+02,-3.322506114621769591e+00
1.243200000000000074e+02,-3.355369763600364319e+00
1.243400000000000034e+02,-3.498181666981157178e+00
1.243599999999999994e+02,-3.725791649106337644e+00
1.243800000000000097e+02,-4.026213922189040950e+00
1.244000000000000057e+02,-4.398090813249154962e+00
1.244200000000000017e+02,-4.846974715159122482e+00
1.244399999999999977e+02,-5.382551854987522866e+00
1.244600000000000080e+02,-6.016947410397087914e+00
1.244800000000000040e+02,-6.763662390402294555e+00
1.245000000000000000e+02,-7.636641394691604745e+00
1.245199999999999960e+02,-8.649018194036727891e+00
1.245400000000000063e+02,-9.811106603871541765e+00
1.245600000000000023e+02,-1.112718940642710308e+01
1.245799999999999983e+02,-1.259066725237866535e+01
1.246000000000000085e+02,-1.417728302867307377e+01
1.246200000000000045e+02,-1.583665268818234573e+01
1.246400000000000006e+02,-1.748350558957979928e+01
1.246599999999999966e+02,-1.899207332336857235e+01
1.246800000000000068e+02,-2.019960324669401786e+01
1.247000000000000028e+02,-2.092626332681218670e+01
1.247199999999999989e+02,-2.101530447752793762e+01
1.247400000000000091e+02,-2.038622097301405134e+01
1.247600000000000051e+02,-1.907800805856691895e+01
1.247800000000000011e+02,-1.725302508884475827e+01
1.247999999999999972e+02,-1.514910193358020152e+01
1.248200000000000074e+02,-1.300240954664231019e+01
1.248400000000000034e+02,-1.098515424334481061e+01
1.248599999999999994e+02,-9.187095279676558590e+00
1.248800000000000097e+02,-7.634441869868765274e+00
1.249000000000000057e+02,-6.319886131119118566e+00
1.249200000000000017e+02,-5.224543550325742913e+00
1.249399999999999977e+02,-4.328287078220501627e+00
1.249600000000000080e+02,-3.613019342847104909e+00
1.249800000000000040e+02,-3.063337301853044536e+00
1.250000000000000000e+02,-2.666413781664926930e+00
1.250199999999999960e+02,-2.411010692879521411e+00
1.250400000000000063e+02,-2.285329484616618778e+00
1.250600000000000023e+02,-2.275020417366544034e+00
1.250799999999999983e+02,-2.363868964509122428e+00
1.251000000000000085e+02,-2.537301857918366821e+00
1.251200000000000045e+02,-2.785787079513313724e+00
1.251400000000000006e+02,-3.106082124837625802e+00
1.251599999999999966e+02,-3.500767272812161490e+00
1.251800000000000068e+02,-3.977239895738288844e+00
1.252000000000000028e+02,-4.546830520662699548e+00
1.252199999999999989e+02,-5.224163515125109569e+00
1.252400000000000091e+02,-6.026624135137136129e+00
1.252600000000000051e+02,-6.973682235768797533e+00
1.252800000000000011e+02,-8.085733406296938597e+00
1.252999999999999972e+02,-9.381998296476089294e+00
1.253200000000000074e+02,-1.087684126611598678e+01
1.253400000000000034e+02,-1.257369933491185243e+01
1.253599999999999994e+02,-1.445576078651146190e+01
1.253800000000000097e+02,-1.647295969732499188e+01
1.254000000000000057e+02,-1.852635400905075258e+01
1.254200000000000017e+02,-2.045432840189128143e+01
1.254399999999999977e+02,-2.203048374839637447e+01
1.254600000000000080e+02,-2.298811132237675992e+01
1.254800000000000040e+02,-2.308347122258388140e+01
1.255000000000000000e+02,-2.218995021673229573e+01
1.255199999999999960e+02,-2.037965263063462373e+01
1.255400000000000063e+02,-1.792881870472690409e+01
1.255600000000000023e+02,-1.521981097036059793e+01
1.255799999999999983e+02,-1.259379166217762780e+01
1.256000000000000085e+02,-1.025230153168585723e+01
1.256200000000000045e+02,-8.256487679056569107e+00
1.256400000000000006e+02,-6.586904119554187531e+00
1.256599999999999966e+02,-5.200259289011556874e+00
1.256800000000000068e+02,-4.056015254701853756e+00
1.257000000000000028e+02,-3.121163358365805607e+00
1.257199999999999989e+02,-2.367794972874245563e+00
1.257400000000000091e+02,-1.770817611007772463e+00
1.257600000000000051e+02,-1.307269468874262097e+00
1.257800000000000011e+02,-9.565781798056930407e-01
1.257999999999999972e+02,-7.007789998020066413e-01
1.258200000000000074e+02,-5.237987098535324959e-01
1.258400000000000034e+02,-4.097914186466733444e-01
1.258599999999999994e+02,-3.426579408676079241e-01
1.258800000000000097e+02,-3.083414216093792182e-01
1.259000000000000057e+02,-2.970738556466815394e-01
1.259200000000000017e+02,-3.032062469198751886e-01
1.259399999999999977e+02,-3.238879917754107218e-01
1.259600000000000080e+02,-3.579992802627737225e-01
1.259800000000000040e+02,-4.055701513426193117e-01
1.260000000000000000e+02,-4.675146116432388199e-01
1.260199999999999960e+02,-5.455303890739857664e-01
1.260400000000000063e+02,-6.420868357000565352e-01
1.260600000000000023e+02,-7.604618616347347260e-01
1.260799999999999983e+02,-9.048076243701627108e-01
1.261000000000000085e+02,-1.080222918232047524e+00
1.261200000000000045e+02,-1.292803899200059004e+00
1.261400000000000006e+02,-1.549619948609945119e+00
1.261599999999999966e+02,-1.858522658262903082e+00
1.261800000000000068e+02,-2.227625015414857135e+00
1.262000000000000028e+02,-2.664178428305845170e+00
1.262199999999999989e+02,-3.172417064617765181e+00
1.262400000000000091e+02,-3.749757798816463872e+00
1.262600000000000051e+02,-4.380654540893305970e+00
1.262800000000000011e+02,-5.027741016509652994e+00
1.262999999999999972e+02,-5.621353174211306758e+00
1.263200000000000074e+02,-6.052072908723872047e+00
1.263400000000000034e+02,-6.176659252385212184e+00
1.263599999999999994e+02,-5.851611985276848671e+00
1.263800000000000097e+02,-4.999524950464453887e+00
1.264000000000000057e+02,-3.681465137205147009e+00
1.264200000000000017e+02,-2.113446891395680538e+00
1.264399999999999977e+02,-5.842895921925261860e-01
1.264600000000000080e+02,6.770146549600920549e-01
1.264800000000000040e+02,1.576336215002044128e+00
1.265000000000000000e+02,2.132482496349285661e+00
1.265199999999999960e+02,2.419894002122479737e+00
1.265400000000000063e+02,2.530105431960237627e+00
1.265600000000000023e+02,2.552323063992032903e+00
1.265799999999999983e+02,2.562098431756919314e+00
1.266000000000000085e+02,2.613282180946145949e+00
1.266200000000000045e+02,2.732334249387333713e+00
1.266400000000000006e+02,2.920170285241756591e+00
1.266599999999999966e+02,3.164452776513143384e+00
1.266800000000000068e+02,3.453535486552998357e+00
1.267000000000000028e+02,3.783177582398402183e+00
1.267199999999999989e+02,4.156585598158200057e+00
1.267400000000000091e+02,4.582019372434614546e+00
1.267600000000000051e+02,5.070497537231441143e+00
1.267800000000000011e+02,5.634234093069797389e+00
1.267999999999999972e+02,6.285616445411585929e+00
1.268200000000000074e+02,7.036335894954298453e+00
1.268400000000000034e+02,7.896279531540180585e+00
1.268599999999999994e+02,8.871830088206339227e+00
1.268800000000000097e+02,9.963252037077580781e+00
1.269000000000000057e+02,1.116092800053348277e+01
1.269200000000000017e+02,1.244042558844991930e+01
1.269399999999999977e+02,1.375688042172573411e+01
1.269600000000000080e+02,1.504011215301051152e+01
1.269800000000000040e+02,1.619322324566207172e+01
1.270000000000000000e+02,1.709863162939063841e+01
1.270199999999999960e+02,1.763519503447129111e+01
1.270400000000000063e+02,1.770641796249278244e+01
1.270600000000000023e+02,1.727223836069767771e+01
1.270799999999999983e+02,1.636940478626772943e+01
1.271000000000000085e+02,1.510596448816326465e+01
1.271200000000000045e+02,1.362851579278543568e+01
1.271400000000000006e+02,1.207885332992273497e+01
1.271599999999999966e+02,1.056315340351868493e+01
1.271800000000000068e+02,9.145145435684359114e+00
1.272000000000000028e+02,7.856900268971445556e+00
1.272199999999999989e+02,6.713442119166269428e+00
1.272400000000000091e+02,5.722509694299425576e+00
1.272600000000000051e+02,4.888608363103503329e+00
1.272800000000000011e+02,4.213870952009067139e+00
1.272999999999999972e+02,3.697678658756177406e+00
1.273200000000000074e+02,3.335671589790108360e+00
1.273400000000000034e+02,3.118636695261605141e+00
1.273599999999999994e+02,3.032579691513749065e+00
1.273800000000000097e+02,3.061097851142311921e+00
1.274000000000000057e+02,3.189147958156305140e+00
1.274200000000000017e+02,3.406052077276987333e+00
1.274399999999999977e+02,3.706649076196302683e+00
1.274600000000000080e+02,4.091028462863773640e+00
1.274800000000000040e+02,4.563682446194890829e+00
1.275000000000000000e+02,5.132569969512775998e+00
1.275199999999999960e+02,5.808195931062545725e+00
1.275400000000000063e+02,6.602576614878033823e+00
1.275600000000000023e+02,7.527833859874486500e+00
1.275799999999999983e+02,8.594068675888451025e+00
1.276000000000000085e+02,9.806083977687730879e+00
1.276200000000000045e+02,1.115850149066807617e+01
1.276400000000000006e+02,1.262896674483861048e+01
1.276599999999999966e+02,1.416969519637341079e+01
1.276800000000000068e+02,1.569889995872078536e+01
1.277000000000000028e+02,1.709585803219232147e+01
1.277199999999999989e+02,1.820598484306106002e+01
1.277400000000000091e+02,1.886311639264879148e+01
1.277600000000000051e+02,1.893132303365851143e+01
1.277800000000000011e+02,1.835556328105712964e+01
1.277999999999999972e+02,1.719524430286944394e+01
1.278200000000000074e+02,1.561366083496240442e+01
1.278400000000000034e+02,1.382092147094416390e+01
1.278599999999999994e+02,1.200287733950445634e+01
1.278800000000000097e+02,1.027869054676204286e+01
1.279000000000000057e+02,8.702466648676891126e+00
1.279200000000000017e+02,7.289725809878794038e+00
1.279399999999999977e+02,6.041731999012444732e+00
1.279600000000000080e+02,4.956704350781825141e+00
1.279800000000000040e+02,4.031677959055818938e+00
1.280000000000000000e+02,3.261660669771448973e+00
1.280200000000000102e+02,2.639502068046869709e+00
1.280399999999999920e+02,2.156836195936260303e+00
1.280600000000000023e+02,1.805003163147407941e+00
1.280800000000000125e+02,1.574504793957788973e+00
1.280999999999999943e+02,1.452784723373977460e+00
1.281200000000000045e+02,1.423137650574403779e+00
1.281400000000000148e+02,1.467681693033297652e+00
1.281599999999999966e+02,1.572124578512404280e+00
1.281800000000000068e+02,1.728210598059167324e+00
1.281999999999999886e+02,1.933467998925629594e+00
1.282199999999999989e+02,2.190004388569595228e+00
1.282400000000000091e+02,2.503479769268152744e+00
1.282599999999999909e+02,2.882515734909251393e+00
1.282800000000000011e+02,3.338451846101129217e+00
1.283000000000000114e+02,3.885296961884401323e+00
1.283199999999999932e+02,4.539724072445913805e+00
1.283400000000000034e+02,5.320940079048338767e+00
1.283600000000000136e+02,6.250198263891276973e+00
1.283799999999999955e+02,7.349598608196992622e+00
1.284000000000000057e+02,8.639628101248296943e+00
1.284200000000000159e+02,1.013463833453861795e+01
1.284399999999999977e+02,1.183521697995483457e+01
1.284600000000000080e+02,1.371642490473617393e+01
1.284799999999999898e+02,1.571171107338777873e+01
1.285000000000000000e+02,1.769498023350658755e+01
1.285200000000000102e+02,1.946879160338400183e+01
1.285399999999999920e+02,2.077417737309054857e+01
1.285600000000000023e+02,2.134070878707411723e+01
1.285800000000000125e+02,2.098095988427603942e+01
1.285999999999999943e+02,1.969388187996374029e+01
1.286200000000000045e+02,1.770264069305230237e+01
1.286400000000000148e+02,1.537253345862696108e+01
1.286599999999999966e+02,1.304888076063542712e+01
1.286800000000000068e+02,1.093351252111158978e+01
1.286999999999999886e+02,9.079829943220428135e+00
1.287199999999999989e+02,7.468779089481132338e+00
1.287400000000000091e+02,6.076107022410682568e+00
1.287599999999999909e+02,4.893774201388944256e+00
1.287800000000000011e+02,3.924130772907062692e+00
1.288000000000000114e+02,3.170010524828244414e+00
1.288199999999999932e+02,2.627618419615441070e+00
1.288400000000000034e+02,2.280739754658412277e+00
1.288600000000000136e+02,2.098501419524668954e+00
1.288799999999999955e+02,2.042525426296157409e+00
1.289000000000000057e+02,2.079413202510630221e+00
1.289200000000000159e+02,2.187624181857743100e+00
1.289399999999999977e+02,2.356841515742190030e+00
1.289600000000000080e+02,2.584643128185180050e+00
1.289799999999999898e+02,2.873682858929551998e+00
1.290000000000000000e+02,3.230007932273754268e+00
1.290200000000000102e+02,3.662198790772204227e+00
1.290399999999999920e+02,4.180926553198494489e+00
1.290600000000000023e+02,4.798604298009602864e+00
1.290800000000000125e+02,5.528863671726279350e+00
1.290999999999999943e+02,6.385568029917505939e+00
1.291200000000000045e+02,7.381005708991182246e+00
1.291400000000000148e+02,8.522779104332578015e+00
1.291599999999999966e+02,9.808799317210649349e+00
1.291800000000000068e+02,1.121981669495525757e+01
1.291999999999999886e+02,1.270934863980226481e+01
1.292199999999999989e+02,1.419217296301885867e+01
1.292400000000000091e+02,1.553526852388046642e+01
1.292599999999999909e+02,1.655913218256960207e+01
1.292800000000000011e+02,1.706059332072356938e+01
1.293000000000000114e+02,1.686487638456170757e+01
1.293199999999999932e+02,1.589810367849887918e+01
1.293400000000000034e+02,1.424511094276815548e+01
1.293600000000000136e+02,1.214561280218804917e+01
1.293799999999999955e+02,9.912854089436928362e+00
1.294000000000000057e+02,7.819583967772672395e+00
1.294200000000000159e+02,6.024301478701133306e+00
1.294399999999999977e+02,4.570645993732295409e+00
1.294600000000000080e+02,3.431814098819972347e+00
1.294799999999999898e+02,2.555208656671573042e+00
1.295000000000000000e+02,1.887361117125699650e+00
1.295200000000000102e+02,1.382556319339957041e+00
1.295399999999999920e+02,1.003883936665254550e+00
1.295600000000000023e+02,7.220536352684527870e-01
1.295800000000000125e+02,5.139671886294902015e-01
1.295999999999999943e+02,3.615161554691622703e-01
1.296200000000000045e+02,2.506184293940960095e-01
1.296400000000000148e+02,1.704328838070830743e-01
1.296599999999999966e+02,1.127068122995767280e-01
1.296800000000000068e+02,7.123063167370125015e-02
1.296999999999999886e+02,4.138213755950805733e-02
1.297199999999999989e+02,1.973781449592207360e-02
1.297400000000000091e+02,3.717447197279483573e-03
1.297599999999999909e+02,-8.743671954194632764e-03
1.297800000000000011e+02,-1.935753579687251799e-02
1.298000000000000114e+02,-2.935253429324437627e-02
1.298199999999999932e+02,-3.941138972419928194e-02
1.298400000000000034e+02,-4.994790185333713994e-02
1.298600000000000136e+02,-6.137619334470776483e-02
1.298799999999999955e+02,-7.419178238421118843e-02
1.299000000000000057e+02,-8.897035293234753506e-02
1.299200000000000159e+02,-1.063674508032956822e-01
1.299399999999999977e+02,-1.271363628843552029e-01
1.299600000000000080e+02,-1.521605407101265794e-01
1.299799999999999898e+02,-1.824964825684740610e-01
1.300000000000000000e+02,-2.194260564475413178e-01
1.300200000000000102e+02,-2.645194680746529858e-01
1.300399999999999920e+02,-3.197114888157856494e-01
1.300600000000000023e+02,-3.873944323171176207e-01
1.300800000000000125e+02,-4.705320427521018645e-01
1.300999999999999943e+02,-5.727989706372360601e-01
1.301200000000000045e+02,-6.987507217218348332e-01
1.301400000000000148e+02,-8.540284517447523926e-01
1.301599999999999966e+02,-1.045600818164644785e+00
1.301800000000000068e+02,-1.282039710894533169e+00
1.301999999999999886e+02,-1.573814568756644938e+00
1.302199999999999989e+02,-1.933565424272348343e+00
1.302400000000000091e+02,-2.376266924791640367e+00
1.302599999999999909e+02,-2.919106187667498187e+00
1.302800000000000011e+02,-3.580740146474628016e+00
1.303000000000000114e+02,-4.379339233790616071e+00
1.303199999999999932e+02,-5.328458342515632218e+00
1.303400000000000034e+02,-6.429405268220325098e+00
1.303600000000000136e+02,-7.658854376058653379e+00
1.303799999999999955e+02,-8.952129336965986894e+00
1.304000000000000057e+02,-1.018778356696281051e+01
1.304200000000000159e+02,-1.118859545050791837e+01
1.304399999999999977e+02,-1.176125639678509138e+01
1.304600000000000080e+02,-1.178268279954180819e+01
1.304799999999999898e+02,-1.129195641309551412e+01
1.305000000000000000e+02,-1.050155052371214381e+01
1.305200000000000102e+02,-9.675367613514181286e+00
1.305399999999999920e+02,-8.951663148935828929e+00
1.305600000000000023e+02,-8.306241287023604869e+00
1.305800000000000125e+02,-7.694365887674824656e+00
1.305999999999999943e+02,-7.147404300118997966e+00
1.306200000000000045e+02,-6.737092955661337257e+00
1.306400000000000148e+02,-6.510909974105183906e+00
1.306599999999999966e+02,-6.467908278992782201e+00
1.306800000000000068e+02,-6.574751354174975582e+00
1.306999999999999886e+02,-6.793053996667470784e+00
1.307199999999999989e+02,-7.095475473401829269e+00
1.307400000000000091e+02,-7.468322507501796714e+00
1.307599999999999909e+02,-7.907810978958784709e+00
1.307800000000000011e+02,-8.415392119546826422e+00
1.308000000000000114e+02,-8.994053255776076838e+00
1.308199999999999932e+02,-9.645704536458259426e+00
1.308400000000000034e+02,-1.036924651695690613e+01
1.308600000000000136e+02,-1.115891355651374361e+01
1.308799999999999955e+02,-1.200264700693928965e+01
1.309000000000000057e+02,-1.288046195161483354e+01
1.309200000000000159e+02,-1.376301472939607962e+01
1.309399999999999977e+02,-1.461084627710961747e+01
1.309600000000000080e+02,-1.537502362450556070e+01
1.309799999999999898e+02,-1.600000933976101791e+01
1.310000000000000000e+02,-1.642936958048961316e+01
1.310200000000000102e+02,-1.661419235553420393e+01
1.310399999999999920e+02,-1.652284763706170523e+01
1.310600000000000023e+02,-1.614940075653218443e+01
1.310800000000000125e+02,-1.551745852473316667e+01
1.310999999999999943e+02,-1.467728416309861039e+01
1.311200000000000045e+02,-1.369658429695746271e+01
1.311400000000000148e+02,-1.264812920461518253e+01
1.311599999999999966e+02,-1.159852441503470111e+01
1.311800000000000068e+02,-1.060129017676486463e+01
1.311999999999999886e+02,-9.694911575825175376e+00
1.312199999999999989e+02,-8.904443809985927771e+00
1.312400000000000091e+02,-8.244588359931016797e+00
1.312599999999999909e+02,-7.722667607135610623e+00
1.312800000000000011e+02,-7.340816097465199697e+00
1.313000000000000114e+02,-7.097405429807502664e+00
1.313199999999999932e+02,-6.988048279202278223e+00
1.313400000000000034e+02,-7.006534655306504433e+00
1.313600000000000136e+02,-7.145845285372260491e+00
1.313799999999999955e+02,-7.399134557053450578e+00
1.314000000000000057e+02,-7.760441583930840714e+00
1.314200000000000159e+02,-8.224926466444683726e+00
1.314399999999999977e+02,-8.788553060021998320e+00
1.314600000000000080e+02,-9.447238812190766666e+00
1.314799999999999898e+02,-1.019552807214078349e+01
1.315000000000000000e+02,-1.102484469486905105e+01
1.315200000000000102e+02,-1.192139403742830162e+01
1.315399999999999920e+02,-1.286385812337258727e+01
1.315600000000000023e+02,-1.382118948573327089e+01
1.315800000000000125e+02,-1.475106378803224061e+01
1.315999999999999943e+02,-1.559984919460607244e+01
1.316200000000000045e+02,-1.630515178065742887e+01
1.316400000000000148e+02,-1.680184587204340474e+01
1.316599999999999966e+02,-1.703170379125040768e+01
1.316800000000000068e+02,-1.695520640730789097e+01
1.316999999999999886e+02,-1.656229940753752317e+01
1.317199999999999989e+02,-1.587788400141246647e+01
1.317400000000000091e+02,-1.495892758106814213e+01
1.317599999999999909e+02,-1.388337294255232734e+01
1.317800000000000011e+02,-1.273482116915839235e+01
1.318000000000000114e+02,-1.158868430347717826e+01
1.318199999999999932e+02,-1.050398737652054848e+01
1.318400000000000034e+02,-9.521582405623977508e+00
1.318600000000000136e+02,-8.666740844543756594e+00
1.318799999999999955e+02,-7.953312748187713055e+00
1.319000000000000057e+02,-7.387460033769131407e+00
1.319200000000000159e+02,-6.970201768274675302e+00
1.319399999999999977e+02,-6.698894187975190206e+00
1.319600000000000080e+02,-6.568156272068347512e+00
1.319799999999999898e+02,-6.570751877577352573e+00
1.320000000000000000e+02,-6.698667291385019595e+00
1.320200000000000102e+02,-6.944269586221119894e+00
1.320399999999999920e+02,-7.301224294315189489e+00
1.320600000000000023e+02,-7.764893148637888487e+00
1.320800000000000125e+02,-8.332106151091656088e+00
1.320999999999999943e+02,-9.000339837284585087e+00
1.321200000000000045e+02,-9.766372017864838995e+00
1.321400000000000148e+02,-1.062445940991157300e+01
1.321599999999999966e+02,-1.156406646710160935e+01
1.321800000000000068e+02,-1.256721817634146454e+01
1.321999999999999886e+02,-1.360569718151062091e+01
1.322199999999999989e+02,-1.463858316935647608e+01
1.322400000000000091e+02,-1.561102116008330931e+01
1.322599999999999909e+02,-1.645549488204116528e+01
1.322800000000000011e+02,-1.709700086935783858e+01
1.323000000000000114e+02,-1.746294609585851987e+01
1.323199999999999932e+02,-1.749698588805088306e+01
1.323400000000000034e+02,-1.717357065698148588e+01
1.323600000000000136e+02,-1.650789576584653773e+01
1.323799999999999955e+02,-1.555613856454881549e+01
1.324000000000000057e+02,-1.440439903598481841e+01
1.324200000000000159e+02,-1.315015887778496939e+01
1.324399999999999977e+02,-1.188370498238398554e+01
1.324600000000000080e+02,-1.067609402674296071e+01
1.324799999999999898e+02,-9.575795121683809086e+00
1.325000000000000000e+02,-8.611748226794899708e+00
1.325200000000000102e+02,-7.798925616289595908e+00
1.325399999999999920e+02,-7.143420036235902160e+00
1.325600000000000023e+02,-6.645849395817406524e+00
1.325800000000000125e+02,-6.303158552675173887e+00
1.325999999999999943e+02,-6.109481385238995088e+00
1.326200000000000045e+02,-6.056817736746162417e+00
1.326400000000000148e+02,-6.136024636880125449e+00
1.326599999999999966e+02,-6.338141996849045334e+00
1.326800000000000068e+02,-6.655673584918840646e+00
1.326999999999999886e+02,-7.083383496096304910e+00
1.327199999999999989e+02,-7.618389453135874234e+00
1.327400000000000091e+02,-8.259569150469584287e+00
1.327599999999999909e+02,-9.006383944085261106e+00
1.327800000000000011e+02,-9.857187795804820851e+00
1.328000000000000114e+02,-1.080702062101366856e+01
1.328199999999999932e+02,-1.184486120318619307e+01
1.328400000000000034e+02,-1.295038937741659879e+01
1.328600000000000136e+02,-1.409052482593504685e+01
1.328799999999999955e+02,-1.521640827404588237e+01
1.329000000000000057e+02,-1.626204594003923987e+01
1.329200000000000159e+02,-1.714638249196470099e+01
1.329399999999999977e+02,-1.778068156232610164e+01
1.329600000000000080e+02,-1.808213279896146730e+01
1.329799999999999898e+02,-1.799210579902875651e+01
1.330000000000000000e+02,-1.749393170560834676e+01
1.330200000000000102e+02,-1.662262232670871143e+01
1.330399999999999920e+02,-1.546037705169603349e+01
1.330600000000000023e+02,-1.411791895006944131e+01
1.330800000000000125e+02,-1.270922440019180044e+01
1.330999999999999943e+02,-1.133035759392678266e+01
1.331200000000000045e+02,-1.004939434075919458e+01
1.331400000000000148e+02,-8.907298771886351219e+00
1.331599999999999966e+02,-7.924785609759283922e+00
1.331800000000000068e+02,-7.109950521023723269e+00
1.331999999999999886e+02,-6.463864336038604996e+00
1.332199999999999989e+02,-5.983643052945346597e+00
1.332400000000000091e+02,-5.663664938880525135e+00
1.332599999999999909e+02,-5.495934792171223826e+00
1.332800000000000011e+02,-5.470542867623311878e+00
1.333000000000000114e+02,-5.576764126824386381e+00
1.333199999999999932e+02,-5.804671191068393021e+00
1.333400000000000034e+02,-6.146643206547834914e+00
1.333600000000000136e+02,-6.598207685726755756e+00
1.333799999999999955e+02,-7.158038164858377961e+00
1.334000000000000057e+02,-7.827225749076486494e+00
1.334200000000000159e+02,-8.607990611366510336e+00
1.334399999999999977e+02,-9.501896745804533140e+00
1.334600000000000080e+02,-1.050751350874479861e+01
1.334799999999999898e+02,-1.161740959953035279e+01
1.335000000000000000e+02,-1.281441694973067591e+01
1.335200000000000102e+02,-1.406731959994743164e+01
1.335399999999999920e+02,-1.532657369842628725e+01
1.335600000000000023e+02,-1.652138459772074697e+01
1.335800000000000125e+02,-1.756033076542849258e+01
1.335999999999999943e+02,-1.833826395151474031e+01
1.336200000000000045e+02,-1.875153406737153361e+01
1.336400000000000148e+02,-1.872070325130107094e+01
1.336599999999999966e+02,-1.821494130819636936e+01
1.336800000000000068e+02,-1.726777342840714979e+01
1.336999999999999886e+02,-1.597433269819285684e+01
1.337199999999999989e+02,-1.446828716783336510e+01
1.337400000000000091e+02,-1.288811245458282606e+01
1.337599999999999909e+02,-1.134828432796255804e+01
1.337800000000000011e+02,-9.926109523165012050e+00
1.338000000000000114e+02,-8.664084134455459107e+00
1.338199999999999932e+02,-7.580215755410352862e+00
1.338400000000000034e+02,-6.678657620391931893e+00
1.338600000000000136e+02,-5.956982109893270483e+00
1.338799999999999955e+02,-5.409848466438418768e+00
1.339000000000000057e+02,-5.030157476381774018e+00
1.339200000000000159e+02,-4.808935136158778434e+00
1.339399999999999977e+02,-4.735142448839355644e+00
1.339600000000000080e+02,-4.796372526646180745e+00
1.339799999999999898e+02,-4.980606469741415410e+00
1.340000000000000000e+02,-5.278272506341771475e+00
1.340200000000000102e+02,-5.683662725114093206e+00
1.340399999999999920e+02,-6.195311077154399548e+00
1.340600000000000023e+02,-6.815489277987217598e+00
1.340800000000000125e+02,-7.549123068431102368e+00
1.340999999999999943e+02,-8.402289929331370644e+00
1.341200000000000045e+02,-9.380258869485542661e+00
1.341400000000000148e+02,-1.048488582463515328e+01
1.341599999999999966e+02,-1.171111882582886388e+01
1.341800000000000068e+02,-1.304243032781160494e+01
1.341999999999999886e+02,-1.444526065064575171e+01
1.342199999999999989e+02,-1.586315142264238354e+01
1.342400000000000091e+02,-1.721227393029329278e+01
1.342599999999999909e+02,-1.838140365730010828e+01
1.342800000000000011e+02,-1.924041207613828064e+01
1.343000000000000114e+02,-1.966059408694471600e+01
1.343199999999999932e+02,-1.954590772666380261e+01
1.343400000000000034e+02,-1.886640867502919150e+01
1.343600000000000136e+02,-1.767807302732403585e+01
1.343799999999999955e+02,-1.611460517857803509e+01
1.344000000000000057e+02,-1.435063384380079299e+01
1.344200000000000159e+02,-1.255373133456382817e+01
1.344399999999999977e+02,-1.084916505315123558e+01
1.344600000000000080e+02,-9.309955064908528755e+00
1.344799999999999898e+02,-7.967144660498776787e+00
1.345000000000000000e+02,-6.826754981101378128e+00
1.345200000000000102e+02,-5.883461547587678808e+00
1.345399999999999920e+02,-5.128298292428065785e+00
1.345600000000000023e+02,-4.551810265872723527e+00
1.345800000000000125e+02,-4.144577104238663878e+00
1.345999999999999943e+02,-3.896357860700287556e+00
1.346200000000000045e+02,-3.794973296744277302e+00
1.346400000000000148e+02,-3.826290036168675801e+00
1.346599999999999966e+02,-3.976015448168949362e+00
1.346800000000000068e+02,-4.232425099745391606e+00
1.346999999999999886e+02,-4.588449299084400579e+00
1.347199999999999989e+02,-5.042375154101422119e+00
1.347400000000000091e+02,-5.597439650098363195e+00
1.347599999999999909e+02,-6.260866309710623412e+00
1.347800000000000011e+02,-7.042664142162993635e+00
1.348000000000000114e+02,-7.954199976271495665e+00
1.348199999999999932e+02,-9.006336680085496482e+00
1.348400000000000034e+02,-1.020679219646086899e+01
1.348600000000000136e+02,-1.155629791289246278e+01
1.348799999999999955e+02,-1.304315457893313734e+01
1.349000000000000057e+02,-1.463602058261876593e+01
1.349200000000000159e+02,-1.627544218596580805e+01
1.349399999999999977e+02,-1.786601492464430052e+01
1.349600000000000080e+02,-1.927322226763646640e+01
1.349799999999999898e+02,-2.033124244760367461e+01
1.350000000000000000e+02,-2.086816234677568005e+01
1.350200000000000102e+02,-2.074965307437075168e+01
1.350399999999999920e+02,-1.992962738501000430e+01
1.350600000000000023e+02,-1.848271754376484566e+01
1.350800000000000125e+02,-1.659315330968377822e+01
1.350999999999999943e+02,-1.449754149375976198e+01
1.351200000000000045e+02,-1.241138677595564666e+01
1.351400000000000148e+02,-1.048013696186264632e+01
1.351599999999999966e+02,-8.772972462564572638e+00
1.351800000000000068e+02,-7.305734959841680087e+00
1.351999999999999886e+02,-6.068324357647988165e+00
1.352199999999999989e+02,-5.042577298898392790e+00
1.352400000000000091e+02,-4.210095394198792640e+00
1.352599999999999909e+02,-3.554615690306317077e+00
1.352800000000000011e+02,-3.062407339785496507e+00
1.353000000000000114e+02,-2.721777032052126177e+00
1.353199999999999932e+02,-2.521498380248805571e+00
1.353400000000000034e+02,-2.448583965755581904e+00
1.353600000000000136e+02,-2.487469824793799411e+00
1.353799999999999955e+02,-2.622246779766131297e+00
1.354000000000000057e+02,-2.840397515109166271e+00
1.354200000000000159e+02,-3.135238704328287884e+00
1.354399999999999977e+02,-3.506285350063752748e+00
1.354600000000000080e+02,-3.958464086010237803e+00
1.354799999999999898e+02,-4.501122496346504853e+00
1.355000000000000000e+02,-5.147212203227243599e+00
1.355200000000000102e+02,-5.912624077455200577e+00
1.355399999999999920e+02,-6.815467754156295577e+00
1.355600000000000023e+02,-7.874986495838705025e+00
1.355800000000000125e+02,-9.109684891276378593e+00
1.355999999999999943e+02,-1.053410372031239994e+01
1.356200000000000045e+02,-1.215351176377790310e+01
1.356400000000000148e+02,-1.395572392330670120e+01
1.356599999999999966e+02,-1.589954620400571628e+01
1.356800000000000068e+02,-1.790050863492987077e+01
1.356999999999999886e+02,-1.981725730167623922e+01
1.357199999999999989e+02,-2.144657834230227422e+01
1.357400000000000091e+02,-2.253995840795739269e+01
1.357599999999999909e+02,-2.285425803035315795e+01
1.357800000000000011e+02,-2.223472330733054037e+01
1.358000000000000114e+02,-2.069833444571034775e+01
1.358199999999999932e+02,-1.846066652257145435e+01
1.358400000000000034e+02,-1.586825807653495524e+01
1.358600000000000136e+02,-1.326659551114744495e+01
1.358799999999999955e+02,-1.088951108493400000e+01
1.359000000000000057e+02,-8.832894616167541457e+00
1.359200000000000159e+02,-7.098608170696713238e+00
1.359399999999999977e+02,-5.651254473548566359e+00
1.359600000000000080e+02,-4.451407381169829591e+00
1.359799999999999898e+02,-3.465326021672221923e+00
1.360000000000000000e+02,-2.664292079110351263e+00
1.360200000000000102e+02,-2.022397242662632877e+00
1.360399999999999920e+02,-1.515486887736938959e+00
1.360600000000000023e+02,-1.121168174047902921e+00
1.360800000000000125e+02,-8.192591230545995806e-01
1.360999999999999943e+02,-5.922511143032352932e-01
1.361200000000000045e+02,-4.255746926046962697e-01
1.361400000000000148e+02,-3.074953595717838106e-01
1.361599999999999966e+02,-2.283868519780295203e-01
1.361800000000000068e+02,-1.795055348350611812e-01
1.361999999999999886e+02,-1.525408817314473642e-01
1.362199999999999989e+02,-1.406740186485359312e-01
1.362400000000000091e+02,-1.394468077225597680e-01
1.362599999999999909e+02,-1.464350685312868217e-01
1.362800000000000011e+02,-1.605325416262423366e-01
1.363000000000000114e+02,-1.814511655441147231e-01
1.363199999999999932e+02,-2.094694413431121560e-01
1.363400000000000034e+02,-2.453275116288143320e-01
1.363600000000000136e+02,-2.902000950688605752e-01
1.363799999999999955e+02,-3.457150813445136750e-01
1.364000000000000057e+02,-4.140040265267169728e-01
1.364200000000000159e+02,-4.977795851558382556e-01
1.364399999999999977e+02,-6.004375105020224312e-01
1.364600000000000080e+02,-7.261811532550072057e-01
1.364799999999999898e+02,-8.801627907252478344e-01
1.365000000000000000e+02,-1.068628670291654537e+00
1.365200000000000102e+02,-1.299038460331938261e+00
1.365399999999999920e+02,-1.580099872598385691e+00
1.365600000000000023e+02,-1.921604251449541945e+00
1.365800000000000125e+02,-2.333852099505550282e+00
1.365999999999999943e+02,-2.826298576194799406e+00
1.366200000000000045e+02,-3.404808429901611255e+00
1.366400000000000148e+02,-4.066614593741852524e+00
1.366599999999999966e+02,-4.791893337465918279e+00
1.366800000000000068e+02,-5.531340065085259994e+00
1.367000000000000171e+02,-6.191453476144387125e+00
1.367199999999999989e+02,-6.625120711514902894e+00
1.367400000000000091e+02,-6.644462950273132940e+00
1.367599999999999909e+02,-6.077541309430752214e+00
1.367800000000000011e+02,-4.869621064158612178e+00
1.368000000000000114e+02,-3.171704177005977954e+00
1.368199999999999932e+02,-1.316631950694815423e+00
1.368400000000000034e+02,3.435049681035196589e-01
1.368600000000000136e+02,1.607298944212175007e+00
1.368799999999999955e+02,2.451765467554783307e+00
1.369000000000000057e+02,2.952169410563831864e+00
1.369200000000000159e+02,3.216887292888649608e+00
1.369399999999999977e+02,3.358626538641114045e+00
1.369600000000000080e+02,3.474098727899921801e+00
1.369799999999999898e+02,3.627380889138867470e+00
1.370000000000000000e+02,3.843972719719535913e+00
1.370200000000000102e+02,4.120635279489485825e+00
1.370399999999999920e+02,4.444056573054365522e+00
1.370600000000000023e+02,4.804755752132432001e+00
1.370800000000000125e+02,5.201414173938110785e+00
1.370999999999999943e+02,5.639403874882987999e+00
1.371200000000000045e+02,6.127812684962177237e+00
1.371400000000000148e+02,6.676884879820619290e+00
1.371599999999999966e+02,7.296189333829699031e+00
1.371800000000000068e+02,7.993232439240929743e+00
1.372000000000000171e+02,8.772129646973066741e+00
1.372199999999999989e+02,9.632013365968113305e+00
1.372400000000000091e+02,1.056498565976476733e+01
1.372599999999999909e+02,1.155360787156424252e+01
1.372800000000000011e+02,1.256820438268085738e+01
1.373000000000000114e+02,1.356466769364695857e+01
1.373199999999999932e+02,1.448396026257690927e+01
1.373400000000000034e+02,1.525491690127769040e+01
1.373600000000000136e+02,1.580183892336727602e+01
1.373799999999999955e+02,1.605717841417313352e+01
1.374000000000000057e+02,1.597713603257004955e+01
1.374200000000000159e+02,1.555507609907614253e+01
1.374399999999999977e+02,1.482646258580484044e+01
1.374600000000000080e+02,1.386162903972982186e+01
1.374799999999999898e+02,1.274864994006365038e+01
1.375000000000000000e+02,1.157393582447316760e+01
1.375200000000000102e+02,1.040862012158992833e+01
1.375399999999999920e+02,9.304131154479209798e+00
1.375600000000000023e+02,8.294778765551079402e+00
1.375800000000000125e+02,7.402842508958622503e+00
1.375999999999999943e+02,6.642812252853725674e+00
1.376200000000000045e+02,6.023688196195553068e+00
1.376400000000000148e+02,5.549714213494849169e+00
1.376599999999999966e+02,5.220405850453499141e+00
1.376800000000000068e+02,5.030763180884747499e+00
1.377000000000000171e+02,4.972310351659661620e+00
1.377199999999999989e+02,5.035003944589635516e+00
1.377400000000000091e+02,5.209400267770781134e+00
1.377599999999999909e+02,5.488310278463403691e+00
1.377800000000000011e+02,5.867546875403319540e+00
1.378000000000000114e+02,6.345817388033580642e+00
1.378199999999999932e+02,6.923994589264950150e+00
1.378400000000000034e+02,7.603941075359385238e+00
1.378600000000000136e+02,8.386923315097416065e+00
1.378799999999999955e+02,9.271541082732092320e+00
1.379000000000000057e+02,1.025105947142612450e+01
1.379200000000000159e+02,1.131009397076988243e+01
1.379399999999999977e+02,1.242081439134374854e+01
1.379600000000000080e+02,1.353925790643823035e+01
1.379799999999999898e+02,1.460299750859220502e+01
1.380000000000000000e+02,1.553215249122141728e+01
1.380200000000000102e+02,1.623608073039702049e+01
1.380399999999999920e+02,1.662723039088547594e+01
1.380600000000000023e+02,1.664078708171323129e+01
1.380800000000000125e+02,1.625438417714824624e+01
1.380999999999999943e+02,1.549889448051164997e+01
1.381200000000000045e+02,1.445306295938949148e+01
1.381400000000000148e+02,1.322258541560025336e+01
1.381599999999999966e+02,1.191337655912468385e+01
1.381800000000000068e+02,1.061155632949753880e+01
1.382000000000000171e+02,9.376662918394533364e+00
1.382199999999999989e+02,8.245616233350515856e+00
1.382400000000000091e+02,7.240531606678241694e+00
1.382599999999999909e+02,6.375096053173384014e+00
1.382800000000000011e+02,5.657909992701271484e+00
1.383000000000000114e+02,5.093459173264664130e+00
1.383199999999999932e+02,4.681855460032171123e+00
1.383400000000000034e+02,4.418382021043306018e+00
1.383600000000000136e+02,4.293824273454730722e+00
1.383799999999999955e+02,4.296164913130406049e+00
1.384000000000000057e+02,4.413239558758481174e+00
1.384200000000000159e+02,4.635216669345547658e+00
1.384399999999999977e+02,4.956028226377401147e+00
1.384600000000000080e+02,5.373647684995174423e+00
1.384799999999999898e+02,5.889571200459264411e+00
1.385000000000000000e+02,6.507850599974310590e+00
1.385200000000000102e+02,7.233819497632664408e+00
1.385399999999999920e+02,8.072456973235205169e+00
1.385600000000000023e+02,9.026207920370730164e+00
1.385800000000000125e+02,1.009202968676786583e+01
1.385999999999999943e+02,1.125748573832202837e+01
1.386200000000000045e+02,1.249592438645460035e+01
1.386400000000000148e+02,1.376128531426253687e+01
1.386599999999999966e+02,1.498395607675273489e+01
1.386800000000000068e+02,1.607028212549947099e+01
1.387000000000000171e+02,1.690925353382164431e+01
1.387199999999999989e+02,1.738929153987240284e+01
1.387400000000000091e+02,1.742442436138179218e+01
1.387599999999999909e+02,1.698244157424325707e+01
1.387800000000000011e+02,1.610161029331642979e+01
1.388000000000000114e+02,1.488397735624210938e+01
1.388199999999999932e+02,1.346527227508047986e+01
1.388400000000000034e+02,1.197651707867265536e+01
1.388600000000000136e+02,1.051710715475582880e+01
1.388799999999999955e+02,9.148678066950514776e+00
1.389000000000000057e+02,7.904154557657578017e+00
1.389200000000000159e+02,6.800328122082150983e+00
1.389399999999999977e+02,5.846534164463972338e+00
1.389600000000000080e+02,5.048450291339466212e+00
1.389799999999999898e+02,4.408939153342110728e+00
1.390000000000000000e+02,3.927570524169365473e+00
1.390200000000000102e+02,3.599598667787287987e+00
1.390399999999999920e+02,3.415230831433853975e+00
1.390600000000000023e+02,3.360438826608463270e+00
1.390800000000000125e+02,3.419759334771159676e+00
1.390999999999999943e+02,3.579782323344305350e+00
1.391200000000000045e+02,3.831559617454325828e+00
1.391400000000000148e+02,4.171356330532810297e+00
1.391599999999999966e+02,4.600258817780589204e+00
1.391800000000000068e+02,5.123309848990549753e+00
1.392000000000000171e+02,5.748518778164347864e+00
1.392199999999999989e+02,6.485775573452386311e+00
1.392400000000000091e+02,7.345501531955989094e+00
1.392599999999999909e+02,8.336751387349332632e+00
1.392800000000000011e+02,9.464405682821531940e+00
1.393000000000000114e+02,1.072506102127243111e+01
1.393199999999999932e+02,1.210132931494652730e+01
1.393400000000000034e+02,1.355465503603015875e+01
1.393600000000000136e+02,1.501770353068430452e+01
1.393799999999999955e+02,1.638905051532722013e+01
1.394000000000000057e+02,1.753505103129242571e+01
1.394200000000000159e+02,1.830498443336921000e+01
1.394399999999999977e+02,1.856300092311721528e+01
1.394600000000000080e+02,1.823142303125982622e+01
1.394799999999999898e+02,1.732704477279845889e+01
1.395000000000000000e+02,1.596628497334877217e+01
1.395200000000000102e+02,1.432861351379392723e+01
1.395399999999999920e+02,1.259603320389737391e+01
1.395600000000000023e+02,1.090425013744272498e+01
1.395800000000000125e+02,9.328983995824595254e+00
1.395999999999999943e+02,7.901505334856329554e+00
1.396200000000000045e+02,6.631303346086954598e+00
1.396400000000000148e+02,5.520645616494172181e+00
1.396599999999999966e+02,4.569645537381283873e+00
1.396800000000000068e+02,3.776772825259978816e+00
1.397000000000000171e+02,3.138690579948910209e+00
1.397199999999999989e+02,2.650429021222330039e+00
1.397400000000000091e+02,2.305132312786719151e+00
1.397599999999999909e+02,2.092645339743971267e+00
1.397800000000000011e+02,1.998136188197905172e+00
1.398000000000000114e+02,2.003454337155012421e+00
1.398199999999999932e+02,2.091396800916667686e+00
1.398400000000000034e+02,2.249609764843729653e+00
1.398600000000000136e+02,2.471940884539541194e+00
1.398799999999999955e+02,2.757895745594792558e+00
1.399000000000000057e+02,3.111566090209680446e+00
1.399200000000000159e+02,3.540739993359969251e+00
1.399399999999999977e+02,4.056321089254801393e+00
1.399600000000000080e+02,4.671942472936409629e+00
1.399799999999999898e+02,5.403583686075743131e+00
1.400000000000000000e+02,6.268953851232646812e+00
1.400200000000000102e+02,7.286321769223745193e+00
1.400399999999999920e+02,8.472346459143293984e+00
1.400600000000000023e+02,9.838291875553382582e+00
1.400800000000000125e+02,1.138386250972924607e+01
1.400999999999999943e+02,1.308794818828889284e+01
1.401200000000000045e+02,1.489620331277929033e+01
1.401400000000000148e+02,1.670725236199730190e+01
1.401599999999999966e+02,1.836304528577709050e+01
1.401800000000000068e+02,1.965399238276782867e+01
1.402000000000000171e+02,2.035219498082295075e+01
1.402199999999999989e+02,2.027818885582375330e+01
1.402400000000000091e+02,1.938195129925968985e+01
1.402599999999999909e+02,1.778952624863391563e+01
1.402800000000000011e+02,1.576823215145740953e+01
1.403000000000000114e+02,1.361768962070017253e+01
1.403199999999999932e+02,1.155877101194364620e+01
1.403400000000000034e+02,9.693559239160276064e+00
1.403600000000000136e+02,8.039849939700735248e+00
1.403799999999999955e+02,6.585520575894491024e+00
1.404000000000000057e+02,5.319215427364224702e+00
1.404200000000000159e+02,4.235339285216327632e+00
1.404399999999999977e+02,3.329410313138041033e+00
1.404600000000000080e+02,2.594424576140785810e+00
1.404799999999999898e+02,2.020434509450967475e+00
1.405000000000000000e+02,1.595652081491790053e+00
1.405200000000000102e+02,1.306511291158803489e+00
1.405399999999999920e+02,1.135374665854814502e+00
1.405600000000000023e+02,1.059088931755625351e+00
1.405800000000000125e+02,1.053294572616242153e+00
1.405999999999999943e+02,1.099190081380441164e+00
1.406200000000000045e+02,1.186073417305606670e+00
1.406400000000000148e+02,1.309896475899440471e+00
1.406599999999999966e+02,1.471072948169283245e+00
1.406800000000000068e+02,1.672999452835933099e+00
1.407000000000000171e+02,1.921338568110245282e+00
1.407199999999999989e+02,2.223790393396475107e+00
1.407400000000000091e+02,2.590129643587129493e+00
1.407599999999999909e+02,3.032366259653609841e+00
1.407800000000000011e+02,3.564928791393064067e+00
1.408000000000000114e+02,4.204766779748914551e+00
1.408199999999999932e+02,4.971220752443908708e+00
1.408400000000000034e+02,5.885411054423754784e+00
1.408600000000000136e+02,6.968730476356905790e+00
1.408799999999999955e+02,8.239778082157354078e+00
1.409000000000000057e+02,9.708753185023612176e+00
1.409200000000000159e+02,1.136804301007414786e+01
1.409399999999999977e+02,1.317782979476796079e+01
1.409600000000000080e+02,1.504680861625112520e+01
1.409799999999999898e+02,1.681193188443477737e+01
1.410000000000000000e+02,1.822874401012015610e+01
1.410200000000000102e+02,1.899354336174010172e+01
1.410399999999999920e+02,1.882002064687182852e+01
1.410600000000000023e+02,1.756710544190722700e+01
1.410800000000000125e+02,1.535636686213900148e+01
1.410999999999999943e+02,1.257565330166679374e+01
1.411200000000000045e+02,9.723478234184263158e+00
1.411400000000000148e+02,7.191683453923150005e+00
1.411599999999999966e+02,5.150237293263835170e+00
1.411800000000000068e+02,3.587888270352843190e+00
1.412000000000000171e+02,2.416865607612804112e+00
1.412199999999999989e+02,1.544395069362391348e+00
1.412400000000000091e+02,8.955295170523890347e-01
1.412599999999999909e+02,4.123205625960877918e-01
1.412800000000000011e+02,4.794212901644024499e-02
1.413000000000000114e+02,-2.369381225944849623e-01
1.413199999999999932e+02,-4.732914831511461640e-01
1.413400000000000034e+02,-6.813662123515462632e-01
1.413600000000000136e+02,-8.722974483464102091e-01
1.413799999999999955e+02,-1.052981449856067231e+00
1.414000000000000057e+02,-1.229747392881523682e+00
1.414200000000000159e+02,-1.409558473517863675e+00
1.414399999999999977e+02,-1.599928832919038202e+00
1.414600000000000080e+02,-1.808599807056177067e+00
1.414799999999999898e+02,-2.043348856037200179e+00
1.415000000000000000e+02,-2.311942393252600425e+00
1.415200000000000102e+02,-2.622132159158724107e+00
1.415399999999999920e+02,-2.981574672416919203e+00
1.415600000000000023e+02,-3.397551548916410091e+00
1.415800000000000125e+02,-3.876349395157502986e+00
1.415999999999999943e+02,-4.422139956947352069e+00
1.416200000000000045e+02,-5.035182508957851688e+00
1.416400000000000148e+02,-5.709227190759865067e+00
1.416599999999999966e+02,-6.428194946768119422e+00
1.416800000000000068e+02,-7.162683278646058582e+00
1.417000000000000171e+02,-7.867656432947047307e+00
1.417199999999999989e+02,-8.483623728401262554e+00
1.417400000000000091e+02,-8.943903536661505171e+00
1.417599999999999909e+02,-9.188865298840946494e+00
1.417800000000000011e+02,-9.183615066200321309e+00
1.418000000000000114e+02,-8.930550685901138763e+00
1.418199999999999932e+02,-8.467905224684205479e+00
1.418400000000000034e+02,-7.853373300024556691e+00
1.418600000000000136e+02,-7.143219567221540167e+00
1.418799999999999955e+02,-6.380509002619830561e+00
1.419000000000000057e+02,-5.596566552006914108e+00
1.419200000000000159e+02,-4.817958553394714905e+00
1.419399999999999977e+02,-4.070155962001013705e+00
1.419600000000000080e+02,-3.376297701499402226e+00
1.419799999999999898e+02,-2.754416382166577915e+00
1.420000000000000000e+02,-2.215999982181243055e+00
1.420200000000000102e+02,-1.766463360638687474e+00
1.420399999999999920e+02,-1.406657842331938024e+00
1.420600000000000023e+02,-1.134103805315080038e+00
1.420800000000000125e+02,-9.429294779368616597e-01
1.420999999999999943e+02,-8.230643412171328999e-01
1.421200000000000045e+02,-7.611445840573092259e-01
1.421400000000000148e+02,-7.439176524079293973e-01
1.421599999999999966e+02,-7.613107507919627537e-01
1.421800000000000068e+02,-8.072045673811505395e-01
1.422000000000000171e+02,-8.787640785634017737e-01
1.422199999999999989e+02,-9.755698523770545139e-01
1.422400000000000091e+02,-1.099013760321246647e+00
1.422599999999999909e+02,-1.251970107558423972e+00
1.422800000000000011e+02,-1.438652185817040019e+00
1.423000000000000114e+02,-1.664572970729407242e+00
1.423199999999999932e+02,-1.936549248773890008e+00
1.423400000000000034e+02,-2.262682568229075208e+00
1.423600000000000136e+02,-2.652241786793022804e+00
1.423799999999999955e+02,-3.115318690140992608e+00
1.424000000000000057e+02,-3.662066092086229574e+00
1.424200000000000159e+02,-4.301227656937643751e+00
1.424399999999999977e+02,-5.037564148215887272e+00
1.424600000000000080e+02,-5.867738776069499451e+00
1.424799999999999898e+02,-6.774424358501796029e+00
1.425000000000000000e+02,-7.719173858399084764e+00
1.425200000000000102e+02,-8.636356488039469426e+00
1.425399999999999920e+02,-9.433131600898418512e+00
1.425600000000000023e+02,-1.000226108100626021e+01
1.425800000000000125e+02,-1.025133589412806323e+01
1.425999999999999943e+02,-1.014018729365969662e+01
1.426200000000000045e+02,-9.703613216386898443e+00
1.426400000000000148e+02,-9.036796958118474166e+00
1.426599999999999966e+02,-8.246985156418128682e+00
1.426800000000000068e+02,-7.407879190896441202e+00
1.427000000000000171e+02,-6.553107194547904690e+00
1.427199999999999989e+02,-5.702639614150347036e+00
1.427400000000000091e+02,-4.885193088852838095e+00
1.427599999999999909e+02,-4.139260284830696079e+00
1.427800000000000011e+02,-3.503540869235302058e+00
1.428000000000000114e+02,-3.008910065004901657e+00
1.428199999999999932e+02,-2.673304305883530851e+00
1.428400000000000034e+02,-2.496750963863588524e+00
1.428600000000000136e+02,-2.459849302431653228e+00
1.428799999999999955e+02,-2.532476780171387443e+00
1.429000000000000057e+02,-2.687759472912744307e+00
1.429200000000000159e+02,-2.909818253398604337e+00
1.429399999999999977e+02,-3.193627512351379760e+00
1.429600000000000080e+02,-3.541911686034429962e+00
1.429799999999999898e+02,-3.962385015595304871e+00
1.430000000000000000e+02,-4.466086952322437575e+00
1.430200000000000102e+02,-5.066550066649966766e+00
1.430399999999999920e+02,-5.779373750521052955e+00
1.430600000000000023e+02,-6.621824763140038428e+00
1.430800000000000125e+02,-7.612120345133896571e+00
1.430999999999999943e+02,-8.768014395249759119e+00
1.431200000000000045e+02,-1.010420856032061288e+01
1.431400000000000148e+02,-1.162797178253705965e+01
1.431599999999999966e+02,-1.333226708345625866e+01
1.431800000000000068e+02,-1.518584722862365943e+01
1.432000000000000171e+02,-1.712058451207481724e+01
1.432199999999999989e+02,-1.901832230635859489e+01
1.432400000000000091e+02,-2.070322221684877917e+01
1.432599999999999909e+02,-2.195016643201820372e+01
1.432800000000000011e+02,-2.252146314435378471e+01
1.433000000000000114e+02,-2.223562070328563323e+01
1.433199999999999932e+02,-2.104854359972103950e+01
1.433400000000000034e+02,-1.910067444676901616e+01
1.433600000000000136e+02,-1.668498064188085905e+01
1.433799999999999955e+02,-1.413984976829451945e+01
1.434000000000000057e+02,-1.173216170898752608e+01
1.434200000000000159e+02,-9.602256687843864214e+00
1.434399999999999977e+02,-7.783910547969399296e+00
1.434600000000000080e+02,-6.256150872937309870e+00
1.434799999999999898e+02,-4.983251081405001948e+00
1.435000000000000000e+02,-3.931476863227598706e+00
1.435200000000000102e+02,-3.071727329366735315e+00
1.435399999999999920e+02,-2.378034278725253969e+00
1.435600000000000023e+02,-1.826331802049763642e+00
1.435800000000000125e+02,-1.394238417934309249e+00
1.435999999999999943e+02,-1.061442274270010921e+00
1.436200000000000045e+02,-8.102692694946026508e-01
1.436400000000000148e+02,-6.262442711520314065e-01
1.436599999999999966e+02,-4.985629269436673838e-01
1.436800000000000068e+02,-4.201060879054180908e-01
1.437000000000000171e+02,-3.858961688068180407e-01
1.437199999999999989e+02,-3.897754079041974018e-01
1.437400000000000091e+02,-4.232741806332770973e-01
1.437599999999999909e+02,-4.788089352367638218e-01
1.437800000000000011e+02,-5.523272513060382138e-01
1.438000000000000114e+02,-6.431819604905856247e-01
1.438199999999999932e+02,-7.530929759344293650e-01
1.438400000000000034e+02,-8.854106593240428369e-01
1.438600000000000136e+02,-1.044806968369839550e+00
1.438799999999999955e+02,-1.237253346483872862e+00
1.439000000000000057e+02,-1.470172764956569678e+00
1.439200000000000159e+02,-1.752708269398296270e+00
1.439399999999999977e+02,-2.096082949839442211e+00
1.439600000000000080e+02,-2.514042619203173512e+00
1.439799999999999898e+02,-3.023370300931815358e+00
1.440000000000000000e+02,-3.644452923945793454e+00
1.440200000000000102e+02,-4.401846687475442721e+00
1.440399999999999920e+02,-5.324727019816720919e+00
1.440600000000000023e+02,-6.446993194690972651e+00
1.440800000000000125e+02,-7.806587338555122990e+00
1.440999999999999943e+02,-9.443236991412078396e+00
1.441200000000000045e+02,-1.139326426488446309e+01
1.441400000000000148e+02,-1.367932958689373102e+01
1.441599999999999966e+02,-1.629218111873003139e+01
1.441800000000000068e+02,-1.916153035147275574e+01
1.442000000000000171e+02,-2.211623931470003157e+01
1.442199999999999989e+02,-2.484408040469827128e+01
1.442400000000000091e+02,-2.688169070723958853e+01
1.442599999999999909e+02,-2.768797682901775303e+01
1.442800000000000011e+02,-2.684298615618677886e+01
1.443000000000000114e+02,-2.431826729286425959e+01
1.443199999999999932e+02,-2.061714570851050965e+01
1.443400000000000034e+02,-1.658279377142474331e+01
1.443600000000000136e+02,-1.295479682917458852e+01
1.443799999999999955e+02,-1.004822108408856174e+01
1.444000000000000057e+02,-7.809284866427151250e+00
1.444200000000000159e+02,-6.072823210545109873e+00
1.444399999999999977e+02,-4.719317823175259718e+00
1.444600000000000080e+02,-3.684873514084636703e+00
1.444799999999999898e+02,-2.924479485747467855e+00
1.445000000000000000e+02,-2.389284666662577106e+00
1.445200000000000102e+02,-2.027061494077263770e+00
1.445399999999999920e+02,-1.792525088883147655e+00
1.445600000000000023e+02,-1.653001866451243806e+00
1.445800000000000125e+02,-1.587123948098645432e+00
1.445999999999999943e+02,-1.581168340645478176e+00
1.446200000000000045e+02,-1.626072006480354659e+00
1.446400000000000148e+02,-1.715583869892072455e+00
1.446599999999999966e+02,-1.845139924457803060e+00
1.446800000000000068e+02,-2.011050253865207527e+00
1.447000000000000171e+02,-2.209742562834136503e+00
1.447199999999999989e+02,-2.436920786767636571e+00
1.447400000000000091e+02,-2.686560827000576968e+00
1.447599999999999909e+02,-2.949737459164999187e+00
1.447800000000000011e+02,-3.213365945444485394e+00
1.448000000000000114e+02,-3.459108206900470606e+00
1.448199999999999932e+02,-3.662923174101092361e+00
1.448400000000000034e+02,-3.795988814291541669e+00
1.448600000000000136e+02,-3.827817356150642336e+00
1.448799999999999955e+02,-3.732027235125056297e+00
1.449000000000000057e+02,-3.494148309810978681e+00
1.449200000000000159e+02,-3.119155400810283751e+00
1.449399999999999977e+02,-2.635102431487712948e+00
1.449600000000000080e+02,-2.089776127463789379e+00
1.449799999999999898e+02,-1.540355530113282301e+00
1.450000000000000000e+02,-1.040009909549798772e+00
1.450200000000000102e+02,-6.270853941577173574e-01
1.450399999999999920e+02,-3.205581584874456214e-01
1.450600000000000023e+02,-1.216683319601128271e-01
1.450800000000000125e+02,-1.912398028837767466e-02
1.450999999999999943e+02,4.939064653014892982e-03
1.451200000000000045e+02,-3.003541274753961099e-02
1.451400000000000148e+02,-1.064414688354410055e-01
1.451599999999999966e+02,-2.103803965780157992e-01
1.451800000000000068e+02,-3.322394680309957993e-01
1.452000000000000171e+02,-4.663152128130502172e-01
1.452199999999999989e+02,-6.099145231370171061e-01
1.452400000000000091e+02,-7.624073653227846359e-01
1.452599999999999909e+02,-9.245334648698065871e-01
1.452800000000000011e+02,-1.097979073102401726e+00
1.453000000000000114e+02,-1.285080308980047770e+00
1.453199999999999932e+02,-1.488522740758621232e+00
1.453400000000000034e+02,-1.710969555535860831e+00
1.453600000000000136e+02,-1.954578612077583433e+00
1.453799999999999955e+02,-2.220361608720192059e+00
1.454000000000000057e+02,-2.507325265489222854e+00
1.454200000000000159e+02,-2.811341352931661763e+00
1.454399999999999977e+02,-3.123742856780852506e+00
1.454600000000000080e+02,-3.429776004167164771e+00
1.454799999999999898e+02,-3.707277617354519883e+00
1.455000000000000000e+02,-3.926313374202920148e+00
1.455200000000000102e+02,-4.050887199619814361e+00
1.455399999999999920e+02,-4.043920279624307668e+00
1.455600000000000023e+02,-3.875972865035888670e+00
1.455800000000000125e+02,-3.536247817453678888e+00
1.455999999999999943e+02,-3.041757331980627921e+00
1.456200000000000045e+02,-2.439122991067331103e+00
1.456400000000000148e+02,-1.795716292464952346e+00
1.456599999999999966e+02,-1.182654237986944024e+00
1.456800000000000068e+02,-6.573690308429760432e-01
1.457000000000000171e+02,-2.533371266645704223e-01
1.457199999999999989e+02,2.066259892390680600e-02
1.457400000000000091e+02,1.746636500137125347e-01
1.457599999999999909e+02,2.294847364839090742e-01
1.457800000000000011e+02,2.096491436558400034e-01
1.458000000000000114e+02,1.384161875215380033e-01
1.458199999999999932e+02,3.490553321995748526e-02
1.458400000000000034e+02,-8.711860408371524533e-02
1.458600000000000136e+02,-2.192134646889273286e-01
1.458799999999999955e+02,-3.573146626325344188e-01
1.459000000000000057e+02,-5.003604622026766036e-01
1.459200000000000159e+02,-6.490818420035485703e-01
1.459399999999999977e+02,-8.052974538773551849e-01
1.459600000000000080e+02,-9.716132046357740526e-01
1.459799999999999898e+02,-1.151259074103462288e+00
1.460000000000000000e+02,-1.347896018991428191e+00
1.460200000000000102e+02,-1.565342487417084483e+00
1.460399999999999920e+02,-1.807198128290144590e+00
1.460600000000000023e+02,-2.076316686837546666e+00
1.460800000000000125e+02,-2.374044670175112781e+00
1.460999999999999943e+02,-2.699121497393068836e+00
1.461200000000000045e+02,-3.046147214401130565e+00
1.461400000000000148e+02,-3.403605875254798629e+00
1.461599999999999966e+02,-3.751636465579456292e+00
1.461800000000000068e+02,-4.060151488285117516e+00
1.462000000000000171e+02,-4.288516159114158732e+00
1.462199999999999989e+02,-4.388627566884361286e+00
1.462400000000000091e+02,-4.313253695686467992e+00
1.462599999999999909e+02,-4.029915002539186553e+00
1.462800000000000011e+02,-3.536863602532771989e+00
1.463000000000000114e+02,-2.873383985023516995e+00
1.463199999999999932e+02,-2.115998747749123332e+00
1.463400000000000034e+02,-1.358766950565453158e+00
1.463600000000000136e+02,-6.864719539081849398e-01
1.463799999999999955e+02,-1.544792225172619826e-01
1.464000000000000057e+02,2.168368255413930246e-01
1.464200000000000159e+02,4.354822832689410617e-01
1.464399999999999977e+02,5.264573815250114253e-01
1.464600000000000080e+02,5.213408991259252945e-01
1.464799999999999898e+02,4.510573740316209945e-01
1.465000000000000000e+02,3.418139290628890992e-01
1.465200000000000102e+02,2.133641555241899967e-01
1.465399999999999920e+02,7.869452396148785001e-02
1.465600000000000023e+02,-5.540026484618727765e-02
1.465800000000000125e+02,-1.869673323132690357e-01
1.465999999999999943e+02,-3.170086898915080442e-01
1.466200000000000045e+02,-4.478279646617213672e-01
1.466400000000000148e+02,-5.822440234993130348e-01
1.466599999999999966e+02,-7.234982105132186092e-01
1.466800000000000068e+02,-8.753402097117642944e-01
1.467000000000000171e+02,-1.042030361266746530e+00
1.467199999999999989e+02,-1.228245775709446042e+00
1.467400000000000091e+02,-1.438924049919206638e+00
1.467599999999999909e+02,-1.679032612726762297e+00
1.467800000000000011e+02,-1.953196057657158979e+00
1.468000000000000114e+02,-2.265068805071635882e+00
1.468199999999999932e+02,-2.616296611928617732e+00
1.468400000000000034e+02,-3.004882217744035522e+00
1.468600000000000136e+02,-3.422780953429106710e+00
1.468799999999999955e+02,-3.852692461325033513e+00
1.469000000000000057e+02,-4.264408570642666874e+00
1.469200000000000159e+02,-4.611902337726976775e+00
1.469399999999999977e+02,-4.833606216080879925e+00
1.469600000000000080e+02,-4.859490035506134120e+00
1.469799999999999898e+02,-4.628002719540400989e+00
1.470000000000000000e+02,-4.111412583945967647e+00
1.470200000000000102e+02,-3.339440991442717444e+00
1.470399999999999920e+02,-2.404505021224696559e+00
1.470600000000000023e+02,-1.437944235114102076e+00
1.470800000000000125e+02,-5.666534634021226369e-01
1.470999999999999943e+02,1.242100187314288395e-01
1.471200000000000045e+02,6.032737999545377816e-01
1.471400000000000148e+02,8.821957284041996861e-01
1.471599999999999966e+02,9.968280621412021203e-01
1.471800000000000068e+02,9.911363878214394241e-01
1.472000000000000171e+02,9.069235584856299992e-01
1.472199999999999989e+02,7.786756047392429103e-01
1.472400000000000091e+02,6.320343491687964166e-01
1.472599999999999909e+02,4.844177995613062615e-01
1.472800000000000011e+02,3.465711691938175854e-01
1.473000000000000114e+02,2.241657021919752357e-01
1.473199999999999932e+02,1.188845065441418020e-01
1.473400000000000034e+02,2.899221515031565749e-02
1.473600000000000136e+02,-4.971214179871193128e-02
1.473799999999999955e+02,-1.219674992799195806e-01
1.474000000000000057e+02,-1.915631012855098236e-01
1.474200000000000159e+02,-2.614010282073774283e-01
1.474399999999999977e+02,-3.341671907455845414e-01
1.474600000000000080e+02,-4.127289365180498160e-01
1.474799999999999898e+02,-5.002557181024469557e-01
1.475000000000000000e+02,-6.002638579221734050e-01
1.475200000000000102e+02,-7.166790773882409926e-01
1.475399999999999920e+02,-8.539295238984584424e-01
1.475600000000000023e+02,-1.017050169065207621e+00
1.475800000000000125e+02,-1.211773339746804234e+00
1.475999999999999943e+02,-1.444558077930955031e+00
1.476200000000000045e+02,-1.722492278888894557e+00
1.476400000000000148e+02,-2.052947314766051967e+00
1.476599999999999966e+02,-2.442788469433125886e+00
1.476800000000000068e+02,-2.896830278005521730e+00
1.477000000000000171e+02,-3.415083671446098812e+00
1.477199999999999989e+02,-3.988241321607771450e+00
1.477400000000000091e+02,-4.590972180928660329e+00
1.477599999999999909e+02,-5.173385234851009429e+00
1.477800000000000011e+02,-5.653160869048293513e+00
1.478000000000000114e+02,-5.914810653911484195e+00
1.478199999999999932e+02,-5.826803988098889775e+00
1.478400000000000034e+02,-5.285678639463214701e+00
1.478600000000000136e+02,-4.279192032044855765e+00
1.478799999999999955e+02,-2.930073382784205371e+00
1.479000000000000057e+02,-1.470760463368801618e+00
1.479200000000000159e+02,-1.461595131019527705e-01
1.479399999999999977e+02,8.857439160450816251e-01
1.479600000000000080e+02,1.582650836284337448e+00
1.479799999999999898e+02,1.982533093534900814e+00
1.480000000000000000e+02,2.158824750941358950e+00
1.480200000000000102e+02,2.192859660872784833e+00
1.480399999999999920e+02,2.159837532072404809e+00
1.480600000000000023e+02,2.122070300162297141e+00
1.480800000000000125e+02,2.125175690830105601e+00
1.480999999999999943e+02,2.194080805143749924e+00
1.481200000000000045e+02,2.331956855147617969e+00
1.481400000000000148e+02,2.528034922466965373e+00
1.481599999999999966e+02,2.770152243452983498e+00
1.481800000000000068e+02,3.052461822368707001e+00
1.482000000000000171e+02,3.376470014906502559e+00
1.482199999999999989e+02,3.749089156453052851e+00
1.482400000000000091e+02,4.180536249114018332e+00
1.482599999999999909e+02,4.682932799377775623e+00
1.482800000000000011e+02,5.269509310317632256e+00
1.483000000000000114e+02,5.954069986678981685e+00
1.483199999999999932e+02,6.750362094571973337e+00
1.483400000000000034e+02,7.671005530153061081e+00
1.483600000000000136e+02,8.725627181910841301e+00
1.483799999999999955e+02,9.917810393836774097e+00
1.484000000000000057e+02,1.124048409983839036e+01
1.484200000000000159e+02,1.266956197664208084e+01
1.484399999999999977e+02,1.415622126416924687e+01
1.484600000000000080e+02,1.561945509269537880e+01
1.484799999999999898e+02,1.694254719924885677e+01
1.485000000000000000e+02,1.797928827666311591e+01
1.485200000000000102e+02,1.857601388314482094e+01
1.485399999999999920e+02,1.861054867641131239e+01
1.485600000000000023e+02,1.803736330873573479e+01
1.485800000000000125e+02,1.691564333219026395e+01
1.485999999999999943e+02,1.539760092623117593e+01
1.486200000000000045e+02,1.367669988725129748e+01
1.486400000000000148e+02,1.192488090554726554e+01
1.486599999999999966e+02,1.025516198358073972e+01
1.486800000000000068e+02,8.722299696311946349e+00
1.487000000000000171e+02,7.345196074833743261e+00
1.487199999999999989e+02,6.128230190025590218e+00
1.487400000000000091e+02,5.071794870120630350e+00
1.487599999999999909e+02,4.174725716706008782e+00
1.487800000000000011e+02,3.434078551972894022e+00
1.488000000000000114e+02,2.845135850404747480e+00
1.488199999999999932e+02,2.401792000334121546e+00
1.488400000000000034e+02,2.096205138769231979e+00
1.488600000000000136e+02,1.917143094042565110e+00
1.488799999999999955e+02,1.848775166141062742e+00
1.489000000000000057e+02,1.872700769270517318e+00
1.489200000000000159e+02,1.972525265265052230e+00
1.489399999999999977e+02,2.137310289241175276e+00
1.489600000000000080e+02,2.362320722051383548e+00
1.489799999999999898e+02,2.648187682280459754e+00
1.490000000000000000e+02,2.999815877840254608e+00
1.490200000000000102e+02,3.425581491163089964e+00
1.490399999999999920e+02,3.936856262468072742e+00
1.490600000000000023e+02,4.547716446322817241e+00
1.490800000000000125e+02,5.274649253843791463e+00
1.490999999999999943e+02,6.136026635178207123e+00
1.491200000000000045e+02,7.151036569290110556e+00
1.491400000000000148e+02,8.337626226784431438e+00
1.491599999999999966e+02,9.708827255780597909e+00
1.491800000000000068e+02,1.126665579413644025e+01
1.492000000000000171e+02,1.299277872858623262e+01
1.492199999999999989e+02,1.483569658778986344e+01
1.492400000000000091e+02,1.669599882056427731e+01
1.492599999999999909e+02,1.841505402925903923e+01
1.492800000000000011e+02,1.977804513391933483e+01
1.493000000000000114e+02,2.054589669951540643e+01
1.493199999999999932e+02,2.052367913438940050e+01
1.493400000000000034e+02,1.964764466330037962e+01
1.493600000000000136e+02,1.803989638785582272e+01
1.493799999999999955e+02,1.597720850677392690e+01
1.494000000000000057e+02,1.377660485576606852e+01
1.494200000000000159e+02,1.167362872738006452e+01
1.494399999999999977e+02,9.775845397932689806e+00
1.494600000000000080e+02,8.099402452000751040e+00
1.494799999999999898e+02,6.629046573960273747e+00
1.495000000000000000e+02,5.352053611116829757e+00
1.495200000000000102e+02,4.263399565612166597e+00
1.495399999999999920e+02,3.360297394369494484e+00
1.495600000000000023e+02,2.637948698439510853e+00
1.495800000000000125e+02,2.088522039720591916e+00
1.495999999999999943e+02,1.700807970968420291e+00
1.496200000000000045e+02,1.457967039759806793e+00
1.496400000000000148e+02,1.335288722547635087e+00
1.496599999999999966e+02,1.303906022595965108e+00
1.496800000000000068e+02,1.339241189803371146e+00
1.497000000000000171e+02,1.425865639706535681e+00
1.497199999999999989e+02,1.556819553885683716e+00
1.497400000000000091e+02,1.731044849466128133e+00
1.497599999999999909e+02,1.951347193923010259e+00
1.497800000000000011e+02,2.223282399532862996e+00
1.498000000000000114e+02,2.554696176902287785e+00
1.498199999999999932e+02,2.955620783453464906e+00
1.498400000000000034e+02,3.438327995268854576e+00
1.498600000000000136e+02,4.017385201828115093e+00
1.498799999999999955e+02,4.709569452463669315e+00
1.499000000000000057e+02,5.533436338380528952e+00
1.499200000000000159e+02,6.508231469842398198e+00
1.499399999999999977e+02,7.651652553608284002e+00
1.499600000000000080e+02,8.975728498217629081e+00
1.499799999999999898e+02,1.047983395840000931e+01
1.500000000000000000e+02,1.213980353542542368e+01
1.500200000000000102e+02,1.389273739890690607e+01
1.500399999999999920e+02,1.561932452553064543e+01
1.500600000000000023e+02,1.713048005248666783e+01
1.500800000000000125e+02,1.817267027378219169e+01
1.500999999999999943e+02,1.847157364458064421e+01
1.501200000000000045e+02,1.782406525652404738e+01
1.501400000000000148e+02,1.621181546154370068e+01
1.501599999999999966e+02,1.386241394694335938e+01
1.501800000000000068e+02,1.118558653232140543e+01
1.502000000000000171e+02,8.601965340583847208e+00
1.502199999999999989e+02,6.384329101821615282e+00
1.502400000000000091e+02,4.617533063963275453e+00
1.502599999999999909e+02,3.263319109291241471e+00
1.502800000000000011e+02,2.241687105699089244e+00
1.503000000000000114e+02,1.475725379708128004e+00
1.503199999999999932e+02,9.037351266040080100e-01
1.503400000000000034e+02,4.777335921040553046e-01
1.503600000000000136e+02,1.590995935671970229e-01
1.503799999999999955e+02,-8.494166305942095485e-02
1.504000000000000057e+02,-2.820102032403142833e-01
1.504200000000000159e+02,-4.523341597849511175e-01
1.504399999999999977e+02,-6.077961975564477592e-01
1.504600000000000080e+02,-7.549587957678511874e-01
1.504799999999999898e+02,-8.988918980454335683e-01
1.505000000000000000e+02,-1.045026337109493664e+00
1.505200000000000102e+02,-1.199422285804021993e+00
1.505399999999999920e+02,-1.368556470366040223e+00
1.505600000000000023e+02,-1.559162520049294454e+00
1.505800000000000125e+02,-1.778221314393402919e+00
1.505999999999999943e+02,-2.033044082433419941e+00
1.506200000000000045e+02,-2.331357627707306257e+00
1.506400000000000148e+02,-2.681305265475089517e+00
1.506599999999999966e+02,-3.091260084101882466e+00
1.506800000000000068e+02,-3.569320087819164655e+00
1.507000000000000171e+02,-4.122303934866286212e+00
1.507199999999999989e+02,-4.754009866060985523e+00
1.507400000000000091e+02,-5.462488062431330782e+00
1.507599999999999909e+02,-6.236190233089089929e+00
1.507800000000000011e+02,-7.049274318845883514e+00
1.508000000000000114e+02,-7.857249682348564690e+00
1.508199999999999932e+02,-8.595562711874540796e+00
1.508400000000000034e+02,-9.184970435606995665e+00
1.508600000000000136e+02,-9.546804581564428460e+00
1.508799999999999955e+02,-9.626316095757042390e+00
1.509000000000000057e+02,-9.414041475466120801e+00
1.509200000000000159e+02,-8.950547203250325268e+00
1.509399999999999977e+02,-8.307703441764301644e+00
1.509600000000000080e+02,-7.557689100113845093e+00
1.509799999999999898e+02,-6.752106020641441830e+00
1.510000000000000000e+02,-5.922975725799212832e+00
1.510200000000000102e+02,-5.095532273650428046e+00
1.510399999999999920e+02,-4.296206159577000250e+00
1.510600000000000023e+02,-3.551268384960708513e+00
1.510800000000000125e+02,-2.881859251428307456e+00
1.510999999999999943e+02,-2.300791346444181595e+00
1.511200000000000045e+02,-1.812390012243888959e+00
1.511400000000000148e+02,-1.414329267863003725e+00
1.511599999999999966e+02,-1.100175623891636700e+00
1.511800000000000068e+02,-8.618287116006730919e-01
1.512000000000000171e+02,-6.913934624663029549e-01
1.512199999999999989e+02,-5.819182648614364961e-01
1.512400000000000091e+02,-5.263160223094220935e-01
1.512599999999999909e+02,-5.154631281220057870e-01
1.512800000000000011e+02,-5.388940181010993813e-01
1.513000000000000114e+02,-5.881587416836091542e-01
1.513199999999999932e+02,-6.587930817717140286e-01
1.513400000000000034e+02,-7.499078598170160204e-01
1.513600000000000136e+02,-8.630966997835657351e-01
1.513799999999999955e+02,-1.001675584252574858e+00
1.514000000000000057e+02,-1.170362145067114223e+00
1.514200000000000159e+02,-1.375255255941502774e+00
1.514399999999999977e+02,-1.623996172694026852e+00
1.514600000000000080e+02,-1.926046567267493792e+00
1.514799999999999898e+02,-2.293055103494101576e+00
1.515000000000000000e+02,-2.739298865538916772e+00
1.515200000000000102e+02,-3.282186006600256167e+00
1.515399999999999920e+02,-3.942788746124180843e+00
1.515600000000000023e+02,-4.746337670265331710e+00
1.515800000000000125e+02,-5.722532863422507887e+00
1.515999999999999943e+02,-6.905391182816377871e+00
1.516200000000000045e+02,-8.332110273465344719e+00
1.516400000000000148e+02,-1.004003905604380975e+01
1.516599999999999966e+02,-1.206024965444743202e+01
1.516800000000000068e+02,-1.440546120474969527e+01
1.517000000000000171e+02,-1.704950111495903542e+01
1.517199999999999989e+02,-1.989625082247767551e+01
1.517400000000000091e+02,-2.274062898205858119e+01
1.517599999999999909e+02,-2.523644547348990130e+01
1.517800000000000011e+02,-2.690682415437305863e+01
1.518000000000000114e+02,-2.724812327645210175e+01
1.518199999999999932e+02,-2.594710818511331851e+01
1.518400000000000034e+02,-2.311944145132272155e+01
1.518600000000000136e+02,-1.936153634161438930e+01
1.518799999999999955e+02,-1.548452148398097705e+01
1.519000000000000057e+02,-1.209902059628299043e+01
1.519200000000000159e+02,-9.404358815664165760e+00
1.519399999999999977e+02,-7.312276572491745341e+00
1.519600000000000080e+02,-5.676027723446058992e+00
1.519799999999999898e+02,-4.398266482174198799e+00
1.520000000000000000e+02,-3.425399479943221692e+00
1.520200000000000102e+02,-2.715176803975045683e+00
1.520399999999999920e+02,-2.219587354177585681e+00
1.520600000000000023e+02,-1.887706797855758900e+00
1.520800000000000125e+02,-1.676114498106253903e+00
1.520999999999999943e+02,-1.553971057050611115e+00
1.521200000000000045e+02,-1.501388823068493972e+00
1.521400000000000148e+02,-1.505786185148456413e+00
1.521599999999999966e+02,-1.559027475461809642e+00
1.521800000000000068e+02,-1.655682616868714208e+00
1.522000000000000171e+02,-1.791973259621945314e+00
1.522199999999999989e+02,-1.965003594421955047e+00
1.522400000000000091e+02,-2.172028209374322394e+00
1.522599999999999909e+02,-2.409612257519255341e+00
1.522800000000000011e+02,-2.672593450040374741e+00
1.523000000000000114e+02,-2.952816365468195148e+00
1.523199999999999932e+02,-3.237695403854815357e+00
1.523400000000000034e+02,-3.508832587968056416e+00
1.523600000000000136e+02,-3.741180942303610202e+00
1.523799999999999955e+02,-3.903566957303879814e+00
1.524000000000000057e+02,-3.961601055667393734e+00
1.524200000000000159e+02,-3.883756456883568298e+00
1.524399999999999977e+02,-3.650269031501665484e+00
1.524600000000000080e+02,-3.262479489262473997e+00
1.524799999999999898e+02,-2.748300805123411461e+00
1.525000000000000000e+02,-2.159612765472538332e+00
1.525200000000000102e+02,-1.560829467076748189e+00
1.525399999999999920e+02,-1.013004394318959500e+00
1.525600000000000023e+02,-5.605381080229623336e-01
1.525800000000000125e+02,-2.254031424556373620e-01
1.525999999999999943e+02,-8.974223436669476542e-03
1.526200000000000045e+02,1.017996720932191901e-01
1.526400000000000148e+02,1.274018437050185582e-01
1.526599999999999966e+02,9.000142680616567137e-02
1.526800000000000068e+02,9.596472980340187489e-03
1.527000000000000171e+02,-9.807771743406293319e-02
1.527199999999999989e+02,-2.222210214974503217e-01
1.527400000000000091e+02,-3.565689508852520340e-01
1.527599999999999909e+02,-4.983362383704991738e-01
1.527800000000000011e+02,-6.470415565277494174e-01
1.528000000000000114e+02,-8.036459971789119416e-01
1.528199999999999932e+02,-9.700847365953498835e-01
1.528400000000000034e+02,-1.149011179769070301e+00
1.528600000000000136e+02,-1.343567748738164314e+00
1.528799999999999955e+02,-1.557094732898459011e+00
1.529000000000000057e+02,-1.792741726900672461e+00
1.529200000000000159e+02,-2.052941106791516201e+00
1.529399999999999977e+02,-2.338677180776914888e+00
1.529600000000000080e+02,-2.648467185184413264e+00
1.529799999999999898e+02,-2.976985391369957767e+00
1.530000000000000000e+02,-3.313335267963527730e+00
1.530200000000000102e+02,-3.639161926836469885e+00
1.530399999999999920e+02,-3.927135569735553222e+00
1.530600000000000023e+02,-4.140839254765448452e+00
1.530800000000000125e+02,-4.237568589235516825e+00
1.530999999999999943e+02,-4.175518158991303075e+00
1.531200000000000045e+02,-3.925525677021819426e+00
1.531400000000000148e+02,-3.484586124085924386e+00
1.531599999999999966e+02,-2.884922343713796522e+00
1.531800000000000068e+02,-2.191737814782118043e+00
1.532000000000000171e+02,-1.487667972814648021e+00
1.532199999999999989e+02,-8.502908900051052710e-01
1.532400000000000091e+02,-3.337392897008222836e-01
1.532599999999999909e+02,3.818415247204273721e-02
1.532800000000000011e+02,2.680318979630683107e-01
1.533000000000000114e+02,3.754629154017850579e-01
1.533199999999999932e+02,3.878779231797863658e-01
1.533400000000000034e+02,3.334028769073260623e-01
1.533600000000000136e+02,2.366013048754916082e-01
1.533799999999999955e+02,1.163772591131869011e-01
1.534000000000000057e+02,-1.461226474834892083e-02
1.534200000000000159e+02,-1.494703184950388897e-01
1.534399999999999977e+02,-2.857432185679062986e-01
1.534600000000000080e+02,-4.237337060022716151e-01
1.534799999999999898e+02,-5.651555169031817760e-01
1.535000000000000000e+02,-7.124962281259686891e-01
1.535200000000000102e+02,-8.688642203632616079e-01
1.535399999999999920e+02,-1.037946867186454014e+00
1.535600000000000023e+02,-1.223904604431109266e+00
1.535800000000000125e+02,-1.431181298131294133e+00
1.535999999999999943e+02,-1.664230787145035473e+00
1.536200000000000045e+02,-1.927118400930957653e+00
1.536400000000000148e+02,-2.222910008691270978e+00
1.536599999999999966e+02,-2.552721870478507959e+00
1.536800000000000068e+02,-2.914286658022292364e+00
1.537000000000000171e+02,-3.299914885410444310e+00
1.537199999999999989e+02,-3.693859063457293423e+00
1.537400000000000091e+02,-4.069420722979241845e+00
1.537599999999999909e+02,-4.386781525491000089e+00
1.537800000000000011e+02,-4.593474418311936702e+00
1.538000000000000114e+02,-4.630210898680200415e+00
1.538199999999999932e+02,-4.444301994841560521e+00
1.538400000000000034e+02,-4.009613556782713140e+00
1.538600000000000136e+02,-3.345789654442216321e+00
1.538799999999999955e+02,-2.524448536872831106e+00
1.539000000000000057e+02,-1.653441063922571175e+00
1.539200000000000159e+02,-8.439650151906086251e-01
1.539399999999999977e+02,-1.784772056232846460e-01
1.539600000000000080e+02,3.041573408608021500e-01
1.539799999999999898e+02,6.043157848635584140e-01
1.540000000000000000e+02,7.475771341826331629e-01
1.540200000000000102e+02,7.705487599463244353e-01
1.540399999999999920e+02,7.107361088433132856e-01
1.540600000000000023e+02,6.008075960283315586e-01
1.540800000000000125e+02,4.662307443882173219e-01
1.540999999999999943e+02,3.249778665054517401e-01
1.541200000000000045e+02,1.881465500767607602e-01
1.541400000000000148e+02,6.082120401730468917e-02
1.541599999999999966e+02,-5.675047700592979888e-02
1.541800000000000068e+02,-1.672797845591376953e-01
1.542000000000000171e+02,-2.743727693031516313e-01
1.542199999999999989e+02,-3.814582181695211349e-01
1.542400000000000091e+02,-4.918309680767426473e-01
1.542599999999999909e+02,-6.090096793568186007e-01
1.542800000000000011e+02,-7.369312361422538649e-01
1.543000000000000114e+02,-8.799868540978790232e-01
1.543199999999999932e+02,-1.043007229330030317e+00
1.543400000000000034e+02,-1.231239398219246883e+00
1.543600000000000136e+02,-1.450291826580847099e+00
1.543799999999999955e+02,-1.705985807393798792e+00
1.544000000000000057e+02,-2.004008464305536474e+00
1.544200000000000159e+02,-2.349224224952950912e+00
1.544399999999999977e+02,-2.744421292345550434e+00
1.544600000000000080e+02,-3.188218425937909828e+00
1.544799999999999898e+02,-3.671822543340192535e+00
1.545000000000000000e+02,-4.174481517617842918e+00
1.545200000000000102e+02,-4.658026839456813839e+00
1.545399999999999920e+02,-5.062191511146437506e+00
1.545600000000000023e+02,-5.304549481290266044e+00
1.545800000000000125e+02,-5.291077645434150156e+00
1.545999999999999943e+02,-4.942482345041581127e+00
1.546200000000000045e+02,-4.233100044800377937e+00
1.546400000000000148e+02,-3.223550306667442023e+00
1.546599999999999966e+02,-2.058846523884437119e+00
1.546800000000000068e+02,-9.203760989786821112e-01
1.547000000000000171e+02,4.162291046053603200e-02
1.547199999999999989e+02,7.499074844000382933e-01
1.547400000000000091e+02,1.198139874784071912e+00
1.547599999999999909e+02,1.424269187224958655e+00
1.547800000000000011e+02,1.484267649666221267e+00
1.548000000000000114e+02,1.435060251434581380e+00
1.548199999999999932e+02,1.325600315354807712e+00
1.548400000000000034e+02,1.193714427290819113e+00
1.548600000000000136e+02,1.066663679992477576e+00
1.548799999999999955e+02,9.635541792179592724e-01
1.549000000000000057e+02,8.978400147160195965e-01
1.549200000000000159e+02,8.780497298162904807e-01
1.549399999999999977e+02,9.060471967983468877e-01
1.549600000000000080e+02,9.763679544957204470e-01
1.549799999999999898e+02,1.080475425267192646e+00
1.550000000000000000e+02,1.212335541810487749e+00
1.550200000000000102e+02,1.370554876014570711e+00
1.550399999999999920e+02,1.557717833459948631e+00
1.550600000000000023e+02,1.779170569042276107e+00
1.550800000000000125e+02,2.042235859080631322e+00
1.550999999999999943e+02,2.355930042292936566e+00
1.551200000000000045e+02,2.731013417710685953e+00
1.551400000000000148e+02,3.180214315840002026e+00
1.551599999999999966e+02,3.718510561255045310e+00
1.551800000000000068e+02,4.363366361019854978e+00
1.552000000000000171e+02,5.134798914529040026e+00
1.552199999999999989e+02,6.055075703342315485e+00
1.552400000000000091e+02,7.147712271580453525e+00
1.552599999999999909e+02,8.435234970988965131e+00
1.552800000000000011e+02,9.934891337950757517e+00
1.553000000000000114e+02,1.165119586726116196e+01
1.553199999999999932e+02,1.356410595140002862e+01
1.553400000000000034e+02,1.561229767076692099e+01
1.553600000000000136e+02,1.767351427719606605e+01
1.553799999999999955e+02,1.954957678101853702e+01
1.554000000000000057e+02,2.097207724533958029e+01
1.554200000000000159e+02,2.165001040331584292e+01
1.554399999999999977e+02,2.136812129522248327e+01
1.554600000000000080e+02,2.010297400421764635e+01
1.554799999999999898e+02,1.807599330008064342e+01
1.555000000000000000e+02,1.567507107917982800e+01
1.555200000000000102e+02,1.327778264426619792e+01
1.555399999999999920e+02,1.110713076099513508e+01
1.555600000000000023e+02,9.219418571850136246e+00
1.555800000000000125e+02,7.589325913459001427e+00
1.555999999999999943e+02,6.187907638277248878e+00
1.556200000000000045e+02,5.007051445207930662e+00
1.556400000000000148e+02,4.051523339249955669e+00
1.556599999999999966e+02,3.325764973666180513e+00
1.556800000000000068e+02,2.823678563568785105e+00
1.557000000000000171e+02,2.522061017543852479e+00
1.557199999999999989e+02,2.382667637586490361e+00
1.557400000000000091e+02,2.364661481638367757e+00
1.557599999999999909e+02,2.436850949219941942e+00
1.557800000000000011e+02,2.581212228690892285e+00
1.558000000000000114e+02,2.790338510771805502e+00
1.558199999999999932e+02,3.063852747458716497e+00
1.558400000000000034e+02,3.405839735107295319e+00
1.558600000000000136e+02,3.823373777414989405e+00
1.558799999999999955e+02,4.325712575178263464e+00
1.559000000000000057e+02,4.923743546524524284e+00
1.559200000000000159e+02,5.629349020197992992e+00
1.559399999999999977e+02,6.454377238506913805e+00
1.559600000000000080e+02,7.408873694615391692e+00
1.559799999999999898e+02,8.498147378870758217e+00
1.560000000000000000e+02,9.718183446527877578e+00
1.560200000000000102e+02,1.104898301388217874e+01
1.560399999999999920e+02,1.244583736636808347e+01
1.560600000000000023e+02,1.382970688339941390e+01
1.560800000000000125e+02,1.508013491766675251e+01
1.560999999999999943e+02,1.603731010087690834e+01
1.561200000000000045e+02,1.652214434381248154e+01
1.561400000000000148e+02,1.638015966211250074e+01
1.561599999999999966e+02,1.554180845971155556e+01
1.561800000000000068e+02,1.407149764322185526e+01
1.562000000000000171e+02,1.216807709620257683e+01
1.562199999999999989e+02,1.010218720450755292e+01
1.562400000000000091e+02,8.122385878072487131e+00
1.562599999999999909e+02,6.387379158168773330e+00
1.562800000000000011e+02,4.955849600128472865e+00
1.563000000000000114e+02,3.817893053014840277e+00
1.563199999999999932e+02,2.933030533581379107e+00
1.563400000000000034e+02,2.254782145399636395e+00
1.563600000000000136e+02,1.741174449278291680e+00
1.563799999999999955e+02,1.357467177439145578e+00
1.564000000000000057e+02,1.075988046763344252e+00
1.564200000000000159e+02,8.753278307558604032e-01
1.564399999999999977e+02,7.396367165474638794e-01
1.564600000000000080e+02,6.581062247701120471e-01
1.564799999999999898e+02,6.242379432901032921e-01
1.565000000000000000e+02,6.340578989519485287e-01
1.565200000000000102e+02,6.833399600234575377e-01
1.565399999999999920e+02,7.663901320925997629e-01
1.565600000000000023e+02,8.779004682219259115e-01
1.565800000000000125e+02,1.015249603258695954e+00
1.565999999999999943e+02,1.179123053049566883e+00
1.566200000000000045e+02,1.373023407695389109e+00
1.566400000000000148e+02,1.602675597317847922e+00
1.566599999999999966e+02,1.875703316310628033e+00
1.566800000000000068e+02,2.201577939834734821e+00
1.567000000000000171e+02,2.591749544238165726e+00
1.567199999999999989e+02,3.059872300443213788e+00
1.567400000000000091e+02,3.622036258942034515e+00
1.567599999999999909e+02,4.296899279247053727e+00
1.567800000000000011e+02,5.105544291237686494e+00
1.568000000000000114e+02,6.070773077383049277e+00
1.568199999999999932e+02,7.215353506625282520e+00
1.568400000000000034e+02,8.558440323457105592e+00
1.568600000000000136e+02,1.010903150085571411e+01
1.568799999999999955e+02,1.185501298519462487e+01
1.569000000000000057e+02,1.374656207617211834e+01
1.569200000000000159e+02,1.567442826306200310e+01
1.569399999999999977e+02,1.744858636038239652e+01
1.569600000000000080e+02,1.879218208943644441e+01
1.569799999999999898e+02,1.937622523030431054e+01
1.570000000000000000e+02,1.891777131894754049e+01
1.570200000000000102e+02,1.732615309475964693e+01
1.570399999999999920e+02,1.481213277491800184e+01
1.570600000000000023e+02,1.184656353078148605e+01
1.570800000000000125e+02,8.953801561375595242e+00
1.570999999999999943e+02,6.486616281791612870e+00
1.571200000000000045e+02,4.552275284317684800e+00
1.571400000000000148e+02,3.095778225422368468e+00
1.571599999999999966e+02,2.013077528502874802e+00
1.571800000000000068e+02,1.209903011648483240e+00
1.572000000000000171e+02,6.132413937116283353e-01
1.572199999999999989e+02,1.659866354010428591e-01
1.572400000000000091e+02,-1.788558064431236827e-01
1.572599999999999909e+02,-4.590665636676236616e-01
1.572800000000000011e+02,-7.007624541537972318e-01
1.573000000000000114e+02,-9.188261972529946364e-01
1.573199999999999932e+02,-1.121780057217980575e+00
1.573400000000000034e+02,-1.316545699811814796e+00
1.573600000000000136e+02,-1.510493247849919340e+00
1.573799999999999955e+02,-1.711622002984358959e+00
1.574000000000000057e+02,-1.928191820668490042e+00
1.574200000000000159e+02,-2.168415163612020802e+00
1.574399999999999977e+02,-2.440314244982076275e+00
1.574600000000000080e+02,-2.751657361100258381e+00
1.574799999999999898e+02,-3.109841537276835322e+00
1.575000000000000000e+02,-3.521590996386187999e+00
1.575200000000000102e+02,-3.992327994972594052e+00
1.575399999999999920e+02,-4.525072571638864005e+00
1.575600000000000023e+02,-5.118731607351166168e+00
1.575800000000000125e+02,-5.765711312099043084e+00
1.575999999999999943e+02,-6.449003158582000239e+00
1.576200000000000045e+02,-7.139337456663208847e+00
1.576400000000000148e+02,-7.793690620676696490e+00
1.576599999999999966e+02,-8.357129007304040513e+00
1.576800000000000068e+02,-8.769964448154244252e+00
1.577000000000000171e+02,-8.980470387602137450e+00
1.577199999999999989e+02,-8.959676646303464054e+00
1.577400000000000091e+02,-8.711075976045593805e+00
1.577599999999999909e+02,-8.268570271849942088e+00
1.577800000000000011e+02,-7.682732828364224886e+00
1.578000000000000114e+02,-7.003967682220128665e+00
1.578199999999999932e+02,-6.272922932175915456e+00
1.578400000000000034e+02,-5.520998678833063167e+00
1.578600000000000136e+02,-4.775192750231678218e+00
1.578799999999999955e+02,-4.060780780104741972e+00
1.579000000000000057e+02,-3.400507786550062583e+00
1.579200000000000159e+02,-2.812603062091170614e+00
1.579399999999999977e+02,-2.309668678654699381e+00
1.579600000000000080e+02,-1.898725732170980951e+00
1.579799999999999898e+02,-1.581539785329586723e+00
1.580000000000000000e+02,-1.354460611815560434e+00
1.580200000000000102e+02,-1.208381997272594655e+00
1.580399999999999920e+02,-1.130457310355779343e+00
1.580600000000000023e+02,-1.107560965095799821e+00
1.580800000000000125e+02,-1.129250219941513977e+00
1.580999999999999943e+02,-1.188808677364215916e+00
1.581200000000000045e+02,-1.282925477366726907e+00
1.581400000000000148e+02,-1.410997996317629344e+00
1.581599999999999966e+02,-1.574545951431026714e+00
1.581800000000000068e+02,-1.776825375109317484e+00
1.582000000000000171e+02,-2.022588337289318972e+00
1.582199999999999989e+02,-2.317900453414391659e+00
1.582400000000000091e+02,-2.669927884796407636e+00
1.582599999999999909e+02,-3.086577494072995087e+00
1.582800000000000011e+02,-3.575842123534840766e+00
1.583000000000000114e+02,-4.144638478857256558e+00
1.583199999999999932e+02,-4.796865057017599021e+00
1.583400000000000034e+02,-5.530384293508242344e+00
1.583600000000000136e+02,-6.332759060396571549e+00
1.583799999999999955e+02,-7.176041124841441743e+00
1.584000000000000057e+02,-8.011956101953723319e+00
1.584200000000000159e+02,-8.770473899789955396e+00
1.584399999999999977e+02,-9.366185562680280796e+00
1.584600000000000080e+02,-9.715914583184366293e+00
1.584799999999999898e+02,-9.765029664017351507e+00
1.585000000000000000e+02,-9.510277667542620605e+00
1.585200000000000102e+02,-9.002386053427574808e+00
1.585399999999999920e+02,-8.322142671761060484e+00
1.585600000000000023e+02,-7.545091285055389285e+00
1.585800000000000125e+02,-6.721047261279823992e+00
1.585999999999999943e+02,-5.879230851715345985e+00
1.586200000000000045e+02,-5.044167362015372191e+00
1.586400000000000148e+02,-4.243519727266133579e+00
1.586599999999999966e+02,-3.505234320620191468e+00
1.586800000000000068e+02,-2.851804066613514710e+00
1.587000000000000171e+02,-2.297336128892420337e+00
1.587199999999999989e+02,-1.848137207384077385e+00
1.587400000000000091e+02,-1.505170362823146757e+00
1.587599999999999909e+02,-1.266240770036589636e+00
1.587800000000000011e+02,-1.125811694950013209e+00
1.588000000000000114e+02,-1.072471072056772057e+00
1.588199999999999932e+02,-1.088957510510381477e+00
1.588400000000000034e+02,-1.157942850476640473e+00
1.588600000000000136e+02,-1.267848510602818335e+00
1.588799999999999955e+02,-1.414004976288314452e+00
1.589000000000000057e+02,-1.597034807129893874e+00
1.589200000000000159e+02,-1.821121400122557965e+00
1.589399999999999977e+02,-2.093004778566273316e+00
1.589600000000000080e+02,-2.421614217023467130e+00
1.589799999999999898e+02,-2.818094392870217568e+00
1.590000000000000000e+02,-3.296044474082513887e+00
1.590200000000000102e+02,-3.871852158767661312e+00
1.590399999999999920e+02,-4.565030763526077173e+00
1.590600000000000023e+02,-5.398444975438430937e+00
1.590800000000000125e+02,-6.398244063230078105e+00
1.590999999999999943e+02,-7.593187826554700592e+00
1.591200000000000045e+02,-9.012831999055515908e+00
1.591400000000000148e+02,-1.068370888046352718e+01
1.591599999999999966e+02,-1.262220914758009904e+01
1.591800000000000068e+02,-1.482247213217537229e+01
1.592000000000000171e+02,-1.723767851214407898e+01
1.592199999999999989e+02,-1.975477851138538909e+01
1.592400000000000091e+02,-2.216774778124796796e+01
1.592599999999999909e+02,-2.416463569142689494e+01
1.592800000000000011e+02,-2.535640513010723041e+01
1.593000000000000114e+02,-2.537673315630312487e+01
1.593199999999999932e+02,-2.404623705815419044e+01
1.593400000000000034e+02,-2.151779091279507128e+01
1.593600000000000136e+02,-1.827070416377162232e+01
1.593799999999999955e+02,-1.490530294408671885e+01
1.594000000000000057e+02,-1.187336029393599546e+01
1.594200000000000159e+02,-9.352127235897558677e+00
1.594399999999999977e+02,-7.316686980231875026e+00
1.594600000000000080e+02,-5.678534305839018970e+00
1.594799999999999898e+02,-4.364817940497410120e+00
1.595000000000000000e+02,-3.330326010712189699e+00
1.595200000000000102e+02,-2.544015582140642273e+00
1.595399999999999920e+02,-1.974994987244029332e+00
1.595600000000000023e+02,-1.585301823662171428e+00
1.595800000000000125e+02,-1.332520956265308643e+00
1.595999999999999943e+02,-1.178892266607178385e+00
1.596200000000000045e+02,-1.097305913488624052e+00
1.596400000000000148e+02,-1.070824497101070971e+00
1.596599999999999966e+02,-1.089519072640631192e+00
1.596800000000000068e+02,-1.147785597766393106e+00
1.597000000000000171e+02,-1.242741419375696932e+00
1.597199999999999989e+02,-1.373342185631765133e+00
1.597400000000000091e+02,-1.539831361575590751e+00
1.597599999999999909e+02,-1.743282003510472578e+00
1.597800000000000011e+02,-1.985071127072704167e+00
1.598000000000000114e+02,-2.266156303003238559e+00
1.598199999999999932e+02,-2.586014727598165752e+00
1.598400000000000034e+02,-2.941101506402557408e+00
1.598600000000000136e+02,-3.322704371333634388e+00
1.598799999999999955e+02,-3.714208275911485835e+00
1.599000000000000057e+02,-4.088115008345229562e+00
1.599200000000000159e+02,-4.403818279768771049e+00
1.599399999999999977e+02,-4.608082523940974617e+00
1.599600000000000080e+02,-4.640979389137647182e+00
1.599799999999999898e+02,-4.449529001094358449e+00
1.600000000000000000e+02,-4.007904292615802611e+00
1.600200000000000102e+02,-3.336738943780093614e+00
1.600399999999999920e+02,-2.509047194371223810e+00
1.600600000000000023e+02,-1.633889871541995609e+00
1.600800000000000125e+02,-8.229472365560598357e-01
1.600999999999999943e+02,-1.583307214277009101e-01
1.601200000000000045e+02,3.219256793106634595e-01
1.601400000000000148e+02,6.190755587782430513e-01
1.601599999999999966e+02,7.593621220617360335e-01
1.601800000000000068e+02,7.797872645320449436e-01
1.602000000000000171e+02,7.180251216090828281e-01
1.602199999999999989e+02,6.067596788800462271e-01
1.602400000000000091e+02,4.713923988833873535e-01
1.602599999999999909e+02,3.298072810201351235e-01
1.602800000000000011e+02,1.930322583131756364e-01
1.603000000000000114e+02,6.611187509363625203e-02
1.603199999999999932e+02,-5.074000602332617849e-02
1.603400000000000034e+02,-1.602874828465668811e-01
1.603600000000000136e+02,-2.661921471491430768e-01
1.603799999999999955e+02,-3.719097758308439472e-01
1.604000000000000057e+02,-4.807291267382222677e-01
1.604200000000000159e+02,-5.961429645856853865e-01
1.604399999999999977e+02,-7.220535315247622599e-01
1.604600000000000080e+02,-8.628144820306496987e-01
1.604799999999999898e+02,-1.023220552798062011e+00
1.605000000000000000e+02,-1.208490549189317198e+00
1.605200000000000102e+02,-1.424223698650579628e+00
1.605399999999999920e+02,-1.676268654103920452e+00
1.605600000000000023e+02,-1.970405704957613358e+00
1.605800000000000125e+02,-2.311703052619745069e+00
1.605999999999999943e+02,-2.703329229731673777e+00
1.606200000000000045e+02,-3.144548371812826204e+00
1.606400000000000148e+02,-3.627578862010357064e+00
1.606599999999999966e+02,-4.133121168107388499e+00
1.606800000000000068e+02,-4.624856217104881040e+00
1.607000000000000171e+02,-5.044432487559583400e+00
1.607199999999999989e+02,-5.310586881951703475e+00
1.607400000000000091e+02,-5.328363351353317512e+00
1.607599999999999909e+02,-5.014088920800047866e+00
1.607800000000000011e+02,-4.334227906451175727e+00
1.608000000000000114e+02,-3.340629704625332153e+00
1.608199999999999932e+02,-2.173255673131776700e+00
1.608400000000000034e+02,-1.015346091785930049e+00
1.608600000000000136e+02,-2.447976993464984902e-02
1.608799999999999955e+02,7.139643754182090074e-01
1.609000000000000057e+02,1.188261991849029586e+00
1.609200000000000159e+02,1.434186500536761111e+00
1.609399999999999977e+02,1.507680994481006787e+00
1.609600000000000080e+02,1.466766589022257872e+00
1.609799999999999898e+02,1.361943233408731579e+00
1.610000000000000000e+02,1.232630396053756572e+00
1.610200000000000102e+02,1.107544453960183972e+00
1.610399999999999920e+02,1.007052777693722589e+00
1.610600000000000023e+02,9.455654541823373949e-01
1.610800000000000125e+02,9.319433136780310711e-01
1.610999999999999943e+02,9.675623797694987704e-01
1.611200000000000045e+02,1.046201865716890556e+00
1.611400000000000148e+02,1.159048461516917650e+00
1.611599999999999966e+02,1.300308524832829438e+00
1.611800000000000068e+02,1.469031825395140212e+00
1.612000000000000171e+02,1.668272483311224352e+00
1.612199999999999989e+02,1.903841401156761481e+00
1.612400000000000091e+02,2.183537160266687316e+00
1.612599999999999909e+02,2.516882483711703866e+00
1.612800000000000011e+02,2.915185568581242226e+00
1.613000000000000114e+02,3.391761397605478123e+00
1.613199999999999932e+02,3.962189704356795517e+00
1.613400000000000034e+02,4.644494590550573676e+00
1.613600000000000136e+02,5.459097903062516188e+00
1.613799999999999955e+02,6.428312076916089524e+00
1.614000000000000057e+02,7.574989358807209250e+00
1.614200000000000159e+02,8.919723255241349236e+00
1.614399999999999977e+02,1.047571343024617718e+01
1.614600000000000080e+02,1.224016585878186447e+01
1.614799999999999898e+02,1.418119785889032336e+01
1.615000000000000000e+02,1.622035031386159076e+01
1.615200000000000102e+02,1.821411410608333981e+01
1.615399999999999920e+02,1.994432380725447018e+01
1.615600000000000023e+02,2.113520974260105589e+01
1.615800000000000125e+02,2.151590168259484059e+01
1.615999999999999943e+02,2.092634305750588197e+01
1.616200000000000045e+02,1.941842964001503447e+01
1.616400000000000148e+02,1.727038229690984750e+01
1.616599999999999966e+02,1.487318876600837392e+01
1.616800000000000068e+02,1.255681887225486548e+01
1.617000000000000171e+02,1.048627739970972783e+01
1.617199999999999989e+02,8.686086136832427584e+00
1.617400000000000091e+02,7.127618166044511483e+00
1.617599999999999909e+02,5.788876639430952764e+00
1.617800000000000011e+02,4.666195481257291888e+00
1.618000000000000114e+02,3.764321745546183262e+00
1.618199999999999932e+02,3.085517036588248274e+00
1.618400000000000034e+02,2.621436800231163655e+00
1.618600000000000136e+02,2.347722326425100814e+00
1.618799999999999955e+02,2.226623388206134813e+00
1.619000000000000057e+02,2.219158579925255559e+00
1.619200000000000159e+02,2.296322789890635541e+00
1.619399999999999977e+02,2.441811173658910761e+00
1.619600000000000080e+02,2.649307440460137553e+00
1.619799999999999898e+02,2.919066292029151910e+00
1.620000000000000000e+02,3.255556332613076531e+00
1.620200000000000102e+02,3.666148901965982088e+00
1.620399999999999920e+02,4.160427721468449747e+00
1.620600000000000023e+02,4.749730784888590129e+00
1.620800000000000125e+02,5.446614587865315826e+00
1.620999999999999943e+02,6.263944026737566340e+00
1.621200000000000045e+02,7.213272986189859459e+00
1.621400000000000148e+02,8.302081856181949604e+00
1.621599999999999966e+02,9.529348842409065767e+00
1.621800000000000068e+02,1.087894132071763131e+01
1.622000000000000171e+02,1.231065099650131422e+01
1.622199999999999989e+02,1.374974902986555136e+01
1.622400000000000091e+02,1.507816306533014128e+01
1.622599999999999909e+02,1.613382034555387534e+01
1.622800000000000011e+02,1.672779696233443758e+01
1.623000000000000114e+02,1.668720741992363443e+01
1.623199999999999932e+02,1.591932116419667587e+01
1.623400000000000034e+02,1.446991125340610473e+01
1.623600000000000136e+02,1.253397752258363340e+01
1.623799999999999955e+02,1.039600938487648385e+01
1.624000000000000057e+02,8.328081029151523040e+00
1.624200000000000159e+02,6.509480635307625107e+00
1.624399999999999977e+02,5.009330119406119053e+00
1.624600000000000080e+02,3.819122257012336430e+00
1.624799999999999898e+02,2.895426852443005128e+00
1.625000000000000000e+02,2.187995155359425681e+00
1.625200000000000102e+02,1.651624735701423319e+00
1.625399999999999920e+02,1.249011303603422274e+00
1.625600000000000023e+02,9.503185111004397445e-01
1.625800000000000125e+02,7.320431689684083754e-01
1.625999999999999943e+02,5.759782375902621210e-01
1.626200000000000045e+02,4.684441545167840615e-01
1.626400000000000148e+02,3.998023404367294087e-01
1.626599999999999966e+02,3.641368164987774381e-01
1.626800000000000068e+02,3.585456903420494723e-01
1.627000000000000171e+02,3.811160051038109953e-01
1.627199999999999989e+02,4.284969975198623660e-01
1.627400000000000091e+02,4.961996405200899685e-01
1.627599999999999909e+02,5.810435439854131356e-01
1.627800000000000011e+02,6.824410568793123355e-01
1.628000000000000114e+02,8.021501961570326467e-01
1.628199999999999932e+02,9.436799786862390960e-01
1.628400000000000034e+02,1.111923626954013367e+00
1.628600000000000136e+02,1.313066541746960247e+00
1.628799999999999955e+02,1.554688336411375937e+00
1.629000000000000057e+02,1.845990904698629809e+00
1.629200000000000159e+02,2.198108779039766425e+00
1.629399999999999977e+02,2.624473788117809292e+00
1.629600000000000080e+02,3.141194898940579794e+00
1.629799999999999898e+02,3.767391426297165502e+00
1.630000000000000000e+02,4.525358742454002048e+00
1.630200000000000102e+02,5.440335680270110608e+00
1.630399999999999920e+02,6.539464575251877854e+00
1.630600000000000023e+02,7.849229072683088226e+00
1.630800000000000125e+02,9.390219685464257893e+00
1.630999999999999943e+02,1.116753538215749408e+01
1.631200000000000045e+02,1.315478162494854431e+01
1.631400000000000148e+02,1.527032587059691160e+01
1.631599999999999966e+02,1.734811576891776141e+01
1.631800000000000068e+02,1.911467702081020903e+01
1.632000000000000171e+02,2.019933390605584478e+01
1.632199999999999989e+02,2.021555587741235982e+01
1.632400000000000091e+02,1.892779700738688220e+01
1.632599999999999909e+02,1.643504570620865479e+01
1.632800000000000011e+02,1.321411696888124077e+01
1.633000000000000114e+02,9.919414352242929667e+00
1.633199999999999932e+02,7.061877548143255190e+00
1.633400000000000034e+02,4.833708624874465620e+00
1.633600000000000136e+02,3.181529143629394429e+00
1.633799999999999955e+02,1.970767069703526442e+00
1.634000000000000057e+02,1.079878976732170148e+00
1.634200000000000159e+02,4.174942379980351448e-01
1.634399999999999977e+02,-8.622828754856645683e-02
1.634600000000000080e+02,-4.859483657271040924e-01
1.634799999999999898e+02,-8.208299412169477449e-01
1.635000000000000000e+02,-1.114440179746827964e+00
1.635200000000000102e+02,-1.379777965080476898e+00
1.635399999999999920e+02,-1.625828832021231518e+00
1.635600000000000023e+02,-1.861314702257276910e+00
1.635800000000000125e+02,-2.095570341511685974e+00
1.635999999999999943e+02,-2.338171041752602708e+00
1.636200000000000045e+02,-2.598383610781348274e+00
1.636400000000000148e+02,-2.884779854800008092e+00
1.636599999999999966e+02,-3.204987636038615584e+00
1.636800000000000068e+02,-3.565440212708187229e+00
1.637000000000000171e+02,-3.970976530377734015e+00
1.637199999999999989e+02,-4.424160453384256009e+00
1.637400000000000091e+02,-4.924225746441940998e+00
1.637599999999999909e+02,-5.465619011497421020e+00
1.637800000000000011e+02,-6.036243959059070185e+00
1.638000000000000114e+02,-6.615750627732443157e+00
1.638199999999999932e+02,-7.174555000612582667e+00
1.638400000000000034e+02,-7.674618612755317315e+00
1.638600000000000136e+02,-8.073069306009049484e+00
1.638799999999999955e+02,-8.329072574573880061e+00
1.639000000000000057e+02,-8.412750075428952812e+00
1.639200000000000159e+02,-8.312978630978861361e+00
1.639399999999999977e+02,-8.040195983015903991e+00
1.639600000000000080e+02,-7.622341176872097890e+00
1.639799999999999898e+02,-7.096078396599761362e+00
1.640000000000000000e+02,-6.498300911117785184e+00
1.640200000000000102e+02,-5.861830710784239784e+00
1.640399999999999920e+02,-5.215315054979975606e+00
1.640600000000000023e+02,-4.584546659767108956e+00
1.640800000000000125e+02,-3.992890891027542910e+00
1.640999999999999943e+02,-3.460476425795641298e+00
1.641200000000000045e+02,-3.002906903195936117e+00
1.641400000000000148e+02,-2.630133313252806193e+00
1.641599999999999966e+02,-2.345795058342478256e+00
1.641800000000000068e+02,-2.147413861076236774e+00
1.642000000000000171e+02,-2.027863740655577285e+00
1.642199999999999989e+02,-1.977889715255997327e+00
1.642400000000000091e+02,-1.988638421196063488e+00
1.642599999999999909e+02,-2.053270031764116599e+00
1.642800000000000011e+02,-2.167515585504463438e+00
1.643000000000000114e+02,-2.329565756361227091e+00
1.643199999999999932e+02,-2.539684606412467627e+00
1.643400000000000034e+02,-2.799746532136241584e+00
1.643600000000000136e+02,-3.112731779871305005e+00
1.643799999999999955e+02,-3.482126130640871509e+00
1.644000000000000057e+02,-3.911119881365407558e+00
1.644200000000000159e+02,-4.401480484588606856e+00
1.644399999999999977e+02,-4.951964930652129837e+00
1.644600000000000080e+02,-5.556192027076812145e+00
1.644799999999999898e+02,-6.200048163757514885e+00
1.645000000000000000e+02,-6.859034733583030174e+00
1.645200000000000102e+02,-7.496506421737512582e+00
1.645399999999999920e+02,-8.064361436720387744e+00
1.645600000000000023e+02,-8.507950248918803027e+00
1.645800000000000125e+02,-8.775968565394098420e+00
1.645999999999999943e+02,-8.833398376507330951e+00
1.646200000000000045e+02,-8.672203343977631818e+00
1.646400000000000148e+02,-8.313495086110469501e+00
1.646599999999999966e+02,-7.798903283363278760e+00
1.646800000000000068e+02,-7.176096347784788776e+00
1.647000000000000171e+02,-6.487392059898913210e+00
1.647199999999999989e+02,-5.766686364365441797e+00
1.647400000000000091e+02,-5.042325009608669362e+00
1.647599999999999909e+02,-4.340170468950887539e+00
1.647800000000000011e+02,-3.683944210297680488e+00
1.648000000000000114e+02,-3.093759067786620687e+00
1.648199999999999932e+02,-2.584709829314290275e+00
1.648400000000000034e+02,-2.166238268782807008e+00
1.648600000000000136e+02,-1.841868397676053704e+00
1.648799999999999955e+02,-1.608948186454925766e+00
1.649000000000000057e+02,-1.459075635343115795e+00
1.649200000000000159e+02,-1.380256676001111460e+00
1.649399999999999977e+02,-1.360264223084867607e+00
1.649600000000000080e+02,-1.389299381929677057e+00
1.649799999999999898e+02,-1.460984177245675975e+00
1.650000000000000000e+02,-1.572179123524341193e+00
1.650200000000000102e+02,-1.722415510793525728e+00
1.650399999999999920e+02,-1.913362035277198059e+00
1.650600000000000023e+02,-2.148421830047945846e+00
1.650800000000000125e+02,-2.432416278406382748e+00
1.650999999999999943e+02,-2.771267383466920808e+00
1.651200000000000045e+02,-3.171566604287311186e+00
1.651400000000000148e+02,-3.639887555103296091e+00
1.651599999999999966e+02,-4.181658311070227008e+00
1.651800000000000068e+02,-4.799367655761507478e+00
1.652000000000000171e+02,-5.489882655027467528e+00
1.652199999999999989e+02,-6.240787004008532257e+00
1.652400000000000091e+02,-7.026060818179549194e+00
1.652599999999999909e+02,-7.802270882731884960e+00
1.652800000000000011e+02,-8.507690513109617214e+00
1.653000000000000114e+02,-9.067757882229100730e+00
1.653199999999999932e+02,-9.409390065878644904e+00
1.653400000000000034e+02,-9.482153525801154004e+00
1.653600000000000136e+02,-9.277161665234578081e+00
1.653799999999999955e+02,-8.831001286274313244e+00
1.654000000000000057e+02,-8.209120493021234921e+00
1.654200000000000159e+02,-7.478606296286057997e+00
1.654399999999999977e+02,-6.689490414713800348e+00
1.654600000000000080e+02,-5.874634737226855918e+00
1.654799999999999898e+02,-5.060032615801294043e+00
1.655000000000000000e+02,-4.271649288766524499e+00
1.655200000000000102e+02,-3.534538415930124078e+00
1.655399999999999920e+02,-2.868686207551140122e+00
1.655600000000000023e+02,-2.286190803125405679e+00
1.655800000000000125e+02,-1.791040742404220287e+00
1.655999999999999943e+02,-1.380687712734855133e+00
1.656200000000000045e+02,-1.048287828420162882e+00
1.656400000000000148e+02,-7.848830882968611533e-01
1.656599999999999966e+02,-5.812139974890908611e-01
1.656800000000000068e+02,-4.290427243324992368e-01
1.657000000000000171e+02,-3.216966600079476657e-01
1.657199999999999989e+02,-2.531661294003789142e-01
1.657400000000000091e+02,-2.161030357541905422e-01
1.657599999999999909e+02,-2.018338086587768143e-01
1.657800000000000011e+02,-2.030715925258520793e-01
1.658000000000000114e+02,-2.154168771475113153e-01
1.658199999999999932e+02,-2.368185765925221453e-01
1.658400000000000034e+02,-2.666801474366656821e-01
1.658600000000000136e+02,-3.053092561213278655e-01
1.658799999999999955e+02,-3.536633525458601768e-01
1.659000000000000057e+02,-4.132596841114258845e-01
1.659200000000000159e+02,-4.861741286108325344e-01
1.659399999999999977e+02,-5.750940048783151903e-01
1.659600000000000080e+02,-6.834119452023004193e-01
1.659799999999999898e+02,-8.153539428176885817e-01
1.660000000000000000e+02,-9.761415649301906639e-01
1.660200000000000102e+02,-1.172183889451909655e+00
1.660399999999999920e+02,-1.411291727648178229e+00
1.660600000000000023e+02,-1.702894836201340745e+00
1.660800000000000125e+02,-2.058218655251744078e+00
1.660999999999999943e+02,-2.490335100496076759e+00
1.661200000000000045e+02,-3.013924399242080110e+00
1.661400000000000148e+02,-3.644457277654066019e+00
1.661599999999999966e+02,-4.396309775425835120e+00
1.661800000000000068e+02,-5.279067960275972027e+00
1.662000000000000171e+02,-6.291074906296296732e+00
1.662199999999999989e+02,-7.409477352907880565e+00
1.662400000000000091e+02,-8.577458061024859859e+00
1.662599999999999909e+02,-9.693172827128659463e+00
1.662800000000000011e+02,-1.061128270761358650e+01
1.663000000000000114e+02,-1.117219649700763817e+01
1.663199999999999932e+02,-1.126418143517352988e+01
1.663400000000000034e+02,-1.089155696648305316e+01
1.663600000000000136e+02,-1.019156114862941820e+01
1.663799999999999955e+02,-9.362187729283277804e+00
1.664000000000000057e+02,-8.543887930801661312e+00
1.664200000000000159e+02,-7.768258312665975218e+00
1.664399999999999977e+02,-7.022783818672185596e+00
1.664600000000000080e+02,-6.328983553318209943e+00
1.664799999999999898e+02,-5.746791893177834787e+00
1.665000000000000000e+02,-5.335398472069851294e+00
1.665200000000000102e+02,-5.120463430498182866e+00
1.665399999999999920e+02,-5.087629614901151065e+00
1.665600000000000023e+02,-5.200211148903329139e+00
1.665800000000000125e+02,-5.422272322686255031e+00
1.665999999999999943e+02,-5.730737188994162068e+00
1.666200000000000045e+02,-6.116082582764346576e+00
1.666400000000000148e+02,-6.578309826948505190e+00
1.666599999999999966e+02,-7.122687765839169849e+00
1.666800000000000068e+02,-7.756588481962605641e+00
1.667000000000000171e+02,-8.487270939857200602e+00
1.667199999999999989e+02,-9.320098516533468214e+00
1.667400000000000091e+02,-1.025669741746416896e+01
1.667599999999999909e+02,-1.129268616027460759e+01
1.667800000000000011e+02,-1.241477282378079572e+01
1.668000000000000114e+02,-1.359726115112186484e+01
1.668199999999999932e+02,-1.479839420484368695e+01
1.668400000000000034e+02,-1.595754880918039653e+01
1.668600000000000136e+02,-1.699501253906023734e+01
1.668799999999999955e+02,-1.781662575352394740e+01
1.669000000000000057e+02,-1.832530146438834606e+01
1.669200000000000159e+02,-1.843951648420281941e+01
1.669399999999999977e+02,-1.811508127703755378e+01
1.669600000000000080e+02,-1.736230599019613763e+01
1.669799999999999898e+02,-1.624949882233655174e+01
1.670000000000000000e+02,-1.488850266213890983e+01
1.670200000000000102e+02,-1.340726423005417622e+01
1.670399999999999920e+02,-1.192168007110557681e+01
1.670600000000000023e+02,-1.051813894510204150e+01
1.670800000000000125e+02,-9.250277206402230945e+00
1.670999999999999943e+02,-8.145537499729693209e+00
1.671200000000000045e+02,-7.214611586299570334e+00
1.671400000000000148e+02,-6.459123341489744874e+00
1.671599999999999966e+02,-5.876177642156366510e+00
1.671800000000000068e+02,-5.460297998754743531e+00
1.672000000000000171e+02,-5.203839015386248157e+00
1.672199999999999989e+02,-5.097009474489932579e+00
1.672400000000000091e+02,-5.128450446957663722e+00
1.672599999999999909e+02,-5.286696774336937743e+00
1.672800000000000011e+02,-5.562040546755946835e+00
1.673000000000000114e+02,-5.947981424621272772e+00
1.673199999999999932e+02,-6.441782727705409606e+00
1.673400000000000034e+02,-7.044145893235432609e+00
1.673600000000000136e+02,-7.758232866200945210e+00
1.673799999999999955e+02,-8.588203406713828869e+00
1.674000000000000057e+02,-9.537272095179229581e+00
1.674200000000000159e+02,-1.060515611861750784e+01
1.674399999999999977e+02,-1.178473417799351708e+01
1.674600000000000080e+02,-1.305781017704694769e+01
1.674799999999999898e+02,-1.439014238299912840e+01
1.675000000000000000e+02,-1.572645381123897934e+01
1.675200000000000102e+02,-1.698703862741772141e+01
1.675399999999999920e+02,-1.806867021675538254e+01
1.675600000000000023e+02,-1.885318597030457255e+01
1.675800000000000125e+02,-1.922617734014072255e+01
1.675999999999999943e+02,-1.910437798199646053e+01
1.676200000000000045e+02,-1.846392098362023404e+01
1.676400000000000148e+02,-1.735629758181625348e+01
1.676599999999999966e+02,-1.590064676746107786e+01
1.676800000000000068e+02,-1.425243332351853276e+01
1.677000000000000171e+02,-1.256285241866705960e+01
1.677199999999999989e+02,-1.094831174535678464e+01
1.677400000000000091e+02,-9.480507110652521163e+00
1.677599999999999909e+02,-8.193652025439524422e+00
1.677800000000000011e+02,-7.098250762139282521e+00
1.678000000000000114e+02,-6.192986367874228293e+00
1.678199999999999932e+02,-5.471876021819184643e+00
1.678400000000000034e+02,-4.927404581110527815e+00
1.678600000000000136e+02,-4.551155776753710747e+00
1.678799999999999955e+02,-4.333223918855516388e+00
1.679000000000000057e+02,-4.261638507226488848e+00
1.679200000000000159e+02,-4.322931300396177789e+00
1.679399999999999977e+02,-4.504086844880174745e+00
1.679600000000000080e+02,-4.794915412973529634e+00
1.679799999999999898e+02,-5.189656875688074322e+00
1.680000000000000000e+02,-5.687381297900645727e+00
1.680200000000000102e+02,-6.291455144123906607e+00
1.680399999999999920e+02,-7.008479981373830547e+00
1.680600000000000023e+02,-7.846905186737364701e+00
1.680800000000000125e+02,-8.815267946422668643e+00
1.680999999999999943e+02,-9.919835988359571033e+00
1.681200000000000045e+02,-1.116133191119681811e+01
1.681400000000000148e+02,-1.253041614118858327e+01
1.681599999999999966e+02,-1.400177349570370389e+01
1.681800000000000068e+02,-1.552713141091576787e+01
1.682000000000000171e+02,-1.702852817036805533e+01
1.682199999999999989e+02,-1.839472430704715222e+01
1.682400000000000091e+02,-1.948541668787875025e+01
1.682599999999999909e+02,-2.014849483935578078e+01
1.682800000000000011e+02,-2.025257359813742752e+01
1.683000000000000114e+02,-1.972869015795349767e+01
1.683199999999999932e+02,-1.860405130251132988e+01
1.683400000000000034e+02,-1.700640465697355808e+01
1.683600000000000136e+02,-1.512957412560392711e+01
1.683799999999999955e+02,-1.317504227884964862e+01
1.684000000000000057e+02,-1.130083270668173334e+01
1.684200000000000159e+02,-9.600892401859821845e+00
1.684399999999999977e+02,-8.114168480893480861e+00
1.684600000000000080e+02,-6.846208284046376491e+00
1.684799999999999898e+02,-5.787842276675554842e+00
1.685000000000000000e+02,-4.925804665367382817e+00
1.685200000000000102e+02,-4.247112369869530113e+00
1.685399999999999920e+02,-3.740197807308833333e+00
1.685600000000000023e+02,-3.394405186661571427e+00
1.685800000000000125e+02,-3.198466428026323971e+00
1.685999999999999943e+02,-3.138967043057599771e+00
1.686200000000000045e+02,-3.200504895485403178e+00
1.686400000000000148e+02,-3.368154633291013500e+00
1.686599999999999966e+02,-3.630644624263153819e+00
1.686800000000000068e+02,-3.982293174712413730e+00
1.687000000000000171e+02,-4.423278491010465885e+00
1.687199999999999989e+02,-4.958926591661369621e+00
1.687400000000000091e+02,-5.598704804040291805e+00
1.687599999999999909e+02,-6.355196370012183849e+00
1.687800000000000011e+02,-7.242997261561922251e+00
1.688000000000000114e+02,-8.277282268815543631e+00
1.688199999999999932e+02,-9.471655968545354298e+00
1.688400000000000034e+02,-1.083479633329378977e+01
1.688600000000000136e+02,-1.236531539064274554e+01
1.688799999999999955e+02,-1.404432846328261242e+01
1.689000000000000057e+02,-1.582565007806132940e+01
1.689200000000000159e+02,-1.762471884627365881e+01
1.689399999999999977e+02,-1.930968606387654063e+01
1.689600000000000080e+02,-2.070148301421010117e+01
1.689799999999999898e+02,-2.159239056415957236e+01
1.690000000000000000e+02,-2.179033506697683009e+01
1.690200000000000102e+02,-2.118365822221063510e+01
1.690399999999999920e+02,-1.979995337116606891e+01
1.690600000000000023e+02,-1.781931556602247824e+01
1.690800000000000125e+02,-1.552007050618605000e+01
1.690999999999999943e+02,-1.318173116107504761e+01
1.691200000000000045e+02,-1.100389112538914738e+01
1.691400000000000148e+02,-9.082816645793979404e+00
1.691599999999999966e+02,-7.437964780421190802e+00
1.691800000000000068e+02,-6.051778923116698294e+00
1.692000000000000171e+02,-4.896668067070434560e+00
1.692199999999999989e+02,-3.945899844964804615e+00
1.692400000000000091e+02,-3.175767081021862115e+00
1.692599999999999909e+02,-2.565371741552817664e+00
1.692800000000000011e+02,-2.096621698424287139e+00
1.693000000000000114e+02,-1.754655547465878485e+00
1.693199999999999932e+02,-1.527818805099429689e+00
1.693400000000000034e+02,-1.405985338121124251e+00
1.693600000000000136e+02,-1.377429147530939924e+00
1.693799999999999955e+02,-1.427537799256573869e+00
1.694000000000000057e+02,-1.541805088526084999e+00
1.694200000000000159e+02,-1.710016260385325948e+00
1.694399999999999977e+02,-1.927949069332389076e+00
1.694600000000000080e+02,-2.196814055337682703e+00
1.694799999999999898e+02,-2.522108542832616873e+00
1.695000000000000000e+02,-2.912769297143703362e+00
1.695200000000000102e+02,-3.380763828280723082e+00
1.695399999999999920e+02,-3.940999927785225232e+00
1.695600000000000023e+02,-4.611391550545610230e+00
1.695800000000000125e+02,-5.412914301642731907e+00
1.695999999999999943e+02,-6.369446721912538578e+00
1.696200000000000045e+02,-7.507095827553879275e+00
1.696400000000000148e+02,-8.852538379559742765e+00
1.696599999999999966e+02,-1.042963587549576232e+01
1.696800000000000068e+02,-1.225324912713990599e+01
1.697000000000000171e+02,-1.431886080694098773e+01
1.697199999999999989e+02,-1.658669779386021048e+01
1.697400000000000091e+02,-1.896032770555608593e+01
1.697599999999999909e+02,-2.126361095710948490e+01
1.697800000000000011e+02,-2.322775391587479987e+01
1.698000000000000114e+02,-2.451044905929811435e+01
1.698199999999999932e+02,-2.477185013451995488e+01
1.698400000000000034e+02,-2.380832355825931756e+01
1.698600000000000136e+02,-2.168671655274595622e+01
1.698799999999999955e+02,-1.877280609412305168e+01
1.699000000000000057e+02,-1.559146759905478241e+01
1.699200000000000159e+02,-1.259711762947789992e+01
1.699399999999999977e+02,-1.002445330168160176e+01
1.699600000000000080e+02,-7.905629003617222317e+00
1.699799999999999898e+02,-6.179332496831369426e+00
1.700000000000000000e+02,-4.776477256016048223e+00
1.700200000000000102e+02,-3.648056767007818557e+00
1.700399999999999920e+02,-2.761488893407307188e+00
1.700600000000000023e+02,-2.090808235391790060e+00
1.700800000000000125e+02,-1.608724337401997051e+00
1.700999999999999943e+02,-1.282098640481264651e+00
1.701200000000000045e+02,-1.073904407957339213e+00
1.701400000000000148e+02,-9.508930991596540316e-01
1.701599999999999966e+02,-8.891877805195927964e-01
1.701800000000000068e+02,-8.740768605166627792e-01
1.702000000000000171e+02,-8.972057975240708139e-01
1.702199999999999989e+02,-9.541563310264216113e-01
1.702400000000000091e+02,-1.043020425925395012e+00
1.702599999999999909e+02,-1.163646735511836061e+00
1.702800000000000011e+02,-1.317213633505502690e+00
1.703000000000000114e+02,-1.505916677606656373e+00
1.703199999999999932e+02,-1.732631404965039534e+00
1.703400000000000034e+02,-2.000440751369085834e+00
1.703600000000000136e+02,-2.311890917095368092e+00
1.703799999999999955e+02,-2.667810076334046432e+00
1.704000000000000057e+02,-3.065482647786357262e+00
1.704200000000000159e+02,-3.495981938846467685e+00
1.704399999999999977e+02,-3.940606400946091714e+00
1.704600000000000080e+02,-4.366802132423560856e+00
1.704799999999999898e+02,-4.724883152840131828e+00
1.705000000000000000e+02,-4.948311553634714421e+00
1.705200000000000102e+02,-4.961642743406794231e+00
1.705399999999999920e+02,-4.699577669413575798e+00
1.705600000000000023e+02,-4.135214974149060474e+00
1.705800000000000125e+02,-3.305547812372465089e+00
1.705999999999999943e+02,-2.315129209011112188e+00
1.706200000000000045e+02,-1.307038271520692740e+00
1.706400000000000148e+02,-4.140516873289454280e-01
1.706599999999999966e+02,2.800801254083203351e-01
1.706800000000000068e+02,7.498096805249505614e-01
1.707000000000000171e+02,1.013278615136210536e+00
1.707199999999999989e+02,1.111405426317276790e+00
1.707400000000000091e+02,1.091348088181942400e+00
1.707599999999999909e+02,9.964728021118902657e-01
1.707800000000000011e+02,8.616293875523765022e-01
1.708000000000000114e+02,7.120480634189526592e-01
1.708199999999999932e+02,5.643064379856559398e-01
1.708400000000000034e+02,4.281718923430402612e-01
1.708600000000000136e+02,3.085647926283108244e-01
1.708799999999999955e+02,2.072253554351606297e-01
1.709000000000000057e+02,1.238100268903024048e-01
1.709200000000000159e+02,5.623154859940095174e-02
1.709399999999999977e+02,6.536043313636292562e-04
1.709600000000000080e+02,-4.757535179896300176e-02
1.709799999999999898e+02,-9.224070534708275759e-02
1.710000000000000000e+02,-1.358440166877264987e-01
1.710200000000000102e+02,-1.803176636834394331e-01
1.710399999999999920e+02,-2.275788908965953594e-01
1.710600000000000023e+02,-2.797058799284601327e-01
1.710800000000000125e+02,-3.389835012873921305e-01
1.710999999999999943e+02,-4.079535041622418534e-01
1.711200000000000045e+02,-4.894968913101480079e-01
1.711400000000000148e+02,-5.869440254090305675e-01
1.711599999999999966e+02,-7.042032241037797791e-01
1.711800000000000068e+02,-8.459006618429503188e-01
1.712000000000000171e+02,-1.017518795753475480e+00
1.712199999999999989e+02,-1.225510996092112892e+00
1.712400000000000091e+02,-1.477350949149371484e+00
1.712599999999999909e+02,-1.781430920828642295e+00
1.712800000000000011e+02,-2.146661766695712625e+00
1.713000000000000114e+02,-2.581511085377663051e+00
1.713199999999999932e+02,-3.092051218137489954e+00
1.713400000000000034e+02,-3.678373075795790204e+00
1.713600000000000136e+02,-4.328550805987962491e+00
1.713799999999999955e+02,-5.009513800436541153e+00
1.714000000000000057e+02,-5.655401164334224795e+00
1.714200000000000159e+02,-6.157396225694052205e+00
1.714399999999999977e+02,-6.365341602436715540e+00
1.714600000000000080e+02,-6.117479554992154789e+00
1.714799999999999898e+02,-5.308843918735306033e+00
1.715000000000000000e+02,-3.976476518841300489e+00
1.715200000000000102e+02,-2.334097195853467532e+00
1.715399999999999920e+02,-6.952350723729762150e-01
1.715600000000000023e+02,6.771734087376470868e-01
1.715800000000000125e+02,1.668300705780443982e+00
1.715999999999999943e+02,2.293236882447519331e+00
1.716200000000000045e+02,2.630883418302995214e+00
1.716400000000000148e+02,2.780086575113082770e+00
1.716599999999999966e+02,2.838109807258515360e+00
1.716800000000000068e+02,2.886492809040512864e+00
1.717000000000000171e+02,2.980258501097190926e+00
1.717199999999999989e+02,3.142529044952595108e+00
1.717400000000000091e+02,3.370443099459268677e+00
1.717599999999999909e+02,3.650695643979413596e+00
1.717800000000000011e+02,3.973050655416247690e+00
1.718000000000000114e+02,4.335297259504671707e+00
1.718199999999999932e+02,4.742265906628580829e+00
1.718400000000000034e+02,5.203143275675603086e+00
1.718600000000000136e+02,5.729141715617664055e+00
1.718799999999999955e+02,6.331896105616568349e+00
1.719000000000000057e+02,7.022315504845891176e+00
1.719200000000000159e+02,7.809482479236327102e+00
1.719399999999999977e+02,8.699221318760882227e+00
1.719600000000000080e+02,9.692020528079481778e+00
1.719799999999999898e+02,1.078009416338365156e+01
1.720000000000000000e+02,1.194355361838090346e+01
1.720200000000000102e+02,1.314603314414060264e+01
1.720399999999999920e+02,1.433076824811802830e+01
1.720600000000000023e+02,1.541905390724689795e+01
1.720800000000000125e+02,1.631389590428070946e+01
1.720999999999999943e+02,1.691167234697077504e+01
1.721200000000000045e+02,1.712251548108814703e+01
1.721400000000000148e+02,1.689530832011343264e+01
1.721599999999999966e+02,1.623751207285502929e+01
1.721800000000000068e+02,1.521836981768852226e+01
1.722000000000000171e+02,1.395068474730140906e+01
1.722199999999999989e+02,1.255890847627216367e+01
1.722400000000000091e+02,1.114976438785048707e+01
1.722599999999999909e+02,9.798133088606434171e+00
1.722800000000000011e+02,8.549021826438776728e+00
1.723000000000000114e+02,7.427385260072413509e+00
1.723199999999999932e+02,6.447402901276919174e+00
1.723400000000000034e+02,5.617796041590720435e+00
1.723600000000000136e+02,4.943723639897860345e+00
1.723799999999999955e+02,4.426786732943025271e+00
1.724000000000000057e+02,4.064248147489709417e+00
1.724200000000000159e+02,3.848400302274032736e+00
1.724399999999999977e+02,3.767158860296239808e+00
1.724600000000000080e+02,3.806381918489366356e+00
1.724799999999999898e+02,3.953031314573331123e+00
1.725000000000000000e+02,4.197669909195072435e+00
1.725200000000000102e+02,4.535536017016894128e+00
1.725399999999999920e+02,4.966427057241836529e+00
1.725600000000000023e+02,5.493948112927174776e+00
1.725800000000000125e+02,6.124489951122015441e+00
1.725999999999999943e+02,6.866016197947322652e+00
1.726200000000000045e+02,7.726533163839874874e+00
1.726400000000000148e+02,8.711992938838953648e+00
1.726599999999999966e+02,9.823316950967734940e+00
1.726800000000000068e+02,1.105224207981827789e+01
1.727000000000000171e+02,1.237586494498167156e+01
1.727199999999999989e+02,1.375024800614021281e+01
1.727400000000000091e+02,1.510442966931205788e+01
1.727599999999999909e+02,1.633769794586803314e+01
1.727800000000000011e+02,1.732455832246747462e+01
1.728000000000000114e+02,1.793198101018142410e+01
1.728199999999999932e+02,1.804993061620062988e+01
1.728400000000000034e+02,1.762775873830915074e+01
1.728600000000000136e+02,1.669956403421328872e+01
1.728799999999999955e+02,1.538063309239607968e+01
1.729000000000000057e+02,1.383147577705876152e+01
1.729200000000000159e+02,1.220787356056013451e+01
1.729399999999999977e+02,1.062471815335296021e+01
1.729600000000000080e+02,9.148196564869767400e+00
1.729799999999999898e+02,7.808980956731580214e+00
1.730000000000000000e+02,6.619611389055160444e+00
1.730200000000000102e+02,5.585641028800419683e+00
1.730399999999999920e+02,4.709894446864142381e+00
1.730600000000000023e+02,3.993247385566516261e+00
1.730800000000000125e+02,3.434412023491425714e+00
1.730999999999999943e+02,3.029258057265908910e+00
1.731200000000000045e+02,2.769556354879817661e+00
1.731400000000000148e+02,2.642075967242909051e+00
1.731599999999999966e+02,2.629888269903835951e+00
1.731800000000000068e+02,2.716087558905562194e+00
1.732000000000000171e+02,2.887602565720359671e+00
1.732199999999999989e+02,3.137075296989079387e+00
1.732400000000000091e+02,3.462866588544522006e+00
1.732599999999999909e+02,3.868217953631331252e+00
1.732800000000000011e+02,4.360313234697485107e+00
1.733000000000000114e+02,4.949474839151383421e+00
1.733199999999999932e+02,5.648426885593151425e+00
1.733400000000000034e+02,6.471417886225420801e+00
1.733600000000000136e+02,7.432905663616138803e+00
1.733799999999999955e+02,8.545415342379817147e+00
1.734000000000000057e+02,9.816072887564279981e+00
1.734200000000000159e+02,1.124125501455958798e+01
1.734399999999999977e+02,1.279891844217091368e+01
1.734600000000000080e+02,1.443876741132269537e+01
1.734799999999999898e+02,1.607191311574726100e+01
1.735000000000000000e+02,1.756440011943596247e+01
1.735200000000000102e+02,1.874237927142258897e+01
1.735399999999999920e+02,1.941808272027542159e+01
1.735600000000000023e+02,1.943987955366949905e+01
1.735800000000000125e+02,1.875303351848564404e+01
1.735999999999999943e+02,1.743809834029511308e+01
1.736200000000000045e+02,1.569333521549707200e+01
1.736400000000000148e+02,1.376103910244180106e+01
1.736599999999999966e+02,1.184231972092013940e+01
1.736800000000000068e+02,1.005343079510641857e+01
1.737000000000000171e+02,8.436967539559937279e+00
1.737199999999999989e+02,6.998011544331874667e+00
1.737400000000000091e+02,5.731742666811242337e+00
1.737599999999999909e+02,4.633182716106866827e+00
1.737800000000000011e+02,3.696735863719045945e+00
1.738000000000000114e+02,2.913943427145325504e+00
1.738199999999999932e+02,2.272829757548538332e+00
1.738400000000000034e+02,1.758890028591625798e+00
1.738600000000000136e+02,1.356874330133184703e+00
1.738799999999999955e+02,1.052662918627392585e+00
1.739000000000000057e+02,8.346507677645922385e-01
1.739200000000000159e+02,6.936992447984691168e-01
1.739399999999999977e+02,6.206718043743061353e-01
1.739600000000000080e+02,6.035192257262826931e-01
1.739799999999999898e+02,6.286700529551297878e-01
1.740000000000000000e+02,6.854663059466896691e-01
1.740200000000000102e+02,7.681967321102004531e-01
1.740399999999999920e+02,8.753604954155945750e-01
1.740600000000000023e+02,1.008381827795266084e+00
1.740800000000000125e+02,1.170766201326276512e+00
1.740999999999999943e+02,1.367730200081599179e+00
1.741200000000000045e+02,1.606143836033161243e+00
1.741400000000000148e+02,1.894664072440473523e+00
1.741599999999999966e+02,2.243991537575335649e+00
1.741800000000000068e+02,2.667211035725423507e+00
1.742000000000000171e+02,3.180181513174585639e+00
1.742199999999999989e+02,3.801925720442556500e+00
1.742400000000000091e+02,4.554927441026161539e+00
1.742599999999999909e+02,5.465161800721364926e+00
1.742800000000000011e+02,6.561538687033885431e+00
1.743000000000000114e+02,7.874196477128880822e+00
1.743199999999999932e+02,9.430707981915219307e+00
1.743400000000000034e+02,1.124876108304054512e+01
1.743600000000000136e+02,1.332340372816842411e+01
1.743799999999999955e+02,1.560706394533358221e+01
1.744000000000000057e+02,1.798263698156160473e+01
1.744200000000000159e+02,2.023633673290974855e+01
1.744399999999999977e+02,2.204950710169057970e+01
1.744600000000000080e+02,2.304229285988990128e+01
1.744799999999999898e+02,2.289626667620130718e+01
1.745000000000000000e+02,2.152855571787936739e+01
1.745200000000000102e+02,1.920163373380472649e+01
1.745399999999999920e+02,1.643789029222239506e+01
1.745600000000000023e+02,1.375639124864470375e+01
1.745800000000000125e+02,1.143830051570281903e+01
1.745999999999999943e+02,9.511100434052087493e+00
1.746200000000000045e+02,7.901323609349232058e+00
1.746400000000000148e+02,6.559601164348816127e+00
1.746599999999999966e+02,5.481132464665552817e+00
1.746800000000000068e+02,4.674926755201530781e+00
1.747000000000000171e+02,4.133907394164589633e+00
1.747199999999999989e+02,3.824392863763130812e+00
1.747400000000000091e+02,3.696876093443577371e+00
1.747599999999999909e+02,3.705020929992401069e+00
1.747800000000000011e+02,3.816650995416407177e+00
1.748000000000000114e+02,4.014172120602043314e+00
1.748199999999999932e+02,4.290515217543445559e+00
1.748400000000000034e+02,4.645077049960884885e+00
1.748600000000000136e+02,5.080879635236800418e+00
1.748799999999999955e+02,5.602720331656374064e+00
1.749000000000000057e+02,6.215798608174416984e+00
1.749200000000000159e+02,6.924355657136534781e+00
1.749399999999999977e+02,7.729954083461546333e+00
1.749600000000000080e+02,8.629099442079390059e+00
1.749799999999999898e+02,9.610005095901316352e+00
1.750000000000000000e+02,1.064849475122977296e+01
1.750200000000000102e+02,1.170344921794623261e+01
1.750399999999999920e+02,1.271292286301034302e+01
1.750600000000000023e+02,1.359308822326880417e+01
1.750800000000000125e+02,1.424313639861373026e+01
1.750999999999999943e+02,1.455920103363071405e+01
1.751200000000000045e+02,1.445785384947152608e+01
1.751400000000000148e+02,1.390404535273271236e+01
1.751599999999999966e+02,1.293178329335395738e+01
1.751800000000000068e+02,1.164422576762902395e+01
1.752000000000000171e+02,1.018833337598930022e+01
1.752199999999999989e+02,8.714439907139379216e+00
1.752400000000000091e+02,7.340721833341205205e+00
1.752599999999999909e+02,6.137450055427827067e+00
1.752800000000000011e+02,5.131403917685277705e+00
1.753000000000000114e+02,4.320434417380507597e+00
1.753199999999999932e+02,3.688072573322354941e+00
1.753400000000000034e+02,3.213565679227797567e+00
1.753600000000000136e+02,2.877233660985067498e+00
1.753799999999999955e+02,2.662567985130301906e+00
1.754000000000000057e+02,2.556320799769108199e+00
1.754200000000000159e+02,2.547503494274790725e+00
1.754399999999999977e+02,2.626305008901582472e+00
1.754600000000000080e+02,2.783908026019421111e+00
1.754799999999999898e+02,3.013366607172859091e+00
1.755000000000000000e+02,3.310757401821621038e+00
1.755200000000000102e+02,3.675784492848996443e+00
1.755399999999999920e+02,4.111652104723017231e+00
1.755600000000000023e+02,4.624445762419374439e+00
1.755800000000000125e+02,5.222259357933002555e+00
1.755999999999999943e+02,5.914119777828291902e+00
1.756200000000000045e+02,6.708583999767006034e+00
1.756400000000000148e+02,7.611762195611826876e+00
1.756599999999999966e+02,8.624447024202856582e+00
1.756800000000000068e+02,9.738034918983489163e+00
1.757000000000000171e+02,1.092907448493972211e+01
1.757199999999999989e+02,1.215275578956741853e+01
1.757400000000000091e+02,1.333664579738121958e+01
1.757599999999999909e+02,1.437760293662147326e+01
1.757800000000000011e+02,1.514664888482101013e+01
1.758000000000000114e+02,1.550714200876889137e+01
1.758199999999999932e+02,1.534821349824391490e+01
1.758400000000000034e+02,1.462621240095043795e+01
1.758600000000000136e+02,1.339523186476357708e+01
1.758799999999999955e+02,1.180456154562395277e+01
1.759000000000000057e+02,1.005621551351477017e+01
1.759200000000000159e+02,8.342617303086186098e+00
1.759399999999999977e+02,6.798690027959550797e+00
1.759600000000000080e+02,5.488863744884691087e+00
1.759799999999999898e+02,4.422802089105876355e+00
1.760000000000000000e+02,3.580097908345536872e+00
1.760200000000000102e+02,2.929626654095197402e+00
1.760399999999999920e+02,2.440217054431367050e+00
1.760600000000000023e+02,2.085140260660101497e+00
1.760800000000000125e+02,1.843435711204098659e+00
1.760999999999999943e+02,1.699717073473175244e+00
1.761200000000000045e+02,1.642905934405709756e+00
1.761400000000000148e+02,1.664130724627324920e+00
1.761599999999999966e+02,1.754894195107566057e+00
1.761800000000000068e+02,1.907017831738786251e+00
1.762000000000000171e+02,2.114263931319516399e+00
1.762199999999999989e+02,2.373949190549755617e+00
1.762400000000000091e+02,2.687473472924730711e+00
1.762599999999999909e+02,3.059978498832978566e+00
1.762800000000000011e+02,3.499719943545272827e+00
1.763000000000000114e+02,4.017472819121738148e+00
1.763199999999999932e+02,4.625995514936914965e+00
1.763400000000000034e+02,5.339405683101555056e+00
1.763600000000000136e+02,6.172224025936982272e+00
1.763799999999999955e+02,7.137739118746900147e+00
1.764000000000000057e+02,8.245237265527848081e+00
1.764200000000000159e+02,9.495520267150137528e+00
1.764399999999999977e+02,1.087412694155729653e+01
1.764600000000000080e+02,1.234198155975211364e+01
1.764799999999999898e+02,1.382425071920861370e+01
1.765000000000000000e+02,1.520050956620746163e+01
1.765200000000000102e+02,1.630304869959208247e+01
1.765399999999999920e+02,1.693375700767211711e+01
1.765600000000000023e+02,1.690871550976671500e+01
1.765800000000000125e+02,1.612665899710419737e+01
1.765999999999999943e+02,1.463278099843290292e+01
1.766200000000000045e+02,1.263193038049682748e+01
1.766400000000000148e+02,1.042497630298114508e+01
1.766599999999999966e+02,8.298586629850849050e+00
1.766800000000000068e+02,6.438679914502479562e+00
1.767000000000000171e+02,4.913212556248813812e+00
1.767199999999999989e+02,3.708953830244462235e+00
1.767400000000000091e+02,2.777852770643479019e+00
1.767599999999999909e+02,2.066439620041943925e+00
1.767800000000000011e+02,1.527526911387340869e+00
1.768000000000000114e+02,1.122567054141359266e+00
1.768199999999999932e+02,8.208399316213884633e-01
1.768400000000000034e+02,5.980719157086243909e-01
1.768600000000000136e+02,4.352056595059084487e-01
1.768799999999999955e+02,3.174061555176612703e-01
1.769000000000000057e+02,2.332556105258860868e-01
1.769200000000000159e+02,1.740939369165584727e-01
1.769399999999999977e+02,1.334870918346212076e-01
1.769600000000000080e+02,1.068302108938531392e-01
1.769799999999999898e+02,9.111532018292642365e-02
1.770000000000000000e+02,8.485858291241854534e-02
1.770200000000000102e+02,8.783202433866001135e-02
1.770399999999999920e+02,9.981178972450370501e-02
1.770600000000000023e+02,1.193252700732598537e-01
1.770800000000000125e+02,1.445700347708623879e-01
1.770999999999999943e+02,1.747513562932872799e-01
1.771200000000000045e+02,2.101883204865570842e-01
1.771400000000000148e+02,2.519505740874566913e-01
1.771599999999999966e+02,3.016125088260091514e-01
1.771800000000000068e+02,3.611754201974071710e-01
1.772000000000000171e+02,4.330944192344003407e-01
1.772199999999999989e+02,5.203669058162867511e-01
1.772400000000000091e+02,6.266633677811085379e-01
1.772599999999999909e+02,7.564967686621520970e-01
1.772800000000000011e+02,9.154332975788291860e-01
1.773000000000000114e+02,1.110350832908216123e+00
1.773199999999999932e+02,1.349754301295968739e+00
1.773400000000000034e+02,1.644154942610204229e+00
1.773600000000000136e+02,2.006519538408218839e+00
1.773799999999999955e+02,2.452785373666529267e+00
1.774000000000000057e+02,3.002417721754446767e+00
1.774200000000000159e+02,3.678946344136655888e+00
1.774399999999999977e+02,4.510337174661866122e+00
1.774600000000000080e+02,5.528906684137941951e+00
1.774799999999999898e+02,6.770213064096539668e+00
1.775000000000000000e+02,8.269893939908547154e+00
1.775200000000000102e+02,1.005668412436628145e+01
1.775399999999999920e+02,1.213888010780467397e+01
1.775600000000000023e+02,1.448075308702789421e+01
1.775800000000000125e+02,1.696642787765686933e+01
1.775999999999999943e+02,1.935525109232769836e+01
1.776200000000000045e+02,2.125024803889872160e+01
1.776400000000000148e+02,2.213001977909708629e+01
1.776599999999999966e+02,2.150823677053882577e+01
1.776800000000000068e+02,1.921854073642871086e+01
1.777000000000000171e+02,1.564909559727496813e+01
1.777199999999999989e+02,1.164755412489517283e+01
1.777400000000000091e+02,8.059210783448389037e+00
1.777599999999999909e+02,5.290666096905179749e+00
1.777800000000000011e+02,3.298484531344892723e+00
1.778000000000000114e+02,1.872775986108419222e+00
1.778199999999999932e+02,8.311482831760939050e-01
1.778400000000000034e+02,4.839365151767351103e-02
1.778600000000000136e+02,-5.627358796817907294e-01
1.778799999999999955e+02,-1.062463810555712040e+00
1.779000000000000057e+02,-1.487793233140477067e+00
1.779200000000000159e+02,-1.859145249687590207e+00
1.779399999999999977e+02,-2.189181372906598089e+00
1.779600000000000080e+02,-2.488777091434659194e+00
1.779799999999999898e+02,-2.769041197420684330e+00
1.780000000000000000e+02,-3.041124793093870959e+00
1.780200000000000102e+02,-3.315423025773209353e+00
1.780399999999999920e+02,-3.600872265652323989e+00
1.780600000000000023e+02,-3.904471055161601978e+00
1.780800000000000125e+02,-4.230935620750556403e+00
1.780999999999999943e+02,-4.582363115881887161e+00
1.781200000000000045e+02,-4.957818967825964762e+00
1.781400000000000148e+02,-5.352829176180859960e+00
1.781599999999999966e+02,-5.758851696641100304e+00
1.781800000000000068e+02,-6.162899162996515301e+00
1.782000000000000171e+02,-6.547586167180026173e+00
1.782199999999999989e+02,-6.891928330444024198e+00
1.782400000000000091e+02,-7.173157378829355224e+00
1.782599999999999909e+02,-7.369564506854469954e+00
1.782800000000000011e+02,-7.463949220125664752e+00
1.783000000000000114e+02,-7.446790863763236956e+00
1.783199999999999932e+02,-7.318087786832368380e+00
1.783400000000000034e+02,-7.087178204019590311e+00
1.783600000000000136e+02,-6.770691060915926762e+00
1.783799999999999955e+02,-6.389574546066563165e+00
1.784000000000000057e+02,-5.966354328609840607e+00
1.784200000000000159e+02,-5.523279180841348612e+00
1.784399999999999977e+02,-5.081290888769446568e+00
1.784600000000000080e+02,-4.659366295626724330e+00
1.784799999999999898e+02,-4.273868305894890973e+00
1.785000000000000000e+02,-3.937849878877059062e+00
1.785200000000000102e+02,-3.660492558755470416e+00
1.785399999999999920e+02,-3.446930152696994210e+00
1.785600000000000023e+02,-3.298619496045850141e+00
1.785800000000000125e+02,-3.214222603964107527e+00
1.785999999999999943e+02,-3.190754024917309195e+00
1.786200000000000045e+02,-3.224664363797156152e+00
1.786400000000000148e+02,-3.312616414256678521e+00
1.786599999999999966e+02,-3.451872615847165093e+00
1.786800000000000068e+02,-3.640333290837518998e+00
1.787000000000000171e+02,-3.876302820424392337e+00
1.787199999999999989e+02,-4.158044368527897383e+00
1.787400000000000091e+02,-4.483154109142374999e+00
1.787599999999999909e+02,-4.847770001280871099e+00
1.787800000000000011e+02,-5.245643321327191799e+00
1.788000000000000114e+02,-5.667147916812871777e+00
1.788199999999999932e+02,-6.098394649597264738e+00
1.788400000000000034e+02,-6.520734235597148931e+00
1.788600000000000136e+02,-6.911042279956982171e+00
1.788799999999999955e+02,-7.243190996994592901e+00
1.789000000000000057e+02,-7.490907680021330783e+00
1.789200000000000159e+02,-7.631739171978199288e+00
1.789399999999999977e+02,-7.651187107494110684e+00
1.789600000000000080e+02,-7.545629595618661867e+00
1.789799999999999898e+02,-7.322847705590870504e+00
1.790000000000000000e+02,-6.999956482460543583e+00
1.790200000000000102e+02,-6.599766253262450810e+00
1.790399999999999920e+02,-6.147188523082866674e+00
1.790600000000000023e+02,-5.666819289010008198e+00
1.790800000000000125e+02,-5.181779405879454181e+00
1.790999999999999943e+02,-4.713171078773044087e+00
1.791200000000000045e+02,-4.279526052545186587e+00
1.791400000000000148e+02,-3.896054421520685818e+00
1.791599999999999966e+02,-3.573881096526680512e+00
1.791800000000000068e+02,-3.319599385759253174e+00
1.792000000000000171e+02,-3.135425530984534692e+00
1.792199999999999989e+02,-3.020038104599422013e+00
1.792400000000000091e+02,-2.969896450796287724e+00
1.792599999999999909e+02,-2.980626361585451356e+00
1.792800000000000011e+02,-3.048096930225912438e+00
1.793000000000000114e+02,-3.169025091713308040e+00
1.793199999999999932e+02,-3.341140342190458856e+00
1.793400000000000034e+02,-3.563021610207496970e+00
1.793600000000000136e+02,-3.833699882719006080e+00
1.793799999999999955e+02,-4.152071006877709358e+00
1.794000000000000057e+02,-4.516123535504790176e+00
1.794200000000000159e+02,-4.921975116418663809e+00
1.794399999999999977e+02,-5.362737347484301864e+00
1.794600000000000080e+02,-5.827303033140204036e+00
1.794799999999999898e+02,-6.299278276143612132e+00
1.795000000000000000e+02,-6.756451189604990581e+00
1.795200000000000102e+02,-7.171335057324483842e+00
1.795399999999999920e+02,-7.513314288519526762e+00
1.795600000000000023e+02,-7.752580802080479394e+00
1.795800000000000125e+02,-7.865307647294736526e+00
1.795999999999999943e+02,-7.838594608917278883e+00
1.796200000000000045e+02,-7.673264011521927941e+00
1.796400000000000148e+02,-7.383203822445374875e+00
1.796599999999999966e+02,-6.991593147210849679e+00
1.796800000000000068e+02,-6.525935114056804487e+00
1.797000000000000171e+02,-6.014094971530572487e+00
1.797199999999999989e+02,-5.482322654843192034e+00
1.797400000000000091e+02,-4.954716290042729732e+00
1.797599999999999909e+02,-4.453006967631840674e+00
1.797800000000000011e+02,-3.995993166503625460e+00
1.798000000000000114e+02,-3.598634782671915389e+00
1.798199999999999932e+02,-3.271175687383370168e+00
1.798400000000000034e+02,-3.018715558825736611e+00
1.798600000000000136e+02,-2.841556301351826352e+00
1.798799999999999955e+02,-2.736386092006937165e+00
1.799000000000000057e+02,-2.697971712271120204e+00
1.799200000000000159e+02,-2.720790584809782864e+00
1.799399999999999977e+02,-2.800165170396912817e+00
1.799600000000000080e+02,-2.932791881953838331e+00
1.799799999999999898e+02,-3.116789501120470707e+00
1.800000000000000000e+02,-3.351437307422457490e+00
1.800200000000000102e+02,-3.636710994600192315e+00
1.800399999999999920e+02,-3.972647505800892986e+00
1.800600000000000023e+02,-4.358517537217344362e+00
1.800800000000000125e+02,-4.791766019572226476e+00
1.800999999999999943e+02,-5.266704113836022216e+00
1.801200000000000045e+02,-5.773011731110557321e+00
1.801400000000000148e+02,-6.294262836624787916e+00
1.801599999999999966e+02,-6.806909054302986206e+00
1.801800000000000068e+02,-7.280404148566579359e+00
1.802000000000000171e+02,-7.679255567125092163e+00
1.802199999999999989e+02,-7.967486617844182994e+00
1.802400000000000091e+02,-8.115082873530134577e+00
1.802599999999999909e+02,-8.104657040042377858e+00
1.802800000000000011e+02,-7.935635065308562552e+00
1.803000000000000114e+02,-7.623823353065620978e+00
1.803199999999999932e+02,-7.196485713514010563e+00
1.803400000000000034e+02,-6.685594017528740274e+00
1.803600000000000136e+02,-6.122584652984634168e+00
1.803799999999999955e+02,-5.536165278393092137e+00
1.804000000000000057e+02,-4.952276608189045248e+00
1.804200000000000159e+02,-4.394395280491018241e+00
1.804399999999999977e+02,-3.883148045611676480e+00
1.804600000000000080e+02,-3.435303711256496584e+00
1.804799999999999898e+02,-3.062656042172478443e+00
1.805000000000000000e+02,-2.771281120116707797e+00
1.805200000000000102e+02,-2.561584565146187042e+00
1.805399999999999920e+02,-2.429409489323391291e+00
1.805600000000000023e+02,-2.368009919539585173e+00
1.805800000000000125e+02,-2.370178267965241226e+00
1.805999999999999943e+02,-2.429809843068143405e+00
1.806200000000000045e+02,-2.542658442088550963e+00
1.806400000000000148e+02,-2.706452709246017552e+00
1.806599999999999966e+02,-2.920647609367816422e+00
1.806800000000000068e+02,-3.185992074583300138e+00
1.807000000000000171e+02,-3.503971898637329385e+00
1.807199999999999989e+02,-3.876101685342246750e+00
1.807400000000000091e+02,-4.302994277719411897e+00
1.807599999999999909e+02,-4.783124125803531079e+00
1.807800000000000011e+02,-5.311231187538163034e+00
1.808000000000000114e+02,-5.876408855406192622e+00
1.808199999999999932e+02,-6.460124656987715319e+00
1.808400000000000034e+02,-7.034749209741132603e+00
1.808600000000000136e+02,-7.563556961163000913e+00
1.808799999999999955e+02,-8.003368496891736683e+00
1.809000000000000057e+02,-8.310599658180542804e+00
1.809200000000000159e+02,-8.450087945704188641e+00
1.809399999999999977e+02,-8.403974950387780751e+00
1.809600000000000080e+02,-8.176540492246912706e+00
1.809799999999999898e+02,-7.792048496640400224e+00
1.810000000000000000e+02,-7.286534667994569503e+00
1.810200000000000102e+02,-6.698278350991397900e+00
1.810399999999999920e+02,-6.061894050474326612e+00
1.810600000000000023e+02,-5.407306940864478051e+00
1.810800000000000125e+02,-4.761150521654006873e+00
1.810999999999999943e+02,-4.147676974647489523e+00
1.811200000000000045e+02,-3.588253129373887074e+00
1.811400000000000148e+02,-3.100103756982123926e+00
1.811599999999999966e+02,-2.695092099815102671e+00
1.811800000000000068e+02,-2.378881854245701977e+00
1.812000000000000171e+02,-2.150767251459956952e+00
1.812199999999999989e+02,-2.004668619706275745e+00
1.812400000000000091e+02,-1.931417031573880116e+00
1.812599999999999909e+02,-1.921488970360350823e+00
1.812800000000000011e+02,-1.967042928421566028e+00
1.813000000000000114e+02,-2.062812616938216159e+00
1.813199999999999932e+02,-2.206152346636355066e+00
1.813400000000000034e+02,-2.396693509373007736e+00
1.813600000000000136e+02,-2.635891829713391754e+00
1.813799999999999955e+02,-2.926549233345185463e+00
1.814000000000000057e+02,-3.272278622283795180e+00
1.814200000000000159e+02,-3.676819416098505044e+00
1.814399999999999977e+02,-4.143081202339883973e+00
1.814600000000000080e+02,-4.671771510764219038e+00
1.814799999999999898e+02,-5.259487052728677448e+00
1.815000000000000000e+02,-5.896237925479977271e+00
1.815200000000000102e+02,-6.562625209005088500e+00
1.815399999999999920e+02,-7.227354726015427389e+00
1.815600000000000023e+02,-7.846423148350543997e+00
1.815800000000000125e+02,-8.365845759439535456e+00
1.815999999999999943e+02,-8.729488231144381771e+00
1.816200000000000045e+02,-8.891574321959435423e+00
1.816400000000000148e+02,-8.829899493686529155e+00
1.816599999999999966e+02,-8.553005074164575561e+00
1.816800000000000068e+02,-8.096162216265144096e+00
1.817000000000000171e+02,-7.507782263348481422e+00
1.817199999999999989e+02,-6.834751269882539226e+00
1.817400000000000091e+02,-6.115136568785804805e+00
1.817599999999999909e+02,-5.379334506314441988e+00
1.817800000000000011e+02,-4.654088652737454979e+00
1.818000000000000114e+02,-3.964281102122293010e+00
1.818199999999999932e+02,-3.331948334053382865e+00
1.818400000000000034e+02,-2.774570195711473453e+00
1.818600000000000136e+02,-2.304127604657463468e+00
1.818799999999999955e+02,-1.926919550909001133e+00
1.819000000000000057e+02,-1.643425319071883273e+00
1.819200000000000159e+02,-1.448127016447365634e+00
1.819399999999999977e+02,-1.330426110411193630e+00
1.819600000000000080e+02,-1.277453947634992870e+00
1.819799999999999898e+02,-1.277462549638942013e+00
1.820000000000000000e+02,-1.321867628338035061e+00
1.820200000000000102e+02,-1.405619763906479358e+00
1.820399999999999920e+02,-1.526728090486504152e+00
1.820600000000000023e+02,-1.685645850395210310e+00
1.820800000000000125e+02,-1.884785346908650849e+00
1.820999999999999943e+02,-2.128176831155848436e+00
1.821200000000000045e+02,-2.421202684721265985e+00
1.821400000000000148e+02,-2.770308289906060040e+00
1.821599999999999966e+02,-3.182579119433403214e+00
1.821800000000000068e+02,-3.665029798522643656e+00
1.822000000000000171e+02,-4.223410472866866883e+00
1.822199999999999989e+02,-4.860284101645120813e+00
1.822400000000000091e+02,-5.572133631122632380e+00
1.822599999999999909e+02,-6.345407374617964003e+00
1.822800000000000011e+02,-7.151879758515389263e+00
1.823000000000000114e+02,-7.944667492489307037e+00
1.823199999999999932e+02,-8.657640285386063894e+00
1.823400000000000034e+02,-9.211994264506150998e+00
1.823600000000000136e+02,-9.532522710476134975e+00
1.823799999999999955e+02,-9.570744686912501464e+00
1.824000000000000057e+02,-9.324124108257391796e+00
1.824200000000000159e+02,-8.837570428099560615e+00
1.824399999999999977e+02,-8.182780099673317764e+00
1.824600000000000080e+02,-7.428473447392590856e+00
1.824799999999999898e+02,-6.622798007711733881e+00
1.825000000000000000e+02,-5.796408625682458293e+00
1.825200000000000102e+02,-4.974650214829885897e+00
1.825399999999999920e+02,-4.183940737478938132e+00
1.825600000000000023e+02,-3.449699950045468810e+00
1.825800000000000125e+02,-2.791627871601824129e+00
1.825999999999999943e+02,-2.220990402177370981e+00
1.826200000000000045e+02,-1.740731587287251969e+00
1.826400000000000148e+02,-1.347311343445326770e+00
1.826599999999999966e+02,-1.033063040850318748e+00
1.826800000000000068e+02,-7.883636070394411943e-01
1.827000000000000171e+02,-6.033538651986832813e-01
1.827199999999999989e+02,-4.691699060760387563e-01
1.827400000000000091e+02,-3.786089829780879268e-01
1.827599999999999909e+02,-3.258754988565669697e-01
1.827800000000000011e+02,-3.052100458600943145e-01
1.828000000000000114e+02,-3.099070532142950141e-01
1.828199999999999932e+02,-3.335961969646277225e-01
1.828400000000000034e+02,-3.721381873546503183e-01
1.828600000000000136e+02,-4.239835085623641087e-01
1.828799999999999955e+02,-4.895283846402657124e-01
1.829000000000000057e+02,-5.704871664358279748e-01
1.829200000000000159e+02,-6.695697414416988957e-01
1.829399999999999977e+02,-7.904030442676507340e-01
1.829600000000000080e+02,-9.376034414788179117e-01
1.829799999999999898e+02,-1.116944980084246586e+00
1.830000000000000000e+02,-1.335601049556921494e+00
1.830200000000000102e+02,-1.602454633994430555e+00
1.830399999999999920e+02,-1.928481063494212222e+00
1.830600000000000023e+02,-2.327208521698454380e+00
1.830800000000000125e+02,-2.815257777048013832e+00
1.830999999999999943e+02,-3.412949257107445344e+00
1.831200000000000045e+02,-4.144937494520014809e+00
1.831400000000000148e+02,-5.040776104520023004e+00
1.831599999999999966e+02,-6.135208979166906218e+00
1.831800000000000068e+02,-7.467785519748396439e+00
1.832000000000000171e+02,-9.081053315572487961e+00
1.832199999999999989e+02,-1.101601053310047718e+01
1.832400000000000091e+02,-1.330266484184837950e+01
1.832599999999999909e+02,-1.594256056184800663e+01
1.832800000000000011e+02,-1.887973695750894265e+01
1.833000000000000114e+02,-2.195883535039789436e+01
1.833199999999999932e+02,-2.487827804152033195e+01
1.833400000000000034e+02,-2.716745241712658299e+01
1.833600000000000136e+02,-2.824496795325796938e+01
1.833799999999999955e+02,-2.761526996284787927e+01
1.834000000000000057e+02,-2.516988131491977754e+01
1.834200000000000159e+02,-2.138572141939265947e+01
1.834399999999999977e+02,-1.716517049991181310e+01
1.834600000000000080e+02,-1.335006514715931480e+01
1.834799999999999898e+02,-1.031938879195611669e+01
1.835000000000000000e+02,-8.017000061512778331e+00
1.835200000000000102e+02,-6.249641296724516515e+00
1.835399999999999920e+02,-4.879297683211089698e+00
1.835600000000000023e+02,-3.834946513108341115e+00
1.835800000000000125e+02,-3.068027021360665962e+00
1.835999999999999943e+02,-2.527041515574606656e+00
1.836200000000000045e+02,-2.158800969552059357e+00
1.836400000000000148e+02,-1.918530764767859775e+00
1.836599999999999966e+02,-1.774302066754019247e+00
1.836800000000000068e+02,-1.705044596515495670e+00
1.837000000000000171e+02,-1.696864417274923431e+00
1.837199999999999989e+02,-1.740211353823693852e+00
1.837400000000000091e+02,-1.828132426388508591e+00
1.837599999999999909e+02,-1.955177534949458451e+00
1.837800000000000011e+02,-2.116575557361331850e+00
1.838000000000000114e+02,-2.307456956119985136e+00
1.838199999999999932e+02,-2.522008864172398557e+00
1.838400000000000034e+02,-2.752526802500148140e+00
1.838600000000000136e+02,-2.988400643201408524e+00
1.838799999999999955e+02,-3.215185835582487606e+00
1.839000000000000057e+02,-3.414057410963637018e+00
1.839200000000000159e+02,-3.562121167256616427e+00
1.839399999999999977e+02,-3.634164192204712762e+00
1.839600000000000080e+02,-3.606302107969900916e+00
1.839799999999999898e+02,-3.461423104724759447e+00
1.840000000000000000e+02,-3.195296850700860336e+00
1.840200000000000102e+02,-2.821097620900201886e+00
1.840399999999999920e+02,-2.369764341353354453e+00
1.840600000000000023e+02,-1.884888501144067030e+00
1.840800000000000125e+02,-1.413420256235250250e+00
1.840999999999999943e+02,-9.957487148966439605e-01
1.841200000000000045e+02,-6.588821092418298830e-01
1.841400000000000148e+02,-4.144662566451099983e-01
1.841599999999999966e+02,-2.609285933242129207e-01
1.841800000000000068e+02,-1.877594419054723629e-01
1.842000000000000171e+02,-1.800631247126193712e-01
1.842199999999999989e+02,-2.222748571322308020e-01
1.842400000000000091e+02,-3.006447454189100088e-01
1.842599999999999909e+02,-4.045045399656018725e-01
1.842800000000000011e+02,-5.265329165891091678e-01
1.843000000000000114e+02,-6.623519073142297708e-01
1.843199999999999932e+02,-8.098428287495280653e-01
1.843400000000000034e+02,-9.684948017717552871e-01
1.843600000000000136e+02,-1.138910127086888213e+00
1.843799999999999955e+02,-1.322426384662881871e+00
1.844000000000000057e+02,-1.520762237794006211e+00
1.844200000000000159e+02,-1.735615259876456262e+00
1.844399999999999977e+02,-1.968166618115712918e+00
1.844600000000000080e+02,-2.218455256149220123e+00
1.844799999999999898e+02,-2.484585628432630422e+00
1.845000000000000000e+02,-2.761749975159013992e+00
1.845200000000000102e+02,-3.041102304601691397e+00
1.845399999999999920e+02,-3.308637660871235120e+00
1.845600000000000023e+02,-3.544425765705173870e+00
1.845800000000000125e+02,-3.722797931806654415e+00
1.845999999999999943e+02,-3.814290555417865658e+00
1.846200000000000045e+02,-3.790066220796461938e+00
1.846400000000000148e+02,-3.628850199228268902e+00
1.846599999999999966e+02,-3.324993481916896254e+00
1.846800000000000068e+02,-2.894604423033373397e+00
1.847000000000000171e+02,-2.376091297834304061e+00
1.847199999999999989e+02,-1.823250150064752440e+00
1.847400000000000091e+02,-1.292844249747490348e+00
1.847599999999999909e+02,-8.318465119353238846e-01
1.847800000000000011e+02,-4.694333240826106812e-01
1.848000000000000114e+02,-2.156178779260809752e-01
1.848199999999999932e+02,-6.495681664722396942e-02
1.848400000000000034e+02,-2.385989824638172670e-03
1.848600000000000136e+02,-8.835073665883475674e-03
1.848799999999999955e+02,-6.548037311942288274e-02
1.849000000000000057e+02,-1.563926724735200668e-01
1.849200000000000159e+02,-2.697506445143956211e-01
1.849399999999999977e+02,-3.979169666504626668e-01
1.849600000000000080e+02,-5.367555538409799487e-01
1.849799999999999898e+02,-6.846611062224166044e-01
1.850000000000000000e+02,-8.417183353467673212e-01
1.850200000000000102e+02,-1.009152170473939680e+00
1.850399999999999920e+02,-1.188984534345409294e+00
1.850600000000000023e+02,-1.383746217438351467e+00
1.850800000000000125e+02,-1.596146053059164682e+00
1.850999999999999943e+02,-1.828648645516817384e+00
1.851200000000000045e+02,-2.082920231537794820e+00
1.851400000000000148e+02,-2.359088789363173344e+00
1.851599999999999966e+02,-2.654758327480754687e+00
1.851800000000000068e+02,-2.963742562518591583e+00
1.852000000000000171e+02,-3.274569040529856867e+00
1.852199999999999989e+02,-3.568986105528025643e+00
1.852400000000000091e+02,-3.821009629308725675e+00
1.852599999999999909e+02,-3.997436167195370427e+00
1.852800000000000011e+02,-4.061033212321192742e+00
1.853000000000000114e+02,-3.977372139781889526e+00
1.853199999999999932e+02,-3.724969095114100792e+00
1.853400000000000034e+02,-3.305975786456448073e+00
1.853600000000000136e+02,-2.752317334449056574e+00
1.853799999999999955e+02,-2.122346203829815092e+00
1.854000000000000057e+02,-1.487326982172602285e+00
1.854200000000000159e+02,-9.132233234792287435e-01
1.854399999999999977e+02,-4.461817565413601083e-01
1.854600000000000080e+02,-1.070645124785818691e-01
1.854799999999999898e+02,1.055082801739949255e-01
1.855000000000000000e+02,2.077578206578976627e-01
1.855200000000000102e+02,2.229698290623880474e-01
1.855399999999999920e+02,1.754244997156595709e-01
1.855600000000000023e+02,8.650877081553938475e-02
1.855800000000000125e+02,-2.728288974024787109e-02
1.855999999999999943e+02,-1.549064374144416556e-01
1.856200000000000045e+02,-2.902425438202348995e-01
1.856400000000000148e+02,-4.308731919480593420e-01
1.856599999999999966e+02,-5.767280454135158552e-01
1.856800000000000068e+02,-7.291178849528725525e-01
1.857000000000000171e+02,-8.902626562074992256e-01
1.857199999999999989e+02,-1.063086727009649568e+00
1.857400000000000091e+02,-1.251049595674797121e+00
1.857599999999999909e+02,-1.457912605958549435e+00
1.857800000000000011e+02,-1.687415076989261076e+00
1.858000000000000114e+02,-1.942827523233626508e+00
1.858199999999999932e+02,-2.226315272704227244e+00
1.858400000000000034e+02,-2.538017318769271835e+00
1.858600000000000136e+02,-2.874735528265804696e+00
1.858799999999999955e+02,-3.228173383035605859e+00
1.859000000000000057e+02,-3.582797950816964949e+00
1.859200000000000159e+02,-3.913700154359928796e+00
1.859399999999999977e+02,-4.185345197803911788e+00
1.859600000000000080e+02,-4.352765595118841979e+00
1.859799999999999898e+02,-4.367161208552812646e+00
1.860000000000000000e+02,-4.187193013951666209e+00
1.860200000000000102e+02,-3.794565608067264950e+00
1.860399999999999920e+02,-3.208112055949329022e+00
1.860600000000000023e+02,-2.487580027872466015e+00
1.860800000000000125e+02,-1.721266994163640707e+00
1.860999999999999943e+02,-1.001185908427998594e+00
1.861200000000000045e+02,-3.982934520508758514e-01
1.861400000000000148e+02,5.038520389168228697e-02
1.861599999999999966e+02,3.403028510303413023e-01
1.861800000000000068e+02,4.894902044830113930e-01
1.862000000000000171e+02,5.272648208531310887e-01
1.862199999999999989e+02,4.853988050086970318e-01
1.862400000000000091e+02,3.926070149121281827e-01
1.862599999999999909e+02,2.717985772802232747e-01
1.862800000000000011e+02,1.391594926176910885e-01
1.863000000000000114e+02,4.326757515583147008e-03
1.863199999999999932e+02,-1.286280163563411350e-01
1.863400000000000034e+02,-2.595041485246620261e-01
1.863600000000000136e+02,-3.901055671633646416e-01
1.863799999999999955e+02,-5.230237598258080656e-01
1.864000000000000057e+02,-6.612789528462323929e-01
1.864200000000000159e+02,-8.083694521151217893e-01
1.864399999999999977e+02,-9.683196765165348330e-01
1.864600000000000080e+02,-1.145622509534657718e+00
1.864799999999999898e+02,-1.345106422895664400e+00
1.865000000000000000e+02,-1.571739812908350409e+00
1.865200000000000102e+02,-1.830327884711896891e+00
1.865399999999999920e+02,-2.125012339322656540e+00
1.865600000000000023e+02,-2.458432181958127849e+00
1.865800000000000125e+02,-2.830376219775919022e+00
1.865999999999999943e+02,-3.235739640731039923e+00
1.866200000000000045e+02,-3.661671397151722296e+00
1.866400000000000148e+02,-4.084062104302823570e+00
1.866599999999999966e+02,-4.464138309121949533e+00
1.866800000000000068e+02,-4.747011430324313608e+00
1.867000000000000171e+02,-4.865342001096728985e+00
1.867199999999999989e+02,-4.751724086616191833e+00
1.867400000000000091e+02,-4.360849765366901387e+00
1.867599999999999909e+02,-3.695430809867496169e+00
1.867800000000000011e+02,-2.821292034270089122e+00
1.868000000000000114e+02,-1.856539098837908908e+00
1.868199999999999932e+02,-9.345547318494582534e-01
1.868400000000000034e+02,-1.611881156725326614e-01
1.868600000000000136e+02,4.091475510543011729e-01
1.868799999999999955e+02,7.712910728682776940e-01
1.869000000000000057e+02,9.524465636273984348e-01
1.869200000000000159e+02,9.942922439524102263e-01
1.869399999999999977e+02,9.402041097046900386e-01
1.869600000000000080e+02,8.280516907193904430e-01
1.869799999999999898e+02,6.872691018378487282e-01
1.870000000000000000e+02,5.386844320369176264e-01
1.870200000000000102e+02,3.957605231130799095e-01
1.870399999999999920e+02,2.662139578503669446e-01
1.870600000000000023e+02,1.533060405429171880e-01
1.870800000000000125e+02,5.655639404220988431e-02
1.870999999999999943e+02,-2.750562540205755968e-02
1.871200000000000045e+02,-1.036317065375160495e-01
1.871400000000000148e+02,-1.759936137352630936e-01
1.871599999999999966e+02,-2.477531508512980096e-01
1.871800000000000068e+02,-3.216609134851202145e-01
1.872000000000000171e+02,-4.005693065412547216e-01
1.872199999999999989e+02,-4.876200186383115587e-01
1.872400000000000091e+02,-5.862970804962923665e-01
1.872599999999999909e+02,-7.004783010592450232e-01
1.872800000000000011e+02,-8.345166771645258219e-01
1.873000000000000114e+02,-9.933401120137798079e-01
1.873199999999999932e+02,-1.182540575174604980e+00
1.873400000000000034e+02,-1.408414719440896246e+00
1.873600000000000136e+02,-1.677887042751578850e+00
1.873799999999999955e+02,-1.998212214140953291e+00
1.874000000000000057e+02,-2.376270993709230339e+00
1.874200000000000159e+02,-2.817177913502220132e+00
1.874399999999999977e+02,-3.321777837949405399e+00
1.874600000000000080e+02,-3.882502054438586203e+00
1.874799999999999898e+02,-4.477129776328344413e+00
1.875000000000000000e+02,-5.060640846523230429e+00
1.875200000000000102e+02,-5.557186458035537235e+00
1.875399999999999920e+02,-5.857790978318636377e+00
1.875600000000000023e+02,-5.833714616990909541e+00
1.875800000000000125e+02,-5.375268058071246635e+00
1.875999999999999943e+02,-4.452099709434833130e+00
1.876200000000000045e+02,-3.162348966674480177e+00
1.876400000000000148e+02,-1.721219310886787479e+00
1.876599999999999966e+02,-3.749692336632146072e-01
1.876800000000000068e+02,7.017361062200390132e-01
1.877000000000000171e+02,1.448065686413487541e+00
1.877199999999999989e+02,1.890260303421321231e+00
1.877400000000000091e+02,2.096463340852119828e+00
1.877599999999999909e+02,2.146355602218235958e+00
1.877800000000000011e+02,2.115396252499341934e+00
1.878000000000000114e+02,2.067334789112965421e+00
1.878199999999999932e+02,2.050677037296861460e+00
1.878400000000000034e+02,2.095180814865973851e+00
1.878600000000000136e+02,2.209251681303386228e+00
1.878799999999999955e+02,2.384760594353385166e+00
1.879000000000000057e+02,2.608942182371321472e+00
1.879200000000000159e+02,2.873895767331370976e+00
1.879399999999999977e+02,3.179170528324134715e+00
1.879600000000000080e+02,3.530300824107909463e+00
1.879799999999999898e+02,3.936640844254638338e+00
1.880000000000000000e+02,4.409803365336914638e+00
1.880200000000000102e+02,4.962770637608340252e+00
1.880399999999999920e+02,5.609371371270874818e+00
1.880600000000000023e+02,6.363769455250388951e+00
1.880800000000000125e+02,7.239629003372462179e+00
1.880999999999999943e+02,8.248609242130886088e+00
1.881200000000000045e+02,9.397806046430599025e+00
1.881400000000000148e+02,1.068572417938894858e+01
1.881599999999999966e+02,1.209645240124826948e+01
1.881800000000000068e+02,1.359209644492797153e+01
1.882000000000000171e+02,1.510449618820254969e+01
1.882199999999999989e+02,1.652905507981267874e+01
1.882400000000000091e+02,1.772593125990464102e+01
1.882599999999999909e+02,1.853541946414541286e+01
1.882800000000000011e+02,1.881188149890257577e+01
1.883000000000000114e+02,1.847087554062794723e+01
1.883199999999999932e+02,1.752947815845145740e+01
1.883400000000000034e+02,1.611261012147372895e+01
1.883600000000000136e+02,1.441291957119507572e+01
1.883799999999999955e+02,1.262395799855527834e+01
1.884000000000000057e+02,1.088691399657704828e+01
1.884200000000000159e+02,9.277108869546470515e+00
1.884399999999999977e+02,7.822711041924195641e+00
1.884600000000000080e+02,6.530169913967749373e+00
1.884799999999999898e+02,5.399631675831221500e+00
1.885000000000000000e+02,4.429626833744163328e+00
1.885200000000000102e+02,3.617032896170824685e+00
1.885399999999999920e+02,2.956729762897450708e+00
1.885600000000000023e+02,2.442112882568117538e+00
1.885800000000000125e+02,2.065657476354106237e+00
1.885999999999999943e+02,1.818210176204326345e+00
1.886200000000000045e+02,1.686978560498339386e+00
1.886400000000000148e+02,1.654899473160974521e+00
1.886599999999999966e+02,1.703797586465172431e+00
1.886800000000000068e+02,1.819064284401446852e+00
1.887000000000000171e+02,1.992138703540636824e+00
1.887199999999999989e+02,2.220399867971247776e+00
1.887400000000000091e+02,2.506049102542271978e+00
1.887599999999999909e+02,2.855084274258763433e+00
1.887800000000000011e+02,3.276661071732308805e+00
1.888000000000000114e+02,3.782773100255258480e+00
1.888199999999999932e+02,4.388092172612713782e+00
1.888400000000000034e+02,5.109791061520100541e+00
1.888600000000000136e+02,5.967134103690268532e+00
1.888799999999999955e+02,6.980536521428552632e+00
1.889000000000000057e+02,8.169648151074838438e+00
1.889200000000000159e+02,9.549812600114037764e+00
1.889399999999999977e+02,1.112603700786235095e+01
1.889600000000000080e+02,1.288353394045783951e+01
1.889799999999999898e+02,1.477435758629564333e+01
1.890000000000000000e+02,1.670137826054486041e+01
1.890200000000000102e+02,1.850474828080109901e+01
1.890399999999999920e+02,1.996215456471072613e+01
1.890600000000000023e+02,2.081908814059660173e+01
1.890800000000000125e+02,2.085968600600902789e+01
1.890999999999999943e+02,2.000223489610302963e+01
1.891200000000000045e+02,1.836496154045908824e+01
1.891400000000000148e+02,1.623946716401142609e+01
1.891599999999999966e+02,1.396796058069026181e+01
1.891800000000000068e+02,1.180607488890211521e+01
1.892000000000000171e+02,9.867659845935046192e+00
1.892199999999999989e+02,8.165238385920790876e+00
1.892400000000000091e+02,6.678648229402747383e+00
1.892599999999999909e+02,5.393439422610181389e+00
1.892800000000000011e+02,4.305879579647181821e+00
1.893000000000000114e+02,3.415983393689179248e+00
1.893199999999999932e+02,2.721900620612903499e+00
1.893400000000000034e+02,2.217039303661632488e+00
1.893600000000000136e+02,1.886889439953184588e+00
1.893799999999999955e+02,1.705991890524692689e+00
1.894000000000000057e+02,1.641184510424096299e+00
1.894200000000000159e+02,1.661650400026586372e+00
1.894399999999999977e+02,1.746409555106955613e+00
1.894600000000000080e+02,1.884858828378594087e+00
1.894799999999999898e+02,2.073992228181896991e+00
1.895000000000000000e+02,2.315754836156330931e+00
1.895200000000000102e+02,2.615437350458858834e+00
1.895399999999999920e+02,2.980900821118991129e+00
1.895600000000000023e+02,3.422270107668743400e+00
1.895800000000000125e+02,3.951814944504845606e+00
1.895999999999999943e+02,4.583806612214436527e+00
1.896200000000000045e+02,5.334140961310018803e+00
1.896400000000000148e+02,6.219466360467893473e+00
1.896599999999999966e+02,7.255431774726026184e+00
1.896800000000000068e+02,8.453502034699532430e+00
1.897000000000000171e+02,9.815597935856040124e+00
1.897199999999999989e+02,1.132574744338636918e+01
1.897400000000000091e+02,1.293828788057069623e+01
1.897599999999999909e+02,1.456354303182530252e+01
1.897800000000000011e+02,1.605512960364793784e+01
1.898000000000000114e+02,1.720839686847190464e+01
1.898199999999999932e+02,1.778463112311219874e+01
1.898400000000000034e+02,1.757304924816093816e+01
1.898600000000000136e+02,1.648197306013590691e+01
1.898799999999999955e+02,1.461415901510700621e+01
1.899000000000000057e+02,1.226226888318461938e+01
1.899200000000000159e+02,9.802070267647160051e+00
1.899399999999999977e+02,7.546045316531674096e+00
1.899600000000000080e+02,5.657140926139792469e+00
1.899799999999999898e+02,4.160845519146296745e+00
1.900000000000000000e+02,3.008819684146383011e+00
1.900200000000000102e+02,2.133296562605469404e+00
1.900399999999999920e+02,1.472427686562617799e+00
1.900600000000000023e+02,9.763239386518207663e-01
1.900800000000000125e+02,6.059459368426901582e-01
1.900999999999999943e+02,3.305812960737586903e-01
1.901200000000000045e+02,1.253910683057973263e-01
1.901400000000000148e+02,-3.069560563704780073e-02
1.901599999999999966e+02,-1.558541778542048839e-01
1.901800000000000068e+02,-2.640990510786781487e-01
1.902000000000000171e+02,-3.639938053355750713e-01
1.902199999999999989e+02,-4.601530851817092205e-01
1.902400000000000091e+02,-5.559482524259539149e-01
1.902599999999999909e+02,-6.549871567307627984e-01
1.902800000000000011e+02,-7.613879963195990808e-01
1.903000000000000114e+02,-8.796722146669188058e-01
1.903199999999999932e+02,-1.014698181202402960e+00
1.903400000000000034e+02,-1.171714535517862421e+00
1.903600000000000136e+02,-1.356498514948336176e+00
1.903799999999999955e+02,-1.575531052617648031e+00
1.904000000000000057e+02,-1.836167026489421206e+00
1.904200000000000159e+02,-2.146757162079807824e+00
1.904399999999999977e+02,-2.516662765726920270e+00
1.904600000000000080e+02,-2.956064398187743247e+00
1.904799999999999898e+02,-3.475406366528381419e+00
1.905000000000000000e+02,-4.084224508509654683e+00
1.905200000000000102e+02,-4.789000656740753925e+00
1.905399999999999920e+02,-5.589608529863530073e+00
1.905600000000000023e+02,-6.474010174835090226e+00
1.905800000000000125e+02,-7.411406828561236004e+00
1.905999999999999943e+02,-8.345454709806105598e+00
1.906200000000000045e+02,-9.191604345415409938e+00
1.906400000000000148e+02,-9.845058334494858343e+00
1.906599999999999966e+02,-1.020479605595696349e+01
1.906800000000000068e+02,-1.021012527320720586e+01
1.907000000000000171e+02,-9.871051497142563136e+00
1.907199999999999989e+02,-9.267102980148345992e+00
1.907400000000000091e+02,-8.507388138432713021e+00
1.907599999999999909e+02,-7.679285574837924955e+00
1.907800000000000011e+02,-6.827452204499691035e+00
1.908000000000000114e+02,-5.973010928250196194e+00
1.908199999999999932e+02,-5.140748168552933706e+00
1.908400000000000034e+02,-4.366751230936088746e+00
1.908600000000000136e+02,-3.690575617607927406e+00
1.908799999999999955e+02,-3.146140237769009307e+00
1.909000000000000057e+02,-2.756094311624302406e+00
1.909200000000000159e+02,-2.526965915141752284e+00
1.909399999999999977e+02,-2.445585534107023840e+00
1.909600000000000080e+02,-2.483987178374948090e+00
1.909799999999999898e+02,-2.612921631978694315e+00
1.910000000000000000e+02,-2.812514774827308273e+00
1.910200000000000102e+02,-3.074358130581036797e+00
1.910399999999999920e+02,-3.398891765858416125e+00
1.910600000000000023e+02,-3.792356458525024898e+00
1.910800000000000125e+02,-4.264768608716811293e+00
1.910999999999999943e+02,-4.828858926359307802e+00
1.911200000000000045e+02,-5.499560090062860951e+00
1.911400000000000148e+02,-6.293645701015726956e+00
1.911599999999999966e+02,-7.229173295373861663e+00
1.911800000000000068e+02,-8.324373489667637571e+00
1.912000000000000171e+02,-9.595549720905850677e+00
1.912199999999999989e+02,-1.105341943761012224e+01
1.912400000000000091e+02,-1.269720721035149680e+01
1.912599999999999909e+02,-1.450583663379152100e+01
1.912800000000000011e+02,-1.642608025253437276e+01
1.913000000000000114e+02,-1.835904067063115619e+01
1.913199999999999932e+02,-2.014942867464056420e+01
1.913400000000000034e+02,-2.158664043197066107e+01
1.913600000000000136e+02,-2.243011099434077593e+01
1.913799999999999955e+02,-2.246754305780133620e+01
1.914000000000000057e+02,-2.159631162761482770e+01
1.914200000000000159e+02,-1.988964369296421708e+01
1.914399999999999977e+02,-1.759618086921896563e+01
1.914600000000000080e+02,-1.505444872983405347e+01
1.914800000000000182e+02,-1.256895340897923496e+01
1.915000000000000000e+02,-1.032700906977226474e+01
1.915200000000000102e+02,-8.394940066799014389e+00
1.915399999999999920e+02,-6.765163113235804992e+00
1.915600000000000023e+02,-5.403831675760826236e+00
1.915800000000000125e+02,-4.275500527371070447e+00
1.915999999999999943e+02,-3.349390927049496813e+00
1.916200000000000045e+02,-2.598519698712698833e+00
1.916400000000000148e+02,-1.998124332682857718e+00
1.916599999999999966e+02,-1.525086083764420009e+00
1.916800000000000068e+02,-1.158137358492399294e+00
1.917000000000000171e+02,-8.783652691769258114e-01
1.917199999999999989e+02,-6.697331473783755262e-01
1.917400000000000091e+02,-5.195465962467882282e-01
1.917599999999999909e+02,-4.187855851627032000e-01
1.917800000000000011e+02,-3.617470351851268529e-01
1.918000000000000114e+02,-3.438198117324544612e-01
1.918199999999999932e+02,-3.583759236554251992e-01
1.918400000000000034e+02,-3.973229810840586129e-01
1.918600000000000136e+02,-4.546257878156717558e-01
1.918799999999999955e+02,-5.277809642110079524e-01
1.919000000000000057e+02,-6.171204998345739545e-01
1.919200000000000159e+02,-7.248625564310928748e-01
1.919399999999999977e+02,-8.545776188173264121e-01
1.919600000000000080e+02,-1.011017484747630757e+00
1.919800000000000182e+02,-1.200167219799575635e+00
1.920000000000000000e+02,-1.429434652902015435e+00
1.920200000000000102e+02,-1.707937741671554654e+00
1.920399999999999920e+02,-2.046876752761486173e+00
1.920600000000000023e+02,-2.459985498007653870e+00
1.920800000000000125e+02,-2.964057057180009114e+00
1.920999999999999943e+02,-3.579525555726448705e+00
1.921200000000000045e+02,-4.331054382674857095e+00
1.921400000000000148e+02,-5.248022176292328922e+00
1.921599999999999966e+02,-6.364680973652585116e+00
1.921800000000000068e+02,-7.719556563986787801e+00
1.922000000000000171e+02,-9.353305492637039364e+00
1.922199999999999989e+02,-1.130367468161131050e+01
1.922400000000000091e+02,-1.359540728425854361e+01
1.922599999999999909e+02,-1.622208541891689038e+01
1.922800000000000011e+02,-1.911682265292510152e+01
1.923000000000000114e+02,-2.211160008722329806e+01
1.923199999999999932e+02,-2.489499775353750977e+01
1.923400000000000034e+02,-2.699885480619009925e+01
1.923600000000000136e+02,-2.786871715348141976e+01
1.923799999999999955e+02,-2.706433471494234055e+01
1.924000000000000057e+02,-2.454016958996680842e+01
1.924200000000000159e+02,-2.079989359702830498e+01
1.924399999999999977e+02,-1.670803781684933753e+01
1.924600000000000080e+02,-1.303109162421826106e+01
1.924800000000000182e+02,-1.009646822628692675e+01
1.925000000000000000e+02,-7.845873635351034103e+00
1.925200000000000102e+02,-6.105657856886756996e+00
1.925399999999999920e+02,-4.751730774845142058e+00
1.925600000000000023e+02,-3.718544988049038214e+00
1.925800000000000125e+02,-2.959957268002419983e+00
1.925999999999999943e+02,-2.426089688066153105e+00
1.926200000000000045e+02,-2.064370210225779712e+00
1.926400000000000148e+02,-1.829828574441656919e+00
1.926599999999999966e+02,-1.690234215354996739e+00
1.926800000000000068e+02,-1.624476163690473873e+00
1.927000000000000171e+02,-1.618882482656881727e+00
1.927199999999999989e+02,-1.664301421254947622e+00
1.927400000000000091e+02,-1.754301565951615682e+00
1.927599999999999909e+02,-1.884063803346405219e+00
1.927800000000000011e+02,-2.049565739815959464e+00
1.928000000000000114e+02,-2.246814869812711724e+00
1.928199999999999932e+02,-2.470997512799685492e+00
1.928400000000000034e+02,-2.715482555676405951e+00
1.928600000000000136e+02,-2.970686391491243583e+00
1.928799999999999955e+02,-3.222910729700183552e+00
1.929000000000000057e+02,-3.453426353210804489e+00
1.929200000000000159e+02,-3.638293991679977246e+00
1.929399999999999977e+02,-3.749618020724082346e+00
1.929600000000000080e+02,-3.758941760529255660e+00
1.929800000000000182e+02,-3.643041834186131034e+00
1.930000000000000000e+02,-3.391267589528895510e+00
1.930200000000000102e+02,-3.012048921370956922e+00
1.930399999999999920e+02,-2.535243911226781499e+00
1.930600000000000023e+02,-2.007898455027234075e+00
1.930800000000000125e+02,-1.484010918857526118e+00
1.930999999999999943e+02,-1.012259374068140705e+00
1.931200000000000045e+02,-6.266929769192273181e-01
1.931400000000000148e+02,-3.432769782402472214e-01
1.931599999999999966e+02,-1.618606950019793045e-01
1.931800000000000068e+02,-7.113074073062190805e-02
1.932000000000000171e+02,-5.408736195459754037e-02
1.932199999999999989e+02,-9.257299927171548648e-02
1.932400000000000091e+02,-1.703393838601822696e-01
1.932599999999999909e+02,-2.746808350434556956e-01
1.932800000000000011e+02,-3.968730861678703148e-01
1.933000000000000114e+02,-5.317567314477301688e-01
1.933199999999999932e+02,-6.768978091045767531e-01
1.933400000000000034e+02,-8.317501531014321881e-01
1.933600000000000136e+02,-9.970475035973959121e-01
1.933799999999999955e+02,-1.174407139067379813e+00
1.934000000000000057e+02,-1.366016889586782135e+00
1.934200000000000159e+02,-1.574299314503648350e+00
1.934399999999999977e+02,-1.801495752533738504e+00
1.934600000000000080e+02,-2.049129956395914665e+00
1.934800000000000182e+02,-2.317304366491264034e+00
1.935000000000000000e+02,-2.603777517199893143e+00
1.935200000000000102e+02,-2.902793123632553929e+00
1.935399999999999920e+02,-3.203708153735354003e+00
1.935600000000000023e+02,-3.489625669742325353e+00
1.935800000000000125e+02,-3.736506632920653104e+00
1.935999999999999943e+02,-3.913575301795191308e+00
1.936200000000000045e+02,-3.986090136455775923e+00
1.936400000000000148e+02,-3.921365541793191856e+00
1.936599999999999966e+02,-3.697849411201512559e+00
1.936800000000000068e+02,-3.314983364112939146e+00
1.937000000000000171e+02,-2.799438917012663453e+00
1.937199999999999989e+02,-2.203177250642130769e+00
1.937400000000000091e+02,-1.592146793312380737e+00
1.937599999999999909e+02,-1.029846542896207806e+00
1.937800000000000011e+02,-5.631509322103193105e-01
1.938000000000000114e+02,-2.158322202226952424e-01
1.938199999999999932e+02,9.855477903352487939e-03
1.938400000000000034e+02,1.268743552244765427e-01
1.938600000000000136e+02,1.561301422856056498e-01
1.938799999999999955e+02,1.204614411897765164e-01
1.939000000000000057e+02,4.059292322533745306e-02
1.939200000000000159e+02,-6.707846195759110952e-02
1.939399999999999977e+02,-1.912350271468224172e-01
1.939600000000000080e+02,-3.252808561140390076e-01
1.939800000000000182e+02,-4.662737209660511861e-01
1.940000000000000000e+02,-6.136876312181174242e-01
1.940200000000000102e+02,-7.684839338129364483e-01
1.940399999999999920e+02,-9.326111699886397988e-01
1.940600000000000023e+02,-1.108752519550034066e+00
1.940800000000000125e+02,-1.300115638853897471e+00
1.940999999999999943e+02,-1.510164681469631676e+00
1.941200000000000045e+02,-1.742259329825645020e+00
1.941400000000000148e+02,-1.999164048141591099e+00
1.941599999999999966e+02,-2.282362853937718317e+00
1.941800000000000068e+02,-2.591093215545468897e+00
1.942000000000000171e+02,-2.921015358101563653e+00
1.942199999999999989e+02,-3.262494696677169070e+00
1.942400000000000091e+02,-3.598633221855753739e+00
1.942599999999999909e+02,-3.903505663715838736e+00
1.942800000000000011e+02,-4.141552809699118320e+00
1.943000000000000114e+02,-4.269634251988664531e+00
1.943199999999999932e+02,-4.243403652247187630e+00
1.943400000000000034e+02,-4.028664146499057352e+00
1.943600000000000136e+02,-3.615570981061090094e+00
1.943799999999999955e+02,-3.029768050463958140e+00
1.944000000000000057e+02,-2.332869662167623037e+00
1.944200000000000159e+02,-1.608650728872352387e+00
1.944399999999999977e+02,-9.399936918810459785e-01
1.944600000000000080e+02,-3.880242248699718455e-01
1.944800000000000182e+02,1.739677428514465121e-02
1.945000000000000000e+02,2.750587441461561089e-01
1.945200000000000102e+02,4.031703894985470549e-01
1.945399999999999920e+02,4.293505639886138203e-01
1.945600000000000023e+02,3.828912434306544488e-01
1.945800000000000125e+02,2.899248706535710873e-01
1.945999999999999943e+02,1.709898145655943946e-01
1.946200000000000045e+02,4.023355954986884003e-02
1.946400000000000148e+02,-9.427914496153767809e-02
1.946599999999999966e+02,-2.293853678116609396e-01
1.946800000000000068e+02,-3.651043862822045405e-01
1.947000000000000171e+02,-5.030846760434856124e-01
1.947199999999999989e+02,-6.457718852733077552e-01
1.947400000000000091e+02,-7.961959546573386115e-01
1.947599999999999909e+02,-9.579598704692716682e-01
1.947800000000000011e+02,-1.135181368411303016e+00
1.948000000000000114e+02,-1.332346682910747537e+00
1.948199999999999932e+02,-1.554088010344209847e+00
1.948400000000000034e+02,-1.804861732093925308e+00
1.948600000000000136e+02,-2.088452844372736816e+00
1.948799999999999955e+02,-2.407190174045486852e+00
1.949000000000000057e+02,-2.760722124706229685e+00
1.949200000000000159e+02,-3.144202367002266740e+00
1.949399999999999977e+02,-3.545800112780580271e+00
1.949600000000000080e+02,-3.943683065311012648e+00
1.949800000000000182e+02,-4.303133959265569963e+00
1.950000000000000000e+02,-4.575342624289086224e+00
1.950200000000000102e+02,-4.700463433719589190e+00
1.950399999999999920e+02,-4.617892948167631850e+00
1.950600000000000023e+02,-4.284776497464793721e+00
1.950800000000000125e+02,-3.698247805017546241e+00
1.950999999999999943e+02,-2.909927847274187851e+00
1.951200000000000045e+02,-2.019844155688529597e+00
1.951400000000000148e+02,-1.147497145301801025e+00
1.951599999999999966e+02,-3.946273899855624601e-01
1.951800000000000068e+02,1.794142235507616701e-01
1.952000000000000171e+02,5.603918052925929150e-01
1.952199999999999989e+02,7.667717159183038422e-01
1.952400000000000091e+02,8.338550248568264989e-01
1.952599999999999909e+02,8.012607820716162177e-01
1.952800000000000011e+02,7.052574871814863977e-01
1.953000000000000114e+02,5.751608208730352167e-01
1.953199999999999932e+02,4.324677061641047926e-01
1.953400000000000034e+02,2.914145673737257858e-01
1.953600000000000136e+02,1.599367617698066457e-01
1.953799999999999955e+02,4.059500509138729701e-02
1.954000000000000057e+02,-6.816773349640753432e-02
1.954200000000000159e+02,-1.700215068646003247e-01
1.954399999999999977e+02,-2.688340429965976330e-01
1.954600000000000080e+02,-3.680082564093892228e-01
1.954800000000000182e+02,-4.707934361638412835e-01
1.955000000000000000e+02,-5.806795688731541949e-01
1.955200000000000102e+02,-7.015617961191263907e-01
1.955399999999999920e+02,-8.377713545979031950e-01
1.955600000000000023e+02,-9.940830427427964633e-01
1.955800000000000125e+02,-1.175726763685454035e+00
1.955999999999999943e+02,-1.388375897453524077e+00
1.956200000000000045e+02,-1.638049487883534328e+00
1.956400000000000148e+02,-1.930839491658618901e+00
1.956599999999999966e+02,-2.272312939619162364e+00
1.956800000000000068e+02,-2.666383463085592265e+00
1.957000000000000171e+02,-3.113351582962994524e+00
1.957199999999999989e+02,-3.606763578667428138e+00
1.957400000000000091e+02,-4.128811312158918945e+00
1.957599999999999909e+02,-4.644444613223302376e+00
1.957800000000000011e+02,-5.095557315287148725e+00
1.958000000000000114e+02,-5.398851834909906167e+00
1.958199999999999932e+02,-5.453737357361020166e+00
1.958400000000000034e+02,-5.167077651067208954e+00
1.958600000000000136e+02,-4.494513933083770674e+00
1.958799999999999955e+02,-3.481156954972029816e+00
1.959000000000000057e+02,-2.269550841292247600e+00
1.959200000000000159e+02,-1.054667165233495130e+00
1.959399999999999977e+02,-8.282769557070556940e-03
1.959600000000000080e+02,7.748704722248559440e-01
1.959800000000000182e+02,1.280525449955322692e+00
1.960000000000000000e+02,1.546302934393432693e+00
1.960200000000000102e+02,1.631762381775467619e+00
1.960399999999999920e+02,1.598976543887856039e+00
1.960600000000000023e+02,1.502407670011082885e+00
1.960800000000000125e+02,1.385271345714235824e+00
1.960999999999999943e+02,1.280033253220610900e+00
1.961200000000000045e+02,1.210428724275082191e+00
1.961400000000000148e+02,1.192099850462665200e+00
1.961599999999999966e+02,1.230614335712326257e+00
1.961800000000000068e+02,1.320921404165930513e+00
1.962000000000000171e+02,1.452878593624027825e+00
1.962199999999999989e+02,1.618664869664070194e+00
1.962400000000000091e+02,1.816019686259829902e+00
1.962599999999999909e+02,2.047702238664994567e+00
1.962800000000000011e+02,2.319966675861224292e+00
1.963000000000000114e+02,2.641452796636031941e+00
1.963199999999999932e+02,3.022682333872122928e+00
1.963400000000000034e+02,3.475968573306801535e+00
1.963600000000000136e+02,4.015519042790206328e+00
1.963799999999999955e+02,4.657547462279299388e+00
1.964000000000000057e+02,5.420221049759311960e+00
1.964200000000000159e+02,6.323225274187040945e+00
1.964399999999999977e+02,7.386629348576110310e+00
1.964600000000000080e+02,8.628568840303270093e+00
1.964800000000000182e+02,1.006105679463263058e+01
1.965000000000000000e+02,1.168305111832626153e+01
1.965200000000000102e+02,1.346997150744440219e+01
1.965399999999999920e+02,1.535964189449851425e+01
1.965600000000000023e+02,1.723693275482110465e+01
1.965800000000000125e+02,1.892393344505112651e+01
1.965999999999999943e+02,2.018850658488410588e+01
1.966200000000000045e+02,2.078646359402694443e+01
1.966400000000000148e+02,2.054110172804713486e+01
1.966599999999999966e+02,1.943247109956746854e+01
1.966800000000000068e+02,1.763651791681075665e+01
1.967000000000000171e+02,1.546611673739679915e+01
1.967199999999999989e+02,1.323828728093834251e+01
1.967400000000000091e+02,1.116032017988325542e+01
1.967599999999999909e+02,9.308294065947308127e+00
1.967800000000000011e+02,7.681121989437660780e+00
1.968000000000000114e+02,6.260135648074781400e+00
1.968199999999999932e+02,5.034730502100020821e+00
1.968400000000000034e+02,4.002125906879576256e+00
1.968600000000000136e+02,3.160808423969264425e+00
1.968799999999999955e+02,2.506686752794493156e+00
1.969000000000000057e+02,2.031573081919836987e+00
1.969200000000000159e+02,1.720814209337914846e+00
1.969399999999999977e+02,1.550337028040825960e+00
1.969600000000000080e+02,1.489047388891715062e+00
1.969800000000000182e+02,1.507892257233819810e+00
1.970000000000000000e+02,1.587000808050247125e+00
1.970200000000000102e+02,1.716317945477312756e+00
1.970399999999999920e+02,1.893005436567247957e+00
1.970600000000000023e+02,2.118941382160596909e+00
1.970800000000000125e+02,2.399213096109515053e+00
1.970999999999999943e+02,2.741409532375621350e+00
1.971200000000000045e+02,3.155371629036686443e+00
1.971400000000000148e+02,3.653144237850977305e+00
1.971599999999999966e+02,4.248937101375190650e+00
1.971800000000000068e+02,4.958921000808431678e+00
1.972000000000000171e+02,5.800629176931318298e+00
1.972199999999999989e+02,6.791630904014463788e+00
1.972400000000000091e+02,7.946968781727641762e+00
1.972599999999999909e+02,9.274636758746877874e+00
1.972800000000000011e+02,1.076819553595849399e+01
1.973000000000000114e+02,1.239571735700801547e+01
1.973199999999999932e+02,1.408514254804930488e+01
1.973400000000000034e+02,1.570869114419492263e+01
1.973600000000000136e+02,1.707401555805899562e+01
1.973799999999999955e+02,1.793638249201125845e+01
1.974000000000000057e+02,1.804851541332256915e+01
1.974200000000000159e+02,1.725108295241565060e+01
1.974399999999999977e+02,1.557048368477329525e+01
1.974600000000000080e+02,1.325435532836734431e+01
1.974800000000000182e+02,1.069243190121276932e+01
1.975000000000000000e+02,8.257759111030747334e+00
1.975200000000000102e+02,6.178695278677537317e+00
1.975399999999999920e+02,4.519191258679484235e+00
1.975600000000000023e+02,3.240759489635187673e+00
1.975800000000000125e+02,2.271094296694731618e+00
1.975999999999999943e+02,1.540757547580550391e+00
1.976200000000000045e+02,9.934290625467740998e-01
1.976400000000000148e+02,5.851840857455355982e-01
1.976599999999999966e+02,2.812644442971731218e-01
1.976800000000000068e+02,5.290917483029500268e-02
1.977000000000000171e+02,-1.247147148994775245e-01
1.977199999999999989e+02,-2.720904799054130185e-01
1.977400000000000091e+02,-4.032396197225159851e-01
1.977599999999999909e+02,-5.259202800355624596e-01
1.977800000000000011e+02,-6.447508797414492898e-01
1.978000000000000114e+02,-7.639266641193036556e-01
1.978199999999999932e+02,-8.881706847351087397e-01
1.978400000000000034e+02,-1.022731098099652014e+00
1.978600000000000136e+02,-1.173220905596249475e+00
1.978799999999999955e+02,-1.345573026540811234e+00
1.979000000000000057e+02,-1.546120015355957111e+00
1.979200000000000159e+02,-1.781735098715762078e+00
1.979399999999999977e+02,-2.059972450084970763e+00
1.979600000000000080e+02,-2.389139689238150233e+00
1.979800000000000182e+02,-2.778226713136529913e+00
1.980000000000000000e+02,-3.236575989665382291e+00
1.980200000000000102e+02,-3.773120041479486986e+00
1.980399999999999920e+02,-4.394934776542527288e+00
1.980600000000000023e+02,-5.104783090763271858e+00
1.980800000000000125e+02,-5.897330098810248167e+00
1.980999999999999943e+02,-6.753954229220722638e+00
1.981200000000000045e+02,-7.636828736964789144e+00
1.981400000000000148e+02,-8.484460777968870104e+00
1.981599999999999966e+02,-9.212920945851250210e+00
1.981800000000000068e+02,-9.727986386696096943e+00
1.982000000000000171e+02,-9.950149173550139281e+00
1.982199999999999989e+02,-9.844894900815148731e+00
1.982400000000000091e+02,-9.440083929625783910e+00
1.982599999999999909e+02,-8.813846702786953813e+00
1.982800000000000011e+02,-8.056867547777164518e+00
1.983000000000000114e+02,-7.236631925699954060e+00
1.983199999999999932e+02,-6.390013532999581969e+00
1.983400000000000034e+02,-5.540506138664017755e+00
1.983600000000000136e+02,-4.714592598731376150e+00
1.983799999999999955e+02,-3.943588710821341436e+00
1.984000000000000057e+02,-3.257181058146613850e+00
1.984200000000000159e+02,-2.678139821476017257e+00
1.984399999999999977e+02,-2.221161471658270603e+00
1.984600000000000080e+02,-1.893704531814098146e+00
1.984800000000000182e+02,-1.695241246779539690e+00
1.985000000000000000e+02,-1.614311119276169659e+00
1.985200000000000102e+02,-1.629298954240684383e+00
1.985399999999999920e+02,-1.716819680153103267e+00
1.985600000000000023e+02,-1.860325697691066038e+00
1.985800000000000125e+02,-2.052431699027068124e+00
1.985999999999999943e+02,-2.293048231759069022e+00
1.986200000000000045e+02,-2.586989497702035568e+00
1.986400000000000148e+02,-2.942430615980501152e+00
1.986599999999999966e+02,-3.370208867836234301e+00
1.986800000000000068e+02,-3.883651850823989005e+00
1.987000000000000171e+02,-4.498652310545432798e+00
1.987199999999999989e+02,-5.233778629611078870e+00
1.987400000000000091e+02,-6.110223565654429478e+00
1.987599999999999909e+02,-7.151346872249425779e+00
1.987800000000000011e+02,-8.381443898479608023e+00
1.988000000000000114e+02,-9.823172848559007519e+00
1.988199999999999932e+02,-1.149280023898072045e+01
1.988400000000000034e+02,-1.339214928132428994e+01
1.988600000000000136e+02,-1.549607839431548584e+01
1.988799999999999955e+02,-1.773502422429579184e+01
1.989000000000000057e+02,-1.997461348419250271e+01
1.989200000000000159e+02,-2.199979140943834821e+01
1.989399999999999977e+02,-2.351916584045158842e+01
1.989600000000000080e+02,-2.421110839920803315e+01
1.989800000000000182e+02,-2.382327740741786215e+01
1.990000000000000000e+02,-2.229876081090790763e+01
1.990200000000000102e+02,-1.985102036720897800e+01
1.990399999999999920e+02,-1.690740585369816529e+01
1.990600000000000023e+02,-1.393104283279904010e+01
1.990800000000000125e+02,-1.124278305555683666e+01
1.990999999999999943e+02,-8.964301624859706052e+00
1.991200000000000045e+02,-7.081714631206804889e+00
1.991400000000000148e+02,-5.535929365103634758e+00
1.991599999999999966e+02,-4.272720757420971793e+00
1.991800000000000068e+02,-3.253131427047113444e+00
1.992000000000000171e+02,-2.448625363893155882e+00
1.992199999999999989e+02,-1.835255507553427368e+00
1.992400000000000091e+02,-1.389362172743125567e+00
1.992599999999999909e+02,-1.084012832162811746e+00
1.992800000000000011e+02,-8.882915759452622018e-01
1.993000000000000114e+02,-7.721147899724195574e-01
1.993199999999999932e+02,-7.122949963527623884e-01
1.993400000000000034e+02,-6.940655427818086531e-01
1.993600000000000136e+02,-7.090474992541555554e-01
1.993799999999999955e+02,-7.528941324910755073e-01
1.994000000000000057e+02,-8.237930462390490316e-01
1.994200000000000159e+02,-9.216846134421204928e-01
1.994399999999999977e+02,-1.047869165058546104e+00
1.994600000000000080e+02,-1.204785624937701360e+00
1.994800000000000182e+02,-1.395839730658600120e+00
1.995000000000000000e+02,-1.625189639444198697e+00
1.995200000000000102e+02,-1.897395655925575131e+00
1.995399999999999920e+02,-2.216806296788684794e+00
1.995600000000000023e+02,-2.586493972908749495e+00
1.995800000000000125e+02,-3.006490800478045955e+00
1.995999999999999943e+02,-3.471021261338973929e+00
1.996200000000000045e+02,-3.964493583741621752e+00
1.996400000000000148e+02,-4.456363250527431319e+00
1.996599999999999966e+02,-4.895926743580749196e+00
1.996800000000000068e+02,-5.209900060220353346e+00
1.997000000000000171e+02,-5.307943708683515283e+00
1.997199999999999989e+02,-5.102093733661601682e+00
1.997400000000000091e+02,-4.541243173129489108e+00
1.997599999999999909e+02,-3.648719186613248233e+00
1.997800000000000011e+02,-2.536988452080057854e+00
1.998000000000000114e+02,-1.377995184843019860e+00
1.998199999999999932e+02,-3.395908105843487013e-01
1.998400000000000034e+02,4.702369843858837384e-01
1.998600000000000136e+02,1.018507102794359520e+00
1.998799999999999955e+02,1.327788086732107464e+00
1.999000000000000057e+02,1.448323635210393423e+00
1.999200000000000159e+02,1.437276336797753462e+00
1.999399999999999977e+02,1.346816893710018004e+00
1.999600000000000080e+02,1.218829593524571653e+00
1.999800000000000182e+02,1.084093480694324763e+00
2.000000000000000000e+02,9.640474973634745037e-01
2.000200000000000102e+02,8.735049715506230106e-01
2.000399999999999920e+02,8.227537314297725946e-01
2.000600000000000023e+02,8.174357496664248490e-01
2.000800000000000125e+02,8.566101433551909228e-01
2.000999999999999943e+02,9.333995492570449359e-01
2.001200000000000045e+02,1.040000375461923143e+00
2.001400000000000148e+02,1.172098903997601305e+00
2.001599999999999966e+02,1.329753206362316087e+00
2.001800000000000068e+02,1.516395748732588533e+00
2.002000000000000171e+02,1.737779953065285765e+00
2.002199999999999989e+02,2.001420276789317221e+00
2.002400000000000091e+02,2.316464439103403272e+00
2.002599999999999909e+02,2.693830272971598827e+00
2.002800000000000011e+02,3.146474687540065318e+00
2.003000000000000114e+02,3.689699938779428479e+00
2.003199999999999932e+02,4.341407263314677856e+00
2.003400000000000034e+02,5.122175493046323247e+00
2.003600000000000136e+02,6.054961235993695290e+00
2.003799999999999955e+02,7.164078312611417587e+00
2.004000000000000057e+02,8.472892787307637619e+00
2.004200000000000159e+02,9.999372008746332696e+00
2.004399999999999977e+02,1.174830326725341223e+01
2.004600000000000080e+02,1.369889168054589845e+01
2.004800000000000182e+02,1.578715824039374205e+01
2.005000000000000000e+02,1.788524887297748478e+01
2.005200000000000102e+02,1.978583511382077020e+01
2.005399999999999920e+02,2.120888787679799492e+01
2.005600000000000023e+02,2.185354801830823490e+01
2.005800000000000125e+02,2.150359741877730357e+01
2.005999999999999943e+02,2.014907593972176869e+01
2.006200000000000045e+02,1.803622533734221278e+01
2.006400000000000148e+02,1.557591029774515334e+01
2.006599999999999966e+02,1.315344723600145826e+01
2.006800000000000068e+02,1.098336660896031702e+01
2.007000000000000171e+02,9.108667762186701822e+00
2.007199999999999989e+02,7.496423244321584356e+00
2.007400000000000091e+02,6.116960721331688333e+00
2.007599999999999909e+02,4.964388757956907483e+00
2.007800000000000011e+02,4.045297903601056788e+00
2.008000000000000114e+02,3.363521499220169186e+00
2.008199999999999932e+02,2.908724626387016787e+00
2.008400000000000034e+02,2.651314314450893495e+00
2.008600000000000136e+02,2.549003151692422531e+00
2.008799999999999955e+02,2.561566532602740587e+00
2.009000000000000057e+02,2.660976212899598181e+00
2.009200000000000159e+02,2.832353837639994598e+00
2.009399999999999977e+02,3.070542575991714429e+00
2.009600000000000080e+02,3.376622686226205872e+00
2.009800000000000182e+02,3.755613606052450315e+00
2.010000000000000000e+02,4.215164409012453817e+00
2.010200000000000102e+02,4.764769230840149916e+00
2.010399999999999920e+02,5.415101579307896706e+00
2.010600000000000023e+02,6.177127478624674595e+00
2.010800000000000125e+02,7.060662740160227990e+00
2.010999999999999943e+02,8.072000559741320913e+00
2.011200000000000045e+02,9.210178364081480495e+00
2.011400000000000148e+02,1.046147951507181340e+01
2.011599999999999966e+02,1.179202686440567227e+01
2.011800000000000068e+02,1.313912022623005704e+01
2.012000000000000171e+02,1.440362429002387223e+01
2.012199999999999989e+02,1.544829577126531284e+01
2.012400000000000091e+02,1.610944756947072065e+01
2.012599999999999909e+02,1.622876977706510715e+01
2.012800000000000011e+02,1.570406178854635648e+01
2.013000000000000114e+02,1.454124637049887170e+01
2.013199999999999932e+02,1.287577713408241564e+01
2.013400000000000034e+02,1.093903174973641512e+01
2.013600000000000136e+02,8.980406135563516301e+00
2.013799999999999955e+02,7.190514236045243202e+00
2.014000000000000057e+02,5.667638650553081803e+00
2.014200000000000159e+02,4.431409524923796361e+00
2.014399999999999977e+02,3.456818865418934461e+00
2.014600000000000080e+02,2.703008231136582840e+00
2.014800000000000182e+02,2.128847267992823866e+00
2.015000000000000000e+02,1.698779091122721630e+00
2.015200000000000102e+02,1.384082959106140320e+00
2.015399999999999920e+02,1.162637466567022715e+00
2.015600000000000023e+02,1.018386720735532158e+00
2.015800000000000125e+02,9.406121298376778350e-01
2.015999999999999943e+02,9.224511364242956590e-01
2.016200000000000045e+02,9.583289939886834308e-01
2.016400000000000148e+02,1.041805629306139958e+00
2.016599999999999966e+02,1.166090559699848761e+00
2.016800000000000068e+02,1.326412801181285905e+00
2.017000000000000171e+02,1.521585510674466457e+00
2.017199999999999989e+02,1.754062230123366817e+00
2.017400000000000091e+02,2.029343313547517624e+00
2.017599999999999909e+02,2.355438909874844278e+00
2.017800000000000011e+02,2.742590677126175436e+00
2.018000000000000114e+02,3.203204212285157393e+00
2.018199999999999932e+02,3.751875211956169576e+00
2.018400000000000034e+02,4.405364129045421073e+00
2.018600000000000136e+02,5.182337735622504660e+00
2.018799999999999955e+02,6.102598488031862445e+00
2.019000000000000057e+02,7.185379353561555327e+00
2.019200000000000159e+02,8.446054720674004201e+00
2.019399999999999977e+02,9.890356323852650178e+00
2.019600000000000080e+02,1.150501011959309849e+01
2.019800000000000182e+02,1.324398485681783022e+01
2.020000000000000000e+02,1.501103866892300331e+01
2.020200000000000102e+02,1.664312300448760240e+01
2.020399999999999920e+02,1.790614902536914244e+01
2.020600000000000023e+02,1.852205198328706359e+01
2.020800000000000125e+02,1.824406002111189551e+01
2.020999999999999943e+02,1.697054013104428094e+01
2.021200000000000045e+02,1.483824358045429648e+01
2.021400000000000148e+02,1.220986862550566165e+01
2.021599999999999966e+02,9.530413792164328157e+00
2.021800000000000068e+02,7.143720943549686453e+00
2.022000000000000171e+02,5.201290387120396375e+00
2.022199999999999989e+02,3.698468898471819699e+00
2.022400000000000091e+02,2.561417649179534628e+00
2.022599999999999909e+02,1.708186898838796264e+00
2.022800000000000011e+02,1.070580392940652104e+00
2.023000000000000114e+02,5.955730919682249436e-01
2.023199999999999932e+02,2.411134408721137823e-01
2.023400000000000034e+02,-2.799754773691541174e-02
2.023600000000000136e+02,-2.417558457205377376e-01
2.023799999999999955e+02,-4.231975151136402324e-01
2.024000000000000057e+02,-5.866124699185538693e-01
2.024200000000000159e+02,-7.397490467391909519e-01
2.024399999999999977e+02,-8.879422387138222739e-01
2.024600000000000080e+02,-1.036597719926175110e+00
2.024800000000000182e+02,-1.191770369578638800e+00
2.025000000000000000e+02,-1.359993607135741911e+00
2.025200000000000102e+02,-1.548073740503701279e+00
2.025399999999999920e+02,-1.763034107585227384e+00
2.025600000000000023e+02,-2.012173953090884204e+00
2.025800000000000125e+02,-2.303150932020627817e+00
2.025999999999999943e+02,-2.643997244981466821e+00
2.026200000000000045e+02,-3.042966800303533947e+00
2.026400000000000148e+02,-3.508088935869462688e+00
2.026599999999999966e+02,-4.046259010830095093e+00
2.026800000000000068e+02,-4.661642350260414958e+00
2.027000000000000171e+02,-5.353150358463608427e+00
2.027199999999999989e+02,-6.110836138739005108e+00
2.027400000000000091e+02,-6.911410630976874359e+00
2.027599999999999909e+02,-7.713882667310214991e+00
2.027800000000000011e+02,-8.457630819997023153e+00
2.028000000000000114e+02,-9.066495398890676682e+00
2.028199999999999932e+02,-9.462149566224672625e+00
2.028400000000000034e+02,-9.585930935483432336e+00
2.028600000000000136e+02,-9.420644724546242799e+00
2.028799999999999955e+02,-8.998395649667036977e+00
2.029000000000000057e+02,-8.385931179020893467e+00
2.029200000000000159e+02,-7.655437292637278901e+00
2.029399999999999977e+02,-6.861599656099953037e+00
2.029600000000000080e+02,-6.039035329922973538e+00
2.029800000000000182e+02,-5.213576717336108501e+00
2.030000000000000000e+02,-4.411236081633115980e+00
2.030200000000000102e+02,-3.658191641537666516e+00
2.030399999999999920e+02,-2.976210851178894945e+00
2.030600000000000023e+02,-2.379119906093021264e+00
2.030800000000000125e+02,-1.872155853890175248e+00
2.030999999999999943e+02,-1.453428282756043632e+00
2.031200000000000045e+02,-1.116208868738739923e+00
2.031400000000000148e+02,-8.511836932681555723e-01
2.031599999999999966e+02,-6.482947360405235671e-01
2.031800000000000068e+02,-4.980978294210169355e-01
2.032000000000000171e+02,-3.926394498339113026e-01
2.032199999999999989e+02,-3.256759476413741417e-01
2.032400000000000091e+02,-2.918367853645846277e-01
2.032599999999999909e+02,-2.851844173420043926e-01
2.032800000000000011e+02,-2.992754120660758299e-01
2.033000000000000114e+02,-3.290105412612551183e-01
2.033199999999999932e+02,-3.717671718950821269e-01
2.033400000000000034e+02,-4.271059162972506984e-01
2.033600000000000136e+02,-4.960942322783398195e-01
2.033799999999999955e+02,-5.808574574254653511e-01
2.034000000000000057e+02,-6.844045957106922318e-01
2.034200000000000159e+02,-8.106367980618802704e-01
2.034399999999999977e+02,-9.644675891968335080e-01
2.034600000000000080e+02,-1.152020634055950898e+00
2.034800000000000182e+02,-1.380894109154636062e+00
2.035000000000000000e+02,-1.660493044714218547e+00
2.035200000000000102e+02,-2.002435670051683214e+00
2.035399999999999920e+02,-2.421039784648304938e+00
2.035600000000000023e+02,-2.933888735143471482e+00
2.035800000000000125e+02,-3.562460724315743565e+00
2.035999999999999943e+02,-4.332771144440245692e+00
2.036200000000000045e+02,-5.275910899495217521e+00
2.036400000000000148e+02,-6.428236332007796427e+00
2.036599999999999966e+02,-7.830738297137565418e+00
2.036800000000000068e+02,-9.526715069309590334e+00
2.037000000000000171e+02,-1.155623254200470207e+01
2.037199999999999989e+02,-1.394493019892285446e+01
2.037400000000000091e+02,-1.668376277438877864e+01
2.037599999999999909e+02,-1.969621851379412902e+01
2.037800000000000011e+02,-2.279307740329874932e+01
2.038000000000000114e+02,-2.562677397841725124e+01
2.038199999999999932e+02,-2.768203396240797431e+01
2.038400000000000034e+02,-2.836635078986775227e+01
2.038600000000000136e+02,-2.724692361497267612e+01
2.038799999999999955e+02,-2.435825444600737910e+01
2.039000000000000057e+02,-2.033047952922602164e+01
2.039200000000000159e+02,-1.611835267520431003e+01
2.039399999999999977e+02,-1.247721635152838893e+01
2.039600000000000080e+02,-9.650173418685126236e+00
2.039800000000000182e+02,-7.508434898514721567e+00
2.040000000000000000e+02,-5.858965238530721820e+00
2.040200000000000102e+02,-4.583425868793361779e+00
2.040399999999999920e+02,-3.620460507294268826e+00
2.040600000000000023e+02,-2.921370634031653424e+00
2.040800000000000125e+02,-2.432962140619503888e+00
2.040999999999999943e+02,-2.103464301732978825e+00
2.041200000000000045e+02,-1.891758674569600451e+00
2.041400000000000148e+02,-1.769426785021890103e+00
2.041599999999999966e+02,-1.717782023059585494e+00
2.041800000000000068e+02,-1.724321468527721946e+00
2.042000000000000171e+02,-1.780253904465703751e+00
2.042199999999999989e+02,-1.878997333898265953e+00
2.042400000000000091e+02,-2.015195349680444004e+00
2.042599999999999909e+02,-2.183922602355330422e+00
2.042800000000000011e+02,-2.379896682533992447e+00
2.043000000000000114e+02,-2.596613747719410004e+00
2.043199999999999932e+02,-2.825395257829958595e+00
2.043400000000000034e+02,-3.054424023577211766e+00
2.043600000000000136e+02,-3.267960761527869185e+00
2.043799999999999955e+02,-3.446091669208806163e+00
2.044000000000000057e+02,-3.565506877373347372e+00
2.044200000000000159e+02,-3.601844679148823669e+00
2.044399999999999977e+02,-3.533878156726033115e+00
2.044600000000000080e+02,-3.349116068564415016e+00
2.044800000000000182e+02,-3.049327348867882037e+00
2.045000000000000000e+02,-2.653628981267639020e+00
2.045200000000000102e+02,-2.196971700224946034e+00
2.045399999999999920e+02,-1.723597561718389626e+00
2.045600000000000023e+02,-1.277568458216731040e+00
2.045800000000000125e+02,-8.940170879680252591e-01
2.045999999999999943e+02,-5.941408344214006432e-01
2.046200000000000045e+02,-3.847562860205210322e-01
2.046400000000000148e+02,-2.612040664623738184e-01
2.046599999999999966e+02,-2.116642311342054328e-01
2.046800000000000068e+02,-2.213258632278455595e-01
2.047000000000000171e+02,-2.755924363414835043e-01
2.047199999999999989e+02,-3.620853169287245876e-01
2.047400000000000091e+02,-4.715301270155635160e-01
2.047599999999999909e+02,-5.977754069471906684e-01
2.047800000000000011e+02,-7.372932886974942202e-01
2.048000000000000114e+02,-8.885228346710952740e-01
2.048199999999999932e+02,-1.051295027797764403e+00
2.048400000000000034e+02,-1.226394547220959641e+00
2.048600000000000136e+02,-1.415194404735590439e+00
2.048799999999999955e+02,-1.619281538711229596e+00
2.049000000000000057e+02,-1.840015771367557562e+00
2.049200000000000159e+02,-2.077983124025007289e+00
2.049399999999999977e+02,-2.332308829392432337e+00
2.049600000000000080e+02,-2.599803004177396737e+00
2.049800000000000182e+02,-2.873944575889096242e+00
2.050000000000000000e+02,-3.143787972568532041e+00
2.050200000000000102e+02,-3.393023082324455153e+00
2.050399999999999920e+02,-3.599630935819425392e+00
2.050600000000000023e+02,-3.736805805449880946e+00
2.050800000000000125e+02,-3.775901221969358623e+00
2.050999999999999943e+02,-3.691837835411985402e+00
2.051200000000000045e+02,-3.470430405833184295e+00
2.051400000000000148e+02,-3.115560312670341503e+00
2.051599999999999966e+02,-2.652874202407232929e+00
2.051800000000000068e+02,-2.127084656949879360e+00
2.052000000000000171e+02,-1.592646618564899530e+00
2.052199999999999989e+02,-1.101223551587068750e+00
2.052400000000000091e+02,-6.911506134466331996e-01
2.052599999999999909e+02,-3.825503444808116549e-01
2.052800000000000011e+02,-1.783465948510528643e-01
2.053000000000000114e+02,-6.892183258422507341e-02
2.053199999999999932e+02,-3.775967486115748561e-02
2.053400000000000034e+02,-6.633089491550057948e-02
2.053600000000000136e+02,-1.375322882045810768e-01
2.053799999999999955e+02,-2.376342980818013373e-01
2.054000000000000057e+02,-3.569563147481855658e-01
2.054200000000000159e+02,-4.895909689204198667e-01
2.054399999999999977e+02,-6.325957279528359178e-01
2.054600000000000080e+02,-7.851035657654372724e-01
2.054800000000000182e+02,-9.476457463129412950e-01
2.055000000000000000e+02,-1.121716981537091984e+00
2.055200000000000102e+02,-1.309459692149380405e+00
2.055399999999999920e+02,-1.513346078975053022e+00
2.055600000000000023e+02,-1.735790574585215129e+00
2.055800000000000125e+02,-1.978651615563794763e+00
2.055999999999999943e+02,-2.242577595514081423e+00
2.056200000000000045e+02,-2.526143054639262253e+00
2.056400000000000148e+02,-2.824732467822486104e+00
2.056599999999999966e+02,-3.129188137384538049e+00
2.056800000000000068e+02,-3.424371955900404885e+00
2.057000000000000171e+02,-3.688034493182084539e+00
2.057199999999999989e+02,-3.890722630712669439e+00
2.057400000000000091e+02,-3.997780022134009847e+00
2.057599999999999909e+02,-3.974487689826118331e+00
2.057800000000000011e+02,-3.794588342781548995e+00
2.058000000000000114e+02,-3.450546888151910796e+00
2.058199999999999932e+02,-2.961526898175195210e+00
2.058400000000000034e+02,-2.374087646075877966e+00
2.058600000000000136e+02,-1.753052500634096011e+00
2.058799999999999955e+02,-1.165388457333450534e+00
2.059000000000000057e+02,-6.643223040470138674e-01
2.059200000000000159e+02,-2.803463483819941260e-01
2.059399999999999977e+02,-2.091992391199562484e-02
2.059600000000000080e+02,1.239144037951456778e-01
2.059800000000000182e+02,1.740474258999617774e-01
2.060000000000000000e+02,1.527144212302938564e-01
2.060200000000000102e+02,8.185460218450626990e-02
2.060399999999999920e+02,-2.058010162509132587e-02
2.060600000000000023e+02,-1.417356369905767022e-01
2.060800000000000125e+02,-2.737572441816540358e-01
2.060999999999999943e+02,-4.128458524548179187e-01
2.061200000000000045e+02,-5.579762276867932247e-01
2.061400000000000148e+02,-7.098234172585899948e-01
2.061599999999999966e+02,-8.701436482144858653e-01
2.061800000000000068e+02,-1.041482380396042462e+00
2.062000000000000171e+02,-1.226978005897361834e+00
2.062199999999999989e+02,-1.430126077048396338e+00
2.062400000000000091e+02,-1.654459062058697194e+00
2.062599999999999909e+02,-1.903111521475074008e+00
2.062800000000000011e+02,-2.178215200215062097e+00
2.063000000000000114e+02,-2.480040269361562633e+00
2.063199999999999932e+02,-2.805789548249530974e+00
2.063400000000000034e+02,-3.147987214241821263e+00
2.063600000000000136e+02,-3.492521222124314484e+00
2.063799999999999955e+02,-3.816657453440464920e+00
2.064000000000000057e+02,-4.087793179766542551e+00
2.064200000000000159e+02,-4.264301876491324528e+00
2.064399999999999977e+02,-4.300227412875331723e+00
2.064600000000000080e+02,-4.155110055993426421e+00
2.064800000000000182e+02,-3.808037543075692088e+00
2.065000000000000000e+02,-3.271207567210846268e+00
2.065200000000000102e+02,-2.595226930618228067e+00
2.065399999999999920e+02,-1.860094751719139294e+00
2.065600000000000023e+02,-1.153658456933984278e+00
2.065800000000000125e+02,-5.479012071628730496e-01
2.065999999999999943e+02,-8.451447515725055148e-02
2.066200000000000045e+02,2.262288230709848247e-01
2.066400000000000148e+02,3.974841622529874940e-01
2.066599999999999966e+02,4.552884981167821254e-01
2.066800000000000068e+02,4.296749427895126261e-01
2.067000000000000171e+02,3.487723689440476171e-01
2.067199999999999989e+02,2.356145847884386080e-01
2.067400000000000091e+02,1.068708110714854248e-01
2.067599999999999909e+02,-2.718681634195529648e-02
2.067800000000000011e+02,-1.617982421247519120e-01
2.068000000000000114e+02,-2.961123653367475628e-01
2.068199999999999932e+02,-4.314298530316501568e-01
2.068400000000000034e+02,-5.700329659312759478e-01
2.068600000000000136e+02,-7.147801464218527245e-01
2.068799999999999955e+02,-8.690816962769526421e-01
2.069000000000000057e+02,-1.036893108159570032e+00
2.069200000000000159e+02,-1.222617614189932089e+00
2.069399999999999977e+02,-1.430930441802148456e+00
2.069600000000000080e+02,-1.666524425509998686e+00
2.069800000000000182e+02,-1.933726502100741040e+00
2.070000000000000000e+02,-2.235884435853413787e+00
2.070200000000000102e+02,-2.574388788875038969e+00
2.070399999999999920e+02,-2.947163054670124627e+00
2.070600000000000023e+02,-3.346482637638380719e+00
2.070800000000000125e+02,-3.756106857707326441e+00
2.070999999999999943e+02,-4.148065870724681581e+00
2.071200000000000045e+02,-4.480153072363912692e+00
2.071400000000000148e+02,-4.696240240174875069e+00
2.071599999999999966e+02,-4.732490138188156337e+00
2.071800000000000068e+02,-4.532078418227774463e+00
2.072000000000000171e+02,-4.067310991509866192e+00
2.072199999999999989e+02,-3.360866848344825186e+00
2.072400000000000091e+02,-2.492105919727769958e+00
2.072599999999999909e+02,-1.578549866447526373e+00
2.072800000000000011e+02,-7.387659326764342005e-01
2.073000000000000114e+02,-5.763664849582073729e-02
2.073199999999999932e+02,4.279905441300313473e-01
2.073400000000000034e+02,7.226186688198357189e-01
2.073600000000000136e+02,8.559995245946906417e-01
2.073799999999999955e+02,8.679653428235828416e-01
2.074000000000000057e+02,7.980801212101169551e-01
2.074200000000000159e+02,6.800611328529700961e-01
2.074399999999999977e+02,5.397368950418132139e-01
2.074600000000000080e+02,3.951461409419920745e-01
2.074800000000000182e+02,2.575453583944757874e-01
2.075000000000000000e+02,1.324630502438264024e-01
2.075200000000000102e+02,2.060559866962893491e-02
2.075399999999999920e+02,-8.079249553263358197e-02
2.075600000000000023e+02,-1.758782017672900488e-01
2.075800000000000125e+02,-2.685108281097658423e-01
2.075999999999999943e+02,-3.619815326586736659e-01
2.076200000000000045e+02,-4.594793614261282189e-01
2.076400000000000148e+02,-5.644617499952648831e-01
2.076599999999999966e+02,-6.807821046560273981e-01
2.076800000000000068e+02,-8.127182378586014222e-01
2.077000000000000171e+02,-9.649970584147360420e-01
2.077199999999999989e+02,-1.142830353693593093e+00
2.077400000000000091e+02,-1.351927776484794341e+00
2.077599999999999909e+02,-1.598432338773829064e+00
2.077800000000000011e+02,-1.888684520089214836e+00
2.078000000000000114e+02,-2.228679675929664761e+00
2.078199999999999932e+02,-2.623005458272425816e+00
2.078400000000000034e+02,-3.072955515525063408e+00
2.078600000000000136e+02,-3.573437682488382450e+00
2.078799999999999955e+02,-4.108331067262998459e+00
2.079000000000000057e+02,-4.644330755474526562e+00
2.079200000000000159e+02,-5.124450326514677911e+00
2.079399999999999977e+02,-5.464639334077587840e+00
2.079600000000000080e+02,-5.560073851540330736e+00
2.079800000000000182e+02,-5.308947903257211109e+00
2.080000000000000000e+02,-4.655315523707279191e+00
2.080200000000000102e+02,-3.634875530907264451e+00
2.080399999999999920e+02,-2.389249531757289713e+00
2.080600000000000023e+02,-1.122838438145713935e+00
2.080800000000000125e+02,-2.165551438592617367e-02
2.080999999999999943e+02,8.086030731038569286e-01
2.081200000000000045e+02,1.349385144445738760e+00
2.081400000000000148e+02,1.638952217921185950e+00
2.081599999999999966e+02,1.739802700755989529e+00
2.081800000000000068e+02,1.717789006487341785e+00
2.082000000000000171e+02,1.631338024436903567e+00
2.082199999999999989e+02,1.527534405235640547e+00
2.082400000000000091e+02,1.442342889127840255e+00
2.082599999999999909e+02,1.401636521548597525e+00
2.082800000000000011e+02,1.419990936185582697e+00
2.083000000000000114e+02,1.498576619701774693e+00
2.083199999999999932e+02,1.628339656868021734e+00
2.083400000000000034e+02,1.798648306998841262e+00
2.083600000000000136e+02,2.003787923875100851e+00
2.083799999999999955e+02,2.244181533376242932e+00
2.084000000000000057e+02,2.524958200626632898e+00
2.084200000000000159e+02,2.854366980588096236e+00
2.084399999999999977e+02,3.242822267006419512e+00
2.084600000000000080e+02,3.702517103763129924e+00
2.084800000000000182e+02,4.247350350697889354e+00
2.085000000000000000e+02,4.892924095562879216e+00
2.085200000000000102e+02,5.656393322381857658e+00
2.085399999999999920e+02,6.555924301437158874e+00
2.085600000000000023e+02,7.609440085469749704e+00
2.085800000000000125e+02,8.832193630471321555e+00
2.085999999999999943e+02,1.023254439757483603e+01
2.086200000000000045e+02,1.180520749215352261e+01
2.086400000000000148e+02,1.352141222779941820e+01
2.086599999999999966e+02,1.531628882675832770e+01
2.086800000000000068e+02,1.707604561974159196e+01
2.087000000000000171e+02,1.863154086750726890e+01
2.087199999999999989e+02,1.976956375562710022e+01
2.087400000000000091e+02,2.027374115659761955e+01
2.087599999999999909e+02,1.999531756050755860e+01
2.087800000000000011e+02,1.892737715406346055e+01
2.088000000000000114e+02,1.723243811045745488e+01
2.088199999999999932e+02,1.518783834373372521e+01
2.088400000000000034e+02,1.307338466495164297e+01
2.088600000000000136e+02,1.107722100033719315e+01
2.088799999999999955e+02,9.276811741019793445e+00
2.089000000000000057e+02,7.680858035249380045e+00
2.089200000000000159e+02,6.277626512348420285e+00
2.089399999999999977e+02,5.057754986221322469e+00
2.089600000000000080e+02,4.015937017868046688e+00
2.089800000000000182e+02,3.146387691719551682e+00
2.090000000000000000e+02,2.440140277490221443e+00
2.090200000000000102e+02,1.885279832275760015e+00
2.090399999999999920e+02,1.468573809356986892e+00
2.090600000000000023e+02,1.176481333104580251e+00
2.090800000000000125e+02,9.938939584648359693e-01
2.090999999999999943e+02,9.017256452092157204e-01
2.091200000000000045e+02,8.782369173711399579e-01
2.091400000000000148e+02,9.047329558532697380e-01
2.091599999999999966e+02,9.694071010780682673e-01
2.091800000000000068e+02,1.066966356265282467e+00
2.092000000000000171e+02,1.196677589033773748e+00
2.092199999999999989e+02,1.360810828882274448e+00
2.092400000000000091e+02,1.563817441302844724e+00
2.092599999999999909e+02,1.812031080377463521e+00
2.092800000000000011e+02,2.113669744186827959e+00
2.093000000000000114e+02,2.478998686581670885e+00
2.093199999999999932e+02,2.920570670110450795e+00
2.093400000000000034e+02,3.453473292904889913e+00
2.093600000000000136e+02,4.095497560598774456e+00
2.093799999999999955e+02,4.867084210786270404e+00
2.094000000000000057e+02,5.790798229553606014e+00
2.094200000000000159e+02,6.889904201231519032e+00
2.094399999999999977e+02,8.185344102569278135e+00
2.094600000000000080e+02,9.690053612957752804e+00
2.094800000000000182e+02,1.139919392022326328e+01
2.095000000000000000e+02,1.327486249064236112e+01
2.095200000000000102e+02,1.522505287969980792e+01
2.095399999999999920e+02,1.708064585834797811e+01
2.095600000000000023e+02,1.858271153278424492e+01
2.095800000000000125e+02,1.940387833454681754e+01
2.095999999999999943e+02,1.923067792968284451e+01
2.096200000000000045e+02,1.790584023193098417e+01
2.096400000000000148e+02,1.556192637517623112e+01
2.096599999999999966e+02,1.262648833143093974e+01
2.096800000000000068e+02,9.644541384446736032e+00
2.097000000000000171e+02,7.032703655447662960e+00
2.097199999999999989e+02,4.956279860639381418e+00
2.097400000000000091e+02,3.385784761548000787e+00
2.097599999999999909e+02,2.218307191884410834e+00
2.097800000000000011e+02,1.353010599280991322e+00
2.098000000000000114e+02,7.108322629610521748e-01
2.098199999999999932e+02,2.305885835529423722e-01
2.098400000000000034e+02,-1.375672606166646050e-01
2.098600000000000136e+02,-4.340139693873629745e-01
2.098799999999999955e+02,-6.873990536211750380e-01
2.099000000000000057e+02,-9.144250318118158916e-01
2.099200000000000159e+02,-1.124431609164350254e+00
2.099399999999999977e+02,-1.324553000589829832e+00
2.099600000000000080e+02,-1.522213520091053818e+00
2.099800000000000182e+02,-1.725495999381649437e+00
2.100000000000000000e+02,-1.942786172591074889e+00
2.100200000000000102e+02,-2.182423628225306445e+00
2.100399999999999920e+02,-2.452521279862409198e+00
2.100600000000000023e+02,-2.760881966395983600e+00
2.100800000000000125e+02,-3.114879458529483003e+00
2.100999999999999943e+02,-3.521169130073479980e+00
2.101200000000000045e+02,-3.985087989342471992e+00
2.101400000000000148e+02,-4.509601807619752378e+00
2.101599999999999966e+02,-5.093668797127422820e+00
2.101800000000000068e+02,-5.729956848803276159e+00
2.102000000000000171e+02,-6.402059168688802870e+00
2.102199999999999989e+02,-7.081767916590338885e+00
2.102400000000000091e+02,-7.727614031744032275e+00
2.102599999999999909e+02,-8.286536838436139973e+00
2.102800000000000011e+02,-8.700560882141850527e+00
2.103000000000000114e+02,-8.918789194918957719e+00
2.103199999999999932e+02,-8.911572543754084919e+00
2.103400000000000034e+02,-8.680201103203144086e+00
2.103600000000000136e+02,-8.255689453420179902e+00
2.103799999999999955e+02,-7.686293930649418904e+00
2.104000000000000057e+02,-7.021441114307627629e+00
2.104200000000000159e+02,-6.301913796837546933e+00
2.104399999999999977e+02,-5.559568678722420998e+00
2.104600000000000080e+02,-4.821658424351943140e+00
2.104800000000000182e+02,-4.113540780106780481e+00
2.105000000000000000e+02,-3.458132099456696640e+00
2.105200000000000102e+02,-2.874068419306389011e+00
2.105399999999999920e+02,-2.374529729056197080e+00
2.105600000000000023e+02,-1.967072134298266439e+00
2.105800000000000125e+02,-1.653710862645299207e+00
2.105999999999999943e+02,-1.430695442612933244e+00
2.106200000000000045e+02,-1.288740376956913014e+00
2.106400000000000148e+02,-1.215098589681922636e+00
2.106599999999999966e+02,-1.197046942308343187e+00
2.106800000000000068e+02,-1.224613960841531179e+00
2.107000000000000171e+02,-1.291467808307041887e+00
2.107199999999999989e+02,-1.394586694368135094e+00
2.107400000000000091e+02,-1.533605035580485998e+00
2.107599999999999909e+02,-1.710260263817185322e+00
2.107800000000000011e+02,-1.928014380184065901e+00
2.108000000000000114e+02,-2.191796151279207905e+00
2.108199999999999932e+02,-2.507773197945370125e+00
2.108400000000000034e+02,-2.883057737523879283e+00
2.108600000000000136e+02,-3.325215161234246430e+00
2.108799999999999955e+02,-3.841407348364252350e+00
2.109000000000000057e+02,-4.436943076330472024e+00
2.109200000000000159e+02,-5.112964906090279982e+00
2.109399999999999977e+02,-5.863036783272806751e+00
2.109600000000000080e+02,-6.668643160283549420e+00
2.109800000000000182e+02,-7.494273230783736750e+00
2.110000000000000000e+02,-8.284001587769340702e+00
2.110200000000000102e+02,-8.963026151478031167e+00
2.110399999999999920e+02,-9.448193121022493202e+00
2.110600000000000023e+02,-9.668754125697295976e+00
2.110800000000000125e+02,-9.591202237583827284e+00
2.110999999999999943e+02,-9.234098756869537183e+00
2.111200000000000045e+02,-8.659966475534067953e+00
2.111400000000000148e+02,-7.946486052216100049e+00
2.111599999999999966e+02,-7.157138669415740395e+00
2.111800000000000068e+02,-6.331788400837591979e+00
2.112000000000000171e+02,-5.496931440582742745e+00
2.112199999999999989e+02,-4.678100815719561822e+00
2.112400000000000091e+02,-3.902598654782892584e+00
2.112599999999999909e+02,-3.195087863692556152e+00
2.112800000000000011e+02,-2.572999811227695943e+00
2.113000000000000114e+02,-2.045021955063120345e+00
2.113199999999999932e+02,-1.612325736115005848e+00
2.113400000000000034e+02,-1.271118579252769498e+00
2.113600000000000136e+02,-1.015340724984336696e+00
2.113799999999999955e+02,-8.385630380706878828e-01
2.114000000000000057e+02,-7.339993191011781049e-01
2.114200000000000159e+02,-6.924337119598749091e-01
2.114399999999999977e+02,-7.013016132425644589e-01
2.114600000000000080e+02,-7.480516252464348703e-01
2.114800000000000182e+02,-8.242370155375260410e-01
2.115000000000000000e+02,-9.264329531389685624e-01
2.115200000000000102e+02,-1.055073825558816125e+00
2.115399999999999920e+02,-1.213200992056623351e+00
2.115600000000000023e+02,-1.405759013193546236e+00
2.115800000000000125e+02,-1.639367143249675252e+00
2.115999999999999943e+02,-1.922388355077029765e+00
2.116200000000000045e+02,-2.265174718120877451e+00
2.116400000000000148e+02,-2.680423515466396900e+00
2.116599999999999966e+02,-3.183606962216330327e+00
2.116800000000000068e+02,-3.793440397145432019e+00
2.117000000000000171e+02,-4.532331710636500866e+00
2.117199999999999989e+02,-5.426700472299292421e+00
2.117400000000000091e+02,-6.506952915880996891e+00
2.117599999999999909e+02,-7.806720802520888292e+00
2.117800000000000011e+02,-9.360673764753924431e+00
2.118000000000000114e+02,-1.119976325644426396e+01
2.118199999999999932e+02,-1.334215007092701555e+01
2.118400000000000034e+02,-1.577750840826376511e+01
2.118600000000000136e+02,-1.844256460644717777e+01
2.118799999999999955e+02,-2.118829325139778774e+01
2.119000000000000057e+02,-2.374703461909259516e+01
2.119200000000000159e+02,-2.572314810092053250e+01
2.119399999999999977e+02,-2.664790223254428980e+01
2.119600000000000080e+02,-2.613286504390460863e+01
2.119800000000000182e+02,-2.408903302703105709e+01
2.120000000000000000e+02,-2.086699259515501481e+01
2.120200000000000102e+02,-1.715028989829092865e+01
2.120399999999999920e+02,-1.362093467707277306e+01
2.120600000000000023e+02,-1.065805954536610933e+01
2.120800000000000125e+02,-8.306330630272125148e+00
2.120999999999999943e+02,-6.453711572717450551e+00
2.121200000000000045e+02,-4.989019142403672724e+00
2.121400000000000148e+02,-3.845327073063168122e+00
2.121599999999999966e+02,-2.981701145996009217e+00
2.121800000000000068e+02,-2.359312501853205735e+00
2.122000000000000171e+02,-1.931898125966428736e+00
2.122199999999999989e+02,-1.651385098583590949e+00
2.122400000000000091e+02,-1.477990399537610688e+00
2.122599999999999909e+02,-1.384224934820403874e+00
2.122800000000000011e+02,-1.352799217194419645e+00
2.123000000000000114e+02,-1.373086848062371690e+00
2.123199999999999932e+02,-1.438518413267057428e+00
2.123400000000000034e+02,-1.545044041334153961e+00
2.123600000000000136e+02,-1.690211741943761670e+00
2.123799999999999955e+02,-1.872488619677035837e+00
2.124000000000000057e+02,-2.090593269640739660e+00
2.124200000000000159e+02,-2.342691820316546103e+00
2.124399999999999977e+02,-2.625346755528909615e+00
2.124600000000000080e+02,-2.932144917638931148e+00
2.124800000000000182e+02,-3.251996686915120893e+00
2.125000000000000000e+02,-3.567263434376426456e+00
2.125200000000000102e+02,-3.852160729858936428e+00
2.125399999999999920e+02,-4.072334142302136861e+00
2.125600000000000023e+02,-4.186963724555454291e+00
2.125800000000000125e+02,-4.154826777765295631e+00
2.125999999999999943e+02,-3.944762764543559452e+00
2.126200000000000045e+02,-3.548469165731086061e+00
2.126400000000000148e+02,-2.990303199862596628e+00
2.126599999999999966e+02,-2.327465803745252693e+00
2.126800000000000068e+02,-1.637505296658086085e+00
2.127000000000000171e+02,-9.975975185091883191e-01
2.127199999999999989e+02,-4.655690818998989289e-01
2.127400000000000091e+02,-7.080856456056117132e-02
2.127599999999999909e+02,1.839406236178755538e-01
2.127800000000000011e+02,3.145046885352869026e-01
2.128000000000000114e+02,3.461213646194248317e-01
2.128199999999999932e+02,3.061195134224573566e-01
2.128400000000000034e+02,2.191855443995027741e-01
2.128600000000000136e+02,1.048680196993596325e-01
2.128799999999999955e+02,-2.329992530486289792e-02
2.129000000000000057e+02,-1.575163969058349100e-01
2.129200000000000159e+02,-2.945476407427787269e-01
2.129399999999999977e+02,-4.341307360927866288e-01
2.129600000000000080e+02,-5.776177867401862676e-01
2.129800000000000182e+02,-7.272626567777010775e-01
2.130000000000000000e+02,-8.859983889325375728e-01
2.130200000000000102e+02,-1.057359072440166692e+00
2.130399999999999920e+02,-1.245355424479053230e+00
2.130600000000000023e+02,-1.454267497963449562e+00
2.130800000000000125e+02,-1.688348889616006154e+00
2.130999999999999943e+02,-1.951401731543657814e+00
2.131200000000000045e+02,-2.246139139690323194e+00
2.131400000000000148e+02,-2.573213372528023957e+00
2.131599999999999966e+02,-2.929778782217911992e+00
2.131800000000000068e+02,-3.307488662230160248e+00
2.132000000000000171e+02,-3.689971619510781231e+00
2.132199999999999989e+02,-4.050171809783992494e+00
2.132400000000000091e+02,-4.348567674837802599e+00
2.132599999999999909e+02,-4.534144291609024435e+00
2.132800000000000011e+02,-4.550630877642496408e+00
2.133000000000000114e+02,-4.349823664362975073e+00
2.133199999999999932e+02,-3.910474300271084225e+00
2.133400000000000034e+02,-3.255485797322470454e+00
2.133600000000000136e+02,-2.456099136841261910e+00
2.133799999999999955e+02,-1.615742184851108654e+00
2.134000000000000057e+02,-8.390165469829490297e-01
2.134200000000000159e+02,-2.025090244694724706e-01
2.134399999999999977e+02,2.581941060726666293e-01
2.134600000000000080e+02,5.441057151650027235e-01
2.134800000000000182e+02,6.797652550993061871e-01
2.135000000000000000e+02,7.000616586500189031e-01
2.135200000000000102e+02,6.407494313864686708e-01
2.135399999999999920e+02,5.330219789852144174e-01
2.135600000000000023e+02,4.012016014115449281e-01
2.135800000000000125e+02,2.623290798300628723e-01
2.135999999999999943e+02,1.266293965899648877e-01
2.136200000000000045e+02,-1.610010284665778623e-03
2.136400000000000148e+02,-1.225832140938211134e-01
2.136599999999999966e+02,-2.389071714371445720e-01
2.136800000000000068e+02,-3.538458657951613073e-01
2.137000000000000171e+02,-4.706474892728843007e-01
2.137199999999999989e+02,-5.926886416685771541e-01
2.137400000000000091e+02,-7.237262343175971946e-01
2.137599999999999909e+02,-8.679897153826240386e-01
2.137800000000000011e+02,-1.030163112871381292e+00
2.138000000000000114e+02,-1.215330425609453924e+00
2.138199999999999932e+02,-1.428892040942645991e+00
2.138400000000000034e+02,-1.676402856693187671e+00
2.138600000000000136e+02,-1.963242550464391778e+00
2.138799999999999955e+02,-2.293980535429599232e+00
2.139000000000000057e+02,-2.671246992618428351e+00
2.139200000000000159e+02,-3.093863984792172062e+00
2.139399999999999977e+02,-3.553975274317624056e+00
2.139600000000000080e+02,-4.033040880496516323e+00
2.139800000000000182e+02,-4.497022464266292374e+00
2.140000000000000000e+02,-4.892151109003221698e+00
2.140200000000000102e+02,-5.144459642817314382e+00
2.140399999999999920e+02,-5.168125436626732849e+00
2.140600000000000023e+02,-4.887283527718291332e+00
2.140800000000000125e+02,-4.269674888358784060e+00
2.140999999999999943e+02,-3.357702435092696280e+00
2.141200000000000045e+02,-2.272807131347737819e+00
2.141400000000000148e+02,-1.179387412178341643e+00
2.141599999999999966e+02,-2.254679293323273992e-01
2.141800000000000068e+02,5.015005972120319955e-01
2.142000000000000171e+02,9.812386949893762145e-01
2.142199999999999989e+02,1.240383627901078700e+00
2.142400000000000091e+02,1.327752835768597262e+00
2.142599999999999909e+02,1.296480024334258241e+00
2.142800000000000011e+02,1.193876528372370016e+00
2.143000000000000114e+02,1.057072684379301020e+00
2.143199999999999932e+02,9.124739283214776675e-01
2.143400000000000034e+02,7.773163014523341019e-01
2.143600000000000136e+02,6.620499440630543964e-01
2.143799999999999955e+02,5.727908708607454269e-01
2.144000000000000057e+02,5.133483497271258411e-01
2.144200000000000159e+02,4.861451198176762190e-01
2.144399999999999977e+02,4.913286685729593151e-01
2.144600000000000080e+02,5.254312898668971332e-01
2.144800000000000182e+02,5.828041945080936204e-01
2.145000000000000000e+02,6.590178666387591644e-01
2.145200000000000102e+02,7.526139512770307904e-01
2.145399999999999920e+02,8.648390312821361281e-01
2.145600000000000023e+02,9.988564634461389868e-01
2.145800000000000125e+02,1.159224245217566285e+00
2.145999999999999943e+02,1.351723642165465034e+00
2.146200000000000045e+02,1.583431466873453708e+00
2.146400000000000148e+02,1.862939820961537318e+00
2.146599999999999966e+02,2.200667528447350918e+00
2.146800000000000068e+02,2.609232325255209872e+00
2.147000000000000171e+02,3.103858499720241415e+00
2.147199999999999989e+02,3.702780258592116791e+00
2.147400000000000091e+02,4.427563386628594166e+00
2.147599999999999909e+02,5.303193535954278559e+00
2.147800000000000011e+02,6.357649867070938932e+00
2.148000000000000114e+02,7.620463860721663707e+00
2.148199999999999932e+02,9.119424672446708513e+00
2.148400000000000034e+02,1.087412667487700979e+01
2.148600000000000136e+02,1.288457743049253068e+01
2.148799999999999955e+02,1.511304573617776903e+01
2.149000000000000057e+02,1.745887920394275383e+01
2.149200000000000159e+02,1.973127389590206704e+01
2.149399999999999977e+02,2.163597014962603993e+01
2.149600000000000080e+02,2.280569008528078712e+01
2.149800000000000182e+02,2.290421325693469257e+01
2.150000000000000000e+02,2.179166670292974572e+01
2.150200000000000102e+02,1.965479577467981898e+01
2.150399999999999920e+02,1.696761623227509119e+01
2.150600000000000023e+02,1.426047242529310921e+01
2.150800000000000125e+02,1.186809798826064188e+01
2.150999999999999943e+02,9.864338673289427817e+00
2.151200000000000045e+02,8.188608050155563589e+00
2.151400000000000148e+02,6.784153791343386253e+00
2.151599999999999966e+02,5.638640280599305221e+00
2.151800000000000068e+02,4.761114166935284331e+00
2.152000000000000171e+02,4.151047330937749358e+00
2.152199999999999989e+02,3.782466245963572948e+00
2.152400000000000091e+02,3.609018225249023715e+00
2.152599999999999909e+02,3.582169647971785942e+00
2.152800000000000011e+02,3.665445292291320989e+00
2.153000000000000114e+02,3.837511865443813619e+00
2.153199999999999932e+02,4.088853689170985461e+00
2.153400000000000034e+02,4.417513139900060892e+00
2.153600000000000136e+02,4.825922088788961339e+00
2.153799999999999955e+02,5.318855424632605633e+00
2.154000000000000057e+02,5.902017630459141628e+00
2.154200000000000159e+02,6.580773414681930333e+00
2.154399999999999977e+02,7.358622779278041648e+00
2.154600000000000080e+02,8.235088887734823615e+00
2.154800000000000182e+02,9.202762396608530793e+00
2.155000000000000000e+02,1.024337701449010929e+01
2.155200000000000102e+02,1.132310364383156198e+01
2.155399999999999920e+02,1.238785467688352959e+01
2.155600000000000023e+02,1.336037644450545514e+01
2.155800000000000125e+02,1.414208981863003523e+01
2.155999999999999943e+02,1.462327933071563635e+01
2.156200000000000045e+02,1.470389362396202060e+01
2.156400000000000148e+02,1.432248682494545555e+01
2.156599999999999966e+02,1.348345236169343764e+01
2.156800000000000068e+02,1.226764970762254237e+01
2.157000000000000171e+02,1.081590680333313159e+01
2.157199999999999989e+02,9.289788425301331642e+00
2.157400000000000091e+02,7.828916495630449113e+00
2.157599999999999909e+02,6.525192591865648595e+00
2.157800000000000011e+02,5.420611943060893445e+00
2.158000000000000114e+02,4.520607328638341471e+00
2.158199999999999932e+02,3.810693888092668846e+00
2.158400000000000034e+02,3.269080191170369076e+00
2.158600000000000136e+02,2.873876305553171306e+00
2.158799999999999955e+02,2.606287979294338086e+00
2.159000000000000057e+02,2.451340776500720242e+00
2.159200000000000159e+02,2.397126517278569402e+00
2.159399999999999977e+02,2.433447245527681879e+00
2.159600000000000080e+02,2.550966498000243998e+00
2.159800000000000182e+02,2.741604578628898725e+00
2.160000000000000000e+02,2.999767470053485763e+00
2.160200000000000102e+02,3.323368203208468152e+00
2.160399999999999920e+02,3.714076115577415571e+00
2.160600000000000023e+02,4.176911333610474841e+00
2.160800000000000125e+02,4.719503598995574478e+00
2.160999999999999943e+02,5.351184924564062584e+00
2.161200000000000045e+02,6.081876569310588287e+00
2.161400000000000148e+02,6.920576693606591334e+00
2.161599999999999966e+02,7.873148432920404005e+00
2.161800000000000068e+02,8.939051195478841194e+00
2.162000000000000171e+02,1.010667826065152752e+01
2.162199999999999989e+02,1.134718741812190324e+01
2.162400000000000091e+02,1.260733023136993225e+01
2.162599999999999909e+02,1.380304727525751574e+01
2.162800000000000011e+02,1.481754766957140035e+01
2.163000000000000114e+02,1.550955628337877279e+01
2.163199999999999932e+02,1.573731073827686444e+01
2.163400000000000034e+02,1.539854440802392332e+01
2.163600000000000136e+02,1.447487114408844100e+01
2.163799999999999955e+02,1.305689637973357975e+01
2.164000000000000057e+02,1.132791093247880809e+01
2.164200000000000159e+02,9.507068400574395284e+00
2.164399999999999977e+02,7.782259784059199603e+00
2.164600000000000080e+02,6.269476005082056602e+00
2.164800000000000182e+02,5.011795418264221702e+00
2.165000000000000000e+02,4.003024839506444721e+00
2.165200000000000102e+02,3.213911391125891637e+00
2.165399999999999920e+02,2.609526574954891931e+00
2.165600000000000023e+02,2.157593354647927786e+00
2.165800000000000125e+02,1.831456488732418952e+00
2.165999999999999943e+02,1.610682339633939586e+00
2.166200000000000045e+02,1.480604162361309761e+00
2.166400000000000148e+02,1.430965106400946540e+00
2.166599999999999966e+02,1.453671552565949376e+00
2.166800000000000068e+02,1.540756136957406097e+00
2.167000000000000171e+02,1.684290846786996143e+00
2.167199999999999989e+02,1.878175984136904786e+00
2.167400000000000091e+02,2.119868320782066107e+00
2.167599999999999909e+02,2.410889684952612022e+00
2.167800000000000011e+02,2.756440297721748589e+00
2.168000000000000114e+02,3.164780643542794536e+00
2.168199999999999932e+02,3.646713676055636011e+00
2.168400000000000034e+02,4.215188534647551499e+00
2.168600000000000136e+02,4.884888486956159959e+00
2.168799999999999955e+02,5.671586807179919809e+00
2.169000000000000057e+02,6.590960298235277293e+00
2.169200000000000159e+02,7.656440204148070805e+00
2.169399999999999977e+02,8.875523236711744701e+00
2.169600000000000080e+02,1.024384584220157102e+01
2.169800000000000182e+02,1.173639693458562583e+01
2.170000000000000000e+02,1.329587010660683255e+01
2.170200000000000102e+02,1.481993599276932549e+01
2.170399999999999920e+02,1.615274067085197984e+01
2.170600000000000023e+02,1.709079100679676699e+01
2.170800000000000125e+02,1.741612051652383997e+01
2.170999999999999943e+02,1.696253590361011732e+01
2.171200000000000045e+02,1.569723754000197324e+01
2.171400000000000148e+02,1.377017100715762865e+01
2.171599999999999966e+02,1.148160305357042077e+01
2.171800000000000068e+02,9.170135687907658095e+00
2.172000000000000171e+02,7.091315206493230328e+00
2.172199999999999989e+02,5.363974044859118884e+00
2.172400000000000091e+02,3.995595615310314042e+00
2.172599999999999909e+02,2.938452460691907131e+00
2.172800000000000011e+02,2.131922566277714370e+00
2.173000000000000114e+02,1.521184364616453344e+00
2.173199999999999932e+02,1.061590031608506735e+00
2.173400000000000034e+02,7.178621399016104077e-01
2.173600000000000136e+02,4.623051479911097217e-01
2.173799999999999955e+02,2.731870178100815338e-01
2.174000000000000057e+02,1.333445625595125195e-01
2.174200000000000159e+02,2.883809796205621598e-02
2.174399999999999977e+02,-5.221821732580102932e-02
2.174600000000000080e+02,-1.198280969652845418e-01
2.174800000000000182e+02,-1.810746223822891632e-01
2.175000000000000000e+02,-2.398983318476137216e-01
2.175200000000000102e+02,-2.986014818648573543e-01
2.175399999999999920e+02,-3.593071339439171119e-01
2.175600000000000023e+02,-4.244681739617593430e-01
2.175800000000000125e+02,-4.968743844780195706e-01
2.175999999999999943e+02,-5.796016387106670553e-01
2.176200000000000045e+02,-6.760378837553754350e-01
2.176400000000000148e+02,-7.899836606237435888e-01
2.176599999999999966e+02,-9.258000460584553393e-01
2.176800000000000068e+02,-1.088584767258098385e+00
2.177000000000000171e+02,-1.284363630568135406e+00
2.177199999999999989e+02,-1.520286079865973194e+00
2.177400000000000091e+02,-1.804804398349475925e+00
2.177599999999999909e+02,-2.147797832281032715e+00
2.177800000000000011e+02,-2.560565053533676139e+00
2.178000000000000114e+02,-3.055548087541724023e+00
2.178199999999999932e+02,-3.645550492559717970e+00
2.178400000000000034e+02,-4.342070057122967341e+00
2.178600000000000136e+02,-5.152194339236936038e+00
2.178799999999999955e+02,-6.073397464072573193e+00
2.179000000000000057e+02,-7.085787383424697161e+00
2.179200000000000159e+02,-8.142420961133012725e+00
2.179399999999999977e+02,-9.160945775955449122e+00
2.179600000000000080e+02,-1.002404501303113982e+01
2.179800000000000182e+02,-1.059904648003877803e+01
2.180000000000000000e+02,-1.078130153649495604e+01
2.180200000000000102e+02,-1.054599566877652883e+01
2.180399999999999920e+02,-9.970988888953904450e+00
2.180600000000000023e+02,-9.200022347655050226e+00
2.180800000000000125e+02,-8.363701494132914860e+00
2.180999999999999943e+02,-7.525027091327499029e+00
2.181200000000000045e+02,-6.697311183932751710e+00
2.181400000000000148e+02,-5.897042202016318235e+00
2.181599999999999966e+02,-5.166805702814033729e+00
2.181800000000000068e+02,-4.561970696218409671e+00
2.182000000000000171e+02,-4.128033595302341929e+00
2.182199999999999989e+02,-3.883547387970052167e+00
2.182400000000000091e+02,-3.815071174948228894e+00
2.182599999999999909e+02,-3.888742059769803472e+00
2.182800000000000011e+02,-4.069932538930326693e+00
2.183000000000000114e+02,-4.335704521182734972e+00
2.183199999999999932e+02,-4.676509859807200797e+00
2.183400000000000034e+02,-5.092774785381271485e+00
2.183600000000000136e+02,-5.591063579466116096e+00
2.183799999999999955e+02,-6.181331017674822625e+00
2.184000000000000057e+02,-6.875170514579541425e+00
2.184200000000000159e+02,-7.684548769503151355e+00
2.184399999999999977e+02,-8.620507809971423185e+00
2.184600000000000080e+02,-9.691373271429329250e+00
2.184800000000000182e+02,-1.090005207370803575e+01
2.185000000000000000e+02,-1.224005965461595657e+01
2.185200000000000102e+02,-1.369007322171209040e+01
2.185399999999999920e+02,-1.520721997487333965e+01
2.185600000000000023e+02,-1.672017881876074341e+01
2.185800000000000125e+02,-1.812463053273303970e+01
2.185999999999999943e+02,-1.928538796676171785e+01
2.186200000000000045e+02,-2.005053894030755046e+01
2.186400000000000148e+02,-2.028090038093816005e+01
2.186599999999999966e+02,-1.989085041231180995e+01
2.186800000000000068e+02,-1.888559480105072197e+01
2.187000000000000171e+02,-1.737320980698252626e+01
2.187199999999999989e+02,-1.553801038062187345e+01
2.187400000000000091e+02,-1.358482328515838944e+01
2.187599999999999909e+02,-1.168374069157423811e+01
2.187800000000000011e+02,-9.942276545811523647e+00
2.188000000000000114e+02,-8.409324763971364192e+00
2.188199999999999932e+02,-7.095685916715059882e+00
2.188400000000000034e+02,-5.994144369109160486e+00
2.188600000000000136e+02,-5.091774781607398381e+00
2.188799999999999955e+02,-4.375365481998861661e+00
2.189000000000000057e+02,-3.833048502660822976e+00
2.189200000000000159e+02,-3.454077602917045464e+00
2.189399999999999977e+02,-3.227467332403109790e+00
2.189600000000000080e+02,-3.140329311631608888e+00
2.189800000000000182e+02,-3.177541376531429762e+00
2.190000000000000000e+02,-3.323804454585428836e+00
2.190200000000000102e+02,-3.566852316796345512e+00
2.190399999999999920e+02,-3.899748590205494914e+00
2.190600000000000023e+02,-4.321470369421975377e+00
2.190800000000000125e+02,-4.836335028455427398e+00
2.190999999999999943e+02,-5.453019107610243665e+00
2.191200000000000045e+02,-6.183533405615626144e+00
2.191400000000000148e+02,-7.042152823279256957e+00
2.191599999999999966e+02,-8.044081265482192933e+00
2.191800000000000068e+02,-9.203492580948372748e+00
2.192000000000000171e+02,-1.053047758903764475e+01
2.192199999999999989e+02,-1.202633186576445112e+01
2.192400000000000091e+02,-1.367664155943862170e+01
2.192599999999999909e+02,-1.544194554381342144e+01
2.192800000000000011e+02,-1.724673942803646298e+01
2.193000000000000114e+02,-1.896965354623239364e+01
2.193199999999999932e+02,-2.044086420194382114e+01
2.193400000000000034e+02,-2.145592008002202533e+01
2.193600000000000136e+02,-2.181440936622422910e+01
2.193799999999999955e+02,-2.138183961635026975e+01
2.194000000000000057e+02,-2.015296098737627517e+01
2.194200000000000159e+02,-1.827774389359489859e+01
2.194399999999999977e+02,-1.602114194710582851e+01
2.194600000000000080e+02,-1.367070960691610004e+01
2.194800000000000182e+02,-1.144719633769541289e+01
2.195000000000000000e+02,-9.467813139210985440e+00
2.195200000000000102e+02,-7.764899017205423526e+00
2.195399999999999920e+02,-6.325881853358530371e+00
2.195600000000000023e+02,-5.123927866724766744e+00
2.195800000000000125e+02,-4.131760523112184558e+00
2.195999999999999943e+02,-3.325023150058405541e+00
2.196200000000000045e+02,-2.682236050197276178e+00
2.196400000000000148e+02,-2.184674614474484855e+00
2.196599999999999966e+02,-1.816751438632296933e+00
2.196800000000000068e+02,-1.566194710607740515e+00
2.197000000000000171e+02,-1.422796723895616289e+00
2.197199999999999989e+02,-1.375416537639557735e+00
2.197400000000000091e+02,-1.409946336063709005e+00
2.197599999999999909e+02,-1.511469077255956250e+00
2.197800000000000011e+02,-1.668603426626137809e+00
2.198000000000000114e+02,-1.875841321624654334e+00
2.198199999999999932e+02,-2.133325923509236333e+00
2.198400000000000034e+02,-2.445721196909591111e+00
2.198600000000000136e+02,-2.821272194234639930e+00
2.198799999999999955e+02,-3.271309102422709003e+00
2.199000000000000057e+02,-3.810102267451711988e+00
2.199200000000000159e+02,-4.454908863563061594e+00
2.199399999999999977e+02,-5.226046334809938188e+00
2.199600000000000080e+02,-6.146801763936136531e+00
2.199800000000000182e+02,-7.242903209641303519e+00
2.200000000000000000e+02,-8.541125937553843528e+00
2.200200000000000102e+02,-1.006636258744493517e+01
2.200399999999999920e+02,-1.183615398169720123e+01
2.200600000000000023e+02,-1.385134612099715845e+01
2.200800000000000125e+02,-1.608147735409937340e+01
2.200999999999999943e+02,-1.844442716113319847e+01
2.201200000000000045e+02,-2.078305171927270223e+01
2.201400000000000148e+02,-2.284850459246203869e+01
2.201599999999999966e+02,-2.431013646080220880e+01
2.201800000000000068e+02,-2.481767214690125556e+01
2.202000000000000171e+02,-2.412495716494239417e+01
2.202199999999999989e+02,-2.223240303735221701e+01
2.202400000000000091e+02,-1.944723684823573606e+01
2.202599999999999909e+02,-1.627890657071865022e+01
2.202800000000000011e+02,-1.321517933477304751e+01
2.203000000000000114e+02,-1.054253822506025884e+01
2.203199999999999932e+02,-8.328862922642718658e+00
2.203400000000000034e+02,-6.523762643570313990e+00
2.203600000000000136e+02,-5.055672891614666042e+00
2.203799999999999955e+02,-3.870965260995270274e+00
2.204000000000000057e+02,-2.934335936458730920e+00
2.204200000000000159e+02,-2.219145127752024216e+00
2.204399999999999977e+02,-1.698909021423364196e+00
2.204600000000000080e+02,-1.341831941140647189e+00
2.204800000000000182e+02,-1.111157288654611275e+00
2.205000000000000000e+02,-9.721475120065837805e-01
2.205200000000000102e+02,-8.987494530316121333e-01
2.205399999999999920e+02,-8.744912305166551159e-01
2.205600000000000023e+02,-8.898887804899420217e-01
2.205800000000000125e+02,-9.398273242151390372e-01
2.205999999999999943e+02,-1.021938021933532337e+00
2.206200000000000045e+02,-1.135733722250460653e+00
2.206400000000000148e+02,-1.282133596357639682e+00
2.206599999999999966e+02,-1.463138182832006473e+00
2.206800000000000068e+02,-1.681507208038624634e+00
2.207000000000000171e+02,-1.940325481075781289e+00
2.207199999999999989e+02,-2.242328107235750601e+00
2.207400000000000091e+02,-2.588828695717241946e+00
2.207599999999999909e+02,-2.978047552162178313e+00
2.207800000000000011e+02,-3.402636652487954994e+00
2.208000000000000114e+02,-3.846296337531166287e+00
2.208199999999999932e+02,-4.279740732942075354e+00
2.208400000000000034e+02,-4.657078195870308690e+00
2.208600000000000136e+02,-4.915032387038245076e+00
2.208799999999999955e+02,-4.978902674938184170e+00
2.209000000000000057e+02,-4.779146716643137616e+00
2.209200000000000159e+02,-4.278285514061395567e+00
2.209399999999999977e+02,-3.498460437812702661e+00
2.209600000000000080e+02,-2.531194921988010105e+00
2.209800000000000182e+02,-1.515129504695950979e+00
2.210000000000000000e+02,-5.891546480227921601e-01
2.210200000000000102e+02,1.508123153634058911e-01
2.210399999999999920e+02,6.675676222912781954e-01
2.210600000000000023e+02,9.717358627400517479e-01
2.210800000000000125e+02,1.100976231403762995e+00
2.210999999999999943e+02,1.102140183795116579e+00
2.211200000000000045e+02,1.019921774416434168e+00
2.211400000000000148e+02,8.911494816795996199e-01
2.211599999999999966e+02,7.430526131672605672e-01
2.211800000000000068e+02,5.939024911714083643e-01
2.212000000000000171e+02,4.547452877632865431e-01
2.212199999999999989e+02,3.313815703860193418e-01
2.212400000000000091e+02,2.261173639714683381e-01
2.212599999999999909e+02,1.389942762459898395e-01
2.212800000000000011e+02,6.827691086901105377e-02
2.213000000000000114e+02,1.043381991662848708e-02
2.213199999999999932e+02,-3.917462158155915475e-02
2.213400000000000034e+02,-8.459711238799072497e-02
2.213600000000000136e+02,-1.285471857885810976e-01
2.213799999999999955e+02,-1.730187629498622648e-01
2.214000000000000057e+02,-2.199211723958938158e-01
2.214200000000000159e+02,-2.713093340051739299e-01
2.214399999999999977e+02,-3.294393022192536047e-01
2.214600000000000080e+02,-3.968136632656239504e-01
2.214800000000000182e+02,-4.762580745810641725e-01
2.215000000000000000e+02,-5.710269217901586813e-01
2.215200000000000102e+02,-6.849295960882260115e-01
2.215399999999999920e+02,-8.224684606415417765e-01
2.215600000000000023e+02,-9.889788475891813091e-01
2.215800000000000125e+02,-1.190748878704424252e+00
2.215999999999999943e+02,-1.435082941463234674e+00
2.216200000000000045e+02,-1.730230626645976599e+00
2.216400000000000148e+02,-2.085046648857574958e+00
2.216599999999999966e+02,-2.508140581005823488e+00
2.216800000000000068e+02,-3.006118114702046817e+00
2.217000000000000171e+02,-3.580307193826727019e+00
2.217199999999999989e+02,-4.221172439152968359e+00
2.217400000000000091e+02,-4.899707168588446571e+00
2.217599999999999909e+02,-5.556077526717439596e+00
2.217800000000000011e+02,-6.088780386860757510e+00
2.218000000000000114e+02,-6.353453086587951937e+00
2.218199999999999932e+02,-6.187037660783754944e+00
2.218400000000000034e+02,-5.470155725942576375e+00
2.218600000000000136e+02,-4.212844466571603164e+00
2.218799999999999955e+02,-2.602386900197798170e+00
2.219000000000000057e+02,-9.451238509342764216e-01
2.219200000000000159e+02,4.792664238634323226e-01
2.219399999999999977e+02,1.531102380175705990e+00
2.219600000000000080e+02,2.209003558227312869e+00
2.219800000000000182e+02,2.585227424369462401e+00
2.220000000000000000e+02,2.756977432515441251e+00
2.220200000000000102e+02,2.822603659329932402e+00
2.220399999999999920e+02,2.866836442940392971e+00
2.220600000000000023e+02,2.949544178990049392e+00
2.220800000000000125e+02,3.099079279962306810e+00
2.220999999999999943e+02,3.315989384021222897e+00
2.221200000000000045e+02,3.587583572068248294e+00
2.221400000000000148e+02,3.902525715909312964e+00
2.221599999999999966e+02,4.257213246680038310e+00
2.221800000000000068e+02,4.655462069165817951e+00
2.222000000000000171e+02,5.105905262548387391e+00
2.222199999999999989e+02,5.619551300939382266e+00
2.222400000000000091e+02,6.208074416098791737e+00
2.222599999999999909e+02,6.882622815678802297e+00
2.222800000000000011e+02,7.652743829313311430e+00
2.223000000000000114e+02,8.525037119763650750e+00
2.223199999999999932e+02,9.501208917757212546e+00
2.223400000000000034e+02,1.057528725275568604e+01
2.223600000000000136e+02,1.172992382408053658e+01
2.223799999999999955e+02,1.293203767982952712e+01
2.224000000000000057e+02,1.412865930969131512e+01
2.224200000000000159e+02,1.524473030106432780e+01
2.224399999999999977e+02,1.618556509701340218e+01
2.224600000000000080e+02,1.684694199787929492e+01
2.224800000000000182e+02,1.713414877557930893e+01
2.225000000000000000e+02,1.698690365735155439e+01
2.225200000000000102e+02,1.640119666680598698e+01
2.225399999999999920e+02,1.543623355482803561e+01
2.225600000000000023e+02,1.419976859630766519e+01
2.225800000000000125e+02,1.281730816727058020e+01
2.225999999999999943e+02,1.140082241558132736e+01
2.226200000000000045e+02,1.003135796870019014e+01
2.226400000000000148e+02,8.758641585648421213e+00
2.226599999999999966e+02,7.610340000320876541e+00
2.226800000000000068e+02,6.601936496587644143e+00
2.227000000000000171e+02,5.742826540977522320e+00
2.227199999999999989e+02,5.038715842517353494e+00
2.227400000000000091e+02,4.491864909486114499e+00
2.227599999999999909e+02,4.100378073509046928e+00
2.227800000000000011e+02,3.857447299600471613e+00
2.228000000000000114e+02,3.751628484298702659e+00
2.228199999999999932e+02,3.768860371627153594e+00
2.228400000000000034e+02,3.895602029673724598e+00
2.228600000000000136e+02,4.121565508048873561e+00
2.228799999999999955e+02,4.441069634395800492e+00
2.229000000000000057e+02,4.853103785171438922e+00
2.229200000000000159e+02,5.360657015760359911e+00
2.229399999999999977e+02,5.969734948195853264e+00
2.229600000000000080e+02,6.688194933335108949e+00
2.229800000000000182e+02,7.524304480958922348e+00
2.230000000000000000e+02,8.484791250697508502e+00
2.230200000000000102e+02,9.572076481078918064e+00
2.230399999999999920e+02,1.078037772927384808e+01
2.230600000000000023e+02,1.209049378372468553e+01
2.230800000000000125e+02,1.346349224945075562e+01
2.230999999999999943e+02,1.483438539844442872e+01
2.231200000000000045e+02,1.610831281593118902e+01
2.231400000000000148e+02,1.716341711350054311e+01
2.231599999999999966e+02,1.786525876033181603e+01
2.231800000000000068e+02,1.809500853682272847e+01
2.232000000000000171e+02,1.778608589565460107e+01
2.232199999999999989e+02,1.695386169708797652e+01
2.232400000000000091e+02,1.569929011996332058e+01
2.232599999999999909e+02,1.417863559892898806e+01
2.232800000000000011e+02,1.255359582913186678e+01
2.233000000000000114e+02,1.094989274208467123e+01
2.233199999999999932e+02,9.443404839994727240e+00
2.233400000000000034e+02,8.070535344106014364e+00
2.233600000000000136e+02,6.846181682907118038e+00
2.233799999999999955e+02,5.776619727406881566e+00
2.234000000000000057e+02,4.864962313087803025e+00
2.234200000000000159e+02,4.112370671461881066e+00
2.234399999999999977e+02,3.517953002301864807e+00
2.234600000000000080e+02,3.078231092343018283e+00
2.234800000000000182e+02,2.786000129201603670e+00
2.235000000000000000e+02,2.629151542335805392e+00
2.235200000000000102e+02,2.591298027985124985e+00
2.235399999999999920e+02,2.655073820744366042e+00
2.235600000000000023e+02,2.806199176981802879e+00
2.235800000000000125e+02,3.035892718415330371e+00
2.235999999999999943e+02,3.341224452227721020e+00
2.236200000000000045e+02,3.724377856869271586e+00
2.236400000000000148e+02,4.191694910948855046e+00
2.236599999999999966e+02,4.752845578217587352e+00
2.236800000000000068e+02,5.420106025515472048e+00
2.237000000000000171e+02,6.207563144414356415e+00
2.237199999999999989e+02,7.129971945499089969e+00
2.237400000000000091e+02,8.200902192628833021e+00
2.237599999999999909e+02,9.429703279660012427e+00
2.237800000000000011e+02,1.081672764900557837e+01
2.238000000000000114e+02,1.234629613700818673e+01
2.238199999999999932e+02,1.397730808111458245e+01
2.238400000000000034e+02,1.563259723593370332e+01
2.238600000000000136e+02,1.719052981741185704e+01
2.238799999999999955e+02,1.848576995621353092e+01
2.239000000000000057e+02,1.932861881356864941e+01
2.239200000000000159e+02,1.954912551236357388e+01
2.239399999999999977e+02,1.905828382127828391e+01
2.239600000000000080e+02,1.789760620026619620e+01
2.239800000000000182e+02,1.623957453933564565e+01
2.240000000000000000e+02,1.432604444770980834e+01
2.240200000000000102e+02,1.237881752761476051e+01
2.240399999999999920e+02,1.053976328345985891e+01
2.240600000000000023e+02,8.868526080952820578e+00
2.240800000000000125e+02,7.376498867921090330e+00
2.240999999999999943e+02,6.059465059862059633e+00
2.241200000000000045e+02,4.912049494309572495e+00
2.241400000000000148e+02,3.928959092566303379e+00
2.241599999999999966e+02,3.102549699800245975e+00
2.241800000000000068e+02,2.421556842929663222e+00
2.242000000000000171e+02,1.871654598243316148e+00
2.242199999999999989e+02,1.437049767215346385e+00
2.242400000000000091e+02,1.102339341477648116e+00
2.242599999999999909e+02,8.541585036025690636e-01
2.242800000000000011e+02,6.821000451144652033e-01
2.243000000000000114e+02,5.778582349163901011e-01
2.243199999999999932e+02,5.321243542244126212e-01
2.243400000000000034e+02,5.326802717954411959e-01
2.243600000000000136e+02,5.673688753088451664e-01
2.243799999999999955e+02,6.279590618320930462e-01
2.244000000000000057e+02,7.108149168782074145e-01
2.244200000000000159e+02,8.157317726217380160e-01
2.244399999999999977e+02,9.448221731845027893e-01
2.244600000000000080e+02,1.101910883605308422e+00
2.244800000000000182e+02,1.292324693052521400e+00
2.245000000000000000e+02,1.522924540104520164e+00
2.245200000000000102e+02,1.802287865387885324e+00
2.245399999999999920e+02,2.140993983273472345e+00
2.245600000000000023e+02,2.551986055488876026e+00
2.245800000000000125e+02,3.050984310386349208e+00
2.245999999999999943e+02,3.656909379136911387e+00
2.246200000000000045e+02,4.392234111331888791e+00
2.246400000000000148e+02,5.283104751274068533e+00
2.246599999999999966e+02,6.358933030392109664e+00
2.246800000000000068e+02,7.650926902855966105e+00
2.247000000000000171e+02,9.188652418227624352e+00
2.247199999999999989e+02,1.099320679277096957e+01
2.247400000000000091e+02,1.306502988764405337e+01
2.247599999999999909e+02,1.536431152498047581e+01
2.247800000000000011e+02,1.778363723197683299e+01
2.248000000000000114e+02,2.011840154134841541e+01
2.248199999999999932e+02,2.205295726461526584e+01
2.248400000000000034e+02,2.319605224943985178e+01
2.248600000000000136e+02,2.319829362460515298e+01
2.248799999999999955e+02,2.193422712687386067e+01
2.249000000000000057e+02,1.963640153006275213e+01
2.249200000000000159e+02,1.683339833296358989e+01
2.249399999999999977e+02,1.408299716964935655e+01
2.249600000000000080e+02,1.170578724648790114e+01
2.249800000000000182e+02,9.742928107634238444e+00
2.250000000000000000e+02,8.113926251544572921e+00
2.250200000000000102e+02,6.760460277693775666e+00
2.250399999999999920e+02,5.674419039971513534e+00
2.250600000000000023e+02,4.864543021629824437e+00
2.250800000000000125e+02,4.323157676206585087e+00
2.250999999999999943e+02,4.015214425492317218e+00
2.251200000000000045e+02,3.890219058390147922e+00
2.251400000000000148e+02,3.901636684351482476e+00
2.251599999999999966e+02,4.017445924145166103e+00
2.251800000000000068e+02,4.220173735830572426e+00
2.252000000000000171e+02,4.502709309891517186e+00
2.252199999999999989e+02,4.864219015687607950e+00
2.252400000000000091e+02,5.307281513429779274e+00
2.252599999999999909e+02,5.835989188111162740e+00
2.252800000000000011e+02,6.454501053230067953e+00
2.253000000000000114e+02,7.165589958877673027e+00
2.253199999999999932e+02,7.968825572879942420e+00
2.253400000000000034e+02,8.858127733216837996e+00
2.253600000000000136e+02,9.818553157466322290e+00
2.253799999999999955e+02,1.082241418099579633e+01
2.254000000000000057e+02,1.182528083069989044e+01
2.254200000000000159e+02,1.276313668481145314e+01
2.254399999999999977e+02,1.355287407131232769e+01
2.254600000000000080e+02,1.409895520029449756e+01
2.254800000000000182e+02,1.430846969569619809e+01
2.255000000000000000e+02,1.411385027259779079e+01
2.255200000000000102e+02,1.349714249905094476e+01
2.255399999999999920e+02,1.250475391305130834e+01
2.255600000000000023e+02,1.124223808804143765e+01
2.255800000000000125e+02,9.847834159153604716e+00
2.255999999999999943e+02,8.456239101497072141e+00
2.256200000000000045e+02,7.169811381372613646e+00
2.256400000000000148e+02,6.047823514269474288e+00
2.256599999999999966e+02,5.112093732638445687e+00
2.256800000000000068e+02,4.360026874946322017e+00
2.257000000000000171e+02,3.777047124533639000e+00
2.257199999999999989e+02,3.345027553088967487e+00
2.257400000000000091e+02,3.046755834081508851e+00
2.257599999999999909e+02,2.867586637406359884e+00
2.257800000000000011e+02,2.795362284940809072e+00
2.258000000000000114e+02,2.819569386520814458e+00
2.258199999999999932e+02,2.930736340901582082e+00
2.258400000000000034e+02,3.120722327546646024e+00
2.258600000000000136e+02,3.383682649398476627e+00
2.258799999999999955e+02,3.716942974739238625e+00
2.259000000000000057e+02,4.121259680702414663e+00
2.259200000000000159e+02,4.600457507832689252e+00
2.259399999999999977e+02,5.160659644748937680e+00
2.259600000000000080e+02,5.809250263295535177e+00
2.259800000000000182e+02,6.553541988750690273e+00
2.260000000000000000e+02,7.398979591701354330e+00
2.260200000000000102e+02,8.346626701958941297e+00
2.260399999999999920e+02,9.389666699068106581e+00
2.260600000000000023e+02,1.050876440976949411e+01
2.260800000000000125e+02,1.166648602559817860e+01
2.260999999999999943e+02,1.280173483447131133e+01
2.261200000000000045e+02,1.382641432758055622e+01
2.261400000000000148e+02,1.462805012868676080e+01
2.261599999999999966e+02,1.508286598166825776e+01
2.261800000000000068e+02,1.508185524670283151e+01
2.262000000000000171e+02,1.456590728745189800e+01
2.262199999999999989e+02,1.355648374465895145e+01
2.262400000000000091e+02,1.216302103702699178e+01
2.262599999999999909e+02,1.055633164721438533e+01
2.262800000000000011e+02,8.917916941978569767e+00
2.263000000000000114e+02,7.391827798193147281e+00
2.263199999999999932e+02,6.061895503388305961e+00
2.263400000000000034e+02,4.956918952155972669e+00
2.263600000000000136e+02,4.070087049630383369e+00
2.263799999999999955e+02,3.378103009689284342e+00
2.264000000000000057e+02,2.853682240987671204e+00
2.264200000000000159e+02,2.471795511000439483e+00
2.264399999999999977e+02,2.212037409762571460e+00
2.264600000000000080e+02,2.058876057213057553e+00
2.264800000000000182e+02,2.000576060841189996e+00
2.265000000000000000e+02,2.027399887638787312e+00
2.265200000000000102e+02,2.130244651718228077e+00
2.265399999999999920e+02,2.300825587586615484e+00
2.265600000000000023e+02,2.533111960893295933e+00
2.265800000000000125e+02,2.824656950780084053e+00
2.265999999999999943e+02,3.177010193821566020e+00
2.266200000000000045e+02,3.595367767396352665e+00
2.266400000000000148e+02,4.087906948678053709e+00
2.266599999999999966e+02,4.665056847124666284e+00
2.266800000000000068e+02,5.338703605326836410e+00
2.267000000000000171e+02,6.121156765698485991e+00
2.267199999999999989e+02,7.023593368154939398e+00
2.267400000000000091e+02,8.053593698038490345e+00
2.267599999999999909e+02,9.211312820888238662e+00
2.267800000000000011e+02,1.048383644415179106e+01
2.268000000000000114e+02,1.183754016895673722e+01
2.268199999999999932e+02,1.320908042048500164e+01
2.268400000000000034e+02,1.449737426135100371e+01
2.268600000000000136e+02,1.556165133237804632e+01
2.268799999999999955e+02,1.623336633605704549e+01
2.269000000000000057e+02,1.634925267816971228e+01
2.269200000000000159e+02,1.580433329785770802e+01
2.269399999999999977e+02,1.460629738899661767e+01
2.269600000000000080e+02,1.289745249092877799e+01
2.269800000000000182e+02,1.091858601212891422e+01
2.270000000000000000e+02,8.926722398802139580e+00
2.270200000000000102e+02,7.115373479017404357e+00
2.270399999999999920e+02,5.581339486690227503e+00
2.270600000000000023e+02,4.340836152901980327e+00
2.270800000000000125e+02,3.365642930951147971e+00
2.270999999999999943e+02,2.612673391977535342e+00
2.271200000000000045e+02,2.039426731052366382e+00
2.271400000000000148e+02,1.609467824732812913e+00
2.271599999999999966e+02,1.293389617228476007e+00
2.271800000000000068e+02,1.068385656727550259e+00
2.272000000000000171e+02,9.176423597833955892e-01
2.272199999999999989e+02,8.297425050578511874e-01
2.272400000000000091e+02,7.976114644373814011e-01
2.272599999999999909e+02,8.163105881279689724e-01
2.272800000000000011e+02,8.803755111971345304e-01
2.273000000000000114e+02,9.832961069635247631e-01
2.273199999999999932e+02,1.119658020532279918e+00
2.273400000000000034e+02,1.287199482113126070e+00
2.273600000000000136e+02,1.487235907462913342e+00
2.273799999999999955e+02,1.724135895509185223e+00
2.274000000000000057e+02,2.004736001107139121e+00
2.274200000000000159e+02,2.338016323479391367e+00
2.274399999999999977e+02,2.735029645304331236e+00
2.274600000000000080e+02,3.208982837138399713e+00
2.274800000000000182e+02,3.775356677886359424e+00
2.275000000000000000e+02,4.451931302304457105e+00
2.275200000000000102e+02,5.258527013183055487e+00
2.275399999999999920e+02,6.216170316755913028e+00
2.275600000000000023e+02,7.345203946870062950e+00
2.275800000000000125e+02,8.661617001551654482e+00
2.275999999999999943e+02,1.017055724108036330e+01
2.276200000000000045e+02,1.185580468173462521e+01
2.276400000000000148e+02,1.366434421603841365e+01
2.276599999999999966e+02,1.548702122780581547e+01
2.276800000000000068e+02,1.714096510688703390e+01
2.277000000000000171e+02,1.836767662422789016e+01
2.277199999999999989e+02,1.886872011979139785e+01
2.277400000000000091e+02,1.839612426950173329e+01
2.277599999999999909e+02,1.687978367254972767e+01
2.277800000000000011e+02,1.451686947544527939e+01
2.278000000000000114e+02,1.173053630307570927e+01
2.278199999999999932e+02,8.991115596773349594e+00
2.278400000000000034e+02,6.623489896213774486e+00
2.278600000000000136e+02,4.739583756383868085e+00
2.278799999999999955e+02,3.303093491581340579e+00
2.279000000000000057e+02,2.225539724692795041e+00
2.279200000000000159e+02,1.421411127157548027e+00
2.279399999999999977e+02,8.227481471739133134e-01
2.279600000000000080e+02,3.767336050565419092e-01
2.279800000000000182e+02,4.030411769781182957e-02
2.280000000000000000e+02,-2.229806930376093399e-01
2.280200000000000102e+02,-4.419416636729439074e-01
2.280399999999999920e+02,-6.354203830366863537e-01
2.280600000000000023e+02,-8.137533698717835939e-01
2.280800000000000125e+02,-9.833748755089988247e-01
2.280999999999999943e+02,-1.150254888970983158e+00
2.281200000000000045e+02,-1.320998774843134438e+00
2.281400000000000148e+02,-1.502761396643914837e+00
2.281599999999999966e+02,-1.702957437617722336e+00
2.281800000000000068e+02,-1.929107525398556122e+00
2.282000000000000171e+02,-2.188823596296025631e+00
2.282199999999999989e+02,-2.489838713583156782e+00
2.282400000000000091e+02,-2.839968951684001652e+00
2.282599999999999909e+02,-3.246894458683760032e+00
2.282800000000000011e+02,-3.717622240890268159e+00
2.283000000000000114e+02,-4.257469097588424845e+00
2.283199999999999932e+02,-4.868367751346518446e+00
2.283400000000000034e+02,-5.546324237386787814e+00
2.283600000000000136e+02,-6.278003855433683000e+00
2.283799999999999955e+02,-7.036842469636903630e+00
2.284000000000000057e+02,-7.779883226060462675e+00
2.284200000000000159e+02,-8.447633244026587107e+00
2.284399999999999977e+02,-8.969942430585232884e+00
2.284600000000000080e+02,-9.279773260261315215e+00
2.284800000000000182e+02,-9.332449224203633875e+00
2.285000000000000000e+02,-9.121870859736276316e+00
2.285200000000000102e+02,-8.682839710703007086e+00
2.285399999999999920e+02,-8.075602125157358202e+00
2.285600000000000023e+02,-7.362001639304392775e+00
2.285800000000000125e+02,-6.589519778851447462e+00
2.285999999999999943e+02,-5.791025553383359004e+00
2.286200000000000045e+02,-4.993077096908237422e+00
2.286400000000000148e+02,-4.221418848858580652e+00
2.286599999999999966e+02,-3.500238136660843935e+00
2.286800000000000068e+02,-2.848782224910782368e+00
2.287000000000000171e+02,-2.279141928121650729e+00
2.287199999999999989e+02,-1.796313206775361548e+00
2.287400000000000091e+02,-1.399875502815304706e+00
2.287599999999999909e+02,-1.086198116946011982e+00
2.287800000000000011e+02,-8.501182703754317505e-01
2.288000000000000114e+02,-6.851038474101058817e-01
2.288199999999999932e+02,-5.819163348651116285e-01
2.288400000000000034e+02,-5.282841120711887495e-01
2.288600000000000136e+02,-5.116830596764149197e-01
2.288799999999999955e+02,-5.225780908134016745e-01
2.289000000000000057e+02,-5.552780998976142302e-01
2.289200000000000159e+02,-6.071568910368487781e-01
2.289399999999999977e+02,-6.777100913364135781e-01
2.289600000000000080e+02,-7.679451799564172010e-01
2.289800000000000182e+02,-8.800759248669418611e-01
2.290000000000000000e+02,-1.017409956892792122e+00
2.290200000000000102e+02,-1.184351480984314087e+00
2.290399999999999920e+02,-1.386470349288236648e+00
2.290600000000000023e+02,-1.630605445287468314e+00
2.290800000000000125e+02,-1.924963949129663732e+00
2.290999999999999943e+02,-2.279165562829130742e+00
2.291200000000000045e+02,-2.704139837100508537e+00
2.291400000000000148e+02,-3.211723328947033718e+00
2.291599999999999966e+02,-3.813704674365467451e+00
2.291800000000000068e+02,-4.519927987388972390e+00
2.292000000000000171e+02,-5.334921112742720517e+00
2.292199999999999989e+02,-6.252475057821816229e+00
2.292400000000000091e+02,-7.247950917013790573e+00
2.292599999999999909e+02,-8.269358567823859474e+00
2.292800000000000011e+02,-9.230992079822168961e+00
2.293000000000000114e+02,-1.001717001257826212e+01
2.293199999999999932e+02,-1.050496922411820577e+01
2.293400000000000034e+02,-1.060702694699282844e+01
2.293600000000000136e+02,-1.031603178645011099e+01
2.293799999999999955e+02,-9.716325107880852130e+00
2.294000000000000057e+02,-8.941776066963910807e+00
2.294200000000000159e+02,-8.105170370882332165e+00
2.294399999999999977e+02,-7.259282505147186981e+00
2.294600000000000080e+02,-6.419449564516241935e+00
2.294800000000000182e+02,-5.606931068824237308e+00
2.295000000000000000e+02,-4.863976679510578549e+00
2.295200000000000102e+02,-4.241671472981965785e+00
2.295399999999999920e+02,-3.782358969613120792e+00
2.295600000000000023e+02,-3.506010874175709446e+00
2.295800000000000125e+02,-3.403833982260571211e+00
2.295999999999999943e+02,-3.445356570697340359e+00
2.296200000000000045e+02,-3.596086899435261941e+00
2.296400000000000148e+02,-3.831387745654025068e+00
2.296599999999999966e+02,-4.139858650828907471e+00
2.296800000000000068e+02,-4.520584960938824004e+00
2.297000000000000171e+02,-4.979397448416971628e+00
2.297199999999999989e+02,-5.526117024311584913e+00
2.297400000000000091e+02,-6.172864452520889778e+00
2.297599999999999909e+02,-6.932970756365593346e+00
2.297800000000000011e+02,-7.819983297088715979e+00
2.298000000000000114e+02,-8.846311688834706644e+00
2.298199999999999932e+02,-1.002107860338663414e+01
2.298400000000000034e+02,-1.134673657728870388e+01
2.298600000000000136e+02,-1.281404180556769212e+01
2.298799999999999955e+02,-1.439517684174600909e+01
2.299000000000000057e+02,-1.603540325317566229e+01
2.299200000000000159e+02,-1.764488462100144517e+01
2.299399999999999977e+02,-1.909438752182435550e+01
2.299600000000000080e+02,-2.022091974136172965e+01
2.299800000000000182e+02,-2.085007164809824332e+01
2.300000000000000000e+02,-2.083748208188458406e+01
2.300200000000000102e+02,-2.012017944502736810e+01
2.300399999999999920e+02,-1.875407013611137330e+01
2.300600000000000023e+02,-1.691045039223061153e+01
2.300800000000000125e+02,-1.482416421887727509e+01
2.300999999999999943e+02,-1.271920273121893707e+01
2.301200000000000045e+02,-1.075360700396660896e+01
2.301400000000000148e+02,-9.007031845094406464e+00
2.301599999999999966e+02,-7.501183813052915816e+00
2.301800000000000068e+02,-6.228094365537119259e+00
2.302000000000000171e+02,-5.169833254459922145e+00
2.302199999999999989e+02,-4.307588462839396115e+00
2.302400000000000091e+02,-3.624548474861690739e+00
2.302599999999999909e+02,-3.106467286350297563e+00
2.302800000000000011e+02,-2.741329517676829752e+00
2.303000000000000114e+02,-2.517987979512701369e+00
2.303199999999999932e+02,-2.423924416376265434e+00
2.303400000000000034e+02,-2.443966886548491146e+00
2.303600000000000136e+02,-2.561985804234019781e+00
2.303799999999999955e+02,-2.764607767193790977e+00
2.304000000000000057e+02,-3.044032781844812074e+00
2.304200000000000159e+02,-3.398718397449208783e+00
2.304399999999999977e+02,-3.832705103431459204e+00
2.304600000000000080e+02,-4.354616738338407345e+00
2.304800000000000182e+02,-4.976813351153992038e+00
2.305000000000000000e+02,-5.714725593237236723e+00
2.305200000000000102e+02,-6.586188431258387155e+00
2.305399999999999920e+02,-7.610483543859476008e+00
2.305600000000000023e+02,-8.806696021156579235e+00
2.305800000000000125e+02,-1.019085289385738236e+01
2.305999999999999943e+02,-1.177113920982478845e+01
2.306200000000000045e+02,-1.354038668349869567e+01
2.306400000000000148e+02,-1.546519980220727675e+01
2.306599999999999966e+02,-1.747199449571390417e+01
2.306800000000000068e+02,-1.943254534053505722e+01
2.307000000000000171e+02,-2.115590122679909157e+01
2.307199999999999989e+02,-2.239879767730032967e+01
2.307400000000000091e+02,-2.290835878249002278e+01
2.307599999999999909e+02,-2.250026175239207404e+01
2.307800000000000011e+02,-2.114761843527738350e+01
2.308000000000000114e+02,-1.902600330476230539e+01
2.308199999999999932e+02,-1.646646975640299715e+01
2.308400000000000034e+02,-1.382970835318524294e+01
2.308600000000000136e+02,-1.138152896342236176e+01
2.308799999999999955e+02,-9.246110509786754861e+00
2.309000000000000057e+02,-7.439845681739562622e+00
2.309200000000000159e+02,-5.930761296427047746e+00
2.309399999999999977e+02,-4.678307856274207310e+00
2.309600000000000080e+02,-3.647123834531637243e+00
2.309800000000000182e+02,-2.807496784333726403e+00
2.310000000000000000e+02,-2.133008051693906282e+00
2.310200000000000102e+02,-1.599161081298041021e+00
2.310399999999999920e+02,-1.183227682950660498e+00
2.310600000000000023e+02,-8.646809972733214833e-01
2.310800000000000125e+02,-6.257035569677090736e-01
2.310999999999999943e+02,-4.514566146751476938e-01
2.311200000000000045e+02,-3.298018284104590747e-01
2.311400000000000148e+02,-2.502200928924145362e-01
2.311599999999999966e+02,-2.026072694062341084e-01
2.311800000000000068e+02,-1.776335138207068287e-01
2.312000000000000171e+02,-1.682668835093172055e-01
2.312199999999999989e+02,-1.702373683696311868e-01
2.312400000000000091e+02,-1.813398512522528816e-01
2.312599999999999909e+02,-2.006557854623297055e-01
2.312800000000000011e+02,-2.280886925828758405e-01
2.313000000000000114e+02,-2.641451669532967061e-01
2.313199999999999932e+02,-3.098507807177539042e-01
2.313400000000000034e+02,-3.667385726518951339e-01
2.313600000000000136e+02,-4.368821253715445274e-01
2.313799999999999955e+02,-5.229609990447694479e-01
2.314000000000000057e+02,-6.283533500564205676e-01
2.314200000000000159e+02,-7.572509338979547255e-01
2.314399999999999977e+02,-9.147894174384845201e-01
2.314600000000000080e+02,-1.107177993784564274e+00
2.314800000000000182e+02,-1.341795795263227564e+00
2.315000000000000000e+02,-1.627190525945946264e+00
2.315200000000000102e+02,-1.972857620929191702e+00
2.315399999999999920e+02,-2.388579154690391171e+00
2.315600000000000023e+02,-2.882942533132235141e+00
2.315800000000000125e+02,-3.460425877753475099e+00
2.315999999999999943e+02,-4.116172885136334614e+00
2.316200000000000045e+02,-4.827476016485221955e+00
2.316400000000000148e+02,-5.541620627100463103e+00
2.316599999999999966e+02,-6.162293395539038876e+00
2.316800000000000068e+02,-6.542709912808391870e+00
2.317000000000000171e+02,-6.502210213450365650e+00
2.317199999999999989e+02,-5.885326870245557451e+00
2.317400000000000091e+02,-4.658790821823509454e+00
2.317599999999999909e+02,-2.986910833577867130e+00
2.317800000000000011e+02,-1.195227457279653960e+00
2.318000000000000114e+02,3.878476417718829117e-01
2.318199999999999932e+02,1.581864563580645422e+00
2.318400000000000034e+02,2.371203563906175482e+00
2.318600000000000136e+02,2.830172878178979001e+00
2.318799999999999955e+02,3.063658964697223652e+00
2.319000000000000057e+02,3.179862332679728620e+00
2.319200000000000159e+02,3.271787444443285064e+00
2.319399999999999977e+02,3.402327807739199628e+00
2.319600000000000080e+02,3.597895410051987319e+00
2.319800000000000182e+02,3.856285874734079577e+00
2.320000000000000000e+02,4.164249729118911780e+00
2.320200000000000102e+02,4.511713115828872134e+00
2.320399999999999920e+02,4.896714927587670019e+00
2.320600000000000023e+02,5.324252556019734683e+00
2.320800000000000125e+02,5.803406722368269044e+00
2.320999999999999943e+02,6.344815490316961792e+00
2.321200000000000045e+02,6.958877364450878567e+00
2.321400000000000148e+02,7.654414534247051982e+00
2.321599999999999966e+02,8.437398758038467506e+00
2.321800000000000068e+02,9.309388359399262569e+00
2.322000000000000171e+02,1.026543422226550817e+01
2.322199999999999989e+02,1.129136808459452901e+01
2.322400000000000091e+02,1.236064808650861657e+01
2.322599999999999909e+02,1.343134985788483071e+01
2.322800000000000011e+02,1.444447728585379842e+01
2.323000000000000114e+02,1.532537955532766460e+01
2.323199999999999932e+02,1.599028100077029713e+01
2.323400000000000034e+02,1.635905629562926933e+01
2.323600000000000136e+02,1.637285391004285984e+01
2.323799999999999955e+02,1.601145877749479141e+01
2.324000000000000057e+02,1.530268368486365382e+01
2.324200000000000159e+02,1.431770709381964579e+01
2.324399999999999977e+02,1.315291733209292957e+01
2.324600000000000080e+02,1.190646535252821359e+01
2.324800000000000182e+02,1.066016563225439384e+01
2.325000000000000000e+02,9.472563043019668783e+00
2.325200000000000102e+02,8.381505663254456451e+00
2.325399999999999920e+02,7.410574281378962347e+00
2.325600000000000023e+02,6.574705415881755499e+00
2.325800000000000125e+02,5.883330819728634253e+00
2.325999999999999943e+02,5.341405314618881128e+00
2.326200000000000045e+02,4.949313373257813176e+00
2.326400000000000148e+02,4.702660992265295548e+00
2.326599999999999966e+02,4.592842479534893663e+00
2.326800000000000068e+02,4.608782754517459779e+00
2.327000000000000171e+02,4.739392951661272058e+00
2.327199999999999989e+02,4.975757943390616944e+00
2.327400000000000091e+02,5.312360944597983803e+00
2.327599999999999909e+02,5.747277236577180481e+00
2.327800000000000011e+02,6.281626765635923704e+00
2.328000000000000114e+02,6.918562714332479935e+00
2.328199999999999932e+02,7.661901366362497967e+00
2.328400000000000034e+02,8.514334103915349061e+00
2.328600000000000136e+02,9.475064014321624484e+00
2.328799999999999955e+02,1.053669544756629151e+01
2.329000000000000057e+02,1.168130928397943435e+01
2.329200000000000159e+02,1.287595293674756292e+01
2.329399999999999977e+02,1.406834964281083167e+01
2.329600000000000080e+02,1.518450783357303457e+01
2.329800000000000182e+02,1.613085920538239293e+01
2.330000000000000000e+02,1.680386014798394001e+01
2.330200000000000102e+02,1.710847309637357938e+01
2.330399999999999920e+02,1.698271120678196056e+01
2.330600000000000023e+02,1.641963497947361006e+01
2.330800000000000125e+02,1.547511993521925611e+01
2.330999999999999943e+02,1.425434883116344054e+01
2.331200000000000045e+02,1.288182310083933579e+01
2.331400000000000148e+02,1.147004273537963037e+01
2.331599999999999966e+02,1.010140174955452075e+01
2.331800000000000068e+02,8.826995782412806690e+00
2.332000000000000171e+02,7.675470947688253887e+00
2.332199999999999989e+02,6.662890996161282331e+00
2.332400000000000091e+02,5.798990970134220824e+00
2.332599999999999909e+02,5.089715765243979284e+00
2.332800000000000011e+02,4.537541361477621216e+00
2.333000000000000114e+02,4.140798083600982338e+00
2.333199999999999932e+02,3.892917819097406973e+00
2.333400000000000034e+02,3.782674323862751375e+00
2.333600000000000136e+02,3.796140616402935652e+00
2.333799999999999955e+02,3.919789945015819121e+00
2.334000000000000057e+02,4.143243787142912637e+00
2.334200000000000159e+02,4.460670547498594374e+00
2.334399999999999977e+02,4.870889176764647388e+00
2.334600000000000080e+02,5.376718871192470495e+00
2.334800000000000182e+02,5.984000826865194966e+00
2.335000000000000000e+02,6.700430604297685555e+00
2.335200000000000102e+02,7.534112703937373645e+00
2.335399999999999920e+02,8.491610505149944643e+00
2.335600000000000023e+02,9.575188123444148047e+00
2.335800000000000125e+02,1.077893562321739651e+01
2.335999999999999943e+02,1.208359686784449316e+01
2.336200000000000045e+02,1.345032522086614080e+01
2.336400000000000148e+02,1.481444882139330232e+01
2.336599999999999966e+02,1.608173951437915150e+01
2.336800000000000068e+02,1.713131423666057529e+01
2.337000000000000171e+02,1.782992905164482877e+01
2.337199999999999989e+02,1.805984035301949575e+01
2.337400000000000091e+02,1.775495940377426507e+01
2.337599999999999909e+02,1.693016867017791682e+01
2.337800000000000011e+02,1.568499526140152334e+01
2.338000000000000114e+02,1.417390851027584198e+01
2.338199999999999932e+02,1.255721031846642255e+01
2.338400000000000034e+02,1.096006304483693761e+01
2.338600000000000136e+02,9.458506156967166234e+00
2.338799999999999955e+02,8.089409667510393476e+00
2.339000000000000057e+02,6.868113709427323244e+00
2.339200000000000159e+02,5.801211621006917341e+00
2.339399999999999977e+02,4.892045211620252410e+00
2.339600000000000080e+02,4.141963716819491381e+00
2.339800000000000182e+02,3.550222034412640948e+00
2.340000000000000000e+02,3.113407135024664374e+00
2.340200000000000102e+02,2.824275191101952576e+00
2.340399999999999920e+02,2.670636477360703420e+00
2.340600000000000023e+02,2.636101354838553679e+00
2.340800000000000125e+02,2.703434081254739052e+00
2.340999999999999943e+02,2.858560151242321545e+00
2.341200000000000045e+02,3.092900794722545310e+00
2.341400000000000148e+02,3.403691172194516223e+00
2.341599999999999966e+02,3.793241498880087548e+00
2.341800000000000068e+02,4.267986887996221057e+00
2.342000000000000171e+02,4.837651869489163481e+00
2.342199999999999989e+02,5.514507378471451560e+00
2.342400000000000091e+02,6.312534100852267294e+00
2.342599999999999909e+02,7.246211748284475895e+00
2.342800000000000011e+02,8.328565049958992716e+00
2.343000000000000114e+02,9.567989713485754777e+00
2.343199999999999932e+02,1.096330601279886174e+01
2.343400000000000034e+02,1.249655948970905861e+01
2.343600000000000136e+02,1.412356666441999842e+01
2.343799999999999955e+02,1.576349209778884308e+01
2.344000000000000057e+02,1.729122126493818001e+01
2.344200000000000159e+02,1.853966839849657333e+01
2.344399999999999977e+02,1.932122543299641748e+01
2.344600000000000080e+02,1.947347735857799833e+01
2.344800000000000182e+02,1.891965050452345309e+01
2.345000000000000000e+02,1.771393394456466908e+01
2.345200000000000102e+02,1.603589219982121250e+01
2.345399999999999920e+02,1.412548115370892710e+01
2.345600000000000023e+02,1.219595365617063543e+01
2.345800000000000125e+02,1.037994947198404283e+01
2.345999999999999943e+02,8.731581717630566786e+00
2.346200000000000045e+02,7.260626530311902194e+00
2.346400000000000148e+02,5.963086134568756691e+00
2.346599999999999966e+02,4.833968467484798026e+00
2.346800000000000068e+02,3.868039538244794961e+00
2.347000000000000171e+02,3.057556018568414302e+00
2.347199999999999989e+02,2.391272600913253665e+00
2.347400000000000091e+02,1.855196687452534965e+00
2.347599999999999909e+02,1.434302316237033859e+00
2.347800000000000011e+02,1.114439702406190280e+00
2.348000000000000114e+02,8.838107823101444271e-01
2.348199999999999932e+02,7.330651568201692614e-01
2.348400000000000034e+02,6.529828830215542723e-01
2.348600000000000136e+02,6.314631659301479516e-01
2.348799999999999955e+02,6.546091275729151171e-01
2.349000000000000057e+02,7.111963450916796159e-01
2.349200000000000159e+02,7.949993933204471119e-01
2.349399999999999977e+02,9.041939160779669526e-01
2.349600000000000080e+02,1.040050815594130595e+00
2.349800000000000182e+02,1.206037509816489495e+00
2.350000000000000000e+02,1.407407054611651942e+00
2.350200000000000102e+02,1.651117240169064804e+00
2.350399999999999920e+02,1.945952203281317017e+00
2.350600000000000023e+02,2.302772559730612567e+00
2.350800000000000125e+02,2.734850661326918342e+00
2.350999999999999943e+02,3.258252703216162782e+00
2.351200000000000045e+02,3.892212937790420657e+00
2.351400000000000148e+02,4.659400369587562984e+00
2.351599999999999966e+02,5.585892353172255298e+00
2.351800000000000068e+02,6.700515733588399137e+00
2.352000000000000171e+02,8.032966367255538032e+00
2.352199999999999989e+02,9.609733189707439394e+00
2.352400000000000091e+02,1.144635863937353371e+01
2.352599999999999909e+02,1.353413682391520112e+01
2.352800000000000011e+02,1.581961228430296273e+01
2.353000000000000114e+02,1.817763547208924635e+01
2.353199999999999932e+02,2.038561601370924947e+01
2.353400000000000034e+02,2.211936064140680003e+01
2.353600000000000136e+02,2.300342544448683313e+01
2.353799999999999955e+02,2.273932394810120172e+01
2.354000000000000057e+02,2.127622141631480801e+01
2.354200000000000159e+02,1.890403669252704333e+01
2.354399999999999977e+02,1.614867861045277309e+01
2.354600000000000080e+02,1.350674985662001504e+01
2.354800000000000182e+02,1.123094172976038685e+01
2.355000000000000000e+02,9.335051999163873404e+00
2.355200000000000102e+02,7.747339048640488279e+00
2.355399999999999920e+02,6.423945114098554399e+00
2.355600000000000023e+02,5.362675642413121224e+00
2.355800000000000125e+02,4.572348180907567894e+00
2.355999999999999943e+02,4.044777803051741394e+00
2.356200000000000045e+02,3.745552524776729175e+00
2.356400000000000148e+02,3.625255026791825319e+00
2.356599999999999966e+02,3.638211124174037359e+00
2.356800000000000068e+02,3.753014798365695626e+00
2.357000000000000171e+02,3.952690993582041123e+00
2.357199999999999989e+02,4.230608732298385632e+00
2.357400000000000091e+02,4.586486473743212500e+00
2.357599999999999909e+02,5.023623709660514081e+00
2.357800000000000011e+02,5.547108042673837502e+00
2.358000000000000114e+02,6.162481352730214468e+00
2.358199999999999932e+02,6.874406255060158344e+00
2.358400000000000034e+02,7.684958258720997470e+00
2.358600000000000136e+02,8.591241786532997082e+00
2.358799999999999955e+02,9.582113638962685087e+00
2.359000000000000057e+02,1.063398954327484347e+01
2.359200000000000159e+02,1.170610909163044155e+01
2.359399999999999977e+02,1.273637118663490675e+01
2.359600000000000080e+02,1.363992482455517496e+01
2.359800000000000182e+02,1.431376038368363091e+01
2.360000000000000000e+02,1.465060776409271881e+01
2.360200000000000102e+02,1.456297286740247721e+01
2.360399999999999920e+02,1.401229331153155044e+01
2.360600000000000023e+02,1.303112487591634228e+01
2.360800000000000125e+02,1.172416248057345989e+01
2.360999999999999943e+02,1.024245255444251157e+01
2.361200000000000045e+02,8.741262698558465161e+00
2.361400000000000148e+02,7.342673446119359681e+00
2.361599999999999966e+02,6.118890468799363269e+00
2.361800000000000068e+02,5.096870209555482312e+00
2.362000000000000171e+02,4.273650346975484737e+00
2.362199999999999989e+02,3.631643627658780016e+00
2.362400000000000091e+02,3.149049375093480929e+00
2.362599999999999909e+02,2.805352050883203052e+00
2.362800000000000011e+02,2.583465305010665070e+00
2.363000000000000114e+02,2.469829268644751163e+00
2.363199999999999932e+02,2.453354907967761456e+00
2.363400000000000034e+02,2.524198237250472765e+00
2.363600000000000136e+02,2.673419174336949755e+00
2.363799999999999955e+02,2.893814036649879462e+00
2.364000000000000057e+02,3.181142552331762463e+00
2.364200000000000159e+02,3.534835440639197746e+00
2.364399999999999977e+02,3.957934512167447405e+00
2.364600000000000080e+02,4.456512652922700823e+00
2.364800000000000182e+02,5.038843036498870553e+00
2.365000000000000000e+02,5.714394184887425787e+00
2.365200000000000102e+02,6.492540412224093060e+00
2.365399999999999920e+02,7.380746221212570291e+00
2.365600000000000023e+02,8.381900517265838957e+00
2.365800000000000125e+02,9.490449615075982948e+00
2.365999999999999943e+02,1.068708567416459232e+01
2.366200000000000045e+02,1.193212667703981822e+01
2.366400000000000148e+02,1.315861931332105961e+01
2.366599999999999966e+02,1.426776497752682360e+01
2.366800000000000068e+02,1.513129879114323195e+01
2.367000000000000171e+02,1.560667012724067426e+01
2.367199999999999989e+02,1.556861080236570949e+01
2.367400000000000091e+02,1.495227621934855655e+01
2.367599999999999909e+02,1.379036746429328275e+01
2.367800000000000011e+02,1.221972234728563578e+01
2.368000000000000114e+02,1.044459692525922634e+01
2.368199999999999932e+02,8.672098115308083166e+00
2.368400000000000034e+02,7.055798559229997657e+00
2.368600000000000136e+02,5.674679624863163241e+00
2.368799999999999955e+02,4.545887966171687111e+00
2.369000000000000057e+02,3.650868285506761790e+00
2.369200000000000159e+02,2.957387761886163258e+00
2.369399999999999977e+02,2.432110116844269587e+00
2.369600000000000080e+02,2.045973167136857729e+00
2.369800000000000182e+02,1.775851067812874273e+00
2.370000000000000000e+02,1.604594191207150189e+00
2.370200000000000102e+02,1.520090922995980032e+00
2.370399999999999920e+02,1.513359412471690701e+00
2.370600000000000023e+02,1.576278514807389897e+00
2.370800000000000125e+02,1.700621251957526781e+00
2.370999999999999943e+02,1.879230325273153701e+00
2.371200000000000045e+02,2.107946308739714780e+00
2.371400000000000148e+02,2.386623262463756667e+00
2.371599999999999966e+02,2.719034892702766992e+00
2.371800000000000068e+02,3.112293296926253561e+00
2.372000000000000171e+02,3.576256298347342266e+00
2.372199999999999989e+02,4.123051406474029790e+00
2.372400000000000091e+02,4.766627214583719407e+00
2.372599999999999909e+02,5.522137647326029963e+00
2.372800000000000011e+02,6.404873325724494748e+00
2.373000000000000114e+02,7.428357165756506397e+00
2.373199999999999932e+02,8.601072602263400313e+00
2.373400000000000034e+02,9.921183059684697270e+00
2.373600000000000136e+02,1.136861684979013098e+01
2.373799999999999955e+02,1.289436874216359818e+01
2.374000000000000057e+02,1.440830530355468575e+01
2.374200000000000159e+02,1.576975197769196946e+01
2.374399999999999977e+02,1.678957226757134436e+01
2.374600000000000080e+02,1.725580316459603836e+01
2.374800000000000182e+02,1.699072850169260462e+01
2.375000000000000000e+02,1.592840080839872563e+01
2.375200000000000102e+02,1.417291706473268320e+01
2.375399999999999920e+02,1.198730606035750412e+01
2.375600000000000023e+02,9.700657526343022141e+00
2.375800000000000125e+02,7.587325902026292646e+00
2.375999999999999943e+02,5.796306077785060573e+00
2.376200000000000045e+02,4.359121593445062004e+00
2.376400000000000148e+02,3.240203309032180901e+00
2.376599999999999966e+02,2.382491331921281486e+00
2.376800000000000068e+02,1.730843367381450726e+00
2.377000000000000171e+02,1.239160915321261269e+00
2.377199999999999989e+02,8.706297192321169609e-01
2.377400000000000091e+02,5.962084756560697141e-01
2.377599999999999909e+02,3.930901950617483598e-01
2.377800000000000011e+02,2.434519433183868486e-01
2.378000000000000114e+02,1.334165079252020714e-01
2.378199999999999932e+02,5.207715954336517017e-02
2.378400000000000034e+02,-9.490181075802914604e-03
2.378600000000000136e+02,-5.890810490026812674e-02
2.378799999999999955e+02,-1.022136251368884752e-01
2.379000000000000057e+02,-1.431829707552397246e-01
2.379200000000000159e+02,-1.838307483365721751e-01
2.379399999999999977e+02,-2.256312353302311613e-01
2.379600000000000080e+02,-2.702067240761382716e-01
2.379800000000000182e+02,-3.194500145137151303e-01
2.380000000000000000e+02,-3.754894705583038950e-01
2.380200000000000102e+02,-4.406885138092871967e-01
2.380399999999999920e+02,-5.177064374009510139e-01
2.380600000000000023e+02,-6.096037081801808366e-01
2.380800000000000125e+02,-7.199772684052149208e-01
2.380999999999999943e+02,-8.531182995908578315e-01
2.381200000000000045e+02,-1.014190909746215175e+00
2.381400000000000148e+02,-1.209429230354325924e+00
2.381599999999999966e+02,-1.446346805893768073e+00
2.381800000000000068e+02,-1.733939782012425379e+00
2.382000000000000171e+02,-2.082844188886685544e+00
2.382199999999999989e+02,-2.505366794785013340e+00
2.382400000000000091e+02,-3.015239566277744920e+00
2.382599999999999909e+02,-3.626833139918536286e+00
2.382800000000000011e+02,-4.353391647678630960e+00
2.383000000000000114e+02,-5.203633765678403300e+00
2.383199999999999932e+02,-6.175897097440964600e+00
2.383400000000000034e+02,-7.249197781461450774e+00
2.383600000000000136e+02,-8.371811580015176446e+00
2.383799999999999955e+02,-9.451230279445862692e+00
2.384000000000000057e+02,-1.035473237155245840e+01
2.384200000000000159e+02,-1.093359768660659448e+01
2.384399999999999977e+02,-1.107641880894426478e+01
2.384600000000000080e+02,-1.077080055990383656e+01
2.384800000000000182e+02,-1.012520677372047651e+01
2.385000000000000000e+02,-9.314840317164813754e+00
2.385200000000000102e+02,-8.480447022160623405e+00
2.385399999999999920e+02,-7.671328387768483914e+00
2.385600000000000023e+02,-6.886016072540396493e+00
2.385800000000000125e+02,-6.141914213017594548e+00
2.385999999999999943e+02,-5.491632395079004247e+00
2.386200000000000045e+02,-4.995514761752919419e+00
2.386400000000000148e+02,-4.690641839517282641e+00
2.386599999999999966e+02,-4.576388600166744425e+00
2.386800000000000068e+02,-4.622568709736163406e+00
2.387000000000000171e+02,-4.791251155314657062e+00
2.387199999999999989e+02,-5.053853465280625734e+00
2.387400000000000091e+02,-5.395946880797258594e+00
2.387599999999999909e+02,-5.814583026774512220e+00
2.387800000000000011e+02,-6.313987681981263478e+00
2.388000000000000114e+02,-6.902084702602858002e+00
2.388199999999999932e+02,-7.588120853731493476e+00
2.388400000000000034e+02,-8.380942814673305818e+00
2.388600000000000136e+02,-9.287386094313164975e+00
2.388799999999999955e+02,-1.031031055269923336e+01
2.389000000000000057e+02,-1.144592486415602295e+01
2.389200000000000159e+02,-1.268019021602042606e+01
2.389399999999999977e+02,-1.398435360380163139e+01
2.389600000000000080e+02,-1.531014060980308322e+01
2.389800000000000182e+02,-1.658592713395820084e+01
2.390000000000000000e+02,-1.771624082454246718e+01
2.390200000000000102e+02,-1.858778270807645328e+01
2.390399999999999920e+02,-1.908480238231798509e+01
2.390600000000000023e+02,-1.911381331186274934e+01
2.390800000000000125e+02,-1.863196208087516226e+01
2.390999999999999943e+02,-1.766739321924677242e+01
2.391200000000000045e+02,-1.631916983199960924e+01
2.391400000000000148e+02,-1.473282807582458354e+01
2.391599999999999966e+02,-1.306170624084244558e+01
2.391800000000000068e+02,-1.143266763831725186e+01
2.392000000000000171e+02,-9.930014817092445156e+00
2.392199999999999989e+02,-8.598171012009970582e+00
2.392400000000000091e+02,-7.454038134499023194e+00
2.392599999999999909e+02,-6.499600176821295427e+00
2.392800000000000011e+02,-5.730360892769847503e+00
2.393000000000000114e+02,-5.139495383376541326e+00
2.393199999999999932e+02,-4.719104262521227611e+00
2.393400000000000034e+02,-4.459915029135308018e+00
2.393600000000000136e+02,-4.350655509612043836e+00
2.393799999999999955e+02,-4.378286554677647935e+00
2.394000000000000057e+02,-4.529620473961445626e+00
2.394200000000000159e+02,-4.793655874052112686e+00
2.394399999999999977e+02,-5.163422002150718448e+00
2.394600000000000080e+02,-5.636679961380911763e+00
2.394800000000000182e+02,-6.215598312791917657e+00
2.395000000000000000e+02,-6.905799999338777972e+00
2.395200000000000102e+02,-7.715038693706635975e+00
2.395399999999999920e+02,-8.651517171328835687e+00
2.395600000000000023e+02,-9.721666358792418805e+00
2.395800000000000125e+02,-1.092709103105326029e+01
2.395999999999999943e+02,-1.226036677506032646e+01
2.396200000000000045e+02,-1.369950179307531890e+01
2.396400000000000148e+02,-1.520128303724337826e+01
2.396599999999999966e+02,-1.669458727602010129e+01
2.396800000000000068e+02,-1.807615924682328412e+01
2.397000000000000171e+02,-1.921306944078680345e+01
2.397199999999999989e+02,-1.995693655256304311e+01
2.397400000000000091e+02,-2.017288519271700054e+01
2.397599999999999909e+02,-1.977913261244719934e+01
2.397800000000000011e+02,-1.878260117298863108e+01
2.398000000000000114e+02,-1.728985480666586128e+01
2.398199999999999932e+02,-1.548087669482534245e+01
2.398400000000000034e+02,-1.355525027079772826e+01
2.398600000000000136e+02,-1.167907162319370862e+01
2.398799999999999955e+02,-9.958127416226231432e+00
2.399000000000000057e+02,-8.441464339559392016e+00
2.399200000000000159e+02,-7.140919183527263847e+00
2.399399999999999977e+02,-6.050428506228848313e+00
2.399600000000000080e+02,-5.158027920023524615e+00
2.399800000000000182e+02,-4.451236793718738483e+00
2.400000000000000000e+02,-3.918692067296813963e+00
2.400200000000000102e+02,-3.549888464256758080e+00
2.400399999999999920e+02,-3.333809287537154997e+00
2.400600000000000023e+02,-3.257412725987468338e+00
2.400800000000000125e+02,-3.305579392127242944e+00
2.400999999999999943e+02,-3.463320442411772060e+00
2.401200000000000045e+02,-3.718894182856927522e+00
2.401400000000000148e+02,-4.065912088035664063e+00
2.401599999999999966e+02,-4.503801115452370496e+00
2.401800000000000068e+02,-5.037191766276166049e+00
2.402000000000000171e+02,-5.674922052652108917e+00
2.402199999999999989e+02,-6.428974641462408712e+00
2.402400000000000091e+02,-7.313320652152002666e+00
2.402599999999999909e+02,-8.342433911383803746e+00
2.402800000000000011e+02,-9.529103165390232277e+00
2.403000000000000114e+02,-1.088106408983833973e+01
2.403199999999999932e+02,-1.239590329542727787e+01
2.403400000000000034e+02,-1.405376876756049853e+01
2.403600000000000136e+02,-1.580786505943088649e+01
2.403799999999999955e+02,-1.757388794580930735e+01
2.404000000000000057e+02,-1.922181257141201272e+01
2.404200000000000159e+02,-2.057663524734266502e+01
2.404399999999999977e+02,-2.143706926273243241e+01
2.404600000000000080e+02,-2.161868623885156993e+01
2.404800000000000182e+02,-2.101590762754977959e+01
2.405000000000000000e+02,-1.965741275723253523e+01
2.405200000000000102e+02,-1.771773028479731948e+01
2.405399999999999920e+02,-1.546508527867453608e+01
2.405600000000000023e+02,-1.316929038636289917e+01
2.405800000000000125e+02,-1.102471306536071260e+01
2.405999999999999943e+02,-9.127346008849626102e+00
2.406200000000000045e+02,-7.499040944150396903e+00
2.406400000000000148e+02,-6.124946351681200163e+00
2.406599999999999966e+02,-4.979499219826560186e+00
2.406800000000000068e+02,-4.037388303537444934e+00
2.407000000000000171e+02,-3.276098697940547755e+00
2.407199999999999989e+02,-2.675984965122359061e+00
2.407400000000000091e+02,-2.220353883658584326e+00
2.407599999999999909e+02,-1.895673421266923286e+00
2.407800000000000011e+02,-1.690919356767135895e+00
2.408000000000000114e+02,-1.595208023722035406e+00
2.408199999999999932e+02,-1.595086962932180663e+00
2.408400000000000034e+02,-1.674958334539416782e+00
2.408600000000000136e+02,-1.821002888549553278e+00
2.408799999999999955e+02,-2.024696977692104216e+00
2.409000000000000057e+02,-2.283657485796461106e+00
2.409200000000000159e+02,-2.600802879937499146e+00
2.409399999999999977e+02,-2.983267780942270964e+00
2.409600000000000080e+02,-3.441667900055422002e+00
2.409800000000000182e+02,-3.989749170725952254e+00
2.410000000000000000e+02,-4.644275059893985258e+00
2.410200000000000102e+02,-5.424965609755941109e+00
2.410399999999999920e+02,-6.354274038748373599e+00
2.410600000000000023e+02,-7.456706214725896231e+00
2.410800000000000125e+02,-8.757244149017763490e+00
2.410999999999999943e+02,-1.027820500802947379e+01
2.411200000000000045e+02,-1.203356991375753893e+01
2.411400000000000148e+02,-1.401955596250352265e+01
2.411599999999999966e+02,-1.620027349579403619e+01
2.411800000000000068e+02,-1.848841828172101387e+01
2.412000000000000171e+02,-2.072427018004453814e+01
2.412199999999999989e+02,-2.266297046467384035e+01
2.412400000000000091e+02,-2.398896773557961737e+01
2.412599999999999909e+02,-2.437980788079603656e+01
2.412800000000000011e+02,-2.362317922318530350e+01
2.413000000000000114e+02,-2.174261857879983850e+01
2.413199999999999932e+02,-1.904040091881500274e+01
2.413400000000000034e+02,-1.599206509887279815e+01
2.413600000000000136e+02,-1.304349732273482587e+01
2.413799999999999955e+02,-1.045614220539887640e+01
2.414000000000000057e+02,-8.295902511138599777e+00
2.414200000000000159e+02,-6.521560004999081173e+00
2.414399999999999977e+02,-5.069587981094223927e+00
2.414600000000000080e+02,-3.889724810238642583e+00
2.414800000000000182e+02,-2.947144400016392218e+00
2.415000000000000000e+02,-2.215543220776666100e+00
2.415200000000000102e+02,-1.671025003133840725e+00
2.415399999999999920e+02,-1.287394550251752090e+00
2.415600000000000023e+02,-1.033597259260196521e+00
2.415800000000000125e+02,-8.766615071319610042e-01
2.415999999999999943e+02,-7.886219899927593424e-01
2.416200000000000045e+02,-7.503569493593331696e-01
2.416400000000000148e+02,-7.505173936109784671e-01
2.416599999999999966e+02,-7.829101067519597112e-01
2.416800000000000068e+02,-8.445318908182256612e-01
2.417000000000000171e+02,-9.344773159039438948e-01
2.417199999999999989e+02,-1.053382037124209969e+00
2.417400000000000091e+02,-1.203118935409416501e+00
2.417599999999999909e+02,-1.386582337406315091e+00
2.417800000000000011e+02,-1.607454611430346292e+00
2.418000000000000114e+02,-1.869856409282362630e+00
2.418199999999999932e+02,-2.177758579265501648e+00
2.418400000000000034e+02,-2.533988364647496105e+00
2.418600000000000136e+02,-2.938598468736975278e+00
2.418799999999999955e+02,-3.386331025815410456e+00
2.419000000000000057e+02,-3.862955065335090143e+00
2.419200000000000159e+02,-4.340563834596915527e+00
2.419399999999999977e+02,-4.772730099929306746e+00
2.419600000000000080e+02,-5.091976977840424468e+00
2.419800000000000182e+02,-5.214079177620362771e+00
2.420000000000000000e+02,-5.054632210984306262e+00
2.420200000000000102e+02,-4.559629386265457995e+00
2.420399999999999920e+02,-3.740760699132024136e+00
2.420600000000000023e+02,-2.693026172646882266e+00
2.420800000000000125e+02,-1.573360390449914492e+00
2.420999999999999943e+02,-5.448707910344526839e-01
2.421200000000000045e+02,2.783427060663646313e-01
2.421400000000000148e+02,8.523736446903614761e-01
2.421599999999999966e+02,1.190072503695720485e+00
2.421800000000000068e+02,1.335339706515136671e+00
2.422000000000000171e+02,1.341985380660704497e+00
2.422199999999999989e+02,1.260833839378997734e+00
2.422400000000000091e+02,1.133460708390734650e+00
2.422599999999999909e+02,9.905005645237474621e-01
2.422800000000000011e+02,8.526851892611698736e-01
2.423000000000000114e+02,7.331401802544736945e-01
2.423199999999999932e+02,6.399684960654156152e-01
2.423400000000000034e+02,5.784384486890326027e-01
2.423600000000000136e+02,5.519103105323263092e-01
2.423799999999999955e+02,5.607725915308084952e-01
2.424000000000000057e+02,6.011483108024209265e-01
2.424200000000000159e+02,6.668194013871038273e-01
2.424399999999999977e+02,7.530436107449974825e-01
2.424600000000000080e+02,8.583735192092264432e-01
2.424800000000000182e+02,9.843073335161144355e-01
2.425000000000000000e+02,1.134421000539212576e+00
2.425200000000000102e+02,1.313802432067734172e+00
2.425399999999999920e+02,1.528866499509745847e+00
2.425600000000000023e+02,1.787432066135473452e+00
2.425800000000000125e+02,2.098954770024873628e+00
2.425999999999999943e+02,2.474851506332195861e+00
2.426200000000000045e+02,2.928876778975493256e+00
2.426400000000000148e+02,3.477513114902281099e+00
2.426599999999999966e+02,4.140314937112395732e+00
2.426800000000000068e+02,4.940092921253786962e+00
2.427000000000000171e+02,5.902726985343824673e+00
2.427199999999999989e+02,7.056229854623816244e+00
2.427400000000000091e+02,8.428414641428210174e+00
2.427599999999999909e+02,1.004213475004976353e+01
2.427800000000000011e+02,1.190660697988045769e+01
2.428000000000000114e+02,1.400305826747572979e+01
2.428199999999999932e+02,1.626359615383745449e+01
2.428400000000000034e+02,1.854535103078788438e+01
2.428600000000000136e+02,2.060970102720199293e+01
2.428799999999999955e+02,2.212885567976311307e+01
2.429000000000000057e+02,2.275048742545159897e+01
2.429200000000000159e+02,2.223248884839785688e+01
2.429399999999999977e+02,2.059597286354629730e+01
2.429600000000000080e+02,1.817597933769729579e+01
2.429800000000000182e+02,1.548258693758324256e+01
2.430000000000000000e+02,1.294872200169244714e+01
2.430200000000000102e+02,1.076787145135972423e+01
2.430399999999999920e+02,8.934947226582410806e+00
2.430600000000000023e+02,7.388113517146657649e+00
2.430800000000000125e+02,6.095418696946387271e+00
2.430999999999999943e+02,5.058714777523396933e+00
2.431200000000000045e+02,4.286473494348749469e+00
2.431400000000000148e+02,3.770391244965624278e+00
2.431599999999999966e+02,3.477284092366994095e+00
2.431800000000000068e+02,3.359159334440624978e+00
2.432000000000000171e+02,3.371206609750089900e+00
2.432199999999999989e+02,3.482462147304548061e+00
2.432400000000000091e+02,3.676250387906096151e+00
2.432599999999999909e+02,3.946244193432259628e+00
2.432800000000000011e+02,4.292557465827311347e+00
2.433000000000000114e+02,4.719063984042129789e+00
2.433199999999999932e+02,5.231706524299748473e+00
2.433400000000000034e+02,5.837287244763764704e+00
2.433600000000000136e+02,6.542281214700854441e+00
2.433799999999999955e+02,7.351293369273855127e+00
2.434000000000000057e+02,8.264825470110100269e+00
2.434200000000000159e+02,9.276071512907638095e+00
2.434399999999999977e+02,1.036658146481663501e+01
2.434600000000000080e+02,1.150096340867828992e+01
2.434800000000000182e+02,1.262147193106369336e+01
2.435000000000000000e+02,1.364448367809088580e+01
2.435200000000000102e+02,1.446229306262800129e+01
2.435399999999999920e+02,1.495450758419817205e+01
2.435600000000000023e+02,1.501181165400478612e+01
2.435800000000000125e+02,1.456919324885325118e+01
2.435999999999999943e+02,1.363677886777082193e+01
2.436200000000000045e+02,1.231047780972032513e+01
2.436400000000000148e+02,1.075055072695871239e+01
2.436599999999999966e+02,9.134831232615887586e+00
2.436800000000000068e+02,7.610666073736976678e+00
2.437000000000000171e+02,6.268912903823453675e+00
2.437199999999999989e+02,5.145407849197884076e+00
2.437400000000000091e+02,4.238374677340988939e+00
2.437599999999999909e+02,3.527360479769812152e+00
2.437800000000000011e+02,2.986376614072291602e+00
2.438000000000000114e+02,2.590814520256158549e+00
2.438199999999999932e+02,2.320249796037714862e+00
2.438400000000000034e+02,2.158927149437713577e+00
2.438600000000000136e+02,2.094826809752838859e+00
2.438799999999999955e+02,2.117979559699209258e+00
2.439000000000000057e+02,2.219151724294937456e+00
2.439200000000000159e+02,2.389979436969734472e+00
2.439399999999999977e+02,2.624313399749720332e+00
2.439600000000000080e+02,2.919520779167696922e+00
2.439800000000000182e+02,3.276923455027330956e+00
2.440000000000000000e+02,3.701475523895170650e+00
2.440200000000000102e+02,4.201095028709481483e+00
2.440399999999999920e+02,4.785899632846954077e+00
2.440600000000000023e+02,5.467349917724465769e+00
2.440800000000000125e+02,6.257132052449018822e+00
2.440999999999999943e+02,7.165492031811345086e+00
2.441200000000000045e+02,8.198647131346364247e+00
2.441400000000000148e+02,9.354828671170052345e+00
2.441599999999999966e+02,1.061856342638400186e+01
2.441800000000000068e+02,1.195311356067964681e+01
2.442000000000000171e+02,1.329188571865122981e+01
2.442199999999999989e+02,1.453139071590276288e+01
2.442400000000000091e+02,1.553096530211241877e+01
2.442599999999999909e+02,1.612674131733995608e+01
2.442800000000000011e+02,1.616601576603027368e+01
2.443000000000000114e+02,1.555899711709007782e+01
2.443199999999999932e+02,1.432816134772835959e+01
2.443400000000000034e+02,1.262315177181772263e+01
2.443600000000000136e+02,1.068041305855997969e+01
2.443799999999999955e+02,8.743484503435652755e+00
2.444000000000000057e+02,6.990821415994227017e+00
2.444200000000000159e+02,5.509100372144902558e+00
2.444399999999999977e+02,4.310834863927726524e+00
2.444600000000000080e+02,3.368319789350039173e+00
2.444800000000000182e+02,2.640580800970560027e+00
2.445000000000000000e+02,2.087381333146510087e+00
2.445200000000000102e+02,1.674283816167801975e+00
2.445399999999999920e+02,1.373657124004048713e+00
2.445600000000000023e+02,1.164403892963398635e+00
2.445800000000000125e+02,1.031418692167308748e+00
2.445999999999999943e+02,9.647454196937240711e-01
2.446200000000000045e+02,9.578366072021131661e-01
2.446400000000000148e+02,1.004881382210695229e+00
2.446599999999999966e+02,1.099106710269530218e+00
2.446800000000000068e+02,1.233870076210996425e+00
2.447000000000000171e+02,1.405030565366010453e+00
2.447199999999999989e+02,1.612177142086767656e+00
2.447400000000000091e+02,1.858479567354287765e+00
2.447599999999999909e+02,2.150070531129273821e+00
2.447800000000000011e+02,2.495551250015437095e+00
2.448000000000000114e+02,2.905751992236295322e+00
2.448199999999999932e+02,3.393677777174029853e+00
2.448400000000000034e+02,3.974509915449506270e+00
2.448600000000000136e+02,4.665508092098905379e+00
2.448799999999999955e+02,5.485602735684238951e+00
2.449000000000000057e+02,6.454359380950230651e+00
2.449200000000000159e+02,7.589830417651791450e+00
2.449399999999999977e+02,8.904568757935910739e+00
2.449600000000000080e+02,1.039883922742504829e+01
2.449800000000000182e+02,1.204998819350790917e+01
2.450000000000000000e+02,1.379751824182752884e+01
2.450200000000000102e+02,1.552553439512032440e+01
2.450399999999999920e+02,1.704902586987243751e+01
2.450600000000000023e+02,1.811789878315218161e+01
2.450800000000000125e+02,1.845822843227190191e+01
2.450999999999999943e+02,1.786164478688714752e+01
2.451200000000000045e+02,1.629861733044294425e+01
2.451400000000000148e+02,1.398382132966059999e+01
2.451599999999999966e+02,1.131953453914777619e+01
2.451800000000000068e+02,8.728554420642939959e+00
2.452000000000000171e+02,6.492476109062046419e+00
2.452199999999999989e+02,4.704902997919822916e+00
2.452400000000000091e+02,3.332316770044258192e+00
2.452599999999999909e+02,2.295937942439932655e+00
2.452800000000000011e+02,1.518522553734940272e+00
2.453000000000000114e+02,9.377461266108855220e-01
2.453199999999999932e+02,5.051564713278813290e-01
2.453400000000000034e+02,1.819072726319279631e-01
2.453600000000000136e+02,-6.486236434713354981e-02
2.453799999999999955e+02,-2.630148458580330861e-01
2.454000000000000057e+02,-4.333317262142625803e-01
2.454200000000000159e+02,-5.882442843924103881e-01
2.454399999999999977e+02,-7.345478145229396016e-01
2.454600000000000080e+02,-8.772909214198912897e-01
2.454800000000000182e+02,-1.021802330462672881e+00
2.455000000000000000e+02,-1.174046213552141671e+00
2.455200000000000102e+02,-1.340424131178276079e+00
2.455399999999999920e+02,-1.527605820167589945e+00
2.455600000000000023e+02,-1.742511596601740154e+00
2.455800000000000125e+02,-1.992392412011124714e+00
2.455999999999999943e+02,-2.284923287910592737e+00
2.456200000000000045e+02,-2.628219259774716932e+00
2.456400000000000148e+02,-3.030680842828254562e+00
2.456599999999999966e+02,-3.500536657052049083e+00
2.456800000000000068e+02,-4.044911731910711516e+00
2.457000000000000171e+02,-4.668187198757489220e+00
2.457199999999999989e+02,-5.369393930796868553e+00
2.457400000000000091e+02,-6.138473131698694907e+00
2.457599999999999909e+02,-6.951602114189157966e+00
2.457800000000000011e+02,-7.766628687637068040e+00
2.458000000000000114e+02,-8.521043189935534556e+00
2.458199999999999932e+02,-9.136288380435605205e+00
2.458400000000000034e+02,-9.531856055770946412e+00
2.458600000000000136e+02,-9.648243878097815696e+00
2.458799999999999955e+02,-9.469633035600651283e+00
2.459000000000000057e+02,-9.031449785389115803e+00
2.459200000000000159e+02,-8.404083100936714956e+00
2.459399999999999977e+02,-7.661801860355780924e+00
2.459600000000000080e+02,-6.859295323722749416e+00
2.459800000000000182e+02,-6.030251230761840553e+00
2.460000000000000000e+02,-5.200002253901555349e+00
2.460200000000000102e+02,-4.394806615148376672e+00
2.460399999999999920e+02,-3.641378899699102334e+00
2.460600000000000023e+02,-2.961901583243741864e+00
2.460800000000000125e+02,-2.370432389109789817e+00
2.460999999999999943e+02,-1.872434010817469963e+00
2.461200000000000045e+02,-1.466505633023296618e+00
2.461400000000000148e+02,-1.146973669922043637e+00
2.461599999999999966e+02,-9.064271208853357242e-01
2.461800000000000068e+02,-7.375721155206766966e-01
2.462000000000000171e+02,-6.336125250106394713e-01
2.462199999999999989e+02,-5.866226537005866382e-01
2.462400000000000091e+02,-5.859805076740379759e-01
2.462600000000000193e+02,-6.203669419501308679e-01
2.462800000000000011e+02,-6.815322721832550723e-01
2.463000000000000114e+02,-7.656810282422075176e-01
2.463199999999999932e+02,-8.726419518587534840e-01
2.463400000000000034e+02,-1.004708565661833086e+00
2.463600000000000136e+02,-1.165932224354463420e+00
2.463799999999999955e+02,-1.361864009533100939e+00
2.464000000000000057e+02,-1.599586459074734179e+00
2.464200000000000159e+02,-1.887919737296656741e+00
2.464399999999999977e+02,-2.237740909342387674e+00
2.464600000000000080e+02,-2.662387834892828931e+00
2.464800000000000182e+02,-3.178127903422231615e+00
2.465000000000000000e+02,-3.804664058078178979e+00
2.465200000000000102e+02,-4.565619523586709860e+00
2.465399999999999920e+02,-5.488881170704459578e+00
2.465600000000000023e+02,-6.606566567455117500e+00
2.465800000000000125e+02,-7.954179096813964733e+00
2.465999999999999943e+02,-9.568181919578160333e+00
2.466200000000000045e+02,-1.148070962158733543e+01
2.466400000000000148e+02,-1.370945558625556160e+01
2.466599999999999966e+02,-1.624016431539859795e+01
2.466800000000000068e+02,-1.899943838205370383e+01
2.467000000000000171e+02,-2.181874871473917921e+01
2.467199999999999989e+02,-2.439996921526150331e+01
2.467400000000000091e+02,-2.631063702294820317e+01
2.467600000000000193e+02,-2.705522287488079058e+01
2.467800000000000011e+02,-2.625540891060819249e+01
2.468000000000000114e+02,-2.388751498460621647e+01
2.468199999999999932e+02,-2.040238579779477490e+01
2.468400000000000034e+02,-1.655830255015554187e+01
2.468600000000000136e+02,-1.303694860607661532e+01
2.468799999999999955e+02,-1.015672648544618539e+01
2.469000000000000057e+02,-7.901742302200760015e+00
2.469200000000000159e+02,-6.135463755282367870e+00
2.469399999999999977e+02,-4.747556044287044585e+00
2.469600000000000080e+02,-3.676038327375477532e+00
2.469800000000000182e+02,-2.879610998149869427e+00
2.470000000000000000e+02,-2.314650947045884699e+00
2.470200000000000102e+02,-1.931244017688173775e+00
2.470399999999999920e+02,-1.682358272286596845e+00
2.470600000000000023e+02,-1.532175974920798600e+00
2.470800000000000125e+02,-1.456977628084098475e+00
2.470999999999999943e+02,-1.441878496930124376e+00
2.471200000000000045e+02,-1.477506005960244506e+00
2.471400000000000148e+02,-1.557832456839659097e+00
2.471599999999999966e+02,-1.678903489840408048e+00
2.471800000000000068e+02,-1.838008557521396691e+00
2.472000000000000171e+02,-2.032980981005308774e+00
2.472199999999999989e+02,-2.261442046007736906e+00
2.472400000000000091e+02,-2.519868610673704268e+00
2.472600000000000193e+02,-2.802411421010857939e+00
2.472800000000000011e+02,-3.099447225968639419e+00
2.473000000000000114e+02,-3.395974117410739623e+00
2.473199999999999932e+02,-3.670176678767503642e+00
2.473400000000000034e+02,-3.892828478026302275e+00
2.473600000000000136e+02,-4.028572390796660407e+00
2.473799999999999955e+02,-4.040262919281095044e+00
2.474000000000000057e+02,-3.896986917397877725e+00
2.474200000000000159e+02,-3.584662701168135346e+00
2.474399999999999977e+02,-3.115560795562268392e+00
2.474600000000000080e+02,-2.531394443820822904e+00
2.474800000000000182e+02,-1.896203803532854559e+00
2.475000000000000000e+02,-1.280537955841933639e+00
2.475200000000000102e+02,-7.439162328301750504e-01
2.475399999999999920e+02,-3.233560016592451070e-01
2.475600000000000023e+02,-3.121978026330934561e-02
2.475800000000000125e+02,1.398014406468744697e-01
2.475999999999999943e+02,2.089246376304854658e-01
2.476200000000000045e+02,2.000547786500421754e-01
2.476400000000000148e+02,1.365313114749529544e-01
2.476599999999999966e+02,3.797056921039681371e-02
2.476800000000000068e+02,-8.117772249569790710e-02
2.477000000000000171e+02,-2.117724116548840019e-01
2.477199999999999989e+02,-3.491650292963209834e-01
2.477400000000000091e+02,-4.918795475973457010e-01
2.477600000000000193e+02,-6.403779364728793277e-01
2.477800000000000011e+02,-7.962943289835415772e-01
2.478000000000000114e+02,-9.620897822209358852e-01
2.478199999999999932e+02,-1.140872541597486522e+00
2.478400000000000034e+02,-1.336203135963948130e+00
2.478600000000000136e+02,-1.551822734091341305e+00
2.478799999999999955e+02,-1.791280816413310939e+00
2.479000000000000057e+02,-2.057417660682864913e+00
2.479200000000000159e+02,-2.351622731743758798e+00
2.479399999999999977e+02,-2.672769106936681904e+00
2.479600000000000080e+02,-3.015731844327165234e+00
2.479800000000000182e+02,-3.369475722323216349e+00
2.480000000000000000e+02,-3.714888142152199535e+00
2.480200000000000102e+02,-4.022920097588522204e+00
2.480399999999999920e+02,-4.254180496389350807e+00
2.480600000000000023e+02,-4.361739884470186901e+00
2.480800000000000125e+02,-4.298962911009374999e+00
2.480999999999999943e+02,-4.032766853388004336e+00
2.481200000000000045e+02,-3.559213252806050054e+00
2.481400000000000148e+02,-2.914119227268618939e+00
2.481599999999999966e+02,-2.170417667170765785e+00
2.481800000000000068e+02,-1.419910114362729070e+00
2.482000000000000171e+02,-7.472538843627286598e-01
2.482199999999999989e+02,-2.094773778184126911e-01
2.482400000000000091e+02,1.706391062242296752e-01
2.482600000000000193e+02,3.989012313986379232e-01
2.482800000000000011e+02,4.987659307597586134e-01
2.483000000000000114e+02,5.009659689676404515e-01
2.483199999999999932e+02,4.361249198494836499e-01
2.483400000000000034e+02,3.304973958416013158e-01
2.483600000000000136e+02,2.040639436068881762e-01
2.483799999999999955e+02,7.010562719617971505e-02
2.484000000000000057e+02,-6.427727588291907990e-02
2.484200000000000159e+02,-1.968479268316771780e-01
2.484399999999999977e+02,-3.283810783872344041e-01
2.484600000000000080e+02,-4.610325640696628646e-01
2.484800000000000182e+02,-5.975416035862398667e-01
2.485000000000000000e+02,-7.411090096813843786e-01
2.485200000000000102e+02,-8.954600011212111577e-01
2.485399999999999920e+02,-1.064832461360938565e+00
2.485600000000000023e+02,-1.253870981082471747e+00
2.485800000000000125e+02,-1.467455110154967990e+00
2.485999999999999943e+02,-1.710447223134262229e+00
2.486200000000000045e+02,-1.987289681359521110e+00
2.486400000000000148e+02,-2.301338276816085937e+00
2.486599999999999966e+02,-2.653774424261569731e+00
2.486800000000000068e+02,-3.041918373618492044e+00
2.487000000000000171e+02,-3.456787100957829484e+00
2.487199999999999989e+02,-3.879905314673625316e+00
2.487400000000000091e+02,-4.279803879754782159e+00
2.487600000000000193e+02,-4.609491787659529827e+00
2.487800000000000011e+02,-4.807419957959151446e+00
2.488000000000000114e+02,-4.805444140397989727e+00
2.488199999999999932e+02,-4.546383104271900066e+00
2.488400000000000034e+02,-4.008886307850076491e+00
2.488600000000000136e+02,-3.228926246370480868e+00
2.488799999999999955e+02,-2.301936396588850631e+00
2.489000000000000057e+02,-1.357141394690444702e+00
2.489200000000000159e+02,-5.152844729595580375e-01
2.489399999999999977e+02,1.453919773987427388e-01
2.489600000000000080e+02,5.984230120945354114e-01
2.489800000000000182e+02,8.576370781849678160e-01
2.490000000000000000e+02,9.590016454269297830e-01
2.490200000000000102e+02,9.454860049633633245e-01
2.490399999999999920e+02,8.575006417124304559e-01
2.490600000000000023e+02,7.281883233289819790e-01
2.490800000000000125e+02,5.821174006906468801e-01
2.490999999999999943e+02,4.359431509439624097e-01
2.491200000000000045e+02,2.998475936924908658e-01
2.491400000000000148e+02,1.788963292003257211e-01
2.491599999999999966e+02,7.390339571788297202e-02
2.491800000000000068e+02,-1.778708067896098491e-02
2.492000000000000171e+02,-1.006827930652287456e-01
2.492199999999999989e+02,-1.791311048263654337e-01
2.492400000000000091e+02,-2.565354536692200371e-01
2.492600000000000193e+02,-3.358029567838534679e-01
2.492800000000000011e+02,-4.198980128466786588e-01
2.493000000000000114e+02,-5.120797808613882784e-01
2.493199999999999932e+02,-6.159663254734287774e-01
2.493400000000000034e+02,-7.355770442188777070e-01
2.493600000000000136e+02,-8.754009858013206413e-01
2.493799999999999955e+02,-1.040481399586396627e+00
2.494000000000000057e+02,-1.236487905066979698e+00
2.494200000000000159e+02,-1.469726916014647777e+00
2.494399999999999977e+02,-1.747020816312243374e+00
2.494600000000000080e+02,-2.075333195539182718e+00
2.494800000000000182e+02,-2.460949019173988006e+00
2.495000000000000000e+02,-2.907909497299481671e+00
2.495200000000000102e+02,-3.415278931067984303e+00
2.495399999999999920e+02,-3.972749860601112459e+00
2.495600000000000023e+02,-4.554260654066408343e+00
2.495800000000000125e+02,-5.110116502937610328e+00
2.495999999999999943e+02,-5.560173550785143526e+00
2.496200000000000045e+02,-5.794272596677832787e+00
2.496400000000000148e+02,-5.689671725851225048e+00
2.496599999999999966e+02,-5.152948492097203292e+00
2.496800000000000068e+02,-4.177677906824967202e+00
2.497000000000000171e+02,-2.882351443795287960e+00
2.497199999999999989e+02,-1.485158009438769966e+00
2.497400000000000091e+02,-2.150873644525286565e-01
2.497600000000000193e+02,7.781001250076159392e-01
2.497800000000000011e+02,1.451256926999834995e+00
2.498000000000000114e+02,1.837302036741609745e+00
2.498199999999999932e+02,2.004041842248037941e+00
2.498400000000000034e+02,2.027439161845717930e+00
2.498600000000000136e+02,1.977799802036328769e+00
2.498799999999999955e+02,1.913731897137462168e+00
2.499000000000000057e+02,1.879986280886264627e+00
2.499200000000000159e+02,1.905065216745391421e+00
2.499399999999999977e+02,1.998366461237228942e+00
2.499600000000000080e+02,2.153087878781274167e+00
2.499800000000000182e+02,2.356725904821732165e+00
2.500000000000000000e+02,2.600749697523722759e+00
2.500200000000000102e+02,2.883806615378690097e+00
2.500399999999999920e+02,3.210587987583044089e+00
2.500600000000000023e+02,3.589764489733655140e+00
2.500800000000000125e+02,4.032460199616947349e+00
2.500999999999999943e+02,4.551412418054050057e+00
2.501200000000000045e+02,5.160540339168740331e+00
2.501400000000000148e+02,5.874592639269131666e+00
2.501599999999999966e+02,6.708559775516344637e+00
2.501800000000000068e+02,7.676530173260974976e+00
2.502000000000000171e+02,8.789611399726160457e+00
2.502199999999999989e+02,1.005246997270614351e+01
2.502400000000000091e+02,1.145802138793597891e+01
2.502600000000000193e+02,1.297999965955622415e+01
2.502800000000000011e+02,1.456382108961413557e+01
2.503000000000000114e+02,1.611770247265142686e+01
2.503199999999999932e+02,1.750856085741574830e+01
2.503400000000000034e+02,1.857001528856635630e+01
2.503600000000000136e+02,1.913003321616556818e+01
2.503799999999999955e+02,1.905890139978964015e+01
2.504000000000000057e+02,1.832253669849851008e+01
2.504200000000000159e+02,1.701068828561378155e+01
2.504399999999999977e+02,1.531363364754122713e+01
2.504600000000000080e+02,1.345309817523246743e+01
2.504800000000000182e+02,1.160910003274104696e+01
2.505000000000000000e+02,9.885922788066242362e+00
2.505200000000000102e+02,8.324090546793664558e+00
2.505399999999999920e+02,6.931374422199822583e+00
2.505600000000000023e+02,5.705847817726497517e+00
2.505800000000000125e+02,4.644255211957844409e+00
2.505999999999999943e+02,3.742145237027158178e+00
2.506200000000000045e+02,2.992569213702716890e+00
2.506400000000000148e+02,2.386085896344421808e+00
2.506599999999999966e+02,1.912049869303236616e+00
2.506800000000000068e+02,1.560135542704776945e+00
2.507000000000000171e+02,1.320683553789153919e+00
2.507199999999999989e+02,1.182831412775869007e+00
2.507400000000000091e+02,1.132030508179850514e+00
2.507600000000000193e+02,1.151105330601957188e+00
2.507800000000000011e+02,1.224923583019616791e+00
2.508000000000000114e+02,1.343844367026634012e+00
2.508199999999999932e+02,1.503998907389933137e+00
2.508400000000000034e+02,1.706090791305239218e+00
2.508600000000000136e+02,1.954244326820224531e+00
2.508799999999999955e+02,2.255328513451804628e+00
2.509000000000000057e+02,2.618692156834878215e+00
2.509200000000000159e+02,3.056162015332539283e+00
2.509399999999999977e+02,3.582177171441208952e+00
2.509600000000000080e+02,4.213947485955332084e+00
2.509800000000000182e+02,4.971503156641119858e+00
2.510000000000000000e+02,5.877436357035731085e+00
2.510200000000000102e+02,6.956010373705638905e+00
2.510399999999999920e+02,8.231109240755865031e+00
2.510600000000000023e+02,9.722211123104820274e+00
2.510800000000000125e+02,1.143724189626879983e+01
2.510999999999999943e+02,1.336098405679416068e+01
2.511200000000000045e+02,1.543822411175660747e+01
2.511400000000000148e+02,1.755307528442016007e+01
2.511599999999999966e+02,1.951137910415701882e+01
2.511800000000000068e+02,2.104198995728440025e+01
2.512000000000000171e+02,2.183982045427800500e+01
2.512199999999999989e+02,2.166394054658759316e+01
2.512400000000000091e+02,2.046269177826926722e+01
2.512600000000000193e+02,1.844307833586556455e+01
2.512800000000000011e+02,1.600320007789301613e+01
2.513000000000000114e+02,1.354831661139835575e+01
2.513199999999999932e+02,1.132647332995151856e+01
2.513400000000000034e+02,9.403124799468894679e+00
2.513600000000000136e+02,7.750070508660503954e+00
2.513799999999999955e+02,6.333856310681423629e+00
2.514000000000000057e+02,5.145117621674049957e+00
2.514200000000000159e+02,4.189713538880591948e+00
2.514399999999999977e+02,3.472824809222206266e+00
2.514600000000000080e+02,2.986589959162396557e+00
2.514800000000000182e+02,2.703758769744280421e+00
2.515000000000000000e+02,2.582695830010899751e+00
2.515200000000000102e+02,2.581905780584548005e+00
2.515399999999999920e+02,2.671387282419762865e+00
2.515600000000000023e+02,2.834602973823652228e+00
2.515800000000000125e+02,3.065288534390132824e+00
2.515999999999999943e+02,3.363833332427358602e+00
2.516200000000000045e+02,3.734807369166664781e+00
2.516400000000000148e+02,4.185533813849989571e+00
2.516599999999999966e+02,4.725245904059836910e+00
2.516800000000000068e+02,5.364408319852964624e+00
2.517000000000000171e+02,6.113854661683927993e+00
2.517199999999999989e+02,6.983406648555841478e+00
2.517400000000000091e+02,7.979607970517773374e+00
2.517600000000000193e+02,9.102150613034158511e+00
2.517800000000000011e+02,1.033859012982342840e+01
2.518000000000000114e+02,1.165717807016605967e+01
2.518199999999999932e+02,1.299837021190283082e+01
2.518400000000000034e+02,1.426711658680363115e+01
2.518600000000000136e+02,1.533051132549886653e+01
2.518799999999999955e+02,1.602791673213444668e+01
2.519000000000000057e+02,1.620050993961957175e+01
2.519200000000000159e+02,1.574004506610986631e+01
2.519399999999999977e+02,1.464108356801075850e+01
2.519600000000000080e+02,1.302609204941788335e+01
2.519800000000000182e+02,1.111759505365417766e+01
2.520000000000000000e+02,9.164101315367055633e+00
2.520200000000000102e+02,7.362260167865817273e+00
2.520399999999999920e+02,5.818757568679397529e+00
2.520600000000000023e+02,4.559930636049001507e+00
2.520800000000000125e+02,3.564472559387853678e+00
2.520999999999999943e+02,2.792921605322755685e+00
2.521200000000000045e+02,2.204351597856229805e+00
2.521400000000000148e+02,1.762961774064605525e+00
2.521599999999999966e+02,1.439688672777622358e+00
2.521800000000000068e+02,1.212097977365046875e+00
2.522000000000000171e+02,1.063880530754369058e+00
2.522199999999999989e+02,9.841026046908785130e-01
2.522400000000000091e+02,9.656798985264900548e-01
2.522600000000000193e+02,1.002803226047716434e+00
2.522800000000000011e+02,1.088848288566070410e+00
2.523000000000000114e+02,1.216931678790420523e+00
2.523199999999999932e+02,1.382256140193679039e+00
2.523400000000000034e+02,1.583653242127150751e+00
2.523600000000000136e+02,1.823642920496956421e+00
2.523799999999999955e+02,2.107844808890315225e+00
2.524000000000000057e+02,2.444436682659311799e+00
2.524200000000000159e+02,2.843863643724013901e+00
2.524399999999999977e+02,3.318750509935852300e+00
2.524600000000000080e+02,3.883896059597469197e+00
2.524800000000000182e+02,4.556194336402386469e+00
2.525000000000000000e+02,5.354288775194260275e+00
2.525200000000000102e+02,6.297654980773097044e+00
2.525399999999999920e+02,7.404665021245648404e+00
2.525600000000000023e+02,8.688948735635218412e+00
2.525800000000000125e+02,1.015312740354321441e+01
2.525999999999999943e+02,1.177887795052461684e+01
2.526200000000000045e+02,1.351272348426480363e+01
2.526400000000000148e+02,1.524874885282370585e+01
2.526599999999999966e+02,1.681373648118982800e+01
2.526800000000000068e+02,1.796732147907563970e+01
2.527000000000000171e+02,1.843612156946079139e+01
2.527199999999999989e+02,1.799545966758216764e+01
2.527400000000000091e+02,1.658169939971721263e+01
2.527600000000000193e+02,1.437023744963014593e+01
2.527800000000000011e+02,1.174062099273486304e+01
2.528000000000000114e+02,9.122437835924996463e+00
2.528199999999999932e+02,6.824909202193180313e+00
2.528400000000000034e+02,4.969301890981026482e+00
2.528600000000000136e+02,3.537135884074949832e+00
2.528799999999999955e+02,2.453365087861568039e+00
2.529000000000000057e+02,1.639455894049329121e+00
2.529200000000000159e+02,1.030854125760737094e+00
2.529399999999999977e+02,5.773512068249263551e-01
2.529600000000000080e+02,2.390574546473339668e-01
2.529800000000000182e+02,-1.745008834036392009e-02
2.530000000000000000e+02,-2.207797763509310174e-01
2.530200000000000102e+02,-3.931272097172421320e-01
2.530399999999999920e+02,-5.484019160221670353e-01
2.530600000000000023e+02,-6.941344471190830090e-01
2.530800000000000125e+02,-8.354302223606099309e-01
2.530999999999999943e+02,-9.774302382107900034e-01
2.531200000000000045e+02,-1.125910810219248770e+00
2.531400000000000148e+02,-1.287134412629694635e+00
2.531599999999999966e+02,-1.467658981111392924e+00
2.531800000000000068e+02,-1.674294274186595377e+00
2.532000000000000171e+02,-1.914171969875491541e+00
2.532199999999999989e+02,-2.194848011845504487e+00
2.532400000000000091e+02,-2.524349116588007647e+00
2.532600000000000193e+02,-2.911074846866440247e+00
2.532800000000000011e+02,-3.363433861200945785e+00
2.533000000000000114e+02,-3.889055632885637159e+00
2.533199999999999932e+02,-4.493354048854675931e+00
2.533400000000000034e+02,-5.177181706073117340e+00
2.533600000000000136e+02,-5.933357959235943113e+00
2.533799999999999955e+02,-6.742128659572126814e+00
2.534000000000000057e+02,-7.566324256399857617e+00
2.534200000000000159e+02,-8.348265127433831978e+00
2.534399999999999977e+02,-9.011986760032513644e+00
2.534600000000000080e+02,-9.474715166750483419e+00
2.534800000000000182e+02,-9.668326553000103019e+00
2.535000000000000000e+02,-9.563832264985919096e+00
2.535200000000000102e+02,-9.184445122805005468e+00
2.535399999999999920e+02,-8.595220812429785084e+00
2.535600000000000023e+02,-7.873327892837913566e+00
2.535800000000000125e+02,-7.079993455606469865e+00
2.535999999999999943e+02,-6.253278535550340855e+00
2.536200000000000045e+02,-5.419230603305240201e+00
2.536400000000000148e+02,-4.603583252245669222e+00
2.536599999999999966e+02,-3.833571581338689249e+00
2.536800000000000068e+02,-3.133278687821890340e+00
2.537000000000000171e+02,-2.519279101080176275e+00
2.537199999999999989e+02,-1.999416815671216430e+00
2.537400000000000091e+02,-1.574191302013334681e+00
2.537600000000000193e+02,-1.239340037134633477e+00
2.537800000000000011e+02,-9.885009548418263181e-01
2.538000000000000114e+02,-8.150768168841699968e-01
2.538199999999999932e+02,-7.122667100440863708e-01
2.538400000000000034e+02,-6.710369880943710674e-01
2.538600000000000136e+02,-6.791369540127093485e-01
2.538799999999999955e+02,-7.242956111772965722e-01
2.539000000000000057e+02,-7.982223337372719163e-01
2.539200000000000159e+02,-8.975337959782696551e-01
2.539399999999999977e+02,-1.022626996420667123e+00
2.539600000000000080e+02,-1.176453326520352949e+00
2.539800000000000182e+02,-1.363828185978575025e+00
2.540000000000000000e+02,-1.591206744385981420e+00
2.540200000000000102e+02,-1.866752020670382706e+00
2.540399999999999920e+02,-2.200576851582157989e+00
2.540600000000000023e+02,-2.605096445472605104e+00
2.540800000000000125e+02,-3.095456614741262769e+00
2.540999999999999943e+02,-3.690006048657120452e+00
2.541200000000000045e+02,-4.410761073252701614e+00
2.541400000000000148e+02,-5.283761402655891004e+00
2.541599999999999966e+02,-6.339120031052387638e+00
2.541800000000000068e+02,-7.610403400649982331e+00
2.542000000000000171e+02,-9.132694742767444751e+00
2.542199999999999989e+02,-1.093825914885084138e+01
2.542400000000000091e+02,-1.304812665907285307e+01
2.542600000000000193e+02,-1.545730587725934413e+01
2.542800000000000011e+02,-1.811132176121632043e+01
2.543000000000000114e+02,-2.087387945053319882e+01
2.543199999999999932e+02,-2.349249318330942415e+01
2.543400000000000034e+02,-2.558356498532507217e+01
2.543600000000000136e+02,-2.667659723238375946e+01
2.543799999999999955e+02,-2.635626221678652570e+01
2.544000000000000057e+02,-2.448219038980729678e+01
2.544200000000000159e+02,-2.135277081725753945e+01
2.544399999999999977e+02,-1.763352009725982938e+01
2.544600000000000080e+02,-1.403508713831731569e+01
2.544800000000000182e+02,-1.098531629749589911e+01
2.545000000000000000e+02,-8.560534051473156936e+00
2.545200000000000102e+02,-6.653980378680181218e+00
2.545399999999999920e+02,-5.148113317136860267e+00
2.545600000000000023e+02,-3.970467898197823864e+00
2.545800000000000125e+02,-3.078058704718064309e+00
2.545999999999999943e+02,-2.432022558773020648e+00
2.546200000000000045e+02,-1.986281737403091219e+00
2.546400000000000148e+02,-1.692202650489308402e+00
2.546599999999999966e+02,-1.508861920932239142e+00
2.546800000000000068e+02,-1.407648569314726039e+00
2.547000000000000171e+02,-1.370454472087904163e+00
2.547199999999999989e+02,-1.386110013849619849e+00
2.547400000000000091e+02,-1.447673561289757327e+00
2.547600000000000193e+02,-1.550816563188897490e+00
2.547800000000000011e+02,-1.692860882680745416e+00
2.548000000000000114e+02,-1.872081521410750460e+00
2.548199999999999932e+02,-2.087034396495950794e+00
2.548400000000000034e+02,-2.335756637468684893e+00
2.548600000000000136e+02,-2.614731696924713411e+00
2.548799999999999955e+02,-2.917544624040160350e+00
2.549000000000000057e+02,-3.233224224938198166e+00
2.549200000000000159e+02,-3.544423791956796688e+00
2.549399999999999977e+02,-3.825876518842443730e+00
2.549600000000000080e+02,-4.043989197055688933e+00
2.549800000000000182e+02,-4.158877039278354282e+00
2.550000000000000000e+02,-4.130211693235143144e+00
2.550200000000000102e+02,-3.927316288673551981e+00
2.550399999999999920e+02,-3.541549296958983906e+00
2.550600000000000023e+02,-2.995906256042475846e+00
2.550800000000000125e+02,-2.345470313559594011e+00
2.550999999999999943e+02,-1.665638168247426831e+00
2.551200000000000045e+02,-1.032189597164407502e+00
2.551400000000000148e+02,-5.026825068310440958e-01
2.551599999999999966e+02,-1.071717031953786925e-01
2.551800000000000068e+02,1.504880027991058467e-01
2.552000000000000171e+02,2.850063085371209448e-01
2.552199999999999989e+02,3.207365411273138678e-01
2.552400000000000091e+02,2.844168836665217359e-01
2.552600000000000193e+02,2.004013474983395715e-01
2.552800000000000011e+02,8.809678190435163425e-02
2.553000000000000114e+02,-3.897393143189644554e-02
2.553199999999999932e+02,-1.729267830047754306e-01
2.553400000000000034e+02,-3.103886755715776768e-01
2.553600000000000136e+02,-4.509465999660405289e-01
2.553799999999999955e+02,-5.958319021634685964e-01
2.554000000000000057e+02,-7.472172434810615549e-01
2.554200000000000159e+02,-9.079795928121104920e-01
2.554399999999999977e+02,-1.081602441467560238e+00
2.554600000000000080e+02,-1.272034623575540202e+00
2.554800000000000182e+02,-1.483466849776212237e+00
2.555000000000000000e+02,-1.720015788126802780e+00
2.555200000000000102e+02,-1.985272968998224696e+00
2.555399999999999920e+02,-2.281632225690554794e+00
2.555600000000000023e+02,-2.609279198787587628e+00
2.555800000000000125e+02,-2.964715131427643868e+00
2.555999999999999943e+02,-3.338738848639249301e+00
2.556200000000000045e+02,-3.713963682160102309e+00
2.556400000000000148e+02,-4.062318221377621441e+00
2.556599999999999966e+02,-4.343612682863221330e+00
2.556800000000000068e+02,-4.507077389330334860e+00
2.557000000000000171e+02,-4.498268539958763412e+00
2.557199999999999989e+02,-4.272786381712929682e+00
2.557400000000000091e+02,-3.814701211578172213e+00
2.557600000000000193e+02,-3.152071913092558297e+00
2.557800000000000011e+02,-2.358780943259605856e+00
2.558000000000000114e+02,-1.536872020691967489e+00
2.558199999999999932e+02,-7.861540079966918837e-01
2.558400000000000034e+02,-1.773614180640991911e-01
2.558600000000000136e+02,2.585367370958707167e-01
2.558799999999999955e+02,5.249993122567933046e-01
2.559000000000000057e+02,6.471229528879439696e-01
2.559200000000000159e+02,6.591812456044346957e-01
2.559399999999999977e+02,5.957808197602789679e-01
2.559600000000000080e+02,4.868524165805374060e-01
2.559800000000000182e+02,3.555386267188308524e-01
2.560000000000000000e+02,2.178181795701187029e-01
2.560199999999999818e+02,8.296026196686091814e-02
2.560400000000000205e+02,-4.550563031755923415e-02
2.560600000000000023e+02,-1.681480509198428341e-01
2.560799999999999841e+02,-2.875654249889580405e-01
2.561000000000000227e+02,-4.068727998135827639e-01
2.561200000000000045e+02,-5.292729380006233608e-01
2.561399999999999864e+02,-6.582289636981788483e-01
2.561600000000000250e+02,-7.976496188074466698e-01
2.561800000000000068e+02,-9.519267709250600618e-01
2.561999999999999886e+02,-1.125886609374607605e+00
2.562200000000000273e+02,-1.324705881077345770e+00
2.562400000000000091e+02,-1.553777796382151299e+00
2.562599999999999909e+02,-1.818466600386807963e+00
2.562800000000000296e+02,-2.123635266590338855e+00
2.563000000000000114e+02,-2.472796106804161731e+00
2.563199999999999932e+02,-2.866671307007449432e+00
2.563400000000000318e+02,-3.300921565408811542e+00
2.563600000000000136e+02,-3.762844525037150500e+00
2.563799999999999955e+02,-4.227110380897592279e+00
2.563999999999999773e+02,-4.651306027830101719e+00
2.564200000000000159e+02,-4.973412782473477733e+00
2.564399999999999977e+02,-5.115165324284173032e+00
2.564599999999999795e+02,-4.996206349509987987e+00
2.564800000000000182e+02,-4.561119781698720566e+00
2.565000000000000000e+02,-3.812191536138104908e+00
2.565199999999999818e+02,-2.828751394377927664e+00
2.565400000000000205e+02,-1.752708587461834444e+00
2.565600000000000023e+02,-7.404676005108744574e-01
2.565799999999999841e+02,9.021773280883557677e-02
2.566000000000000227e+02,6.859800478755143649e-01
2.566200000000000045e+02,1.050221515391886795e+00
2.566399999999999864e+02,1.220197632030917578e+00
2.566600000000000250e+02,1.245993665724713484e+00
2.566800000000000068e+02,1.176863141248090994e+00
2.566999999999999886e+02,1.054122111045673105e+00
2.567200000000000273e+02,9.087035912567178464e-01
2.567400000000000091e+02,7.615742078012516236e-01
2.567599999999999909e+02,6.255225826274496415e-01
2.567800000000000296e+02,5.073135939985409237e-01
2.568000000000000114e+02,4.096821872289950206e-01
2.568199999999999932e+02,3.329771531610000723e-01
2.568400000000000318e+02,2.764431063796059518e-01
2.568600000000000136e+02,2.391526883677336790e-01
2.568799999999999955e+02,2.204191787096624333e-01
2.568999999999999773e+02,2.193151633885009610e-01
2.569200000000000159e+02,2.337116028341589546e-01
2.569399999999999977e+02,2.605722468257663516e-01
2.569599999999999795e+02,2.975265334910005555e-01
2.569800000000000182e+02,3.437766546529105738e-01
2.570000000000000000e+02,3.999532208072351103e-01
2.570199999999999818e+02,4.677012272921766689e-01
2.570400000000000205e+02,5.494205254808682826e-01
2.570600000000000023e+02,6.481962355399862874e-01
2.570799999999999841e+02,7.678583915656448378e-01
2.571000000000000227e+02,9.131234655391180510e-01
2.571200000000000045e+02,1.089795684915251250e+00
2.571399999999999864e+02,1.305022676157215455e+00
2.571600000000000250e+02,1.567608185595461112e+00
2.571800000000000068e+02,1.888387268471398706e+00
2.571999999999999886e+02,2.280667094117451388e+00
2.572200000000000273e+02,2.760727884019341882e+00
2.572400000000000091e+02,3.348358951171473308e+00
2.572599999999999909e+02,4.067365259228541419e+00
2.572800000000000296e+02,4.945904029549868852e+00
2.573000000000000114e+02,6.016370911079953920e+00
2.573199999999999932e+02,7.314308394835387972e+00
2.573400000000000318e+02,8.875395339080089485e+00
2.573600000000000136e+02,1.072895407626772268e+01
2.573799999999999955e+02,1.288563158949689402e+01
2.573999999999999773e+02,1.531642217218831270e+01
2.574200000000000159e+02,1.792135804632076557e+01
2.574399999999999977e+02,2.049200189228750446e+01
2.574599999999999795e+02,2.268628281136454561e+01
2.574800000000000182e+02,2.405595271048662909e+01
2.575000000000000000e+02,2.417456205502051603e+01
2.575199999999999818e+02,2.286068070412853714e+01
2.575400000000000205e+02,2.036475024460941441e+01
2.575600000000000023e+02,1.731620399890711326e+01
2.575799999999999841e+02,1.439022377159669119e+01
2.576000000000000227e+02,1.195404769218660590e+01
2.576200000000000045e+02,1.001398129018325633e+01
2.576399999999999864e+02,8.440659685682824431e+00
2.576600000000000250e+02,7.156916362247955909e+00
2.576800000000000068e+02,6.154285316579573895e+00
2.576999999999999886e+02,5.437520981732308023e+00
2.577200000000000273e+02,4.986313071076692083e+00
2.577400000000000091e+02,4.754155795890648406e+00
2.577599999999999909e+02,4.688401140419427016e+00
2.577800000000000296e+02,4.747335706384233411e+00
2.578000000000000114e+02,4.904850145867836630e+00
2.578199999999999932e+02,5.147436304206280511e+00
2.578400000000000318e+02,5.469568093808728548e+00
2.578600000000000136e+02,5.869979179214194431e+00
2.578799999999999955e+02,6.349088388013150563e+00
2.578999999999999773e+02,6.907143716056525662e+00
2.579200000000000159e+02,7.542616785596816698e+00
2.579399999999999977e+02,8.250499575238986694e+00
2.579599999999999795e+02,9.020300993959265767e+00
2.579800000000000182e+02,9.833716880811003591e+00
2.580000000000000000e+02,1.066219145322451389e+01
2.580199999999999818e+02,1.146494093991664975e+01
2.580400000000000205e+02,1.218844652991869282e+01
2.580600000000000023e+02,1.276880567613311612e+01
2.580799999999999841e+02,1.313831754905559279e+01
2.581000000000000227e+02,1.323678741148212978e+01
2.581200000000000045e+02,1.302597606594341606e+01
2.581399999999999864e+02,1.250290279997813059e+01
2.581600000000000250e+02,1.170604968454145123e+01
2.581800000000000068e+02,1.071002304597820043e+01
2.581999999999999886e+02,9.609287153320432040e+00
2.582200000000000273e+02,8.497327793477834845e+00
2.582400000000000091e+02,7.449706770241204978e+00
2.582599999999999909e+02,6.516323387117743060e+00
2.582800000000000296e+02,5.722662701259850770e+00
2.583000000000000114e+02,5.076116951376522302e+00
2.583199999999999932e+02,4.573207111812268799e+00
2.583400000000000318e+02,4.205281671882996619e+00
2.583600000000000136e+02,3.962045150355293810e+00
2.583799999999999955e+02,3.833252880293850140e+00
2.583999999999999773e+02,3.809264696948210904e+00
2.584200000000000159e+02,3.881193045945221520e+00
2.584399999999999977e+02,4.041179139648282792e+00
2.584599999999999795e+02,4.282920564127947749e+00
2.584800000000000182e+02,4.602203114473931045e+00
2.585000000000000000e+02,4.997117187869412724e+00
2.585199999999999818e+02,5.467804463495007816e+00
2.585400000000000205e+02,6.015748532013596162e+00
2.585600000000000023e+02,6.642666930024736516e+00
2.585799999999999841e+02,7.349013586891124383e+00
2.586000000000000227e+02,8.132038334485823583e+00
2.586200000000000045e+02,8.983334006702440533e+00
2.586399999999999864e+02,9.885876692334443661e+00
2.586600000000000250e+02,1.081077875673459943e+01
2.586800000000000068e+02,1.171437549666396016e+01
2.586999999999999886e+02,1.253685072530369560e+01
2.587200000000000273e+02,1.320421915342353181e+01
2.587400000000000091e+02,1.363567766117744107e+01
2.587599999999999909e+02,1.375739021622276148e+01
2.587800000000000296e+02,1.352107341899672122e+01
2.588000000000000114e+02,1.292181036445063214e+01
2.588199999999999932e+02,1.200675085220287031e+01
2.588400000000000318e+02,1.086815442292291323e+01
2.588600000000000136e+02,9.621516671820064204e+00
2.588799999999999955e+02,8.377991548680835621e+00
2.588999999999999773e+02,7.223153068968584556e+00
2.589200000000000159e+02,6.208975047442320871e+00
2.589399999999999977e+02,5.357633091020788108e+00
2.589599999999999795e+02,4.670961267275188789e+00
2.589800000000000182e+02,4.139913137954125411e+00
2.590000000000000000e+02,3.751339366895503957e+00
2.590199999999999818e+02,3.491787369359844462e+00
2.590400000000000205e+02,3.349026760895077892e+00
2.590600000000000023e+02,3.312208671675879401e+00
2.590799999999999841e+02,3.371574993939661091e+00
2.591000000000000227e+02,3.518468392313217397e+00
2.591200000000000045e+02,3.745884683525254832e+00
2.591399999999999864e+02,4.049227112072625978e+00
2.591600000000000250e+02,4.426758534143877100e+00
2.591800000000000068e+02,4.879507574683104920e+00
2.591999999999999886e+02,5.410669370188086802e+00
2.592200000000000273e+02,6.024618318476681722e+00
2.592400000000000091e+02,6.725570859575753069e+00
2.592599999999999909e+02,7.515822296648829060e+00
2.592800000000000296e+02,8.393405972415877159e+00
2.593000000000000114e+02,9.349023188112195015e+00
2.593199999999999932e+02,1.036221650503575908e+01
2.593400000000000318e+02,1.139708194753113979e+01
2.593600000000000136e+02,1.239842706634547653e+01
2.593799999999999955e+02,1.329018502213877895e+01
2.593999999999999773e+02,1.397882764686647050e+01
2.594200000000000159e+02,1.436470810185340952e+01
2.594399999999999977e+02,1.436246024658602849e+01
2.594599999999999795e+02,1.392692819960263684e+01
2.594800000000000182e+02,1.307496907435620237e+01
2.595000000000000000e+02,1.189059699220945276e+01
2.595199999999999818e+02,1.050655948159160502e+01
2.595400000000000205e+02,9.068612816762538387e+00
2.595600000000000023e+02,7.699689856561652945e+00
2.595799999999999841e+02,6.479852509807359162e+00
2.596000000000000227e+02,5.445889894387534902e+00
2.596200000000000045e+02,4.603142233063947764e+00
2.596399999999999864e+02,3.939647402281372113e+00
2.596600000000000250e+02,3.436873535164101767e+00
2.596800000000000068e+02,3.075946797726892612e+00
2.596999999999999886e+02,2.840412439657566068e+00
2.597200000000000273e+02,2.716769261139107883e+00
2.597400000000000091e+02,2.693758311616657242e+00
2.597599999999999909e+02,2.761400250850794880e+00
2.597800000000000296e+02,2.910739026525433371e+00
2.598000000000000114e+02,3.134565939116661148e+00
2.598199999999999932e+02,3.428498638560020240e+00
2.598400000000000318e+02,3.791626879980404929e+00
2.598600000000000136e+02,4.226459637163075378e+00
2.598799999999999955e+02,4.738345355713708074e+00
2.598999999999999773e+02,5.334588738182382883e+00
2.599200000000000159e+02,6.023331157241202050e+00
2.599399999999999977e+02,6.812090857129211585e+00
2.599599999999999795e+02,7.705738245854742985e+00
2.599800000000000182e+02,8.703615619587578678e+00
2.600000000000000000e+02,9.795528858263983452e+00
2.600199999999999818e+02,1.095651712310622905e+01
2.600400000000000205e+02,1.214079452776786994e+01
2.600600000000000023e+02,1.327623383448045580e+01
2.600799999999999841e+02,1.426226912062642782e+01
2.601000000000000227e+02,1.497566743638439135e+01
2.601200000000000045e+02,1.528880136448025340e+01
2.601399999999999864e+02,1.510148032041674604e+01
2.601600000000000250e+02,1.437877699452837987e+01
2.601800000000000068e+02,1.317721712156095215e+01
2.601999999999999886e+02,1.164004368153765512e+01
2.602200000000000273e+02,9.956953977654503518e+00
2.602400000000000091e+02,8.307373246227976793e+00
2.602599999999999909e+02,6.817611192892925942e+00
2.602800000000000296e+02,5.549350550875759680e+00
2.603000000000000114e+02,4.513657841394825176e+00
2.603199999999999932e+02,3.693185218659322810e+00
2.603400000000000318e+02,3.059923251091569263e+00
2.603600000000000136e+02,2.585314295965255749e+00
2.603799999999999955e+02,2.244711566917999335e+00
2.603999999999999773e+02,2.018749478136614872e+00
2.604200000000000159e+02,1.893057518289523067e+00
2.604399999999999977e+02,1.856833045527951143e+00
2.604599999999999795e+02,1.900865843576471592e+00
2.604800000000000182e+02,2.016323829260011191e+00
2.605000000000000000e+02,2.195309427692149651e+00
2.605199999999999818e+02,2.432500525682808945e+00
2.605400000000000205e+02,2.726378184848207376e+00
2.605600000000000023e+02,3.079438540051948170e+00
2.605799999999999841e+02,3.497729568883890305e+00
2.606000000000000227e+02,3.990183066403441448e+00
2.606200000000000045e+02,4.567945461002105745e+00
2.606399999999999864e+02,5.243665001779574730e+00
2.606600000000000250e+02,6.030540422177143256e+00
2.606800000000000068e+02,6.940835103050566168e+00
2.606999999999999886e+02,7.983454486836974340e+00
2.607200000000000273e+02,9.160097479280187471e+00
2.607400000000000091e+02,1.045946993193586394e+01
2.607599999999999909e+02,1.184928511132731543e+01
2.607800000000000296e+02,1.326656935882101784e+01
2.608000000000000114e+02,1.460858096022056785e+01
2.608199999999999932e+02,1.572961302049835730e+01
2.608400000000000318e+02,1.645213746187405945e+01
2.608600000000000136e+02,1.660077596811268208e+01
2.608799999999999955e+02,1.605898870970563053e+01
2.608999999999999773e+02,1.482924893738578120e+01
2.609200000000000159e+02,1.305943328676921666e+01
2.609399999999999977e+02,1.100543279654016260e+01
2.609599999999999795e+02,8.941585781554971746e+00
2.609800000000000182e+02,7.072889571851639801e+00
2.610000000000000000e+02,5.498981424256744965e+00
2.610199999999999818e+02,4.233027690497276119e+00
2.610400000000000205e+02,3.242042691581566327e+00
2.610600000000000023e+02,2.478859897582100569e+00
2.610799999999999841e+02,1.898081252847295008e+00
2.611000000000000227e+02,1.461225723031897239e+00
2.611200000000000045e+02,1.137239258886573845e+00
2.611399999999999864e+02,9.016937194981256010e-01
2.611600000000000250e+02,7.359064087023651224e-01
2.611800000000000068e+02,6.263024459334113336e-01
2.611999999999999886e+02,5.639543014794409226e-01
2.612200000000000273e+02,5.437833123925616130e-01
2.612400000000000091e+02,5.625473037951950195e-01
2.612599999999999909e+02,6.161290330967489348e-01
2.612800000000000296e+02,6.990440663364592133e-01
2.613000000000000114e+02,8.067387878068041918e-01
2.613199999999999932e+02,9.375285971169793342e-01
2.613400000000000318e+02,1.092788537674594496e+00
2.613600000000000136e+02,1.276357077802436679e+00
2.613799999999999955e+02,1.494014441979687469e+00
2.613999999999999773e+02,1.753257573474531705e+00
2.614200000000000159e+02,2.063323702838252061e+00
2.614399999999999977e+02,2.435373224269107517e+00
2.614599999999999795e+02,2.882758797276758767e+00
2.614800000000000182e+02,3.421309065891994905e+00
2.615000000000000000e+02,4.069537827800490781e+00
2.615199999999999818e+02,4.848631335037695500e+00
2.615400000000000205e+02,5.781955048046689249e+00
2.615600000000000023e+02,6.893644070795512668e+00
2.615799999999999841e+02,8.205548056848593674e+00
2.616000000000000227e+02,9.731427301657507911e+00
2.616200000000000045e+02,1.146689787220661216e+01
2.616399999999999864e+02,1.337359337100528478e+01
2.616600000000000250e+02,1.535724154143020037e+01
2.616800000000000068e+02,1.724356099036318213e+01
2.616999999999999886e+02,1.876488777826343934e+01
2.617200000000000273e+02,1.958269476184132429e+01
2.617400000000000091e+02,1.937452030353546917e+01
2.617599999999999909e+02,1.798371259471889516e+01
2.617800000000000296e+02,1.555793238940541201e+01
2.618000000000000114e+02,1.254912798326100365e+01
2.618199999999999932e+02,9.521437994575583375e+00
2.618400000000000318e+02,6.894169565743960781e+00
2.618600000000000136e+02,4.822067532196241402e+00
2.618799999999999955e+02,3.263543193487708827e+00
2.618999999999999773e+02,2.108772940916841421e+00
2.619200000000000159e+02,1.254358105076853080e+00
2.619399999999999977e+02,6.202414498668569198e-01
2.619599999999999795e+02,1.443413507652724637e-01
2.619800000000000182e+02,-2.238588527062442546e-01
2.620000000000000000e+02,-5.242143677723956063e-01
2.620199999999999818e+02,-7.836474057636915180e-01
2.620400000000000205e+02,-1.017326153231101094e+00
2.620600000000000023e+02,-1.234108536165730907e+00
2.620799999999999841e+02,-1.441387614803570694e+00
2.621000000000000227e+02,-1.647047752253454123e+00
2.621200000000000045e+02,-1.859563924089747688e+00
2.621399999999999864e+02,-2.087581336625403239e+00
2.621600000000000250e+02,-2.339569965743476310e+00
2.621800000000000068e+02,-2.623644608124755973e+00
2.621999999999999886e+02,-2.947454687990508582e+00
2.622200000000000273e+02,-3.318001970920086752e+00
2.622400000000000091e+02,-3.741250199841557489e+00
2.622599999999999909e+02,-4.221382843787862882e+00
2.622800000000000296e+02,-4.759581507192576666e+00
2.623000000000000114e+02,-5.352225965773429905e+00
2.623199999999999932e+02,-5.988537336849325321e+00
2.623400000000000318e+02,-6.647955014654637118e+00
2.623600000000000136e+02,-7.298015872817441796e+00
2.623799999999999955e+02,-7.894123897852472815e+00
2.623999999999999773e+02,-8.383004926294816528e+00
2.624200000000000159e+02,-8.711104165528668730e+00
2.624399999999999977e+02,-8.837002730662478100e+00
2.624599999999999795e+02,-8.743530908479394625e+00
2.624800000000000182e+02,-8.443144136558919044e+00
2.625000000000000000e+02,-7.972495068497721604e+00
2.625199999999999818e+02,-7.378888276787673561e+00
2.625400000000000205e+02,-6.707049706924838262e+00
2.625600000000000023e+02,-5.993367882329165397e+00
2.625799999999999841e+02,-5.267506633523892035e+00
2.626000000000000227e+02,-4.555933356852914784e+00
2.626200000000000045e+02,-3.883152731501799071e+00
2.626399999999999864e+02,-3.270589107335044154e+00
2.626600000000000250e+02,-2.735012508137296017e+00
2.626800000000000068e+02,-2.287668857661955713e+00
2.626999999999999886e+02,-1.933965306375066584e+00
2.627200000000000273e+02,-1.673193215047041882e+00
2.627400000000000091e+02,-1.498608754550526445e+00
2.627599999999999909e+02,-1.399005900082485709e+00
2.627800000000000296e+02,-1.361882728363644990e+00
2.628000000000000114e+02,-1.376503688108159151e+00
2.628199999999999932e+02,-1.435409249936252740e+00
2.628400000000000318e+02,-1.534506762330647200e+00
2.628600000000000136e+02,-1.672558301115783186e+00
2.628799999999999955e+02,-1.850615705049865944e+00
2.628999999999999773e+02,-2.071577733481493322e+00
2.629200000000000159e+02,-2.339855386291780803e+00
2.629399999999999977e+02,-2.661064334826574118e+00
2.629599999999999795e+02,-3.041642535767392186e+00
2.629800000000000182e+02,-3.488259070440079324e+00
2.630000000000000000e+02,-4.006844511784934504e+00
2.630199999999999818e+02,-4.601028492040937223e+00
2.630400000000000205e+02,-5.269751723173184743e+00
2.630600000000000023e+02,-6.003900496542262211e+00
2.630799999999999841e+02,-6.782117102997875513e+00
2.631000000000000227e+02,-7.566641437414297400e+00
2.631200000000000045e+02,-8.301195174297712143e+00
2.631399999999999864e+02,-8.914116165817047133e+00
2.631600000000000250e+02,-9.329857561560592316e+00
2.631800000000000068e+02,-9.488662294452431922e+00
2.631999999999999886e+02,-9.367493757229025775e+00
2.632200000000000273e+02,-8.989742887211614075e+00
2.632400000000000091e+02,-8.414669682233457237e+00
2.632599999999999909e+02,-7.711558106291617420e+00
2.632800000000000296e+02,-6.936550432313393522e+00
2.633000000000000114e+02,-6.126889492295924278e+00
2.633199999999999932e+02,-5.309603723488065974e+00
2.633400000000000318e+02,-4.510447282262878055e+00
2.633600000000000136e+02,-3.755157206471643416e+00
2.633799999999999955e+02,-3.065694392026777404e+00
2.633999999999999773e+02,-2.456727937786101545e+00
2.634200000000000159e+02,-1.934644983933980322e+00
2.634399999999999977e+02,-1.498698565125831772e+00
2.634599999999999795e+02,-1.143143983003657826e+00
2.634800000000000182e+02,-8.594905484651810257e-01
2.635000000000000000e+02,-6.384477360446537686e-01
2.635199999999999818e+02,-4.714141108692213034e-01
2.635400000000000205e+02,-3.512974445651720345e-01
2.635600000000000023e+02,-2.720627712944424514e-01
2.635799999999999841e+02,-2.268162954445328561e-01
2.636000000000000227e+02,-2.069585161580138888e-01
2.636200000000000045e+02,-2.045046910248713989e-01
2.636399999999999864e+02,-2.142262794268660342e-01
2.636600000000000250e+02,-2.335058407356787602e-01
2.636800000000000068e+02,-2.614114484398909477e-01
2.636999999999999886e+02,-2.980401062605282370e-01
2.637200000000000273e+02,-3.441949936458922887e-01
2.637400000000000091e+02,-4.012594210101970704e-01
2.637599999999999909e+02,-4.711757860828809097e-01
2.637800000000000296e+02,-5.564858940552329658e-01
2.638000000000000114e+02,-6.604152571898966873e-01
2.638199999999999932e+02,-7.869927386127877345e-01
2.638400000000000318e+02,-9.412050116389577559e-01
2.638600000000000136e+02,-1.129181220411161313e+00
2.638799999999999955e+02,-1.358402910211517600e+00
2.638999999999999773e+02,-1.637921886382239123e+00
2.639200000000000159e+02,-1.978549490368819219e+00
2.639399999999999977e+02,-2.392943025702488846e+00
2.639599999999999795e+02,-2.895446691255646243e+00
2.639800000000000182e+02,-3.501429199057118247e+00
2.640000000000000000e+02,-4.225680410181660740e+00
2.640199999999999818e+02,-5.079182381163030335e+00
2.640400000000000205e+02,-6.063340084216717329e+00
2.640600000000000023e+02,-7.160824786394555552e+00
2.640799999999999841e+02,-8.323254923285752227e+00
2.641000000000000227e+02,-9.459156629206921352e+00
2.641200000000000045e+02,-1.043159560585620405e+01
2.641399999999999864e+02,-1.108030007449406895e+01
2.641600000000000250e+02,-1.127736149116333841e+01
2.641800000000000068e+02,-1.099799269935695456e+01
2.641999999999999886e+02,-1.035319901975759826e+01
2.642200000000000273e+02,-9.536822590789395093e+00
2.642400000000000091e+02,-8.709563257105390477e+00
2.642599999999999909e+02,-7.924500653759858793e+00
2.642800000000000296e+02,-7.170813287515784396e+00
2.643000000000000114e+02,-6.459783874584180019e+00
2.643199999999999932e+02,-5.845665116865790267e+00
2.643400000000000318e+02,-5.391241461335247287e+00
2.643600000000000136e+02,-5.131227496814470435e+00
2.643799999999999955e+02,-5.059399980145780518e+00
2.643999999999999773e+02,-5.141962101399973228e+00
2.644200000000000159e+02,-5.341256193774388983e+00
2.644399999999999977e+02,-5.630929837303653152e+00
2.644599999999999795e+02,-5.998679778043674915e+00
2.644800000000000182e+02,-6.442769550418808500e+00
2.645000000000000000e+02,-6.967627506092492595e+00
2.645199999999999818e+02,-7.580425130632759689e+00
2.645400000000000205e+02,-8.288693463501992653e+00
2.645600000000000023e+02,-9.098494598111797060e+00
2.645799999999999841e+02,-1.001263521539999601e+01
2.646000000000000227e+02,-1.102851811525691517e+01
2.646200000000000045e+02,-1.213538209920284139e+01
2.646399999999999864e+02,-1.331089931357139200e+01
2.646600000000000250e+02,-1.451744770829025377e+01
2.646800000000000068e+02,-1.569891562145797437e+01
2.646999999999999886e+02,-1.677960823324950823e+01
2.647200000000000273e+02,-1.766747778180915063e+01
2.647400000000000091e+02,-1.826391354902719399e+01
2.647599999999999909e+02,-1.848086761110703691e+01
2.647800000000000296e+02,-1.826265633439894032e+01
2.648000000000000114e+02,-1.760535970329398481e+01
2.648199999999999932e+02,-1.656441868113060423e+01
2.648400000000000318e+02,-1.524430960599162255e+01
2.648600000000000136e+02,-1.377296155042504999e+01
2.648799999999999955e+02,-1.227218784236715088e+01
2.648999999999999773e+02,-1.083677017526557051e+01
2.649200000000000159e+02,-9.527981439334855196e+00
2.649399999999999977e+02,-8.378574453730896821e+00
2.649599999999999795e+02,-7.402241267963868943e+00
2.649800000000000182e+02,-6.602050374312306680e+00
2.650000000000000000e+02,-5.975782321407441700e+00
2.650199999999999818e+02,-5.518406041665882888e+00
2.650400000000000205e+02,-5.222737153686977329e+00
2.650600000000000023e+02,-5.079429991710117775e+00
2.650799999999999841e+02,-5.077338241688754472e+00
2.651000000000000227e+02,-5.204775304816587678e+00
2.651200000000000045e+02,-5.451370680337532804e+00
2.651399999999999864e+02,-5.809706513426407426e+00
2.651600000000000250e+02,-6.276120654186637893e+00
2.651800000000000068e+02,-6.850583838734383590e+00
2.651999999999999886e+02,-7.535864063608906704e+00
2.652200000000000273e+02,-8.336181395718307741e+00
2.652400000000000091e+02,-9.255399887486538191e+00
2.652599999999999909e+02,-1.029465254456139967e+01
2.652800000000000296e+02,-1.144921775736581004e+01
2.653000000000000114e+02,-1.270449946791745610e+01
2.653199999999999932e+02,-1.403116896171249905e+01
2.653400000000000318e+02,-1.537999719380401942e+01
2.653600000000000136e+02,-1.667772360227093742e+01
2.653799999999999955e+02,-1.782640095301886518e+01
2.653999999999999773e+02,-1.870956161355741543e+01
2.654200000000000159e+02,-1.920820146004405515e+01
2.654399999999999977e+02,-1.922657574315388018e+01
2.654599999999999795e+02,-1.872178469014826518e+01
2.654800000000000182e+02,-1.772478851590125259e+01
2.655000000000000000e+02,-1.633975810853138100e+01
2.655199999999999818e+02,-1.471787914684327703e+01
2.655400000000000205e+02,-1.301670294750966939e+01
2.655600000000000023e+02,-1.136483195783406863e+01
2.655799999999999841e+02,-9.846135698709021611e+00
2.656000000000000227e+02,-8.503488982446329558e+00
2.656200000000000045e+02,-7.352096813366844508e+00
2.656399999999999864e+02,-6.392578814589837677e+00
2.656600000000000250e+02,-5.619492986884505825e+00
2.656800000000000068e+02,-5.025415643721072634e+00
2.656999999999999886e+02,-4.602101290564352354e+00
2.657200000000000273e+02,-4.340083070304852519e+00
2.657400000000000091e+02,-4.227926103281524739e+00
2.657599999999999909e+02,-4.252364227718842926e+00
2.657800000000000296e+02,-4.399915646729945173e+00
2.658000000000000114e+02,-4.659299056354693214e+00
2.658199999999999932e+02,-5.023365755163883506e+00
2.658400000000000318e+02,-5.489844251512675299e+00
2.658600000000000136e+02,-6.061026896581418910e+00
2.658799999999999955e+02,-6.742828177389305289e+00
2.658999999999999773e+02,-7.543494721008576320e+00
2.659200000000000159e+02,-8.471986967519201883e+00
2.659399999999999977e+02,-9.535848757522835228e+00
2.659599999999999795e+02,-1.073825913065303439e+01
2.659800000000000182e+02,-1.207392228831912817e+01
2.660000000000000000e+02,-1.352355127390422496e+01
2.660199999999999818e+02,-1.504706172734867131e+01
2.660400000000000205e+02,-1.657640750300445376e+01
2.660600000000000023e+02,-1.801040783497569109e+01
2.660799999999999841e+02,-1.921575594422071021e+01
2.661000000000000227e+02,-2.003963590581808063e+01
2.661200000000000045e+02,-2.033782328316401689e+01
2.661399999999999864e+02,-2.001542387129925871e+01
2.661600000000000250e+02,-1.906628847524692461e+01
2.661800000000000068e+02,-1.758914770177880982e+01
2.661999999999999886e+02,-1.576483612376155286e+01
2.662200000000000273e+02,-1.380150052777562841e+01
2.662400000000000091e+02,-1.187672011769056368e+01
2.662599999999999909e+02,-1.010564147567664328e+01
2.662800000000000296e+02,-8.542323571471694521e+00
2.663000000000000114e+02,-7.199950230443892707e+00
2.663199999999999932e+02,-6.071875097268858212e+00
2.663400000000000318e+02,-5.144938241622581288e+00
2.663600000000000136e+02,-4.405470479523236449e+00
2.663799999999999955e+02,-3.841188295339977632e+00
2.663999999999999773e+02,-3.441135119475398074e+00
2.664200000000000159e+02,-3.194428428039147949e+00
2.664399999999999977e+02,-3.088503501186519173e+00
2.664599999999999795e+02,-3.108441181275419574e+00
2.664800000000000182e+02,-3.238689038158636624e+00
2.665000000000000000e+02,-3.466291868202846516e+00
2.665199999999999818e+02,-3.783440468059616091e+00
2.665400000000000205e+02,-4.188285873443460261e+00
2.665600000000000023e+02,-4.684469279416772380e+00
2.665799999999999841e+02,-5.280164218399208131e+00
2.666000000000000227e+02,-5.987064892663156890e+00
2.666200000000000045e+02,-6.819363588979141078e+00
2.666399999999999864e+02,-7.792521668982540284e+00
2.666600000000000250e+02,-8.921497824305845370e+00
2.666800000000000068e+02,-1.021797633610751355e+01
2.666999999999999886e+02,-1.168603929433860777e+01
2.667200000000000273e+02,-1.331569805633688119e+01
2.667400000000000091e+02,-1.507393110951820248e+01
2.667599999999999909e+02,-1.689368318933405888e+01
2.667800000000000296e+02,-1.866311556414853001e+01
2.668000000000000114e+02,-2.022049053529003260e+01
2.668199999999999932e+02,-2.136356713334954449e+01
2.668400000000000318e+02,-2.188301850556412020e+01
2.668600000000000136e+02,-2.162158262415570320e+01
2.668799999999999955e+02,-2.054162082174815396e+01
2.668999999999999773e+02,-1.876342305574329927e+01
2.669200000000000159e+02,-1.653900424446171158e+01
2.669399999999999977e+02,-1.416480048869355990e+01
2.669599999999999795e+02,-1.188409435706711825e+01
2.669800000000000182e+02,-9.836387368893495520e+00
2.670000000000000000e+02,-8.067528962677144477e+00
2.670199999999999818e+02,-6.569754509330190118e+00
2.670400000000000205e+02,-5.316402309384232083e+00
2.670600000000000023e+02,-4.279019826180454622e+00
2.670799999999999841e+02,-3.432034588324754942e+00
2.671000000000000227e+02,-2.752837748827229980e+00
2.671200000000000045e+02,-2.221462542734835122e+00
2.671399999999999864e+02,-1.820889233886337610e+00
2.671600000000000250e+02,-1.537533229831227644e+00
2.671800000000000068e+02,-1.360790291860978662e+00
2.671999999999999886e+02,-1.280619462454349211e+00
2.672200000000000273e+02,-1.284487723791167602e+00
2.672400000000000091e+02,-1.357616070973993949e+00
2.672599999999999909e+02,-1.487029318253280774e+00
2.672800000000000296e+02,-1.665003684256665784e+00
2.673000000000000114e+02,-1.889641420955810114e+00
2.673199999999999932e+02,-2.163871143825290666e+00
2.673400000000000318e+02,-2.494368572740019108e+00
2.673600000000000136e+02,-2.890909870026209916e+00
2.673799999999999955e+02,-3.366137495540078017e+00
2.673999999999999773e+02,-3.935590445262155068e+00
2.674200000000000159e+02,-4.617847266064620371e+00
2.674399999999999977e+02,-5.434627387657208430e+00
2.674599999999999795e+02,-6.410647139804531491e+00
2.674800000000000182e+02,-7.572923690326330615e+00
2.675000000000000000e+02,-8.949023831617552105e+00
2.675199999999999818e+02,-1.056347529428190768e+01
2.675400000000000205e+02,-1.243118208640633071e+01
2.675600000000000023e+02,-1.454635921453971115e+01
2.675799999999999841e+02,-1.686560512640468090e+01
2.676000000000000227e+02,-1.928518369581721359e+01
2.676200000000000045e+02,-2.161694786170999549e+01
2.676399999999999864e+02,-2.357601345283100969e+01
2.676600000000000250e+02,-2.480424174563268380e+01
2.676800000000000068e+02,-2.495537823388821153e+01
2.676999999999999886e+02,-2.383929167594438425e+01
2.677200000000000273e+02,-2.155831061391099368e+01
2.677400000000000091e+02,-1.852098872307732336e+01
2.677599999999999909e+02,-1.527777826482706480e+01
2.677800000000000296e+02,-1.227847255154537010e+01
2.678000000000000114e+02,-9.733624621144612021e+00
2.678199999999999932e+02,-7.652848530677768935e+00
2.678400000000000318e+02,-5.964414523103730659e+00
2.678600000000000136e+02,-4.597972525965076329e+00
2.678799999999999955e+02,-3.506265896882566402e+00
2.678999999999999773e+02,-2.657945377052849611e+00
2.679200000000000159e+02,-2.026262011957143283e+00
2.679399999999999977e+02,-1.580733379788797688e+00
2.679599999999999795e+02,-1.284358474208225909e+00
2.679800000000000182e+02,-1.098764765697219925e+00
2.680000000000000000e+02,-9.924829252957673154e-01
2.680199999999999818e+02,-9.443506006900991290e-01
2.680400000000000205e+02,-9.417197289704462015e-01
2.680600000000000023e+02,-9.774758497967939164e-01
2.680799999999999841e+02,-1.047919608131486324e+00
2.681000000000000227e+02,-1.151586229402991268e+00
2.681200000000000045e+02,-1.288605867861172927e+00
2.681399999999999864e+02,-1.460297855644301590e+00
2.681600000000000250e+02,-1.668810897493476331e+00
2.681800000000000068e+02,-1.916681801145479813e+00
2.681999999999999886e+02,-2.206182499220966431e+00
2.682200000000000273e+02,-2.538314333356824104e+00
2.682400000000000091e+02,-2.911265619956616035e+00
2.682599999999999909e+02,-3.318153828024075658e+00
2.682800000000000296e+02,-3.743962241186961304e+00
2.683000000000000114e+02,-4.161892174891043794e+00
2.683199999999999932e+02,-4.530046603821066498e+00
2.683400000000000318e+02,-4.790524865743482685e+00
2.683600000000000136e+02,-4.874300017589944467e+00
2.683799999999999955e+02,-4.715372643335837388e+00
2.683999999999999773e+02,-4.274408930609228996e+00
2.684200000000000159e+02,-3.564254517491124208e+00
2.684399999999999977e+02,-2.661613836034948388e+00
2.684599999999999795e+02,-1.691060831039630674e+00
2.684800000000000182e+02,-7.848205777284074092e-01
2.685000000000000000e+02,-4.136191716107610189e-02
2.685199999999999818e+02,4.940082634521530403e-01
2.685400000000000205e+02,8.232207371776782967e-01
2.685600000000000023e+02,9.774028851276335139e-01
2.685799999999999841e+02,9.995330823523252972e-01
2.686000000000000227e+02,9.326231488373559753e-01
2.686200000000000045e+02,8.133416708055246636e-01
2.686399999999999864e+02,6.696705193977461334e-01
2.686600000000000250e+02,5.210812734250680478e-01
2.686800000000000068e+02,3.799312392274800110e-01
2.686999999999999886e+02,2.531076104086447121e-01
2.687200000000000273e+02,1.432684981876254648e-01
2.687400000000000091e+02,4.949547354979785818e-02
2.687599999999999909e+02,-3.194376062374314207e-02
2.687800000000000296e+02,-1.058393643992522892e-01
2.688000000000000114e+02,-1.762619743503451297e-01
2.688199999999999932e+02,-2.462769787474265171e-01
2.688400000000000318e+02,-3.185835090045128770e-01
2.688600000000000136e+02,-3.960012586238118582e-01
2.688799999999999955e+02,-4.816381541853649861e-01
2.688999999999999773e+02,-5.789401370626504617e-01
2.689200000000000159e+02,-6.917461417822482472e-01
2.689399999999999977e+02,-8.243740704723556689e-01
2.689599999999999795e+02,-9.817240989930268169e-01
2.689800000000000182e+02,-1.169373471006525111e+00
2.690000000000000000e+02,-1.393623103516516526e+00
2.690199999999999818e+02,-1.661431830786497699e+00
2.690400000000000205e+02,-1.980136103210281773e+00
2.690600000000000023e+02,-2.356772081084862691e+00
2.690799999999999841e+02,-2.796721596571210000e+00
2.691000000000000227e+02,-3.301257537794879848e+00
2.691200000000000045e+02,-3.863450771097763692e+00
2.691399999999999864e+02,-4.461952772486893259e+00
2.691600000000000250e+02,-5.052769685905059482e+00
2.691800000000000068e+02,-5.560934240423591746e+00
2.691999999999999886e+02,-5.877563882304062126e+00
2.692200000000000273e+02,-5.872289206928281047e+00
2.692400000000000091e+02,-5.431396864582344719e+00
2.692599999999999909e+02,-4.518818043834073706e+00
2.692800000000000296e+02,-3.228032256892409801e+00
2.693000000000000114e+02,-1.773944749244587671e+00
2.693199999999999932e+02,-4.074335240483389908e-01
2.693400000000000318e+02,6.905823261761123710e-01
2.693600000000000136e+02,1.455097708168262116e+00
2.693799999999999955e+02,1.911039719871459930e+00
2.693999999999999773e+02,2.126940420874340987e+00
2.694200000000000159e+02,2.183639327319470969e+00
2.694399999999999977e+02,2.158062372742761692e+00
2.694599999999999795e+02,2.115349007838514872e+00
2.694800000000000182e+02,2.104886518706994281e+00
2.695000000000000000e+02,2.156462438061574893e+00
2.695199999999999818e+02,2.277868211908575358e+00
2.695400000000000205e+02,2.460453178780233063e+00
2.695600000000000023e+02,2.691433786001092621e+00
2.695799999999999841e+02,2.963216837045494767e+00
2.696000000000000227e+02,3.275718574466261579e+00
2.696200000000000045e+02,3.634781538678880430e+00
2.696399999999999864e+02,4.049985330764389602e+00
2.696600000000000250e+02,4.533082958079257097e+00
2.696800000000000068e+02,5.097102270941523905e+00
2.696999999999999886e+02,5.755792916097455247e+00
2.697200000000000273e+02,6.523060952492083509e+00
2.697400000000000091e+02,7.412047334132281229e+00
2.697599999999999909e+02,8.433502168386089792e+00
2.697800000000000296e+02,9.593068760337677858e+00
2.698000000000000114e+02,1.088708592469608050e+01
2.698199999999999932e+02,1.229663540189861237e+01
2.698400000000000318e+02,1.378001566022807367e+01
2.698600000000000136e+02,1.526487801009627709e+01
2.698799999999999955e+02,1.664311347355461734e+01
2.698999999999999773e+02,1.777387306105551801e+01
2.699200000000000159e+02,1.850118643421019371e+01
2.699399999999999977e+02,1.868930383293931285e+01
2.699599999999999795e+02,1.826855960556443392e+01
2.699800000000000182e+02,1.727081970848181314e+01
2.700000000000000000e+02,1.582927979170344557e+01
2.700199999999999818e+02,1.413468440122930758e+01
2.700400000000000205e+02,1.237083056667324676e+01
2.700600000000000023e+02,1.066768685528031746e+01
2.700799999999999841e+02,9.093073908898297475e+00
2.701000000000000227e+02,7.672302668835407680e+00
2.701200000000000045e+02,6.411667881228011900e+00
2.701399999999999864e+02,5.311891211736747387e+00
2.701600000000000250e+02,4.372012167211259737e+00
2.701800000000000068e+02,3.589375890762583232e+00
2.701999999999999886e+02,2.959467399203508986e+00
2.702200000000000273e+02,2.476333735825674509e+00
2.702400000000000091e+02,2.132638604495755263e+00
2.702599999999999909e+02,1.918355275425102313e+00
2.702800000000000296e+02,1.819036055986429590e+00
2.703000000000000114e+02,1.816635620875898693e+00
2.703199999999999932e+02,1.893664847145878793e+00
2.703400000000000318e+02,2.037340615390155651e+00
2.703600000000000136e+02,2.241105118643689664e+00
2.703799999999999955e+02,2.504079953267966729e+00
2.703999999999999773e+02,2.829946794910348729e+00
2.704200000000000159e+02,3.226039351975207303e+00
2.704399999999999977e+02,3.702789056670745982e+00
2.704599999999999795e+02,4.273414336297787663e+00
2.704800000000000182e+02,4.953676926125409885e+00
2.705000000000000000e+02,5.761497940435780230e+00
2.705199999999999818e+02,6.716161692132833316e+00
2.705400000000000205e+02,7.836720586367952102e+00
2.705600000000000023e+02,9.139041745156575303e+00
2.705799999999999841e+02,1.063073830709613254e+01
2.706000000000000227e+02,1.230311771618569061e+01
2.706200000000000045e+02,1.411954631748720423e+01
2.706399999999999864e+02,1.600085167896503080e+01
2.706600000000000250e+02,1.781138028843539800e+01
2.706800000000000068e+02,1.935448430801923436e+01
2.706999999999999886e+02,2.039153344698994630e+01
2.707200000000000273e+02,2.069708872790094034e+01
2.707400000000000091e+02,2.014460026360853107e+01
2.707599999999999909e+02,1.878273987533091116e+01
2.707800000000000296e+02,1.684190343899985010e+01
2.708000000000000114e+02,1.464468113832242580e+01
2.708199999999999932e+02,1.247252720654308966e+01
2.708400000000000318e+02,1.048258585476754057e+01
2.708600000000000136e+02,8.717825068445598902e+00
2.708799999999999955e+02,7.167860179431313483e+00
2.708999999999999773e+02,5.816608417225766381e+00
2.709200000000000159e+02,4.656644567393432688e+00
2.709399999999999977e+02,3.685479785638778427e+00
2.709599999999999795e+02,2.899954281621197172e+00
2.709800000000000182e+02,2.293946685128512630e+00
2.710000000000000000e+02,1.857724813737546166e+00
2.710199999999999818e+02,1.575897503601563443e+00
2.710400000000000205e+02,1.424671046171293920e+00
2.710600000000000023e+02,1.374348251979107705e+00
2.710799999999999841e+02,1.397900337047685237e+00
2.711000000000000227e+02,1.477279119673406305e+00
2.711200000000000045e+02,1.603634657259539464e+00
2.711399999999999864e+02,1.774768610430436766e+00
2.711600000000000250e+02,1.992828969375454395e+00
2.711800000000000068e+02,2.262965434917765251e+00
2.711999999999999886e+02,2.592726139385882700e+00
2.712200000000000273e+02,2.991875180692963987e+00
2.712400000000000091e+02,3.472399793227085141e+00
2.712599999999999909e+02,4.048536590163364757e+00
2.712800000000000296e+02,4.736662824453500953e+00
2.713000000000000114e+02,5.554845761170493113e+00
2.713199999999999932e+02,6.521743027328267495e+00
2.713400000000000318e+02,7.654373071255139216e+00
2.713600000000000136e+02,8.964047287470153336e+00
2.713799999999999955e+02,1.044952477095870691e+01
2.713999999999999773e+02,1.208641748742020994e+01
2.714200000000000159e+02,1.381250492232575233e+01
2.714399999999999977e+02,1.551079055171182830e+01
2.714599999999999795e+02,1.699688868322835944e+01
2.714800000000000182e+02,1.802448299019882683e+01
2.715000000000000000e+02,1.832745198800737541e+01
2.715199999999999818e+02,1.770796383364168491e+01
2.715400000000000205e+02,1.614523046332896783e+01
2.715600000000000023e+02,1.385500977198189254e+01
2.715799999999999841e+02,1.123092803535483064e+01
2.716000000000000227e+02,8.682355278529442444e+00
2.716200000000000045e+02,6.480781461743349681e+00
2.716399999999999864e+02,4.716872036755928477e+00
2.716600000000000250e+02,3.359073206702594572e+00
2.716800000000000068e+02,2.331641405886652585e+00
2.716999999999999886e+02,1.559606203318494311e+00
2.717200000000000273e+02,9.820853661765209797e-01
2.717400000000000091e+02,5.517038493229473595e-01
2.717599999999999909e+02,2.307371853254862604e-01
2.717800000000000296e+02,-1.246911771675329218e-02
2.718000000000000114e+02,-2.050959026372525251e-01
2.718199999999999932e+02,-3.683636705858486238e-01
2.718400000000000318e+02,-5.156449041209985040e-01
2.718600000000000136e+02,-6.541715852456554403e-01
2.718799999999999955e+02,-7.888139966016208815e-01
2.718999999999999773e+02,-9.244710476066479998e-01
2.719200000000000159e+02,-1.066662490504241223e+00
2.719399999999999977e+02,-1.221393964048038239e+00
2.719599999999999795e+02,-1.394982562204429843e+00
2.719800000000000182e+02,-1.594025739527874741e+00
2.720000000000000000e+02,-1.825483447746206966e+00
2.720199999999999818e+02,-2.096795549474029574e+00
2.720400000000000205e+02,-2.415955266278172697e+00
2.720600000000000023e+02,-2.791454841145487364e+00
2.720799999999999841e+02,-3.231992929446833696e+00
2.721000000000000227e+02,-3.745792311764254201e+00
2.721200000000000045e+02,-4.339306835639738402e+00
2.721399999999999864e+02,-5.015046662768031460e+00
2.721600000000000250e+02,-5.768255323756515729e+00
2.721800000000000068e+02,-6.582380712429890757e+00
2.721999999999999886e+02,-7.423896297007044787e+00
2.722200000000000273e+02,-8.238256213372572745e+00
2.722400000000000091e+02,-8.950443679223335280e+00
2.722599999999999909e+02,-9.474502436625922286e+00
2.722800000000000296e+02,-9.734142539156303897e+00
2.723000000000000114e+02,-9.689138251510996724e+00
2.723199999999999932e+02,-9.353198590808535329e+00
2.723400000000000318e+02,-8.788393612241419461e+00
2.723600000000000136e+02,-8.076008431625350426e+00
2.723799999999999955e+02,-7.283969706551217449e+00
2.723999999999999773e+02,-6.454415313061181436e+00
2.724200000000000159e+02,-5.613877253432349335e+00
2.724399999999999977e+02,-4.787607056044159926e+00
2.724599999999999795e+02,-4.003617016687583963e+00
2.724800000000000182e+02,-3.288239049549324999e+00
2.725000000000000000e+02,-2.661005987160785846e+00
2.725199999999999818e+02,-2.132841353838902165e+00
2.725400000000000205e+02,-1.707339298866284105e+00
2.725600000000000023e+02,-1.383442141347097420e+00
2.725799999999999841e+02,-1.157674804434333904e+00
2.726000000000000227e+02,-1.024112332246279067e+00
2.726200000000000045e+02,-9.719642778542920691e-01
2.726399999999999864e+02,-9.851989549371275023e-01
2.726600000000000250e+02,-1.047601343041294264e+00
2.726800000000000068e+02,-1.148225893211983317e+00
2.726999999999999886e+02,-1.282586136792347231e+00
2.727200000000000273e+02,-1.451173408160767231e+00
2.727400000000000091e+02,-1.657834030348257492e+00
2.727599999999999909e+02,-1.908827515133113106e+00
2.727800000000000296e+02,-2.212487589578638669e+00
2.728000000000000114e+02,-2.579258835813287742e+00
2.728199999999999932e+02,-3.021942661385073059e+00
2.728400000000000318e+02,-3.556048701316172345e+00
2.728600000000000136e+02,-4.200176041035920349e+00
2.728799999999999955e+02,-4.976334952280742741e+00
2.728999999999999773e+02,-5.910066562251197197e+00
2.729200000000000159e+02,-7.030107408264398394e+00
2.729399999999999977e+02,-8.367158171576312142e+00
2.729599999999999795e+02,-9.951017534567117906e+00
2.729800000000000182e+02,-1.180492161422969488e+01
2.730000000000000000e+02,-1.393544318279642091e+01
2.730199999999999818e+02,-1.631605395693354765e+01
2.730400000000000205e+02,-1.886324483311093658e+01
2.730600000000000023e+02,-2.140761263092913325e+01
2.730799999999999841e+02,-2.367081226438223496e+01
2.731000000000000227e+02,-2.527288091967191619e+01
2.731200000000000045e+02,-2.580411431012737822e+01
2.731399999999999864e+02,-2.497703317163735193e+01
2.731600000000000250e+02,-2.280527908585367314e+01
2.731800000000000068e+02,-1.967590896165976844e+01
2.731999999999999886e+02,-1.620621614824255730e+01
2.732200000000000273e+02,-1.295397607113366689e+01
2.732400000000000091e+02,-1.020579356455798248e+01
2.732599999999999909e+02,-7.987733909297847212e+00
2.732800000000000296e+02,-6.211615554066511002e+00
2.733000000000000114e+02,-4.789812382204152286e+00
2.733199999999999932e+02,-3.666684315510078562e+00
2.733400000000000318e+02,-2.807098024561018423e+00
2.733600000000000136e+02,-2.179181718421571379e+00
2.733799999999999955e+02,-1.744351741831588365e+00
2.734000000000000341e+02,-1.458527956581838536e+00
2.734200000000000159e+02,-1.281319688846989546e+00
2.734399999999999977e+02,-1.183000609403898062e+00
2.734599999999999795e+02,-1.144650314252351420e+00
2.734800000000000182e+02,-1.154990471856715661e+00
2.735000000000000000e+02,-1.207478660936195158e+00
2.735199999999999818e+02,-1.298517242596237464e+00
2.735400000000000205e+02,-1.426452398503628594e+00
2.735600000000000023e+02,-1.590951910226744870e+00
2.735799999999999841e+02,-1.792493306366380379e+00
2.736000000000000227e+02,-2.031789656181012038e+00
2.736200000000000045e+02,-2.309021453818765224e+00
2.736399999999999864e+02,-2.622740847410169884e+00
2.736600000000000250e+02,-2.968323587990967294e+00
2.736800000000000068e+02,-3.335885471617870301e+00
2.736999999999999886e+02,-3.707733395869172277e+00
2.737200000000000273e+02,-4.055774201791303213e+00
2.737400000000000091e+02,-4.339928544675428768e+00
2.737599999999999909e+02,-4.509422412264943780e+00
2.737800000000000296e+02,-4.509360807837336615e+00
2.738000000000000114e+02,-4.294140490955618894e+00
2.738199999999999932e+02,-3.845832186468177483e+00
2.738400000000000318e+02,-3.190149251019651633e+00
2.738600000000000136e+02,-2.399171836781359257e+00
2.738799999999999955e+02,-1.574509886781083390e+00
2.739000000000000341e+02,-8.170472660679516386e-01
2.739200000000000159e+02,-1.994510003467077075e-01
2.739399999999999977e+02,2.454189199785347941e-01
2.739599999999999795e+02,5.197258810168362553e-01
2.739800000000000182e+02,6.479530643344154628e-01
2.740000000000000000e+02,6.642778647728880825e-01
2.740199999999999818e+02,6.035174728228558383e-01
2.740400000000000205e+02,4.959514903730748991e-01
2.740600000000000023e+02,3.651044907892417313e-01
2.740799999999999841e+02,2.273213386659362067e-01
2.741000000000000227e+02,9.220049530430803053e-02
2.741200000000000045e+02,-3.646752343734361440e-02
2.741399999999999864e+02,-1.591020281439908812e-01
2.741600000000000250e+02,-2.782624135503672935e-01
2.741800000000000068e+02,-3.970716042131425261e-01
2.741999999999999886e+02,-5.187302364234787078e-01
2.742200000000000273e+02,-6.466783028825724422e-01
2.742400000000000091e+02,-7.847916906214228439e-01
2.742599999999999909e+02,-9.374296398533491503e-01
2.742800000000000296e+02,-1.109390852886410483e+00
2.743000000000000114e+02,-1.305834052906293064e+00
2.743199999999999932e+02,-1.532152392235656357e+00
2.743400000000000318e+02,-1.793742476117055062e+00
2.743600000000000136e+02,-2.095557795118056621e+00
2.743799999999999955e+02,-2.441299999206570703e+00
2.744000000000000341e+02,-2.832036161000954788e+00
2.744200000000000159e+02,-3.264002756940646677e+00
2.744399999999999977e+02,-3.725383148511852482e+00
2.744599999999999795e+02,-4.192087609669929549e+00
2.744800000000000182e+02,-4.623221990357802902e+00
2.745000000000000000e+02,-4.958234458487623897e+00
2.745199999999999818e+02,-5.119557745151993799e+00
2.745400000000000205e+02,-5.025718402655799721e+00
2.745600000000000023e+02,-4.617513856237335901e+00
2.745799999999999841e+02,-3.891105971603630032e+00
2.746000000000000227e+02,-2.919593215112150197e+00
2.746200000000000045e+02,-1.841780416476994198e+00
2.746399999999999864e+02,-8.158342700178699003e-01
2.746600000000000250e+02,3.525115478200525204e-02
2.746800000000000068e+02,6.525238304297023006e-01
2.746999999999999886e+02,1.035611955624975877e+00
2.747200000000000273e+02,1.220095719834658476e+00
2.747400000000000091e+02,1.255862321533468995e+00
2.747599999999999909e+02,1.192782526317311742e+00
2.747800000000000296e+02,1.073121922882602775e+00
2.748000000000000114e+02,9.287868343409884098e-01
2.748199999999999932e+02,7.815825840912971056e-01
2.748400000000000318e+02,6.449546010037925381e-01
2.748600000000000136e+02,5.261621387160178021e-01
2.748799999999999955e+02,4.283257957205794386e-01
2.749000000000000341e+02,3.521414708603721189e-01
2.749200000000000159e+02,2.972302255985845298e-01
2.749399999999999977e+02,2.630702147252990675e-01
2.749599999999999795e+02,2.491973283947254147e-01
2.749800000000000182e+02,2.543659219471514632e-01
2.750000000000000000e+02,2.757675241554167767e-01
2.750199999999999818e+02,3.100606554552903238e-01
2.750400000000000205e+02,3.551202436547407637e-01
2.750600000000000023e+02,4.106126433729870295e-01
2.750799999999999841e+02,4.776490832869562664e-01
2.751000000000000227e+02,5.583547633334885463e-01
2.751200000000000045e+02,6.556490885645810396e-01
2.751399999999999864e+02,7.732182619671283952e-01
2.751600000000000250e+02,9.156121362432454447e-01
2.751800000000000068e+02,1.088421399030062187e+00
2.751999999999999886e+02,1.298516488418354653e+00
2.752200000000000273e+02,1.554344469771222537e+00
2.752400000000000091e+02,1.866286383645979097e+00
2.752599999999999909e+02,2.247077405326936894e+00
2.752800000000000296e+02,2.712285197705631035e+00
2.753000000000000114e+02,3.280824634690604924e+00
2.753199999999999932e+02,3.975451743039366548e+00
2.753400000000000318e+02,4.823112066383945518e+00
2.753600000000000136e+02,5.854893438638068659e+00
2.753799999999999955e+02,7.105113166670888880e+00
2.754000000000000341e+02,8.608698015041056806e+00
2.754200000000000159e+02,1.039545327976720479e+01
2.754399999999999977e+02,1.247908673999054230e+01
2.754599999999999795e+02,1.483831792835084151e+01
2.754800000000000182e+02,1.738816989987237704e+01
2.755000000000000000e+02,1.994419238296470098e+01
2.755199999999999818e+02,2.219462070127542930e+01
2.755400000000000205e+02,2.371554043271191503e+01
2.755600000000000023e+02,2.407581670147964203e+01
2.755799999999999841e+02,2.304051622067650484e+01
2.756000000000000227e+02,2.076990632990322183e+01
2.756200000000000045e+02,1.782065073026477720e+01
2.756399999999999864e+02,1.486647256924374361e+01
2.756600000000000250e+02,1.233825755199797669e+01
2.756800000000000068e+02,1.030571637796269435e+01
2.756999999999999886e+02,8.657234669391494108e+00
2.757200000000000273e+02,7.304638503459711885e+00
2.757400000000000091e+02,6.230250168650063536e+00
2.757599999999999909e+02,5.440969263488554475e+00
2.757800000000000296e+02,4.924708627951585704e+00
2.758000000000000114e+02,4.640726817423508344e+00
2.758199999999999932e+02,4.536152845885329299e+00
2.758400000000000318e+02,4.565503707358105956e+00
2.758600000000000136e+02,4.698699022994149210e+00
2.758799999999999955e+02,4.919497461576482600e+00
2.759000000000000341e+02,5.220950525820205357e+00
2.759200000000000159e+02,5.601374644361118094e+00
2.759399999999999977e+02,6.061524117847044479e+00
2.759599999999999795e+02,6.602619581164926643e+00
2.759800000000000182e+02,7.224737856517727153e+00
2.760000000000000000e+02,7.925164056822327829e+00
2.760199999999999818e+02,8.696440442635864798e+00
2.760400000000000205e+02,9.523999447342609059e+00
2.760600000000000023e+02,1.038348319913146156e+01
2.760799999999999841e+02,1.123817576530194096e+01
2.761000000000000227e+02,1.203743095403695129e+01
2.761200000000000045e+02,1.271748613289055818e+01
2.761399999999999864e+02,1.320633270001153114e+01
2.761600000000000250e+02,1.343385246766598051e+01
2.761800000000000068e+02,1.334668955199591878e+01
2.761999999999999886e+02,1.292436065278908330e+01
2.762200000000000273e+02,1.219030291901783158e+01
2.762400000000000091e+02,1.121147036075013581e+01
2.762599999999999909e+02,1.008442756158259357e+01
2.762800000000000296e+02,8.912873843757367354e+00
2.763000000000000114e+02,7.786153382437547066e+00
2.763199999999999932e+02,6.766802226103628470e+00
2.763400000000000318e+02,5.889090174755148510e+00
2.763600000000000136e+02,5.164994130683098206e+00
2.763799999999999955e+02,4.592469293665764951e+00
2.764000000000000341e+02,4.162511997048070178e+00
2.764200000000000159e+02,3.863780503412984846e+00
2.764399999999999977e+02,3.684952540632243423e+00
2.764599999999999795e+02,3.615526531561866985e+00
2.764800000000000182e+02,3.645890724792692161e+00
2.765000000000000000e+02,3.767387117853658651e+00
2.765199999999999818e+02,3.972729928904744412e+00
2.765400000000000205e+02,4.256641471551140476e+00
2.765600000000000023e+02,4.616313219917273614e+00
2.765799999999999841e+02,5.051412255503318960e+00
2.766000000000000227e+02,5.563589240647717205e+00
2.766200000000000045e+02,6.155562129414663630e+00
2.766399999999999864e+02,6.829823264989141052e+00
2.766600000000000250e+02,7.586934158454052834e+00
2.766800000000000068e+02,8.423310137387929331e+00
2.766999999999999886e+02,9.328404867776098897e+00
2.767200000000000273e+02,1.028132770532990570e+01
2.767400000000000091e+02,1.124722499373268114e+01
2.767599999999999909e+02,1.217428332274311309e+01
2.767800000000000296e+02,1.299294067331795866e+01
2.768000000000000114e+02,1.361955954734730589e+01
2.768199999999999932e+02,1.396678247181490384e+01
2.768400000000000318e+02,1.396112583267441920e+01
2.768600000000000136e+02,1.356457116283841025e+01
2.768799999999999955e+02,1.279225424546676138e+01
2.769000000000000341e+02,1.171644820701160228e+01
2.769200000000000159e+02,1.045160622872958278e+01
2.769399999999999977e+02,9.125319960941475017e+00
2.769599999999999795e+02,7.848459126991627954e+00
2.769800000000000182e+02,6.697167736133126326e+00
2.770000000000000000e+02,5.710599916456351011e+00
2.770199999999999818e+02,4.899394283029627317e+00
2.770400000000000205e+02,4.257183589389675227e+00
2.770600000000000023e+02,3.770052079746135654e+00
2.770799999999999841e+02,3.422438732998977162e+00
2.771000000000000227e+02,3.199977738911719438e+00
2.771200000000000045e+02,3.090260105293694437e+00
2.771399999999999864e+02,3.082488044443191910e+00
2.771600000000000250e+02,3.166980832306204974e+00
2.771800000000000068e+02,3.335258072001720642e+00
2.771999999999999886e+02,3.580767528255916154e+00
2.772200000000000273e+02,3.899716965054518258e+00
2.772400000000000091e+02,4.291461661161862118e+00
2.772599999999999909e+02,4.758290350801238411e+00
2.772800000000000296e+02,5.304733969947377226e+00
2.773000000000000114e+02,5.936535604605939653e+00
2.773199999999999932e+02,6.659295195236957454e+00
2.773400000000000318e+02,7.476671679885935617e+00
2.773600000000000136e+02,8.387943746837105863e+00
2.773799999999999955e+02,9.384727297793803658e+00
2.774000000000000341e+02,1.044677032970864872e+01
2.774200000000000159e+02,1.153709290673345755e+01
2.774399999999999977e+02,1.259742131357555373e+01
2.774599999999999795e+02,1.354593092225985451e+01
2.774800000000000182e+02,1.428048365654923302e+01
2.775000000000000000e+02,1.469094004716169799e+01
2.775199999999999818e+02,1.468217941545558958e+01
2.775400000000000205e+02,1.420397447358664422e+01
2.775600000000000023e+02,1.327632919726440441e+01
2.775799999999999841e+02,1.199516929851725244e+01
2.776000000000000227e+02,1.051011481553216775e+01
2.776200000000000045e+02,8.982339416978858182e+00
2.776399999999999864e+02,7.543659048866413031e+00
2.776600000000000250e+02,6.275489989906127164e+00
2.776800000000000068e+02,5.210908774484977357e+00
2.776999999999999886e+02,4.349758956437741908e+00
2.777200000000000273e+02,3.674971307325859637e+00
2.777400000000000091e+02,3.164096683311649727e+00
2.777599999999999909e+02,2.795562669812849066e+00
2.777800000000000296e+02,2.551253468213035891e+00
2.778000000000000114e+02,2.416861312912769844e+00
2.778199999999999932e+02,2.380922425257463892e+00
2.778400000000000318e+02,2.433448623786511611e+00
2.778600000000000136e+02,2.565276918450040355e+00
2.778799999999999955e+02,2.768693936390069776e+00
2.779000000000000341e+02,3.038714840405869477e+00
2.779200000000000159e+02,3.373983491740717433e+00
2.779399999999999977e+02,3.776875460379587768e+00
2.779599999999999795e+02,4.253005901636494279e+00
2.779800000000000182e+02,4.810453555781500690e+00
2.780000000000000000e+02,5.458830571981426516e+00
2.780199999999999818e+02,6.208124957107031605e+00
2.780400000000000205e+02,7.067097004095446167e+00
2.780600000000000023e+02,8.040915834519374528e+00
2.780799999999999841e+02,9.127667782285161735e+00
2.781000000000000227e+02,1.031341595104786713e+01
2.781200000000000045e+02,1.156575959205055248e+01
2.781399999999999864e+02,1.282655571659707228e+01
2.781600000000000250e+02,1.400586128519256235e+01
2.781800000000000068e+02,1.498120911240856756e+01
2.781999999999999886e+02,1.560817224469755082e+01
2.782200000000000273e+02,1.574744250132803636e+01
2.782400000000000091e+02,1.530711639325099505e+01
2.782599999999999909e+02,1.428616660227166335e+01
2.782800000000000296e+02,1.279402162994257175e+01
2.783000000000000114e+02,1.102627475126475964e+01
2.783199999999999932e+02,9.202751209737543903e+00
2.783400000000000318e+02,7.501962189954440419e+00
2.783600000000000136e+02,6.026923739701939731e+00
2.783799999999999955e+02,4.810110398588097524e+00
2.784000000000000341e+02,3.839279264536693770e+00
2.784200000000000159e+02,3.082840395934723698e+00
2.784399999999999977e+02,2.505591984329921917e+00
2.784599999999999795e+02,2.075848590721285358e+00
2.784800000000000182e+02,1.767812971551410373e+00
2.785000000000000000e+02,1.561929719838410557e+00
2.785199999999999818e+02,1.444301017997992487e+00
2.785400000000000205e+02,1.405196347328181661e+00
2.785600000000000023e+02,1.436724309213199158e+00
2.785799999999999841e+02,1.530939849186917279e+00
2.786000000000000227e+02,1.680062423462432619e+00
2.786200000000000045e+02,1.878396080459855400e+00
2.786399999999999864e+02,2.123937376128601340e+00
2.786600000000000250e+02,2.418725688856588896e+00
2.786800000000000068e+02,2.768388578881579853e+00
2.786999999999999886e+02,3.181528486060745564e+00
2.787200000000000273e+02,3.669233779494822212e+00
2.787400000000000091e+02,4.244706884012077630e+00
2.787599999999999909e+02,4.922862061632734765e+00
2.787800000000000296e+02,5.719667611825808962e+00
2.788000000000000114e+02,6.650916962133455179e+00
2.788199999999999932e+02,7.729997321387114262e+00
2.788400000000000318e+02,8.964055748268025425e+00
2.788600000000000136e+02,1.034785660472529223e+01
2.788799999999999955e+02,1.185470192192674155e+01
2.789000000000000341e+02,1.342447581344045027e+01
2.789200000000000159e+02,1.495077035198643145e+01
2.789399999999999977e+02,1.627275835270064519e+01
2.789599999999999795e+02,1.718245666495637280e+01
2.789800000000000182e+02,1.746048162831590389e+01
2.790000000000000000e+02,1.694524233233781274e+01
2.790199999999999818e+02,1.561548372695645881e+01
2.790400000000000205e+02,1.363607025728441791e+01
2.790600000000000023e+02,1.131832416038018962e+01
2.790799999999999841e+02,9.002398525401005713e+00
2.791000000000000227e+02,6.936737696069001480e+00
2.791200000000000045e+02,5.230414865228091514e+00
2.791399999999999864e+02,3.883756972584559097e+00
2.791600000000000250e+02,2.845715955956276577e+00
2.791800000000000068e+02,2.054860859056963029e+00
2.791999999999999886e+02,1.456602914502701962e+00
2.792200000000000273e+02,1.006791703903399560e+00
2.792400000000000091e+02,6.706380624070169549e-01
2.792599999999999909e+02,4.208499241359828225e-01
2.792800000000000296e+02,2.359648987105166518e-01
2.793000000000000114e+02,9.886047035152820128e-02
2.793199999999999932e+02,-4.680383551381697878e-03
2.793400000000000318e+02,-8.691853230265687846e-02
2.793600000000000136e+02,-1.576924723309982845e-01
2.793799999999999955e+02,-2.233099993351392865e-01
2.794000000000000341e+02,-2.871429003376577138e-01
2.794200000000000159e+02,-3.514907437323956385e-01
2.794399999999999977e+02,-4.187685116654649709e-01
2.794599999999999795e+02,-4.917748062359595385e-01
2.794800000000000182e+02,-5.736389457205081088e-01
2.795000000000000000e+02,-6.677882522096273421e-01
2.795199999999999818e+02,-7.780046582107444930e-01
2.795400000000000205e+02,-9.085499771157236060e-01
2.795600000000000023e+02,-1.064332139510258290e+00
2.795799999999999841e+02,-1.251092240098490294e+00
2.796000000000000227e+02,-1.475598670021805336e+00
2.796200000000000045e+02,-1.745829375421683594e+00
2.796399999999999864e+02,-2.071109011146727408e+00
2.796600000000000250e+02,-2.462137744881767620e+00
2.796800000000000068e+02,-2.930795444165557040e+00
2.796999999999999886e+02,-3.489521208846512845e+00
2.797200000000000273e+02,-4.149941321833212626e+00
2.797400000000000091e+02,-4.920261823103084353e+00
2.797599999999999909e+02,-5.800811942346121519e+00
2.797800000000000296e+02,-6.777221536222996612e+00
2.798000000000000114e+02,-7.811466338646180674e+00
2.798199999999999932e+02,-8.833077490402011733e+00
2.798400000000000318e+02,-9.736486587721795871e+00
2.798600000000000136e+02,-1.039398190000923350e+01
2.798799999999999955e+02,-1.069126294582279790e+01
2.799000000000000341e+02,-1.057735506941647330e+01
2.799200000000000159e+02,-1.009812979132742683e+01
2.799399999999999977e+02,-9.378754645120269018e+00
2.799599999999999795e+02,-8.555955338619673611e+00
2.799800000000000182e+02,-7.712810764811287356e+00
2.800000000000000000e+02,-6.874316823143755251e+00
2.800199999999999818e+02,-6.053223278154129083e+00
2.800400000000000205e+02,-5.283493000132806650e+00
2.800600000000000023e+02,-4.616779608859457262e+00
2.800799999999999841e+02,-4.102804623567780418e+00
2.801000000000000227e+02,-3.771615409006050523e+00
2.801200000000000045e+02,-3.623371790122538183e+00
2.801399999999999864e+02,-3.631725593746316871e+00
2.801600000000000250e+02,-3.760772776925374483e+00
2.801800000000000068e+02,-3.981802910664977713e+00
2.801999999999999886e+02,-4.279539172671513292e+00
2.802200000000000273e+02,-4.650395528721945837e+00
2.802400000000000091e+02,-5.098579898435321667e+00
2.802599999999999909e+02,-5.632895154666278437e+00
2.802800000000000296e+02,-6.264679732433044990e+00
2.803000000000000114e+02,-7.006490424356616842e+00
2.803199999999999932e+02,-7.871001507950814435e+00
2.803400000000000318e+02,-8.869639743674328614e+00
2.803600000000000136e+02,-1.001051592549661784e+01
2.803799999999999955e+02,-1.129523355088480407e+01
2.804000000000000341e+02,-1.271420752710156954e+01
2.804200000000000159e+02,-1.424033039855285487e+01
2.804399999999999977e+02,-1.582137362310511186e+01
2.804599999999999795e+02,-1.737264608043229330e+01
2.804800000000000182e+02,-1.877324899798223612e+01
2.805000000000000000e+02,-1.987129101174762624e+01
2.805199999999999818e+02,-2.050398943387512674e+01
2.805400000000000205e+02,-2.053481310543748961e+01
2.805600000000000023e+02,-1.989979048673819761e+01
2.805799999999999841e+02,-1.864253640013289015e+01
2.806000000000000227e+02,-1.691398479700870183e+01
2.806200000000000045e+02,-1.492882379605424958e+01
2.806399999999999864e+02,-1.289919017717787320e+01
2.806600000000000250e+02,-1.098202328443333009e+01
2.806800000000000068e+02,-9.263019334848593189e+00
2.806999999999999886e+02,-7.771670905546482544e+00
2.807200000000000273e+02,-6.506270494640771673e+00
2.807400000000000091e+02,-5.453051306811683041e+00
2.807599999999999909e+02,-4.595951368819759963e+00
2.807800000000000296e+02,-3.920176318787252701e+00
2.808000000000000114e+02,-3.412985972105722077e+00
2.808199999999999932e+02,-3.063174257544468482e+00
2.808400000000000318e+02,-2.859488905446060603e+00
2.808600000000000136e+02,-2.788707909598200807e+00
2.808799999999999955e+02,-2.835271746883434751e+00
2.809000000000000341e+02,-2.983613154994225969e+00
2.809200000000000159e+02,-3.221634501193006539e+00
2.809399999999999977e+02,-3.542951341789182251e+00
2.809599999999999795e+02,-3.947260681898567825e+00
2.809800000000000182e+02,-4.439617820154115435e+00
2.810000000000000000e+02,-5.029447244774067904e+00
2.810199999999999818e+02,-5.729630063624216341e+00
2.810400000000000205e+02,-6.555638099119521556e+00
2.810600000000000023e+02,-7.524486711281572759e+00
2.810799999999999841e+02,-8.653159266874018485e+00
2.811000000000000227e+02,-9.956031918607973097e+00
2.811200000000000045e+02,-1.144070401081908450e+01
2.811399999999999864e+02,-1.310155548850402063e+01
2.811600000000000250e+02,-1.491049741702786058e+01
2.811800000000000068e+02,-1.680508331906749930e+01
2.811999999999999886e+02,-1.867593927131003184e+01
2.812200000000000273e+02,-2.035877565382357801e+01
2.812400000000000091e+02,-2.164049958092057224e+01
2.812599999999999909e+02,-2.229096963999758074e+01
2.812800000000000296e+02,-2.212526519982177575e+01
2.813000000000000114e+02,-2.108096427969207909e+01
2.813199999999999932e+02,-1.926927296639564346e+01
2.813400000000000318e+02,-1.695555431204117980e+01
2.813600000000000136e+02,-1.446542225471347898e+01
2.813799999999999955e+02,-1.207121152198202196e+01
2.814000000000000341e+02,-9.928817864899816215e+00
2.814200000000000159e+02,-8.086752754302240831e+00
2.814399999999999977e+02,-6.532755042331682915e+00
2.814599999999999795e+02,-5.234642722571928530e+00
2.814800000000000182e+02,-4.159761833334746584e+00
2.815000000000000000e+02,-3.279457948051529126e+00
2.815199999999999818e+02,-2.568282282958145313e+00
2.815400000000000205e+02,-2.002932985593802506e+00
2.815600000000000023e+02,-1.562122295303409514e+00
2.815799999999999841e+02,-1.227142305284991464e+00
2.816000000000000227e+02,-9.826932672771604427e-01
2.816200000000000045e+02,-8.174576729023513844e-01
2.816399999999999864e+02,-7.234267176774872299e-01
2.816600000000000250e+02,-6.929808756304094430e-01
2.816800000000000068e+02,-7.158141434510860712e-01
2.816999999999999886e+02,-7.802459214341863625e-01
2.817200000000000273e+02,-8.774385203931868160e-01
2.817400000000000091e+02,-1.003395402663164626e+00
2.817599999999999909e+02,-1.158370672844052152e+00
2.817800000000000296e+02,-1.345705874398809510e+00
2.818000000000000114e+02,-1.571060564799476200e+00
2.818199999999999932e+02,-1.842109662122657587e+00
2.818400000000000318e+02,-2.168565503192820376e+00
2.818600000000000136e+02,-2.562403877694338306e+00
2.818799999999999955e+02,-3.038218451734757242e+00
2.819000000000000341e+02,-3.613649618670463415e+00
2.819200000000000159e+02,-4.309827054995749585e+00
2.819399999999999977e+02,-5.151730251780278991e+00
2.819599999999999795e+02,-6.168285574261852311e+00
2.819800000000000182e+02,-7.391876257770962688e+00
2.820000000000000000e+02,-8.856687590103373253e+00
2.820199999999999818e+02,-1.059491870531611468e+01
2.820400000000000205e+02,-1.262934324049035872e+01
2.820600000000000023e+02,-1.496010881533975123e+01
2.820799999999999841e+02,-1.754351251143619095e+01
2.821000000000000227e+02,-2.026204842006275797e+01
2.821200000000000045e+02,-2.289076105448163290e+01
2.821399999999999864e+02,-2.507760764235520767e+01
2.821600000000000250e+02,-2.637304007543893292e+01
2.821800000000000068e+02,-2.634863420897089981e+01
2.821999999999999886e+02,-2.480061072830265090e+01
2.822200000000000273e+02,-2.193114166607474402e+01
2.822400000000000091e+02,-1.833232679452426339e+01
2.822599999999999909e+02,-1.471365885008696317e+01
2.822800000000000296e+02,-1.156460683247445864e+01
2.823000000000000114e+02,-9.027486849596677132e+00
2.823199999999999932e+02,-7.024916370974353619e+00
2.823400000000000318e+02,-5.439096755297185837e+00
2.823600000000000136e+02,-4.190272886530236107e+00
2.823799999999999955e+02,-3.232489516192363244e+00
2.824000000000000341e+02,-2.529078466279719439e+00
2.824200000000000159e+02,-2.037446126477925556e+00
2.824399999999999977e+02,-1.709531173493512135e+00
2.824599999999999795e+02,-1.501698078507851308e+00
2.824800000000000182e+02,-1.381829864567824862e+00
2.825000000000000000e+02,-1.329207231600994188e+00
2.825199999999999818e+02,-1.331115449828521147e+00
2.825400000000000205e+02,-1.379782094547440163e+00
2.825600000000000023e+02,-1.470468713843907871e+00
2.825799999999999841e+02,-1.600368534172001755e+00
2.826000000000000227e+02,-1.767879563606355120e+00
2.826200000000000045e+02,-1.971970445808312267e+00
2.826399999999999864e+02,-2.211466068593557210e+00
2.826600000000000250e+02,-2.484123269976599158e+00
2.826800000000000068e+02,-2.785403151680470923e+00
2.826999999999999886e+02,-3.106881083285235157e+00
2.827200000000000273e+02,-3.434349084407062325e+00
2.827400000000000091e+02,-3.745893219423437781e+00
2.827599999999999909e+02,-4.010622674454868530e+00
2.827800000000000296e+02,-4.189248163394794666e+00
2.828000000000000114e+02,-4.238089610686210484e+00
2.828199999999999932e+02,-4.117740807171403006e+00
2.828400000000000318e+02,-3.805790293953708492e+00
2.828600000000000136e+02,-3.309668478984588269e+00
2.828799999999999955e+02,-2.672740063698210378e+00
2.829000000000000341e+02,-1.967701178962401265e+00
2.829200000000000159e+02,-1.277835434985515217e+00
2.829399999999999977e+02,-6.746896278730166729e-01
2.829599999999999795e+02,-2.029111885281327798e-01
2.829800000000000182e+02,1.228049166768704764e-01
2.830000000000000000e+02,3.114383967744328019e-01
2.830199999999999818e+02,3.859509754171702167e-01
2.830400000000000205e+02,3.745380586591997574e-01
2.830600000000000023e+02,3.045026668242695744e-01
2.830799999999999841e+02,1.987354186987217719e-01
2.831000000000000227e+02,7.415750372550025671e-02
2.831200000000000045e+02,-5.849756283548522562e-02
2.831399999999999864e+02,-1.939077259767651717e-01
2.831600000000000250e+02,-3.306621089171644656e-01
2.831800000000000068e+02,-4.696123580285619381e-01
2.831999999999999886e+02,-6.127469067910826794e-01
2.832200000000000273e+02,-7.627503056518637470e-01
2.832400000000000091e+02,-9.229173969368369423e-01
2.832599999999999909e+02,-1.097098006954670746e+00
2.832800000000000296e+02,-1.289562137603374792e+00
2.833000000000000114e+02,-1.504783741113003837e+00
2.833199999999999932e+02,-1.747132867356836705e+00
2.833400000000000318e+02,-2.020417910067630718e+00
2.833600000000000136e+02,-2.327179828374431825e+00
2.833799999999999955e+02,-2.667599264680420745e+00
2.834000000000000341e+02,-3.037877410759750152e+00
2.834200000000000159e+02,-3.427993917151359593e+00
2.834399999999999977e+02,-3.818933331272881482e+00
2.834599999999999795e+02,-4.179891070897196137e+00
2.834800000000000182e+02,-4.466721948481892746e+00
2.835000000000000000e+02,-4.623856447741297337e+00
2.835199999999999818e+02,-4.592449689088545561e+00
2.835400000000000205e+02,-4.326279634987651335e+00
2.835600000000000023e+02,-3.812528722111643731e+00
2.835799999999999841e+02,-3.088099649560416715e+00
2.836000000000000227e+02,-2.239093220556394925e+00
2.836200000000000045e+02,-1.378188106979277183e+00
2.836399999999999864e+02,-6.098583502782134458e-01
2.836600000000000250e+02,-2.770537021481912169e-03
2.836800000000000068e+02,4.182270521839515642e-01
2.836999999999999886e+02,6.633717578271924875e-01
2.837200000000000273e+02,7.631478674032480258e-01
2.837400000000000091e+02,7.552552342473622948e-01
2.837599999999999909e+02,6.759929335165870690e-01
2.837800000000000296e+02,5.557651508003503826e-01
2.838000000000000114e+02,4.175299492877417307e-01
2.838199999999999932e+02,2.769046339085919906e-01
2.838400000000000318e+02,1.428970559060927792e-01
2.838600000000000136e+02,1.882837496626501780e-02
2.838799999999999955e+02,-9.626943645659866156e-02
2.839000000000000341e+02,-2.055878734387067142e-01
2.839200000000000159e+02,-3.127097522921586381e-01
2.839399999999999977e+02,-4.209769083633093101e-01
2.839599999999999795e+02,-5.337280497249402567e-01
2.839800000000000182e+02,-6.546193227258765290e-01
2.840000000000000000e+02,-7.877506429446382574e-01
2.840199999999999818e+02,-9.376736050355904961e-01
2.840400000000000205e+02,-1.109371628355239059e+00
2.840600000000000023e+02,-1.308227662897067933e+00
2.840799999999999841e+02,-1.539943901685121075e+00
2.841000000000000227e+02,-1.810332604255440625e+00
2.841200000000000045e+02,-2.124863679892047053e+00
2.841399999999999864e+02,-2.487798507269256554e+00
2.841600000000000250e+02,-2.900667146242223993e+00
2.841800000000000068e+02,-3.359793383274949363e+00
2.841999999999999886e+02,-3.852588277550960782e+00
2.842200000000000273e+02,-4.352597460284370001e+00
2.842400000000000091e+02,-4.814068216962434477e+00
2.842599999999999909e+02,-5.168416777590896238e+00
2.842800000000000296e+02,-5.327311009476381365e+00
2.843000000000000114e+02,-5.198594327850713626e+00
2.843199999999999932e+02,-4.718159833980727136e+00
2.843400000000000318e+02,-3.889374677103422773e+00
2.843600000000000136e+02,-2.806058176377071334e+00
2.843799999999999955e+02,-1.633335521845185934e+00
2.844000000000000341e+02,-5.478778994411132031e-01
2.844200000000000159e+02,3.246055518737805401e-01
2.844399999999999977e+02,9.348827555463832262e-01
2.844599999999999795e+02,1.295975926665164923e+00
2.844800000000000182e+02,1.454716591443056428e+00
2.845000000000000000e+02,1.468673811697461362e+00
2.845199999999999818e+02,1.392353509000501921e+00
2.845400000000000205e+02,1.270619934406533869e+00
2.845600000000000023e+02,1.137096653080596154e+00
2.845799999999999841e+02,1.015578141386085598e+00
2.846000000000000227e+02,9.226809670052813495e-01
2.846200000000000045e+02,8.700128400566143894e-01
2.846399999999999864e+02,8.641122750234455641e-01
2.846600000000000250e+02,9.044732660330515595e-01
2.846800000000000068e+02,9.841587194996989085e-01
2.846999999999999886e+02,1.095008903374305564e+00
2.847200000000000273e+02,1.232377405933970937e+00
2.847400000000000091e+02,1.396176943561221462e+00
2.847599999999999909e+02,1.589875203169914153e+00
2.847800000000000296e+02,1.819379591177590072e+00
2.848000000000000114e+02,2.092425286890796876e+00
2.848199999999999932e+02,2.418416788398966233e+00
2.848400000000000318e+02,2.808548232577876114e+00
2.848600000000000136e+02,3.276059339539993509e+00
2.848799999999999955e+02,3.836522506983675918e+00
2.849000000000000341e+02,4.508060370378405679e+00
2.849200000000000159e+02,5.311357855647863779e+00
2.849399999999999977e+02,6.269245770654385375e+00
2.849599999999999795e+02,7.405486484782573875e+00
2.849800000000000182e+02,8.742163125079892794e+00
2.850000000000000000e+02,1.029477925622284751e+01
2.850199999999999818e+02,1.206388699360173788e+01
2.850400000000000205e+02,1.402206765461461835e+01
2.850600000000000023e+02,1.609605474118237822e+01
2.850799999999999841e+02,1.814690934833928182e+01
2.851000000000000227e+02,1.995763571241296219e+01
2.851200000000000045e+02,2.124633871435730015e+01
2.851399999999999864e+02,2.172597153754922417e+01
2.851600000000000250e+02,2.121287748500924053e+01
2.851800000000000068e+02,1.973847902511707275e+01
2.851999999999999886e+02,1.757686600790887255e+01
2.852200000000000273e+02,1.513505102603870789e+01
2.852400000000000091e+02,1.276769723663287870e+01
2.852599999999999909e+02,1.065659888856400883e+01
2.852800000000000296e+02,8.829386261443765704e+00
2.853000000000000114e+02,7.253602348348085371e+00
2.853199999999999932e+02,5.904254138539959840e+00
2.853400000000000318e+02,4.777645707501082306e+00
2.853600000000000136e+02,3.879919029196132296e+00
2.853799999999999955e+02,3.213821622731450223e+00
2.854000000000000341e+02,2.768837060611447853e+00
2.854200000000000159e+02,2.516330840431414195e+00
2.854399999999999977e+02,2.415292545823181758e+00
2.854599999999999795e+02,2.426393559745205319e+00
2.854800000000000182e+02,2.522068405457764229e+00
2.855000000000000000e+02,2.687646353851117276e+00
2.855199999999999818e+02,2.918051137087855462e+00
2.855400000000000205e+02,3.214392274955566453e+00
2.855600000000000023e+02,3.581723986653830405e+00
2.855799999999999841e+02,4.027791252044611525e+00
2.856000000000000227e+02,4.562311351542786220e+00
2.856200000000000045e+02,5.196396813779541546e+00
2.856399999999999864e+02,5.941794891949447432e+00
2.856600000000000250e+02,6.809618785871863977e+00
2.856800000000000068e+02,7.808204987661432561e+00
2.856999999999999886e+02,8.939648256448553099e+00
2.857200000000000273e+02,1.019454569245506903e+01
2.857400000000000091e+02,1.154465317074335928e+01
2.857599999999999909e+02,1.293380853497664873e+01
2.857800000000000296e+02,1.426898823083259771e+01
2.858000000000000114e+02,1.541597244988862414e+01
2.858199999999999932e+02,1.620714576850749111e+01
2.858400000000000318e+02,1.646974545824111757e+01
2.858600000000000136e+02,1.607652106573547357e+01
2.858799999999999955e+02,1.500439071900979471e+01
2.859000000000000341e+02,1.336831236279358137e+01
2.859200000000000159e+02,1.139848008647229172e+01
2.859399999999999977e+02,9.362545246256248177e+00
2.859599999999999795e+02,7.477535577342663942e+00
2.859800000000000182e+02,5.863080016826327956e+00
2.860000000000000000e+02,4.549322508732557502e+00
2.860199999999999818e+02,3.513055011225966417e+00
2.860400000000000205e+02,2.711066393277476561e+00
2.860600000000000023e+02,2.098840904316645162e+00
2.860799999999999841e+02,1.637615799733863176e+00
2.861000000000000227e+02,1.295811453263728152e+00
2.861200000000000045e+02,1.048611098473544612e+00
2.861399999999999864e+02,8.772512291634633197e-01
2.861600000000000250e+02,7.684414661139363778e-01
2.861800000000000068e+02,7.137138121397729185e-01
2.861999999999999886e+02,7.079728067201607189e-01
2.862200000000000273e+02,7.468447548594755458e-01
2.862400000000000091e+02,8.246440945071065176e-01
2.862599999999999909e+02,9.353339335044726921e-01
2.862800000000000296e+02,1.075036440692967554e+00
2.863000000000000114e+02,1.243291811656774604e+00
2.863199999999999932e+02,1.442847291852215941e+00
2.863400000000000318e+02,1.679024496561870361e+00
2.863600000000000136e+02,1.959270415891538386e+00
2.863799999999999955e+02,2.292996333885044979e+00
2.864000000000000341e+02,2.691630857010174349e+00
2.864200000000000159e+02,3.168786856499937521e+00
2.864399999999999977e+02,3.740440938797546355e+00
2.864599999999999795e+02,4.425001915208308212e+00
2.864800000000000182e+02,5.243084840187801632e+00
2.865000000000000000e+02,6.216684026788326989e+00
2.865199999999999818e+02,7.367253609848413376e+00
2.865400000000000205e+02,8.711912390245544202e+00
2.865600000000000023e+02,1.025666489804981119e+01
2.865799999999999841e+02,1.198529343598566399e+01
2.866000000000000227e+02,1.384293724144825966e+01
2.866200000000000045e+02,1.571533806476528028e+01
2.866399999999999864e+02,1.740985942128179076e+01
2.866600000000000250e+02,1.865345961049103707e+01
2.866800000000000068e+02,1.913174294250408636e+01
2.866999999999999886e+02,1.858765088446613589e+01
2.867200000000000273e+02,1.695905546075644921e+01
2.867400000000000091e+02,1.447096930793799707e+01
2.867599999999999909e+02,1.158183069782329255e+01
2.867800000000000296e+02,8.783814985741665637e+00
2.868000000000000114e+02,6.399866463992179177e+00
2.868199999999999932e+02,4.525188232946850242e+00
2.868400000000000318e+02,3.107450758625642795e+00
2.868600000000000136e+02,2.049526452767635121e+00
2.868799999999999955e+02,1.262714495096177947e+00
2.869000000000000341e+02,6.778167091335440819e-01
2.869200000000000159e+02,2.407254214527260183e-01
2.869399999999999977e+02,-9.321053933289956406e-02
2.869599999999999795e+02,-3.609080876794764636e-01
2.869800000000000182e+02,-5.892915937881499922e-01
2.870000000000000000e+02,-7.943559312076788892e-01
2.870199999999999818e+02,-9.849206820434441845e-01
2.870400000000000205e+02,-1.167499249839546671e+00
2.870600000000000023e+02,-1.348828229507666565e+00
2.870799999999999841e+02,-1.536320537762670080e+00
2.871000000000000227e+02,-1.737777611340142414e+00
2.871200000000000045e+02,-1.961094208642123027e+00
2.871399999999999864e+02,-2.214126920317241787e+00
2.871600000000000250e+02,-2.504667691300010990e+00
2.871800000000000068e+02,-2.840402610052478849e+00
2.871999999999999886e+02,-3.228734600217150863e+00
2.872200000000000273e+02,-3.676334125028877686e+00
2.872400000000000091e+02,-4.188272733269831072e+00
2.872599999999999909e+02,-4.766570096253368582e+00
2.872800000000000296e+02,-5.408008619830573238e+00
2.873000000000000114e+02,-6.101190659829555329e+00
2.873199999999999932e+02,-6.823146116192163824e+00
2.873400000000000318e+02,-7.536436957038287865e+00
2.873600000000000136e+02,-8.188596378606527892e+00
2.873799999999999955e+02,-8.716399012017779668e+00
2.874000000000000341e+02,-9.056792791090622075e+00
2.874200000000000159e+02,-9.163191292880329186e+00
2.874399999999999977e+02,-9.020847422388611037e+00
2.874599999999999795e+02,-8.652149841788316920e+00
2.874800000000000182e+02,-8.106793733352557041e+00
2.875000000000000000e+02,-7.442170373247605220e+00
2.875199999999999818e+02,-6.706957694594581909e+00
2.875400000000000205e+02,-5.936952237299959023e+00
2.875600000000000023e+02,-5.160296833933202265e+00
2.875799999999999841e+02,-4.402913158699882423e+00
2.876000000000000227e+02,-3.689243086206507538e+00
2.876200000000000045e+02,-3.039926033270238026e+00
2.876399999999999864e+02,-2.469724009218837502e+00
2.876600000000000250e+02,-1.987190962506324210e+00
2.876800000000000068e+02,-1.595689218347336791e+00
2.876999999999999886e+02,-1.294516195790932134e+00
2.877200000000000273e+02,-1.079025062507489752e+00
2.877400000000000091e+02,-9.399944816560059646e-01
2.877599999999999909e+02,-8.643867472620835324e-01
2.877800000000000296e+02,-8.385704513033841456e-01
2.878000000000000114e+02,-8.516421428370721802e-01
2.878199999999999932e+02,-8.966313974415376364e-01
2.878400000000000318e+02,-9.700592075546472515e-01
2.878600000000000136e+02,-1.071095995424456992e+00
2.878799999999999955e+02,-1.200909799599362060e+00
2.879000000000000341e+02,-1.362282778417748474e+00
2.879200000000000159e+02,-1.559421893350291466e+00
2.879399999999999977e+02,-1.797878379536680615e+00
2.879599999999999795e+02,-2.084506718638081235e+00
2.879800000000000182e+02,-2.427385623644165769e+00
2.880000000000000000e+02,-2.835611716745940925e+00
2.880199999999999818e+02,-3.318820093198433074e+00
2.880400000000000205e+02,-3.886221620436695723e+00
2.880600000000000023e+02,-4.544850801552780872e+00
2.880799999999999841e+02,-5.296638782289548431e+00
2.881000000000000227e+02,-6.133953205005205689e+00
2.881200000000000045e+02,-7.033591136582841408e+00
2.881399999999999864e+02,-7.950211669782680346e+00
2.881600000000000250e+02,-8.812125244405784485e+00
2.881800000000000068e+02,-9.524741907835764465e+00
2.881999999999999886e+02,-9.987494628364064653e+00
2.882200000000000273e+02,-1.012465673076830264e+01
2.882400000000000091e+02,-9.917973487364518448e+00
2.882599999999999909e+02,-9.418464417723672710e+00
2.882800000000000296e+02,-8.722323188091122503e+00
2.883000000000000114e+02,-7.924021266059816604e+00
2.883199999999999932e+02,-7.083090051515522845e+00
2.883400000000000318e+02,-6.228030319936394221e+00
2.883600000000000136e+02,-5.380938062501551933e+00
2.883799999999999955e+02,-4.572100074649421586e+00
2.884000000000000341e+02,-3.837319589072112347e+00
2.884200000000000159e+02,-3.209624372460178510e+00
2.884399999999999977e+02,-2.714094723044611079e+00
2.884599999999999795e+02,-2.365593736934125779e+00
2.884800000000000182e+02,-2.165682028576648488e+00
2.885000000000000000e+02,-2.099637059047988696e+00
2.885199999999999818e+02,-2.140883656530998103e+00
2.885400000000000205e+02,-2.262995992839670567e+00
2.885600000000000023e+02,-2.448714841299433065e+00
2.885799999999999841e+02,-2.691261138631741101e+00
2.886000000000000227e+02,-2.991762314219917229e+00
2.886200000000000045e+02,-3.356548489003872593e+00
2.886399999999999864e+02,-3.795461328629798459e+00
2.886600000000000250e+02,-4.321046760391814345e+00
2.886800000000000068e+02,-4.948247490102422930e+00
2.886999999999999886e+02,-5.694255015265739850e+00
2.887200000000000273e+02,-6.578230088595815594e+00
2.887400000000000091e+02,-7.620591374220511582e+00
2.887599999999999909e+02,-8.841483921616188013e+00
2.887800000000000296e+02,-1.025788488066956461e+01
2.888000000000000114e+02,-1.187860908742620936e+01
2.888199999999999932e+02,-1.369634246128271116e+01
2.888400000000000318e+02,-1.567600083063934768e+01
2.888600000000000136e+02,-1.773969265935783923e+01
2.888799999999999955e+02,-1.975112851941323555e+01
2.889000000000000341e+02,-2.150707712797240845e+01
2.889200000000000159e+02,-2.274934467033717311e+01
2.889399999999999977e+02,-2.321243576177585055e+01
2.889599999999999795e+02,-2.270959354470890190e+01
2.889800000000000182e+02,-2.122806813118946678e+01
2.890000000000000000e+02,-1.897210679284840040e+01
2.890199999999999818e+02,-1.630317572922026415e+01
2.890400000000000205e+02,-1.359875171612546119e+01
2.890600000000000023e+02,-1.112242505418215721e+01
2.890799999999999841e+02,-8.984852221687281926e+00
2.891000000000000227e+02,-7.188977114403739321e+00
2.891200000000000045e+02,-5.694958666100154332e+00
2.891399999999999864e+02,-4.459236452123325201e+00
2.891600000000000250e+02,-3.445806355393221665e+00
2.891800000000000068e+02,-2.625108935807010102e+00
2.891999999999999886e+02,-1.971205906272698538e+00
2.892200000000000273e+02,-1.460477374044027776e+00
2.892400000000000091e+02,-1.071603243083584456e+00
2.892599999999999909e+02,-7.857738497844458658e-01
2.892800000000000296e+02,-5.860782895799593328e-01
2.893000000000000114e+02,-4.558310072346741793e-01
2.893199999999999932e+02,-3.778435382533452125e-01
2.893400000000000318e+02,-3.366723269622496351e-01
2.893600000000000136e+02,-3.212686805972859716e-01
2.893799999999999955e+02,-3.251003332804217050e-01
2.894000000000000341e+02,-3.447927507873315700e-01
2.894200000000000159e+02,-3.789271398291641502e-01
2.894399999999999977e+02,-4.273632710102814314e-01
2.894599999999999795e+02,-4.909220793874656819e-01
2.894800000000000182e+02,-5.712591863933828007e-01
2.895000000000000000e+02,-6.708381432141545808e-01
2.895199999999999818e+02,-7.929574067537853432e-01
2.895400000000000205e+02,-9.418060334165923031e-01
2.895600000000000023e+02,-1.122523465352537331e+00
2.895799999999999841e+02,-1.341230399446914801e+00
2.896000000000000227e+02,-1.604971956021670421e+00
2.896200000000000045e+02,-1.921472247153678925e+00
2.896399999999999864e+02,-2.298524323791488300e+00
2.896600000000000250e+02,-2.742726185868631816e+00
2.896800000000000068e+02,-3.257116019703604426e+00
2.896999999999999886e+02,-3.837094576321343098e+00
2.897200000000000273e+02,-4.463990656397189838e+00
2.897400000000000091e+02,-5.096098884838229814e+00
2.897599999999999909e+02,-5.658725861296439064e+00
2.897800000000000296e+02,-6.038593586939410507e+00
2.898000000000000114e+02,-6.093480119427964858e+00
2.898199999999999932e+02,-5.690296869198082419e+00
2.898400000000000318e+02,-4.772613982191304061e+00
2.898600000000000136e+02,-3.425460875798563620e+00
2.898799999999999955e+02,-1.876738227986321172e+00
2.899000000000000341e+02,-4.055523508812543532e-01
2.899200000000000159e+02,7.825535281781957897e-01
2.899399999999999977e+02,1.613576821859806554e+00
2.899599999999999795e+02,2.115411488104956828e+00
2.899800000000000182e+02,2.363887861829545134e+00
2.900000000000000000e+02,2.448339630668752154e+00
2.900199999999999818e+02,2.454124940631148277e+00
2.900400000000000205e+02,2.452724924963180175e+00
2.900600000000000023e+02,2.494865387330306827e+00
2.900799999999999841e+02,2.605323510859769875e+00
2.901000000000000227e+02,2.784482997111704439e+00
2.901200000000000045e+02,3.020005844522750227e+00
2.901399999999999864e+02,3.300346660383735031e+00
2.901600000000000250e+02,3.621300366452464115e+00
2.901800000000000068e+02,3.986030320657120818e+00
2.901999999999999886e+02,4.402730313196377310e+00
2.902200000000000273e+02,4.882408387853122811e+00
2.902400000000000091e+02,5.437402589705420120e+00
2.902599999999999909e+02,6.080436249754010980e+00
2.902800000000000296e+02,6.823829513092791288e+00
2.903000000000000114e+02,7.678481554794103658e+00
2.903199999999999932e+02,8.652267902785231612e+00
2.903400000000000318e+02,9.747512422731654524e+00
2.903600000000000136e+02,1.095725106605074473e+01
2.903799999999999955e+02,1.226017820535397185e+01
2.904000000000000341e+02,1.361462418373756833e+01
2.904200000000000159e+02,1.495282338511153597e+01
2.904399999999999977e+02,1.617814878644991694e+01
2.904599999999999795e+02,1.716948462746858795e+01
2.904800000000000182e+02,1.779714863877411446e+01
2.905000000000000000e+02,1.795160332575955309e+01
2.905199999999999818e+02,1.757844974543519712e+01
2.905400000000000205e+02,1.670410227175901952e+01
2.905600000000000023e+02,1.543481242735837711e+01
2.905799999999999841e+02,1.392433573940433789e+01
2.906000000000000227e+02,1.232625406210523700e+01
2.906200000000000045e+02,1.075731306773658247e+01
2.906399999999999864e+02,9.287256769973570414e+00
2.906600000000000250e+02,7.949913666159943659e+00
2.906800000000000068e+02,6.759848525924928353e+00
2.906999999999999886e+02,5.723786109446900916e+00
2.907200000000000273e+02,4.845344638978286156e+00
2.907400000000000091e+02,4.126063423096229421e+00
2.907599999999999909e+02,3.565197312793722428e+00
2.907800000000000296e+02,3.158962832805281007e+00
2.908000000000000114e+02,2.899293131526455625e+00
2.908199999999999932e+02,2.773090752905132295e+00
2.908400000000000318e+02,2.763676230761675345e+00
2.908600000000000136e+02,2.854474197698368076e+00
2.908799999999999955e+02,3.032697774517067568e+00
2.909000000000000341e+02,3.291168620592073601e+00
2.909200000000000159e+02,3.628342107497651625e+00
2.909399999999999977e+02,4.047501169474442939e+00
2.909599999999999795e+02,4.555821211919525382e+00
2.909800000000000182e+02,5.163531293087644691e+00
2.910000000000000000e+02,5.883101293684959820e+00
2.910199999999999818e+02,6.728241234895645739e+00
2.910400000000000205e+02,7.712404651945385048e+00
2.910600000000000023e+02,8.846394789448904561e+00
2.910799999999999841e+02,1.013457973106559429e+01
2.911000000000000227e+02,1.156920019555838941e+01
2.911200000000000045e+02,1.312246444824814162e+01
2.911399999999999864e+02,1.473687283921130309e+01
2.911600000000000250e+02,1.631589640894651438e+01
2.911800000000000068e+02,1.771992340136957012e+01
2.911999999999999886e+02,1.877537392021244855e+01
2.912200000000000273e+02,1.930493721639093962e+01
2.912400000000000091e+02,1.917906068787932128e+01
2.912599999999999909e+02,1.837158301292127405e+01
2.912800000000000296e+02,1.698633896755677597e+01
2.913000000000000114e+02,1.522790747657827559e+01
2.913199999999999932e+02,1.332593730970301493e+01
2.913400000000000318e+02,1.145980047216551334e+01
2.913600000000000136e+02,9.727903753850421609e+00
2.913799999999999955e+02,8.164672435853319143e+00
2.914000000000000341e+02,6.774127873051769555e+00
2.914200000000000159e+02,5.552654665388175204e+00
2.914399999999999977e+02,4.496122331266022343e+00
2.914599999999999795e+02,3.599158083701944566e+00
2.914800000000000182e+02,2.853533022120900320e+00
2.915000000000000000e+02,2.248126261336139020e+00
2.915199999999999818e+02,1.770291340109768852e+00
2.915400000000000205e+02,1.407717924602671644e+00
2.915600000000000023e+02,1.149712014575115404e+00
2.915799999999999841e+02,9.865868032288662715e-01
2.916000000000000227e+02,9.068414169368600453e-01
2.916200000000000045e+02,8.954257509003413773e-01
2.916399999999999864e+02,9.367219412221268193e-01
2.916600000000000250e+02,1.019121337955735340e+00
2.916800000000000068e+02,1.136653817024693813e+00
2.916999999999999886e+02,1.288122562831093276e+00
2.917200000000000273e+02,1.475803046016510356e+00
2.917400000000000091e+02,1.704577302940796679e+00
2.917599999999999909e+02,1.981544883122467571e+00
2.917800000000000296e+02,2.315961041464661641e+00
2.918000000000000114e+02,2.719373877375569570e+00
2.918199999999999932e+02,3.205870547232669399e+00
2.918400000000000318e+02,3.792356920241901630e+00
2.918600000000000136e+02,4.498775125641055084e+00
2.918799999999999955e+02,5.348106261114176085e+00
2.919000000000000341e+02,6.365894150071985891e+00
2.919200000000000159e+02,7.578841258481975096e+00
2.919399999999999977e+02,9.011738814699389977e+00
2.919599999999999795e+02,1.068161567205437379e+01
2.919800000000000182e+02,1.258761533209151651e+01
2.920000000000000000e+02,1.469513364637046671e+01
2.920199999999999818e+02,1.691408797217651383e+01
2.920400000000000205e+02,1.907550198758629278e+01
2.920600000000000023e+02,2.091941900619902839e+01
2.920799999999999841e+02,2.211830463436841754e+01
2.921000000000000227e+02,2.236107596519776308e+01
2.921200000000000045e+02,2.149154685628614914e+01
2.921399999999999864e+02,1.962888193328932118e+01
2.921600000000000250e+02,1.715833934747230316e+01
2.921800000000000068e+02,1.455594741148521010e+01
2.921999999999999886e+02,1.216660788885725175e+01
2.922200000000000273e+02,1.011205343287803338e+01
2.922400000000000091e+02,8.368127193215768145e+00
2.922599999999999909e+02,6.885778326763380974e+00
2.922800000000000296e+02,5.646183541131536643e+00
2.923000000000000114e+02,4.654869774191325860e+00
2.923199999999999932e+02,3.918897775294285957e+00
2.923400000000000318e+02,3.428800290221448055e+00
2.923600000000000136e+02,3.152182516296904602e+00
2.923799999999999955e+02,3.042853432753142684e+00
2.924000000000000341e+02,3.057718933798415417e+00
2.924200000000000159e+02,3.167100569207179639e+00
2.924399999999999977e+02,3.355217436109138696e+00
2.924599999999999795e+02,3.616388211395056285e+00
2.924800000000000182e+02,3.951289351181769938e+00
2.925000000000000000e+02,4.364437459291453436e+00
2.925199999999999818e+02,4.862657814262618672e+00
2.925400000000000205e+02,5.454042315391134821e+00
2.925600000000000023e+02,6.146953403812839944e+00
2.925799999999999841e+02,6.948701279702533817e+00
2.926000000000000227e+02,7.863544049212204179e+00
2.926200000000000045e+02,8.889671988656715484e+00
2.926399999999999864e+02,1.001488344179738199e+01
2.926600000000000250e+02,1.121088312521295549e+01
2.926800000000000068e+02,1.242669956967488254e+01
2.926999999999999886e+02,1.358285157087573225e+01
2.927200000000000273e+02,1.456961724915529821e+01
2.927400000000000091e+02,1.525447347457340364e+01
2.927599999999999909e+02,1.550368752251748816e+01
2.927800000000000296e+02,1.521841536666193484e+01
2.928000000000000114e+02,1.437539448414468346e+01
2.928199999999999932e+02,1.305150795078867887e+01
2.928400000000000318e+02,1.141196534084349601e+01
2.928600000000000136e+02,9.661049383635059939e+00
2.928799999999999955e+02,7.980531088155077946e+00
2.929000000000000341e+02,6.489002382746643427e+00
2.929200000000000159e+02,5.236642749906544658e+00
2.929399999999999977e+02,4.224514923849627124e+00
2.929599999999999795e+02,3.428718734607700824e+00
2.929800000000000182e+02,2.817693702266339972e+00
2.930000000000000000e+02,2.361199291517537269e+00
2.930199999999999818e+02,2.033885452296376073e+00
2.930400000000000205e+02,1.816196153687057668e+00
2.930600000000000023e+02,1.693916599194063011e+00
2.930799999999999841e+02,1.656669398089614775e+00
2.931000000000000227e+02,1.695748767596670481e+00
2.931200000000000045e+02,1.802627905413642484e+00
2.931399999999999864e+02,1.969412801713453565e+00
2.931600000000000250e+02,2.190618386640696080e+00
2.931800000000000068e+02,2.464550475805668217e+00
2.931999999999999886e+02,2.793570551616706421e+00
2.932200000000000273e+02,3.183637831689247299e+00
2.932400000000000091e+02,3.643671475630756440e+00
2.932599999999999909e+02,4.184969665987989806e+00
2.932800000000000296e+02,4.820658462934487076e+00
2.933000000000000114e+02,5.564994797432560425e+00
2.933199999999999932e+02,6.432254326973471770e+00
2.933400000000000318e+02,7.434829674358837792e+00
2.933600000000000136e+02,8.580050488476022252e+00
2.933799999999999955e+02,9.865134234225372722e+00
2.934000000000000341e+02,1.126973197694336548e+01
2.934200000000000159e+02,1.274599916394436327e+01
2.934399999999999977e+02,1.420747529223609007e+01
2.934599999999999795e+02,1.552077081008653003e+01
2.934800000000000182e+02,1.650797521504652110e+01
2.935000000000000000e+02,1.697051551528370084e+01
2.935199999999999818e+02,1.674127237128845280e+01
2.935400000000000205e+02,1.575507159437210625e+01
2.935600000000000023e+02,1.410251769514182385e+01
2.935799999999999841e+02,1.202257675546579030e+01
2.936000000000000227e+02,9.821296091918872762e+00
2.936200000000000045e+02,7.761985240066124447e+00
2.936399999999999864e+02,5.996302720992683355e+00
2.936600000000000250e+02,4.565413109155419313e+00
2.936800000000000068e+02,3.443066183451892304e+00
2.936999999999999886e+02,2.578241189089046426e+00
2.937200000000000273e+02,1.918947575639407876e+00
2.937400000000000091e+02,1.420568530753149483e+00
2.937599999999999909e+02,1.046972257736973333e+00
2.937800000000000296e+02,7.694384277534700445e-01
2.938000000000000114e+02,5.653131508844294606e-01
2.938199999999999932e+02,4.168614059338253686e-01
2.938400000000000318e+02,3.103461281868170052e-01
2.938600000000000136e+02,2.352897643079423229e-01
2.938799999999999955e+02,1.838945566916426466e-01
2.939000000000000341e+02,1.506331988623610119e-01
2.939200000000000159e+02,1.320384467747504620e-01
2.939399999999999977e+02,1.265829053512347036e-01
2.939599999999999795e+02,1.339782473321258771e-01
2.939800000000000182e+02,1.533405842218484028e-01
2.940000000000000000e+02,1.823783633714823327e-01
2.940199999999999818e+02,2.189983479804030742e-01
2.940400000000000205e+02,2.625537342095805027e-01
2.940600000000000023e+02,3.137417492667912700e-01
2.940799999999999841e+02,3.741700252298078566e-01
2.941000000000000227e+02,4.461000909479311272e-01
2.941200000000000045e+02,5.323819827565009488e-01
2.941399999999999864e+02,6.365088563807060895e-01
2.941600000000000250e+02,7.627459604789829095e-01
2.941800000000000068e+02,9.163132965417530862e-01
2.941999999999999886e+02,1.103619844801910332e+00
2.942200000000000273e+02,1.332549325816620112e+00
2.942400000000000091e+02,1.612805521805773079e+00
2.942599999999999909e+02,1.956320167680536404e+00
2.942800000000000296e+02,2.377720852300418297e+00
2.943000000000000114e+02,2.894841336547357091e+00
2.943199999999999932e+02,3.529221922348766416e+00
2.943400000000000318e+02,4.306484858101150337e+00
2.943600000000000136e+02,5.256347423404450048e+00
2.943799999999999955e+02,6.411816453363142543e+00
2.944000000000000341e+02,7.806732171202770409e+00
2.944200000000000159e+02,9.470228635268611583e+00
2.944399999999999977e+02,1.141585733814109815e+01
2.944599999999999795e+02,1.362234948467561502e+01
2.944800000000000182e+02,1.600335166780398666e+01
2.945000000000000000e+02,1.836766318567937972e+01
2.945199999999999818e+02,2.038415034956770455e+01
2.945400000000000205e+02,2.158904476511909820e+01
2.945600000000000023e+02,2.149336908931402235e+01
2.945799999999999841e+02,1.981628021963127395e+01
2.946000000000000227e+02,1.673961932840261113e+01
2.946200000000000045e+02,1.294050649814585974e+01
2.946399999999999864e+02,9.263144545092126592e+00
2.946600000000000250e+02,6.264141970134434523e+00
2.946800000000000068e+02,4.046947807005351727e+00
2.946999999999999886e+02,2.454560342839239517e+00
2.947200000000000273e+02,1.300095679113389080e+00
2.947400000000000091e+02,4.452923986668235745e-01
2.947599999999999909e+02,-2.069039105832412018e-01
2.947800000000000296e+02,-7.264657520410365832e-01
2.948000000000000114e+02,-1.160434767540850842e+00
2.948199999999999932e+02,-1.536186586482571004e+00
2.948400000000000318e+02,-1.869008623363919153e+00
2.948600000000000136e+02,-2.169797392971658301e+00
2.948799999999999955e+02,-2.449050010274984590e+00
2.949000000000000341e+02,-2.717649401809594689e+00
2.949200000000000159e+02,-2.986299653190100045e+00
2.949399999999999977e+02,-3.264773048154453239e+00
2.949599999999999795e+02,-3.561343744510566900e+00
2.949800000000000182e+02,-3.882398093848039800e+00
2.950000000000000000e+02,-4.232092192404747877e+00
2.950199999999999818e+02,-4.611933024709377271e+00
2.950400000000000205e+02,-5.020210363074320448e+00
2.950600000000000023e+02,-5.451285479785472177e+00
2.950799999999999841e+02,-5.894842923553467173e+00
2.951000000000000227e+02,-6.335342553631456042e+00
2.951200000000000045e+02,-6.752040401669735736e+00
2.951399999999999864e+02,-7.120021426850450474e+00
2.951600000000000250e+02,-7.412588294450877413e+00
2.951800000000000068e+02,-7.604975683305117862e+00
2.951999999999999886e+02,-7.678722889823430542e+00
2.952200000000000273e+02,-7.625414948515074620e+00
2.952400000000000091e+02,-7.448373119026170386e+00
2.952599999999999909e+02,-7.161579993543289113e+00
2.952800000000000296e+02,-6.786404414270959862e+00
2.953000000000000114e+02,-6.347687549032808185e+00
2.953199999999999932e+02,-5.870703456905506101e+00
2.953400000000000318e+02,-5.379532459399869460e+00
2.953600000000000136e+02,-4.896387479758585570e+00
2.953799999999999955e+02,-4.441142239446634221e+00
2.954000000000000341e+02,-4.030659017353718454e+00
2.954200000000000159e+02,-3.677977590847769651e+00
2.954399999999999977e+02,-3.391674375277000664e+00
2.954599999999999795e+02,-3.175725738784840768e+00
2.954800000000000182e+02,-3.030070896462880636e+00
2.955000000000000000e+02,-2.951796464358263261e+00
2.955199999999999818e+02,-2.936584045766299944e+00
2.955400000000000205e+02,-2.979983875144098793e+00
2.955600000000000023e+02,-3.078242167793885375e+00
2.955799999999999841e+02,-3.228645530656412355e+00
2.956000000000000227e+02,-3.429481775726246351e+00
2.956200000000000045e+02,-3.679731250118131847e+00
2.956399999999999864e+02,-3.978556465840569878e+00
2.956600000000000250e+02,-4.324608032157354565e+00
2.956800000000000068e+02,-4.715138121156968509e+00
2.956999999999999886e+02,-5.144920162754676340e+00
2.957200000000000273e+02,-5.605024290603999759e+00
2.957400000000000091e+02,-6.081603854536203002e+00
2.957599999999999909e+02,-6.555007583583389419e+00
2.957800000000000296e+02,-6.999710571910295442e+00
2.958000000000000114e+02,-7.385651009514876186e+00
2.958199999999999932e+02,-7.681398455956625071e+00
2.958400000000000318e+02,-7.859003605994000274e+00
2.958600000000000136e+02,-7.899455746672695788e+00
2.958799999999999955e+02,-7.796863426655941787e+00
2.959000000000000341e+02,-7.559526877811181045e+00
2.959200000000000159e+02,-7.207358003398207202e+00
2.959399999999999977e+02,-6.766986186614614596e+00
2.959599999999999795e+02,-6.266946488097000056e+00
2.959800000000000182e+02,-5.734708374688564980e+00
2.960000000000000000e+02,-5.195638076804582006e+00
2.960199999999999818e+02,-4.672819332901328337e+00
2.960400000000000205e+02,-4.186716727167333119e+00
2.960600000000000023e+02,-3.754389787032066828e+00
2.960799999999999841e+02,-3.388524079370896835e+00
2.961000000000000227e+02,-3.096713596526339263e+00
2.961200000000000045e+02,-2.881391388025329903e+00
2.961399999999999864e+02,-2.740635302762754133e+00
2.961600000000000250e+02,-2.669716356915481814e+00
2.961800000000000068e+02,-2.662880440749095357e+00
2.961999999999999886e+02,-2.714795152722928151e+00
2.962200000000000273e+02,-2.821381331702895956e+00
2.962400000000000091e+02,-2.980071329967898919e+00
2.962599999999999909e+02,-3.189673913187761389e+00
2.962800000000000296e+02,-3.449996927258558443e+00
2.963000000000000114e+02,-3.761296538894326247e+00
2.963199999999999932e+02,-4.123551602123158411e+00
2.963400000000000318e+02,-4.535524172815604160e+00
2.963600000000000136e+02,-4.993565781778753987e+00
2.963799999999999955e+02,-5.490175637660340335e+00
2.964000000000000341e+02,-6.012424858261152139e+00
2.964200000000000159e+02,-6.540557977255011757e+00
2.964399999999999977e+02,-7.047337814997826300e+00
2.964599999999999795e+02,-7.498927248438240767e+00
2.964800000000000182e+02,-7.858067429506824908e+00
2.965000000000000000e+02,-8.089732159666400690e+00
2.965199999999999818e+02,-8.168220242266583497e+00
2.965400000000000205e+02,-8.083278903107673941e+00
2.965600000000000023e+02,-7.842438924863245120e+00
2.965799999999999841e+02,-7.468211149601167165e+00
2.966000000000000227e+02,-6.991603548278552793e+00
2.966200000000000045e+02,-6.445444372283125389e+00
2.966399999999999864e+02,-5.860415740537182394e+00
2.966600000000000250e+02,-5.264136725097326774e+00
2.966800000000000068e+02,-4.681598132052749328e+00
2.966999999999999886e+02,-4.135259188023842292e+00
2.967200000000000273e+02,-3.644322791218025159e+00
2.967400000000000091e+02,-3.223587035667323075e+00
2.967599999999999909e+02,-2.882415346138983203e+00
2.967800000000000296e+02,-2.624266955741864304e+00
2.968000000000000114e+02,-2.447179231117853515e+00
2.968199999999999932e+02,-2.345336603752936622e+00
2.968400000000000318e+02,-2.311276055475533386e+00
2.968600000000000136e+02,-2.337897968789409031e+00
2.968799999999999955e+02,-2.419709663682597434e+00
2.969000000000000341e+02,-2.553270996888656885e+00
2.969200000000000159e+02,-2.737112354670272918e+00
2.969399999999999977e+02,-2.971385452493553903e+00
2.969599999999999795e+02,-3.257378236573875707e+00
2.969800000000000182e+02,-3.596910681422078149e+00
2.970000000000000000e+02,-3.991558894995208551e+00
2.970199999999999818e+02,-4.441621230435743861e+00
2.970400000000000205e+02,-4.944741330574254690e+00
2.970600000000000023e+02,-5.494148613638489387e+00
2.970799999999999841e+02,-6.076611845864605677e+00
2.971000000000000227e+02,-6.670451199286318911e+00
2.971200000000000045e+02,-7.244337890549357617e+00
2.971399999999999864e+02,-7.758002050232758684e+00
2.971600000000000250e+02,-8.166050776532980393e+00
2.971800000000000068e+02,-8.425370353280499103e+00
2.971999999999999886e+02,-8.504785311567156114e+00
2.972200000000000273e+02,-8.393434990178878508e+00
2.972400000000000091e+02,-8.103549645246639344e+00
2.972599999999999909e+02,-7.665630752854504237e+00
2.972800000000000296e+02,-7.118619695751519316e+00
2.973000000000000114e+02,-6.500751235459121702e+00
2.973199999999999932e+02,-5.845331239936474077e+00
2.973400000000000318e+02,-5.181119724996415599e+00
2.973600000000000136e+02,-4.534019330011592963e+00
2.973799999999999955e+02,-3.927562525059283605e+00
2.974000000000000341e+02,-3.382016360515156084e+00
2.974200000000000159e+02,-2.913052241250802421e+00
2.974399999999999977e+02,-2.530642724514158282e+00
2.974599999999999795e+02,-2.238388232226083296e+00
2.974800000000000182e+02,-2.033598654120096327e+00
2.975000000000000000e+02,-1.908668511428820436e+00
2.975199999999999818e+02,-1.853668016031315924e+00
2.975400000000000205e+02,-1.859069566976170540e+00
2.975600000000000023e+02,-1.917510696207880505e+00
2.975799999999999841e+02,-2.024390480412059379e+00
2.976000000000000227e+02,-2.177734607008780632e+00
2.976200000000000045e+02,-2.377782557159251464e+00
2.976399999999999864e+02,-2.626524082074511490e+00
2.976600000000000250e+02,-2.927227802633633136e+00
2.976800000000000068e+02,-3.283907160144464932e+00
2.976999999999999886e+02,-3.700620506907265739e+00
2.977200000000000273e+02,-4.180470647869572787e+00
2.977400000000000091e+02,-4.724153237835282404e+00
2.977599999999999909e+02,-5.327924381578437618e+00
2.977800000000000296e+02,-5.980965347280530864e+00
2.978000000000000114e+02,-6.662400692295063820e+00
2.978199999999999932e+02,-7.338742966290723757e+00
2.978400000000000318e+02,-7.963252611417654947e+00
2.978600000000000136e+02,-8.479245013604204573e+00
2.978799999999999955e+02,-8.828925720051994830e+00
2.979000000000000341e+02,-8.966986417718178615e+00
2.979200000000000159e+02,-8.874271571473602904e+00
2.979399999999999977e+02,-8.564125975213283226e+00
2.979599999999999795e+02,-8.076460352532667031e+00
2.979800000000000182e+02,-7.462374534553717353e+00
2.980000000000000000e+02,-6.769128522240145607e+00
2.980199999999999818e+02,-6.033937285486626223e+00
2.980400000000000205e+02,-5.286397545765040284e+00
2.980600000000000023e+02,-4.552913693397538708e+00
2.980799999999999841e+02,-3.858148805829785033e+00
2.981000000000000227e+02,-3.223645361342773352e+00
2.981200000000000045e+02,-2.666039876353764271e+00
2.981399999999999864e+02,-2.196325343516562167e+00
2.981600000000000250e+02,-1.819970767508655607e+00
2.981800000000000068e+02,-1.536986338748698611e+00
2.981999999999999886e+02,-1.341669784110635089e+00
2.982200000000000273e+02,-1.223222801269634896e+00
2.982400000000000091e+02,-1.168401792572623998e+00
2.982599999999999909e+02,-1.165033847210144469e+00
2.982800000000000296e+02,-1.204211759282335370e+00
2.983000000000000114e+02,-1.280681111804204964e+00
2.983199999999999932e+02,-1.392308860442076579e+00
2.983400000000000318e+02,-1.539422674301161642e+00
2.983600000000000136e+02,-1.724310720436673217e+00
2.983799999999999955e+02,-1.950895201907530074e+00
2.984000000000000341e+02,-2.224506664012723789e+00
2.984200000000000159e+02,-2.551669948715791669e+00
2.984399999999999977e+02,-2.939797479909644906e+00
2.984599999999999795e+02,-3.396657250833703401e+00
2.984800000000000182e+02,-3.929432621294866479e+00
2.985000000000000000e+02,-4.543132689994743068e+00
2.985199999999999818e+02,-5.238069942885728025e+00
2.985400000000000205e+02,-6.006179762784430665e+00
2.985600000000000023e+02,-6.826259882356363384e+00
2.985799999999999841e+02,-7.658982045451747211e+00
2.986000000000000227e+02,-8.443904750503083534e+00
2.986200000000000045e+02,-9.102297437054103213e+00
2.986399999999999864e+02,-9.549801995124049370e+00
2.986600000000000250e+02,-9.719260038812034708e+00
2.986800000000000068e+02,-9.585714886147163938e+00
2.986999999999999886e+02,-9.178164957038307037e+00
2.987200000000000273e+02,-8.566423321221217080e+00
2.987400000000000091e+02,-7.829174160505736779e+00
2.987599999999999909e+02,-7.026232188858077876e+00
2.987800000000000296e+02,-6.193667557698653958e+00
2.988000000000000114e+02,-5.356757390289680565e+00
2.988199999999999932e+02,-4.541570023815764579e+00
2.988400000000000318e+02,-3.775819891377228732e+00
2.988600000000000136e+02,-3.083703363081299997e+00
2.988799999999999955e+02,-2.481660295426630913e+00
2.989000000000000341e+02,-1.977535979946413169e+00
2.989200000000000159e+02,-1.572340555737558043e+00
2.989399999999999977e+02,-1.263028425698077939e+00
2.989599999999999795e+02,-1.044836882583489057e+00
2.989800000000000182e+02,-9.116815312393095061e-01
2.990000000000000000e+02,-8.540654430005510944e-01
2.990199999999999818e+02,-8.578600761226151672e-01
2.990400000000000205e+02,-9.080201850769861194e-01
2.990600000000000023e+02,-9.937905401912401349e-01
2.990799999999999841e+02,-1.110342926115494011e+00
2.991000000000000227e+02,-1.257601108873193096e+00
2.991200000000000045e+02,-1.438710620862633682e+00
2.991399999999999864e+02,-1.659103869102217743e+00
2.991600000000000250e+02,-1.926144196345355164e+00
2.991800000000000068e+02,-2.249141292771873690e+00
2.991999999999999886e+02,-2.639580653009682365e+00
2.992200000000000273e+02,-3.111473620759616310e+00
2.992400000000000091e+02,-3.681768543519226000e+00
2.992599999999999909e+02,-4.370762169645995954e+00
2.992800000000000296e+02,-5.202416839402789428e+00
2.993000000000000114e+02,-6.204411204509961308e+00
2.993199999999999932e+02,-7.407612412918333611e+00
2.993400000000000318e+02,-8.844423211152971476e+00
2.993600000000000136e+02,-1.054509430563510541e+01
2.993799999999999955e+02,-1.253059333328604730e+01
2.994000000000000341e+02,-1.480010153312555765e+01
2.994200000000000159e+02,-1.731111238986977696e+01
2.994399999999999977e+02,-1.995159269058062179e+01
2.994599999999999795e+02,-2.250891817611514156e+01
2.994800000000000182e+02,-2.465169435186810531e+01
2.995000000000000000e+02,-2.595619562812667525e+01
2.995199999999999818e+02,-2.601350251445798989e+01
2.995400000000000205e+02,-2.461528306309403646e+01
2.995600000000000023e+02,-2.192517698652668656e+01
2.995799999999999841e+02,-1.847792999547222337e+01
2.996000000000000227e+02,-1.494255151060521492e+01
2.996200000000000045e+02,-1.180877359113360825e+01
2.996399999999999864e+02,-9.247662776936916629e+00
2.996600000000000250e+02,-7.208557287469713692e+00
2.996800000000000068e+02,-5.584305713364974721e+00
2.996999999999999886e+02,-4.295684489203341450e+00
2.997200000000000273e+02,-3.296230014743242176e+00
2.997400000000000091e+02,-2.551904223777414327e+00
2.997599999999999909e+02,-2.024931020065003473e+00
2.997800000000000296e+02,-1.670223399500505579e+00
2.998000000000000114e+02,-1.443200540322775893e+00
2.998199999999999932e+02,-1.308795231317128716e+00
2.998400000000000318e+02,-1.243691506831254623e+00
2.998600000000000136e+02,-1.233618723363456349e+00
2.998799999999999955e+02,-1.270050600183903144e+00
2.999000000000000341e+02,-1.347977036766613956e+00
2.999200000000000159e+02,-1.464631906280984941e+00
2.999399999999999977e+02,-1.618727524721288447e+00
2.999599999999999795e+02,-1.809869447204574655e+00
2.999800000000000182e+02,-2.037950339405820266e+00
3.000000000000000000e+02,-2.302380266763449423e+00
