time,x
0.000000000000000000e+00,-1.321005975937335819e+01
2.000000000000000042e-02,-1.625408772459055129e+01
4.000000000000000083e-02,-1.963951671203848903e+01
5.999999999999999778e-02,-2.318265921293718890e+01
8.000000000000000167e-02,-2.650274189364996502e+01
1.000000000000000056e-01,-2.899016109147033760e+01
1.199999999999999956e-01,-2.990784364777431747e+01
1.400000000000000133e-01,-2.870856943754247226e+01
1.600000000000000033e-01,-2.547104227256834363e+01
1.799999999999999933e-01,-2.107169766041765513e+01
2.000000000000000111e-01,-1.675113770807973523e+01
2.200000000000000011e-01,-1.333215125997175754e+01
2.399999999999999911e-01,-1.086704329404014402e+01
2.600000000000000089e-01,-9.033185554691296915e+00
2.800000000000000266e-01,-7.599950522099732098e+00
2.999999999999999889e-01,-6.492534419321460248e+00
3.200000000000000067e-01,-5.684317842578569646e+00
3.400000000000000244e-01,-5.134977291484611683e+00
3.599999999999999867e-01,-4.789856822172535722e+00
3.800000000000000044e-01,-4.597604274982140637e+00
4.000000000000000222e-01,-4.519799635846969643e+00
4.199999999999999845e-01,-4.530820050556248368e+00
4.400000000000000022e-01,-4.614036615440098466e+00
4.600000000000000200e-01,-4.758114751762917649e+00
4.799999999999999822e-01,-4.954365150611131696e+00
5.000000000000000000e-01,-5.194981196525718659e+00
5.200000000000000178e-01,-5.471822805083663255e+00
5.400000000000000355e-01,-5.775506570417252128e+00
5.600000000000000533e-01,-6.094691298719207673e+00
5.799999999999999600e-01,-6.415562839890847968e+00
5.999999999999999778e-01,-6.721616480932121718e+00
6.199999999999999956e-01,-6.993904863056149779e+00
6.400000000000000133e-01,-7.211944153305959837e+00
6.600000000000000311e-01,-7.355415492820707613e+00
6.800000000000000488e-01,-7.406633412737090971e+00
7.000000000000000666e-01,-7.353474018606915408e+00
7.199999999999999734e-01,-7.192138369287598643e+00
7.399999999999999911e-01,-6.928921784368094805e+00
7.600000000000000089e-01,-6.580245225199898407e+00
7.800000000000000266e-01,-6.170663060184770288e+00
8.000000000000000444e-01,-5.729245531050677798e+00
8.200000000000000622e-01,-5.285324941200158833e+00
8.399999999999999689e-01,-4.864761842923325474e+00
8.599999999999999867e-01,-4.487566713618075909e+00
8.800000000000000044e-01,-4.167118853503931852e+00
9.000000000000000222e-01,-3.910689925357731411e+00
9.200000000000000400e-01,-3.720719335249646598e+00
9.400000000000000577e-01,-3.596302495748053829e+00
9.599999999999999645e-01,-3.534526953906713231e+00
9.799999999999999822e-01,-3.531489785307566187e+00
1.000000000000000000e+00,-3.582979927647480078e+00
1.020000000000000018e+00,-3.684884943694438864e+00
1.040000000000000036e+00,-3.833393187117480227e+00
1.060000000000000053e+00,-4.025037186889771412e+00
1.080000000000000071e+00,-4.256593335407287348e+00
1.100000000000000089e+00,-4.524836641107864210e+00
1.120000000000000107e+00,-4.826150256780433523e+00
1.140000000000000124e+00,-5.156001369394083156e+00
1.159999999999999920e+00,-5.508312736411040689e+00
1.179999999999999938e+00,-5.874784069361370875e+00
1.199999999999999956e+00,-6.244254338627365897e+00
1.219999999999999973e+00,-6.602247630000009693e+00
1.239999999999999991e+00,-6.930903625412256019e+00
1.260000000000000009e+00,-7.209539615958706626e+00
1.280000000000000027e+00,-7.416076334219056321e+00
1.300000000000000044e+00,-7.529441233962542057e+00
1.320000000000000062e+00,-7.532792241064902861e+00
1.340000000000000080e+00,-7.417019288512361364e+00
1.360000000000000098e+00,-7.183612290434874481e+00
1.380000000000000115e+00,-6.845863802459360770e+00
1.400000000000000133e+00,-6.427707072263510568e+00
1.419999999999999929e+00,-5.960247228150920229e+00
1.439999999999999947e+00,-5.476911080155948852e+00
1.459999999999999964e+00,-5.008634929988382112e+00
1.479999999999999982e+00,-4.580361079174717354e+00
1.500000000000000000e+00,-4.209450874095023387e+00
1.520000000000000018e+00,-3.905866559942059890e+00
1.540000000000000036e+00,-3.673501483882340768e+00
1.560000000000000053e+00,-3.511949902417025982e+00
1.580000000000000071e+00,-3.418185898399281886e+00
1.600000000000000089e+00,-3.387878060300279159e+00
1.620000000000000107e+00,-3.416281794062559829e+00
1.640000000000000124e+00,-3.498775385932221926e+00
1.660000000000000142e+00,-3.631141846216764613e+00
1.679999999999999938e+00,-3.809673559121822262e+00
1.699999999999999956e+00,-4.031131257820631753e+00
1.719999999999999973e+00,-4.292555783605606301e+00
1.739999999999999991e+00,-4.590922840508049774e+00
1.760000000000000009e+00,-4.922639902493308739e+00
1.780000000000000027e+00,-5.282900528953443420e+00
1.800000000000000044e+00,-5.664931900237714757e+00
1.820000000000000062e+00,-6.059202412546452088e+00
1.840000000000000080e+00,-6.452704883588701534e+00
1.860000000000000098e+00,-6.828500301164607045e+00
1.880000000000000115e+00,-7.165781794888576250e+00
1.900000000000000133e+00,-7.440768268000756080e+00
1.919999999999999929e+00,-7.628696212462246606e+00
1.939999999999999947e+00,-7.706981717544657329e+00
1.959999999999999964e+00,-7.659233019752016425e+00
1.979999999999999982e+00,-7.479283659470521428e+00
2.000000000000000000e+00,-7.174013464229437531e+00
2.020000000000000018e+00,-6.763748440041133847e+00
2.040000000000000036e+00,-6.279679559085161955e+00
2.060000000000000053e+00,-5.758829869757022379e+00
2.080000000000000071e+00,-5.238082105970622848e+00
2.100000000000000089e+00,-4.749061696852161063e+00
2.120000000000000107e+00,-4.315119079987491446e+00
2.140000000000000124e+00,-3.950669625980745892e+00
2.160000000000000142e+00,-3.662323251088043907e+00
2.180000000000000160e+00,-3.450904944958434140e+00
2.200000000000000178e+00,-3.313579567643108348e+00
2.220000000000000195e+00,-3.245610552565240781e+00
2.240000000000000213e+00,-3.241591167497158921e+00
2.260000000000000231e+00,-3.296193720492380574e+00
2.280000000000000249e+00,-3.404570786681194505e+00
2.300000000000000266e+00,-3.562536480963525154e+00
2.319999999999999840e+00,-3.766597725022504672e+00
2.339999999999999858e+00,-4.013846704556763179e+00
2.359999999999999876e+00,-4.301696478285388814e+00
2.379999999999999893e+00,-4.627443807423807343e+00
2.399999999999999911e+00,-4.987658356397608017e+00
2.419999999999999929e+00,-5.377415130378913055e+00
2.439999999999999947e+00,-5.789408985988177214e+00
2.459999999999999964e+00,-6.213027488259963427e+00
2.479999999999999982e+00,-6.633521742220651163e+00
2.500000000000000000e+00,-7.031505312116867579e+00
2.520000000000000018e+00,-7.383110449860750713e+00
2.540000000000000036e+00,-7.661190087139593707e+00
2.560000000000000053e+00,-7.837888702011539088e+00
2.580000000000000071e+00,-7.888622936782586414e+00
2.600000000000000089e+00,-7.796976408787978485e+00
2.620000000000000107e+00,-7.559351509342336684e+00
2.640000000000000124e+00,-7.187774485399163638e+00
2.660000000000000142e+00,-6.709448524394468372e+00
2.680000000000000160e+00,-6.162670262840830304e+00
2.700000000000000178e+00,-5.590186159763493201e+00
2.720000000000000195e+00,-5.032132799377759369e+00
2.740000000000000213e+00,-4.520709105466448108e+00
2.760000000000000231e+00,-4.077725075093209028e+00
2.780000000000000249e+00,-3.714880077892318777e+00
2.800000000000000266e+00,-3.435784021725783344e+00
2.819999999999999840e+00,-3.238583917836979520e+00
2.839999999999999858e+00,-3.118372114044763777e+00
2.859999999999999876e+00,-3.068984422372179832e+00
2.879999999999999893e+00,-3.084137516083024000e+00
2.899999999999999911e+00,-3.158045584844669573e+00
2.919999999999999929e+00,-3.285709441516411644e+00
2.939999999999999947e+00,-3.463024226210134060e+00
2.959999999999999964e+00,-3.686763551633190694e+00
2.979999999999999982e+00,-3.954428204709484973e+00
3.000000000000000000e+00,-4.263925770957376571e+00
3.020000000000000018e+00,-4.613059384190166590e+00
3.040000000000000036e+00,-4.998823561292434547e+00
3.060000000000000053e+00,-5.416521361614313079e+00
3.080000000000000071e+00,-5.858737980910954768e+00
3.100000000000000089e+00,-6.314247959703346069e+00
3.120000000000000107e+00,-6.767010383133946760e+00
3.140000000000000124e+00,-7.195523302009891431e+00
3.160000000000000142e+00,-7.572940304522857602e+00
3.180000000000000160e+00,-7.868442445368504679e+00
3.200000000000000178e+00,-8.050290115638949473e+00
3.220000000000000195e+00,-8.090626799735547436e+00
3.240000000000000213e+00,-7.971409910659399856e+00
3.260000000000000231e+00,-7.689975785239881567e+00
3.280000000000000249e+00,-7.262178584170909446e+00
3.300000000000000266e+00,-6.721365053293004266e+00
3.320000000000000284e+00,-6.112872726917557564e+00
3.339999999999999858e+00,-5.485663126589883198e+00
3.359999999999999876e+00,-4.883953126218818497e+00
3.379999999999999893e+00,-4.341450162861603346e+00
3.399999999999999911e+00,-3.879301323832947013e+00
3.419999999999999929e+00,-3.507215899017821492e+00
3.439999999999999947e+00,-3.226342013580197676e+00
3.459999999999999964e+00,-3.032504994497770667e+00
3.479999999999999982e+00,-2.918930235495780234e+00
3.500000000000000000e+00,-2.878121290852457381e+00
3.520000000000000018e+00,-2.902939499810454294e+00
3.540000000000000036e+00,-2.987114670617292411e+00
3.560000000000000053e+00,-3.125443043883014749e+00
3.580000000000000071e+00,-3.313844380222163544e+00
3.600000000000000089e+00,-3.549327232403567844e+00
3.620000000000000107e+00,-3.829826677871836615e+00
3.640000000000000124e+00,-4.153862486104996421e+00
3.660000000000000142e+00,-4.519988247446825369e+00
3.680000000000000160e+00,-4.926025872040514564e+00
3.700000000000000178e+00,-5.368092277042591398e+00
3.720000000000000195e+00,-5.839439841748169435e+00
3.740000000000000213e+00,-6.329171978001421728e+00
3.760000000000000231e+00,-6.820980251763146818e+00
3.780000000000000249e+00,-7.292189492952277696e+00
3.800000000000000266e+00,-7.713575720098639010e+00
3.820000000000000284e+00,-8.050574001778267430e+00
3.839999999999999858e+00,-8.266483810619698502e+00
3.859999999999999876e+00,-8.327922095265570590e+00
3.879999999999999893e+00,-8.211945101351664889e+00
3.899999999999999911e+00,-7.913105692146281456e+00
3.919999999999999929e+00,-7.447822935793026566e+00
3.939999999999999947e+00,-6.853658575073151127e+00
3.959999999999999964e+00,-6.182852280877125573e+00
3.979999999999999982e+00,-5.492053841601649999e+00
4.000000000000000000e+00,-4.831973594961603169e+00
4.020000000000000462e+00,-4.240387938821019276e+00
4.040000000000000036e+00,-3.739909170299525965e+00
4.060000000000000497e+00,-3.339707119865092722e+00
4.080000000000000071e+00,-3.039263004322579675e+00
4.099999999999999645e+00,-2.832377988464004570e+00
4.120000000000000107e+00,-2.710399311117186905e+00
4.139999999999999680e+00,-2.664336381695007194e+00
4.160000000000000142e+00,-2.685983195206309571e+00
4.179999999999999716e+00,-2.768365577986219961e+00
4.200000000000000178e+00,-2.905855686296889395e+00
4.219999999999999751e+00,-3.094184337875281354e+00
4.240000000000000213e+00,-3.330412626734205794e+00
4.259999999999999787e+00,-3.612803980914637059e+00
4.280000000000000249e+00,-3.940516492784161606e+00
4.299999999999999822e+00,-4.313071431402834222e+00
4.320000000000000284e+00,-4.729587055779289173e+00
4.339999999999999858e+00,-5.187775697966335642e+00
4.360000000000000320e+00,-5.682703660570169291e+00
4.379999999999999893e+00,-6.205337537936305381e+00
4.400000000000000355e+00,-6.740974717152236728e+00
4.419999999999999929e+00,-7.267802578178209849e+00
4.440000000000000391e+00,-7.756048824574961031e+00
4.459999999999999964e+00,-8.168435162393302917e+00
4.480000000000000426e+00,-8.462788459199064306e+00
4.500000000000000000e+00,-8.597467412769331574e+00
4.520000000000000462e+00,-8.539462429230455953e+00
4.540000000000000036e+00,-8.273597630612703924e+00
4.560000000000000497e+00,-7.809741510863766223e+00
4.580000000000000071e+00,-7.184464023450937376e+00
4.600000000000000533e+00,-6.455189974238973782e+00
4.620000000000000107e+00,-5.688275858966205689e+00
4.639999999999999680e+00,-4.945518445495957316e+00
4.660000000000000142e+00,-4.274113248827575262e+00
4.679999999999999716e+00,-3.702719684040258752e+00
4.700000000000000178e+00,-3.243050073469381012e+00
4.719999999999999751e+00,-2.894490413141578067e+00
4.740000000000000213e+00,-2.649252156656248136e+00
4.759999999999999787e+00,-2.496560053888017716e+00
4.780000000000000249e+00,-2.425391676499944360e+00
4.799999999999999822e+00,-2.425893995940074266e+00
4.820000000000000284e+00,-2.489872840000784571e+00
4.839999999999999858e+00,-2.610817288784609502e+00
4.860000000000000320e+00,-2.783823522724177657e+00
4.879999999999999893e+00,-3.005562778142005342e+00
4.900000000000000355e+00,-3.274233297457990854e+00
4.919999999999999929e+00,-3.589367172577084375e+00
4.940000000000000391e+00,-3.951409564078134817e+00
4.959999999999999964e+00,-4.361048790145761522e+00
4.980000000000000426e+00,-4.818294132443879718e+00
5.000000000000000000e+00,-5.321284642761256123e+00
5.020000000000000462e+00,-5.864804125995135564e+00
5.040000000000000036e+00,-6.438511222607921525e+00
5.060000000000000497e+00,-7.025000552969006939e+00
5.080000000000000071e+00,-7.598020796082487038e+00
5.100000000000000533e+00,-8.121487532248163888e+00
5.120000000000000107e+00,-8.550281543884763025e+00
5.139999999999999680e+00,-8.834002942665955871e+00
5.160000000000000142e+00,-8.924497975783946657e+00
5.179999999999999716e+00,-8.786703733085930779e+00
5.200000000000000178e+00,-8.410224405346017562e+00
5.219999999999999751e+00,-7.817055707573009826e+00
5.240000000000000213e+00,-7.060845515229584812e+00
5.259999999999999787e+00,-6.216234908898167433e+00
5.280000000000000249e+00,-5.361901764541052273e+00
5.299999999999999822e+00,-4.564327906374025190e+00
5.320000000000000284e+00,-3.868291698273778056e+00
5.339999999999999858e+00,-3.295697568735615590e+00
5.360000000000000320e+00,-2.850267190684430130e+00
5.379999999999999893e+00,-2.524306081452070138e+00
5.400000000000000355e+00,-2.304787806760785873e+00
5.419999999999999929e+00,-2.177613134800568950e+00
5.440000000000000391e+00,-2.129992942390163346e+00
5.459999999999999964e+00,-2.151372410231959353e+00
5.480000000000000426e+00,-2.233464676514567593e+00
5.500000000000000000e+00,-2.369968223936664842e+00
5.520000000000000462e+00,-2.556373620137090796e+00
5.540000000000000036e+00,-2.789947316440851033e+00
5.560000000000000497e+00,-3.069729216946145645e+00
5.580000000000000071e+00,-3.396354306010531232e+00
5.600000000000000533e+00,-3.771616094770799510e+00
5.620000000000000107e+00,-4.197771445849505234e+00
5.639999999999999680e+00,-4.676588659928984093e+00
5.660000000000000142e+00,-5.208101297776118521e+00
5.679999999999999716e+00,-5.788999866102801484e+00
5.700000000000000178e+00,-6.410610719234983712e+00
5.719999999999999751e+00,-7.056514151252039291e+00
5.740000000000000213e+00,-7.700082359724556014e+00
5.759999999999999787e+00,-8.302610489579645758e+00
5.780000000000000249e+00,-8.813229090931647747e+00
5.799999999999999822e+00,-9.172218898233385431e+00
5.820000000000000284e+00,-9.319210623022566864e+00
5.839999999999999858e+00,-9.206397598436648622e+00
5.860000000000000320e+00,-8.814050385528290121e+00
5.879999999999999893e+00,-8.162369532568840569e+00
5.900000000000000355e+00,-7.312720120465360907e+00
5.919999999999999929e+00,-6.355044539668680770e+00
5.940000000000000391e+00,-5.385657243058417087e+00
5.959999999999999964e+00,-4.485323216369709876e+00
5.980000000000000426e+00,-3.706568066703048281e+00
6.000000000000000000e+00,-3.072647851411970166e+00
6.020000000000000462e+00,-2.584400607208606981e+00
6.040000000000000036e+00,-2.229429664930071109e+00
6.060000000000000497e+00,-1.989897465411606392e+00
6.080000000000000071e+00,-1.847681123616750742e+00
6.100000000000000533e+00,-1.787084657957186407e+00
6.120000000000000107e+00,-1.795740370978021527e+00
6.140000000000000568e+00,-1.864376341660649583e+00
6.160000000000000142e+00,-1.986149609093601498e+00
6.179999999999999716e+00,-2.156157733698184309e+00
6.200000000000000178e+00,-2.371363885283226836e+00
6.219999999999999751e+00,-2.630728249173967193e+00
6.240000000000000213e+00,-2.935216239725782827e+00
6.259999999999999787e+00,-3.287524515509124612e+00
6.280000000000000249e+00,-3.691535412050364950e+00
6.299999999999999822e+00,-4.151540267240618753e+00
6.320000000000000284e+00,-4.671210706572056282e+00
6.339999999999999858e+00,-5.252223220129097925e+00
6.360000000000000320e+00,-5.892399817570514564e+00
6.379999999999999893e+00,-6.583246221418899147e+00
6.400000000000000355e+00,-7.306891191218775283e+00
6.419999999999999929e+00,-8.032731955008973301e+00
6.440000000000000391e+00,-8.714637465370724811e+00
6.459999999999999964e+00,-9.290351068504580923e+00
6.480000000000000426e+00,-9.685475114576826527e+00
6.500000000000000000e+00,-9.824371331878408498e+00
6.520000000000000462e+00,-9.648347313938499425e+00
6.540000000000000036e+00,-9.137079683767783678e+00
6.560000000000000497e+00,-8.324092358490316812e+00
6.580000000000000071e+00,-7.295900565480735622e+00
6.600000000000000533e+00,-6.171192500697311623e+00
6.620000000000000107e+00,-5.068459938039513446e+00
6.640000000000000568e+00,-4.077956924265866867e+00
6.660000000000000142e+00,-3.249615349813278264e+00
6.679999999999999716e+00,-2.597050838898601555e+00
6.700000000000000178e+00,-2.109745318907162659e+00
6.719999999999999751e+00,-1.765469938592097776e+00
6.740000000000000213e+00,-1.539186077954724396e+00
6.759999999999999787e+00,-1.408119464780570596e+00
6.780000000000000249e+00,-1.354001870350378667e+00
6.799999999999999822e+00,-1.363452589728057607e+00
6.820000000000000284e+00,-1.427183319531851957e+00
6.839999999999999858e+00,-1.538714080440340970e+00
6.860000000000000320e+00,-1.693416915325448802e+00
6.879999999999999893e+00,-1.888346161620443553e+00
6.900000000000000355e+00,-2.122572983823862280e+00
6.919999999999999929e+00,-2.397441562791021941e+00
6.940000000000000391e+00,-2.716470370273134982e+00
6.959999999999999964e+00,-3.084952983171145302e+00
6.980000000000000426e+00,-3.509380691434118571e+00
7.000000000000000000e+00,-3.996713198358929020e+00
7.020000000000000462e+00,-4.553407430247252918e+00
7.040000000000000036e+00,-5.184027290059256998e+00
7.060000000000000497e+00,-5.889200064483500974e+00
7.080000000000000071e+00,-6.662682749722701914e+00
7.100000000000000533e+00,-7.487403549056006469e+00
7.120000000000000107e+00,-8.330678141279157956e+00
7.140000000000000568e+00,-9.139521271519759793e+00
7.160000000000000142e+00,-9.838185599335036002e+00
7.179999999999999716e+00,-1.033149953394770115e+01
7.200000000000000178e+00,-1.051816980915629429e+01
7.219999999999999751e+00,-1.031591444377911593e+01
7.240000000000000213e+00,-9.693430923811662936e+00
7.259999999999999787e+00,-8.694918714470691867e+00
7.280000000000000249e+00,-7.439445268713965831e+00
7.299999999999999822e+00,-6.088477395529857894e+00
7.320000000000000284e+00,-4.796251323908251152e+00
7.339999999999999858e+00,-3.670198188886616641e+00
7.360000000000000320e+00,-2.758923762353328257e+00
7.379999999999999893e+00,-2.064004724305744887e+00
7.400000000000000355e+00,-1.560270824496402309e+00
7.419999999999999929e+00,-1.212759385416038560e+00
7.440000000000000391e+00,-9.868905303270857354e-01
7.459999999999999964e+00,-8.532289523138127940e-01
7.480000000000000426e+00,-7.890878442030817563e-01
7.500000000000000000e+00,-7.785442294664218776e-01
7.520000000000000462e+00,-8.115470721945891031e-01
7.540000000000000036e+00,-8.822486725536200503e-01
7.560000000000000497e+00,-9.869518295198672631e-01
7.580000000000000071e+00,-1.122796516690515833e+00
7.600000000000000533e+00,-1.287889971842442582e+00
7.620000000000000107e+00,-1.482146678414333785e+00
7.640000000000000568e+00,-1.707796166243598091e+00
7.660000000000000142e+00,-1.969333336365764797e+00
7.679999999999999716e+00,-2.273199333516771947e+00
7.700000000000000178e+00,-2.627436754523714946e+00
7.719999999999999751e+00,-3.041373470284863600e+00
7.740000000000000213e+00,-3.525256868561874590e+00
7.759999999999999787e+00,-4.089679339449105555e+00
7.780000000000000249e+00,-4.744564998814527534e+00
7.799999999999999822e+00,-5.497403471489248794e+00
7.820000000000000284e+00,-6.350319246665406148e+00
7.839999999999999858e+00,-7.295519909322535135e+00
7.860000000000000320e+00,-8.308800282511853652e+00
7.879999999999999893e+00,-9.341379726705589803e+00
7.900000000000000355e+00,-1.031182022062418469e+01
7.919999999999999929e+00,-1.110240418350306868e+01
7.940000000000000391e+00,-1.156748784320115142e+01
7.959999999999999964e+00,-1.156204361640918776e+01
7.980000000000000426e+00,-1.099147534868252585e+01
8.000000000000000000e+00,-9.866001855251726127e+00
8.019999999999999574e+00,-8.324686167076549737e+00
8.040000000000000924e+00,-6.599869466639412430e+00
8.060000000000000497e+00,-4.933116221176349292e+00
8.080000000000000071e+00,-3.495316656673770783e+00
8.099999999999999645e+00,-2.357854027175757317e+00
8.120000000000000995e+00,-1.514290253917920159e+00
8.140000000000000568e+00,-9.189121189740484530e-01
8.160000000000000142e+00,-5.158536937777516984e-01
8.179999999999999716e+00,-2.536828404102181578e-01
8.199999999999999289e+00,-9.042354386924814080e-02
8.220000000000000639e+00,5.967634964759001293e-03
8.240000000000000213e+00,5.887711769979551285e-02
8.259999999999999787e+00,8.478177507830203519e-02
8.279999999999999361e+00,9.493582369571799962e-02
8.300000000000000711e+00,9.680945810101050653e-02
8.320000000000000284e+00,9.524758404240463161e-02
8.339999999999999858e+00,9.338579974413784013e-02
8.359999999999999432e+00,9.338092843872952686e-02
8.380000000000000782e+00,9.695650907857478185e-02
8.400000000000000355e+00,1.055628825482473748e-01
8.419999999999999929e+00,1.199463784227718099e-01
8.439999999999999503e+00,1.398169611716396088e-01
8.460000000000000853e+00,1.644955099246448449e-01
8.480000000000000426e+00,1.937797146170515683e-01
8.500000000000000000e+00,2.281854073876337097e-01
8.519999999999999574e+00,2.688055151650723951e-01
8.540000000000000924e+00,3.171617841246286429e-01
8.560000000000000497e+00,3.751549683809801139e-01
8.580000000000000071e+00,4.450972192996198173e-01
8.599999999999999645e+00,5.297979743568211886e-01
8.620000000000000995e+00,6.326875840534748052e-01
8.640000000000000568e+00,7.579742699359641733e-01
8.660000000000000142e+00,9.108367039964434531e-01
8.679999999999999716e+00,1.097657538168237856e+00
8.700000000000001066e+00,1.326304223312697372e+00
8.720000000000000639e+00,1.606461844412171658e+00
8.740000000000000213e+00,1.950017665604480532e+00
8.759999999999999787e+00,2.371485119281366849e+00
8.779999999999999361e+00,2.888430276150167231e+00
8.800000000000000711e+00,3.521815509721553106e+00
8.820000000000000284e+00,4.296083797244420133e+00
8.839999999999999858e+00,5.238643443780302889e+00
8.859999999999999432e+00,6.378130573195033293e+00
8.880000000000000782e+00,7.740386435148343125e+00
8.900000000000000355e+00,9.340488777680134191e+00
8.919999999999999929e+00,1.116866663308267427e+01
8.939999999999999503e+00,1.316832775744194173e+01
8.960000000000000853e+00,1.520775506901007290e+01
8.980000000000000426e+00,1.705638967161310404e+01
9.000000000000000000e+00,1.839271469007072213e+01
9.019999999999999574e+00,1.888142888224739124e+01
9.040000000000000924e+00,1.832966720734708588e+01
9.060000000000000497e+00,1.684433938793297969e+01
9.080000000000000071e+00,1.483833881878523364e+01
9.099999999999999645e+00,1.281478670590429658e+01
9.120000000000000995e+00,1.108118479028073899e+01
9.140000000000000568e+00,9.662243187552840951e+00
9.160000000000000142e+00,8.466200495093401557e+00
9.179999999999999716e+00,7.453224978492212216e+00
9.200000000000001066e+00,6.649886454313204354e+00
9.220000000000000639e+00,6.089798305403382628e+00
9.240000000000000213e+00,5.772149373253025573e+00
9.259999999999999787e+00,5.660864300075173716e+00
9.279999999999999361e+00,5.707748018130136103e+00
9.300000000000000711e+00,5.873141750258752403e+00
9.320000000000000284e+00,6.132828930725674255e+00
9.339999999999999858e+00,6.475704313569831783e+00
9.359999999999999432e+00,6.898955505497490925e+00
9.380000000000000782e+00,7.403899647843971366e+00
9.400000000000000355e+00,7.993014967008345906e+00
9.419999999999999929e+00,8.667796548550974478e+00
9.439999999999999503e+00,9.426941963298270721e+00
9.460000000000000853e+00,1.026448398183918442e+01
9.480000000000000426e+00,1.116765989104563772e+01
9.500000000000000000e+00,1.211452411541897511e+01
9.519999999999999574e+00,1.307159677341173065e+01
9.540000000000000924e+00,1.399221763145136066e+01
9.560000000000000497e+00,1.481669508856267647e+01
9.580000000000000071e+00,1.547562380421200068e+01
9.599999999999999645e+00,1.589754268793795866e+01
9.620000000000000995e+00,1.602100404925326771e+01
9.640000000000000568e+00,1.580900132337722575e+01
9.660000000000000142e+00,1.526127788617270475e+01
9.679999999999999716e+00,1.441899393278414365e+01
9.700000000000001066e+00,1.335825684148966808e+01
9.720000000000000639e+00,1.217392455644987770e+01
9.740000000000000213e+00,1.095997951215630906e+01
9.759999999999999787e+00,9.794037790533664634e+00
9.779999999999999361e+00,8.730357757852404532e+00
9.800000000000000711e+00,7.800821845115391007e+00
9.820000000000000284e+00,7.020312772239026167e+00
9.839999999999999858e+00,6.392819950814297769e+00
9.859999999999999432e+00,5.916192290678345955e+00
9.880000000000000782e+00,5.585031947105252748e+00
9.900000000000000355e+00,5.392121729725001700e+00
9.919999999999999929e+00,5.329099259006028433e+00
9.939999999999999503e+00,5.387044304607441880e+00
9.960000000000000853e+00,5.557316577264002078e+00
9.980000000000000426e+00,5.832541152647590543e+00
1.000000000000000000e+01,6.207380641427438839e+00
1.001999999999999957e+01,6.678790372631039141e+00
1.004000000000000092e+01,7.245663278836389054e+00
1.006000000000000050e+01,7.907917271418057226e+00
1.008000000000000007e+01,8.665094526136265074e+00
1.009999999999999964e+01,9.514487970761564384e+00
1.012000000000000099e+01,1.044876580592498527e+01
1.014000000000000057e+01,1.145309020442669201e+01
1.016000000000000014e+01,1.250186871885767914e+01
1.017999999999999972e+01,1.355557954457335512e+01
1.020000000000000107e+01,1.455859030549074262e+01
1.022000000000000064e+01,1.543946116666694834e+01
1.024000000000000021e+01,1.611560327710193619e+01
1.025999999999999979e+01,1.650380071100998336e+01
1.027999999999999936e+01,1.653637902940374715e+01
1.030000000000000071e+01,1.617963262911503719e+01
1.032000000000000028e+01,1.544782719932301163e+01
1.033999999999999986e+01,1.440539490165957837e+01
1.035999999999999943e+01,1.315403760702942115e+01
1.038000000000000078e+01,1.180901772953342466e+01
1.040000000000000036e+01,1.047474686210362194e+01
1.041999999999999993e+01,9.229179260671896756e+00
1.043999999999999950e+01,8.120252947726237736e+00
1.046000000000000085e+01,7.171124353420024633e+00
1.048000000000000043e+01,6.388552044208812397e+00
1.050000000000000000e+01,5.770281459002050362e+00
1.051999999999999957e+01,5.309866535956906830e+00
1.054000000000000092e+01,4.999087261767845902e+00
1.056000000000000050e+01,4.828790037048750428e+00
1.058000000000000007e+01,4.789113864158855094e+00
1.059999999999999964e+01,4.869912679674042622e+00
1.062000000000000099e+01,5.061704796236532466e+00
1.064000000000000057e+01,5.356873898787647192e+00
1.066000000000000014e+01,5.750574678068593570e+00
1.067999999999999972e+01,6.240983364962793267e+00
1.070000000000000107e+01,6.828859747758231791e+00
1.072000000000000064e+01,7.516547090270242926e+00
1.074000000000000021e+01,8.306504131008491498e+00
1.075999999999999979e+01,9.199354955638181508e+00
1.077999999999999936e+01,1.019135736498233058e+01
1.080000000000000071e+01,1.127118543275961571e+01
1.082000000000000028e+01,1.241604591257740076e+01
1.083999999999999986e+01,1.358746556941413175e+01
1.085999999999999943e+01,1.472765862019018890e+01
1.088000000000000078e+01,1.575819002652485068e+01
1.090000000000000036e+01,1.658342542718257207e+01
1.091999999999999993e+01,1.710132776346649308e+01
1.093999999999999950e+01,1.722249848013863627e+01
1.096000000000000085e+01,1.689434038878027167e+01
1.098000000000000043e+01,1.612201459556144201e+01
1.100000000000000000e+01,1.497527940625037246e+01
1.101999999999999957e+01,1.357457013639258214e+01
1.104000000000000092e+01,1.206041972611550506e+01
1.106000000000000050e+01,1.056015293829677759e+01
1.108000000000000007e+01,9.166301584898201682e+00
1.109999999999999964e+01,7.932159997723108980e+00
1.112000000000000099e+01,6.879742450500780038e+00
1.114000000000000057e+01,6.011676746149376527e+00
1.116000000000000014e+01,5.321117107709108396e+00
1.117999999999999972e+01,4.797832037052834231e+00
1.120000000000000107e+01,4.431005300567250060e+00
1.122000000000000064e+01,4.209905522424829627e+00
1.124000000000000021e+01,4.123576039110428582e+00
1.125999999999999979e+01,4.160651064273788613e+00
1.127999999999999936e+01,4.310038520213518964e+00
1.130000000000000071e+01,4.562361255240088731e+00
1.132000000000000028e+01,4.911375383561659369e+00
1.133999999999999986e+01,5.354682269349144264e+00
1.135999999999999943e+01,5.893591237781284242e+00
1.138000000000000078e+01,6.532340089889234314e+00
1.140000000000000036e+01,7.276882881873255826e+00
1.141999999999999993e+01,8.133290081652955195e+00
1.143999999999999950e+01,9.105640744246382923e+00
1.146000000000000085e+01,1.019318547449184109e+01
1.148000000000000043e+01,1.138655021902905240e+01
1.150000000000000000e+01,1.266288979824743599e+01
1.151999999999999957e+01,1.398028645903472977e+01
1.154000000000000092e+01,1.527245537722726532e+01
1.156000000000000050e+01,1.644600405835060641e+01
1.158000000000000007e+01,1.738380156070096305e+01
1.159999999999999964e+01,1.795845754078635537e+01
1.162000000000000099e+01,1.805779439794092411e+01
1.164000000000000057e+01,1.761818766093128019e+01
1.166000000000000014e+01,1.665336968475544310e+01
1.167999999999999972e+01,1.526206831085462134e+01
1.170000000000000107e+01,1.360504569731396352e+01
1.172000000000000064e+01,1.185970266717177957e+01
1.174000000000000021e+01,1.017503474826179399e+01
1.175999999999999979e+01,8.647613373436165318e+00
1.177999999999999936e+01,7.322739753650290950e+00
1.180000000000000071e+01,6.210082832873903946e+00
1.182000000000000028e+01,5.300759262984074738e+00
1.183999999999999986e+01,4.579181409505438616e+00
1.185999999999999943e+01,4.029212430101683395e+00
1.188000000000000078e+01,3.636480399364498961e+00
1.190000000000000036e+01,3.388461326733014811e+00
1.191999999999999993e+01,3.273379758621465019e+00
1.193999999999999950e+01,3.279070704278856052e+00
1.196000000000000085e+01,3.393058231236161237e+00
1.198000000000000043e+01,3.604159322276024646e+00
1.200000000000000000e+01,3.904542213584632382e+00
1.201999999999999957e+01,4.290988049932680681e+00
1.204000000000000092e+01,4.765019081233886844e+00
1.206000000000000050e+01,5.332262028104429064e+00
1.208000000000000007e+01,6.001464064814836519e+00
1.209999999999999964e+01,6.783321618712275125e+00
1.212000000000000099e+01,7.689031739454168068e+00
1.214000000000000057e+01,8.728305073949087500e+00
1.216000000000000014e+01,9.906472673371057525e+00
1.217999999999999972e+01,1.122026744792618835e+01
1.220000000000000107e+01,1.265194084125589491e+01
1.222000000000000064e+01,1.416172720902826931e+01
1.224000000000000021e+01,1.567955783108743795e+01
1.225999999999999979e+01,1.709858051403269030e+01
1.228000000000000114e+01,1.827535899443954648e+01
1.230000000000000071e+01,1.904345308639261702e+01
1.232000000000000028e+01,1.924564066921675476e+01
1.233999999999999986e+01,1.878195823012745791e+01
1.235999999999999943e+01,1.765646939634111590e+01
1.238000000000000078e+01,1.599496148761195435e+01
1.240000000000000036e+01,1.401402587489468310e+01
1.241999999999999993e+01,1.195186487016651000e+01
1.243999999999999950e+01,9.999262625385565428e+00
1.246000000000000085e+01,8.266581382085142593e+00
1.248000000000000043e+01,6.791932100953477658e+00
1.250000000000000000e+01,5.569285322808537053e+00
1.251999999999999957e+01,4.574187070792394394e+00
1.254000000000000092e+01,3.778617376399858507e+00
1.256000000000000050e+01,3.157113680561042024e+00
1.258000000000000007e+01,2.688582667414044725e+00
1.259999999999999964e+01,2.356471251410509282e+00
1.262000000000000099e+01,2.147978195262555623e+00
1.264000000000000057e+01,2.052155504149212106e+00
1.266000000000000014e+01,2.057544191598942973e+00
1.267999999999999972e+01,2.151408400726012360e+00
1.270000000000000107e+01,2.321717356509314101e+00
1.272000000000000064e+01,2.560100197819575207e+00
1.274000000000000021e+01,2.863477972617281875e+00
1.275999999999999979e+01,3.234051349166024547e+00
1.278000000000000114e+01,3.678527526267992620e+00
1.280000000000000071e+01,4.207299982705781538e+00
1.282000000000000028e+01,4.833805395561946661e+00
1.283999999999999986e+01,5.573979961494377022e+00
1.285999999999999943e+01,6.445599290481796473e+00
1.288000000000000078e+01,7.467189332505594912e+00
1.290000000000000036e+01,8.656089294940565892e+00
1.291999999999999993e+01,1.002508251502191250e+01
1.293999999999999950e+01,1.157686520159114174e+01
1.296000000000000085e+01,1.329557193674244253e+01
1.298000000000000043e+01,1.513495373664362553e+01
1.300000000000000000e+01,1.700412878906124803e+01
1.301999999999999957e+01,1.875482054536470500e+01
1.304000000000000092e+01,2.017886888297697467e+01
1.306000000000000050e+01,2.102952261066840123e+01
1.308000000000000007e+01,2.107820734108195637e+01
1.309999999999999964e+01,2.020113467142406449e+01
1.312000000000000099e+01,1.845786137598128818e+01
1.314000000000000057e+01,1.610287649292445522e+01
1.316000000000000014e+01,1.350026044435277761e+01
1.317999999999999972e+01,1.098556505196434507e+01
1.320000000000000107e+01,8.765653845591575788e+00
1.322000000000000064e+01,6.908411697468894275e+00
1.324000000000000021e+01,5.394774123446604008e+00
1.325999999999999979e+01,4.174609744237407050e+00
1.328000000000000114e+01,3.197035463480194739e+00
1.330000000000000071e+01,2.419141400964867294e+00
1.332000000000000028e+01,1.805671586154649066e+00
1.333999999999999986e+01,1.327097044116648084e+00
1.335999999999999943e+01,9.583231167843803133e-01
1.338000000000000078e+01,6.780946688457506477e-01
1.340000000000000036e+01,4.687018693526782132e-01
1.341999999999999993e+01,3.156027442296131524e-01
1.343999999999999950e+01,2.066363545776053745e-01
1.346000000000000085e+01,1.309082706985921218e-01
1.348000000000000043e+01,7.843593771346230037e-02
1.350000000000000000e+01,4.118982100655418227e-02
1.351999999999999957e+01,1.381781231819953840e-02
1.354000000000000092e+01,-6.966800156820294153e-03
1.356000000000000050e+01,-2.330237270903480831e-02
1.358000000000000007e+01,-3.671993667146111057e-02
1.359999999999999964e+01,-4.838470635817489901e-02
1.362000000000000099e+01,-5.921351402727582924e-02
1.364000000000000057e+01,-6.995051996983134290e-02
1.366000000000000014e+01,-8.122693117273876995e-02
1.367999999999999972e+01,-9.361224436633608370e-02
1.370000000000000107e+01,-1.076600889019392188e-01
1.372000000000000064e+01,-1.239524435329146107e-01
1.374000000000000021e+01,-1.431466355315635375e-01
1.375999999999999979e+01,-1.660320843142553959e-01
1.378000000000000114e+01,-1.936070996778379016e-01
1.380000000000000071e+01,-2.271921586607927035e-01
1.382000000000000028e+01,-2.686066150825879850e-01
1.383999999999999986e+01,-3.204512713995255058e-01
1.385999999999999943e+01,-3.865613111390187595e-01
1.388000000000000078e+01,-4.727145032063727603e-01
1.390000000000000036e+01,-5.876735605330075662e-01
1.391999999999999993e+01,-7.445350839168486390e-01
1.393999999999999950e+01,-9.619957834891673665e-01
1.396000000000000085e+01,-1.264304138994168270e+00
1.398000000000000043e+01,-1.677321290214268679e+00
1.400000000000000000e+01,-2.217313583671611799e+00
1.401999999999999957e+01,-2.872005107615652975e+00
1.404000000000000092e+01,-3.583319657753729182e+00
1.406000000000000050e+01,-4.252238574119584946e+00
1.408000000000000007e+01,-4.777249194251963260e+00
1.409999999999999964e+01,-5.100418987529356407e+00
1.412000000000000099e+01,-5.215913712135037628e+00
1.414000000000000057e+01,-5.145326225766428507e+00
1.416000000000000014e+01,-4.928468482400178985e+00
1.417999999999999972e+01,-4.630469256279067913e+00
1.420000000000000107e+01,-4.333090582111824851e+00
1.422000000000000064e+01,-4.111571556032646235e+00
1.424000000000000021e+01,-4.013539852862203716e+00
1.425999999999999979e+01,-4.049776798289038027e+00
1.428000000000000114e+01,-4.202502546084014412e+00
1.430000000000000071e+01,-4.445135269322673111e+00
1.432000000000000028e+01,-4.757940509343398183e+00
1.433999999999999986e+01,-5.132784079763878182e+00
1.435999999999999943e+01,-5.571089263501546540e+00
1.438000000000000078e+01,-6.080179643919027654e+00
1.440000000000000036e+01,-6.670272563699758628e+00
1.441999999999999993e+01,-7.352419699936544539e+00
1.443999999999999950e+01,-8.137008800027116351e+00
1.446000000000000085e+01,-9.032330141069188301e+00
1.448000000000000043e+01,-1.004276714243585111e+01
1.450000000000000000e+01,-1.116626142975997737e+01
1.451999999999999957e+01,-1.239083563858251935e+01
1.454000000000000092e+01,-1.369019890284450724e+01
1.456000000000000050e+01,-1.501892118217221928e+01
1.458000000000000007e+01,-1.630843591134140524e+01
1.459999999999999964e+01,-1.746616901187545778e+01
1.462000000000000099e+01,-1.838097496772886430e+01
1.464000000000000057e+01,-1.893779861033408807e+01
1.466000000000000014e+01,-1.904173885681777989e+01
1.467999999999999972e+01,-1.864607932951016522e+01
1.470000000000000107e+01,-1.777280432814158928e+01
1.472000000000000064e+01,-1.651318676628722670e+01
1.474000000000000021e+01,-1.500441467077384772e+01
1.475999999999999979e+01,-1.339223894546076465e+01
1.478000000000000114e+01,-1.179805017957173696e+01
1.480000000000000071e+01,-1.030384578939501239e+01
1.482000000000000028e+01,-8.955260459469551293e+00
1.483999999999999986e+01,-7.773377938702453527e+00
1.485999999999999943e+01,-6.766129501161880277e+00
1.488000000000000078e+01,-5.935376514392216585e+00
1.490000000000000036e+01,-5.279980803434394687e+00
1.491999999999999993e+01,-4.796397241033303338e+00
1.493999999999999950e+01,-4.478080207157204562e+00
1.496000000000000085e+01,-4.314858897358798018e+00
1.498000000000000043e+01,-4.293455883831488684e+00
1.500000000000000000e+01,-4.399610019029593921e+00
1.501999999999999957e+01,-4.620934832647984436e+00
1.504000000000000092e+01,-4.949118541397341531e+00
1.506000000000000050e+01,-5.380786895994430274e+00
1.508000000000000007e+01,-5.917236814950129542e+00
1.509999999999999964e+01,-6.563530027325088057e+00
1.512000000000000099e+01,-7.327256013625732756e+00
1.514000000000000057e+01,-8.216999460345393302e+00
1.516000000000000014e+01,-9.240341870953027836e+00
1.517999999999999972e+01,-1.040110484190896578e+01
1.520000000000000107e+01,-1.169549961082951484e+01
1.522000000000000064e+01,-1.310692674433977345e+01
1.524000000000000021e+01,-1.459948886417438274e+01
1.525999999999999979e+01,-1.611101578915901911e+01
1.528000000000000114e+01,-1.754771388374356533e+01
1.530000000000000071e+01,-1.878430256872063708e+01
1.532000000000000028e+01,-1.967479039984119638e+01
1.533999999999999986e+01,-2.007785666726945806e+01
1.535999999999999943e+01,-1.989481437815253528e+01
1.538000000000000078e+01,-1.910774040006887375e+01
1.540000000000000036e+01,-1.779725438612959465e+01
1.541999999999999993e+01,-1.612425932671362361e+01
1.543999999999999950e+01,-1.428046309756167176e+01
1.546000000000000085e+01,-1.243394751507821816e+01
1.548000000000000043e+01,-1.069779367220453636e+01
1.550000000000000000e+01,-9.129873151766517481e+00
1.551999999999999957e+01,-7.750893150236993101e+00
1.554000000000000092e+01,-6.563417295149903907e+00
1.556000000000000050e+01,-5.563521823135155309e+00
1.558000000000000007e+01,-4.745621845488583901e+00
1.559999999999999964e+01,-4.103722522304801501e+00
1.562000000000000099e+01,-3.631159533016734997e+00
1.564000000000000057e+01,-3.319413395327915683e+00
1.566000000000000014e+01,-3.156570266786141943e+00
1.567999999999999972e+01,-3.127014689663510705e+00
1.570000000000000107e+01,-3.213666970648461074e+00
1.572000000000000064e+01,-3.401736989189740434e+00
1.574000000000000021e+01,-3.681618430672735087e+00
1.575999999999999979e+01,-4.049836291751833350e+00
1.578000000000000114e+01,-4.508590378080950423e+00
1.580000000000000071e+01,-5.064782907169784743e+00
1.582000000000000028e+01,-5.729011290756833574e+00
1.583999999999999986e+01,-6.514590972592460894e+00
1.586000000000000121e+01,-7.436432392414118020e+00
1.588000000000000078e+01,-8.509459534805628778e+00
1.590000000000000036e+01,-9.746146590399559884e+00
1.591999999999999993e+01,-1.115264616506820516e+01
1.593999999999999950e+01,-1.272293417297957951e+01
1.596000000000000085e+01,-1.443055658313591216e+01
1.598000000000000043e+01,-1.621821901512313957e+01
1.600000000000000000e+01,-1.798703708297933090e+01
1.601999999999999957e+01,-1.959006264545732634e+01
1.603999999999999915e+01,-2.083813952312933182e+01
1.605999999999999872e+01,-2.152750630450860214e+01
1.608000000000000185e+01,-2.149268490651421004e+01
1.610000000000000142e+01,-2.067144152226090625e+01
1.612000000000000099e+01,-1.914817781901545857e+01
1.614000000000000057e+01,-1.713978059819413602e+01
1.616000000000000014e+01,-1.492019548617128422e+01
1.617999999999999972e+01,-1.272675394264686943e+01
1.619999999999999929e+01,-1.070494333693437383e+01
1.621999999999999886e+01,-8.911763677980463427e+00
1.624000000000000199e+01,-7.351871367682549341e+00
1.626000000000000156e+01,-6.010983053394433284e+00
1.628000000000000114e+01,-4.872149938393075530e+00
1.630000000000000071e+01,-3.919458226587300143e+00
1.632000000000000028e+01,-3.137427274388804754e+00
1.633999999999999986e+01,-2.510563713908685379e+00
1.635999999999999943e+01,-2.024014731858975846e+00
1.637999999999999901e+01,-1.664697640058374839e+00
1.639999999999999858e+01,-1.421663461500096037e+00
1.642000000000000171e+01,-1.284391736125198857e+00
1.644000000000000128e+01,-1.239669181923573005e+00
1.646000000000000085e+01,-1.271080524307597548e+00
1.648000000000000043e+01,-1.363010710068572662e+00
1.650000000000000000e+01,-1.504896451221900744e+00
1.651999999999999957e+01,-1.692352722746477633e+00
1.653999999999999915e+01,-1.926203650507646969e+00
1.655999999999999872e+01,-2.211234826118956942e+00
1.658000000000000185e+01,-2.555384294824803781e+00
1.660000000000000142e+01,-2.969398643225971135e+00
1.662000000000000099e+01,-3.466805760249990875e+00
1.664000000000000057e+01,-4.064056649516596842e+00
1.666000000000000014e+01,-4.780703037518882148e+00
1.667999999999999972e+01,-5.639455751029375463e+00
1.669999999999999929e+01,-6.665898707425740533e+00
1.671999999999999886e+01,-7.887490491905497336e+00
1.674000000000000199e+01,-9.331260286923388492e+00
1.676000000000000156e+01,-1.101927550169452452e+01
1.678000000000000114e+01,-1.296057757344347472e+01
1.680000000000000071e+01,-1.513805440704227756e+01
1.682000000000000028e+01,-1.748922155312544291e+01
1.683999999999999986e+01,-1.988231851095045499e+01
1.685999999999999943e+01,-2.209519406538166919e+01
1.687999999999999901e+01,-2.381468444122582184e+01
1.689999999999999858e+01,-2.468319283875941395e+01
1.692000000000000171e+01,-2.441037465810228468e+01
1.694000000000000128e+01,-2.292208428514048180e+01
1.696000000000000085e+01,-2.045235293114923891e+01
1.698000000000000043e+01,-1.747650086994811147e+01
1.700000000000000000e+01,-1.449678232711832671e+01
1.701999999999999957e+01,-1.183572221689931503e+01
1.703999999999999915e+01,-9.587696681161858692e+00
1.705999999999999872e+01,-7.714745594527312456e+00
1.708000000000000185e+01,-6.156017579336707790e+00
1.710000000000000142e+01,-4.873411616314836436e+00
1.712000000000000099e+01,-3.849348582590856882e+00
1.714000000000000057e+01,-3.072115344033254036e+00
1.716000000000000014e+01,-2.523523574792188473e+00
1.717999999999999972e+01,-2.172080631896391001e+00
1.719999999999999929e+01,-1.975848329021312910e+00
1.721999999999999886e+01,-1.893990932266218730e+00
1.724000000000000199e+01,-1.896330895803597816e+00
1.726000000000000156e+01,-1.964881056947718863e+00
1.728000000000000114e+01,-2.090847400672869671e+00
1.730000000000000071e+01,-2.271357707669662496e+00
1.732000000000000028e+01,-2.507278913009815646e+00
1.733999999999999986e+01,-2.801974239573945535e+00
1.735999999999999943e+01,-3.160578679559783222e+00
1.737999999999999901e+01,-3.589447486890298578e+00
1.740000000000000213e+01,-4.095516752707035302e+00
1.742000000000000171e+01,-4.685332838046473825e+00
1.744000000000000128e+01,-5.363494171240481556e+00
1.746000000000000085e+01,-6.130195923205192798e+00
1.748000000000000043e+01,-6.977563062121491910e+00
1.750000000000000000e+01,-7.884580281202263841e+00
1.751999999999999957e+01,-8.810872938870183191e+00
1.753999999999999915e+01,-9.690618099711880262e+00
1.755999999999999872e+01,-1.042962769615431107e+01
1.758000000000000185e+01,-1.091073201411154159e+01
1.760000000000000142e+01,-1.101322749527054512e+01
1.762000000000000099e+01,-1.064807242457277425e+01
1.764000000000000057e+01,-9.799519648906773739e+00
1.766000000000000014e+01,-8.550831155988831256e+00
1.767999999999999972e+01,-7.070849126841580734e+00
1.769999999999999929e+01,-5.560077736685934191e+00
1.771999999999999886e+01,-4.185745870572086247e+00
1.774000000000000199e+01,-3.043381375714137693e+00
1.776000000000000156e+01,-2.157911545427501299e+00
1.778000000000000114e+01,-1.508267255987583599e+00
1.780000000000000071e+01,-1.053382391130202711e+00
1.782000000000000028e+01,-7.491299161211347757e-01
1.783999999999999986e+01,-5.564036846919763191e-01
1.785999999999999943e+01,-4.438139643073168439e-01
1.787999999999999901e+01,-3.878189809444004821e-01
1.790000000000000213e+01,-3.719115597696251441e-01
1.792000000000000171e+01,-3.856298920335389235e-01
1.794000000000000128e+01,-4.235010199514610552e-01
1.796000000000000085e+01,-4.834535194662000213e-01
1.798000000000000043e+01,-5.645624587621430601e-01
1.800000000000000000e+01,-6.655353168090616389e-01
1.801999999999999957e+01,-7.851706499170902909e-01
1.803999999999999915e+01,-9.236332146776227159e-01
1.805999999999999872e+01,-1.083066491897263228e+00
1.808000000000000185e+01,-1.267500339300014156e+00
1.810000000000000142e+01,-1.482569068657045852e+00
1.812000000000000099e+01,-1.735327236610716195e+00
1.814000000000000057e+01,-2.034206347126522818e+00
1.816000000000000014e+01,-2.389058207684767954e+00
1.817999999999999972e+01,-2.811196327919170734e+00
1.819999999999999929e+01,-3.313328991906106413e+00
1.821999999999999886e+01,-3.909217554565079134e+00
1.824000000000000199e+01,-4.612814062337368348e+00
1.826000000000000156e+01,-5.436487668658025463e+00
1.828000000000000114e+01,-6.387758974510605370e+00
1.830000000000000071e+01,-7.463778696220800590e+00
1.832000000000000028e+01,-8.642762781803924099e+00
1.833999999999999986e+01,-9.872154850202665699e+00
1.835999999999999943e+01,-1.105517842727516431e+01
1.837999999999999901e+01,-1.204156475088351463e+01
1.840000000000000213e+01,-1.263433326574229731e+01
1.842000000000000171e+01,-1.262816902002646557e+01
1.844000000000000128e+01,-1.188550506853242794e+01
1.846000000000000085e+01,-1.042488920397049235e+01
1.848000000000000043e+01,-8.459234703629528340e+00
1.850000000000000000e+01,-6.330220887176024824e+00
1.851999999999999957e+01,-4.364911210942730158e+00
1.853999999999999915e+01,-2.757620504300885678e+00
1.855999999999999872e+01,-1.552389909968416637e+00
1.858000000000000185e+01,-7.003771293921646768e-01
1.860000000000000142e+01,-1.216700653208645788e-01
1.862000000000000099e+01,2.615113073640887853e-01
1.864000000000000057e+01,5.142004817055120247e-01
1.866000000000000014e+01,6.881209742443833433e-01
1.867999999999999972e+01,8.239821343419851951e-01
1.869999999999999929e+01,9.526069873927299758e-01
1.871999999999999886e+01,1.093261821044693383e+00
1.874000000000000199e+01,1.252822401791044982e+00
1.876000000000000156e+01,1.430461167681049917e+00
1.878000000000000114e+01,1.624684146366791593e+00
1.880000000000000071e+01,1.837132588744545769e+00
1.882000000000000028e+01,2.072864474999989604e+00
1.883999999999999986e+01,2.339364411066871874e+00
1.885999999999999943e+01,2.645656385797994670e+00
1.887999999999999901e+01,3.001835159237275619e+00
1.890000000000000213e+01,3.418908233357171866e+00
1.892000000000000171e+01,3.908749224302801029e+00
1.894000000000000128e+01,4.483969156827843250e+00
1.896000000000000085e+01,5.157506869193032806e+00
1.898000000000000043e+01,5.941702910369445867e+00
1.900000000000000000e+01,6.846542697292457902e+00
1.901999999999999957e+01,7.876674906260701547e+00
1.903999999999999915e+01,9.026778961205394580e+00
1.905999999999999872e+01,1.027503892950205078e+01
1.908000000000000185e+01,1.157514053174659985e+01
1.910000000000000142e+01,1.284870171023210439e+01
1.912000000000000099e+01,1.398248275158657350e+01
1.914000000000000057e+01,1.483715774708884183e+01
1.916000000000000014e+01,1.527389448318244547e+01
1.917999999999999972e+01,1.519724648089288088e+01
1.919999999999999929e+01,1.459773342565994625e+01
1.921999999999999886e+01,1.356610300004271963e+01
1.924000000000000199e+01,1.226147467480879172e+01
1.926000000000000156e+01,1.084851032963991990e+01
1.928000000000000114e+01,9.445057092495433793e+00
1.930000000000000071e+01,8.110568222437962049e+00
1.932000000000000028e+01,6.867626326742703569e+00
1.933999999999999986e+01,5.727101103173701802e+00
1.935999999999999943e+01,4.699268832290992570e+00
1.937999999999999901e+01,3.793272584799845859e+00
1.940000000000000213e+01,3.013585400439434903e+00
1.942000000000000171e+01,2.358256437831344421e+00
1.944000000000000128e+01,1.819456913807401488e+00
1.946000000000000085e+01,1.385262122770893445e+00
1.948000000000000043e+01,1.041667466643379392e+00
1.950000000000000000e+01,7.743072872775077498e-01
1.951999999999999957e+01,5.697221817991766635e-01
1.953999999999999915e+01,4.162266407332785856e-01
1.955999999999999872e+01,3.044890604492136998e-01
1.958000000000000185e+01,2.277816944126509202e-01
1.960000000000000142e+01,1.813139220736670609e-01
1.962000000000000099e+01,1.600521862509017568e-01
1.964000000000000057e+01,1.573878140006981785e-01
1.966000000000000014e+01,1.672234784942271124e-01
1.967999999999999972e+01,1.859365943950648525e-01
1.969999999999999929e+01,2.121146395099868520e-01
1.971999999999999886e+01,2.456965437165193056e-01
1.974000000000000199e+01,2.874336421611586312e-01
1.976000000000000156e+01,3.386586291104820567e-01
1.978000000000000114e+01,4.012238032961559786e-01
1.980000000000000071e+01,4.775285871459920006e-01
1.982000000000000028e+01,5.706011941433419832e-01
1.983999999999999986e+01,6.842230715557928722e-01
1.985999999999999943e+01,8.230935255748969004e-01
1.987999999999999901e+01,9.930381953049361998e-01
1.990000000000000213e+01,1.201266279685470728e+00
1.992000000000000171e+01,1.456681625146951209e+00
1.994000000000000128e+01,1.770250214940695344e+00
1.996000000000000085e+01,2.155417904910428728e+00
1.998000000000000043e+01,2.628554948243083889e+00
2.000000000000000000e+01,3.209367004115244892e+00
2.001999999999999957e+01,3.921142652399645101e+00
2.003999999999999915e+01,4.790577328695625248e+00
2.005999999999999872e+01,5.846685316507625352e+00
2.008000000000000185e+01,7.117931584033324377e+00
2.010000000000000142e+01,8.626159711153762899e+00
2.012000000000000099e+01,1.037525311463014077e+01
2.014000000000000057e+01,1.233227312409137966e+01
2.016000000000000014e+01,1.440053903704975191e+01
2.017999999999999972e+01,1.639065862781660954e+01
2.019999999999999929e+01,1.800965958874484940e+01
2.021999999999999886e+01,1.890511732456873872e+01
2.024000000000000199e+01,1.879482494068134102e+01
2.026000000000000156e+01,1.764618945192145816e+01
2.028000000000000114e+01,1.576784835602154189e+01
2.030000000000000071e+01,1.367766269225805154e+01
2.032000000000000028e+01,1.180214294329949354e+01
2.033999999999999986e+01,1.027175435009467996e+01
2.035999999999999943e+01,9.007216881079713744e+00
2.037999999999999901e+01,7.932383966023891730e+00
2.040000000000000213e+01,7.052365214138649918e+00
2.042000000000000171e+01,6.405274068462184722e+00
2.044000000000000128e+01,6.005354389912231916e+00
2.046000000000000085e+01,5.827207554942503087e+00
2.048000000000000043e+01,5.823913302213073351e+00
2.050000000000000000e+01,5.951203990399598354e+00
2.051999999999999957e+01,6.179244874424924205e+00
2.053999999999999915e+01,6.492637186703492880e+00
2.055999999999999872e+01,6.885900384274781239e+00
2.058000000000000185e+01,7.358906059555504697e+00
2.060000000000000142e+01,7.913486472393659987e+00
2.062000000000000099e+01,8.551040387050617753e+00
2.064000000000000057e+01,9.270650316578466388e+00
2.066000000000000014e+01,1.006729149151285085e+01
2.067999999999999972e+01,1.092987631564625772e+01
2.069999999999999929e+01,1.183908125126944100e+01
2.071999999999999886e+01,1.276516218987786111e+01
2.074000000000000199e+01,1.366629434203946580e+01
2.076000000000000156e+01,1.448835014361526952e+01
2.078000000000000114e+01,1.516731729940464923e+01
2.080000000000000071e+01,1.563548674683918982e+01
2.082000000000000028e+01,1.583173923583925635e+01
2.083999999999999986e+01,1.571455218310981827e+01
2.085999999999999943e+01,1.527416787416649591e+01
2.087999999999999901e+01,1.453901967334234691e+01
2.090000000000000213e+01,1.357257854569992617e+01
2.092000000000000171e+01,1.246061660740045696e+01
2.094000000000000128e+01,1.129350726458255849e+01
2.096000000000000085e+01,1.015038407326176362e+01
2.098000000000000043e+01,9.090166322245261554e+00
2.100000000000000000e+01,8.150273870116343744e+00
2.101999999999999957e+01,7.350460952189862951e+00
2.103999999999999915e+01,6.698332414645704169e+00
2.105999999999999872e+01,6.194162390736708268e+00
2.108000000000000185e+01,5.834124997356465947e+00
2.110000000000000142e+01,5.612065904897226787e+00
2.112000000000000099e+01,5.520394694882949871e+00
2.114000000000000057e+01,5.550727348478253553e+00
2.116000000000000014e+01,5.694668989308229179e+00
2.117999999999999972e+01,5.944737747049346765e+00
2.119999999999999929e+01,6.295147128753431076e+00
2.121999999999999886e+01,6.742147736668172797e+00
2.124000000000000199e+01,7.283794263812506387e+00
2.126000000000000156e+01,7.919155748221402114e+00
2.128000000000000114e+01,8.647031942371590674e+00
2.130000000000000071e+01,9.464206864918951467e+00
2.132000000000000028e+01,1.036323400289444940e+01
2.133999999999999986e+01,1.132976722304535322e+01
2.135999999999999943e+01,1.233957420137624439e+01
2.137999999999999901e+01,1.335563281820280501e+01
2.140000000000000213e+01,1.432612712367773256e+01
2.142000000000000171e+01,1.518465562434082017e+01
2.144000000000000128e+01,1.585429670357922127e+01
2.146000000000000085e+01,1.625688571542876559e+01
2.148000000000000043e+01,1.632740864727336927e+01
2.150000000000000000e+01,1.603071767121102198e+01
2.151999999999999957e+01,1.537485546821095284e+01
2.153999999999999915e+01,1.441440200636545299e+01
2.155999999999999872e+01,1.324040896196230754e+01
2.158000000000000185e+01,1.195989041640713957e+01
2.160000000000000142e+01,1.067332449960985130e+01
2.162000000000000099e+01,9.458922057115104920e+00
2.164000000000000057e+01,8.367499218478554823e+00
2.166000000000000014e+01,7.425910866352294804e+00
2.167999999999999972e+01,6.644237278284629511e+00
2.169999999999999929e+01,6.022709808032692180e+00
2.171999999999999886e+01,5.556552823460796375e+00
2.174000000000000199e+01,5.238619473683055361e+00
2.176000000000000156e+01,5.060482115274216319e+00
2.178000000000000114e+01,5.012847708548649805e+00
2.180000000000000071e+01,5.086049563842072629e+00
2.182000000000000028e+01,5.270946120685005454e+00
2.183999999999999986e+01,5.560025883547885073e+00
2.185999999999999943e+01,5.948251362035271050e+00
2.187999999999999901e+01,6.433305709282888252e+00
2.190000000000000213e+01,7.015181370172792974e+00
2.192000000000000171e+01,7.695204763859209152e+00
2.194000000000000128e+01,8.474580147232373406e+00
2.196000000000000085e+01,9.352450439574326424e+00
2.198000000000000043e+01,1.032340533578504527e+01
2.200000000000000000e+01,1.137437709346341563e+01
2.201999999999999957e+01,1.248100100231467025e+01
2.203999999999999915e+01,1.360383662681853423e+01
2.205999999999999872e+01,1.468538803996817954e+01
2.208000000000000185e+01,1.564957229017518969e+01
2.210000000000000142e+01,1.640588084001707969e+01
2.212000000000000099e+01,1.686031629634782902e+01
2.214000000000000057e+01,1.693342334921324621e+01
2.216000000000000014e+01,1.658201074152631094e+01
2.217999999999999972e+01,1.581681857642369593e+01
2.219999999999999929e+01,1.470680071490170349e+01
2.221999999999999886e+01,1.336512187420332687e+01
2.224000000000000199e+01,1.192137087577539667e+01
2.226000000000000156e+01,1.049234563354373329e+01
2.228000000000000114e+01,9.163486017779183257e+00
2.230000000000000071e+01,7.985133958262991882e+00
2.232000000000000028e+01,6.979413443054684585e+00
2.233999999999999986e+01,6.150560662901400910e+00
2.235999999999999943e+01,5.493662423976145348e+00
2.237999999999999901e+01,5.000128495775308934e+00
2.240000000000000213e+01,4.660272559189645669e+00
2.242000000000000171e+01,4.464014939614529887e+00
2.244000000000000128e+01,4.400798462808165112e+00
2.246000000000000085e+01,4.459709841263336472e+00
2.248000000000000043e+01,4.630339021721129988e+00
2.250000000000000000e+01,4.904146145889675346e+00
2.251999999999999957e+01,5.275643440094474279e+00
2.253999999999999915e+01,5.742876767910294333e+00
2.255999999999999872e+01,6.307135599719942753e+00
2.258000000000000185e+01,6.972066397420295658e+00
2.260000000000000142e+01,7.742339859020024306e+00
2.262000000000000099e+01,8.621879447037784416e+00
2.264000000000000057e+01,9.611527320027363430e+00
2.266000000000000014e+01,1.070596309763732634e+01
2.267999999999999972e+01,1.188974028762149437e+01
2.269999999999999929e+01,1.313253004916074396e+01
2.271999999999999886e+01,1.438415848760183735e+01
2.274000000000000199e+01,1.557086829634068614e+01
2.276000000000000156e+01,1.659533499173319626e+01
2.278000000000000114e+01,1.734380520078965660e+01
2.280000000000000071e+01,1.770316895846011818e+01
2.282000000000000028e+01,1.758743099928255660e+01
2.283999999999999986e+01,1.696675963748151972e+01
2.285999999999999943e+01,1.588618590828414412e+01
2.287999999999999901e+01,1.446129617197030370e+01
2.290000000000000213e+01,1.284869850469188179e+01
2.292000000000000171e+01,1.120420920221676653e+01
2.294000000000000128e+01,9.648997446774702169e+00
2.296000000000000085e+01,8.256558858469599471e+00
2.298000000000000043e+01,7.058793476248648169e+00
2.300000000000000000e+01,6.060579378982526855e+00
2.301999999999999957e+01,5.253370655067508999e+00
2.303999999999999915e+01,4.624012633551362939e+00
2.305999999999999872e+01,4.159084395998830175e+00
2.308000000000000185e+01,3.846260882531219671e+00
2.310000000000000142e+01,3.673977348329264814e+00
2.312000000000000099e+01,3.630533560056065312e+00
2.314000000000000057e+01,3.703827888891630060e+00
2.316000000000000014e+01,3.882384830127363351e+00
2.317999999999999972e+01,4.157171384151683746e+00
2.319999999999999929e+01,4.523087437485845186e+00
2.321999999999999886e+01,4.979482552688793362e+00
2.324000000000000199e+01,5.529785291479116793e+00
2.326000000000000156e+01,6.180601573006502925e+00
2.328000000000000114e+01,6.940507690787149464e+00
2.330000000000000071e+01,7.818531444949079479e+00
2.332000000000000028e+01,8.822130346034711579e+00
2.333999999999999986e+01,9.954364178787610484e+00
2.335999999999999943e+01,1.120992216321735313e+01
2.337999999999999901e+01,1.256976385694664167e+01
2.340000000000000213e+01,1.399448716774121593e+01
2.342000000000000171e+01,1.541734688839213518e+01
2.344000000000000128e+01,1.673926351309339466e+01
2.346000000000000085e+01,1.783001252534801750e+01
2.348000000000000043e+01,1.854103595619834621e+01
2.350000000000000000e+01,1.873374926803319696e+01
2.351999999999999957e+01,1.832037892048094463e+01
2.353999999999999915e+01,1.730304858682515956e+01
2.355999999999999872e+01,1.578877787553715351e+01
2.358000000000000185e+01,1.396480465159082485e+01
2.360000000000000142e+01,1.204192520163659452e+01
2.362000000000000099e+01,1.019583789225477233e+01
2.364000000000000057e+01,8.535884734706394639e+00
2.366000000000000014e+01,7.107720156757123320e+00
2.367999999999999972e+01,5.914828875972985678e+00
2.369999999999999929e+01,4.940662991508911084e+00
2.371999999999999886e+01,4.162892957950355743e+00
2.374000000000000199e+01,3.560144240635518820e+00
2.376000000000000156e+01,3.114360155155050158e+00
2.378000000000000114e+01,2.811004838271216943e+00
2.380000000000000071e+01,2.637931023358072391e+00
2.382000000000000028e+01,2.583458276660619113e+00
2.383999999999999986e+01,2.635021038531747628e+00
2.385999999999999943e+01,2.779871865626412752e+00
2.387999999999999901e+01,3.007501769130554337e+00
2.390000000000000213e+01,3.311863098593686772e+00
2.392000000000000171e+01,3.692190312619839876e+00
2.394000000000000128e+01,4.152647698494139838e+00
2.396000000000000085e+01,4.701500472723166624e+00
2.398000000000000043e+01,5.350229819164833422e+00
2.400000000000000000e+01,6.112651926875874331e+00
2.401999999999999957e+01,7.003870872409544646e+00
2.403999999999999915e+01,8.038761255115019821e+00
2.406000000000000227e+01,9.229554730178163524e+00
2.408000000000000185e+01,1.058200229568198836e+01
2.410000000000000142e+01,1.208952053104204438e+01
2.412000000000000099e+01,1.372487908948405355e+01
2.414000000000000057e+01,1.542963044214309143e+01
2.416000000000000014e+01,1.710307516492011715e+01
2.417999999999999972e+01,1.859544726320396180e+01
2.419999999999999929e+01,1.971368421966957740e+01
2.421999999999999886e+01,2.024987517303070206e+01
2.424000000000000199e+01,2.003675324346527020e+01
2.426000000000000156e+01,1.901702812134617560e+01
2.428000000000000114e+01,1.729080829685610965e+01
2.430000000000000071e+01,1.510124340123972786e+01
2.432000000000000028e+01,1.275244610049285576e+01
2.433999999999999986e+01,1.050564579806967203e+01
2.435999999999999943e+01,8.516352401744445189e+00
2.437999999999999901e+01,6.836253189135028663e+00
2.440000000000000213e+01,5.453052603241701490e+00
2.442000000000000171e+01,4.329748946229264206e+00
2.444000000000000128e+01,3.426424752174262345e+00
2.446000000000000085e+01,2.707668018114910424e+00
2.448000000000000043e+01,2.143547469087458968e+00
2.450000000000000000e+01,1.709053060762912191e+00
2.451999999999999957e+01,1.383726793586470771e+00
2.453999999999999915e+01,1.151678506830736692e+00
2.456000000000000227e+01,1.001543965710606221e+00
2.458000000000000185e+01,9.254323458268868263e-01
2.460000000000000142e+01,9.161205892193120537e-01
2.462000000000000099e+01,9.643255930497807160e-01
2.464000000000000057e+01,1.059600068208258472e+00
2.466000000000000014e+01,1.193905454902650209e+00
2.467999999999999972e+01,1.363772967348150456e+00
2.469999999999999929e+01,1.570177155633003752e+00
2.471999999999999886e+01,1.817596360205084638e+00
2.474000000000000199e+01,2.113264711401792173e+00
2.476000000000000156e+01,2.466829484988843468e+00
2.478000000000000114e+01,2.890328384638474635e+00
2.480000000000000071e+01,3.398360588369217616e+00
2.482000000000000028e+01,4.008341164918634014e+00
2.483999999999999986e+01,4.740722531255916472e+00
2.485999999999999943e+01,5.619024758334213665e+00
2.487999999999999901e+01,6.669420294005786509e+00
2.490000000000000213e+01,7.919440912305496738e+00
2.492000000000000171e+01,9.395108215933472451e+00
2.494000000000000128e+01,1.111540220583534477e+01
2.496000000000000085e+01,1.308257413963930915e+01
2.498000000000000043e+01,1.526664693779833115e+01
2.500000000000000000e+01,1.758333261747776888e+01
2.501999999999999957e+01,1.986804257795663986e+01
2.503999999999999915e+01,2.185662326823412371e+01
2.506000000000000227e+01,2.319564140749414349e+01
2.508000000000000185e+01,2.351265245432372808e+01
2.510000000000000142e+01,2.255784752619867106e+01
2.512000000000000099e+01,2.036511983249130964e+01
2.514000000000000057e+01,1.731068995377243525e+01
2.516000000000000014e+01,1.397546041522569027e+01
2.517999999999999972e+01,1.087975992774657819e+01
2.519999999999999929e+01,8.293307059109094936e+00
2.521999999999999886e+01,6.243698110927453193e+00
2.524000000000000199e+01,4.644407090272548722e+00
2.526000000000000156e+01,3.398780478224908919e+00
2.528000000000000114e+01,2.434516588539187509e+00
2.530000000000000071e+01,1.699949358584326387e+00
2.532000000000000028e+01,1.152688474725815482e+00
2.533999999999999986e+01,7.521327773155443985e-01
2.535999999999999943e+01,4.592744588465052513e-01
2.537999999999999901e+01,2.417594565897485948e-01
2.540000000000000213e+01,7.697637495420787956e-02
2.542000000000000171e+01,-4.974889870830421362e-02
2.544000000000000128e+01,-1.484794552210197682e-01
2.546000000000000085e+01,-2.268630693414248334e-01
2.548000000000000043e+01,-2.911099772491502202e-01
2.550000000000000000e+01,-3.463861526214229158e-01
2.551999999999999957e+01,-3.970332218801055912e-01
2.553999999999999915e+01,-4.467720496936677943e-01
2.556000000000000227e+01,-4.989259418884238184e-01
2.558000000000000185e+01,-5.566695959818752648e-01
2.560000000000000142e+01,-6.233002850030711084e-01
2.562000000000000099e+01,-7.025350109757384498e-01
2.564000000000000057e+01,-7.988266781640374070e-01
2.566000000000000014e+01,-9.176600395380800634e-01
2.567999999999999972e+01,-1.065720584363037737e+00
2.569999999999999929e+01,-1.250703980114562075e+00
2.571999999999999886e+01,-1.480370804828311293e+00
2.574000000000000199e+01,-1.760348482576990836e+00
2.576000000000000156e+01,-2.090394259943578525e+00
2.578000000000000114e+01,-2.459702102923801093e+00
2.580000000000000071e+01,-2.843363956173581286e+00
2.582000000000000028e+01,-3.203232748185905532e+00
2.583999999999999986e+01,-3.495202597912371534e+00
2.585999999999999943e+01,-3.680739469263208274e+00
2.587999999999999901e+01,-3.736743513805482308e+00
2.590000000000000213e+01,-3.659119474795129889e+00
2.592000000000000171e+01,-3.460609535027514116e+00
2.594000000000000128e+01,-3.166158192198501808e+00
2.596000000000000085e+01,-2.807608726774050378e+00
2.598000000000000043e+01,-2.418205286192820491e+00
2.600000000000000000e+01,-2.027846019229277541e+00
2.601999999999999957e+01,-1.660190069954862624e+00
2.603999999999999915e+01,-1.331820464146572958e+00
2.606000000000000227e+01,-1.052707412380789131e+00
2.608000000000000185e+01,-8.269079434837679488e-01
2.610000000000000142e+01,-6.529690052379896192e-01
2.612000000000000099e+01,-5.246847704401073065e-01
2.614000000000000057e+01,-4.331939068131791526e-01
2.616000000000000014e+01,-3.697256625318139367e-01
2.617999999999999972e+01,-3.272692837616353323e-01
2.619999999999999929e+01,-3.008011546587411877e-01
2.621999999999999886e+01,-2.868679608752532362e-01
2.624000000000000199e+01,-2.831441984290829494e-01
2.626000000000000156e+01,-2.881309274943253951e-01
2.628000000000000114e+01,-3.009768366838120324e-01
2.630000000000000071e+01,-3.213834229587416713e-01
2.632000000000000028e+01,-3.495700320718234111e-01
2.633999999999999986e+01,-3.862988503678744245e-01
2.635999999999999943e+01,-4.329626083134263670e-01
2.637999999999999901e+01,-4.917582730387072831e-01
2.640000000000000213e+01,-5.659655486504358013e-01
2.642000000000000171e+01,-6.603506861299826003e-01
2.644000000000000128e+01,-7.816771652552850780e-01
2.646000000000000085e+01,-9.392010469597562583e-01
2.648000000000000043e+01,-1.144798260797672107e+00
2.650000000000000000e+01,-1.411983752471530407e+00
2.651999999999999957e+01,-1.752674372473186359e+00
2.653999999999999915e+01,-2.170682123749655634e+00
2.656000000000000227e+01,-2.652635564176229366e+00
2.658000000000000185e+01,-3.160759143376498770e+00
2.660000000000000142e+01,-3.635075639412422621e+00
2.662000000000000099e+01,-4.009187353277688715e+00
2.664000000000000057e+01,-4.232321533291574234e+00
2.666000000000000014e+01,-4.282576106588375175e+00
2.667999999999999972e+01,-4.165324210862604737e+00
2.669999999999999929e+01,-3.905542405844937282e+00
2.671999999999999886e+01,-3.541751908937679438e+00
2.674000000000000199e+01,-3.119716100609368326e+00
2.676000000000000156e+01,-2.684396064499528389e+00
2.678000000000000114e+01,-2.273312587007178642e+00
2.680000000000000071e+01,-1.913922139865705141e+00
2.682000000000000028e+01,-1.624563516573448441e+00
2.683999999999999986e+01,-1.416724137488423629e+00
2.685999999999999943e+01,-1.295830807958423092e+00
2.687999999999999901e+01,-1.259180032888552070e+00
2.690000000000000213e+01,-1.294818891376839254e+00
2.692000000000000171e+01,-1.386693337697226802e+00
2.694000000000000128e+01,-1.522318377688361313e+00
2.696000000000000085e+01,-1.696121266052748267e+00
2.698000000000000043e+01,-1.908607304790717052e+00
2.700000000000000000e+01,-2.164497192380056667e+00
2.701999999999999957e+01,-2.471408007691685782e+00
2.703999999999999915e+01,-2.839255124846518541e+00
2.706000000000000227e+01,-3.280146352455151959e+00
2.708000000000000185e+01,-3.808536079688005227e+00
2.710000000000000142e+01,-4.441467133643561382e+00
2.712000000000000099e+01,-5.198756110875883074e+00
2.714000000000000057e+01,-6.102952620553934615e+00
2.716000000000000014e+01,-7.178818882309927041e+00
2.717999999999999972e+01,-8.451918974395690398e+00
2.719999999999999929e+01,-9.945670587937389229e+00
2.721999999999999886e+01,-1.167589521452067380e+01
2.724000000000000199e+01,-1.364161355342402793e+01
2.726000000000000156e+01,-1.581084848303170531e+01
2.728000000000000114e+01,-1.810123455299980577e+01
2.730000000000000071e+01,-2.035851102054859041e+01
2.732000000000000028e+01,-2.234276453236787674e+01
2.733999999999999986e+01,-2.374154850741734535e+01
2.735999999999999943e+01,-2.423276096768632470e+01
2.737999999999999901e+01,-2.360181281990536206e+01
2.740000000000000213e+01,-2.186785217616919041e+01
2.742000000000000171e+01,-1.932575714291781566e+01
2.744000000000000128e+01,-1.643815961912929069e+01
2.746000000000000085e+01,-1.363180309638180532e+01
2.748000000000000043e+01,-1.114767597033825730e+01
2.750000000000000000e+01,-9.039283253988607214e+00
2.751999999999999957e+01,-7.267434477436681917e+00
2.753999999999999915e+01,-5.782988812900167197e+00
2.756000000000000227e+01,-4.555287456011210878e+00
2.758000000000000185e+01,-3.568151163578616281e+00
2.760000000000000142e+01,-2.809611538993548319e+00
2.762000000000000099e+01,-2.263818412647312428e+00
2.764000000000000057e+01,-1.905156230718999977e+00
2.766000000000000014e+01,-1.697593599780331752e+00
2.767999999999999972e+01,-1.602680391030230744e+00
2.769999999999999929e+01,-1.589674800477356431e+00
2.771999999999999886e+01,-1.639247011691270073e+00
2.774000000000000199e+01,-1.741524043551562650e+00
2.776000000000000156e+01,-1.892928729995141612e+00
2.778000000000000114e+01,-2.093889885596039502e+00
2.780000000000000071e+01,-2.347546655965924600e+00
2.782000000000000028e+01,-2.659069708408015043e+00
2.783999999999999986e+01,-3.035262366036588944e+00
2.785999999999999943e+01,-3.484194889414465646e+00
2.787999999999999901e+01,-4.014668777542127032e+00
2.790000000000000213e+01,-4.635284683298279695e+00
2.792000000000000171e+01,-5.352836258351597820e+00
2.794000000000000128e+01,-6.169658283960912648e+00
2.796000000000000085e+01,-7.079509055501147508e+00
2.798000000000000043e+01,-8.061653013763027786e+00
2.800000000000000000e+01,-9.073280965748008242e+00
2.801999999999999957e+01,-1.004161768980152303e+01
2.803999999999999915e+01,-1.085933318972298522e+01
2.806000000000000227e+01,-1.138981304404180506e+01
2.808000000000000185e+01,-1.149019814715610899e+01
2.810000000000000142e+01,-1.105520659271877015e+01
2.812000000000000099e+01,-1.006994280890152993e+01
2.814000000000000057e+01,-8.641580952781296787e+00
2.816000000000000014e+01,-6.978762454606872723e+00
2.817999999999999972e+01,-5.319168737198466168e+00
2.819999999999999929e+01,-3.848216812177348345e+00
2.821999999999999886e+01,-2.658390789250195674e+00
2.824000000000000199e+01,-1.760039385217513574e+00
2.826000000000000156e+01,-1.116538885165438311e+00
2.828000000000000114e+01,-6.752491294979515724e-01
2.830000000000000071e+01,-3.848382799617110495e-01
2.832000000000000028e+01,-2.021455490722215698e-01
2.833999999999999986e+01,-9.360646555800883339e-02
2.835999999999999943e+01,-3.440553850955904713e-02
2.837999999999999901e+01,-6.896202624274918799e-03
2.840000000000000213e+01,1.039314525741130918e-03
2.842000000000000171e+01,-2.572987363407176851e-03
2.844000000000000128e+01,-1.264638200428677695e-02
2.846000000000000085e+01,-2.618258848595490101e-02
2.848000000000000043e+01,-4.174379105925819095e-02
2.850000000000000000e+01,-5.926501157882489712e-02
2.851999999999999957e+01,-7.991024803524438003e-02
2.853999999999999915e+01,-1.051056279803184584e-01
2.856000000000000227e+01,-1.351944409873498953e-01
2.858000000000000185e+01,-1.697674175794778861e-01
2.860000000000000142e+01,-2.088456280532313969e-01
2.862000000000000099e+01,-2.532663525354449940e-01
2.864000000000000057e+01,-3.045289256496953034e-01
2.866000000000000014e+01,-3.646270688060046505e-01
2.867999999999999972e+01,-4.359984594262331092e-01
2.869999999999999929e+01,-5.215686750581041142e-01
2.871999999999999886e+01,-6.248570150343524254e-01
2.874000000000000199e+01,-7.501253348149654610e-01
2.876000000000000156e+01,-9.025671107142922978e-01
2.878000000000000114e+01,-1.088533178595415540e+00
2.880000000000000071e+01,-1.315799058337505878e+00
2.882000000000000028e+01,-1.593871251207199746e+00
2.883999999999999986e+01,-1.934322278869161860e+00
2.885999999999999943e+01,-2.351126478398175568e+00
2.887999999999999901e+01,-2.860928432463127002e+00
2.890000000000000213e+01,-3.483107776464425154e+00
2.892000000000000171e+01,-4.239374343682046131e+00
2.894000000000000128e+01,-5.152405569915328165e+00
2.896000000000000085e+01,-6.242678230082710833e+00
2.898000000000000043e+01,-7.522126013149084578e+00
2.900000000000000000e+01,-8.982687788246886740e+00
2.901999999999999957e+01,-1.057770372604985454e+01
2.903999999999999915e+01,-1.219590005469262550e+01
2.906000000000000227e+01,-1.363416237893734717e+01
2.908000000000000185e+01,-1.458924367025865010e+01
2.910000000000000142e+01,-1.470566337306155624e+01
2.912000000000000099e+01,-1.371250375363165119e+01
2.914000000000000057e+01,-1.161533692570761112e+01
2.916000000000000014e+01,-8.797170435792166288e+00
2.917999999999999972e+01,-5.873971062058338077e+00
2.919999999999999929e+01,-3.367541988154078680e+00
2.921999999999999886e+01,-1.484620627124795034e+00
2.924000000000000199e+01,-1.701267534145556592e-01
2.926000000000000156e+01,7.231166781806234178e-01
2.928000000000000114e+01,1.337632544468156492e+00
2.930000000000000071e+01,1.788737067920355361e+00
2.932000000000000028e+01,2.161431145940628351e+00
2.933999999999999986e+01,2.508172061058797198e+00
2.935999999999999943e+01,2.851779964346470297e+00
2.937999999999999901e+01,3.197065876771257198e+00
2.940000000000000213e+01,3.544190485327425755e+00
2.942000000000000171e+01,3.896105786363693202e+00
2.944000000000000128e+01,4.259891666439037827e+00
2.946000000000000085e+01,4.645300318195785927e+00
2.948000000000000043e+01,5.062876943347524694e+00
2.950000000000000000e+01,5.522483496039561679e+00
2.951999999999999957e+01,6.032240606015034423e+00
2.953999999999999915e+01,6.597647846235880742e+00
2.956000000000000227e+01,7.220626300716861401e+00
2.958000000000000185e+01,7.898306905161557090e+00
2.960000000000000142e+01,8.621504677119869342e+00
2.962000000000000099e+01,9.372998185098744273e+00
2.964000000000000057e+01,1.012597629273143340e+01
2.966000000000000014e+01,1.084332516349704179e+01
2.967999999999999972e+01,1.147871125198154729e+01
2.969999999999999929e+01,1.198045634856014807e+01
2.971999999999999886e+01,1.229867740908464491e+01
2.974000000000000199e+01,1.239487551526850773e+01
2.976000000000000156e+01,1.225139556340060309e+01
2.978000000000000114e+01,1.187701064399593420e+01
2.980000000000000071e+01,1.130564328384926043e+01
2.982000000000000028e+01,1.058823026936314271e+01
2.983999999999999986e+01,9.781271315304499225e+00
2.985999999999999943e+01,8.937013149644295495e+00
2.987999999999999901e+01,8.098414857725938276e+00
2.990000000000000213e+01,7.298719533696218953e+00
2.992000000000000171e+01,6.563318005180780901e+00
2.994000000000000128e+01,5.911657314350676096e+00
2.996000000000000085e+01,5.358199801265494777e+00
2.998000000000000043e+01,4.912523971530419864e+00
3.000000000000000000e+01,4.579126902986013548e+00
3.001999999999999957e+01,4.357549911369443585e+00
3.003999999999999915e+01,4.243260903363528236e+00
3.006000000000000227e+01,4.229291884726937845e+00
3.008000000000000185e+01,4.308152509515304374e+00
3.010000000000000142e+01,4.473399054833024913e+00
3.012000000000000099e+01,4.720498481610914787e+00
3.014000000000000057e+01,5.046981536648488920e+00
3.016000000000000014e+01,5.452054786633952155e+00
3.017999999999999972e+01,5.935828412628474382e+00
3.019999999999999929e+01,6.498223918790843712e+00
3.021999999999999886e+01,7.137542756807031097e+00
3.024000000000000199e+01,7.848642580678066416e+00
3.026000000000000156e+01,8.620704242658350225e+00
3.028000000000000114e+01,9.434706507331716452e+00
3.030000000000000071e+01,1.026099015563625017e+01
3.032000000000000028e+01,1.105769097939091061e+01
3.033999999999999986e+01,1.177126025571158152e+01
3.035999999999999943e+01,1.234048939275351309e+01
3.037999999999999901e+01,1.270493942846160174e+01
3.040000000000000213e+01,1.281702408097956791e+01
3.042000000000000171e+01,1.265446996201103147e+01
3.044000000000000128e+01,1.222793704613761179e+01
3.046000000000000085e+01,1.157937779901610575e+01
3.048000000000000043e+01,1.077097389401533079e+01
3.050000000000000000e+01,9.869759004705580097e+00
3.051999999999999957e+01,8.935092116295844988e+00
3.053999999999999915e+01,8.013229143092280182e+00
3.056000000000000227e+01,7.138177802343236067e+00
3.058000000000000185e+01,6.335119805023041728e+00
3.060000000000000142e+01,5.623265885466585345e+00
3.062000000000000099e+01,5.017084952187115476e+00
3.064000000000000057e+01,4.526284502267008847e+00
3.066000000000000014e+01,4.155315061063832083e+00
3.067999999999999972e+01,3.903154365103037371e+00
3.069999999999999929e+01,3.764004092922269340e+00
3.071999999999999886e+01,3.729086349568602188e+00
3.074000000000000199e+01,3.789008474953365901e+00
3.076000000000000156e+01,3.935807439941103159e+00
3.078000000000000114e+01,4.164107726684896704e+00
3.080000000000000071e+01,4.471382821855896417e+00
3.082000000000000028e+01,4.857596066849260374e+00
3.083999999999999986e+01,5.324471262134062854e+00
3.085999999999999943e+01,5.874495735149613651e+00
3.087999999999999901e+01,6.509624803812034344e+00
3.090000000000000213e+01,7.229577473982051750e+00
3.092000000000000171e+01,8.029597336475106317e+00
3.094000000000000128e+01,8.897619495127068845e+00
3.096000000000000085e+01,9.810985539380135734e+00
3.098000000000000043e+01,1.073324220558037112e+01
3.100000000000000000e+01,1.161216792479347681e+01
3.101999999999999957e+01,1.238084290014924171e+01
3.103999999999999915e+01,1.296383919786817351e+01
3.106000000000000227e+01,1.328964590402499368e+01
3.108000000000000185e+01,1.330763270763672779e+01
3.110000000000000142e+01,1.300388148062763527e+01
3.112000000000000099e+01,1.240792024396141002e+01
3.114000000000000057e+01,1.158518265741045816e+01
3.116000000000000014e+01,1.061783971777215463e+01
3.117999999999999972e+01,9.583884317725463120e+00
3.119999999999999929e+01,8.544437571435610224e+00
3.122000000000000242e+01,7.542144675836636836e+00
3.124000000000000199e+01,6.606207304854261331e+00
3.126000000000000156e+01,5.757963487867621133e+00
3.128000000000000114e+01,5.013969897455154978e+00
3.130000000000000071e+01,4.386717137237281960e+00
3.132000000000000028e+01,3.884138791815972880e+00
3.133999999999999986e+01,3.508783267927009675e+00
3.135999999999999943e+01,3.257316652450493955e+00
3.137999999999999901e+01,3.121151806022589792e+00
3.140000000000000213e+01,3.088613234018844356e+00
3.142000000000000171e+01,3.147927082202459648e+00
3.144000000000000128e+01,3.289704532686453575e+00
3.146000000000000085e+01,3.508168036548287017e+00
3.148000000000000043e+01,3.801267724644288304e+00
3.150000000000000000e+01,4.170185148448251944e+00
3.151999999999999957e+01,4.618585849763714002e+00
3.153999999999999915e+01,5.151739177909674616e+00
3.156000000000000227e+01,5.775445553421788780e+00
3.158000000000000185e+01,6.494606529137274542e+00
3.160000000000000142e+01,7.311219366126731956e+00
3.162000000000000099e+01,8.221570452550118091e+00
3.164000000000000057e+01,9.212494727432995134e+00
3.166000000000000014e+01,1.025685044709335614e+01
3.167999999999999972e+01,1.130896207728607017e+01
3.169999999999999929e+01,1.230177070842648490e+01
3.172000000000000242e+01,1.314857187061910970e+01
3.174000000000000199e+01,1.375266374109900980e+01
3.176000000000000156e+01,1.402645827384312049e+01
3.178000000000000114e+01,1.391652258700631428e+01
3.180000000000000071e+01,1.342430693209727899e+01
3.182000000000000028e+01,1.260977562510508321e+01
3.183999999999999986e+01,1.157251833001350150e+01
3.185999999999999943e+01,1.041947205513934094e+01
3.187999999999999901e+01,9.237657649808211247e+00
3.190000000000000213e+01,8.084667221706238749e+00
3.192000000000000171e+01,6.994822976869698117e+00
3.194000000000000128e+01,5.989935828411804941e+00
3.196000000000000085e+01,5.086353591192981582e+00
3.198000000000000043e+01,4.297147043685231260e+00
3.200000000000000000e+01,3.631922173204382709e+00
3.202000000000000313e+01,3.096250790721329693e+00
3.203999999999999915e+01,2.691090477739883191e+00
3.206000000000000227e+01,2.411979737720236550e+00
3.207999999999999829e+01,2.248662040137629159e+00
3.210000000000000142e+01,2.186596513283413756e+00
3.211999999999999744e+01,2.210488213445619188e+00
3.214000000000000057e+01,2.307837373043279072e+00
3.216000000000000369e+01,2.470753988125800493e+00
3.217999999999999972e+01,2.696079947515654496e+00
3.220000000000000284e+01,2.984726575217143463e+00
3.221999999999999886e+01,3.340896467497695976e+00
3.224000000000000199e+01,3.771416479478659767e+00
3.225999999999999801e+01,4.285148939820481395e+00
3.228000000000000114e+01,4.892333681610829821e+00
3.229999999999999716e+01,5.603649538865132840e+00
3.232000000000000028e+01,6.428719783103030494e+00
3.234000000000000341e+01,7.373711802007925087e+00
3.235999999999999943e+01,8.437633593459329617e+00
3.238000000000000256e+01,9.607001534124158582e+00
3.239999999999999858e+01,1.084893562934681377e+01
3.242000000000000171e+01,1.210371772414639757e+01
3.243999999999999773e+01,1.327965883845193140e+01
3.246000000000000085e+01,1.425545253093045517e+01
3.248000000000000398e+01,1.489632802465124151e+01
3.250000000000000000e+01,1.508684429487851553e+01
3.252000000000000313e+01,1.477250061900954670e+01
3.253999999999999915e+01,1.398891747574147360e+01
3.256000000000000227e+01,1.285527720452921585e+01
3.257999999999999829e+01,1.152899977906132811e+01
3.260000000000000142e+01,1.014877932893742418e+01
3.261999999999999744e+01,8.802271244814908968e+00
3.264000000000000057e+01,7.530631437058683986e+00
3.266000000000000369e+01,6.351400866239219845e+00
3.267999999999999972e+01,5.276079203229064873e+00
3.270000000000000284e+01,4.315113573668956981e+00
3.271999999999999886e+01,3.475970830827936897e+00
3.274000000000000199e+01,2.760773567956988028e+00
3.275999999999999801e+01,2.165958270595800705e+00
3.278000000000000114e+01,1.683686211168263114e+00
3.279999999999999716e+01,1.304029007267175411e+00
3.282000000000000028e+01,1.017054908634919652e+00
3.284000000000000341e+01,8.139118715073483390e-01
3.285999999999999943e+01,6.858568861624257940e-01
3.288000000000000256e+01,6.217066168181751840e-01
3.289999999999999858e+01,6.075550852710469574e-01
3.292000000000000171e+01,6.304869146126758084e-01
3.293999999999999773e+01,6.818549605054713414e-01
3.296000000000000085e+01,7.575279268807262323e-01
3.298000000000000398e+01,8.567300522327003787e-01
3.300000000000000000e+01,9.810039821946154870e-01
3.302000000000000313e+01,1.133633089604748623e+00
3.303999999999999915e+01,1.319416565327598656e+00
3.306000000000000227e+01,1.544663048728645016e+00
3.307999999999999829e+01,1.817316912451043764e+00
3.310000000000000142e+01,2.147167056013781661e+00
3.311999999999999744e+01,2.546098531412351651e+00
3.314000000000000057e+01,3.028340342680055031e+00
3.316000000000000369e+01,3.610630402779245962e+00
3.317999999999999972e+01,4.312156088725179082e+00
3.320000000000000284e+01,5.154019220533623269e+00
3.321999999999999886e+01,6.157794002180435378e+00
3.324000000000000199e+01,7.342479923172956724e+00
3.325999999999999801e+01,8.718821822460601112e+00
3.328000000000000114e+01,1.027971987624401606e+01
3.329999999999999716e+01,1.198575087315148480e+01
3.332000000000000028e+01,1.374667254208183564e+01
3.334000000000000341e+01,1.540470019454540740e+01
3.335999999999999943e+01,1.673384707073516253e+01
3.338000000000000256e+01,1.747687252397872371e+01
3.339999999999999858e+01,1.743262304381333649e+01
3.342000000000000171e+01,1.656655724135192997e+01
3.343999999999999773e+01,1.506569782432476501e+01
3.346000000000000085e+01,1.326600965084600325e+01
3.348000000000000398e+01,1.148210408593352838e+01
3.350000000000000000e+01,9.874443905202518579e+00
3.352000000000000313e+01,8.458730631639575392e+00
3.353999999999999915e+01,7.207426801240035985e+00
3.356000000000000227e+01,6.119871078895920746e+00
3.357999999999999829e+01,5.224653508856564876e+00
3.360000000000000142e+01,4.553379341286651893e+00
3.361999999999999744e+01,4.117088096090020244e+00
3.364000000000000057e+01,3.896366759186447037e+00
3.366000000000000369e+01,3.850074856999093686e+00
3.367999999999999972e+01,3.935101336138016492e+00
3.370000000000000284e+01,4.120518713440746161e+00
3.371999999999999886e+01,4.390270372345113969e+00
3.374000000000000199e+01,4.739732258234049311e+00
3.375999999999999801e+01,5.171502759978113595e+00
3.378000000000000114e+01,5.692312542052289537e+00
3.379999999999999716e+01,6.311046938663138484e+00
3.382000000000000028e+01,7.037368741501842884e+00
3.384000000000000341e+01,7.880417074992005944e+00
3.385999999999999943e+01,8.847128472891963469e+00
3.388000000000000256e+01,9.939783738134710944e+00
3.389999999999999858e+01,1.115243857034754171e+01
3.392000000000000171e+01,1.246603341850745217e+01
3.393999999999999773e+01,1.384232607114571323e+01
3.396000000000000085e+01,1.521753348360504354e+01
3.398000000000000398e+01,1.649784032116941646e+01
3.400000000000000000e+01,1.756056189298270453e+01
3.402000000000000313e+01,1.826583244472276846e+01
3.403999999999999915e+01,1.848228765037032773e+01
3.406000000000000227e+01,1.812423147763682252e+01
3.407999999999999829e+01,1.718783026923943069e+01
3.410000000000000142e+01,1.576651517397431235e+01
3.411999999999999744e+01,1.403098406886981842e+01
3.414000000000000057e+01,1.217912787292539356e+01
3.416000000000000369e+01,1.038156014483513445e+01
3.417999999999999972e+01,8.749822252789742905e+00
3.420000000000000284e+01,7.335404375356788798e+00
3.421999999999999886e+01,6.147772186753143409e+00
3.424000000000000199e+01,5.174895661495582999e+00
3.425999999999999801e+01,4.397428444535017356e+00
3.428000000000000114e+01,3.795905641658227303e+00
3.430000000000000426e+01,3.353472075742486069e+00
3.432000000000000028e+01,3.056213958404500275e+00
3.434000000000000341e+01,2.892072933008907665e+00
3.435999999999999943e+01,2.849145975948154774e+00
3.438000000000000256e+01,2.914766527137049756e+00
3.439999999999999858e+01,3.076500898284322272e+00
3.442000000000000171e+01,3.324467958048400895e+00
3.443999999999999773e+01,3.653279769299352164e+00
3.446000000000000085e+01,4.062681461261949956e+00
3.448000000000000398e+01,4.557147222139970921e+00
3.450000000000000000e+01,5.145026380977891556e+00
3.452000000000000313e+01,5.837579787542525267e+00
3.453999999999999915e+01,6.647926385266000437e+00
3.456000000000000227e+01,7.589705654576714089e+00
3.457999999999999829e+01,8.675123665847195298e+00
3.460000000000000142e+01,9.911943101894093999e+00
3.461999999999999744e+01,1.129890740203308752e+01
3.464000000000000057e+01,1.281913546934061365e+01
3.466000000000000369e+01,1.443138752045292783e+01
3.467999999999999972e+01,1.606010331703488703e+01
3.470000000000000284e+01,1.758711851150688688e+01
3.471999999999999886e+01,1.885093441470952058e+01
3.474000000000000199e+01,1.966199909672754131e+01
3.475999999999999801e+01,1.984102658809068132e+01
3.478000000000000114e+01,1.927720241447959637e+01
3.480000000000000426e+01,1.798447646800764588e+01
3.482000000000000028e+01,1.612020964534001521e+01
3.484000000000000341e+01,1.394238912087901383e+01
3.485999999999999943e+01,1.172202327320984772e+01
3.488000000000000256e+01,9.662276766802664341e+00
3.489999999999999858e+01,7.867349498621611481e+00
3.492000000000000171e+01,6.360978094210962830e+00
3.493999999999999773e+01,5.123491359597770689e+00
3.496000000000000085e+01,4.120797321391968637e+00
3.498000000000000398e+01,3.318625819969008628e+00
3.500000000000000000e+01,2.687064475829175514e+00
3.502000000000000313e+01,2.201265720981900209e+00
3.503999999999999915e+01,1.841348165935182246e+00
3.506000000000000227e+01,1.592223647503251849e+00
3.507999999999999829e+01,1.442850175360111953e+00
3.510000000000000142e+01,1.384105590503459604e+00
3.511999999999999744e+01,1.405896729061070882e+00
3.514000000000000057e+01,1.496366824126567074e+00
3.516000000000000369e+01,1.644520207419309044e+00
3.517999999999999972e+01,1.843424751604202383e+00
3.520000000000000284e+01,2.091397090541393222e+00
3.521999999999999886e+01,2.391513693754141023e+00
3.524000000000000199e+01,2.750705163134541831e+00
3.525999999999999801e+01,3.179086806541540966e+00
3.528000000000000114e+01,3.689624212101159983e+00
3.530000000000000426e+01,4.298020621663904528e+00
3.532000000000000028e+01,5.022656432217852185e+00
3.534000000000000341e+01,5.884378481761502577e+00
3.535999999999999943e+01,6.905865322962240427e+00
3.538000000000000256e+01,8.110156729459868430e+00
3.539999999999999858e+01,9.517727584160271093e+00
3.542000000000000171e+01,1.114120535338946283e+01
3.543999999999999773e+01,1.297658617077639498e+01
3.546000000000000085e+01,1.498985204340417177e+01
3.548000000000000398e+01,1.709889364237125875e+01
3.550000000000000000e+01,1.915368704175935477e+01
3.552000000000000313e+01,2.092389444530699549e+01
3.553999999999999915e+01,2.211152831991759271e+01
3.556000000000000227e+01,2.240995876833348532e+01
3.557999999999999829e+01,2.161439286140743121e+01
3.560000000000000142e+01,1.974363437685682143e+01
3.561999999999999744e+01,1.708635494566469504e+01
3.564000000000000057e+01,1.410527822162209510e+01
3.566000000000000369e+01,1.124226290440736165e+01
3.567999999999999972e+01,8.762833274209352652e+00
3.570000000000000284e+01,6.737134488248685216e+00
3.571999999999999886e+01,5.121110910963965424e+00
3.574000000000000199e+01,3.840442360822970080e+00
3.575999999999999801e+01,2.830130360378855237e+00
3.578000000000000114e+01,2.041080783954571931e+00
3.580000000000000426e+01,1.435634611178164155e+00
3.582000000000000028e+01,9.822990147050846277e-01
3.584000000000000341e+01,6.516169403633711443e-01
3.585999999999999943e+01,4.141781341289680896e-01
3.588000000000000256e+01,2.426853122551369535e-01
3.589999999999999858e+01,1.160183678501040261e-01
3.592000000000000171e+01,2.023993329146298731e-02
3.593999999999999773e+01,-5.357501191641174387e-02
3.596000000000000085e+01,-1.116440957419607000e-01
3.598000000000000398e+01,-1.587269734040874236e-01
3.600000000000000000e+01,-1.986518712867977043e-01
3.602000000000000313e+01,-2.345601922985611765e-01
3.603999999999999915e+01,-2.690776179968887849e-01
3.606000000000000227e+01,-3.044764469640161009e-01
3.607999999999999829e+01,-3.428438675021708293e-01
3.610000000000000142e+01,-3.862647999084499739e-01
3.611999999999999744e+01,-4.370284378102232137e-01
3.614000000000000057e+01,-4.978815636542805456e-01
3.616000000000000369e+01,-5.723488138033309136e-01
3.617999999999999972e+01,-6.651425905903484148e-01
3.620000000000000284e+01,-7.826496784035608112e-01
3.621999999999999886e+01,-9.333966612472457403e-01
3.624000000000000199e+01,-1.128205399228529249e+00
3.625999999999999801e+01,-1.379427610051803033e+00
3.628000000000000114e+01,-1.698290998425261877e+00
3.630000000000000426e+01,-2.089426242903403175e+00
3.632000000000000028e+01,-2.542910429447853282e+00
3.634000000000000341e+01,-3.027178010719978385e+00
3.635999999999999943e+01,-3.489179850225888835e+00
3.638000000000000256e+01,-3.866459639870026610e+00
3.639999999999999858e+01,-4.106852889815479024e+00
3.642000000000000171e+01,-4.183206528140355651e+00
3.643999999999999773e+01,-4.095106702618005023e+00
3.646000000000000085e+01,-3.862619496768920690e+00
3.648000000000000398e+01,-3.519901662177791213e+00
3.650000000000000000e+01,-3.109069708113513464e+00
3.652000000000000313e+01,-2.672725921829896212e+00
3.653999999999999915e+01,-2.247158989991999700e+00
3.656000000000000227e+01,-1.858795164140116141e+00
3.657999999999999829e+01,-1.524158319834411524e+00
3.660000000000000142e+01,-1.252030434111093271e+00
3.661999999999999744e+01,-1.046321975352809019e+00
3.664000000000000057e+01,-9.082819938120327841e-01
3.666000000000000369e+01,-8.365886214068403159e-01
3.667999999999999972e+01,-8.252580751418673310e-01
3.670000000000000284e+01,-8.633261080801778453e-01
3.671999999999999886e+01,-9.392380768253653089e-01
3.674000000000000199e+01,-1.045526709026460166e+00
3.675999999999999801e+01,-1.179879721675475945e+00
3.678000000000000114e+01,-1.343987134845192832e+00
3.680000000000000426e+01,-1.542269047522475622e+00
3.682000000000000028e+01,-1.781163529867992201e+00
3.684000000000000341e+01,-2.068913675365282145e+00
3.685999999999999943e+01,-2.415668505380006881e+00
3.688000000000000256e+01,-2.833761088063512013e+00
3.689999999999999858e+01,-3.338079932036288611e+00
3.692000000000000171e+01,-3.946471507657253852e+00
3.693999999999999773e+01,-4.680099949826656669e+00
3.696000000000000085e+01,-5.563640936606035758e+00
3.698000000000000398e+01,-6.625088617910243727e+00
3.700000000000000000e+01,-7.894782790077180756e+00
3.702000000000000313e+01,-9.402991291126038931e+00
3.703999999999999915e+01,-1.117498194838252523e+01
3.706000000000000227e+01,-1.322203857560425533e+01
3.707999999999999829e+01,-1.552654175043221763e+01
3.710000000000000142e+01,-1.801975846399008319e+01
3.711999999999999744e+01,-2.055387116482105014e+01
3.714000000000000057e+01,-2.287726671673999590e+01
3.716000000000000369e+01,-2.463497384881375396e+01
3.717999999999999972e+01,-2.542728049448547978e+01
3.720000000000000284e+01,-2.494689297080179458e+01
3.721999999999999886e+01,-2.315429407006910623e+01
3.724000000000000199e+01,-2.036897560447074440e+01
3.725999999999999801e+01,-1.715913179569723823e+01
3.728000000000000114e+01,-1.407058971270767245e+01
3.730000000000000426e+01,-1.140376763519987691e+01
3.732000000000000028e+01,-9.202520601564922131e+00
3.734000000000000341e+01,-7.394184641682002734e+00
3.735999999999999943e+01,-5.909209666034995756e+00
3.738000000000000256e+01,-4.713400593871821975e+00
3.739999999999999858e+01,-3.792250820788024335e+00
3.742000000000000171e+01,-3.129173612602853982e+00
3.743999999999999773e+01,-2.692644805145231413e+00
3.746000000000000085e+01,-2.437435961308222598e+00
3.748000000000000398e+01,-2.317362452525877803e+00
3.750000000000000000e+01,-2.296900752071093788e+00
3.752000000000000313e+01,-2.353942786804136489e+00
3.753999999999999915e+01,-2.476887254503935765e+00
3.756000000000000227e+01,-2.660951362489302419e+00
3.757999999999999829e+01,-2.905541076670645317e+00
3.760000000000000142e+01,-3.212657143995927278e+00
3.761999999999999744e+01,-3.585893202951300207e+00
3.764000000000000057e+01,-4.029626247857222232e+00
3.766000000000000369e+01,-4.548097097144718326e+00
3.767999999999999972e+01,-5.144122049839189081e+00
3.770000000000000284e+01,-5.817189964635947952e+00
3.771999999999999886e+01,-6.560717406280232922e+00
3.774000000000000199e+01,-7.358335681426388497e+00
3.775999999999999801e+01,-8.179371091063362798e+00
3.778000000000000114e+01,-8.974316975434003751e+00
3.780000000000000426e+01,-9.672174517422590156e+00
3.782000000000000028e+01,-1.018287094380924351e+01
3.784000000000000341e+01,-1.040864883039636268e+01
3.785999999999999943e+01,-1.026656717922821116e+01
3.788000000000000256e+01,-9.718395404345987032e+00
3.789999999999999858e+01,-8.795606443242633077e+00
3.792000000000000171e+01,-7.602810821898470017e+00
3.793999999999999773e+01,-6.291214930419158691e+00
3.796000000000000085e+01,-5.012845409315773715e+00
3.798000000000000398e+01,-3.880190471271585118e+00
3.800000000000000000e+01,-2.950105628521043410e+00
3.802000000000000313e+01,-2.231701545309800583e+00
3.803999999999999915e+01,-1.704884101013778741e+00
3.806000000000000227e+01,-1.337386498055376460e+00
3.807999999999999829e+01,-1.095700936608847487e+00
3.810000000000000142e+01,-9.505615912256960565e-01
3.811999999999999744e+01,-8.790292063059693684e-01
3.814000000000000057e+01,-8.647594703724472698e-01
3.816000000000000369e+01,-8.972070886781124965e-01
3.817999999999999972e+01,-9.700060069460590961e-01
3.820000000000000284e+01,-1.079017311776704569e+00
3.821999999999999886e+01,-1.221121556411946640e+00
3.824000000000000199e+01,-1.394342924645795234e+00
3.825999999999999801e+01,-1.598604802436035976e+00
3.828000000000000114e+01,-1.836176892056520460e+00
3.830000000000000426e+01,-2.111604419309018876e+00
3.832000000000000028e+01,-2.431372218350241976e+00
3.834000000000000341e+01,-2.803522987272912381e+00
3.835999999999999943e+01,-3.237273851286190052e+00
3.838000000000000256e+01,-3.742541798268619768e+00
3.839999999999999858e+01,-4.329209446106197845e+00
3.842000000000000171e+01,-5.005877756292675507e+00
3.843999999999999773e+01,-5.777781299653513614e+00
3.846000000000000085e+01,-6.643461545870546381e+00
3.848000000000000398e+01,-7.589810806685114208e+00
3.850000000000000000e+01,-8.585365688623877389e+00
3.852000000000000313e+01,-9.572548522305073249e+00
3.853999999999999915e+01,-1.046128377201800497e+01
3.856000000000000227e+01,-1.112908007414197975e+01
3.857999999999999829e+01,-1.143503059802295674e+01
3.860000000000000142e+01,-1.125372367326374423e+01
3.861999999999999744e+01,-1.052510605547757372e+01
3.864000000000000057e+01,-9.298610704926492332e+00
3.866000000000000369e+01,-7.738628336123999141e+00
3.867999999999999972e+01,-6.074500379504049974e+00
3.870000000000000284e+01,-4.519210775715039041e+00
3.871999999999999886e+01,-3.207572897680591950e+00
3.874000000000000199e+01,-2.184786671568153427e+00
3.875999999999999801e+01,-1.433185871156176461e+00
3.878000000000000114e+01,-9.063261955238011147e-01
3.880000000000000426e+01,-5.522212264860003605e-01
3.882000000000000028e+01,-3.243690674437673671e-01
3.884000000000000341e+01,-1.852993391110399346e-01
3.885999999999999943e+01,-1.066274717355704116e-01
3.888000000000000256e+01,-6.778065617990328140e-02
3.889999999999999858e+01,-5.440107077341647251e-02
3.892000000000000171e+01,-5.686024273827904735e-02
3.893999999999999773e+01,-6.906779937893052501e-02
3.896000000000000085e+01,-8.766928842393512111e-02
3.898000000000000398e+01,-1.116367514815891637e-01
3.900000000000000000e+01,-1.418279056021495010e-01
3.902000000000000313e+01,-1.796157563080390540e-01
3.903999999999999915e+01,-2.252552891637311927e-01
3.906000000000000227e+01,-2.781654062334857902e-01
3.907999999999999829e+01,-3.383154838627877026e-01
3.910000000000000142e+01,-4.068077979167684655e-01
3.911999999999999744e+01,-4.857447852738800420e-01
3.914000000000000057e+01,-5.780065838980027459e-01
3.916000000000000369e+01,-6.871613688373733320e-01
3.917999999999999972e+01,-8.175061166571532256e-01
3.920000000000000284e+01,-9.741976160483128977e-01
3.921999999999999886e+01,-1.163445150223507696e+00
3.924000000000000199e+01,-1.392749212566780415e+00
3.925999999999999801e+01,-1.671175976305753430e+00
3.928000000000000114e+01,-2.009650007235453728e+00
3.930000000000000426e+01,-2.421235246376426176e+00
3.932000000000000028e+01,-2.921333284681697062e+00
3.934000000000000341e+01,-3.527668615714974809e+00
3.935999999999999943e+01,-4.259810756607634197e+00
3.938000000000000256e+01,-5.137788977535855395e+00
3.939999999999999858e+01,-6.179049881600577443e+00
3.942000000000000171e+01,-7.392585338198029987e+00
3.943999999999999773e+01,-8.768640851314030371e+00
3.946000000000000085e+01,-1.026244765011143834e+01
3.948000000000000398e+01,-1.177209069304822009e+01
3.950000000000000000e+01,-1.311607229640721606e+01
3.952000000000000313e+01,-1.402729394923215622e+01
3.953999999999999915e+01,-1.419329333390103898e+01
3.956000000000000227e+01,-1.336865344917996090e+01
3.957999999999999829e+01,-1.153459800945412717e+01
3.960000000000000142e+01,-8.993394453608196670e+00
3.961999999999999744e+01,-6.270131032571700125e+00
3.964000000000000057e+01,-3.851144024882588557e+00
3.966000000000000369e+01,-1.975401200634630428e+00
3.967999999999999972e+01,-6.388221514928843492e-01
3.970000000000000284e+01,2.741977199681666644e-01
3.971999999999999886e+01,8.925162255436004388e-01
3.974000000000000199e+01,1.326141481660387811e+00
3.975999999999999801e+01,1.661432850095545755e+00
3.978000000000000114e+01,1.959279531880427472e+00
3.980000000000000426e+01,2.253427144418045369e+00
3.982000000000000028e+01,2.555232125462697734e+00
3.984000000000000341e+01,2.865329793384366663e+00
3.985999999999999943e+01,3.184066128657037087e+00
3.988000000000000256e+01,3.515775930071169508e+00
3.989999999999999858e+01,3.868584827375511459e+00
3.992000000000000171e+01,4.252750758621607119e+00
3.993999999999999773e+01,4.679109238538437410e+00
3.996000000000000085e+01,5.157970576765417370e+00
3.998000000000000398e+01,5.698310536161621087e+00
4.000000000000000000e+01,6.306971227774045730e+00
4.002000000000000313e+01,6.987608025460104955e+00
4.003999999999999915e+01,7.739178616276392475e+00
4.006000000000000227e+01,8.553873942219681226e+00
4.007999999999999829e+01,9.414561601324511031e+00
4.010000000000000142e+01,1.029211843834191242e+01
4.011999999999999744e+01,1.114349150049624804e+01
4.014000000000000057e+01,1.191187849168444757e+01
4.016000000000000369e+01,1.253075456718543634e+01
4.017999999999999972e+01,1.293302169285000325e+01
4.020000000000000284e+01,1.306472026541085185e+01
4.021999999999999886e+01,1.289968109787809603e+01
4.024000000000000199e+01,1.244889187144753961e+01
4.025999999999999801e+01,1.175898525513708925e+01
4.028000000000000114e+01,1.089934024011357572e+01
4.030000000000000426e+01,9.943926323740960527e+00
4.032000000000000028e+01,8.956741789695051636e+00
4.034000000000000341e+01,7.986038104582691588e+00
4.035999999999999943e+01,7.066093979749792808e+00
4.038000000000000256e+01,6.221760898124372829e+00
4.039999999999999858e+01,5.471979796267381957e+00
4.042000000000000171e+01,4.831198421928273312e+00
4.043999999999999773e+01,4.309303707930011385e+00
4.046000000000000085e+01,3.910966650876806838e+00
4.048000000000000398e+01,3.635167605766190579e+00
4.050000000000000000e+01,3.475633848306193485e+00
4.052000000000000313e+01,3.422589596205118045e+00
4.053999999999999915e+01,3.465368496871964243e+00
4.056000000000000227e+01,3.594821365226510412e+00
4.057999999999999829e+01,3.804737018779246860e+00
4.060000000000000142e+01,4.092214113638252826e+00
4.061999999999999744e+01,4.457333477601103766e+00
4.064000000000000057e+01,4.902464512190816137e+00
4.066000000000000369e+01,5.431353798289158874e+00
4.067999999999999972e+01,6.047975033755903951e+00
4.070000000000000284e+01,6.755013942498118595e+00
4.071999999999999886e+01,7.551813073063287973e+00
4.074000000000000199e+01,8.431620312630084157e+00
4.075999999999999801e+01,9.378108214685637378e+00
4.078000000000000114e+01,1.036144950819164912e+01
4.080000000000000426e+01,1.133481649977803052e+01
4.082000000000000028e+01,1.223301733451661910e+01
4.084000000000000341e+01,1.297576423292509773e+01
4.085999999999999943e+01,1.347797833945651647e+01
4.088000000000000256e+01,1.366743114093487321e+01
4.089999999999999858e+01,1.350552361883759822e+01
4.092000000000000171e+01,1.300220732750787178e+01
4.093999999999999773e+01,1.221564602532178689e+01
4.096000000000000085e+01,1.123442569414045344e+01
4.098000000000000398e+01,1.015117828609542272e+01
4.100000000000000000e+01,9.041812523999830375e+00
4.102000000000000313e+01,7.958773994997214274e+00
4.103999999999999915e+01,6.935785544943316339e+00
4.106000000000000227e+01,5.995792099698853406e+00
4.107999999999999829e+01,5.156250800893920072e+00
4.110000000000000142e+01,4.430907142695818202e+00
4.111999999999999744e+01,3.829647691379457264e+00
4.114000000000000057e+01,3.357745253259486251e+00
4.116000000000000369e+01,3.014981903751686509e+00
4.117999999999999972e+01,2.795157157043947294e+00
4.120000000000000284e+01,2.686968067720763464e+00
4.121999999999999886e+01,2.676704517684071138e+00
4.124000000000000199e+01,2.751642335955473584e+00
4.125999999999999801e+01,2.902475627146190007e+00
4.128000000000000114e+01,3.124190906371343779e+00
4.130000000000000426e+01,3.415848535984707279e+00
4.132000000000000028e+01,3.779918274827611224e+00
4.134000000000000341e+01,4.221524596376418081e+00
4.135999999999999943e+01,4.747667980832965817e+00
4.138000000000000256e+01,5.366320446837355540e+00
4.139999999999999858e+01,6.085199324111196795e+00
4.142000000000000171e+01,6.909963352751290699e+00
4.143999999999999773e+01,7.841533140373586619e+00
4.146000000000000085e+01,8.872267545860543336e+00
4.148000000000000398e+01,9.980919520512308907e+00
4.150000000000000000e+01,1.112682893337177781e+01
4.152000000000000313e+01,1.224485813016024238e+01
4.153999999999999915e+01,1.324411744898063148e+01
4.156000000000000227e+01,1.401486984206427522e+01
4.157999999999999829e+01,1.444736415773670046e+01
4.160000000000000142e+01,1.446144529948071167e+01
4.161999999999999744e+01,1.403674742857927171e+01
4.164000000000000057e+01,1.322617374029937842e+01
4.166000000000000369e+01,1.214007636325502482e+01
4.167999999999999972e+01,1.090698170977989356e+01
4.170000000000000284e+01,9.634334804850169576e+00
4.171999999999999886e+01,8.391110878267930673e+00
4.174000000000000199e+01,7.214253382163101413e+00
4.175999999999999801e+01,6.124136589351568460e+00
4.178000000000000114e+01,5.135305822529796949e+00
4.180000000000000426e+01,4.259616985582087345e+00
4.182000000000000028e+01,3.505613795833446122e+00
4.184000000000000341e+01,2.877802648910595007e+00
4.185999999999999943e+01,2.376899001598931527e+00
4.188000000000000256e+01,2.000284375428805106e+00
4.189999999999999858e+01,1.741551638146300762e+00
4.192000000000000171e+01,1.589378296157921255e+00
4.193999999999999773e+01,1.528020339129402050e+00
4.196000000000000085e+01,1.540790011039095520e+00
4.198000000000000398e+01,1.614173763747108747e+00
4.200000000000000000e+01,1.739814695391840971e+00
4.202000000000000313e+01,1.914365211119860133e+00
4.203999999999999915e+01,2.138548824412150662e+00
4.206000000000000227e+01,2.416294279594395800e+00
4.207999999999999829e+01,2.754166212191469842e+00
4.210000000000000142e+01,3.161035203731018317e+00
4.211999999999999744e+01,3.647854658722140542e+00
4.214000000000000057e+01,4.227395693494611528e+00
4.216000000000000369e+01,4.913752058342829798e+00
4.217999999999999972e+01,5.721362431122390291e+00
4.220000000000000284e+01,6.663181689755630188e+00
4.221999999999999886e+01,7.747497894017320696e+00
4.224000000000000199e+01,8.972787061205467651e+00
4.225999999999999801e+01,1.032009478530880031e+01
4.228000000000000114e+01,1.174307666192750865e+01
4.230000000000000426e+01,1.315755500076881290e+01
4.232000000000000028e+01,1.443565959575965074e+01
4.234000000000000341e+01,1.541349088232710862e+01
4.235999999999999943e+01,1.592196475140165823e+01
4.238000000000000256e+01,1.584140024908484179e+01
4.239999999999999858e+01,1.515915194325824444e+01
4.242000000000000171e+01,1.399083364408772034e+01
4.243999999999999773e+01,1.253762984201130948e+01
4.246000000000000085e+01,1.100012995511250757e+01
4.248000000000000398e+01,9.509278359334428998e+00
4.250000000000000000e+01,8.117893090299054037e+00
4.252000000000000313e+01,6.837266250842456650e+00
4.253999999999999915e+01,5.672721913483080414e+00
4.256000000000000227e+01,4.635397351136430366e+00
4.257999999999999829e+01,3.738419079364890596e+00
4.260000000000000142e+01,2.991224183548160109e+00
4.261999999999999744e+01,2.397551568580048365e+00
4.264000000000000057e+01,1.956075806034449194e+00
4.266000000000000369e+01,1.660397643956450509e+00
4.267999999999999972e+01,1.496456192512508832e+00
4.270000000000000284e+01,1.441137786743301730e+00
4.271999999999999886e+01,1.467988444924649416e+00
4.274000000000000199e+01,1.556060790390416004e+00
4.275999999999999801e+01,1.693708267613691199e+00
4.278000000000000114e+01,1.877284408097477986e+00
4.280000000000000426e+01,2.108612996621233915e+00
4.282000000000000028e+01,2.393175195947999434e+00
4.284000000000000341e+01,2.739201738020569987e+00
4.285999999999999943e+01,3.157372080326963371e+00
4.288000000000000256e+01,3.660835647332004061e+00
4.289999999999999858e+01,4.265354849745741639e+00
4.292000000000000171e+01,4.989409300166991912e+00
4.293999999999999773e+01,5.854086719852163334e+00
4.296000000000000085e+01,6.882504360209499517e+00
4.298000000000000398e+01,8.098358333437367662e+00
4.300000000000000000e+01,9.522964927805340096e+00
4.302000000000000313e+01,1.116985884324364875e+01
4.303999999999999915e+01,1.303572975532402545e+01
4.306000000000000227e+01,1.508650345852667485e+01
4.307999999999999829e+01,1.723837988174978619e+01
4.310000000000000142e+01,1.933682859771901619e+01
4.311999999999999744e+01,2.114317052049196732e+01
4.314000000000000057e+01,2.234754791308836275e+01
4.316000000000000369e+01,2.263120159708561374e+01
4.317999999999999972e+01,2.178367914627455448e+01
4.320000000000000284e+01,1.983146364236285564e+01
4.321999999999999886e+01,1.708433699326287325e+01
4.324000000000000199e+01,1.402925755853382839e+01
4.325999999999999801e+01,1.112169886872300495e+01
4.328000000000000114e+01,8.625287054148813581e+00
4.330000000000000426e+01,6.599760172316297968e+00
4.332000000000000028e+01,4.991646957267548146e+00
4.334000000000000341e+01,3.721847889084366923e+00
4.335999999999999943e+01,2.723968060974311101e+00
4.338000000000000256e+01,1.948799319526631324e+00
4.339999999999999858e+01,1.358447387742817147e+00
4.342000000000000171e+01,9.201791102189509353e-01
4.343999999999999773e+01,6.021715197052627255e-01
4.346000000000000085e+01,3.730024946053979717e-01
4.348000000000000398e+01,2.054867078277316794e-01
4.350000000000000000e+01,8.013292867737543956e-02
4.352000000000000313e+01,-1.558004018205546778e-02
4.353999999999999915e+01,-8.993107311454721919e-02
4.356000000000000227e+01,-1.489780103233852016e-01
4.357999999999999829e+01,-1.975076337734178178e-01
4.360000000000000142e+01,-2.394286175879829504e-01
4.361999999999999744e+01,-2.779817551393354846e-01
4.364000000000000057e+01,-3.159139546298641021e-01
4.366000000000000369e+01,-3.556566295187699178e-01
4.367999999999999972e+01,-3.995160854828774255e-01
4.370000000000000284e+01,-4.498859069874228123e-01
4.371999999999999886e+01,-5.094919889957937320e-01
4.374000000000000199e+01,-5.816932088687872815e-01
4.375999999999999801e+01,-6.708505217018680966e-01
4.378000000000000114e+01,-7.827591744208100000e-01
4.380000000000000426e+01,-9.250653318899154653e-01
4.382000000000000028e+01,-1.107438339021900031e+00
4.384000000000000341e+01,-1.341008678027999945e+00
4.385999999999999943e+01,-1.636274486512884430e+00
4.388000000000000256e+01,-1.998635247653810953e+00
4.389999999999999858e+01,-2.421580657414149407e+00
4.392000000000000171e+01,-2.879893494690290101e+00
4.393999999999999773e+01,-3.328026013857924070e+00
4.396000000000000085e+01,-3.708491104511682845e+00
4.398000000000000398e+01,-3.968653783142950253e+00
4.400000000000000000e+01,-4.076173304283076781e+00
4.402000000000000313e+01,-4.024060719870190539e+00
4.403999999999999915e+01,-3.826595347149611914e+00
4.406000000000000227e+01,-3.513074665004237485e+00
4.407999999999999829e+01,-3.121807935612426199e+00
4.410000000000000142e+01,-2.693241933919436004e+00
4.411999999999999744e+01,-2.263229320034833236e+00
4.414000000000000057e+01,-1.858748809955810710e+00
4.416000000000000369e+01,-1.496817873143514444e+00
4.417999999999999972e+01,-1.185694371835545269e+00
4.420000000000000284e+01,-9.270823685006919224e-01
4.421999999999999886e+01,-7.184318613340866522e-01
4.424000000000000199e+01,-5.548979189854266192e-01
4.425999999999999801e+01,-4.308463980485940370e-01
4.428000000000000114e+01,-3.409401762475640640e-01
4.430000000000000426e+01,-2.808113492056835692e-01
4.432000000000000028e+01,-2.470920163392384683e-01
4.434000000000000341e+01,-2.365040839795895244e-01
4.435999999999999943e+01,-2.448655684001152799e-01
4.438000000000000256e+01,-2.677710645810331691e-01
4.439999999999999858e+01,-3.021999595456318355e-01
4.442000000000000171e+01,-3.470799834533663253e-01
4.443999999999999773e+01,-4.028981682558684385e-01
4.446000000000000085e+01,-4.712144211355411838e-01
4.448000000000000398e+01,-5.543971581605005028e-01
4.450000000000000000e+01,-6.555603810727379521e-01
4.452000000000000313e+01,-7.786290435365635920e-01
4.453999999999999915e+01,-9.284861205937947615e-01
4.456000000000000227e+01,-1.111182158859862268e+00
4.457999999999999829e+01,-1.334203909249985109e+00
4.460000000000000142e+01,-1.606806959210719699e+00
4.461999999999999744e+01,-1.940420075807511857e+00
4.464000000000000057e+01,-2.349128130011266968e+00
4.466000000000000369e+01,-2.850233793868708787e+00
4.467999999999999972e+01,-3.464882495286141673e+00
4.470000000000000284e+01,-4.218701378151145320e+00
4.471999999999999886e+01,-5.142336762208968182e+00
4.474000000000000199e+01,-6.271648604949564998e+00
4.475999999999999801e+01,-7.647092669555099143e+00
4.478000000000000114e+01,-9.311421527610587390e+00
4.480000000000000426e+01,-1.130419865588811668e+01
4.482000000000000028e+01,-1.365070348010272028e+01
4.484000000000000341e+01,-1.634187531215220801e+01
4.485999999999999943e+01,-1.930197643094762228e+01
4.488000000000000256e+01,-2.234437565447913343e+01
4.489999999999999858e+01,-2.512811539689148077e+01
4.492000000000000171e+01,-2.715239533109441084e+01
4.493999999999999773e+01,-2.785107692483394715e+01
4.496000000000000085e+01,-2.682761396852243152e+01
4.498000000000000398e+01,-2.414584500144671253e+01
4.500000000000000000e+01,-2.043026245701309307e+01
4.502000000000000313e+01,-1.658169272908429903e+01
4.503999999999999915e+01,-1.327614311557349858e+01
4.506000000000000227e+01,-1.069614352770710575e+01
4.507999999999999829e+01,-8.700066921778418561e+00
4.510000000000000142e+01,-7.122069418269514784e+00
4.511999999999999744e+01,-5.884123525136327970e+00
4.514000000000000057e+01,-4.958142684253239452e+00
4.516000000000000369e+01,-4.313887642560515268e+00
4.517999999999999972e+01,-3.903004525617503440e+00
4.520000000000000284e+01,-3.670884989098949003e+00
4.521999999999999886e+01,-3.571947537471737100e+00
4.524000000000000199e+01,-3.575068694715790141e+00
4.525999999999999801e+01,-3.661365661904946833e+00
4.528000000000000114e+01,-3.820031633149259420e+00
4.530000000000000426e+01,-4.044918111304475872e+00
4.532000000000000028e+01,-4.332214287964984756e+00
4.534000000000000341e+01,-4.678843967199489029e+00
4.535999999999999943e+01,-5.081173155747594983e+00
4.538000000000000256e+01,-5.533741345648758525e+00
4.539999999999999858e+01,-6.027857616932716489e+00
4.542000000000000171e+01,-6.550029851059916197e+00
4.543999999999999773e+01,-7.080359152136185941e+00
4.546000000000000085e+01,-7.591249077997662020e+00
4.548000000000000398e+01,-8.047053067951312144e+00
4.550000000000000000e+01,-8.405521157541478772e+00
4.552000000000000313e+01,-8.621920777639513034e+00
4.553999999999999915e+01,-8.656204653572793006e+00
4.556000000000000227e+01,-8.482377305484652297e+00
4.557999999999999829e+01,-8.097513548897719460e+00
4.560000000000000142e+01,-7.526658016017240271e+00
4.561999999999999744e+01,-6.820413954100943421e+00
4.564000000000000057e+01,-6.044924235682166191e+00
4.566000000000000369e+01,-5.267742348159700327e+00
4.567999999999999972e+01,-4.545114933412425451e+00
4.570000000000000284e+01,-3.914913967970301556e+00
4.571999999999999886e+01,-3.396057694352272005e+00
4.574000000000000199e+01,-2.992382001284594306e+00
4.575999999999999801e+01,-2.698090722313919443e+00
4.578000000000000114e+01,-2.502692180465651450e+00
4.580000000000000426e+01,-2.394509056745737219e+00
4.582000000000000028e+01,-2.362685355549230426e+00
4.584000000000000341e+01,-2.398022087224548571e+00
4.585999999999999943e+01,-2.493118834369628001e+00
4.588000000000000256e+01,-2.642273927504910525e+00
4.589999999999999858e+01,-2.841413677557700801e+00
4.592000000000000171e+01,-3.088072135915990390e+00
4.593999999999999773e+01,-3.381293799136302347e+00
4.596000000000000085e+01,-3.721336995911067813e+00
4.598000000000000398e+01,-4.109129726239273417e+00
4.600000000000000000e+01,-4.545473167478487397e+00
4.602000000000000313e+01,-5.029983829338652512e+00
4.603999999999999915e+01,-5.559745074824413713e+00
4.606000000000000227e+01,-6.127642926806760038e+00
4.607999999999999829e+01,-6.720424457789742512e+00
4.610000000000000142e+01,-7.316671957119062597e+00
4.611999999999999744e+01,-7.885157121188044016e+00
4.614000000000000057e+01,-8.384408480721360135e+00
4.616000000000000369e+01,-8.764668988405340144e+00
4.617999999999999972e+01,-8.973439242620454337e+00
4.620000000000000284e+01,-8.965054066908450636e+00
4.621999999999999886e+01,-8.712927382436506107e+00
4.624000000000000199e+01,-8.220662884788687563e+00
4.625999999999999801e+01,-7.526731734952615049e+00
4.628000000000000114e+01,-6.698850695209341843e+00
4.630000000000000426e+01,-5.818888944672559127e+00
4.632000000000000028e+01,-4.964326294097641146e+00
4.634000000000000341e+01,-4.193918585249913455e+00
4.635999999999999943e+01,-3.542019040482349279e+00
4.638000000000000256e+01,-3.020894823900624360e+00
4.639999999999999858e+01,-2.627272764402123428e+00
4.642000000000000171e+01,-2.349391272850031243e+00
4.643999999999999773e+01,-2.172504528196770757e+00
4.646000000000000085e+01,-2.082320992960108974e+00
4.648000000000000398e+01,-2.066649475639794176e+00
4.650000000000000000e+01,-2.115793801975429211e+00
4.652000000000000313e+01,-2.222308871620331416e+00
4.653999999999999915e+01,-2.380671057742223873e+00
4.656000000000000227e+01,-2.587154801495871403e+00
4.657999999999999829e+01,-2.839862964435852177e+00
4.660000000000000142e+01,-3.138687631362623076e+00
4.661999999999999744e+01,-3.485040369337784494e+00
4.664000000000000057e+01,-3.881315293886941298e+00
4.666000000000000369e+01,-4.330099083999983556e+00
4.667999999999999972e+01,-4.833115900578554225e+00
4.670000000000000284e+01,-5.389847691594036760e+00
4.671999999999999886e+01,-5.995748781671686345e+00
4.674000000000000199e+01,-6.640013172682566633e+00
4.675999999999999801e+01,-7.302996107455589581e+00
4.678000000000000114e+01,-7.953682386929632031e+00
4.680000000000000426e+01,-8.548066537211228777e+00
4.682000000000000028e+01,-9.029879770773378667e+00
4.684000000000000341e+01,-9.335466474330910813e+00
4.685999999999999943e+01,-9.404158151394062415e+00
4.688000000000000256e+01,-9.193532512674444490e+00
4.689999999999999858e+01,-8.695503533688436093e+00
4.692000000000000171e+01,-7.946031954668014485e+00
4.693999999999999773e+01,-7.021615017400553604e+00
4.696000000000000085e+01,-6.021494730925559757e+00
4.698000000000000398e+01,-5.042779796688458660e+00
4.700000000000000000e+01,-4.159784982846910673e+00
4.702000000000000313e+01,-3.415200536865029335e+00
4.703999999999999915e+01,-2.822880796437982287e+00
4.706000000000000227e+01,-2.376789122359545647e+00
4.707999999999999829e+01,-2.060530252936101370e+00
4.710000000000000142e+01,-1.854560112187763510e+00
4.711999999999999744e+01,-1.740536878905931895e+00
4.714000000000000057e+01,-1.703334971086233329e+00
4.716000000000000369e+01,-1.731430662628673733e+00
4.717999999999999972e+01,-1.816352418494313614e+00
4.720000000000000284e+01,-1.951914951114210206e+00
4.721999999999999886e+01,-2.133803724432752347e+00
4.724000000000000199e+01,-2.359607175570539006e+00
4.725999999999999801e+01,-2.628978648212659142e+00
4.728000000000000114e+01,-2.943599627556619858e+00
4.730000000000000426e+01,-3.306842669502361609e+00
4.732000000000000028e+01,-3.723178920817087345e+00
4.734000000000000341e+01,-4.197367450796892996e+00
4.735999999999999943e+01,-4.733383991815233394e+00
4.738000000000000256e+01,-5.332970728046335651e+00
4.739999999999999858e+01,-5.993650733165825528e+00
4.742000000000000171e+01,-6.706077348036107111e+00
4.743999999999999773e+01,-7.450733195592490254e+00
4.746000000000000085e+01,-8.194336606928217748e+00
4.748000000000000398e+01,-8.886938481863214889e+00
4.750000000000000000e+01,-9.461576511828711844e+00
4.752000000000000313e+01,-9.839147610004674860e+00
4.753999999999999915e+01,-9.940969923079117976e+00
4.756000000000000227e+01,-9.709068047107605182e+00
4.757999999999999829e+01,-9.129070194710973141e+00
4.760000000000000142e+01,-8.245112841467021170e+00
4.761999999999999744e+01,-7.155771503222437602e+00
4.764000000000000057e+01,-5.988751363155169649e+00
4.766000000000000369e+01,-4.865482956777046120e+00
4.767999999999999972e+01,-3.873289913362548464e+00
4.770000000000000284e+01,-3.056011329798499432e+00
4.771999999999999886e+01,-2.420972875790539103e+00
4.774000000000000199e+01,-1.952852220057601063e+00
4.775999999999999801e+01,-1.626438094034998283e+00
4.778000000000000114e+01,-1.415175961143441130e+00
4.780000000000000426e+01,-1.295749031864142475e+00
4.782000000000000028e+01,-1.249924971078539393e+00
4.784000000000000341e+01,-1.264666098954723594e+00
4.785999999999999943e+01,-1.331133617992049656e+00
4.788000000000000256e+01,-1.443247510771430875e+00
4.789999999999999858e+01,-1.596659614581404263e+00
4.792000000000000171e+01,-1.788620367636591491e+00
4.793999999999999773e+01,-2.018388260724694572e+00
4.796000000000000085e+01,-2.287531132382838894e+00
4.798000000000000398e+01,-2.599840582595654315e+00
4.800000000000000000e+01,-2.960947308238933928e+00
4.802000000000000313e+01,-3.377780612808626515e+00
4.803999999999999915e+01,-3.857903756743497503e+00
4.806000000000000227e+01,-4.408634186648371589e+00
4.807999999999999829e+01,-5.035764445132366873e+00
4.810000000000000142e+01,-5.741639048811301826e+00
4.812000000000000455e+01,-6.522311534295431201e+00
4.814000000000000057e+01,-7.363577321001014475e+00
4.816000000000000369e+01,-8.235948476665328144e+00
4.817999999999999972e+01,-9.089303355520986116e+00
4.820000000000000284e+01,-9.849162638145635640e+00
4.821999999999999886e+01,-1.041819158371463949e+01
4.824000000000000199e+01,-1.068766399659507016e+01
4.825999999999999801e+01,-1.056210994019678395e+01
4.828000000000000114e+01,-9.993823389743893060e+00
4.830000000000000426e+01,-9.013324259311204401e+00
4.832000000000000028e+01,-7.735408734607682746e+00
4.834000000000000341e+01,-6.329310834945742315e+00
4.835999999999999943e+01,-4.965049351465685490e+00
4.838000000000000256e+01,-3.766078792484321980e+00
4.839999999999999858e+01,-2.791467335999737731e+00
4.842000000000000171e+01,-2.046659411989236510e+00
4.843999999999999773e+01,-1.505863572627255564e+00
4.846000000000000085e+01,-1.131482850117920824e+00
4.848000000000000398e+01,-8.858400872199482246e-01
4.850000000000000000e+01,-7.365947677343075428e-01
4.852000000000000313e+01,-6.585096849363099025e-01
4.853999999999999915e+01,-6.334938193712627008e-01
4.856000000000000227e+01,-6.498730151221945306e-01
4.857999999999999829e+01,-7.010492860453374497e-01
4.860000000000000142e+01,-7.834726965823831657e-01
4.862000000000000455e+01,-8.946306510831790737e-01
4.864000000000000057e+01,-1.032384964023136620e+00
4.866000000000000369e+01,-1.195727463259097956e+00
4.867999999999999972e+01,-1.385672359368941731e+00
4.870000000000000284e+01,-1.605511163266416963e+00
4.871999999999999886e+01,-1.860599497044530981e+00
4.874000000000000199e+01,-2.158042590443585595e+00
4.875999999999999801e+01,-2.506447059639448138e+00
4.878000000000000114e+01,-2.915725729416629886e+00
4.880000000000000426e+01,-3.396856003383251998e+00
4.882000000000000028e+01,-3.961424761035921449e+00
4.884000000000000341e+01,-4.620734647489068259e+00
4.885999999999999943e+01,-5.384144872524491809e+00
4.888000000000000256e+01,-6.256198622703569079e+00
4.889999999999999858e+01,-7.231994759174034115e+00
4.892000000000000171e+01,-8.290321697229304121e+00
4.893999999999999773e+01,-9.384591314697081188e+00
4.896000000000000085e+01,-1.043307648881115313e+01
4.898000000000000398e+01,-1.131285397799052994e+01
4.900000000000000000e+01,-1.186579776583199752e+01
4.902000000000000313e+01,-1.192698021521890617e+01
4.903999999999999915e+01,-1.137939952520135201e+01
4.906000000000000227e+01,-1.021886280764753785e+01
4.907999999999999829e+01,-8.588609213042438739e+00
4.910000000000000142e+01,-6.744746953788869348e+00
4.912000000000000455e+01,-4.959925896818050184e+00
4.914000000000000057e+01,-3.427277838357065676e+00
4.916000000000000369e+01,-2.224764703771904717e+00
4.917999999999999972e+01,-1.341424274889564394e+00
4.920000000000000284e+01,-7.235087180173815913e-01
4.921999999999999886e+01,-3.079505356645692027e-01
4.924000000000000199e+01,-3.801093673026562786e-02
4.925999999999999801e+01,1.320003561285820748e-01
4.928000000000000114e+01,2.368500174525362822e-01
4.930000000000000426e+01,3.022891084886951130e-01
4.932000000000000028e+01,3.474526126390869996e-01
4.934000000000000341e+01,3.870732082965019361e-01
4.935999999999999943e+01,4.326153167901608532e-01
4.938000000000000256e+01,4.914510101003017328e-01
4.939999999999999858e+01,5.656776858776427774e-01
4.942000000000000171e+01,6.538932208506874622e-01
4.943999999999999773e+01,7.548056005286336578e-01
4.946000000000000085e+01,8.691904510655792393e-01
4.948000000000000398e+01,9.999066403660608060e-01
4.950000000000000000e+01,1.151329871867260879e+00
4.952000000000000313e+01,1.328954779010562692e+00
4.953999999999999915e+01,1.539284778409539811e+00
4.956000000000000227e+01,1.789929635962351773e+00
4.957999999999999829e+01,2.089819997673709295e+00
4.960000000000000142e+01,2.449473543682437526e+00
4.962000000000000455e+01,2.881261560281308753e+00
4.964000000000000057e+01,3.399614646689879560e+00
4.966000000000000369e+01,4.021069160186021563e+00
4.967999999999999972e+01,4.763984055940375661e+00
4.970000000000000284e+01,5.647634051690443080e+00
4.971999999999999886e+01,6.690201959156890865e+00
4.974000000000000199e+01,7.904945083060741950e+00
4.975999999999999801e+01,9.293575270717576942e+00
4.978000000000000114e+01,1.083589326002125652e+01
4.980000000000000426e+01,1.247553032637243753e+01
4.982000000000000028e+01,1.410426607215676142e+01
4.984000000000000341e+01,1.555277075430447908e+01
4.985999999999999943e+01,1.660258910739628746e+01
4.988000000000000256e+01,1.703562349643023666e+01
4.989999999999999858e+01,1.672013347452963927e+01
4.992000000000000171e+01,1.569297259538335254e+01
4.993999999999999773e+01,1.416932922751555601e+01
4.996000000000000085e+01,1.244717106103113125e+01
4.998000000000000398e+01,1.076633983845561104e+01
5.000000000000000000e+01,9.233378745177409641e+00
5.002000000000000313e+01,7.856592497974694389e+00
5.003999999999999915e+01,6.623927385477262675e+00
5.006000000000000227e+01,5.543965445429310357e+00
5.007999999999999829e+01,4.642992908999764801e+00
5.010000000000000142e+01,3.947882707050998086e+00
5.012000000000000455e+01,3.471253546206425789e+00
5.014000000000000057e+01,3.202095928315999984e+00
5.016000000000000369e+01,3.107147364290685498e+00
5.017999999999999972e+01,3.145289328001154239e+00
5.020000000000000284e+01,3.283299533565752881e+00
5.021999999999999886e+01,3.501959238523712603e+00
5.024000000000000199e+01,3.794228217618413446e+00
5.025999999999999801e+01,4.161310767353811890e+00
5.028000000000000114e+01,4.609516780239682809e+00
5.030000000000000426e+01,5.148328920121814534e+00
5.032000000000000028e+01,5.789266252035255356e+00
5.034000000000000341e+01,6.545045645401140533e+00
5.035999999999999943e+01,7.428603041835941667e+00
5.038000000000000256e+01,8.451572673704077943e+00
5.039999999999999858e+01,9.621801553496466042e+00
5.042000000000000171e+01,1.093944272422113251e+01
5.043999999999999773e+01,1.239120109096907285e+01
5.046000000000000085e+01,1.394257211470124247e+01
5.048000000000000398e+01,1.552869051759258490e+01
5.050000000000000000e+01,1.704602103656988987e+01
5.052000000000000313e+01,1.834965954925294440e+01
5.053999999999999915e+01,1.926357919976275923e+01
5.056000000000000227e+01,1.961099581285798621e+01
5.057999999999999829e+01,1.926491167205857025e+01
5.060000000000000142e+01,1.820340734317531428e+01
5.062000000000000455e+01,1.653902323303777422e+01
5.064000000000000057e+01,1.449503662066906351e+01
5.066000000000000369e+01,1.233256704506777091e+01
5.067999999999999972e+01,1.026913357874634336e+01
5.070000000000000284e+01,8.434081541935695370e+00
5.071999999999999886e+01,6.873209000588045292e+00
5.074000000000000199e+01,5.580172923456268919e+00
5.075999999999999801e+01,4.526910541253128528e+00
5.078000000000000114e+01,3.681305781892151519e+00
5.080000000000000426e+01,3.014165423271617961e+00
5.082000000000000028e+01,2.501034342571690328e+00
5.084000000000000341e+01,2.122402904956123493e+00
5.085999999999999943e+01,1.863430410302966855e+00
5.088000000000000256e+01,1.712872898798558419e+00
5.089999999999999858e+01,1.660748659449696518e+00
5.092000000000000171e+01,1.695849614112024950e+00
5.093999999999999773e+01,1.805707652848468792e+00
5.096000000000000085e+01,1.979429372759604844e+00
5.098000000000000398e+01,2.210573554744971414e+00
5.100000000000000000e+01,2.498094668431450671e+00
5.102000000000000313e+01,2.845827760554532126e+00
5.103999999999999915e+01,3.261612081090879744e+00
5.106000000000000227e+01,3.756611187567830967e+00
5.107999999999999829e+01,4.344904054242719305e+00
5.110000000000000142e+01,5.043217588674839824e+00
5.112000000000000455e+01,5.870592352943284631e+00
5.114000000000000057e+01,6.847710125140110904e+00
5.116000000000000369e+01,7.995507237183500315e+00
5.117999999999999972e+01,9.332521304016804464e+00
5.120000000000000284e+01,1.087020644098097577e+01
5.121999999999999886e+01,1.260524877426337831e+01
5.124000000000000199e+01,1.450797477160048388e+01
5.125999999999999801e+01,1.650675442995551734e+01
5.128000000000000114e+01,1.847073988435365166e+01
5.130000000000000426e+01,2.019823289099763741e+01
5.132000000000000028e+01,2.142486061500330052e+01
5.134000000000000341e+01,2.186943493927531534e+01
5.135999999999999943e+01,2.132448911440924988e+01
5.138000000000000256e+01,1.976408463897586998e+01
5.139999999999999858e+01,1.740065363781573282e+01
5.142000000000000171e+01,1.462697439149690126e+01
5.143999999999999773e+01,1.185896099655075986e+01
5.146000000000000085e+01,9.384490383717519535e+00
5.148000000000000398e+01,7.315728731781659278e+00
5.150000000000000000e+01,5.641099868098375936e+00
5.152000000000000313e+01,4.301105539450010617e+00
5.153999999999999915e+01,3.234119062162780001e+00
5.156000000000000227e+01,2.390138026576598129e+00
5.157999999999999829e+01,1.730116611281713457e+00
5.160000000000000142e+01,1.222626987566263201e+00
5.162000000000000455e+01,8.412458314988434660e-01
5.164000000000000057e+01,5.623843892840379999e-01
5.166000000000000369e+01,3.633055016000582560e-01
5.167999999999999972e+01,2.219958786774328674e-01
5.170000000000000284e+01,1.198816797502397086e-01
5.171999999999999886e+01,4.401701220631333566e-02
5.174000000000000199e+01,-1.375318745069939452e-02
5.175999999999999801e+01,-5.877966966422967093e-02
5.178000000000000114e+01,-9.494483605583670105e-02
5.180000000000000426e+01,-1.252702980177919090e-01
5.182000000000000028e+01,-1.521834410029941076e-01
5.184000000000000341e+01,-1.776731473253873317e-01
5.185999999999999943e+01,-2.034197945615271730e-01
5.188000000000000256e+01,-2.309167143987397031e-01
5.189999999999999858e+01,-2.615944706474868653e-01
5.192000000000000171e+01,-2.969529651171547990e-01
5.193999999999999773e+01,-3.387172304639740061e-01
5.196000000000000085e+01,-3.890386112803815299e-01
5.198000000000000398e+01,-4.507718499469681173e-01
5.200000000000000000e+01,-5.278670666470148820e-01
5.202000000000000313e+01,-6.259098308633733732e-01
5.203999999999999915e+01,-7.528019873168538822e-01
5.206000000000000227e+01,-9.194434718063860812e-01
5.207999999999999829e+01,-1.139972895829775235e+00
5.210000000000000142e+01,-1.430599275570255902e+00
5.212000000000000455e+01,-1.805499937197929894e+00
5.214000000000000057e+01,-2.268488939837159712e+00
5.216000000000000369e+01,-2.801668225665315148e+00
5.217999999999999972e+01,-3.357496948994553865e+00
5.220000000000000284e+01,-3.864302787860100619e+00
5.221999999999999886e+01,-4.248653611408809816e+00
5.224000000000000199e+01,-4.461512958455309708e+00
5.225999999999999801e+01,-4.488578789508470557e+00
5.228000000000000114e+01,-4.343165272609430083e+00
5.230000000000000426e+01,-4.057342089670649798e+00
5.232000000000000028e+01,-3.677334355559580548e+00
5.234000000000000341e+01,-3.256882915070639761e+00
5.235999999999999943e+01,-2.848000820403141731e+00
5.238000000000000256e+01,-2.494251664613420516e+00
5.239999999999999858e+01,-2.228131017648969259e+00
5.242000000000000171e+01,-2.069382898115510017e+00
5.243999999999999773e+01,-2.021719359191275434e+00
5.246000000000000085e+01,-2.072365800958101634e+00
5.248000000000000398e+01,-2.200380598154015210e+00
5.250000000000000000e+01,-2.388190138642583893e+00
5.252000000000000313e+01,-2.627146163626286057e+00
5.253999999999999915e+01,-2.916953615331998151e+00
5.256000000000000227e+01,-3.263162718201066070e+00
5.257999999999999829e+01,-3.675124194462504157e+00
5.260000000000000142e+01,-4.164850450991588460e+00
5.262000000000000455e+01,-4.746522810912976453e+00
5.264000000000000057e+01,-5.436290944947783643e+00
5.266000000000000369e+01,-6.252052301978410220e+00
5.267999999999999972e+01,-7.212915782085254968e+00
5.270000000000000284e+01,-8.338005425321957986e+00
5.271999999999999886e+01,-9.644144575178287937e+00
5.274000000000000199e+01,-1.114180406325736072e+01
5.275999999999999801e+01,-1.282856600271282055e+01
5.278000000000000114e+01,-1.467943992536098818e+01
5.280000000000000426e+01,-1.663404223410708838e+01
5.282000000000000028e+01,-1.858253529143510008e+01
5.284000000000000341e+01,-2.035589851646422943e+01
5.285999999999999943e+01,-2.173108395797237691e+01
5.288000000000000256e+01,-2.246434223800944707e+01
5.289999999999999858e+01,-2.235882631216752259e+01
5.292000000000000171e+01,-2.134917322535931916e+01
5.293999999999999773e+01,-1.955601026203588688e+01
5.296000000000000085e+01,-1.726043174548910386e+01
5.298000000000000398e+01,-1.479735540434430341e+01
5.300000000000000000e+01,-1.243378420348634172e+01
5.302000000000000313e+01,-1.031007742179808773e+01
5.303999999999999915e+01,-8.461204761133673813e+00
5.306000000000000227e+01,-6.871536364981952971e+00
5.307999999999999829e+01,-5.514955299236339314e+00
5.310000000000000142e+01,-4.368921024311488210e+00
5.312000000000000455e+01,-3.414259656500135076e+00
5.314000000000000057e+01,-2.632184649080334893e+00
5.316000000000000369e+01,-2.002912495462947806e+00
5.317999999999999972e+01,-1.506002887397273504e+00
5.320000000000000284e+01,-1.121499924700833262e+00
5.321999999999999886e+01,-8.311498605886861180e-01
5.324000000000000199e+01,-6.192717282571795767e-01
5.325999999999999801e+01,-4.728735338333625027e-01
5.328000000000000114e+01,-3.805677441309998632e-01
5.330000000000000426e+01,-3.309100264504187816e-01
5.332000000000000028e+01,-3.125448726454606030e-01
5.334000000000000341e+01,-3.164126665196496657e-01
5.335999999999999943e+01,-3.369991036153928143e-01
5.338000000000000256e+01,-3.717774395572078783e-01
5.339999999999999858e+01,-4.202014870149364811e-01
5.342000000000000171e+01,-4.830226008885451505e-01
5.343999999999999773e+01,-5.619629858435041259e-01
5.346000000000000085e+01,-6.596126534248941686e-01
5.348000000000000398e+01,-7.794542646373339156e-01
5.350000000000000000e+01,-9.259666587557107142e-01
5.352000000000000313e+01,-1.104786568639161803e+00
5.353999999999999915e+01,-1.322918597490528869e+00
5.356000000000000227e+01,-1.588987667180861818e+00
5.357999999999999829e+01,-1.913521561423292550e+00
5.360000000000000142e+01,-2.309236725071927676e+00
5.362000000000000455e+01,-2.791268626828300903e+00
5.364000000000000057e+01,-3.377229446327106643e+00
5.366000000000000369e+01,-4.086869818104516661e+00
5.367999999999999972e+01,-4.940940334830748348e+00
5.370000000000000284e+01,-5.958554336900034443e+00
5.371999999999999886e+01,-7.151934045894576819e+00
5.374000000000000199e+01,-8.516941787941577857e+00
5.375999999999999801e+01,-1.001763790637930107e+01
5.378000000000000114e+01,-1.156428707676472634e+01
5.380000000000000426e+01,-1.298886350168353232e+01
5.382000000000000028e+01,-1.403263162812576148e+01
5.384000000000000341e+01,-1.437499017691642855e+01
5.385999999999999943e+01,-1.373524165711748424e+01
5.388000000000000256e+01,-1.203685072817198787e+01
5.389999999999999858e+01,-9.532238390747366452e+00
5.392000000000000171e+01,-6.742210901695193215e+00
5.393999999999999773e+01,-4.198271348895604937e+00
5.396000000000000085e+01,-2.194852094777350437e+00
5.398000000000000398e+01,-7.568553378013740396e-01
5.400000000000000000e+01,2.283679700344347085e-01
5.402000000000000313e+01,8.959970687640864684e-01
5.403999999999999915e+01,1.362896339220322162e+00
5.406000000000000227e+01,1.721027165199336739e+00
5.407999999999999829e+01,2.035467788238190856e+00
5.410000000000000142e+01,2.342735620192707646e+00
5.412000000000000455e+01,2.655634280412602077e+00
5.414000000000000057e+01,2.975269628256536514e+00
5.416000000000000369e+01,3.301992954014045356e+00
5.417999999999999972e+01,3.640055738381404282e+00
5.420000000000000284e+01,3.997544625446143307e+00
5.421999999999999886e+01,4.384700085573464357e+00
5.424000000000000199e+01,4.812286974887447499e+00
5.425999999999999801e+01,5.290418629548098828e+00
5.428000000000000114e+01,5.827693907006255891e+00
5.430000000000000426e+01,6.430368379674945345e+00
5.432000000000000028e+01,7.101300400790999667e+00
5.434000000000000341e+01,7.838481533595821560e+00
5.435999999999999943e+01,8.633075691865288448e+00
5.438000000000000256e+01,9.467070839995001208e+00
5.439999999999999858e+01,1.031094974759547078e+01
5.442000000000000171e+01,1.112221398878884315e+01
5.443999999999999773e+01,1.184606390378005081e+01
5.446000000000000085e+01,1.241974209402565421e+01
5.448000000000000398e+01,1.278148436200474869e+01
5.450000000000000000e+01,1.288323804509850490e+01
5.452000000000000313e+01,1.270361049396221098e+01
5.453999999999999915e+01,1.225549934963068566e+01
5.456000000000000227e+01,1.158384134243717334e+01
5.457999999999999829e+01,1.075357907244725020e+01
5.460000000000000142e+01,9.833503990670363848e+00
5.462000000000000455e+01,8.883550964498093450e+00
5.464000000000000057e+01,7.949738346546525669e+00
5.466000000000000369e+01,7.065544211914038364e+00
5.467999999999999972e+01,6.255665263994206526e+00
5.470000000000000284e+01,5.538961238468519177e+00
5.471999999999999886e+01,4.929640908426399015e+00
5.474000000000000199e+01,4.437174845101312215e+00
5.475999999999999801e+01,4.065744947915057139e+00
5.478000000000000114e+01,3.813993080536753677e+00
5.480000000000000426e+01,3.675722662612573188e+00
5.482000000000000028e+01,3.641754134541764998e+00
5.484000000000000341e+01,3.702373793128273416e+00
5.485999999999999943e+01,3.849434297933854054e+00
5.488000000000000256e+01,4.077521720586854137e+00
5.489999999999999858e+01,4.384198717087850916e+00
5.492000000000000171e+01,4.769626503204253076e+00
5.493999999999999773e+01,5.235829934140018516e+00
5.496000000000000085e+01,5.785709929958660958e+00
5.498000000000000398e+01,6.421766982381049260e+00
5.500000000000000000e+01,7.144416246912927981e+00
5.502000000000000313e+01,7.949752062602766678e+00
5.503999999999999915e+01,8.826680217969974152e+00
5.506000000000000227e+01,9.753523668718685258e+00
5.507999999999999829e+01,1.069460142135499225e+01
5.510000000000000142e+01,1.159790209110064119e+01
5.512000000000000455e+01,1.239570970972025243e+01
5.514000000000000057e+01,1.301041704010693678e+01
5.516000000000000369e+01,1.336692822534549840e+01
5.517999999999999972e+01,1.341024760801236404e+01
5.520000000000000284e+01,1.312259732487206776e+01
5.521999999999999886e+01,1.253157923530153717e+01
5.524000000000000199e+01,1.170333097922051024e+01
5.525999999999999801e+01,1.072277508971290949e+01
5.528000000000000114e+01,9.671219426921174644e+00
5.530000000000000426e+01,8.612317546828473169e+00
5.532000000000000028e+01,7.590012765478467038e+00
5.534000000000000341e+01,6.633912075306867884e+00
5.535999999999999943e+01,5.765411610984588542e+00
5.538000000000000256e+01,5.001125648717205330e+00
5.539999999999999858e+01,4.353727315060861081e+00
5.542000000000000171e+01,3.831488880331761493e+00
5.543999999999999773e+01,3.437429533266713744e+00
5.546000000000000085e+01,3.168675502748823369e+00
5.548000000000000398e+01,3.016835530290721046e+00
5.550000000000000000e+01,2.969990737792302493e+00
5.552000000000000313e+01,3.015757102413356261e+00
5.553999999999999915e+01,3.144005570465917998e+00
5.556000000000000227e+01,3.348296308985630354e+00
5.557999999999999829e+01,3.626096028481607725e+00
5.560000000000000142e+01,3.978312075529200076e+00
5.562000000000000455e+01,4.408564227418513504e+00
5.564000000000000057e+01,4.922350066724497708e+00
5.566000000000000369e+01,5.526061440971466787e+00
5.567999999999999972e+01,6.225695642394717844e+00
5.570000000000000284e+01,7.025036129099374804e+00
5.571999999999999886e+01,7.923056855988719782e+00
5.574000000000000199e+01,8.910347315291726744e+00
5.575999999999999801e+01,9.964572599380570495e+00
5.578000000000000114e+01,1.104549021809289755e+01
5.580000000000000426e+01,1.209097719554037553e+01
5.582000000000000028e+01,1.301677535400214936e+01
5.584000000000000341e+01,1.372357948420451024e+01
5.585999999999999943e+01,1.411419073053201245e+01
5.588000000000000256e+01,1.411909856927722373e+01
5.589999999999999858e+01,1.372156351150753295e+01
5.592000000000000171e+01,1.296816785200796751e+01
5.593999999999999773e+01,1.195525014217481008e+01
5.596000000000000085e+01,1.079638220253815284e+01
5.598000000000000398e+01,9.589597528691461648e+00
5.600000000000000000e+01,8.401723450234630519e+00
5.602000000000000313e+01,7.271958239162559678e+00
5.603999999999999915e+01,6.223698515170576151e+00
5.606000000000000227e+01,5.273660663673530813e+00
5.607999999999999829e+01,4.435253792100937176e+00
5.610000000000000142e+01,3.718629706656185085e+00
5.612000000000000455e+01,3.130118411993177308e+00
5.614000000000000057e+01,2.671879102504326031e+00
5.616000000000000369e+01,2.341337840724607045e+00
5.617999999999999972e+01,2.130364861714365787e+00
5.620000000000000284e+01,2.025556689114035969e+00
5.621999999999999886e+01,2.010945770005958977e+00
5.624000000000000199e+01,2.071988330143226698e+00
5.625999999999999801e+01,2.198370540953347163e+00
5.628000000000000114e+01,2.384764320922043712e+00
5.630000000000000426e+01,2.630326877732995783e+00
5.632000000000000028e+01,2.937877155565604692e+00
5.634000000000000341e+01,3.313179863381843671e+00
5.635999999999999943e+01,3.764391914008228035e+00
5.638000000000000256e+01,4.301564567833576547e+00
5.639999999999999858e+01,4.936025411014141717e+00
5.642000000000000171e+01,5.679412515310385601e+00
5.643999999999999773e+01,6.542057676785370646e+00
5.646000000000000085e+01,7.530331668153889879e+00
5.648000000000000398e+01,8.642506052549677520e+00
5.650000000000000000e+01,9.862779909240579457e+00
5.652000000000000313e+01,1.115358850557907999e+01
5.653999999999999915e+01,1.244750343517047853e+01
5.656000000000000227e+01,1.364219937563462004e+01
5.657999999999999829e+01,1.460462550786481906e+01
5.660000000000000142e+01,1.519141974956904306e+01
5.662000000000000455e+01,1.528758259803066899e+01
5.664000000000000057e+01,1.485208160763821539e+01
5.666000000000000369e+01,1.394443043658002246e+01
5.667999999999999972e+01,1.270795812307006223e+01
5.670000000000000284e+01,1.131302061974064621e+01
5.671999999999999886e+01,9.896335835321913521e+00
5.674000000000000199e+01,8.535026284347004832e+00
5.675999999999999801e+01,7.260407062101731590e+00
5.678000000000000114e+01,6.085082230710968432e+00
5.680000000000000426e+01,5.019173912939677962e+00
5.682000000000000028e+01,4.072588275138076419e+00
5.684000000000000341e+01,3.251638152142364735e+00
5.685999999999999943e+01,2.556488776589586287e+00
5.688000000000000256e+01,1.981043392625691402e+00
5.689999999999999858e+01,1.514454212617045492e+00
5.692000000000000171e+01,1.143142055604751794e+00
5.693999999999999773e+01,8.526355946166339628e-01
5.696000000000000085e+01,6.289692747074734358e-01
5.698000000000000398e+01,4.596376781763007457e-01
5.700000000000000000e+01,3.342195009595365085e-01
5.702000000000000313e+01,2.447691425991180281e-01
5.703999999999999915e+01,1.857919564296260373e-01
5.706000000000000227e+01,1.530309883375739199e-01
5.707999999999999829e+01,1.412043267726420526e-01
5.710000000000000142e+01,1.440035989207956446e-01
5.712000000000000455e+01,1.565921719019296998e-01
5.714000000000000057e+01,1.765431605844136331e-01
5.716000000000000369e+01,2.031509086145532883e-01
5.717999999999999972e+01,2.367108564327832787e-01
5.720000000000000284e+01,2.781501921782602582e-01
5.721999999999999886e+01,3.288911875841147858e-01
5.724000000000000199e+01,3.908344511041019764e-01
5.725999999999999801e+01,4.664080359631547212e-01
5.728000000000000114e+01,5.586597507236267246e-01
5.730000000000000426e+01,6.713879599483267846e-01
5.732000000000000028e+01,8.093104571596150265e-01
5.734000000000000341e+01,9.782766219580965039e-01
5.735999999999999943e+01,1.185528530549455617e+00
5.738000000000000256e+01,1.440016690818475942e+00
5.739999999999999858e+01,1.752773449413341567e+00
5.742000000000000171e+01,2.137338547608341965e+00
5.743999999999999773e+01,2.610213995130481912e+00
5.746000000000000085e+01,3.191288603559855108e+00
5.748000000000000398e+01,3.904102437832165151e+00
5.750000000000000000e+01,4.775690163376057562e+00
5.752000000000000313e+01,5.835510648623877472e+00
5.753999999999999915e+01,7.112583193986971253e+00
5.756000000000000227e+01,8.629380036370186247e+00
5.757999999999999829e+01,1.039036092862696492e+01
5.760000000000000142e+01,1.236280961326585626e+01
5.762000000000000455e+01,1.444934972836303011e+01
5.764000000000000057e+01,1.645818426672010659e+01
5.766000000000000369e+01,1.809165910981658243e+01
5.767999999999999972e+01,1.899117053243703523e+01
5.770000000000000284e+01,1.887014023878770175e+01
5.771999999999999886e+01,1.769821962325930897e+01
5.774000000000000199e+01,1.579451495309787035e+01
5.775999999999999801e+01,1.368976149180270774e+01
5.778000000000000114e+01,1.181571214719912177e+01
5.780000000000000426e+01,1.029702871844807888e+01
5.782000000000000028e+01,9.046350087527118333e+00
5.784000000000000341e+01,7.985084080779447646e+00
5.785999999999999943e+01,7.119373785179952563e+00
5.788000000000000256e+01,6.487453922724522037e+00
5.789999999999999858e+01,6.101907793874082664e+00
5.792000000000000171e+01,5.935593145002540538e+00
5.793999999999999773e+01,5.941127135162341588e+00
5.796000000000000085e+01,6.074826216693308467e+00
5.798000000000000398e+01,6.307661328474647000e+00
5.800000000000000000e+01,6.624785875247669154e+00
5.802000000000000313e+01,7.020918559510443302e+00
5.803999999999999915e+01,7.495819708153650396e+00
5.806000000000000227e+01,8.050954425402650827e+00
5.807999999999999829e+01,8.687132068099318261e+00
5.810000000000000142e+01,9.402642029626850473e+00
5.812000000000000455e+01,1.019148465041065954e+01
5.814000000000000057e+01,1.104146606949347564e+01
5.816000000000000369e+01,1.193213359031483911e+01
5.817999999999999972e+01,1.283278951293884695e+01
5.820000000000000284e+01,1.370114067953848824e+01
5.821999999999999886e+01,1.448348511763576951e+01
5.824000000000000199e+01,1.511755929466114168e+01
5.825999999999999801e+01,1.553900320407023727e+01
5.828000000000000114e+01,1.569152772625712622e+01
5.830000000000000426e+01,1.553919866261533755e+01
5.832000000000000028e+01,1.507730215247790184e+01
5.834000000000000341e+01,1.433728944067216027e+01
5.835999999999999943e+01,1.338264577164558844e+01
5.838000000000000256e+01,1.229623708387291892e+01
5.839999999999999858e+01,1.116374589603129763e+01
5.842000000000000171e+01,1.005939933992087276e+01
5.843999999999999773e+01,9.038220801133141080e+00
5.846000000000000085e+01,8.135221726249580954e+00
5.848000000000000398e+01,7.369066457280808891e+00
5.850000000000000000e+01,6.747128502549822215e+00
5.852000000000000313e+01,6.269861542287204159e+00
5.853999999999999915e+01,5.933733732012549389e+00
5.856000000000000227e+01,5.732871439499941602e+00
5.857999999999999829e+01,5.659950480881736468e+00
5.860000000000000142e+01,5.706891008367544593e+00
5.862000000000000455e+01,5.865666568257790203e+00
5.864000000000000057e+01,6.129184612681872757e+00
5.866000000000000369e+01,6.491969481904667383e+00
5.867999999999999972e+01,6.950392041959132960e+00
5.870000000000000284e+01,7.502342663370397347e+00
5.871999999999999886e+01,8.146370241416970970e+00
5.874000000000000199e+01,8.880342035971013459e+00
5.875999999999999801e+01,9.699652244229127973e+00
5.878000000000000114e+01,1.059498696623168534e+01
5.880000000000000426e+01,1.154969507376913462e+01
5.882000000000000028e+01,1.253696143576255828e+01
5.884000000000000341e+01,1.351726071282793207e+01
5.885999999999999943e+01,1.443697845618309472e+01
5.888000000000000256e+01,1.522951732372590783e+01
5.889999999999999858e+01,1.582038189158475383e+01
5.892000000000000171e+01,1.613721084742942580e+01
5.893999999999999773e+01,1.612407428681345323e+01
5.896000000000000085e+01,1.575673527741544788e+01
5.898000000000000398e+01,1.505322243078280131e+01
5.900000000000000000e+01,1.407409535481117580e+01
5.902000000000000313e+01,1.291051883734827577e+01
5.903999999999999915e+01,1.166420469602649312e+01
5.906000000000000227e+01,1.042737844478403630e+01
5.907999999999999829e+01,9.270035553168414211e+00
5.910000000000000142e+01,8.236826144702446229e+00
5.912000000000000455e+01,7.351016973254600018e+00
5.914000000000000057e+01,6.621165809654860901e+00
5.916000000000000369e+01,6.047204231751507564e+00
5.917999999999999972e+01,5.624566684402721783e+00
5.920000000000000284e+01,5.346400364122192883e+00
5.921999999999999886e+01,5.204514000997767731e+00
5.924000000000000199e+01,5.189863417900689946e+00
5.925999999999999801e+01,5.293186394276251150e+00
5.928000000000000114e+01,5.505960886831029022e+00
5.930000000000000426e+01,5.821413844194642806e+00
5.932000000000000028e+01,6.235167346272255884e+00
5.934000000000000341e+01,6.745278931452950211e+00
5.935999999999999943e+01,7.351663013217010878e+00
5.938000000000000256e+01,8.054980197126836217e+00
5.939999999999999858e+01,8.855051116306194459e+00
5.942000000000000171e+01,9.748779115324460065e+00
5.943999999999999773e+01,1.072752988069112767e+01
5.946000000000000085e+01,1.177396970927956055e+01
5.948000000000000398e+01,1.285855647293344184e+01
5.950000000000000000e+01,1.393625451270769489e+01
5.952000000000000313e+01,1.494461196075579146e+01
5.953999999999999915e+01,1.580496903741851433e+01
5.956000000000000227e+01,1.642886849396750648e+01
5.957999999999999829e+01,1.673104516250972651e+01
5.960000000000000142e+01,1.664801867424389314e+01
5.962000000000000455e+01,1.615753175400594444e+01
5.964000000000000057e+01,1.529082145857877961e+01
5.966000000000000369e+01,1.413025518688369431e+01
5.967999999999999972e+01,1.279091214365600138e+01
5.970000000000000284e+01,1.139330085078818833e+01
5.971999999999999886e+01,1.003909532418620820e+01
5.974000000000000199e+01,8.798670669098209274e+00
5.975999999999999801e+01,7.711331871779615987e+00
5.978000000000000114e+01,6.793058538011301550e+00
5.980000000000000426e+01,6.045694467221782276e+00
5.982000000000000028e+01,5.464040790098893652e+00
5.984000000000000341e+01,5.040018274724805458e+00
5.985999999999999943e+01,4.764472407250917030e+00
5.988000000000000256e+01,4.627605098921869775e+00
5.989999999999999858e+01,4.619047320335720741e+00
5.992000000000000171e+01,4.728351922728246670e+00
5.993999999999999773e+01,4.946093393057903853e+00
5.996000000000000085e+01,5.265133996705245956e+00
5.998000000000000398e+01,5.681454260116889365e+00
6.000000000000000000e+01,6.194252542076702284e+00
6.002000000000000313e+01,6.805360962174252570e+00
6.003999999999999915e+01,7.518135249140369680e+00
6.006000000000000227e+01,8.335897925964390609e+00
6.007999999999999829e+01,9.259886370303480163e+00
6.010000000000000142e+01,1.028657107974484575e+01
6.012000000000000455e+01,1.140421303217903315e+01
6.014000000000000057e+01,1.258867348809431697e+01
6.016000000000000369e+01,1.379884882950133296e+01
6.017999999999999972e+01,1.497275279187549835e+01
6.020000000000000284e+01,1.602618365767360586e+01
6.021999999999999886e+01,1.685678653474938926e+01
6.024000000000000199e+01,1.735634701209735908e+01
6.025999999999999801e+01,1.743214707804100527e+01
6.028000000000000114e+01,1.703349866711755212e+01
6.030000000000000426e+01,1.617370374277288292e+01
6.032000000000000028e+01,1.493526072636953295e+01
6.034000000000000341e+01,1.345186118961322386e+01
6.035999999999999943e+01,1.187334944723544794e+01
6.038000000000000256e+01,1.033014412155512396e+01
6.039999999999999858e+01,8.912498038391385435e+00
6.042000000000000171e+01,7.668731492808088746e+00
6.043999999999999773e+01,6.615702405411761688e+00
6.046000000000000085e+01,5.751998400123708777e+00
6.048000000000000398e+01,5.068075204756308239e+00
6.050000000000000000e+01,4.552078106320031736e+00
6.052000000000000313e+01,4.192289494533077310e+00
6.053999999999999915e+01,3.977486187714507793e+00
6.056000000000000227e+01,3.896372512441851121e+00
6.057999999999999829e+01,3.937240942843981184e+00
6.060000000000000142e+01,4.088659677920533753e+00
6.062000000000000455e+01,4.341035945706863686e+00
6.064000000000000057e+01,4.688146715271618525e+00
6.066000000000000369e+01,5.127885156879848694e+00
6.067999999999999972e+01,5.662108003363195863e+00
6.070000000000000284e+01,6.295847500518814144e+00
6.071999999999999886e+01,7.036128841773242826e+00
6.074000000000000199e+01,7.890440659338730178e+00
6.075999999999999801e+01,8.864722735905582240e+00
6.078000000000000114e+01,9.960619332691102557e+00
6.080000000000000426e+01,1.117171438566675334e+01
6.082000000000000028e+01,1.247856705946798428e+01
6.084000000000000341e+01,1.384270725611378872e+01
6.085999999999999943e+01,1.520049042652742521e+01
6.088000000000000256e+01,1.645895530474414059e+01
6.089999999999999858e+01,1.749738520455781199e+01
6.092000000000000171e+01,1.817922417026568027e+01
6.093999999999999773e+01,1.837748413562830763e+01
6.096000000000000085e+01,1.801086209766482327e+01
6.098000000000000398e+01,1.707827656760566981e+01
6.100000000000000000e+01,1.567283097112463430e+01
6.102000000000000313e+01,1.396168597004849943e+01
6.103999999999999915e+01,1.213751662701060852e+01
6.106000000000000227e+01,1.036628476688677125e+01
6.107999999999999829e+01,8.756918188139598769e+00
6.110000000000000142e+01,7.360383887675125969e+00
6.112000000000000455e+01,6.186879204350665518e+00
6.114000000000000057e+01,5.225506998613973053e+00
6.116000000000000369e+01,4.457990671484973078e+00
6.117999999999999972e+01,3.865727577790909475e+00
6.120000000000000284e+01,3.432488471155306531e+00
6.121999999999999886e+01,3.144718750785608918e+00
6.124000000000000199e+01,2.990441463353056939e+00
6.125999999999999801e+01,2.957668396797813237e+00
6.128000000000000114e+01,3.033718486652945412e+00
6.130000000000000426e+01,3.206388774971185462e+00
6.132000000000000028e+01,3.466235169789933401e+00
6.134000000000000341e+01,3.808354803602386429e+00
6.135999999999999943e+01,4.232901719580058675e+00
6.138000000000000256e+01,4.744629608035939583e+00
6.139999999999999858e+01,5.352012984709923593e+00
6.142000000000000171e+01,6.066242006417689403e+00
6.143999999999999773e+01,6.900084189893579634e+00
6.146000000000000085e+01,7.866400956061776917e+00
6.148000000000000398e+01,8.975976541284438781e+00
6.150000000000000000e+01,1.023421334089527335e+01
6.152000000000000313e+01,1.163620840008277035e+01
6.153999999999999915e+01,1.315983063962774580e+01
6.156000000000000227e+01,1.475690206938054239e+01
6.157999999999999829e+01,1.634376091972470846e+01
6.160000000000000142e+01,1.779464635220463009e+01
6.162000000000000455e+01,1.894421973494202405e+01
6.164000000000000057e+01,1.960736323322034735e+01
6.166000000000000369e+01,1.962130408928031144e+01
6.167999999999999972e+01,1.890320151262348602e+01
6.170000000000000284e+01,1.749836158688265542e+01
6.171999999999999886e+01,1.558542917160135666e+01
6.174000000000000199e+01,1.342332919146863723e+01
6.175999999999999801e+01,1.126496365136083533e+01
6.178000000000000114e+01,9.288211020458648548e+00
6.180000000000000426e+01,7.577234100109767390e+00
6.182000000000000028e+01,6.145760772803290806e+00
6.184000000000000341e+01,4.971849860316663872e+00
6.185999999999999943e+01,4.022749576232967250e+00
6.188000000000000256e+01,3.266487321592385307e+00
6.189999999999999858e+01,2.675467207528262392e+00
6.192000000000000171e+01,2.227081379468200062e+00
6.194000000000000483e+01,1.903641550723122133e+00
6.196000000000000085e+01,1.691932188791695602e+00
6.198000000000000398e+01,1.581736751637816241e+00
6.200000000000000000e+01,1.563149001633758139e+00
6.202000000000000313e+01,1.624559628395490174e+00
6.203999999999999915e+01,1.753788954982631987e+00
6.206000000000000227e+01,1.941378330537960606e+00
6.207999999999999829e+01,2.182875790054968235e+00
6.210000000000000142e+01,2.479090241590426125e+00
6.212000000000000455e+01,2.835313025777826290e+00
6.214000000000000057e+01,3.260483492269880657e+00
6.216000000000000369e+01,3.766643235203685158e+00
6.217999999999999972e+01,4.368648679666365275e+00
6.220000000000000284e+01,5.083984550827692850e+00
6.221999999999999886e+01,5.932463177914956809e+00
6.224000000000000199e+01,6.935535963293100181e+00
6.225999999999999801e+01,8.114814260690035752e+00
6.228000000000000114e+01,9.489216901500290291e+00
6.230000000000000426e+01,1.106991482785686820e+01
6.232000000000000028e+01,1.285203852877816644e+01
6.234000000000000341e+01,1.480220024594230921e+01
6.235999999999999943e+01,1.684183462764020334e+01
6.238000000000000256e+01,1.882914825823614180e+01
6.239999999999999858e+01,2.054802072885514974e+01
6.242000000000000171e+01,2.171962578096912111e+01
6.244000000000000483e+01,2.205565511684389790e+01
6.246000000000000085e+01,2.135799402108013112e+01
6.248000000000000398e+01,1.963032864561229829e+01
6.250000000000000000e+01,1.712557820274740905e+01
6.252000000000000313e+01,1.426728439640903368e+01
6.253999999999999915e+01,1.147630016830792243e+01
6.256000000000000227e+01,9.022350386916675902e+00
6.257999999999999829e+01,6.993383355134540125e+00
6.260000000000000142e+01,5.361422952537984621e+00
6.262000000000000455e+01,4.060504264264410246e+00
6.264000000000000057e+01,3.028176499366344920e+00
6.266000000000000369e+01,2.215429010193588066e+00
6.267999999999999972e+01,1.584346647000819397e+00
6.270000000000000284e+01,1.104190643544148864e+00
6.271999999999999886e+01,7.482649056691885736e-01
6.274000000000000199e+01,4.912718521590712650e-01
6.275999999999999801e+01,3.081792274112372110e-01
6.278000000000000114e+01,1.764283792001675455e-01
6.280000000000000426e+01,7.919678869258232889e-02
6.282000000000000028e+01,5.632769352203361238e-03
6.284000000000000341e+01,-5.122070565505824208e-02
6.285999999999999943e+01,-9.625932965954971110e-02
6.288000000000000256e+01,-1.332404777848228972e-01
6.289999999999999858e+01,-1.651733207976555373e-01
6.292000000000000171e+01,-1.945161253660192546e-01
6.294000000000000483e+01,-2.233241878716007989e-01
6.296000000000000085e+01,-2.533875933202482944e-01
6.298000000000000398e+01,-2.863728760412146412e-01
6.300000000000000000e+01,-3.239713191942313331e-01
6.302000000000000313e+01,-3.680707885570752014e-01
6.303999999999999915e+01,-4.209696750175825897e-01
6.306000000000000227e+01,-4.856616958065501644e-01
6.307999999999999829e+01,-5.662259411185468494e-01
6.310000000000000142e+01,-6.683427895793344620e-01
6.312000000000000455e+01,-7.999091313863986308e-01
6.314000000000000057e+01,-9.715819451478606705e-01
6.316000000000000369e+01,-1.196780878138474780e+00
6.317999999999999972e+01,-1.490205931484609003e+00
6.320000000000000284e+01,-1.863518558185627061e+00
6.321999999999999886e+01,-2.317297189936426083e+00
6.324000000000000199e+01,-2.830944176677346658e+00
6.325999999999999801e+01,-3.356793690300736710e+00
6.328000000000000114e+01,-3.826893901749564009e+00
6.330000000000000426e+01,-4.173964202144924585e+00
6.332000000000000028e+01,-4.354095481229902198e+00
6.334000000000000341e+01,-4.355179270815679793e+00
6.335999999999999943e+01,-4.190841256176347507e+00
6.338000000000000256e+01,-3.892516097721670398e+00
6.339999999999999858e+01,-3.504127848650793631e+00
6.342000000000000171e+01,-3.075077778788773752e+00
6.344000000000000483e+01,-2.651769281905159037e+00
6.346000000000000085e+01,-2.271917070521052739e+00
6.348000000000000398e+01,-1.963229969709151979e+00
6.350000000000000000e+01,-1.744350240999704260e+00
6.352000000000000313e+01,-1.624477262560053425e+00
6.353999999999999915e+01,-1.600664733864333167e+00
6.356000000000000227e+01,-1.658245685263652458e+00
6.357999999999999829e+01,-1.778734954230927645e+00
6.360000000000000142e+01,-1.948681576678057192e+00
6.362000000000000455e+01,-2.162716396799579943e+00
6.364000000000000057e+01,-2.422230286958146017e+00
6.366000000000000369e+01,-2.733215060889231385e+00
6.367999999999999972e+01,-3.104786691478055527e+00
6.370000000000000284e+01,-3.548496542845447799e+00
6.371999999999999886e+01,-4.078151314488458468e+00
6.374000000000000199e+01,-4.709861903335401223e+00
6.375999999999999801e+01,-5.462094385843101918e+00
6.378000000000000114e+01,-6.355506923107279604e+00
6.380000000000000426e+01,-7.412301851834993016e+00
6.382000000000000028e+01,-8.654698315629500982e+00
6.384000000000000341e+01,-1.010193438290434109e+01
6.385999999999999943e+01,-1.176496864149103772e+01
6.388000000000000256e+01,-1.363786743021483794e+01
6.389999999999999858e+01,-1.568502608123956144e+01
6.392000000000000171e+01,-1.782447585863139494e+01
6.394000000000000483e+01,-1.991052943251370166e+01
6.396000000000000085e+01,-2.172466591510949740e+01
6.398000000000000398e+01,-2.299046081904884531e+01
6.400000000000000000e+01,-2.342972988268533996e+01
6.401999999999999602e+01,-2.286058887755036650e+01
6.404000000000000625e+01,-2.129911474918447922e+01
6.406000000000000227e+01,-1.899185095371514720e+01
6.407999999999999829e+01,-1.633002858807515167e+01
6.409999999999999432e+01,-1.368717902557827237e+01
6.412000000000000455e+01,-1.129346467991926417e+01
6.414000000000000057e+01,-9.222192631238991467e+00
6.415999999999999659e+01,-7.457156094514115097e+00
6.418000000000000682e+01,-5.960577484578434060e+00
6.420000000000000284e+01,-4.702670105692031477e+00
6.421999999999999886e+01,-3.663517569059761225e+00
6.423999999999999488e+01,-2.827544352720572363e+00
6.426000000000000512e+01,-2.179784103516834826e+00
6.428000000000000114e+01,-1.704154155406903959e+00
6.429999999999999716e+01,-1.381245126618612984e+00
6.432000000000000739e+01,-1.185681611271931502e+00
6.434000000000000341e+01,-1.087724007717115970e+00
6.435999999999999943e+01,-1.060355510281800528e+00
6.437999999999999545e+01,-1.084841945792004658e+00
6.440000000000000568e+01,-1.150899936599954820e+00
6.442000000000000171e+01,-1.254305298059914087e+00
6.443999999999999773e+01,-1.394732834847912217e+00
6.446000000000000796e+01,-1.574482868077385245e+00
6.448000000000000398e+01,-1.797871562861156791e+00
6.450000000000000000e+01,-2.070991669883521791e+00
6.451999999999999602e+01,-2.401641564803304707e+00
6.454000000000000625e+01,-2.799288362913992412e+00
6.456000000000000227e+01,-3.274943708089752104e+00
6.457999999999999829e+01,-3.840806322502201997e+00
6.459999999999999432e+01,-4.509447840208541614e+00
6.462000000000000455e+01,-5.292204150945977403e+00
6.464000000000000057e+01,-6.196268216307210253e+00
6.465999999999999659e+01,-7.219819179388479391e+00
6.468000000000000682e+01,-8.344489660532721231e+00
6.470000000000000284e+01,-9.524901682199550024e+00
6.471999999999999886e+01,-1.067650711445178224e+01
6.473999999999999488e+01,-1.166631612035707910e+01
6.476000000000000512e+01,-1.231626105743228550e+01
6.478000000000000114e+01,-1.243279405024760642e+01
6.479999999999999716e+01,-1.187046923830676803e+01
6.482000000000000739e+01,-1.061291244288107016e+01
6.484000000000000341e+01,-8.820857452129963860e+00
6.485999999999999943e+01,-6.793679111434840046e+00
6.487999999999999545e+01,-4.849791241695617039e+00
6.490000000000000568e+01,-3.206807023534145262e+00
6.492000000000000171e+01,-1.941541927397667955e+00
6.493999999999999773e+01,-1.028749131292544083e+00
6.496000000000000796e+01,-3.997846901662484576e-01
6.498000000000000398e+01,1.934076242506177143e-02
6.500000000000000000e+01,2.927488447229459889e-01
6.501999999999999602e+01,4.716353181852600551e-01
6.504000000000000625e+01,5.959078602737202246e-01
6.506000000000000227e+01,6.968110825933320207e-01
6.507999999999999829e+01,7.979608026162399170e-01
6.509999999999999432e+01,9.137231371442346983e-01
6.512000000000000455e+01,1.048462022970828578e+00
6.514000000000000057e+01,1.200725541314997091e+00
6.515999999999999659e+01,1.369176658786191547e+00
6.518000000000000682e+01,1.555499408293759434e+00
6.520000000000000284e+01,1.764397877792557301e+00
6.521999999999999886e+01,2.002704723496694594e+00
6.523999999999999488e+01,2.278685165453279371e+00
6.526000000000000512e+01,2.601734215803989780e+00
6.528000000000000114e+01,2.982347432181416735e+00
6.529999999999999716e+01,3.432199695189740218e+00
6.532000000000000739e+01,3.964178895552608051e+00
6.534000000000000341e+01,4.592220241044339346e+00
6.535999999999999943e+01,5.330742663162932438e+00
6.537999999999999545e+01,6.193409262573137397e+00
6.540000000000000568e+01,7.190808927115892146e+00
6.542000000000000171e+01,8.326541558956916944e+00
6.543999999999999773e+01,9.591166622660146857e+00
6.546000000000000796e+01,1.095379152091519259e+01
6.548000000000000398e+01,1.235213797408065695e+01
6.550000000000000000e+01,1.368421700081509407e+01
6.551999999999999602e+01,1.480820752220574832e+01
6.554000000000000625e+01,1.555979553268855753e+01
6.556000000000000227e+01,1.579305473192115450e+01
6.557999999999999829e+01,1.543663331677854700e+01
6.559999999999999432e+01,1.453597208809426355e+01
6.562000000000000455e+01,1.324596969230297816e+01
6.564000000000000057e+01,1.176727657587721332e+01
6.565999999999999659e+01,1.026640987198360477e+01
6.568000000000000682e+01,8.834952649731942387e+00
6.570000000000000284e+01,7.504045053139700272e+00
6.571999999999999886e+01,6.281566533780876149e+00
6.573999999999999488e+01,5.175643214538188097e+00
6.576000000000000512e+01,4.197889451126612492e+00
6.578000000000000114e+01,3.358277661655873381e+00
6.579999999999999716e+01,2.661288750312151841e+00
6.582000000000000739e+01,2.105656427615633763e+00
6.584000000000000341e+01,1.686190247742543002e+00
6.585999999999999943e+01,1.395159730562561595e+00
6.587999999999999545e+01,1.221078708553279268e+00
6.590000000000000568e+01,1.146095321654846844e+00
6.592000000000000171e+01,1.147769889612423544e+00
6.593999999999999773e+01,1.206115695924016684e+00
6.596000000000000796e+01,1.308622616837870511e+00
6.598000000000000398e+01,1.450246532940764554e+00
6.600000000000000000e+01,1.631300878178750802e+00
6.601999999999999602e+01,1.855661033476436739e+00
6.604000000000000625e+01,2.129796450816737519e+00
6.606000000000000227e+01,2.462426558287710066e+00
6.607999999999999829e+01,2.864540555108539444e+00
6.609999999999999432e+01,3.349603480162155922e+00
6.612000000000000455e+01,3.933829667214832071e+00
6.614000000000000057e+01,4.636420037337765088e+00
6.615999999999999659e+01,5.479624814060305660e+00
6.618000000000000682e+01,6.488408911299977433e+00
6.620000000000000284e+01,7.689340655297176141e+00
6.621999999999999886e+01,9.108079224662354534e+00
6.623999999999999488e+01,1.076448867956354327e+01
6.626000000000000512e+01,1.266400929707897305e+01
6.628000000000000114e+01,1.478370326346065688e+01
6.629999999999999716e+01,1.705200278879156883e+01
6.632000000000000739e+01,1.932394080910092526e+01
6.634000000000000341e+01,2.136036571495953140e+01
6.635999999999999943e+01,2.283073081923637559e+01
6.637999999999999545e+01,2.336814005941782568e+01
6.640000000000000568e+01,2.269373457346868150e+01
6.642000000000000171e+01,2.077509801528793787e+01
6.643999999999999773e+01,1.791212892324443118e+01
6.646000000000000796e+01,1.464471819912685646e+01
6.648000000000000398e+01,1.151072997229351280e+01
6.650000000000000000e+01,8.833095637222012186e+00
6.651999999999999602e+01,6.685736664380361738e+00
6.654000000000000625e+01,5.001936012554122790e+00
6.656000000000000227e+01,3.686427973691359217e+00
6.657999999999999829e+01,2.663069565230714808e+00
6.659999999999999432e+01,1.877590513498049951e+00
6.662000000000000455e+01,1.287619818199192023e+00
6.664000000000000057e+01,8.541120792813523543e-01
6.665999999999999659e+01,5.385366775249826876e-01
6.668000000000000682e+01,3.064968993817445142e-01
6.670000000000000284e+01,1.323665508370877042e-01
6.671999999999999886e+01,-6.748875068178419173e-04
6.673999999999999488e+01,-1.037298902880493812e-01
6.676000000000000512e+01,-1.848706762659222957e-01
6.678000000000000114e+01,-2.504950044587763158e-01
6.679999999999999716e+01,-3.058753820647882038e-01
6.682000000000000739e+01,-3.554139119756208332e-01
6.684000000000000341e+01,-4.028416860982549919e-01
6.685999999999999943e+01,-4.514262825662176404e-01
6.687999999999999545e+01,-5.042024795591970587e-01
6.690000000000000568e+01,-5.642248733811778827e-01
6.692000000000000171e+01,-6.348510145419371531e-01
6.693999999999999773e+01,-7.200533311050296703e-01
6.696000000000000796e+01,-8.247518734988705802e-01
6.698000000000000398e+01,-9.551058699008867503e-01
6.700000000000000000e+01,-1.118609173343951158e+00
6.701999999999999602e+01,-1.323673996341212744e+00
6.704000000000000625e+01,-1.578204640784348189e+00
6.706000000000000227e+01,-1.886624371025058089e+00
6.707999999999999829e+01,-2.245275675904856438e+00
6.709999999999999432e+01,-2.637408902147470258e+00
6.712000000000000455e+01,-3.030750704411208307e+00
6.714000000000000057e+01,-3.381161308523908726e+00
6.715999999999999659e+01,-3.643032971385783192e+00
6.718000000000000682e+01,-3.781851563178168618e+00
6.720000000000000284e+01,-3.782093883634740639e+00
6.721999999999999886e+01,-3.647762959875955779e+00
6.723999999999999488e+01,-3.398383518050127616e+00
6.726000000000000512e+01,-3.063736006446324378e+00
6.728000000000000114e+01,-2.678175156253463918e+00
6.729999999999999716e+01,-2.275000939641845576e+00
6.732000000000000739e+01,-1.882182581753774731e+00
6.734000000000000341e+01,-1.520369931910381167e+00
6.735999999999999943e+01,-1.202959909088748169e+00
6.737999999999999545e+01,-9.372013221137166505e-01
6.740000000000000568e+01,-7.252037686826628970e-01
6.742000000000000171e+01,-5.642988679165693577e-01
6.743999999999999773e+01,-4.475242614859362700e-01
6.746000000000000796e+01,-3.655547298170035431e-01
6.748000000000000398e+01,-3.094729106971920718e-01
6.750000000000000000e+01,-2.723925293567138750e-01
6.751999999999999602e+01,-2.495331738978646130e-01
6.754000000000000625e+01,-2.376846070378295650e-01
6.756000000000000227e+01,-2.347146933484765829e-01
6.757999999999999829e+01,-2.392553191900316234e-01
6.759999999999999432e+01,-2.505216202961705885e-01
6.762000000000000455e+01,-2.682125888096688615e-01
6.764000000000000057e+01,-2.924695813526465016e-01
6.765999999999999659e+01,-3.238824942186544487e-01
6.768000000000000682e+01,-3.635527516599872389e-01
6.770000000000000284e+01,-4.132260326116127258e-01
6.771999999999999886e+01,-4.755208317223843517e-01
6.773999999999999488e+01,-5.542847045165739672e-01
6.776000000000000512e+01,-6.551010998705569799e-01
6.778000000000000114e+01,-7.859212191156003113e-01
6.779999999999999716e+01,-9.576504127005363021e-01
6.782000000000000739e+01,-1.184204405975179286e+00
6.784000000000000341e+01,-1.481039583709878871e+00
6.785999999999999943e+01,-1.860696806445437668e+00
6.787999999999999545e+01,-2.324342795211076673e+00
6.790000000000000568e+01,-2.851016261297585341e+00
6.792000000000000171e+01,-3.391265549607426877e+00
6.793999999999999773e+01,-3.874374126487242886e+00
6.796000000000000796e+01,-4.230779133327748909e+00
6.798000000000000398e+01,-4.416007953902658656e+00
6.800000000000000000e+01,-4.418808952727819594e+00
6.801999999999999602e+01,-4.254006700430175592e+00
6.804000000000000625e+01,-3.954364261171136707e+00
6.806000000000000227e+01,-3.565648006003781845e+00
6.807999999999999829e+01,-3.139557742536090768e+00
6.809999999999999432e+01,-2.724909269048399807e+00
6.812000000000000455e+01,-2.361767460824334641e+00
6.814000000000000057e+01,-2.079825543136805344e+00
6.815999999999999659e+01,-1.898109543736565374e+00
6.818000000000000682e+01,-1.822680800054228056e+00
6.820000000000000284e+01,-1.844534832584608264e+00
6.821999999999999886e+01,-1.944667052898197301e+00
6.823999999999999488e+01,-2.104835504895703480e+00
6.826000000000000512e+01,-2.314583435338201767e+00
6.828000000000000114e+01,-2.571814161946522681e+00
6.829999999999999716e+01,-2.880582939588413716e+00
6.832000000000000739e+01,-3.248998047862094118e+00
6.834000000000000341e+01,-3.687992669043302918e+00
6.835999999999999943e+01,-4.210804592346890196e+00
6.837999999999999545e+01,-4.832834938477454934e+00
6.840000000000000568e+01,-5.571595154274117334e+00
6.842000000000000171e+01,-6.446485298282206955e+00
6.843999999999999773e+01,-7.478119911150422183e+00
6.846000000000000796e+01,-8.686821599952105899e+00
6.848000000000000398e+01,-1.008974048920813082e+01
6.850000000000000000e+01,-1.169586015269857171e+01
6.851999999999999602e+01,-1.349801994335603084e+01
6.854000000000000625e+01,-1.546127440466494640e+01
6.856000000000000227e+01,-1.750794515553952024e+01
6.857999999999999829e+01,-1.950238264281476930e+01
6.860000000000000853e+01,-2.124330133348760086e+01
6.862000000000000455e+01,-2.247729929235908841e+01
6.864000000000000057e+01,-2.294812875590184476e+01
6.865999999999999659e+01,-2.248244553465291773e+01
6.868000000000000682e+01,-2.108029235806446167e+01
6.870000000000000284e+01,-1.894897420989708081e+01
6.871999999999999886e+01,-1.643581057694188985e+01
6.873999999999999488e+01,-1.388909967279539082e+01
6.876000000000000512e+01,-1.154083343466453115e+01
6.878000000000000114e+01,-9.481676263144356298e+00
6.879999999999999716e+01,-7.711719652225156096e+00
6.882000000000000739e+01,-6.201219529454997215e+00
6.884000000000000341e+01,-4.921897281900420751e+00
6.885999999999999943e+01,-3.852405870498984530e+00
6.887999999999999545e+01,-2.974722387244750799e+00
6.890000000000000568e+01,-2.271112778301708435e+00
6.892000000000000171e+01,-1.723589322629115017e+00
6.893999999999999773e+01,-1.314631596139512526e+00
6.896000000000000796e+01,-1.027298593153326722e+00
6.898000000000000398e+01,-8.435031657247019643e-01
6.900000000000000000e+01,-7.422312118792594449e-01
6.901999999999999602e+01,-7.018186615099474279e-01
6.904000000000000625e+01,-7.050000109557619243e-01
6.906000000000000227e+01,-7.411780097860910521e-01
6.907999999999999829e+01,-8.053141245635191403e-01
6.910000000000000853e+01,-8.960655463058296855e-01
6.912000000000000455e+01,-1.014500976049405923e+00
6.914000000000000057e+01,-1.163453037281338531e+00
6.915999999999999659e+01,-1.347273059309532339e+00
6.918000000000000682e+01,-1.571805607407038785e+00
6.920000000000000284e+01,-1.844477010612071144e+00
6.921999999999999886e+01,-2.174431122503738933e+00
6.923999999999999488e+01,-2.572656002547346610e+00
6.926000000000000512e+01,-3.052022464619718711e+00
6.928000000000000114e+01,-3.627107310292122744e+00
6.929999999999999716e+01,-4.313579801846489481e+00
6.932000000000000739e+01,-5.126782991502406794e+00
6.934000000000000341e+01,-6.078922484145662608e+00
6.935999999999999943e+01,-7.174006808241924382e+00
6.937999999999999545e+01,-8.399480259006015359e+00
6.940000000000000568e+01,-9.713706986841808444e+00
6.942000000000000171e+01,-1.102990188473243549e+01
6.943999999999999773e+01,-1.220103008143073353e+01
6.946000000000000796e+01,-1.301742303285315927e+01
6.948000000000000398e+01,-1.323648459179787018e+01
6.950000000000000000e+01,-1.266047115220010610e+01
6.951999999999999602e+01,-1.124733646610271443e+01
6.954000000000000625e+01,-9.186585834451811650e+00
6.956000000000000227e+01,-6.855738180755897027e+00
6.957999999999999829e+01,-4.655520325599112219e+00
6.960000000000000853e+01,-2.843291942131256356e+00
6.962000000000000455e+01,-1.487460731265934477e+00
6.964000000000000057e+01,-5.338321617433087196e-01
6.965999999999999659e+01,1.125989612069588919e-01
6.968000000000000682e+01,5.442726403290821802e-01
6.970000000000000284e+01,8.386102917664562950e-01
6.971999999999999886e+01,1.057484423605420387e+00
6.973999999999999488e+01,1.248011940043848522e+00
6.976000000000000512e+01,1.440841485577728065e+00
6.978000000000000114e+01,1.649239892501111582e+00
6.979999999999999716e+01,1.874572474054829296e+00
6.982000000000000739e+01,2.115371773923152343e+00
6.984000000000000341e+01,2.373064368877982222e+00
6.985999999999999943e+01,2.653055143692720996e+00
6.987999999999999545e+01,2.963674308837532578e+00
6.990000000000000568e+01,3.314926081402117752e+00
6.992000000000000171e+01,3.717653696496503013e+00
6.993999999999999773e+01,4.183073848616194468e+00
6.996000000000000796e+01,4.722444259968840541e+00
6.998000000000000398e+01,5.346608122248856176e+00
7.000000000000000000e+01,6.065160572364840519e+00
7.001999999999999602e+01,6.884974574060439778e+00
7.004000000000000625e+01,7.807809169833925367e+00
7.006000000000000227e+01,8.826757176975192465e+00
7.007999999999999829e+01,9.921480600729790211e+00
7.010000000000000853e+01,1.105268718245638482e+01
7.012000000000000455e+01,1.215729589548734246e+01
7.014000000000000057e+01,1.314719480772631321e+01
7.015999999999999659e+01,1.391576692602051857e+01
7.018000000000000682e+01,1.435578574457397849e+01
7.020000000000000284e+01,1.438772006068337461e+01
7.021999999999999886e+01,1.398898180605804598e+01
7.023999999999999488e+01,1.320776257804287646e+01
7.026000000000000512e+01,1.214910406511929963e+01
7.028000000000000114e+01,1.093794424386805630e+01
7.029999999999999716e+01,9.680940619521225088e+00
7.032000000000000739e+01,8.448322507723293739e+00
7.034000000000000341e+01,7.278768958719206594e+00
7.035999999999999943e+01,6.193891162703465625e+00
7.037999999999999545e+01,5.208922533751406903e+00
7.040000000000000568e+01,4.336219550130224754e+00
7.042000000000000171e+01,3.584911174169372661e+00
7.043999999999999773e+01,2.960210304354400801e+00
7.046000000000000796e+01,2.463499104597552058e+00
7.048000000000000398e+01,2.092508955124204650e+00
7.050000000000000000e+01,1.840671610318270979e+00
7.051999999999999602e+01,1.696199409241777589e+00
7.054000000000000625e+01,1.643130335059733049e+00
7.056000000000000227e+01,1.665077055759269564e+00
7.057999999999999829e+01,1.749116263904269442e+00
7.060000000000000853e+01,1.887481915428466328e+00
7.062000000000000455e+01,2.077326961549903483e+00
7.064000000000000057e+01,2.319813948160664552e+00
7.065999999999999659e+01,2.619289974019981759e+00
7.068000000000000682e+01,2.982730333942059442e+00
7.070000000000000284e+01,3.419385520317665073e+00
7.071999999999999886e+01,3.940491752745451937e+00
7.073999999999999488e+01,4.558881676074975076e+00
7.076000000000000512e+01,5.288280933439475362e+00
7.078000000000000114e+01,6.141998787574773466e+00
7.079999999999999716e+01,7.130605487822403887e+00
7.082000000000000739e+01,8.258069708566974754e+00
7.084000000000000341e+01,9.515803155534687363e+00
7.085999999999999943e+01,1.087434724180602075e+01
7.087999999999999545e+01,1.227344385929111148e+01
7.090000000000000568e+01,1.361344816468608343e+01
7.092000000000000171e+01,1.475447071930721776e+01
7.093999999999999773e+01,1.553246325532463956e+01
7.096000000000000796e+01,1.579880002943144568e+01
7.098000000000000398e+01,1.547625606011204979e+01
7.100000000000000000e+01,1.460315501051229070e+01
7.101999999999999602e+01,1.332952957584924647e+01
7.104000000000000625e+01,1.185589652469858279e+01
7.106000000000000227e+01,1.035255653682851928e+01
7.107999999999999829e+01,8.915488608419336103e+00
7.110000000000000853e+01,7.578266272176857221e+00
7.112000000000000455e+01,6.349205637714382178e+00
7.114000000000000057e+01,5.236172190730209230e+00
7.115999999999999659e+01,4.250717067319358833e+00
7.118000000000000682e+01,3.403077383643841269e+00
7.120000000000000284e+01,2.698126570686020909e+00
7.121999999999999886e+01,2.134934745986167837e+00
7.123999999999999488e+01,1.708529807621938179e+00
7.126000000000000512e+01,1.411342166687991506e+00
7.128000000000000114e+01,1.232101791556750925e+00
7.129999999999999716e+01,1.153183748021589849e+00
7.132000000000000739e+01,1.152135418188781735e+00
7.134000000000000341e+01,1.208661022303303634e+00
7.135999999999999943e+01,1.309868783523696401e+00
7.137999999999999545e+01,1.450425211304597672e+00
7.140000000000000568e+01,1.630462600280479846e+00
7.142000000000000171e+01,1.853744716882759658e+00
7.143999999999999773e+01,2.126662994696768116e+00
7.146000000000000796e+01,2.457870049780910282e+00
7.148000000000000398e+01,2.858287364406166819e+00
7.150000000000000000e+01,3.341305112007250333e+00
7.151999999999999602e+01,3.923052960456290261e+00
7.154000000000000625e+01,4.622637482359111871e+00
7.156000000000000227e+01,5.462208802571616673e+00
7.157999999999999829e+01,6.466636033745315260e+00
7.160000000000000853e+01,7.662417081949443265e+00
7.162000000000000455e+01,9.075205648969188132e+00
7.164000000000000057e+01,1.072499434094225101e+01
7.165999999999999659e+01,1.261759660417515327e+01
7.168000000000000682e+01,1.473085092147393027e+01
7.170000000000000284e+01,1.699455303914894699e+01
7.171999999999999886e+01,1.926580394021108233e+01
7.173999999999999488e+01,2.130805832608363559e+01
7.176000000000000512e+01,2.279313600645842541e+01
7.178000000000000114e+01,2.335469325780865191e+01
7.179999999999999716e+01,2.271079845115828633e+01
7.182000000000000739e+01,2.082199047243121015e+01
7.184000000000000341e+01,1.797992774045530595e+01
7.185999999999999943e+01,1.471989462126992265e+01
7.187999999999999545e+01,1.158147248884788105e+01
7.190000000000000568e+01,8.893389838958629667e+00
7.192000000000000171e+01,6.734811002243404232e+00
7.193999999999999773e+01,5.041357871238819399e+00
7.196000000000000796e+01,3.717969547812568276e+00
7.198000000000000398e+01,2.688052268950582580e+00
7.200000000000000000e+01,1.896983751462111512e+00
7.201999999999999602e+01,1.302310857341933303e+00
7.204000000000000625e+01,8.650994284086989117e-01
7.206000000000000227e+01,5.468895592066128630e-01
7.207999999999999829e+01,3.131189305186046212e-01
7.210000000000000853e+01,1.378584968072969763e-01
7.212000000000000455e+01,4.045903380717469702e-03
7.214000000000000057e+01,-9.954838140307369077e-02
7.215999999999999659e+01,-1.810522843886208932e-01
7.218000000000000682e+01,-2.468900357952835967e-01
7.220000000000000284e+01,-3.023497718518480259e-01
7.221999999999999886e+01,-3.518447118026484244e-01
7.223999999999999488e+01,-3.991112118123797403e-01
7.226000000000000512e+01,-4.474161151543203374e-01
7.228000000000000114e+01,-4.997849209630050860e-01
7.229999999999999716e+01,-5.592539034098370498e-01
7.232000000000000739e+01,-6.291502467124772124e-01
7.234000000000000341e+01,-7.134033717946652864e-01
7.235999999999999943e+01,-8.168792150022404774e-01
7.237999999999999545e+01,-9.456786579624184563e-01
7.240000000000000568e+01,-1.107253465928059954e+00
7.242000000000000171e+01,-1.310031688489686097e+00
7.243999999999999773e+01,-1.562059847207327268e+00
7.246000000000000796e+01,-1.868112626908774665e+00
7.248000000000000398e+01,-2.225140722456190989e+00
7.250000000000000000e+01,-2.617183160019707078e+00
7.251999999999999602e+01,-3.012671019773431880e+00
7.254000000000000625e+01,-3.367707720377094649e+00
7.256000000000000227e+01,-3.636238527421348454e+00
7.257999999999999829e+01,-3.782756315517802115e+00
7.260000000000000853e+01,-3.790611263249961560e+00
7.262000000000000455e+01,-3.662879804170429576e+00
7.264000000000000057e+01,-3.418464801966752731e+00
7.265999999999999659e+01,-3.086838192828899707e+00
7.268000000000000682e+01,-2.702360179194514878e+00
7.270000000000000284e+01,-2.298594229236175845e+00
7.271999999999999886e+01,-1.903906353933848550e+00
7.273999999999999488e+01,-1.539346621408276272e+00
7.276000000000000512e+01,-1.218642229511391450e+00
7.278000000000000114e+01,-9.493097197714858160e-01
7.279999999999999716e+01,-7.337353113909200752e-01
7.282000000000000739e+01,-5.695826168939198686e-01
7.284000000000000341e+01,-4.501749970600326112e-01
7.285999999999999943e+01,-3.662570466580302164e-01
7.287999999999999545e+01,-3.087743674753070100e-01
7.290000000000000568e+01,-2.706499962439585238e-01
7.292000000000000171e+01,-2.469551390326253371e-01
7.293999999999999773e+01,-2.343822891165810718e-01
7.296000000000000796e+01,-2.307344209217624953e-01
7.298000000000000398e+01,-2.345951508055995893e-01
7.300000000000000000e+01,-2.451380211397395092e-01
7.301999999999999602e+01,-2.620214777377450344e-01
7.304000000000000625e+01,-2.853409888469286559e-01
7.306000000000000227e+01,-3.156317630882063408e-01
7.307999999999999829e+01,-3.539213749144214383e-01
7.310000000000000853e+01,-4.018536378276851839e-01
7.312000000000000455e+01,-4.619015439804923795e-01
7.314000000000000057e+01,-5.377052678842948463e-01
7.315999999999999659e+01,-6.345603295896619089e-01
7.318000000000000682e+01,-7.600446761365885484e-01
7.320000000000000284e+01,-9.246461031042838563e-01
7.321999999999999886e+01,-1.141966320747537011e+00
7.323999999999999488e+01,-1.427584505647367719e+00
7.326000000000000512e+01,-1.795142152885590647e+00
7.328000000000000114e+01,-2.248420272964579691e+00
7.329999999999999716e+01,-2.770501749202030961e+00
7.332000000000000739e+01,-3.315985655616136452e+00
7.334000000000000341e+01,-3.815716165393557624e+00
7.335999999999999943e+01,-4.197660785681610385e+00
7.337999999999999545e+01,-4.412235053020118869e+00
7.340000000000000568e+01,-4.443434056458563930e+00
7.342000000000000171e+01,-4.302935738807535770e+00
7.343999999999999773e+01,-4.021332331665462334e+00
7.346000000000000796e+01,-3.643117427904698946e+00
7.348000000000000398e+01,-3.220154917426627073e+00
7.350000000000000000e+01,-2.802740749450651769e+00
7.351999999999999602e+01,-2.433002872064361721e+00
7.354000000000000625e+01,-2.142642637064946509e+00
7.356000000000000227e+01,-1.952416454454700467e+00
7.357999999999999829e+01,-1.869845524682452798e+00
7.360000000000000853e+01,-1.886895646818927297e+00
7.362000000000000455e+01,-1.984670117029616376e+00
7.364000000000000057e+01,-2.144328355520705998e+00
7.365999999999999659e+01,-2.354674268441503404e+00
7.368000000000000682e+01,-2.613080935274762151e+00
7.370000000000000284e+01,-2.923318849437956057e+00
7.371999999999999886e+01,-3.293371791194383835e+00
7.373999999999999488e+01,-3.734121511318542641e+00
7.376000000000000512e+01,-4.258767523474515038e+00
7.378000000000000114e+01,-4.882648299302328354e+00
7.379999999999999716e+01,-5.623162032499235075e+00
7.382000000000000739e+01,-6.499520997065113548e+00
7.384000000000000341e+01,-7.532049737229591813e+00
7.385999999999999943e+01,-8.740645114259038451e+00
7.387999999999999545e+01,-1.014185834660753827e+01
7.390000000000000568e+01,-1.174387092688981404e+01
7.392000000000000171e+01,-1.353852023130929183e+01
7.393999999999999773e+01,-1.548974638464057918e+01
7.396000000000000796e+01,-1.751889511679702949e+01
7.398000000000000398e+01,-1.948998067904052789e+01
7.400000000000000000e+01,-2.120278064168968868e+01
7.401999999999999602e+01,-2.240712984365143967e+01
7.404000000000000625e+01,-2.285232506920700857e+01
7.406000000000000227e+01,-2.237151337085732195e+01
7.407999999999999829e+01,-2.096919398892858055e+01
7.410000000000000853e+01,-1.885213707658627413e+01
7.412000000000000455e+01,-1.636190769227024688e+01
7.414000000000000057e+01,-1.383918324974450442e+01
7.415999999999999659e+01,-1.151071335119872074e+01
7.418000000000000682e+01,-9.465867935762675600e+00
7.420000000000000284e+01,-7.705866486241115254e+00
7.421999999999999886e+01,-6.202376270872752784e+00
7.423999999999999488e+01,-4.927854908682844481e+00
7.426000000000000512e+01,-3.861055289970563464e+00
7.428000000000000114e+01,-2.983690047075512997e+00
7.429999999999999716e+01,-2.277545421502057632e+00
7.432000000000000739e+01,-1.723994145850227477e+00
7.434000000000000341e+01,-1.304902555658040253e+00
7.435999999999999943e+01,-1.003365326817139414e+00
7.437999999999999545e+01,-8.028581350713839271e-01
7.440000000000000568e+01,-6.850704960664448784e-01
7.442000000000000171e+01,-6.299579042495481174e-01
7.443999999999999773e+01,-6.197679847469251824e-01
7.446000000000000796e+01,-6.424932532551588249e-01
7.448000000000000398e+01,-6.918153833025980637e-01
7.450000000000000000e+01,-7.654257017171105515e-01
7.451999999999999602e+01,-8.635999138900747329e-01
7.454000000000000625e+01,-9.884087111408984549e-01
7.456000000000000227e+01,-1.143384185761708638e+00
7.457999999999999829e+01,-1.333445764418303092e+00
7.460000000000000853e+01,-1.564967701794228283e+00
7.462000000000000455e+01,-1.845920948858756239e+00
7.464000000000000057e+01,-2.186044919058569569e+00
7.465999999999999659e+01,-2.596997744092821137e+00
7.468000000000000682e+01,-3.092407064225042301e+00
7.470000000000000284e+01,-3.687681692518532284e+00
7.471999999999999886e+01,-4.399342657095101750e+00
7.473999999999999488e+01,-5.243463420391941021e+00
7.476000000000000512e+01,-6.232565259455193463e+00
7.478000000000000114e+01,-7.370013934054738591e+00
7.479999999999999716e+01,-8.640748171123885157e+00
7.482000000000000739e+01,-9.997464537235556392e+00
7.484000000000000341e+01,-1.134312812015483551e+01
7.485999999999999943e+01,-1.251533792314663351e+01
7.487999999999999545e+01,-1.328639493637447089e+01
7.490000000000000568e+01,-1.340089900987359073e+01
7.492000000000000171e+01,-1.266625959176934657e+01
7.493999999999999773e+01,-1.107264327093937339e+01
7.496000000000000796e+01,-8.860388525999047360e+00
7.498000000000000398e+01,-6.448118860567822352e+00
7.500000000000000000e+01,-4.242131017452832609e+00
7.501999999999999602e+01,-2.472846243028105295e+00
7.504000000000000625e+01,-1.175325231395355496e+00
7.506000000000000227e+01,-2.745774511958881670e-01
7.507999999999999829e+01,3.325391764179558840e-01
7.510000000000000853e+01,7.406467224217605505e-01
7.512000000000000455e+01,1.027553785861622826e+00
7.514000000000000057e+01,1.254419875438001153e+00
7.515999999999999659e+01,1.465125148969252944e+00
7.518000000000000682e+01,1.684148616532122444e+00
7.520000000000000284e+01,1.918931891731763040e+00
7.521999999999999886e+01,2.168739303379485506e+00
7.523999999999999488e+01,2.433257749139305925e+00
7.526000000000000512e+01,2.716108721811918425e+00
7.528000000000000114e+01,3.024587428105814269e+00
7.529999999999999716e+01,3.368283605316717999e+00
7.532000000000000739e+01,3.757904059514354245e+00
7.534000000000000341e+01,4.204535944140520343e+00
7.535999999999999943e+01,4.719178966691547572e+00
7.537999999999999545e+01,5.312274850903562218e+00
7.540000000000000568e+01,5.992968696032232145e+00
7.542000000000000171e+01,6.767842265513227318e+00
7.543999999999999773e+01,7.638868628226075153e+00
7.546000000000000796e+01,8.600374118114682886e+00
7.548000000000000398e+01,9.634956027170563431e+00
7.550000000000000000e+01,1.070870532000344966e+01
7.551999999999999602e+01,1.176687163417893167e+01
7.554000000000000625e+01,1.273227454535053127e+01
7.556000000000000227e+01,1.350986471660986687e+01
7.557999999999999829e+01,1.400064718931970020e+01
7.560000000000000853e+01,1.412499282387767607e+01
7.562000000000000455e+01,1.384878294708511959e+01
7.564000000000000057e+01,1.319945134751153937e+01
7.565999999999999659e+01,1.226001812615833764e+01
7.568000000000000682e+01,1.114127250089612886e+01
7.570000000000000284e+01,9.947479409861093913e+00
7.571999999999999886e+01,8.754816703690327273e+00
7.573999999999999488e+01,7.609775890029983891e+00
7.576000000000000512e+01,6.539572604349934259e+00
7.578000000000000114e+01,5.562573988230424149e+00
7.579999999999999716e+01,4.693256193996727887e+00
7.582000000000000739e+01,3.942956213588230785e+00
7.584000000000000341e+01,3.319335527653536122e+00
7.585999999999999943e+01,2.825941733872585182e+00
7.587999999999999545e+01,2.461699084935805804e+00
7.590000000000000568e+01,2.220082081825397236e+00
7.592000000000000171e+01,2.088992312374609472e+00
7.593999999999999773e+01,2.052871718328852957e+00
7.596000000000000796e+01,2.096577703449162833e+00
7.598000000000000398e+01,2.208633163953145573e+00
7.600000000000000000e+01,2.382474203576038008e+00
7.601999999999999602e+01,2.616189602324377361e+00
7.604000000000000625e+01,2.911734279649439205e+00
7.606000000000000227e+01,3.274171472533779159e+00
7.607999999999999829e+01,3.711072638512768140e+00
7.610000000000000853e+01,4.231996670978265485e+00
7.612000000000000455e+01,4.847884595742486091e+00
7.614000000000000057e+01,5.570153375706309085e+00
7.615999999999999659e+01,6.409201388064023952e+00
7.618000000000000682e+01,7.371957725601513189e+00
7.620000000000000284e+01,8.458045710177970022e+00
7.621999999999999886e+01,9.654192292141507536e+00
7.623999999999999488e+01,1.092690530784666691e+01
7.626000000000000512e+01,1.221447754391268070e+01
7.628000000000000114e+01,1.342134054353968331e+01
7.629999999999999716e+01,1.442037333585003545e+01
7.632000000000000739e+01,1.507010532753767507e+01
7.634000000000000341e+01,1.525000926322072914e+01
7.635999999999999943e+01,1.490528825707517413e+01
7.637999999999999545e+01,1.407769222879797688e+01
7.640000000000000568e+01,1.289689734721794423e+01
7.642000000000000171e+01,1.153002498806760734e+01
7.643999999999999773e+01,1.012022853033225367e+01
7.646000000000000796e+01,8.754093776588659281e+00
7.648000000000000398e+01,7.469394738981583792e+00
7.650000000000000000e+01,6.281049821135983535e+00
7.651999999999999602e+01,5.199472894725569283e+00
7.654000000000000625e+01,4.234813301901765747e+00
7.656000000000000227e+01,3.394189169814910034e+00
7.657999999999999829e+01,2.678923131849529682e+00
7.660000000000000853e+01,2.084088721421418100e+00
7.662000000000000455e+01,1.599844344404689256e+00
7.664000000000000057e+01,1.213466450622881165e+00
7.665999999999999659e+01,9.113497214910376565e-01
7.668000000000000682e+01,6.806734721293217216e-01
7.670000000000000284e+01,5.106457598623519445e-01
7.671999999999999886e+01,3.930650155716910454e-01
7.673999999999999488e+01,3.213706997395837095e-01
7.676000000000000512e+01,2.879856404564316019e-01
7.678000000000000114e+01,2.833278000329094715e-01
7.679999999999999716e+01,2.987274389961697696e-01
7.682000000000000739e+01,3.288646252228392686e-01
7.684000000000000341e+01,3.715253591683784218e-01
7.685999999999999943e+01,4.265298464256133126e-01
7.687999999999999545e+01,4.949903755628902169e-01
7.690000000000000568e+01,5.789653180204487048e-01
7.692000000000000171e+01,6.813550439871564057e-01
7.693999999999999773e+01,8.059334853626544115e-01
7.696000000000000796e+01,9.574639193938122572e-01
7.698000000000000398e+01,1.141878413066043763e+00
7.700000000000000000e+01,1.366512677862034231e+00
7.701999999999999602e+01,1.640395074836598521e+00
7.704000000000000625e+01,1.974584226001219411e+00
7.706000000000000227e+01,2.382542333248576227e+00
7.707999999999999829e+01,2.880508853043552531e+00
7.710000000000000853e+01,3.487797800397332448e+00
7.712000000000000455e+01,4.226863637332987089e+00
7.714000000000000057e+01,5.122841747684738323e+00
7.715999999999999659e+01,6.202032794383713465e+00
7.718000000000000682e+01,7.488435094543549830e+00
7.720000000000000284e+01,8.996934257181539607e+00
7.721999999999999886e+01,1.072132445497769559e+01
7.723999999999999488e+01,1.261558392082749336e+01
7.726000000000000512e+01,1.456930198528958265e+01
7.728000000000000114e+01,1.638531618460195460e+01
7.729999999999999716e+01,1.778053165811553527e+01
7.732000000000000739e+01,1.844166968567147435e+01
7.734000000000000341e+01,1.815158939502876478e+01
7.735999999999999943e+01,1.693605557714588983e+01
7.737999999999999545e+01,1.510765880829714192e+01
7.740000000000000568e+01,1.311954829587131321e+01
7.742000000000000171e+01,1.131495344906086231e+01
7.743999999999999773e+01,9.792875771986674138e+00
7.746000000000000796e+01,8.499018471041164702e+00
7.748000000000000398e+01,7.386182987798308730e+00
7.750000000000000000e+01,6.467608993786027050e+00
7.751999999999999602e+01,5.780492908857357115e+00
7.754000000000000625e+01,5.341111077300772614e+00
7.756000000000000227e+01,5.128520304235209437e+00
7.757999999999999829e+01,5.097893579439736200e+00
7.760000000000000853e+01,5.203978639645119308e+00
7.762000000000000455e+01,5.415046235167608302e+00
7.764000000000000057e+01,5.714487634493305102e+00
7.765999999999999659e+01,6.096756549918850965e+00
7.768000000000000682e+01,6.562795260382110030e+00
7.770000000000000284e+01,7.116590472909035014e+00
7.771999999999999886e+01,7.762787976157660808e+00
7.773999999999999488e+01,8.504853931700493419e+00
7.776000000000000512e+01,9.343287463621631872e+00
7.778000000000000114e+01,1.027351357831772738e+01
7.779999999999999716e+01,1.128324439143282731e+01
7.782000000000000739e+01,1.234931332696987738e+01
7.784000000000000341e+01,1.343432644088081496e+01
7.785999999999999943e+01,1.448398121214116507e+01
7.787999999999999545e+01,1.542654682834480440e+01
7.790000000000000568e+01,1.617653745783274744e+01
7.792000000000000171e+01,1.664449541674974853e+01
7.793999999999999773e+01,1.675329756352768484e+01
7.796000000000000796e+01,1.645815545960348913e+01
7.798000000000000398e+01,1.576356564396561843e+01
7.800000000000000000e+01,1.472874346463292383e+01
7.801999999999999602e+01,1.345651793768374738e+01
7.804000000000000625e+01,1.206879785839214492e+01
7.806000000000000227e+01,1.067919300933725069e+01
7.807999999999999829e+01,9.374111178492084306e+00
7.810000000000000853e+01,8.207242076034223288e+00
7.812000000000000455e+01,7.204567056059889119e+00
7.814000000000000057e+01,6.373565863903822404e+00
7.815999999999999659e+01,5.711620576253764625e+00
7.818000000000000682e+01,5.211598652426116196e+00
7.820000000000000284e+01,4.864687704971045079e+00
7.821999999999999886e+01,4.661353549438667088e+00
7.823999999999999488e+01,4.591453432399674739e+00
7.826000000000000512e+01,4.644446472103727963e+00
7.828000000000000114e+01,4.810218875743698774e+00
7.829999999999999716e+01,5.080355072389439286e+00
7.832000000000000739e+01,5.449250764086697174e+00
7.834000000000000341e+01,5.914585063492070915e+00
7.835999999999999943e+01,6.477053078164637157e+00
7.837999999999999545e+01,7.139496414527293666e+00
7.840000000000000568e+01,7.905565347462675696e+00
7.842000000000000171e+01,8.777925705862832828e+00
7.843999999999999773e+01,9.755907774082800188e+00
7.846000000000000796e+01,1.083244747605842306e+01
7.848000000000000398e+01,1.199023585241740264e+01
7.850000000000000000e+01,1.319723444355686226e+01
7.851999999999999602e+01,1.440221414568805791e+01
7.854000000000000625e+01,1.553177896868661634e+01
7.856000000000000227e+01,1.649130712426659429e+01
7.857999999999999829e+01,1.717283869784854744e+01
7.860000000000000853e+01,1.747210835453282840e+01
7.862000000000000455e+01,1.731352655885073588e+01
7.864000000000000057e+01,1.667617220890462804e+01
7.865999999999999659e+01,1.560892930432139281e+01
7.868000000000000682e+01,1.422417373908261418e+01
7.870000000000000284e+01,1.266940874102428616e+01
7.871999999999999886e+01,1.108932072837790450e+01
7.873999999999999488e+01,9.596043426987446168e+00
7.876000000000000512e+01,8.258185768277435557e+00
7.878000000000000114e+01,7.106532825073016646e+00
7.879999999999999716e+01,6.147060477645441168e+00
7.882000000000000739e+01,5.373094906129037618e+00
7.884000000000000341e+01,4.773289844710554064e+00
7.885999999999999943e+01,4.335603141523816539e+00
7.887999999999999545e+01,4.048542297376262589e+00
7.890000000000000568e+01,3.900900348776458859e+00
7.892000000000000171e+01,3.881142113586965259e+00
7.893999999999999773e+01,3.977507798333335565e+00
7.896000000000000796e+01,4.179218732779523826e+00
7.898000000000000398e+01,4.478162675811803162e+00
7.900000000000000000e+01,4.870104030184031707e+00
7.901999999999999602e+01,5.354971846976996908e+00
7.904000000000000625e+01,5.936356958839158260e+00
7.906000000000000227e+01,6.620513301915861959e+00
7.907999999999999829e+01,7.415018135697342139e+00
7.910000000000000853e+01,8.327041949337244731e+00
7.912000000000000455e+01,9.361024306091401570e+00
7.914000000000000057e+01,1.051547294138024036e+01
7.915999999999999659e+01,1.177862373139659979e+01
7.918000000000000682e+01,1.312289740496710166e+01
7.920000000000000284e+01,1.449859774002692347e+01
7.921999999999999886e+01,1.582827879935774007e+01
7.923999999999999488e+01,1.700467291689481897e+01
7.926000000000000512e+01,1.789654222558967334e+01
7.928000000000000114e+01,1.836690293461271395e+01
7.929999999999999716e+01,1.830462248882405873e+01
7.932000000000000739e+01,1.766228403224395294e+01
7.934000000000000341e+01,1.648373707994951687e+01
7.935999999999999943e+01,1.490273147979564961e+01
7.937999999999999545e+01,1.310687320334444905e+01
7.940000000000000568e+01,1.128307252857450926e+01
7.942000000000000171e+01,9.572895062362063001e+00
7.943999999999999773e+01,8.056555563986762536e+00
7.946000000000000796e+01,6.762854307808553678e+00
7.948000000000000398e+01,5.689451183770791509e+00
7.950000000000000000e+01,4.820355905319822831e+00
7.951999999999999602e+01,4.136321632152402117e+00
7.954000000000000625e+01,3.619524359018767790e+00
7.956000000000000227e+01,3.254947369611564056e+00
7.957999999999999829e+01,3.029927623249733415e+00
7.960000000000000853e+01,2.932666664459606221e+00
7.962000000000000455e+01,2.950839272009670555e+00
7.964000000000000057e+01,3.071711914321628267e+00
7.965999999999999659e+01,3.284019211916382019e+00
7.968000000000000682e+01,3.580215671065682059e+00
7.970000000000000284e+01,3.957707720782253080e+00
7.971999999999999886e+01,4.418854632568241847e+00
7.973999999999999488e+01,4.970260109615677990e+00
7.976000000000000512e+01,5.621824774990540341e+00
7.978000000000000114e+01,6.385709497593322403e+00
7.979999999999999716e+01,7.275098378006823019e+00
7.982000000000000739e+01,8.302484032976146011e+00
7.984000000000000341e+01,9.477082263233926440e+00
7.985999999999999943e+01,1.080089772378121005e+01
7.987999999999999545e+01,1.226296252219745853e+01
7.990000000000000568e+01,1.383149643211935143e+01
7.992000000000000171e+01,1.544446784090948910e+01
7.993999999999999773e+01,1.700061563993185842e+01
7.996000000000000796e+01,1.835558220435090604e+01
7.998000000000000398e+01,1.933064325045758380e+01
8.000000000000000000e+01,1.974190700319565295e+01
8.001999999999999602e+01,1.945131891348528086e+01
8.004000000000000625e+01,1.842510159724194807e+01
8.006000000000000227e+01,1.676827416162833728e+01
8.007999999999999829e+01,1.470492733892002946e+01
8.010000000000000853e+01,1.250481903046789967e+01
8.012000000000000455e+01,1.039697640773984588e+01
8.014000000000000057e+01,8.519660132496266414e+00
8.015999999999999659e+01,6.922761902191529870e+00
8.018000000000000682e+01,5.600301157763086124e+00
8.020000000000000284e+01,4.522916682140707856e+00
8.021999999999999886e+01,3.656880219990176428e+00
8.023999999999999488e+01,2.971514424815437039e+00
8.026000000000000512e+01,2.441001161262088992e+00
8.028000000000000114e+01,2.044525286309644585e+00
8.029999999999999716e+01,1.766108055538688548e+00
8.032000000000000739e+01,1.593916956274025409e+00
8.034000000000000341e+01,1.518317884613092694e+00
8.035999999999999943e+01,1.529054773951728619e+00
8.037999999999999545e+01,1.614114694803073791e+00
8.040000000000000568e+01,1.761946429657698099e+00
8.042000000000000171e+01,1.964737915208565333e+00
8.043999999999999773e+01,2.219953168444820157e+00
8.046000000000000796e+01,2.530061960562106194e+00
8.048000000000000398e+01,2.901656993165607989e+00
8.050000000000000000e+01,3.344714415906832272e+00
8.051999999999999602e+01,3.872168306922752379e+00
8.054000000000000625e+01,4.499706747226323245e+00
8.056000000000000227e+01,5.245611191362854697e+00
8.057999999999999829e+01,6.130419903707762685e+00
8.060000000000000853e+01,7.176114701809781948e+00
8.062000000000000455e+01,8.404393494141899623e+00
8.064000000000000057e+01,9.833381191253408815e+00
8.065999999999999659e+01,1.147187520001638994e+01
8.068000000000000682e+01,1.331004147471960586e+01
8.070000000000000284e+01,1.530568329945649353e+01
8.071999999999999886e+01,1.736649437914718419e+01
8.073999999999999488e+01,1.933213612291642747e+01
8.076000000000000512e+01,2.096634533017214252e+01
8.078000000000000114e+01,2.197679950650021752e+01
8.079999999999999716e+01,2.208105475138443907e+01
8.082000000000000739e+01,2.111651291079742521e+01
8.084000000000000341e+01,1.914731242019801627e+01
8.085999999999999943e+01,1.648560995318643307e+01
8.087999999999999545e+01,1.358007337493954658e+01
8.090000000000000568e+01,1.083142606289229803e+01
8.092000000000000171e+01,8.464988556099518391e+00
8.093999999999999773e+01,6.530761252958503960e+00
8.096000000000000796e+01,4.982769927410808819e+00
8.098000000000000398e+01,3.751829968823640726e+00
8.100000000000000000e+01,2.777812140105738070e+00
8.101999999999999602e+01,2.014548019726904560e+00
8.104000000000000625e+01,1.426129576869691773e+00
8.106000000000000227e+01,9.828274147564117769e-01
8.107999999999999829e+01,6.578010545543377940e-01
8.110000000000000853e+01,4.246984056478135261e-01
8.112000000000000455e+01,2.580199268547269109e-01
8.114000000000000057e+01,1.365832481750084426e-01
8.115999999999999659e+01,4.578158426200959474e-02
8.118000000000000682e+01,-2.363065394092203619e-02
8.120000000000000284e+01,-7.781685613502252463e-02
8.121999999999999886e+01,-1.213237199104820474e-01
8.123999999999999488e+01,-1.577351709405100666e-01
8.126000000000000512e+01,-1.899573338920524102e-01
8.128000000000000114e+01,-2.203891628102359057e-01
8.129999999999999716e+01,-2.510705181496827310e-01
8.132000000000000739e+01,-2.838272068026113648e-01
8.134000000000000341e+01,-3.204239351410638204e-01
8.135999999999999943e+01,-3.627319405324640478e-01
8.137999999999999545e+01,-4.129291273514031357e-01
8.140000000000000568e+01,-4.737579717111793931e-01
8.142000000000000171e+01,-5.488698159138234445e-01
8.143999999999999773e+01,-6.432828224386984983e-01
8.146000000000000796e+01,-7.639447034118332924e-01
8.148000000000000398e+01,-9.202908084723999682e-01
8.150000000000000000e+01,-1.124457677493060803e+00
8.151999999999999602e+01,-1.390414600272565471e+00
8.154000000000000625e+01,-1.730831344798235749e+00
8.156000000000000227e+01,-2.150565692091382264e+00
8.157999999999999829e+01,-2.637313136710139894e+00
8.160000000000000853e+01,-3.153801281755541197e+00
8.162000000000000455e+01,-3.639413029675702127e+00
8.164000000000000057e+01,-4.026016473715858801e+00
8.165999999999999659e+01,-4.260885825911507219e+00
8.168000000000000682e+01,-4.320852735421258473e+00
8.170000000000000284e+01,-4.210796845217066320e+00
8.171999999999999886e+01,-3.955639035471805620e+00
8.173999999999999488e+01,-3.594290178717517215e+00
8.176000000000000512e+01,-3.173489470814586433e+00
8.178000000000000114e+01,-2.739630869137886560e+00
8.179999999999999716e+01,-2.331877322381701312e+00
8.182000000000000739e+01,-1.979405036837136089e+00
8.184000000000000341e+01,-1.702233156988923302e+00
8.185999999999999943e+01,-1.512947056890889597e+00
8.187999999999999545e+01,-1.416267443786415559e+00
8.190000000000000568e+01,-1.406476777563483438e+00
8.192000000000000171e+01,-1.468523823085846391e+00
8.193999999999999773e+01,-1.585714772894839530e+00
8.196000000000000796e+01,-1.746998308162092783e+00
8.198000000000000398e+01,-1.948746544925677116e+00
8.200000000000000000e+01,-2.193182461075969591e+00
8.201999999999999602e+01,-2.486476727760852601e+00
8.204000000000000625e+01,-2.837575189202406811e+00
8.206000000000000227e+01,-3.257725527390689990e+00
8.207999999999999829e+01,-3.760433937623641310e+00
8.210000000000000853e+01,-4.361615964745881868e+00
8.212000000000000455e+01,-5.079757602737903888e+00
8.214000000000000057e+01,-5.935909460645226510e+00
8.215999999999999659e+01,-6.953282078472753369e+00
8.218000000000000682e+01,-8.156088795043055839e+00
8.220000000000000284e+01,-9.567082918982320550e+00
8.221999999999999886e+01,-1.120296830604439897e+01
8.223999999999999488e+01,-1.306658708652294543e+01
8.226000000000000512e+01,-1.513473209021411137e+01
8.228000000000000114e+01,-1.734112305890266725e+01
8.229999999999999716e+01,-1.955652097229267383e+01
8.232000000000000739e+01,-2.157331095960194389e+01
8.234000000000000341e+01,-2.310994673936443533e+01
8.235999999999999943e+01,-2.385614795770469954e+01
8.237999999999999545e+01,-2.356953804739030645e+01
8.240000000000000568e+01,-2.219639701818783095e+01
8.242000000000000171e+01,-1.994050851282557701e+01
8.243999999999999773e+01,-1.720473722092928170e+01
8.246000000000000796e+01,-1.441920394677710426e+01
8.248000000000000398e+01,-1.187541108483148733e+01
8.250000000000000000e+01,-9.679804366949976924e+00
8.251999999999999602e+01,-7.820241290636499976e+00
8.254000000000000625e+01,-6.251691635760795229e+00
8.256000000000000227e+01,-4.938898323290619174e+00
8.257999999999999829e+01,-3.861098412293957782e+00
8.260000000000000853e+01,-3.004534751645759005e+00
8.262000000000000455e+01,-2.355906901992054436e+00
8.264000000000000057e+01,-1.897652766821389392e+00
8.265999999999999659e+01,-1.603884315327947840e+00
8.268000000000000682e+01,-1.440630603883847227e+00
8.270000000000000284e+01,-1.373524852687375120e+00
8.271999999999999886e+01,-1.376318521178815146e+00
8.273999999999999488e+01,-1.433197064906420737e+00
8.276000000000000512e+01,-1.536548656524723500e+00
8.278000000000000114e+01,-1.684134069438879555e+00
8.279999999999999716e+01,-1.877182138104480424e+00
8.282000000000000739e+01,-2.119368302649905278e+00
8.284000000000000341e+01,-2.416319936530415546e+00
8.285999999999999943e+01,-2.775358771920741763e+00
8.287999999999999545e+01,-3.205279227452437762e+00
8.290000000000000568e+01,-3.715991072709789567e+00
8.292000000000000171e+01,-4.317831983457785405e+00
8.293999999999999773e+01,-5.020283055923320248e+00
8.296000000000000796e+01,-5.829719083636125454e+00
8.298000000000000398e+01,-6.745706342897793917e+00
8.300000000000000000e+01,-7.755333325092779617e+00
8.301999999999999602e+01,-8.825312270863927111e+00
8.304000000000000625e+01,-9.892516308751899246e+00
8.306000000000000227e+01,-1.085572581026107564e+01
8.307999999999999829e+01,-1.157481180195443748e+01
8.310000000000000853e+01,-1.188691711630442072e+01
8.312000000000000455e+01,-1.164771394996092369e+01
8.314000000000000057e+01,-1.079289139143693887e+01
8.315999999999999659e+01,-9.391322813011520054e+00
8.318000000000000682e+01,-7.646992644517236926e+00
8.320000000000000284e+01,-5.830675642471591757e+00
8.321999999999999886e+01,-4.178262834786269586e+00
8.323999999999999488e+01,-2.822936180211150337e+00
8.326000000000000512e+01,-1.793640792110639870e+00
8.328000000000000114e+01,-1.054918142794608382e+00
8.329999999999999716e+01,-5.474663725732415998e-01
8.332000000000000739e+01,-2.117510074185745550e-01
8.334000000000000341e+01,2.657781658209410706e-03
8.335999999999999943e+01,1.351313752333668239e-01
8.337999999999999545e+01,2.150341137968049821e-01
8.340000000000000568e+01,2.637746903604670234e-01
8.342000000000000171e+01,2.970446009560067102e-01
8.343999999999999773e+01,3.268280482430964140e-01
8.346000000000000796e+01,3.625324080141307248e-01
8.348000000000000398e+01,4.104099763267966550e-01
8.350000000000000000e+01,4.723602862530503210e-01
8.351999999999999602e+01,5.471439027683815404e-01
8.354000000000000625e+01,6.334867286392293906e-01
8.356000000000000227e+01,7.319122553772130502e-01
8.357999999999999829e+01,8.448135220078406560e-01
8.360000000000000853e+01,9.759595160291715255e-01
8.362000000000000455e+01,1.130141266773440289e+00
8.364000000000000057e+01,1.313077462744608237e+00
8.365999999999999659e+01,1.531510792314936698e+00
8.368000000000000682e+01,1.793416755459499967e+00
8.370000000000000284e+01,2.108273235114127786e+00
8.371999999999999886e+01,2.487353977223423662e+00
8.373999999999999488e+01,2.944007602972853466e+00
8.376000000000000512e+01,3.493858788140634442e+00
8.378000000000000114e+01,4.154817912427308357e+00
8.379999999999999716e+01,4.946691939521555170e+00
8.382000000000000739e+01,5.890041248736787693e+00
8.384000000000000341e+01,7.003700459165242975e+00
8.385999999999999943e+01,8.300093024678417919e+00
8.387999999999999545e+01,9.777213891039053806e+00
8.390000000000000568e+01,1.140626820771744931e+01
8.392000000000000171e+01,1.311520159832288712e+01
8.393999999999999773e+01,1.477200466360847564e+01
8.396000000000000796e+01,1.617860229742615985e+01
8.398000000000000398e+01,1.709373097287580734e+01
8.400000000000000000e+01,1.730079283044334204e+01
8.401999999999999602e+01,1.670891097601761288e+01
8.404000000000000625e+01,1.542757635663374671e+01
8.406000000000000227e+01,1.373919694439050332e+01
8.407999999999999829e+01,1.196223989970512491e+01
8.410000000000000853e+01,1.030465311216195978e+01
8.412000000000000455e+01,8.825722451607107999e+00
8.414000000000000057e+01,7.509549957638872009e+00
8.415999999999999659e+01,6.346258516589649012e+00
8.418000000000000682e+01,5.354957330969813079e+00
8.420000000000000284e+01,4.567425925143449028e+00
8.421999999999999886e+01,4.005990901070785704e+00
8.423999999999999488e+01,3.668331977758295448e+00
8.426000000000000512e+01,3.525115105561079876e+00
8.428000000000000114e+01,3.533440737509383922e+00
8.429999999999999716e+01,3.655147672440757223e+00
8.432000000000000739e+01,3.866103348234268822e+00
8.434000000000000341e+01,4.155758782969368070e+00
8.435999999999999943e+01,4.523127795936614071e+00
8.437999999999999545e+01,4.973103573323158777e+00
8.440000000000000568e+01,5.514016227631080014e+00
8.442000000000000171e+01,6.156124217199808513e+00
8.443999999999999773e+01,6.910507622633803138e+00
8.446000000000000796e+01,7.787881806170038779e+00
8.448000000000000398e+01,8.796902670869179985e+00
8.450000000000000000e+01,9.941557541158976719e+00
8.451999999999999602e+01,1.121725405128994879e+01
8.454000000000000625e+01,1.260533214475401387e+01
8.456000000000000227e+01,1.406608090658799703e+01
8.457999999999999829e+01,1.553118271980304854e+01
8.460000000000000853e+01,1.689802299403142882e+01
8.462000000000000455e+01,1.803035856802060977e+01
8.464000000000000057e+01,1.877135614036994227e+01
8.465999999999999659e+01,1.897352728996578364e+01
8.468000000000000682e+01,1.854274094294116182e+01
8.470000000000000284e+01,1.748088524271002342e+01
8.471999999999999886e+01,1.590243386057713337e+01
8.473999999999999488e+01,1.400740120932317723e+01
8.476000000000000512e+01,1.201925304776630199e+01
8.478000000000000114e+01,1.012136198673046117e+01
8.479999999999999716e+01,8.424475375640751551e+00
8.482000000000000739e+01,6.971480213399526171e+00
8.484000000000000341e+01,5.761817575106567446e+00
8.485999999999999943e+01,4.775368747529217472e+00
8.487999999999999545e+01,3.987140232774438076e+00
8.490000000000000568e+01,3.373823795022413918e+00
8.492000000000000171e+01,2.915958008736643681e+00
8.493999999999999773e+01,2.598130411831454101e+00
8.496000000000000796e+01,2.407965039649709205e+00
8.498000000000000398e+01,2.334117152629985537e+00
8.500000000000000000e+01,2.364400482027228634e+00
8.501999999999999602e+01,2.485899062327630027e+00
8.504000000000000625e+01,2.687308241105683670e+00
8.506000000000000227e+01,2.961515891365528397e+00
8.507999999999999829e+01,3.306754913380003824e+00
8.510000000000000853e+01,3.726380878582034040e+00
8.512000000000000455e+01,4.228071023104628345e+00
8.514000000000000057e+01,4.822987193948358176e+00
8.515999999999999659e+01,5.525030678308222143e+00
8.518000000000000682e+01,6.350060466675624404e+00
8.520000000000000284e+01,7.314809796816375886e+00
8.521999999999999886e+01,8.435123054407899446e+00
8.523999999999999488e+01,9.723013501430839867e+00
8.526000000000000512e+01,1.118191404476024964e+01
8.528000000000000114e+01,1.279945615927421443e+01
8.529999999999999716e+01,1.453738865225781041e+01
8.532000000000000739e+01,1.631925144564706187e+01
8.534000000000000341e+01,1.801871659459073527e+01
8.535999999999999943e+01,1.945535775953107915e+01
8.537999999999999545e+01,2.040873870778468913e+01
8.540000000000000568e+01,2.066161623825340499e+01
8.542000000000000171e+01,2.007153270943693002e+01
8.543999999999999773e+01,1.864506752037845061e+01
8.546000000000000796e+01,1.656679836824328689e+01
8.548000000000000398e+01,1.414727174170056934e+01
8.550000000000000000e+01,1.170962417251597287e+01
8.551999999999999602e+01,9.485721754767098446e+00
8.554000000000000625e+01,7.581174439266194831e+00
8.556000000000000227e+01,6.005962135635603438e+00
8.557999999999999829e+01,4.724797683862218101e+00
8.560000000000000853e+01,3.692030139972132474e+00
8.562000000000000455e+01,2.865848921491265688e+00
8.564000000000000057e+01,2.210920550504863691e+00
8.565999999999999659e+01,1.697448787614350696e+00
8.568000000000000682e+01,1.300046954226006468e+00
8.570000000000000284e+01,9.971320526301991061e-01
8.571999999999999886e+01,7.707178202518953913e-01
8.573999999999999488e+01,6.064253092228741870e-01
8.576000000000000512e+01,4.936086796611913186e-01
8.578000000000000114e+01,4.253582243123371631e-01
8.579999999999999716e+01,3.975411992667524652e-01
8.582000000000000739e+01,4.060338253703936751e-01
8.584000000000000341e+01,4.444678662158763061e-01
8.585999999999999943e+01,5.059933754037938547e-01
8.587999999999999545e+01,5.863337514805820883e-01
8.590000000000000568e+01,6.845425948922539972e-01
8.592000000000000171e+01,8.022611054098864880e-01
8.593999999999999773e+01,9.429487589794059987e-01
8.596000000000000796e+01,1.111494930457231467e+00
8.598000000000000398e+01,1.314145166848067481e+00
8.600000000000000000e+01,1.558628415711414306e+00
8.601999999999999602e+01,1.854414769194427492e+00
8.604000000000000625e+01,2.213067416585714930e+00
8.606000000000000227e+01,2.648671230967086121e+00
8.607999999999999829e+01,3.178315729678864887e+00
8.610000000000000853e+01,3.822597660676752884e+00
8.612000000000000455e+01,4.606062006702554612e+00
8.614000000000000057e+01,5.557423006316757785e+00
8.615999999999999659e+01,6.709259460470924807e+00
8.618000000000000682e+01,8.096623659472914625e+00
8.620000000000000284e+01,9.753595162592427315e+00
8.621999999999999886e+01,1.170619962120351332e+01
8.623999999999999488e+01,1.395939417817524308e+01
8.626000000000000512e+01,1.647540916549609946e+01
8.628000000000000114e+01,1.914196338838716471e+01
8.629999999999999716e+01,2.173448805712449783e+01
8.632000000000000739e+01,2.389020245797440722e+01
8.634000000000000341e+01,2.513291887556143678e+01
8.635999999999999943e+01,2.499730286155942238e+01
8.637999999999999545e+01,2.325639074303042619e+01
8.640000000000000568e+01,2.013481367623155194e+01
8.642000000000000171e+01,1.629775017456253394e+01
8.643999999999999773e+01,1.253516165908289359e+01
8.646000000000000796e+01,9.369456012536023337e+00
8.648000000000000398e+01,6.920539658771398095e+00
8.650000000000000000e+01,5.069190537542842989e+00
8.651999999999999602e+01,3.661993324374479553e+00
8.654000000000000625e+01,2.590231463389174760e+00
8.656000000000000227e+01,1.781799911930483704e+00
8.657999999999999829e+01,1.179026950988394606e+00
8.660000000000000853e+01,7.299556505145677887e-01
8.662000000000000455e+01,3.914134657290908592e-01
8.664000000000000057e+01,1.324165340411790071e-01
8.665999999999999659e+01,-6.770521432836876241e-02
8.668000000000000682e+01,-2.233995326442617113e-01
8.670000000000000284e+01,-3.458299725181818718e-01
8.671999999999999886e+01,-4.442327358027687856e-01
8.673999999999999488e+01,-5.264235663583524127e-01
8.676000000000000512e+01,-5.990311550356203218e-01
8.678000000000000114e+01,-6.677048586511682426e-01
8.679999999999999716e+01,-7.373577930483099507e-01
8.682000000000000739e+01,-8.124345904829725074e-01
8.684000000000000341e+01,-8.971782029013400939e-01
8.685999999999999943e+01,-9.958552741512646245e-01
8.687999999999999545e+01,-1.112887259930384065e+00
8.690000000000000568e+01,-1.252796971548736371e+00
8.692000000000000171e+01,-1.419834791196047608e+00
8.693999999999999773e+01,-1.617121539565889776e+00
8.696000000000000796e+01,-1.845194161301683344e+00
8.698000000000000398e+01,-2.100056463952492791e+00
8.700000000000000000e+01,-2.371261352320945814e+00
8.701999999999999602e+01,-2.641033834143156511e+00
8.704000000000000625e+01,-2.885564009785068773e+00
8.706000000000000227e+01,-3.078885495689773766e+00
8.707999999999999829e+01,-3.198337665845732758e+00
8.710000000000000853e+01,-3.229513210274332913e+00
8.712000000000000455e+01,-3.168872467191596431e+00
8.714000000000000057e+01,-3.023605052074310073e+00
8.715999999999999659e+01,-2.809484461275868039e+00
8.718000000000000682e+01,-2.547688590761891358e+00
8.720000000000000284e+01,-2.261335105027144632e+00
8.721999999999999886e+01,-1.972318997451511402e+00
8.723999999999999488e+01,-1.698878512369397686e+00
8.726000000000000512e+01,-1.454084307682265598e+00
8.728000000000000114e+01,-1.245302848939290330e+00
8.729999999999999716e+01,-1.074663000049781214e+00
8.732000000000000739e+01,-9.404043277115581301e-01
8.734000000000000341e+01,-8.386322344811220075e-01
8.735999999999999943e+01,-7.648429558916357562e-01
8.737999999999999545e+01,-7.148655820521804261e-01
8.740000000000000568e+01,-6.852729999984827902e-01
8.742000000000000171e+01,-6.734887710379421355e-01
8.743999999999999773e+01,-6.777771104934122715e-01
8.746000000000000796e+01,-6.972145278952390779e-01
8.748000000000000398e+01,-7.316825604550367679e-01
8.750000000000000000e+01,-7.818941026210572964e-01
8.751999999999999602e+01,-8.494511992438079639e-01
8.754000000000000625e+01,-9.369162632345711117e-01
8.756000000000000227e+01,-1.047845666361410188e+00
8.757999999999999829e+01,-1.186683485860047016e+00
8.760000000000000853e+01,-1.358333510237945463e+00
8.762000000000000455e+01,-1.567154952846849802e+00
8.764000000000000057e+01,-1.815134962877181790e+00
8.765999999999999659e+01,-2.099228447873218606e+00
8.768000000000000682e+01,-2.408447967613400298e+00
8.770000000000000284e+01,-2.722104612462934892e+00
8.771999999999999886e+01,-3.010995995691576610e+00
8.773999999999999488e+01,-3.242420415319862137e+00
8.776000000000000512e+01,-3.387649083128895455e+00
8.778000000000000114e+01,-3.428619800591219846e+00
8.779999999999999716e+01,-3.361122891716453953e+00
8.782000000000000739e+01,-3.194171242110654951e+00
8.784000000000000341e+01,-2.946984688145733333e+00
8.785999999999999943e+01,-2.644958555927750865e+00
8.787999999999999545e+01,-2.315435291840343357e+00
8.790000000000000568e+01,-1.983976167920812994e+00
8.792000000000000171e+01,-1.671685200737778709e+00
8.793999999999999773e+01,-1.393691232860157170e+00
8.796000000000000796e+01,-1.158567689320184391e+00
8.798000000000000398e+01,-9.686064805519220000e-01
8.800000000000000000e+01,-8.211055697112088492e-01
8.801999999999999602e+01,-7.104964261458265318e-01
8.804000000000000625e+01,-6.304826318296796739e-01
8.806000000000000227e+01,-5.754033798997997273e-01
8.807999999999999829e+01,-5.407379503203129101e-01
8.810000000000000853e+01,-5.231203693552833878e-01
8.812000000000000455e+01,-5.202011801376568156e-01
8.814000000000000057e+01,-5.305142539758749276e-01
8.815999999999999659e+01,-5.533944420931253827e-01
8.818000000000000682e+01,-5.889551323235134861e-01
8.820000000000000284e+01,-6.381243059390572236e-01
8.821999999999999886e+01,-7.027449594138900357e-01
8.823999999999999488e+01,-7.857305803866131422e-01
8.826000000000000512e+01,-8.912498228541776424e-01
8.828000000000000114e+01,-1.024855180335141780e+00
8.829999999999999716e+01,-1.193370926200990834e+00
8.832000000000000739e+01,-1.404204758257187269e+00
8.834000000000000341e+01,-1.663613887913508504e+00
8.835999999999999943e+01,-1.973527561164881483e+00
8.837999999999999545e+01,-2.327129316892738498e+00
8.840000000000000568e+01,-2.704709967495909417e+00
8.842000000000000171e+01,-3.072709418471091691e+00
8.843999999999999773e+01,-3.388647171448026185e+00
8.846000000000000796e+01,-3.611437352055176575e+00
8.848000000000000398e+01,-3.712267284888706165e+00
8.850000000000000000e+01,-3.680491621311478667e+00
8.851999999999999602e+01,-3.523228207400799672e+00
8.854000000000000625e+01,-3.261385576891496996e+00
8.856000000000000227e+01,-2.924600876058434107e+00
8.857999999999999829e+01,-2.545826587986391054e+00
8.860000000000000853e+01,-2.156269324869315440e+00
8.862000000000000455e+01,-1.781819580251393864e+00
8.864000000000000057e+01,-1.441520324631858641e+00
8.865999999999999659e+01,-1.147599588357868017e+00
8.868000000000000682e+01,-9.060586039065942066e-01
8.870000000000000284e+01,-7.171058000655154974e-01
8.871999999999999886e+01,-5.757881317882584948e-01
8.873999999999999488e+01,-4.738161702956923405e-01
8.876000000000000512e+01,-4.023103357215334630e-01
8.878000000000000114e+01,-3.538137778975498637e-01
8.879999999999999716e+01,-3.228337413474777762e-01
8.882000000000000739e+01,-3.055416877016866040e-01
8.884000000000000341e+01,-2.993331770607847719e-01
8.885999999999999943e+01,-3.025019886370547972e-01
8.887999999999999545e+01,-3.140402022745292787e-01
8.890000000000000568e+01,-3.335292887245147053e-01
8.892000000000000171e+01,-3.610948882303834373e-01
8.893999999999999773e+01,-3.974231009090494759e-01
8.896000000000000796e+01,-4.438417066498399066e-01
8.898000000000000398e+01,-5.024821617028788490e-01
8.900000000000000000e+01,-5.765454458155097051e-01
8.901999999999999602e+01,-6.706850963189457948e-01
8.904000000000000625e+01,-7.914883336883984377e-01
8.906000000000000227e+01,-9.479329396092344151e-01
8.907999999999999829e+01,-1.151479030521126656e+00
8.910000000000000853e+01,-1.415090703462613009e+00
8.912000000000000455e+01,-1.750107564734394439e+00
8.914000000000000057e+01,-2.160027322807180905e+00
8.915999999999999659e+01,-2.631871129901981909e+00
8.918000000000000682e+01,-3.129281762546306744e+00
8.920000000000000284e+01,-3.594442326158017842e+00
8.921999999999999886e+01,-3.962831409454621756e+00
8.923999999999999488e+01,-4.184248080258310409e+00
8.926000000000000512e+01,-4.236056118095802070e+00
8.928000000000000114e+01,-4.122412843826829487e+00
8.929999999999999716e+01,-3.867068852648507971e+00
8.932000000000000739e+01,-3.507197741153830872e+00
8.934000000000000341e+01,-3.087092262862099368e+00
8.935999999999999943e+01,-2.650339066397295440e+00
8.937999999999999545e+01,-2.233244113575193257e+00
8.940000000000000568e+01,-1.862009454770978678e+00
8.942000000000000171e+01,-1.553459173568380258e+00
8.943999999999999773e+01,-1.317581008616217630e+00
8.946000000000000796e+01,-1.159749188258144326e+00
8.948000000000000398e+01,-1.080532034967278898e+00
8.950000000000000000e+01,-1.073339797539174967e+00
8.951999999999999602e+01,-1.124978924109016232e+00
8.954000000000000625e+01,-1.221682857019001922e+00
8.956000000000000227e+01,-1.354731860715825409e+00
8.957999999999999829e+01,-1.521574370294723089e+00
8.960000000000000853e+01,-1.724404842916791303e+00
8.962000000000000455e+01,-1.968637140040446321e+00
8.964000000000000057e+01,-2.262036699818450902e+00
8.965999999999999659e+01,-2.614434804443149574e+00
8.968000000000000682e+01,-3.037801417317337105e+00
8.970000000000000284e+01,-3.546502008675082696e+00
8.971999999999999886e+01,-4.157617001629403397e+00
8.973999999999999488e+01,-4.891216335366763701e+00
8.976000000000000512e+01,-5.770449203990683174e+00
8.978000000000000114e+01,-6.821222489013399226e+00
8.979999999999999716e+01,-8.071086665102029656e+00
8.982000000000000739e+01,-9.546701219927667736e+00
8.984000000000000341e+01,-1.126891146544014966e+01
8.985999999999999943e+01,-1.324408675012276504e+01
8.987999999999999545e+01,-1.545019593174877492e+01
8.990000000000000568e+01,-1.781677461602360424e+01
8.992000000000000171e+01,-2.020076511325342850e+01
8.993999999999999773e+01,-2.236688087299486938e+01
8.996000000000000796e+01,-2.399174133116429175e+01
8.998000000000000398e+01,-2.471884589696279733e+01
9.000000000000000000e+01,-2.427848257858391179e+01
9.001999999999999602e+01,-2.263574385193431127e+01
9.004000000000000625e+01,-2.006564276357429222e+01
9.006000000000000227e+01,-1.706175281044091818e+01
9.007999999999999829e+01,-1.411162991060687055e+01
9.010000000000000853e+01,-1.150540642694520344e+01
9.012000000000000455e+01,-9.312037000392720643e+00
9.014000000000000057e+01,-7.485107744502495386e+00
9.015999999999999659e+01,-5.965648904201912295e+00
9.018000000000000682e+01,-4.719051940547142721e+00
9.020000000000000284e+01,-3.729410394449997668e+00
9.021999999999999886e+01,-2.984756230295392943e+00
9.023999999999999488e+01,-2.465310003267285666e+00
9.026000000000000512e+01,-2.137706976743397380e+00
9.028000000000000114e+01,-1.959381820846461508e+00
9.029999999999999716e+01,-1.890562618083149626e+00
9.032000000000000739e+01,-1.902811297920535161e+00
9.034000000000000341e+01,-1.979615122457534016e+00
9.035999999999999943e+01,-2.113164339538422087e+00
9.037999999999999545e+01,-2.301203031946698729e+00
9.040000000000000568e+01,-2.544997288890688214e+00
9.042000000000000171e+01,-2.848188565534686578e+00
9.043999999999999773e+01,-3.216109773941766115e+00
9.046000000000000796e+01,-3.655236084319905210e+00
9.048000000000000398e+01,-4.172512919935866371e+00
9.050000000000000000e+01,-4.774321842230897950e+00
9.051999999999999602e+01,-5.464815395277163645e+00
9.054000000000000625e+01,-6.243313099009207612e+00
9.056000000000000227e+01,-7.100445955366422091e+00
9.057999999999999829e+01,-8.012897969545958787e+00
9.060000000000000853e+01,-8.937099469216310155e+00
9.062000000000000455e+01,-9.803352603181393121e+00
9.064000000000000057e+01,-1.051372242719692451e+01
9.065999999999999659e+01,-1.094905473786678840e+01
9.068000000000000682e+01,-1.099067908984550179e+01
9.070000000000000284e+01,-1.055735814237610803e+01
9.071999999999999886e+01,-9.646248801692749453e+00
9.073999999999999488e+01,-8.354305539745574549e+00
9.076000000000000512e+01,-6.858583951535186962e+00
9.078000000000000114e+01,-5.358510438955225830e+00
9.079999999999999716e+01,-4.012691000288588050e+00
9.082000000000000739e+01,-2.905993346625531881e+00
9.084000000000000341e+01,-2.055282158710855178e+00
9.085999999999999943e+01,-1.435347977777443385e+00
9.087999999999999545e+01,-1.003944463652203689e+00
9.090000000000000568e+01,-7.173353337236221261e-01
9.092000000000000171e+01,-5.374173617140014514e-01
9.093999999999999773e+01,-4.339233374205367921e-01
9.096000000000000796e+01,-3.843511204520775881e-01
9.098000000000000398e+01,-3.730971697983322954e-01
9.100000000000000000e+01,-3.904671689206067331e-01
9.101999999999999602e+01,-4.315796276752011384e-01
9.104000000000000625e+01,-4.946613692342955448e-01
9.106000000000000227e+01,-5.787786983558541598e-01
9.107999999999999829e+01,-6.825796960922216883e-01
9.110000000000000853e+01,-8.049847039326953890e-01
9.112000000000000455e+01,-9.464252274025087841e-01
9.114000000000000057e+01,-1.109330779101020514e+00
9.115999999999999659e+01,-1.297979831087188618e+00
9.118000000000000682e+01,-1.518221492135773509e+00
9.120000000000000284e+01,-1.777311971935221502e+00
9.121999999999999886e+01,-2.083887958985729316e+00
9.123999999999999488e+01,-2.448013940295636459e+00
9.126000000000000512e+01,-2.881216206863385310e+00
9.128000000000000114e+01,-3.396383775112429504e+00
9.129999999999999716e+01,-4.007369723959476993e+00
9.132000000000000739e+01,-4.728020279333736475e+00
9.134000000000000341e+01,-5.570220494551155532e+00
9.135999999999999943e+01,-6.540346067344640524e+00
9.137999999999999545e+01,-7.633336535698122205e+00
9.140000000000000568e+01,-8.823637181138163754e+00
9.142000000000000171e+01,-1.005295576491643672e+01
9.143999999999999773e+01,-1.121695307654763774e+01
9.146000000000000796e+01,-1.215747364063158464e+01
9.148000000000000398e+01,-1.267306961298740475e+01
9.150000000000000000e+01,-1.256308337129693342e+01
9.151999999999999602e+01,-1.170810879969924834e+01
9.154000000000000625e+01,-1.015533213757650266e+01
9.156000000000000227e+01,-8.143452373114278942e+00
9.157999999999999829e+01,-6.021449121436307728e+00
9.160000000000000853e+01,-4.101839767765614653e+00
9.162000000000000455e+01,-2.555078143009839930e+00
9.164000000000000057e+01,-1.407004582460470887e+00
9.165999999999999659e+01,-6.009450355511978259e-01
9.168000000000000682e+01,-5.599595905936040341e-02
9.170000000000000284e+01,3.039815284485537505e-01
9.171999999999999886e+01,5.419082206566860904e-01
9.173999999999999488e+01,7.076774595940783508e-01
9.176000000000000512e+01,8.404978098506233897e-01
9.178000000000000114e+01,9.696345620425578238e-01
9.179999999999999716e+01,1.112506233460393457e+00
9.182000000000000739e+01,1.274467392607074423e+00
9.184000000000000341e+01,1.454199371463733348e+00
9.185999999999999943e+01,1.650522483900656701e+00
9.187999999999999545e+01,1.865594446183388433e+00
9.190000000000000568e+01,2.104876642847030244e+00
9.192000000000000171e+01,2.376107833729770746e+00
9.193999999999999773e+01,2.688474300487948110e+00
9.196000000000000796e+01,3.052198050821353537e+00
9.198000000000000398e+01,3.478407430138291456e+00
9.200000000000000000e+01,3.979092652654753426e+00
9.201999999999999602e+01,4.566951322073771635e+00
9.204000000000000625e+01,5.254925673580337353e+00
9.206000000000000227e+01,6.055183720341740461e+00
9.207999999999999829e+01,6.977221330524622900e+00
9.210000000000000853e+01,8.024679502048293500e+00
9.212000000000000455e+01,9.190456648057111266e+00
9.214000000000000057e+01,1.044992565432160170e+01
9.215999999999999659e+01,1.175281644882203658e+01
9.218000000000000682e+01,1.301595500505267999e+01
9.220000000000000284e+01,1.412158377759635641e+01
9.221999999999999886e+01,1.492825691107699626e+01
9.223999999999999488e+01,1.530003691999738535e+01
9.226000000000000512e+01,1.515078113298790008e+01
9.228000000000000114e+01,1.448469712441936608e+01
9.229999999999999716e+01,1.340487011388695571e+01
9.232000000000000739e+01,1.207539996622447021e+01
9.234000000000000341e+01,1.065719001871332061e+01
9.235999999999999943e+01,9.259963490269699449e+00
9.237999999999999545e+01,7.936483103652100191e+00
9.240000000000000568e+01,6.706427960940105848e+00
9.242000000000000171e+01,5.580237725838910201e+00
9.243999999999999773e+01,4.568207747642008876e+00
9.246000000000000796e+01,3.679046881062697505e+00
9.248000000000000398e+01,2.916404024843024967e+00
9.250000000000000000e+01,2.277451069470703970e+00
9.251999999999999602e+01,1.753667187980594511e+00
9.254000000000000625e+01,1.332701443998718149e+00
9.256000000000000227e+01,1.000365813096034007e+00
9.257999999999999829e+01,7.422852878375981733e-01
9.260000000000000853e+01,5.450846053091115140e-01
9.262000000000000455e+01,3.971779067085385861e-01
9.264000000000000057e+01,2.892858045199037109e-01
9.265999999999999659e+01,2.146861430555786765e-01
9.268000000000000682e+01,1.687182695060001347e-01
9.270000000000000284e+01,1.468166054848219215e-01
9.271999999999999886e+01,1.428936214593738985e-01
9.273999999999999488e+01,1.510358182358826074e-01
9.276000000000000512e+01,1.675928345055016921e-01
9.278000000000000114e+01,1.910801989808170731e-01
9.279999999999999716e+01,2.213491594347847535e-01
9.282000000000000739e+01,2.590396940821602656e-01
9.284000000000000341e+01,3.053416073477403514e-01
9.285999999999999943e+01,3.619261222511117593e-01
9.287999999999999545e+01,4.309656168888340022e-01
9.290000000000000568e+01,5.152063691742273521e-01
9.292000000000000171e+01,6.180806512695529165e-01
9.293999999999999773e+01,7.438574235933419487e-01
9.296000000000000796e+01,8.978333956561728169e-01
9.298000000000000398e+01,1.086570352734264722e+00
9.300000000000000000e+01,1.318184760855517279e+00
9.301999999999999602e+01,1.602693894009944886e+00
9.304000000000000625e+01,1.952418164911937648e+00
9.306000000000000227e+01,2.382426025783520807e+00
9.307999999999999829e+01,2.910981953664542043e+00
9.310000000000000853e+01,3.559905369583521217e+00
9.312000000000000455e+01,4.354650225555602994e+00
9.314000000000000057e+01,5.323734397150625242e+00
9.315999999999999659e+01,6.496841999955174529e+00
9.318000000000000682e+01,7.900433738789681470e+00
9.320000000000000284e+01,9.549056351956304312e+00
9.321999999999999886e+01,1.143000198173420578e+01
9.323999999999999488e+01,1.347951838691518489e+01
9.326000000000000512e+01,1.555269558782529060e+01
9.328000000000000114e+01,1.739989886757077642e+01
9.329999999999999716e+01,1.868035893531080660e+01
9.332000000000000739e+01,1.905304720011730879e+01
9.334000000000000341e+01,1.834844770728723873e+01
9.335999999999999943e+01,1.672536973834390750e+01
9.337999999999999545e+01,1.464834022239349842e+01
9.340000000000000568e+01,1.263322121400684317e+01
9.342000000000000171e+01,1.095343498740435706e+01
9.343999999999999773e+01,9.592136701188779924e+00
9.346000000000000796e+01,8.445977149024415098e+00
9.348000000000000398e+01,7.484083697274832581e+00
9.350000000000000000e+01,6.738816096458465132e+00
9.351999999999999602e+01,6.239281309887406479e+00
9.354000000000000625e+01,5.975832623772316943e+00
9.356000000000000227e+01,5.907168934595094179e+00
9.357999999999999829e+01,5.985595393094788719e+00
9.360000000000000853e+01,6.174787768461680315e+00
9.362000000000000455e+01,6.453760484128571839e+00
9.364000000000000057e+01,6.813407677708736898e+00
9.365999999999999659e+01,7.251656156769161754e+00
9.368000000000000682e+01,7.769558223951473330e+00
9.370000000000000284e+01,8.368533176914372262e+00
9.371999999999999886e+01,9.048329848898490013e+00
9.373999999999999488e+01,9.805251399291414316e+00
9.376000000000000512e+01,1.063032466134406384e+01
9.378000000000000114e+01,1.150728720954685436e+01
9.379999999999999716e+01,1.241049796473279443e+01
9.382000000000000739e+01,1.330317232833883168e+01
9.384000000000000341e+01,1.413668749162401816e+01
9.385999999999999943e+01,1.485201426552085557e+01
9.387999999999999545e+01,1.538439401626638947e+01
9.390000000000000568e+01,1.567187494371415468e+01
9.392000000000000171e+01,1.566700253660112629e+01
9.393999999999999773e+01,1.534900379925580438e+01
9.396000000000000796e+01,1.473216073684212013e+01
9.398000000000000398e+01,1.386619425687401730e+01
9.400000000000000000e+01,1.282722057421972117e+01
9.401999999999999602e+01,1.170214333501994197e+01
9.404000000000000625e+01,1.057244044893490198e+01
9.406000000000000227e+01,9.502960618784355162e+00
9.407999999999999829e+01,8.538011493332138713e+00
9.410000000000000853e+01,7.703356326947059074e+00
9.412000000000000455e+01,7.011012421070890177e+00
9.414000000000000057e+01,6.464159127486745149e+00
9.415999999999999659e+01,6.060797712668742676e+00
9.418000000000000682e+01,5.795957847227424686e+00
9.420000000000000284e+01,5.662865271232132791e+00
9.421999999999999886e+01,5.653664701833556627e+00
9.423999999999999488e+01,5.760155881036245873e+00
9.426000000000000512e+01,5.974668274969786808e+00
9.428000000000000114e+01,6.290882159552221076e+00
9.429999999999999716e+01,6.704302630272779062e+00
9.432000000000000739e+01,7.212203142825312163e+00
9.434000000000000341e+01,7.813012319692373531e+00
9.435999999999999943e+01,8.505195468246467883e+00
9.437999999999999545e+01,9.285674929895664675e+00
9.440000000000000568e+01,1.014780072636906461e+01
9.442000000000000171e+01,1.107888803471760220e+01
9.443999999999999773e+01,1.205742924263525495e+01
9.446000000000000796e+01,1.305030326002174590e+01
9.448000000000000398e+01,1.401066062990618732e+01
9.450000000000000000e+01,1.487760956710697258e+01
9.451999999999999602e+01,1.557918412182493562e+01
9.454000000000000625e+01,1.603995624938582054e+01
9.456000000000000227e+01,1.619358098033728766e+01
9.457999999999999829e+01,1.599831164417685692e+01
9.460000000000000853e+01,1.545077425895647316e+01
9.462000000000000455e+01,1.459186746281682723e+01
9.464000000000000057e+01,1.350058416750913182e+01
9.465999999999999659e+01,1.227687940843486558e+01
9.468000000000000682e+01,1.102033353441431274e+01
9.470000000000000284e+01,9.813082282763691211e+00
9.471999999999999886e+01,8.712068102937276848e+00
9.473999999999999488e+01,7.750144123961658416e+00
9.476000000000000512e+01,6.942042721475613298e+00
9.478000000000000114e+01,6.291101449105872767e+00
9.479999999999999716e+01,5.794439068757128553e+00
9.482000000000000739e+01,5.446049427014084010e+00
9.484000000000000341e+01,5.238258598814915068e+00
9.485999999999999943e+01,5.162328613194256732e+00
9.487999999999999545e+01,5.208957012653730345e+00
9.490000000000000568e+01,5.369086782817383607e+00
9.492000000000000171e+01,5.634949253309066819e+00
9.493999999999999773e+01,6.000941954314977345e+00
9.496000000000000796e+01,6.463985101419806867e+00
9.498000000000000398e+01,7.023239746890030055e+00
9.500000000000000000e+01,7.679247246695938500e+00
9.501999999999999602e+01,8.432574056616926939e+00
9.504000000000000625e+01,9.281981107031786138e+00
9.506000000000000227e+01,1.022207336329913119e+01
9.507999999999999829e+01,1.124038706075121041e+01
9.510000000000000853e+01,1.231398860626369363e+01
9.512000000000000455e+01,1.340594009326428093e+01
9.514000000000000057e+01,1.446246744162020370e+01
9.515999999999999659e+01,1.541230243212582884e+01
9.518000000000000682e+01,1.617021782068579938e+01
9.520000000000000284e+01,1.664668474126811759e+01
9.521999999999999886e+01,1.676411072074735742e+01
9.523999999999999488e+01,1.647689394070406266e+01
9.526000000000000512e+01,1.578858647819174266e+01
9.528000000000000114e+01,1.475764864224461981e+01
9.529999999999999716e+01,1.348662433232692592e+01
9.532000000000000739e+01,1.209768756159255609e+01
9.534000000000000341e+01,1.070510368541205892e+01
9.535999999999999943e+01,9.396042121347987219e+00
9.537999999999999545e+01,8.224823181941637529e+00
9.540000000000000568e+01,7.217830601050929218e+00
9.542000000000000171e+01,6.382740723706658237e+00
9.543999999999999773e+01,5.716998827175128639e+00
9.546000000000000796e+01,5.213471583468929360e+00
9.548000000000000398e+01,4.863328651076812115e+00
9.550000000000000000e+01,4.657022909048374792e+00
9.551999999999999602e+01,4.584403838373315665e+00
9.554000000000000625e+01,4.634913712053911006e+00
9.556000000000000227e+01,4.798399171357700332e+00
9.557999999999999829e+01,5.066382209115396051e+00
9.560000000000000853e+01,5.433186662430109060e+00
9.562000000000000455e+01,5.896428161137684754e+00
9.564000000000000057e+01,6.456761563404488591e+00
9.565999999999999659e+01,7.117022401732321590e+00
9.568000000000000682e+01,7.880898820643345459e+00
9.570000000000000284e+01,8.751149962069415977e+00
9.571999999999999886e+01,9.727269347780037378e+00
9.574000000000000909e+01,1.080244219581839182e+01
9.576000000000000512e+01,1.195970758884803864e+01
9.578000000000000114e+01,1.316747261316454498e+01
9.579999999999999716e+01,1.437501882113479290e+01
9.582000000000000739e+01,1.550944058701534267e+01
9.584000000000000341e+01,1.647643103310855395e+01
9.585999999999999943e+01,1.716795544615947477e+01
9.587999999999999545e+01,1.747907702167071164e+01
9.590000000000000568e+01,1.733286984745350523e+01
9.592000000000000171e+01,1.670662278360433106e+01
9.593999999999999773e+01,1.564748928804098327e+01
9.596000000000000796e+01,1.426678526203146191e+01
9.598000000000000398e+01,1.271198018305984867e+01
9.600000000000000000e+01,1.112862534433138251e+01
9.601999999999999602e+01,9.630120055557805259e+00
9.604000000000000625e+01,8.286221226038493981e+00
9.606000000000000227e+01,7.128475442459046185e+00
9.607999999999999829e+01,6.163231825523709517e+00
9.610000000000000853e+01,5.383928500006985196e+00
9.612000000000000455e+01,4.779201614626233052e+00
9.614000000000000057e+01,4.336952801761688292e+00
9.615999999999999659e+01,4.045646268247410582e+00
9.618000000000000682e+01,3.894062619574908179e+00
9.620000000000000284e+01,3.870669188613523826e+00
9.621999999999999886e+01,3.963686494243743308e+00
9.624000000000000909e+01,4.162267662456325290e+00
9.626000000000000512e+01,4.458189836635775727e+00
9.628000000000000114e+01,4.847092947906233462e+00
9.629999999999999716e+01,5.328796654085947715e+00
9.632000000000000739e+01,5.906816692223799237e+00
9.634000000000000341e+01,6.587378667574509628e+00
9.635999999999999943e+01,7.378091015053144019e+00
9.637999999999999545e+01,8.286233552339716368e+00
9.640000000000000568e+01,9.316460800224884764e+00
9.642000000000000171e+01,1.046763709399973763e+01
9.643999999999999773e+01,1.172853558696674980e+01
9.646000000000000796e+01,1.307232236195090458e+01
9.648000000000000398e+01,1.445024112662297533e+01
9.650000000000000000e+01,1.578587972441939513e+01
9.651999999999999602e+01,1.697285647417054477e+01
9.654000000000000625e+01,1.788026557276712580e+01
9.656000000000000227e+01,1.837040790407290558e+01
9.657999999999999829e+01,1.833005161281776196e+01
9.660000000000000853e+01,1.770847871771213278e+01
9.662000000000000455e+01,1.654595055940532333e+01
9.664000000000000057e+01,1.497369901977794093e+01
9.665999999999999659e+01,1.317888096287809141e+01
9.668000000000000682e+01,1.134996301978903510e+01
9.670000000000000284e+01,9.631039183193216502e+00
9.671999999999999886e+01,8.104634400077589618e+00
9.674000000000000909e+01,6.801017263210241914e+00
9.676000000000000512e+01,5.718492742797845807e+00
9.678000000000000114e+01,4.841197815941749916e+00
9.679999999999999716e+01,4.149776497920431240e+00
9.682000000000000739e+01,3.626225564914049126e+00
9.684000000000000341e+01,3.255367016105788824e+00
9.685999999999999943e+01,3.024448632658327973e+00
9.687999999999999545e+01,2.921671866687611363e+00
9.690000000000000568e+01,2.934749422241600403e+00
9.692000000000000171e+01,3.050926448158880255e+00
9.693999999999999773e+01,3.258802865521455594e+00
9.696000000000000796e+01,3.550615073202173733e+00
9.698000000000000398e+01,3.923533277740038461e+00
9.700000000000000000e+01,4.379709300076905620e+00
9.701999999999999602e+01,4.925587565377130161e+00
9.704000000000000625e+01,5.570965031116148047e+00
9.706000000000000227e+01,6.327965460011586885e+00
9.707999999999999829e+01,7.209826983310319903e+00
9.710000000000000853e+01,8.229231227844774565e+00
9.712000000000000455e+01,9.395787478759601186e+00
9.714000000000000057e+01,1.071219272997075045e+01
9.715999999999999659e+01,1.216858312306389323e+01
9.718000000000000682e+01,1.373479356517830396e+01
9.720000000000000284e+01,1.535093364236903213e+01
9.721999999999999886e+01,1.691821078461995143e+01
9.724000000000000909e+01,1.829448252988182233e+01
9.726000000000000512e+01,1.930192100358949858e+01
9.728000000000000114e+01,1.975486199171784918e+01
9.729999999999999716e+01,1.950991513400778032e+01
9.732000000000000739e+01,1.852508777828925091e+01
9.734000000000000341e+01,1.689711318005768348e+01
9.735999999999999943e+01,1.484545372117075068e+01
9.737999999999999545e+01,1.264091355182679166e+01
9.740000000000000568e+01,1.051790388321412628e+01
9.742000000000000171e+01,8.620969680456973094e+00
9.743999999999999773e+01,7.004462931761020528e+00
9.746000000000000796e+01,5.664446653143880184e+00
9.748000000000000398e+01,4.571986851500378535e+00
9.750000000000000000e+01,3.693094126382653553e+00
9.751999999999999602e+01,2.996653592734853433e+00
9.754000000000000625e+01,2.456397413987342127e+00
9.756000000000000227e+01,2.051069277839350669e+00
9.757999999999999829e+01,1.764277440819817633e+00
9.760000000000000853e+01,1.583899171186669674e+00
9.762000000000000455e+01,1.500276144264424572e+00
9.764000000000000057e+01,1.503378745136103589e+00
9.765999999999999659e+01,1.581361618733984953e+00
9.768000000000000682e+01,1.722507568194304728e+00
9.770000000000000284e+01,1.918570910088811310e+00
9.771999999999999886e+01,2.166522259271667306e+00
9.774000000000000909e+01,2.468390431138915542e+00
9.776000000000000512e+01,2.830389707807871247e+00
9.778000000000000114e+01,3.262155340324398356e+00
9.779999999999999716e+01,3.776297612244579938e+00
9.782000000000000739e+01,4.388194743465898107e+00
9.784000000000000341e+01,5.115854353449496017e+00
9.785999999999999943e+01,5.979630025244027536e+00
9.787999999999999545e+01,7.001512866978346850e+00
9.790000000000000568e+01,8.203579156295942809e+00
9.792000000000000171e+01,9.604983224249410867e+00
9.793999999999999773e+01,1.121661922256221544e+01
9.796000000000000796e+01,1.303236947420036884e+01
9.798000000000000398e+01,1.501596423195953456e+01
9.800000000000000000e+01,1.708354780885868252e+01
9.801999999999999602e+01,1.908510501837507078e+01
9.804000000000000625e+01,2.079391210173271176e+01
9.806000000000000227e+01,2.192096908013996526e+01
9.807999999999999829e+01,2.217390773621771416e+01
9.810000000000000853e+01,2.136326486714985862e+01
9.812000000000000455e+01,1.951598041147033413e+01
9.814000000000000057e+01,1.691456450370819908e+01
9.815999999999999659e+01,1.400289361704882651e+01
9.818000000000000682e+01,1.120241986331724249e+01
9.820000000000000284e+01,8.767812255682621014e+00
9.821999999999999886e+01,6.769518670477236988e+00
9.824000000000000909e+01,5.168788798810807883e+00
9.826000000000000512e+01,3.895971982705415115e+00
9.828000000000000114e+01,2.888529458644022885e+00
9.829999999999999716e+01,2.098325039458372121e+00
9.832000000000000739e+01,1.488207903179542324e+00
9.834000000000000341e+01,1.027661697656730988e+00
9.835999999999999943e+01,6.892852335947647902e-01
9.837999999999999545e+01,4.462205051263301026e-01
9.840000000000000568e+01,2.723431539373658006e-01
9.842000000000000171e+01,1.457281474302176694e-01
9.843999999999999773e+01,5.112504851480641904e-02
9.846000000000000796e+01,-2.113509522512725669e-02
9.848000000000000398e+01,-7.747248743014573114e-02
9.850000000000000000e+01,-1.226060347985999111e-01
9.851999999999999602e+01,-1.602512236402966472e-01
9.854000000000000625e+01,-1.934209846332952676e-01
9.856000000000000227e+01,-2.246016463942441810e-01
9.857999999999999829e+01,-2.559039277159718684e-01
9.860000000000000853e+01,-2.892111763044402095e-01
9.862000000000000455e+01,-3.263355551620962802e-01
9.864000000000000057e+01,-3.691894462711978186e-01
9.865999999999999659e+01,-4.199886730080104047e-01
9.868000000000000682e+01,-4.815134449210417555e-01
9.870000000000000284e+01,-5.574536364450128900e-01
9.871999999999999886e+01,-6.528646195729712609e-01
9.874000000000000909e+01,-7.747202613619914580e-01
9.876000000000000512e+01,-9.324471203170188183e-01
9.878000000000000114e+01,-1.138091567943072091e+00
9.879999999999999716e+01,-1.405379425285304018e+00
9.882000000000000739e+01,-1.746507103211269785e+00
9.884000000000000341e+01,-2.165618122269157286e+00
9.885999999999999943e+01,-2.649622593267928039e+00
9.887999999999999545e+01,-3.160796711150247518e+00
9.890000000000000568e+01,-3.638848955814625086e+00
9.892000000000000171e+01,-4.016786725550489656e+00
9.893999999999999773e+01,-4.243270241484449201e+00
9.896000000000000796e+01,-4.296102703066862816e+00
9.898000000000000398e+01,-4.180601937146122715e+00
9.900000000000000000e+01,-3.921809167521134842e+00
9.901999999999999602e+01,-3.558442034874522708e+00
9.904000000000000625e+01,-3.136629222973001951e+00
9.906000000000000227e+01,-2.701815186182158879e+00
9.907999999999999829e+01,-2.292051211516645814e+00
9.910000000000000853e+01,-1.935350437151723835e+00
9.912000000000000455e+01,-1.650619272043122976e+00
9.914000000000000057e+01,-1.449755580949331879e+00
9.915999999999999659e+01,-1.337993006470299173e+00
9.918000000000000682e+01,-1.311549555080288032e+00
9.920000000000000284e+01,-1.357242821341738237e+00
9.921999999999999886e+01,-1.458681191461149718e+00
9.924000000000000909e+01,-1.603890720118274382e+00
9.926000000000000512e+01,-1.788048934024158543e+00
9.928000000000000114e+01,-2.012330753115198156e+00
9.929999999999999716e+01,-2.282017416129080711e+00
9.932000000000000739e+01,-2.605234564656586205e+00
9.934000000000000341e+01,-2.992406187279365248e+00
9.935999999999999943e+01,-3.456177291475946767e+00
9.937999999999999545e+01,-4.011572461733531547e+00
9.940000000000000568e+01,-4.676214775030563153e+00
9.942000000000000171e+01,-5.470450260061692660e+00
9.943999999999999773e+01,-6.417186851106159828e+00
9.946000000000000796e+01,-7.541158790053616556e+00
9.948000000000000398e+01,-8.867153141893684420e+00
9.950000000000000000e+01,-1.041648310528736943e+01
9.951999999999999602e+01,-1.220067987188715009e+01
9.954000000000000625e+01,-1.421114877522554742e+01
9.956000000000000227e+01,-1.640376154361863215e+01
9.957999999999999829e+01,-1.867886908147837843e+01
9.960000000000000853e+01,-2.086129427226202182e+01
9.962000000000000455e+01,-2.269238618513985628e+01
9.964000000000000057e+01,-2.385473211205013300e+01
9.965999999999999659e+01,-2.404936176651512270e+01
9.968000000000000682e+01,-2.311880832991394996e+01
9.970000000000000284e+01,-2.115653243519527393e+01
9.971999999999999886e+01,-1.851035685180840673e+01
9.974000000000000909e+01,-1.564226180936366362e+01
9.976000000000000512e+01,-1.293064113443715257e+01
9.978000000000000114e+01,-1.055979963008258693e+01
9.979999999999999716e+01,-8.551425746233876524e+00
9.982000000000000739e+01,-6.861020512391927006e+00
9.984000000000000341e+01,-5.444774824968256155e+00
9.985999999999999943e+01,-4.276659162567788108e+00
9.987999999999999545e+01,-3.341968495707226428e+00
9.990000000000000568e+01,-2.628350623919317286e+00
9.992000000000000171e+01,-2.119124480431848312e+00
9.993999999999999773e+01,-1.788222154699979027e+00
9.996000000000000796e+01,-1.600099072061575978e+00
9.998000000000000398e+01,-1.517812080324363100e+00
1.000000000000000000e+02,-1.512488135003814849e+00
1.000199999999999960e+02,-1.566335447818593130e+00
1.000400000000000063e+02,-1.670498070329602625e+00
1.000600000000000023e+02,-1.822016246489104097e+00
1.000799999999999983e+02,-2.021701508361204436e+00
1.001000000000000085e+02,-2.272960600738024528e+00
1.001200000000000045e+02,-2.581195309160765561e+00
1.001400000000000006e+02,-2.953458692898386140e+00
1.001599999999999966e+02,-3.398141831034626748e+00
1.001800000000000068e+02,-3.924494237498594273e+00
1.002000000000000028e+02,-4.541767244253032132e+00
1.002199999999999989e+02,-5.257697404809397845e+00
1.002400000000000091e+02,-6.075956203473103834e+00
1.002600000000000051e+02,-6.992115614307250482e+00
1.002800000000000011e+02,-7.987727888889740946e+00
1.002999999999999972e+02,-9.022527196154806362e+00
1.003200000000000074e+02,-1.002590756392671878e+01
1.003400000000000034e+02,-1.089110724360112492e+01
1.003599999999999994e+02,-1.147871696427736765e+01
1.003799999999999955e+02,-1.163814668831994226e+01
1.004000000000000057e+02,-1.125166884249200905e+01
1.004200000000000017e+02,-1.029088934998712013e+01
1.004399999999999977e+02,-8.854982265669649522e+00
1.004600000000000080e+02,-7.155303194330242533e+00
1.004800000000000040e+02,-5.441898455885129771e+00
1.005000000000000000e+02,-3.915052148618632710e+00
1.005199999999999960e+02,-2.677471567811861686e+00
1.005400000000000063e+02,-1.743052976678996169e+00
1.005600000000000023e+02,-1.074260488219566989e+00
1.005799999999999983e+02,-6.158918110921099975e-01
1.006000000000000085e+02,-3.139843374163772682e-01
1.006200000000000045e+02,-1.232121203364156536e-01
1.006400000000000006e+02,-8.373265845923717754e-03
1.006599999999999966e+02,5.654564359577302773e-02
1.006800000000000068e+02,9.006807569795471924e-02
1.007000000000000028e+02,1.049806230214412328e-01
1.007199999999999989e+02,1.098754968860168463e-01
1.007400000000000091e+02,1.104205462125037035e-01
1.007600000000000051e+02,1.103855163003171352e-01
1.007800000000000011e+02,1.124716705381628296e-01
1.007999999999999972e+02,1.188865597452531675e-01
1.008200000000000074e+02,1.313570993599730008e-01
1.008400000000000034e+02,1.505287153365150732e-01
1.008599999999999994e+02,1.758638603298100234e-01
1.008799999999999955e+02,2.066420318571623449e-01
1.009000000000000057e+02,2.428388108056395711e-01
1.009200000000000017e+02,2.852492091808296881e-01
1.009399999999999977e+02,3.352929955780450944e-01
1.009600000000000080e+02,3.948644392405387671e-01
1.009800000000000040e+02,4.662980327246135093e-01
1.010000000000000000e+02,5.524217752476937582e-01
1.010199999999999960e+02,6.566670660645449464e-01
1.010400000000000063e+02,7.832198748464948013e-01
1.010600000000000023e+02,9.372093738914369920e-01
1.010799999999999983e+02,1.124936745117772308e+00
1.011000000000000085e+02,1.354148907809602509e+00
1.011200000000000045e+02,1.634361252693331545e+00
1.011400000000000006e+02,1.977228271313840491e+00
1.011599999999999966e+02,2.396949376358804784e+00
1.011800000000000068e+02,2.910672802580984708e+00
1.012000000000000028e+02,3.538813322170750730e+00
1.012199999999999989e+02,4.305111720422651445e+00
1.012400000000000091e+02,5.236106125552816515e+00
1.012600000000000051e+02,6.359418921224174959e+00
1.012800000000000011e+02,7.699844624067891274e+00
1.012999999999999972e+02,9.271673402986424506e+00
1.013200000000000074e+02,1.106521618967718368e+01
1.013400000000000034e+02,1.302590328863167457e+01
1.013599999999999994e+02,1.502745012243267198e+01
1.013799999999999955e+02,1.684926893450715824e+01
1.014000000000000057e+02,1.818318316951649649e+01
1.014200000000000017e+02,1.870459447832405075e+01
1.014399999999999977e+02,1.821843383896810664e+01
1.014600000000000080e+02,1.681014363932276723e+01
1.014800000000000040e+02,1.486050997248915984e+01
1.015000000000000000e+02,1.285195813108200902e+01
1.015199999999999960e+02,1.109825817397642211e+01
1.015400000000000063e+02,9.646169422982872277e+00
1.015600000000000023e+02,8.416930262797164275e+00
1.015799999999999983e+02,7.369724013913661054e+00
1.016000000000000085e+02,6.527758390351627860e+00
1.016200000000000045e+02,5.926389564808585142e+00
1.016400000000000006e+02,5.570382736812913294e+00
1.016599999999999966e+02,5.427949951641146242e+00
1.016800000000000068e+02,5.451314555344934476e+00
1.017000000000000028e+02,5.598786239497806960e+00
1.017199999999999989e+02,5.843868183171968766e+00
1.017400000000000091e+02,6.173960644003849474e+00
1.017600000000000051e+02,6.585675484863750206e+00
1.017800000000000011e+02,7.080526276898941873e+00
1.017999999999999972e+02,7.661824496842237764e+00
1.018200000000000074e+02,8.332472750408703277e+00
1.018400000000000034e+02,9.093142128166599392e+00
1.018599999999999994e+02,9.940403447705117301e+00
1.018799999999999955e+02,1.086453859720419146e+01
1.019000000000000057e+02,1.184695421649315250e+01
1.019200000000000017e+02,1.285739053087406170e+01
1.019399999999999977e+02,1.385150110941270007e+01
1.019600000000000080e+02,1.476987154355757070e+01
1.019800000000000040e+02,1.554000464455928743e+01
1.020000000000000000e+02,1.608288698514000004e+01
1.020199999999999960e+02,1.632494021272975360e+01
1.020400000000000063e+02,1.621404826667746590e+01
1.020600000000000023e+02,1.573534554849622680e+01
1.020799999999999983e+02,1.492024524634233806e+01
1.021000000000000085e+02,1.384318693856235249e+01
1.021200000000000045e+02,1.260565703382693847e+01
1.021400000000000006e+02,1.131358074416803738e+01
1.021599999999999966e+02,1.005740690915213342e+01
1.021800000000000068e+02,8.901603500540312908e+00
1.022000000000000028e+02,7.884282882967004191e+00
1.022199999999999989e+02,7.023063419574086197e+00
1.022400000000000091e+02,6.322449849031152702e+00
1.022600000000000051e+02,5.779795685147536943e+00
1.022800000000000011e+02,5.388986416621231790e+00
1.022999999999999972e+02,5.142203202739106693e+00
1.023200000000000074e+02,5.030575026520949677e+00
1.023400000000000034e+02,5.044564303708764186e+00
1.023599999999999994e+02,5.174657204898921670e+00
1.023799999999999955e+02,5.412414310387037020e+00
1.024000000000000057e+02,5.751497975806884710e+00
1.024200000000000017e+02,6.188238541770113343e+00
1.024399999999999977e+02,6.721544410672685821e+00
1.024600000000000080e+02,7.352194655113917676e+00
1.024800000000000040e+02,8.081617841045851236e+00
1.025000000000000000e+02,8.910199933159441699e+00
1.025199999999999960e+02,9.835079487435407941e+00
1.025400000000000063e+02,1.084735442256456928e+01
1.025600000000000023e+02,1.192869237480140576e+01
1.025799999999999983e+02,1.304755803433763717e+01
1.026000000000000085e+02,1.415569956314022271e+01
1.026200000000000045e+02,1.518617781370973141e+01
1.026400000000000006e+02,1.605492596061388966e+01
1.026599999999999966e+02,1.666813391105587172e+01
1.026800000000000068e+02,1.693687972533943409e+01
1.027000000000000028e+02,1.679765132427707286e+01
1.027199999999999989e+02,1.623308714411116682e+01
1.027400000000000091e+02,1.528384244763872779e+01
1.027600000000000051e+02,1.404372063208744414e+01
1.027800000000000011e+02,1.263762460342096716e+01
1.027999999999999972e+02,1.119145165165463673e+01
1.028200000000000074e+02,9.807253074087505240e+00
1.028400000000000034e+02,8.552275037300123728e+00
1.028599999999999994e+02,7.461402102940012604e+00
1.028799999999999955e+02,6.546549662388799540e+00
1.029000000000000057e+02,5.806541224556050373e+00
1.029200000000000017e+02,5.234209631774632498e+00
1.029399999999999977e+02,4.820291524280017725e+00
1.029600000000000080e+02,4.554925920816954132e+00
1.029800000000000040e+02,4.427832805931450899e+00
1.030000000000000000e+02,4.428237608350756638e+00
1.030199999999999960e+02,4.545352561465069385e+00
1.030400000000000063e+02,4.769564124147977147e+00
1.030600000000000023e+02,5.093787721712708105e+00
1.030799999999999983e+02,5.514323639880433170e+00
1.031000000000000085e+02,6.030929614438927722e+00
1.031200000000000045e+02,6.646201008828844792e+00
1.031400000000000006e+02,7.364444923183061320e+00
1.031599999999999966e+02,8.190129593960255860e+00
1.031800000000000068e+02,9.125843701283129050e+00
1.032000000000000028e+02,1.016960125743973364e+01
1.032199999999999989e+02,1.131131853208109916e+01
1.032400000000000091e+02,1.252841961651948033e+01
1.032600000000000051e+02,1.378087953246542874e+01
1.032800000000000011e+02,1.500668462477650777e+01
1.032999999999999972e+02,1.611969224632709086e+01
1.033200000000000074e+02,1.701292665906542112e+01
1.033400000000000034e+02,1.757063055446060318e+01
1.033599999999999994e+02,1.769053227550519480e+01
1.033799999999999955e+02,1.731280092845442908e+01
1.034000000000000057e+02,1.644537696611473976e+01
1.034200000000000017e+02,1.517180945916463308e+01
1.034399999999999977e+02,1.363325227461829847e+01
1.034600000000000080e+02,1.199039466963253986e+01
1.034800000000000040e+02,1.038363245709393468e+01
1.035000000000000000e+02,8.909431554115942120e+00
1.035199999999999960e+02,7.618182334579686632e+00
1.035400000000000063e+02,6.526013137491833760e+00
1.035600000000000023e+02,5.629597599990426637e+00
1.035799999999999983e+02,4.917363252405212215e+00
1.036000000000000085e+02,4.375805449378379564e+00
1.036200000000000045e+02,3.992102414173734015e+00
1.036400000000000006e+02,3.754462728105213198e+00
1.036599999999999966e+02,3.651362955138568012e+00
1.036800000000000068e+02,3.670861082652176144e+00
1.037000000000000028e+02,3.801003620685347695e+00
1.037199999999999989e+02,4.031390587581451079e+00
1.037400000000000091e+02,4.354939552587390850e+00
1.037600000000000051e+02,4.768885830888268451e+00
1.037800000000000011e+02,5.274790972116782939e+00
1.037999999999999972e+02,5.877851048396938616e+00
1.038200000000000074e+02,6.585818546781381677e+00
1.038400000000000034e+02,7.407638997175004292e+00
1.038599999999999994e+02,8.351690316531877656e+00
1.038799999999999955e+02,9.423366660589433508e+00
1.039000000000000057e+02,1.062167686742955475e+01
1.039200000000000017e+02,1.193455071495696629e+01
1.039399999999999977e+02,1.333276627327795971e+01
1.039600000000000080e+02,1.476298325582025228e+01
1.039800000000000040e+02,1.614149359971716535e+01
1.040000000000000000e+02,1.735199894085427985e+01
1.040199999999999960e+02,1.825243577832291919e+01
1.040400000000000063e+02,1.869591140266448548e+01
1.040600000000000023e+02,1.856661785404880760e+01
1.040799999999999983e+02,1.782191282734161675e+01
1.041000000000000085e+02,1.652091396397057466e+01
1.041200000000000045e+02,1.481876182871218361e+01
1.041400000000000006e+02,1.292227897181070340e+01
1.041599999999999966e+02,1.102834724200794270e+01
1.041800000000000068e+02,9.277882186901807771e+00
1.042000000000000028e+02,7.743800587048220940e+00
1.042199999999999989e+02,6.446190570459211955e+00
1.042400000000000091e+02,5.375717156601091951e+00
1.042600000000000051e+02,4.511751133707155859e+00
1.042800000000000011e+02,3.832190904442173807e+00
1.042999999999999972e+02,3.317477047815554858e+00
1.043200000000000074e+02,2.951622514564797406e+00
1.043400000000000034e+02,2.721636185959873000e+00
1.043599999999999994e+02,2.615857132686662201e+00
1.043799999999999955e+02,2.622152318721703512e+00
1.044000000000000057e+02,2.727625827872568021e+00
1.044200000000000017e+02,2.920462655799783480e+00
1.044399999999999977e+02,3.192460451764799867e+00
1.044600000000000080e+02,3.540506485273691162e+00
1.044800000000000040e+02,3.966662388088163738e+00
1.045000000000000000e+02,4.477472870369072488e+00
1.045199999999999960e+02,5.083076458917384244e+00
1.045400000000000063e+02,5.796323332407352424e+00
1.045600000000000023e+02,6.631815272495551916e+00
1.045799999999999983e+02,7.604616962576423944e+00
1.046000000000000085e+02,8.728262751179276080e+00
1.046200000000000045e+02,1.001157661849788028e+01
1.046400000000000006e+02,1.145372940801884099e+01
1.046599999999999966e+02,1.303700057113210597e+01
1.046800000000000068e+02,1.471710404121529159e+01
1.047000000000000028e+02,1.641208073674718548e+01
1.047199999999999989e+02,1.799308518709648297e+01
1.047400000000000091e+02,1.928387840019535915e+01
1.047600000000000051e+02,2.007883204410404332e+01
1.047800000000000011e+02,2.018732116211271332e+01
1.047999999999999972e+02,1.949986720794718664e+01
1.048200000000000074e+02,1.804921065730253460e+01
1.048400000000000034e+02,1.602465873170194044e+01
1.048599999999999994e+02,1.371570393338484095e+01
1.048799999999999955e+02,1.141028923340132373e+01
1.049000000000000057e+02,9.309832623375680072e+00
1.049200000000000017e+02,7.505325763004382367e+00
1.049399999999999977e+02,6.006044938022315094e+00
1.049600000000000080e+02,4.782130271489149820e+00
1.049800000000000040e+02,3.793807398285761412e+00
1.050000000000000000e+02,3.003781501298756762e+00
1.050199999999999960e+02,2.380134798138531238e+00
1.050400000000000063e+02,1.896117853725372893e+00
1.050600000000000023e+02,1.529668474523444566e+00
1.050799999999999983e+02,1.263313423369381017e+00
1.051000000000000085e+02,1.084196795109120925e+00
1.051200000000000045e+02,9.834191459169009386e-01
1.051400000000000006e+02,9.537100807576337491e-01
1.051599999999999966e+02,9.863063862190845077e-01
1.051800000000000068e+02,1.070592057769083061e+00
1.052000000000000028e+02,1.197304118038445608e+00
1.052199999999999989e+02,1.361423346343887841e+00
1.052400000000000091e+02,1.562644518510075242e+00
1.052600000000000051e+02,1.804542915267642877e+00
1.052800000000000011e+02,2.093713277999199818e+00
1.052999999999999972e+02,2.439294884194530333e+00
1.053200000000000074e+02,2.852853215368828188e+00
1.053400000000000034e+02,3.348492018041449914e+00
1.053599999999999994e+02,3.943074619615431597e+00
1.053799999999999955e+02,4.656436608723702797e+00
1.054000000000000057e+02,5.511435647282305617e+00
1.054200000000000017e+02,6.533597844420316214e+00
1.054399999999999977e+02,7.749966415121402719e+00
1.054600000000000080e+02,9.186496907387867950e+00
1.054800000000000040e+02,1.086299755731046801e+01
1.055000000000000000e+02,1.278419909930778786e+01
1.055199999999999960e+02,1.492534248447762657e+01
1.055400000000000063e+02,1.721134886648572504e+01
1.055600000000000023e+02,1.949158352404486294e+01
1.055799999999999983e+02,2.151931199620746682e+01
1.056000000000000085e+02,2.295642544100184068e+01
1.056200000000000045e+02,2.343283674030797314e+01
1.056400000000000006e+02,2.267635291412156207e+01
1.056599999999999966e+02,2.067300864477626021e+01
1.056800000000000068e+02,1.774611929692044043e+01
1.057000000000000028e+02,1.445046661244665565e+01
1.057199999999999989e+02,1.132156899469979905e+01
1.057400000000000091e+02,8.667659395492050223e+00
1.057600000000000051e+02,6.548194555526504423e+00
1.057800000000000011e+02,4.889419285381553237e+00
1.057999999999999972e+02,3.594977146705107707e+00
1.058200000000000074e+02,2.589662422894230431e+00
1.058400000000000034e+02,1.819964995402009844e+00
1.058599999999999994e+02,1.243481239013917161e+00
1.058799999999999955e+02,8.205582257330686913e-01
1.059000000000000057e+02,5.123121288212347801e-01
1.059200000000000017e+02,2.848721097840113403e-01
1.059399999999999977e+02,1.135958785988161052e-01
1.059600000000000080e+02,-1.758429040791918002e-02
1.059800000000000040e+02,-1.193999573909710482e-01
1.060000000000000000e+02,-1.997799445830966414e-01
1.060199999999999960e+02,-2.650681009262454424e-01
1.060400000000000063e+02,-3.205127406824979652e-01
1.060600000000000023e+02,-3.705057012619537571e-01
1.060799999999999983e+02,-4.187829139723663885e-01
1.061000000000000085e+02,-4.686374304975872707e-01
1.061200000000000045e+02,-5.231564892793232335e-01
1.061400000000000006e+02,-5.854812334191902279e-01
1.061599999999999966e+02,-6.590959758990190265e-01
1.061800000000000068e+02,-7.481430626745704249e-01
1.062000000000000028e+02,-8.577466564981472974e-01
1.062199999999999989e+02,-9.942674640249961060e-01
1.062400000000000091e+02,-1.165307367207942590e+00
1.062600000000000051e+02,-1.379117042800640958e+00
1.062800000000000011e+02,-1.642898266150597086e+00
1.062999999999999972e+02,-1.959533285771177580e+00
1.063200000000000074e+02,-2.322878700764959170e+00
1.063400000000000034e+02,-2.713175169256883734e+00
1.063599999999999994e+02,-3.095741048630580750e+00
1.063799999999999955e+02,-3.426030551340219610e+00
1.064000000000000057e+02,-3.660674774325717085e+00
1.064200000000000017e+02,-3.769236471247156661e+00
1.064399999999999977e+02,-3.740485114311844939e+00
1.064600000000000080e+02,-3.581793976984448236e+00
1.064800000000000040e+02,-3.314841930901715195e+00
1.065000000000000000e+02,-2.970336828344052993e+00
1.065199999999999960e+02,-2.582370812356234335e+00
1.065400000000000063e+02,-2.183071647139523730e+00
1.065600000000000023e+02,-1.798835086440427444e+00
1.065799999999999983e+02,-1.448806414683130983e+00
1.066000000000000085e+02,-1.145157951236714711e+00
1.066200000000000045e+02,-8.940791975004810377e-01
1.066400000000000006e+02,-6.964798532737973558e-01
1.066599999999999966e+02,-5.483021801538776607e-01
1.066800000000000068e+02,-4.415828212107948403e-01
1.067000000000000028e+02,-3.669615416315557543e-01
1.067199999999999989e+02,-3.161970956999718974e-01
1.067400000000000091e+02,-2.831672365214626952e-01
1.067600000000000051e+02,-2.636515235976362725e-01
1.067800000000000011e+02,-2.548049628761518970e-01
1.067999999999999972e+02,-2.547455027006944595e-01
1.068200000000000074e+02,-2.623000831373134556e-01
1.068400000000000034e+02,-2.768598892806760636e-01
1.068599999999999994e+02,-2.983064279822190135e-01
1.068799999999999955e+02,-3.269922428307450168e-01
1.069000000000000057e+02,-3.637769468096160308e-01
1.069200000000000017e+02,-4.101255467436922264e-01
1.069399999999999977e+02,-4.682947005207107605e-01
1.069600000000000080e+02,-5.416294418987710468e-01
1.069800000000000040e+02,-6.349981955294914382e-01
1.070000000000000000e+02,-7.553556202139378728e-01
1.070199999999999960e+02,-9.123211558577438707e-01
1.070400000000000063e+02,-1.118417597645736006e+00
1.070600000000000023e+02,-1.388189556511469247e+00
1.070799999999999983e+02,-1.734937038821693367e+00
1.071000000000000085e+02,-2.163854333370692995e+00
1.071200000000000045e+02,-2.662143472198354566e+00
1.071400000000000006e+02,-3.190824121916037814e+00
1.071599999999999966e+02,-3.686716281637858472e+00
1.071800000000000068e+02,-4.079541529139763867e+00
1.072000000000000028e+02,-4.316068949395552856e+00
1.072199999999999989e+02,-4.374171253921308455e+00
1.072400000000000091e+02,-4.260226614582716564e+00
1.072600000000000051e+02,-4.000592107794040508e+00
1.072800000000000011e+02,-3.635800506793840814e+00
1.072999999999999972e+02,-3.214438101287584448e+00
1.073200000000000074e+02,-2.784704745784765567e+00
1.073400000000000034e+02,-2.387448632698752071e+00
1.073599999999999994e+02,-2.053532261635083955e+00
1.073799999999999955e+02,-1.804422521563165072e+00
1.074000000000000057e+02,-1.652576025188856601e+00
1.074200000000000017e+02,-1.599200357223051538e+00
1.074399999999999977e+02,-1.632837133345610203e+00
1.074600000000000080e+02,-1.735090335174809262e+00
1.074800000000000040e+02,-1.890252682546086360e+00
1.075000000000000000e+02,-2.090389169440886707e+00
1.075199999999999960e+02,-2.334976402723675903e+00
1.075400000000000063e+02,-2.628740151111255141e+00
1.075600000000000023e+02,-2.979907987962277627e+00
1.075799999999999983e+02,-3.399293116628066880e+00
1.076000000000000085e+02,-3.899984588796097995e+00
1.076200000000000045e+02,-4.497349508648727401e+00
1.076400000000000006e+02,-5.209105715725853791e+00
1.076599999999999966e+02,-6.055251959164614561e+00
1.076800000000000068e+02,-7.057609267977186462e+00
1.077000000000000028e+02,-8.238626582304300783e+00
1.077199999999999989e+02,-9.618928548167289705e+00
1.077400000000000091e+02,-1.121285334740760931e+01
1.077600000000000051e+02,-1.302100626072304301e+01
1.077800000000000011e+02,-1.501886115895006668e+01
1.077999999999999972e+02,-1.714115575011476267e+01
1.078200000000000074e+02,-1.926411145582317275e+01
1.078400000000000034e+02,-2.119230308774830007e+01
1.078599999999999994e+02,-2.266391936778226324e+01
1.078799999999999955e+02,-2.339244202941988249e+01
1.079000000000000057e+02,-2.315330910714935087e+01
1.079200000000000017e+02,-2.189129669797230449e+01
1.079399999999999977e+02,-1.978309626787254061e+01
1.079600000000000080e+02,-1.718973411441868393e+01
1.079800000000000040e+02,-1.450801612494109527e+01
1.080000000000000000e+02,-1.202081770326151045e+01
1.080199999999999960e+02,-9.846269037427141768e+00
1.080400000000000063e+02,-7.987935825420324321e+00
1.080600000000000023e+02,-6.409805241276813170e+00
1.080799999999999983e+02,-5.078506241723223624e+00
1.081000000000000085e+02,-3.971530057273911840e+00
1.081200000000000045e+02,-3.072462226845937838e+00
1.081400000000000006e+02,-2.366369642180660371e+00
1.081599999999999966e+02,-1.837695267471847638e+00
1.081800000000000068e+02,-1.468427344797943235e+00
1.082000000000000028e+02,-1.235260927093888128e+00
1.082199999999999989e+02,-1.109277336446139683e+00
1.082400000000000091e+02,-1.061761177949797075e+00
1.082600000000000051e+02,-1.071075756943506097e+00
1.082800000000000011e+02,-1.124447671482558642e+00
1.082999999999999972e+02,-1.215985479021145510e+00
1.083200000000000074e+02,-1.344292739896686184e+00
1.083400000000000034e+02,-1.510917829746380336e+00
1.083599999999999994e+02,-1.719567027030405315e+00
1.083799999999999955e+02,-1.975773520907199154e+00
1.084000000000000057e+02,-2.286789008048291993e+00
1.084200000000000017e+02,-2.661549944193204453e+00
1.084399999999999977e+02,-3.110595530572909162e+00
1.084600000000000080e+02,-3.645806593731220957e+00
1.084800000000000040e+02,-4.279770807921611464e+00
1.085000000000000000e+02,-5.024478926329014605e+00
1.085199999999999960e+02,-5.888905457955218914e+00
1.085400000000000063e+02,-6.874855327691151707e+00
1.085600000000000023e+02,-7.970358796235248455e+00
1.085799999999999983e+02,-9.140122862135019233e+00
1.086000000000000085e+02,-1.031361763907854368e+01
1.086200000000000045e+02,-1.137405808174971966e+01
1.086400000000000006e+02,-1.215625132220002769e+01
1.086599999999999966e+02,-1.246621981413176883e+01
1.086800000000000068e+02,-1.213400596966341638e+01
1.087000000000000028e+02,-1.109307373872299074e+01
1.087199999999999989e+02,-9.445999739416366836e+00
1.087400000000000091e+02,-7.457559725221734936e+00
1.087600000000000051e+02,-5.455423505702084341e+00
1.087800000000000011e+02,-3.699218712281161281e+00
1.087999999999999972e+02,-2.310076605805000849e+00
1.088200000000000074e+02,-1.289130374869472906e+00
1.088400000000000034e+02,-5.762679876915879351e-01
1.088599999999999994e+02,-9.661894785875356495e-02
1.088799999999999955e+02,2.179006424546962861e-01
1.089000000000000057e+02,4.226614533353835745e-01
1.089200000000000017e+02,5.609667260197098715e-01
1.089399999999999977e+02,6.666594759717623386e-01
1.089600000000000080e+02,7.659108008819953683e-01
1.089800000000000040e+02,8.763159531495322563e-01
1.090000000000000000e+02,1.005235670330896669e+00
1.090199999999999960e+02,1.152383785883582590e+00
1.090400000000000063e+02,1.315884967901146396e+00
1.090600000000000023e+02,1.496366060905774509e+00
1.090799999999999983e+02,1.697661130148060638e+00
1.091000000000000085e+02,1.926025627801829065e+00
1.091200000000000045e+02,2.189326622372003595e+00
1.091400000000000006e+02,2.496619842123894095e+00
1.091599999999999966e+02,2.858050375843853796e+00
1.091800000000000068e+02,3.284913745911723915e+00
1.092000000000000028e+02,3.789718449481711549e+00
1.092199999999999989e+02,4.386100942028896554e+00
1.092400000000000091e+02,5.088411169302651693e+00
1.092600000000000051e+02,5.910720856840544712e+00
1.092800000000000011e+02,6.864893913509199308e+00
1.092999999999999972e+02,7.957233016816953608e+00
1.093200000000000074e+02,9.183149395602436371e+00
1.093400000000000034e+02,1.051947748687016926e+01
1.093599999999999994e+02,1.191483060645443004e+01
1.093799999999999955e+02,1.328025986270466596e+01
1.094000000000000057e+02,1.448565803003557129e+01
1.094200000000000017e+02,1.537064888559979359e+01
1.094399999999999977e+02,1.577803571661825899e+01
1.094600000000000080e+02,1.560730390797951372e+01
1.094800000000000040e+02,1.486523914447604611e+01
1.095000000000000000e+02,1.367688288917163675e+01
1.095199999999999960e+02,1.223730953029277835e+01
1.095400000000000063e+02,1.073058907074063661e+01
1.095600000000000023e+02,9.272425287245868120e+00
1.095799999999999983e+02,7.909086958702913783e+00
1.096000000000000085e+02,6.652205278447993031e+00
1.096200000000000045e+02,5.508727031718174239e+00
1.096400000000000006e+02,4.489579330876070529e+00
1.096599999999999966e+02,3.605787641055842929e+00
1.096800000000000068e+02,2.863688147930722128e+00
1.097000000000000028e+02,2.263609159668693138e+00
1.097199999999999989e+02,1.801300238460840530e+00
1.097400000000000091e+02,1.469771670768687866e+00
1.097600000000000051e+02,1.259086689877133125e+00
1.097800000000000011e+02,1.153725414515484715e+00
1.097999999999999972e+02,1.132252419782260322e+00
1.098200000000000074e+02,1.173149560767287269e+00
1.098400000000000034e+02,1.261256692808474966e+00
1.098599999999999994e+02,1.389262395254454496e+00
1.098799999999999955e+02,1.555928290730148378e+00
1.099000000000000057e+02,1.764069597837205183e+00
1.099200000000000017e+02,2.019324394224523811e+00
1.099399999999999977e+02,2.329635766097394534e+00
1.099600000000000080e+02,2.705175170745511615e+00
1.099800000000000040e+02,3.158502865867082399e+00
1.100000000000000000e+02,3.704831906707725331e+00
1.100199999999999960e+02,4.362294661730018674e+00
1.100400000000000063e+02,5.152091312148956881e+00
1.100600000000000023e+02,6.098336115957406989e+00
1.100799999999999983e+02,7.227287256431913498e+00
1.101000000000000085e+02,8.565435778218706275e+00
1.101200000000000045e+02,1.013561515768736676e+01
1.101400000000000006e+02,1.194989923615391803e+01
1.101599999999999966e+02,1.399772432656175170e+01
1.101800000000000068e+02,1.622787008009930787e+01
1.102000000000000028e+02,1.852471048255776864e+01
1.102199999999999989e+02,2.068425091508879987e+01
1.102400000000000091e+02,2.240524929233570717e+01
1.102600000000000051e+02,2.332208182151300235e+01
1.102800000000000011e+02,2.310479106213382750e+01
1.102999999999999972e+02,2.161483814430454942e+01
1.103200000000000074e+02,1.903287264578728966e+01
1.103400000000000034e+02,1.583686073138132322e+01
1.103599999999999994e+02,1.259804675217323933e+01
1.103799999999999955e+02,9.732465380348825690e+00
1.104000000000000057e+02,7.395701200660131036e+00
1.104200000000000017e+02,5.555591993812746487e+00
1.104399999999999977e+02,4.117593893816861694e+00
1.104600000000000080e+02,2.996591278696928651e+00
1.104800000000000040e+02,2.131299039214280100e+00
1.105000000000000000e+02,1.476159380706035140e+00
1.105199999999999960e+02,9.914486959087337459e-01
1.105400000000000063e+02,6.381499003906045964e-01
1.105600000000000023e+02,3.796737281472163938e-01
1.105799999999999983e+02,1.870352968819682105e-01
1.106000000000000085e+02,4.062991317535494945e-02
1.106200000000000045e+02,-7.227220965278814691e-02
1.106400000000000006e+02,-1.606017818520447948e-01
1.106599999999999966e+02,-2.312729915500598421e-01
1.106800000000000068e+02,-2.899359537913185902e-01
1.107000000000000028e+02,-3.412932349357171158e-01
1.107199999999999989e+02,-3.893056953670238074e-01
1.107400000000000091e+02,-4.373945925074176899e-01
1.107600000000000051e+02,-4.886656633376663672e-01
1.107800000000000011e+02,-5.461542718775048710e-01
1.107999999999999972e+02,-6.130995110308046225e-01
1.108200000000000074e+02,-6.932456683295877831e-01
1.108400000000000034e+02,-7.911708103946408777e-01
1.108599999999999994e+02,-9.125995242995574852e-01
1.108799999999999955e+02,-1.064582074746934559e+00
1.109000000000000057e+02,-1.255282788806765693e+00
1.109200000000000017e+02,-1.492937195425344976e+00
1.109399999999999977e+02,-1.783426612340770046e+00
1.109600000000000080e+02,-2.126172917242636906e+00
1.109800000000000040e+02,-2.509063036936471924e+00
1.110000000000000000e+02,-2.904832923727177718e+00
1.110199999999999960e+02,-3.272502392134972293e+00
1.110400000000000063e+02,-3.565801507437603934e+00
1.110600000000000023e+02,-3.745693053439941078e+00
1.110799999999999983e+02,-3.790286930731966208e+00
1.111000000000000085e+02,-3.697626575983581354e+00
1.111200000000000045e+02,-3.482731825355737332e+00
1.111400000000000006e+02,-3.172575358984307314e+00
1.111599999999999966e+02,-2.800543777696003378e+00
1.111800000000000068e+02,-2.400709348121553788e+00
1.112000000000000028e+02,-2.003003408033348531e+00
1.112199999999999989e+02,-1.630477680153811226e+00
1.112400000000000091e+02,-1.298787217127763238e+00
1.112600000000000051e+02,-1.017054687293066584e+00
1.112800000000000011e+02,-7.889566645599763728e-01
1.112999999999999972e+02,-6.132425803006675835e-01
1.113200000000000074e+02,-4.840680730754713390e-01
1.113400000000000034e+02,-3.925147609853912867e-01
1.113599999999999994e+02,-3.293379003128455995e-01
1.113799999999999955e+02,-2.870332753440138496e-01
1.114000000000000057e+02,-2.602691629232514181e-01
1.114200000000000017e+02,-2.454378587561241998e-01
1.114399999999999977e+02,-2.401301976738958732e-01
1.114600000000000080e+02,-2.427772606789951326e-01
1.114800000000000040e+02,-2.524399399692903723e-01
1.115000000000000000e+02,-2.686911910031048456e-01
1.115199999999999960e+02,-2.915607396005400198e-01
1.115400000000000063e+02,-3.215304476862400618e-01
1.115600000000000023e+02,-3.595828484068804842e-01
1.115799999999999983e+02,-4.073184530644869406e-01
1.116000000000000085e+02,-4.671601746799018962e-01
1.116200000000000045e+02,-5.426810458694439898e-01
1.116400000000000006e+02,-6.390754380862037065e-01
1.116599999999999966e+02,-7.637635138032115023e-01
1.116800000000000068e+02,-9.269929408498118750e-01
1.117000000000000028e+02,-1.142028911313393014e+00
1.117199999999999989e+02,-1.424051506895651187e+00
1.117400000000000091e+02,-1.786380747100557276e+00
1.117600000000000051e+02,-2.232840706896479510e+00
1.117800000000000011e+02,-2.747265523166182888e+00
1.117999999999999972e+02,-3.285791225414338435e+00
1.118200000000000074e+02,-3.781024600214489606e+00
1.118400000000000034e+02,-4.161889152630342537e+00
1.118599999999999994e+02,-4.378383865433732147e+00
1.118799999999999955e+02,-4.413261432431863973e+00
1.119000000000000057e+02,-4.276990048753648743e+00
1.119200000000000017e+02,-3.999093100648764221e+00
1.119399999999999977e+02,-3.622879369421664553e+00
1.119600000000000080e+02,-3.198980993833267839e+00
1.119800000000000040e+02,-2.776601549191835883e+00
1.120000000000000000e+02,-2.396933847097945325e+00
1.120199999999999960e+02,-2.090991385585456719e+00
1.120400000000000063e+02,-1.879729220573732373e+00
1.120600000000000023e+02,-1.772723271055191896e+00
1.120799999999999983e+02,-1.765338760141141661e+00
1.121000000000000085e+02,-1.840866483550155142e+00
1.121200000000000045e+02,-1.980128848810434938e+00
1.121400000000000006e+02,-2.170217404537235772e+00
1.121599999999999966e+02,-2.406735057565496216e+00
1.121800000000000068e+02,-2.692055814510818212e+00
1.122000000000000028e+02,-3.033086345360801239e+00
1.122199999999999989e+02,-3.439810535828444760e+00
1.122400000000000091e+02,-3.924619175393408987e+00
1.122600000000000051e+02,-4.502114376000397655e+00
1.122800000000000011e+02,-5.189092018639480663e+00
1.122999999999999972e+02,-6.004451264215023620e+00
1.123200000000000074e+02,-6.968776505807915633e+00
1.123400000000000034e+02,-8.103263801095115682e+00
1.123599999999999994e+02,-9.427522910718948879e+00
1.123799999999999955e+02,-1.095558491170927518e+01
1.124000000000000057e+02,-1.268925410457612912e+01
1.124200000000000017e+02,-1.460792744252900022e+01
1.124399999999999977e+02,-1.665457853636409169e+01
1.124600000000000080e+02,-1.871947589737279927e+01
1.124800000000000040e+02,-2.062721136275192180e+01
1.125000000000000000e+02,-2.213861527201704504e+01
1.125199999999999960e+02,-2.298357549146465573e+01
1.125400000000000063e+02,-2.293464181323490081e+01
1.125600000000000023e+02,-2.190521799045857421e+01
1.125799999999999983e+02,-2.001869373902798444e+01
1.126000000000000085e+02,-1.758575849464383012e+01
1.126200000000000045e+02,-1.498242662709562545e+01
1.126400000000000006e+02,-1.250569674155135580e+01
1.126599999999999966e+02,-1.030395093323762801e+01
1.126800000000000068e+02,-8.404910140330471791e+00
1.127000000000000028e+02,-6.783007732647914345e+00
1.127199999999999989e+02,-5.406201394860962850e+00
1.127400000000000091e+02,-4.250206128079272894e+00
1.127600000000000051e+02,-3.296448607130764596e+00
1.127800000000000011e+02,-2.527925830110541838e+00
1.127999999999999972e+02,-1.927549021962001063e+00
1.128200000000000074e+02,-1.478262062717023095e+00
1.128400000000000034e+02,-1.162764116129502590e+00
1.128599999999999994e+02,-9.614738092436101446e-01
1.128799999999999955e+02,-8.510010266194938389e-01
1.129000000000000057e+02,-8.073742993311433525e-01
1.129200000000000017e+02,-8.117606961463276205e-01
1.129399999999999977e+02,-8.527162085153940918e-01
1.129600000000000080e+02,-9.248351999062325302e-01
1.129800000000000040e+02,-1.026707189652557473e+00
1.130000000000000000e+02,-1.159531598873883906e+00
1.130199999999999960e+02,-1.326417804046913007e+00
1.130400000000000063e+02,-1.532112811769902994e+00
1.130600000000000023e+02,-1.782957367432153273e+00
1.130799999999999983e+02,-2.086950002416501082e+00
1.131000000000000085e+02,-2.453840907101169311e+00
1.131200000000000045e+02,-2.895176230684176399e+00
1.131400000000000006e+02,-3.424186004214803347e+00
1.131599999999999966e+02,-4.055340164513431489e+00
1.131800000000000068e+02,-4.803281024334779659e+00
1.132000000000000028e+02,-5.680667749371798969e+00
1.132199999999999989e+02,-6.694239475188133781e+00
1.132400000000000091e+02,-7.838190971655867756e+00
1.132600000000000051e+02,-9.083986531032032019e+00
1.132800000000000011e+02,-1.036656165042237632e+01
1.132999999999999972e+02,-1.156946499220929780e+01
1.133200000000000074e+02,-1.251687811687869711e+01
1.133400000000000034e+02,-1.298767949440452796e+01
1.133599999999999994e+02,-1.276894000916506045e+01
1.133799999999999955e+02,-1.174945600194434903e+01
1.134000000000000057e+02,-1.001162374583823578e+01
1.134200000000000017e+02,-7.844137576253683797e+00
1.134399999999999977e+02,-5.632709737591275356e+00
1.134600000000000080e+02,-3.693064116323515389e+00
1.134800000000000040e+02,-2.171907242599362853e+00
1.135000000000000000e+02,-1.066912652515073390e+00
1.135199999999999960e+02,-3.030272864936884858e-01
1.135400000000000063e+02,2.092173308739750381e-01
1.135600000000000023e+02,5.495212916292874228e-01
1.135799999999999983e+02,7.828117738738092912e-01
1.136000000000000085e+02,9.605402250781215345e-01
1.136200000000000045e+02,1.121652572448583074e+00
1.136400000000000006e+02,1.290825847345244526e+00
1.136599999999999966e+02,1.477727168682135162e+00
1.136800000000000068e+02,1.682375359590805086e+00
1.137000000000000028e+02,1.903284197916058629e+00
1.137199999999999989e+02,2.142129988147947195e+00
1.137400000000000091e+02,2.404329210248435711e+00
1.137600000000000051e+02,2.697969549038466752e+00
1.137800000000000011e+02,3.032730845820477583e+00
1.137999999999999972e+02,3.419235417874239236e+00
1.138200000000000074e+02,3.868735655070115076e+00
1.138400000000000034e+02,4.392914499126082006e+00
1.138599999999999994e+02,5.003565153724455428e+00
1.138799999999999955e+02,5.711917247450858603e+00
1.139000000000000057e+02,6.527346921001130120e+00
1.139200000000000017e+02,7.455161563608784014e+00
1.139399999999999977e+02,8.493131454270390179e+00
1.139600000000000080e+02,9.626536695390624843e+00
1.139800000000000040e+02,1.082190083034587680e+01
1.140000000000000000e+02,1.202051700784109300e+01
1.140199999999999960e+02,1.313450297480289386e+01
1.140400000000000063e+02,1.405005756106872994e+01
1.140600000000000023e+02,1.464323068265994543e+01
1.140799999999999983e+02,1.480999051533893152e+01
1.141000000000000085e+02,1.450291238504334146e+01
1.141200000000000045e+02,1.375580606987352716e+01
1.141400000000000006e+02,1.267690130789862479e+01
1.141599999999999966e+02,1.140900731751129094e+01
1.141800000000000068e+02,1.008004785324343722e+01
1.142000000000000028e+02,8.774370868050022310e+00
1.142199999999999989e+02,7.535163198284466013e+00
1.142400000000000091e+02,6.383093728468207217e+00
1.142600000000000051e+02,5.331578004262983228e+00
1.142800000000000011e+02,4.391911942866636664e+00
1.142999999999999972e+02,3.572375873488387032e+00
1.143200000000000074e+02,2.876664564530042600e+00
1.143400000000000034e+02,2.303887228714681878e+00
1.143599999999999994e+02,1.849911264083965889e+00
1.143799999999999955e+02,1.508819153494018073e+00
1.144000000000000057e+02,1.273062262887758145e+00
1.144200000000000017e+02,1.131892952284843545e+00
1.144399999999999977e+02,1.070395847645301046e+00
1.144600000000000080e+02,1.072072389882726684e+00
1.144800000000000040e+02,1.123252293235948329e+00
1.145000000000000000e+02,1.215414889152560685e+00
1.145199999999999960e+02,1.344957260563044876e+00
1.145400000000000063e+02,1.512077297089688965e+00
1.145600000000000023e+02,1.719832683910668125e+00
1.145799999999999983e+02,1.973598606903888220e+00
1.146000000000000085e+02,2.280838587288628982e+00
1.146200000000000045e+02,2.651064313190305555e+00
1.146400000000000006e+02,3.095876791205488310e+00
1.146599999999999966e+02,3.628985548303370390e+00
1.146800000000000068e+02,4.266073576619466401e+00
1.147000000000000028e+02,5.024307496209904578e+00
1.147199999999999989e+02,5.921176264590497951e+00
1.147400000000000091e+02,6.972167618735273464e+00
1.147600000000000051e+02,8.186581074545085102e+00
1.147800000000000011e+02,9.560621911641318249e+00
1.147999999999999972e+02,1.106709010770781809e+01
1.148200000000000074e+02,1.264204822417750584e+01
1.148400000000000034e+02,1.417169368947416608e+01
1.148599999999999994e+02,1.548776924349066597e+01
1.148799999999999955e+02,1.638521194260262703e+01
1.149000000000000057e+02,1.667398787421198136e+01
1.149200000000000017e+02,1.625775049300770192e+01
1.149399999999999977e+02,1.519775997314512672e+01
1.149600000000000080e+02,1.370501354580431830e+01
1.149800000000000040e+02,1.204586887541277562e+01
1.150000000000000000e+02,1.042407699830572199e+01
1.150199999999999960e+02,8.928914394643607366e+00
1.150400000000000063e+02,7.571351437687351194e+00
1.150600000000000023e+02,6.346588455349080782e+00
1.150799999999999983e+02,5.264518199998711623e+00
1.151000000000000085e+02,4.347233581415783199e+00
1.151200000000000045e+02,3.617166466999691021e+00
1.151400000000000006e+02,3.087690712761127720e+00
1.151599999999999966e+02,2.755891735657788999e+00
1.151800000000000068e+02,2.598858303319302010e+00
1.152000000000000028e+02,2.580245201426774937e+00
1.152199999999999989e+02,2.664925444613627459e+00
1.152400000000000091e+02,2.829210003422603759e+00
1.152600000000000051e+02,3.062008410484752474e+00
1.152800000000000011e+02,3.361616920065106040e+00
1.152999999999999972e+02,3.732406663701534733e+00
1.153200000000000074e+02,4.182672499544656475e+00
1.153400000000000034e+02,4.723471822882609139e+00
1.153599999999999994e+02,5.367999046654031936e+00
1.153799999999999955e+02,6.131085198698618122e+00
1.154000000000000057e+02,7.028468567030319747e+00
1.154200000000000017e+02,8.075472691556692340e+00
1.154399999999999977e+02,9.284658068262588770e+00
1.154600000000000080e+02,1.066190154018971725e+01
1.154800000000000040e+02,1.220029058250076304e+01
1.155000000000000000e+02,1.387135934297702811e+01
1.155199999999999960e+02,1.561387644452667800e+01
1.155400000000000063e+02,1.732211118064267197e+01
1.155600000000000023e+02,1.883865499719168923e+01
1.155799999999999983e+02,1.996089274623879817e+01
1.156000000000000085e+02,2.047204066916273035e+01
1.156200000000000045e+02,2.020114436123391854e+01
1.156400000000000006e+02,1.909685431804707889e+01
1.156599999999999966e+02,1.727537206168946327e+01
1.156800000000000068e+02,1.500016779124296384e+01
1.157000000000000028e+02,1.259036433896362084e+01
1.157199999999999989e+02,1.031084523083376681e+01
1.157400000000000091e+02,8.311129394991008112e+00
1.157600000000000051e+02,6.633680247252352835e+00
1.157800000000000011e+02,5.258814691908669126e+00
1.157999999999999972e+02,4.145271943330228304e+00
1.158200000000000074e+02,3.251061489567997231e+00
1.158400000000000034e+02,2.539683540232167136e+00
1.158599999999999994e+02,1.980360924662768918e+00
1.158799999999999955e+02,1.547107141689111787e+00
1.159000000000000057e+02,1.218141694849425027e+00
1.159200000000000017e+02,9.757876118290608192e-01
1.159399999999999977e+02,8.066369856307717967e-01
1.159600000000000080e+02,7.015396870090352399e-01
1.159800000000000040e+02,6.544514413244395534e-01
1.160000000000000000e+02,6.594483503667599722e-01
1.160199999999999960e+02,7.082942817123506485e-01
1.160400000000000063e+02,7.920783948075182934e-01
1.160600000000000023e+02,9.047037660015048166e-01
1.160799999999999983e+02,1.044253385112854149e+00
1.161000000000000085e+02,1.212406686056547001e+00
1.161200000000000045e+02,1.413518561399844886e+00
1.161400000000000006e+02,1.654051901437816108e+00
1.161599999999999966e+02,1.942397628432260825e+00
1.161800000000000068e+02,2.288964289659808138e+00
1.162000000000000028e+02,2.706436217355420393e+00
1.162199999999999989e+02,3.210130009044774191e+00
1.162400000000000091e+02,3.818387371960860754e+00
1.162600000000000051e+02,4.552924391502084056e+00
1.162800000000000011e+02,5.438994928379891292e+00
1.162999999999999972e+02,6.505120873880436250e+00
1.163200000000000074e+02,7.781941484185014524e+00
1.163400000000000034e+02,9.299429885724199707e+00
1.163599999999999994e+02,1.108126809356878439e+01
1.163799999999999955e+02,1.313463275979388101e+01
1.164000000000000057e+02,1.543330561000237289e+01
1.164200000000000017e+02,1.789275124259406624e+01
1.164399999999999977e+02,2.033944535251819019e+01
1.164600000000000080e+02,2.248592050684779409e+01
1.164800000000000040e+02,2.393820845355364568e+01
1.165000000000000000e+02,2.427372957353821548e+01
1.165199999999999960e+02,2.320719904522069044e+01
1.165400000000000063e+02,2.078391523643442795e+01
1.165600000000000023e+02,1.744887514952955954e+01
1.165799999999999983e+02,1.387400098792186753e+01
1.166000000000000085e+02,1.063484921685032170e+01
1.166200000000000045e+02,7.995846533112308308e+00
1.166400000000000006e+02,5.946999232834806470e+00
1.166599999999999966e+02,4.370543007628183929e+00
1.166800000000000068e+02,3.156130499367185038e+00
1.167000000000000028e+02,2.227179776275075795e+00
1.167199999999999989e+02,1.528383343992114840e+00
1.167400000000000091e+02,1.011399359949611165e+00
1.167600000000000051e+02,6.303927348821358745e-01
1.167800000000000011e+02,3.461921347316432862e-01
1.167999999999999972e+02,1.304404009767411721e-01
1.168200000000000074e+02,-3.555161661227232428e-02
1.168400000000000034e+02,-1.645256462445968682e-01
1.168599999999999994e+02,-2.660959245386897432e-01
1.168799999999999955e+02,-3.480881001734394964e-01
1.169000000000000057e+02,-4.170586951336367476e-01
1.169200000000000017e+02,-4.785417443653597336e-01
1.169399999999999977e+02,-5.372592273968412879e-01
1.169600000000000080e+02,-5.973574782854970122e-01
1.169800000000000040e+02,-6.626734863033733047e-01
1.170000000000000000e+02,-7.370164134615885265e-01
1.170199999999999960e+02,-8.244510472066590712e-01
1.170400000000000063e+02,-9.295530417154415082e-01
1.170600000000000023e+02,-1.057570249573966503e+00
1.170799999999999983e+02,-1.214357804481530190e+00
1.171000000000000085e+02,-1.405860698229569161e+00
1.171200000000000045e+02,-1.636843018366228808e+00
1.171400000000000006e+02,-1.908624041157787943e+00
1.171599999999999966e+02,-2.215963449462716728e+00
1.171800000000000068e+02,-2.544043285502920249e+00
1.172000000000000028e+02,-2.867397059667347925e+00
1.172199999999999989e+02,-3.152692474847249127e+00
1.172400000000000091e+02,-3.365580169051155313e+00
1.172600000000000051e+02,-3.479057410249041471e+00
1.172800000000000011e+02,-3.479493694012921079e+00
1.172999999999999972e+02,-3.368226819158679497e+00
1.173200000000000074e+02,-3.159524496023808471e+00
1.173400000000000034e+02,-2.876749784453369596e+00
1.173599999999999994e+02,-2.547904383467097134e+00
1.173799999999999955e+02,-2.201272270086244376e+00
1.174000000000000057e+02,-1.861911770887378470e+00
1.174200000000000017e+02,-1.549451222615496837e+00
1.174399999999999977e+02,-1.277057667454106316e+00
1.174600000000000080e+02,-1.051200343988060171e+00
1.174800000000000040e+02,-8.721671091054874481e-01
1.175000000000000000e+02,-7.356097646539750956e-01
1.175199999999999960e+02,-6.348883084042684644e-01
1.175400000000000063e+02,-5.632184323667861481e-01
1.175600000000000023e+02,-5.148512258859581081e-01
1.175799999999999983e+02,-4.853694184737865069e-01
1.176000000000000085e+02,-4.715695112952418278e-01
1.176200000000000045e+02,-4.712623934237900603e-01
1.176400000000000006e+02,-4.831171648747352165e-01
1.176599999999999966e+02,-5.065712700881758179e-01
1.176800000000000068e+02,-5.418067424310267777e-01
1.177000000000000028e+02,-5.897898467693621916e-01
1.177199999999999989e+02,-6.523810768230445811e-01
1.177400000000000091e+02,-7.325130252434601807e-01
1.177600000000000051e+02,-8.344210932976151573e-01
1.177800000000000011e+02,-9.638563822828777328e-01
1.177999999999999972e+02,-1.128112300558607117e+00
1.178200000000000074e+02,-1.335526123030133405e+00
1.178400000000000034e+02,-1.593929908025742970e+00
1.178599999999999994e+02,-1.907495734116087194e+00
1.178799999999999955e+02,-2.271927867905855880e+00
1.179000000000000057e+02,-2.669339974897901868e+00
1.179200000000000017e+02,-3.065996303186013794e+00
1.179399999999999977e+02,-3.416490734077780811e+00
1.179600000000000080e+02,-3.674750317861464222e+00
1.179800000000000040e+02,-3.806806891740645238e+00
1.180000000000000000e+02,-3.798343380501340238e+00
1.180199999999999960e+02,-3.654701281397772394e+00
1.180400000000000063e+02,-3.396577150275178703e+00
1.180600000000000023e+02,-3.054645189792752902e+00
1.180799999999999983e+02,-2.663777212603032130e+00
1.181000000000000085e+02,-2.257354379754386464e+00
1.181200000000000045e+02,-1.863047666767542410e+00
1.181400000000000006e+02,-1.500975066720287021e+00
1.181599999999999966e+02,-1.183938207298312228e+00
1.181800000000000068e+02,-9.186945773044541408e-01
1.182000000000000028e+02,-7.071159256117255376e-01
1.182199999999999989e+02,-5.465869341167057804e-01
1.182400000000000091e+02,-4.302966825648478211e-01
1.182600000000000051e+02,-3.489184526522828844e-01
1.182800000000000011e+02,-2.933839063347579712e-01
1.182999999999999972e+02,-2.566602939602126709e-01
1.183200000000000074e+02,-2.338902640344713846e-01
1.183400000000000034e+02,-2.218355738604763094e-01
1.183599999999999994e+02,-2.183537734888909010e-01
1.183799999999999955e+02,-2.220654301781385953e-01
1.184000000000000057e+02,-2.321632894138276060e-01
1.184200000000000017e+02,-2.483072260043054924e-01
1.184399999999999977e+02,-2.705743699053312912e-01
1.184600000000000080e+02,-2.994578299564524815e-01
1.184800000000000040e+02,-3.359125380033159969e-01
1.185000000000000000e+02,-3.814678119633377329e-01
1.185199999999999960e+02,-4.384246535322964267e-01
1.185400000000000063e+02,-5.101732052408461948e-01
1.185600000000000023e+02,-6.016627744849170067e-01
1.185799999999999983e+02,-7.200294688817373556e-01
1.186000000000000085e+02,-8.752847467404919479e-01
1.186200000000000045e+02,-1.080716435185193003e+00
1.186400000000000006e+02,-1.352183016069715915e+00
1.186599999999999966e+02,-1.704890979439198206e+00
1.186800000000000068e+02,-2.146160315027688448e+00
1.187000000000000028e+02,-2.664486168834817814e+00
1.187199999999999989e+02,-3.219894327509849496e+00
1.187400000000000091e+02,-3.745308513191609734e+00
1.187600000000000051e+02,-4.165217156778355800e+00
1.187800000000000011e+02,-4.422792722835422019e+00
1.187999999999999972e+02,-4.495305073649637606e+00
1.188200000000000074e+02,-4.390178339793037843e+00
1.188400000000000034e+02,-4.135280076240396063e+00
1.188599999999999994e+02,-3.773682086838156646e+00
1.188799999999999955e+02,-3.357976587331202190e+00
1.189000000000000057e+02,-2.941255278854508326e+00
1.189200000000000017e+02,-2.569409108104074413e+00
1.189399999999999977e+02,-2.277697564081762049e+00
1.189600000000000080e+02,-2.089303992201944293e+00
1.189800000000000040e+02,-2.012437812220552846e+00
1.190000000000000000e+02,-2.038307866562866888e+00
1.190199999999999960e+02,-2.147008900956084432e+00
1.190400000000000063e+02,-2.319243491096570686e+00
1.190600000000000023e+02,-2.543877378144269397e+00
1.190799999999999983e+02,-2.818610334562305031e+00
1.191000000000000085e+02,-3.147649545084346023e+00
1.191200000000000045e+02,-3.539450643495629656e+00
1.191400000000000006e+02,-4.005356238713672745e+00
1.191599999999999966e+02,-4.558971436604840832e+00
1.191800000000000068e+02,-5.215923630077090145e+00
1.192000000000000028e+02,-5.993684008949477615e+00
1.192199999999999989e+02,-6.911158825086807234e+00
1.192400000000000091e+02,-7.987727636633708883e+00
1.192600000000000051e+02,-9.241309040942208952e+00
1.192800000000000011e+02,-1.068488081267505585e+01
1.192999999999999972e+02,-1.232073042620826975e+01
1.193200000000000074e+02,-1.413170017089548480e+01
1.193400000000000034e+02,-1.606914034382157652e+01
1.193599999999999994e+02,-1.803874884000328649e+01
1.193799999999999955e+02,-1.988862084273809216e+01
1.194000000000000057e+02,-2.140865985617531919e+01
1.194200000000000017e+02,-2.235456343349798303e+01
1.194399999999999977e+02,-2.250622758553479485e+01
1.194600000000000080e+02,-2.175161705085472619e+01
1.194800000000000040e+02,-2.015639938506259909e+01
1.195000000000000000e+02,-1.796478074474932640e+01
1.195199999999999960e+02,-1.551141045350727943e+01
1.195400000000000063e+02,-1.309397430378525584e+01
1.195600000000000023e+02,-1.089050630281797538e+01
1.195799999999999983e+02,-8.960715592466449664e+00
1.196000000000000085e+02,-7.297757686259858545e+00
1.196200000000000045e+02,-5.875763299064896472e+00
1.196400000000000006e+02,-4.670697890259353890e+00
1.196599999999999966e+02,-3.662710032750677414e+00
1.196800000000000068e+02,-2.833147328152600952e+00
1.197000000000000028e+02,-2.162573156813501818e+00
1.197199999999999989e+02,-1.630710813518225555e+00
1.197400000000000091e+02,-1.217472297927178371e+00
1.197600000000000051e+02,-9.042291477477477635e-01
1.197800000000000011e+02,-6.747897938270916995e-01
1.197999999999999972e+02,-5.156001542530699311e-01
1.198200000000000074e+02,-4.146674023867391035e-01
1.198400000000000034e+02,-3.598335674439637755e-01
1.198599999999999994e+02,-3.389225416444603400e-01
1.198799999999999955e+02,-3.421208160342720239e-01
1.199000000000000057e+02,-3.633914549771931624e-01
1.199200000000000017e+02,-3.999241436708862452e-01
1.199399999999999977e+02,-4.510575986415782945e-01
1.199600000000000080e+02,-5.175344582943678384e-01
1.199800000000000040e+02,-6.011394810361467833e-01
1.200000000000000000e+02,-7.045809546915141608e-01
1.200199999999999960e+02,-8.315104942212462324e-01
1.200400000000000063e+02,-9.866275902220679184e-01
1.200600000000000023e+02,-1.175844201129864430e+00
1.200799999999999983e+02,-1.406498445610075976e+00
1.201000000000000085e+02,-1.687607903363792516e+00
1.201200000000000045e+02,-2.030146815365207580e+00
1.201400000000000006e+02,-2.447312206738271545e+00
1.201599999999999966e+02,-2.954707523605439867e+00
1.201800000000000068e+02,-3.570303350158177125e+00
1.202000000000000028e+02,-4.313913337635909784e+00
1.202199999999999989e+02,-5.205719571310090110e+00
1.202400000000000091e+02,-6.263061575686803550e+00
1.202600000000000051e+02,-7.494268339240083954e+00
1.202800000000000011e+02,-8.887891270417862088e+00
1.202999999999999972e+02,-1.039578546747847732e+01
1.203200000000000074e+02,-1.191034807950689078e+01
1.203400000000000034e+02,-1.324211702363742837e+01
1.203599999999999994e+02,-1.411570773625524389e+01
1.203799999999999955e+02,-1.421515419905214728e+01
1.204000000000000057e+02,-1.330338188662355492e+01
1.204200000000000017e+02,-1.138450635525954979e+01
1.204399999999999977e+02,-8.788701150093320535e+00
1.204600000000000080e+02,-6.055278514165723713e+00
1.204800000000000040e+02,-3.661301248515607565e+00
1.205000000000000000e+02,-1.823919930412800872e+00
1.205199999999999960e+02,-5.225988103216242520e-01
1.205400000000000063e+02,3.642409584420356894e-01
1.205600000000000023e+02,9.659542000173073628e-01
1.205799999999999983e+02,1.391552733165128286e+00
1.206000000000000085e+02,1.725762531893626717e+00
1.206200000000000045e+02,2.027006350609499297e+00
1.206400000000000006e+02,2.326232156964044062e+00
1.206599999999999966e+02,2.632931709913965967e+00
1.206800000000000068e+02,2.947317636912843763e+00
1.207000000000000028e+02,3.270169499162185467e+00
1.207199999999999989e+02,3.606403695751197347e+00
1.207400000000000091e+02,3.964544895100459154e+00
1.207600000000000051e+02,4.355011976270247942e+00
1.207800000000000011e+02,4.788596514009051397e+00
1.207999999999999972e+02,5.275393174248399930e+00
1.208200000000000074e+02,5.823991273551793135e+00
1.208400000000000034e+02,6.440645606734066497e+00
1.208599999999999994e+02,7.128168778367019343e+00
1.208799999999999955e+02,7.884360379777903383e+00
1.209000000000000057e+02,8.699897547772527773e+00
1.209200000000000017e+02,9.555806234505409336e+00
1.209399999999999977e+02,1.042095407422987741e+01
1.209600000000000080e+02,1.125047907180430151e+01
1.209800000000000040e+02,1.198658167655408491e+01
1.210000000000000000e+02,1.256332703297356979e+01
1.210199999999999960e+02,1.291644579763276823e+01
1.210400000000000063e+02,1.299710376349862351e+01
1.210600000000000023e+02,1.278560608745448235e+01
1.210799999999999983e+02,1.229890171780705188e+01
1.211000000000000085e+02,1.158712484131237552e+01
1.211200000000000045e+02,1.071981229039756833e+01
1.211400000000000006e+02,9.768458259523230325e+00
1.211599999999999966e+02,8.793643764383078931e+00
1.211800000000000068e+02,7.840732105274189401e+00
1.212000000000000028e+02,6.942170231111170153e+00
1.212199999999999989e+02,6.121781912010370696e+00
1.212400000000000091e+02,5.397811017312305282e+00
1.212600000000000051e+02,4.784005874004222392e+00
1.212800000000000011e+02,4.289414580044811132e+00
1.212999999999999972e+02,3.917747945644679319e+00
1.213200000000000074e+02,3.667071189190382885e+00
1.213400000000000034e+02,3.530512494932348311e+00
1.213599999999999994e+02,3.498219189257283812e+00
1.213799999999999955e+02,3.559946889241285550e+00
1.214000000000000057e+02,3.707250260658180085e+00
1.214200000000000017e+02,3.934658777700176913e+00
1.214399999999999977e+02,4.239883757354972360e+00
1.214600000000000080e+02,4.623406809484675861e+00
1.214800000000000040e+02,5.087736639044757148e+00
1.215000000000000000e+02,5.636440516653088650e+00
1.215199999999999960e+02,6.272905609038541996e+00
1.215400000000000063e+02,6.998695417636588090e+00
1.215600000000000023e+02,7.811336269481168770e+00
1.215799999999999983e+02,8.701411305722638545e+00
1.216000000000000085e+02,9.649011799378600429e+00
1.216200000000000045e+02,1.061997117643668531e+01
1.216400000000000006e+02,1.156295320574408159e+01
1.216599999999999966e+02,1.240929332338332713e+01
1.216800000000000068e+02,1.307806860196376952e+01
1.217000000000000028e+02,1.348829254578374837e+01
1.217199999999999989e+02,1.357739980892002229e+01
1.217400000000000091e+02,1.332051843870488206e+01
1.217600000000000051e+02,1.274125696658511764e+01
1.217800000000000011e+02,1.190638605377471571e+01
1.217999999999999972e+02,1.090534095815415938e+01
1.218200000000000074e+02,9.825258497899410415e+00
1.218400000000000034e+02,8.734398366897591970e+00
1.218599999999999994e+02,7.679101133152816949e+00
1.218799999999999955e+02,6.689696790284722638e+00
1.219000000000000057e+02,5.787624800414898907e+00
1.219200000000000017e+02,4.989512704209369431e+00
1.219399999999999977e+02,4.308248186388494716e+00
1.219600000000000080e+02,3.752585624264373365e+00
1.219800000000000040e+02,3.326307639463875088e+00
1.220000000000000000e+02,3.027414484227079594e+00
1.220199999999999960e+02,2.848060196526765342e+00
1.220400000000000063e+02,2.776121602874408900e+00
1.220600000000000023e+02,2.798264614173162634e+00
1.220799999999999983e+02,2.903058312411246344e+00
1.221000000000000085e+02,3.082821109572350782e+00
1.221200000000000045e+02,3.334054193930012566e+00
1.221400000000000006e+02,3.657036799820651662e+00
1.221599999999999966e+02,4.055118259998870656e+00
1.221800000000000068e+02,4.533940649031737991e+00
1.222000000000000028e+02,5.100587608304229192e+00
1.222199999999999989e+02,5.762519684793978136e+00
1.222400000000000091e+02,6.526079234883015445e+00
1.222600000000000051e+02,7.394296274557404125e+00
1.222800000000000011e+02,8.363719318387021318e+00
1.222999999999999972e+02,9.420097005655787115e+00
1.223200000000000074e+02,1.053307617523554285e+01
1.223400000000000034e+02,1.165083422615622943e+01
1.223599999999999994e+02,1.269681968131069461e+01
1.223799999999999955e+02,1.357223357469077740e+01
1.224000000000000057e+02,1.416837732419856621e+01
1.224200000000000017e+02,1.439047590274131849e+01
1.224399999999999977e+02,1.418770430690236850e+01
1.224600000000000080e+02,1.357567481939713794e+01
1.224800000000000040e+02,1.263579053000092856e+01
1.225000000000000000e+02,1.148743927139381960e+01
1.225199999999999960e+02,1.024799509712485168e+01
1.225400000000000063e+02,9.004310426229963582e+00
1.225600000000000023e+02,7.807949404886699973e+00
1.225799999999999983e+02,6.686912385175605600e+00
1.226000000000000085e+02,5.658816946565471184e+00
1.226200000000000045e+02,4.737446531734969213e+00
1.226400000000000006e+02,3.933696359206391158e+00
1.226599999999999966e+02,3.254810143759342189e+00
1.226800000000000068e+02,2.704099477773664439e+00
1.227000000000000028e+02,2.281115209581116687e+00
1.227199999999999989e+02,1.981310250344354484e+00
1.227400000000000091e+02,1.795051614700926335e+00
1.227600000000000051e+02,1.707736331345557357e+00
1.227800000000000011e+02,1.702688541331829564e+00
1.227999999999999972e+02,1.765354288458100385e+00
1.228200000000000074e+02,1.885930296232069647e+00
1.228400000000000034e+02,2.059751807514565325e+00
1.228599999999999994e+02,2.286541830436791489e+00
1.228799999999999955e+02,2.569519130201886270e+00
1.229000000000000057e+02,2.914733323326478498e+00
1.229200000000000017e+02,3.330631174565593877e+00
1.229399999999999977e+02,3.827732113276891557e+00
1.229600000000000080e+02,4.418255769144701084e+00
1.229800000000000040e+02,5.115501252069291738e+00
1.230000000000000000e+02,5.932711498047872567e+00
1.230199999999999960e+02,6.881052279628331547e+00
1.230400000000000063e+02,7.966218253053245490e+00
1.230600000000000023e+02,9.183122806837534569e+00
1.230799999999999983e+02,1.050831359308410917e+01
1.231000000000000085e+02,1.189052893631450658e+01
1.231200000000000045e+02,1.324164333129625781e+01
1.231400000000000006e+02,1.443333514539264861e+01
1.231599999999999966e+02,1.530795572267020965e+01
1.231800000000000068e+02,1.571132353524841641e+01
1.232000000000000028e+02,1.554484400298505697e+01
1.232199999999999989e+02,1.481465958165164132e+01
1.232400000000000091e+02,1.364234135788035296e+01
1.232600000000000051e+02,1.221833538458260904e+01
1.232800000000000011e+02,1.072347097724204446e+01
1.232999999999999972e+02,9.272872405171101562e+00
1.233200000000000074e+02,7.913987355363643950e+00
1.233400000000000034e+02,6.659663064841796931e+00
1.233599999999999994e+02,5.517247550856052563e+00
1.233800000000000097e+02,4.497400436185265526e+00
1.234000000000000057e+02,3.610586807686465338e+00
1.234200000000000017e+02,2.862444830834528275e+00
1.234399999999999977e+02,2.252422204730401667e+00
1.234600000000000080e+02,1.775199068209688091e+00
1.234800000000000040e+02,1.422960754060927258e+00
1.235000000000000000e+02,1.186386816867540217e+00
1.235199999999999960e+02,1.052915396744724452e+00
1.235400000000000063e+02,1.004579778664601131e+00
1.235600000000000023e+02,1.020811682551060917e+00
1.235799999999999983e+02,1.084907582572545603e+00
1.236000000000000085e+02,1.187370466767377897e+00
1.236200000000000045e+02,1.325091223081440006e+00
1.236400000000000006e+02,1.499366768203542311e+00
1.236599999999999966e+02,1.714463127519203711e+00
1.236800000000000068e+02,1.976921032248401433e+00
1.237000000000000028e+02,2.295369910947141712e+00
1.237199999999999989e+02,2.680632943847146787e+00
1.237400000000000091e+02,3.145984506551051219e+00
1.237600000000000051e+02,3.707471366713505745e+00
1.237800000000000011e+02,4.384214354999355301e+00
1.237999999999999972e+02,5.198575358740407992e+00
1.238200000000000074e+02,6.175992747594718502e+00
1.238400000000000034e+02,7.344142458545427132e+00
1.238599999999999994e+02,8.730843801796345005e+00
1.238800000000000097e+02,1.035977884336530153e+01
1.239000000000000057e+02,1.224265022313410434e+01
1.239200000000000017e+02,1.436604752871113710e+01
1.239399999999999977e+02,1.667156460581404076e+01
1.239600000000000080e+02,1.902986461513555483e+01
1.239800000000000040e+02,2.121543755286452893e+01
1.240000000000000000e+02,2.290010686559291742e+01
1.240199999999999960e+02,2.369557765888388801e+01
1.240400000000000063e+02,2.327090446330298334e+01
1.240600000000000023e+02,2.152382894877068154e+01
1.240799999999999983e+02,1.870329707481779735e+01
1.241000000000000085e+02,1.535294542646347082e+01
1.241200000000000045e+02,1.206684192178905590e+01
1.241400000000000006e+02,9.233857290571362952e+00
1.241599999999999966e+02,6.963789902974874657e+00
1.241800000000000068e+02,5.193151508833944163e+00
1.242000000000000028e+02,3.817042161865804584e+00
1.242199999999999989e+02,2.750655588932746198e+00
1.242400000000000091e+02,1.934517805049617456e+00
1.242600000000000051e+02,1.322656211370988544e+00
1.242800000000000011e+02,8.726909878439207402e-01
1.242999999999999972e+02,5.434789162181926647e-01
1.243200000000000074e+02,2.995525865935944609e-01
1.243400000000000034e+02,1.152628525084694600e-01
1.243599999999999994e+02,-2.615279804106567310e-02
1.243800000000000097e+02,-1.359906526894235357e-01
1.244000000000000057e+02,-2.226782990409444662e-01
1.244200000000000017e+02,-2.930082318575607525e-01
1.244399999999999977e+02,-3.526269526768541218e-01
1.244600000000000080e+02,-4.062763682310721602e-01
1.244800000000000040e+02,-4.579985294484524294e-01
1.245000000000000000e+02,-5.113587243993698017e-01
1.245199999999999960e+02,-5.696959692861712776e-01
1.245400000000000063e+02,-6.363943714626623116e-01
1.245600000000000023e+02,-7.151768869996063538e-01
1.245799999999999983e+02,-8.104101638689580334e-01
1.246000000000000085e+02,-9.273840562137642962e-01
1.246200000000000045e+02,-1.072464753793978653e+00
1.246400000000000006e+02,-1.252909176564522609e+00
1.246599999999999966e+02,-1.475983226986604002e+00
1.246800000000000068e+02,-1.746936864174622794e+00
1.247000000000000028e+02,-2.065577677527650202e+00
1.247199999999999989e+02,-2.421950585044009507e+00
1.247400000000000091e+02,-2.792986542686425988e+00
1.247600000000000051e+02,-3.143040121298747991e+00
1.247800000000000011e+02,-3.430272286222326716e+00
1.247999999999999972e+02,-3.617213251071605296e+00
1.248200000000000074e+02,-3.680311687868394799e+00
1.248400000000000034e+02,-3.613980523881747065e+00
1.248599999999999994e+02,-3.429104496586015127e+00
1.248800000000000097e+02,-3.148818172429852513e+00
1.249000000000000057e+02,-2.803451714456397514e+00
1.249200000000000017e+02,-2.425268484875649388e+00
1.249399999999999977e+02,-2.043846107567167447e+00
1.249600000000000080e+02,-1.683098466175794172e+00
1.249800000000000040e+02,-1.360164922516354125e+00
1.250000000000000000e+02,-1.085504683142273441e+00
1.250199999999999960e+02,-8.632942067146275322e-01
1.250400000000000063e+02,-6.918620839415574597e-01
1.250600000000000023e+02,-5.648794534495155117e-01
1.250799999999999983e+02,-4.737869425709616000e-01
1.251000000000000085e+02,-4.103635527961973506e-01
1.251200000000000045e+02,-3.680701642107490623e-01
1.251400000000000006e+02,-3.421701494684402656e-01
1.251599999999999966e+02,-3.293663831525053820e-01
1.251800000000000068e+02,-3.274322269247201267e-01
1.252000000000000028e+02,-3.349591938126576518e-01
1.252199999999999989e+02,-3.512081491897014462e-01
1.252400000000000091e+02,-3.760367916547648903e-01
1.252600000000000051e+02,-4.098899035624314902e-01
1.252800000000000011e+02,-4.538559560656246772e-01
1.252999999999999972e+02,-5.097963178545672491e-01
1.253200000000000074e+02,-5.805718370874545231e-01
1.253400000000000034e+02,-6.703734980566699031e-01
1.253599999999999994e+02,-7.851463546295968099e-01
1.253800000000000097e+02,-9.330074605291642786e-01
1.254000000000000057e+02,-1.124380531283908802e+00
1.254200000000000017e+02,-1.371261053805613805e+00
1.254399999999999977e+02,-1.684679436509225026e+00
1.254600000000000080e+02,-2.069444342947280191e+00
1.254800000000000040e+02,-2.516419361174356162e+00
1.255000000000000000e+02,-2.995450548573746818e+00
1.255199999999999960e+02,-3.455068010263257605e+00
1.255400000000000063e+02,-3.833729040736632676e+00
1.255600000000000023e+02,-4.078954649499414664e+00
1.255799999999999983e+02,-4.162332104702896274e+00
1.256000000000000085e+02,-4.082008659644904114e+00
1.256200000000000045e+02,-3.856835928613267406e+00
1.256400000000000006e+02,-3.519956516797291712e+00
1.256599999999999966e+02,-3.112705300611673831e+00
1.256800000000000068e+02,-2.677261685562214222e+00
1.257000000000000028e+02,-2.249830521235733460e+00
1.257199999999999989e+02,-1.856898304853502157e+00
1.257400000000000091e+02,-1.514941719772499029e+00
1.257600000000000051e+02,-1.232375445604126707e+00
1.257800000000000011e+02,-1.012353586090715796e+00
1.257999999999999972e+02,-8.553340766796502237e-01
1.258200000000000074e+02,-7.602727077726212368e-01
1.258400000000000034e+02,-7.234674188014391660e-01
1.258599999999999994e+02,-7.367163296977351505e-01
1.258800000000000097e+02,-7.891041242168468361e-01
1.259000000000000057e+02,-8.717292958179785334e-01
1.259200000000000017e+02,-9.803125823932843375e-01
1.259399999999999977e+02,-1.114814189551231571e+00
1.259600000000000080e+02,-1.278177448719169051e+00
1.259800000000000040e+02,-1.475431898708876144e+00
1.260000000000000000e+02,-1.713317286782332305e+00
1.260199999999999960e+02,-2.000273533607209497e+00
1.260400000000000063e+02,-2.346648292782563150e+00
1.260600000000000023e+02,-2.765030920863958741e+00
1.260799999999999983e+02,-3.270659081100224963e+00
1.261000000000000085e+02,-3.881851861286032435e+00
1.261200000000000045e+02,-4.620403246007747988e+00
1.261400000000000006e+02,-5.511814689895066621e+00
1.261599999999999966e+02,-6.585141523590434254e+00
1.261800000000000068e+02,-7.872047391502880131e+00
1.262000000000000028e+02,-9.404371159168428917e+00
1.262199999999999989e+02,-1.120907962155839677e+01
1.262400000000000091e+02,-1.329894971003194648e+01
1.262600000000000051e+02,-1.565692944759920024e+01
1.262800000000000011e+02,-1.821262432196716929e+01
1.262999999999999972e+02,-2.081239554823981308e+01
1.263200000000000074e+02,-2.319265458492055387e+01
1.263400000000000034e+02,-2.498008475341811874e+01
1.263599999999999994e+02,-2.575495616358366746e+01
1.263800000000000097e+02,-2.519968248625097473e+01
1.264000000000000057e+02,-2.328713165448997913e+01
1.264200000000000017e+02,-2.037305940783543079e+01
1.264399999999999977e+02,-1.706686279329031564e+01
1.264600000000000080e+02,-1.393428521443582646e+01
1.264800000000000040e+02,-1.126633295650685795e+01
1.265000000000000000e+02,-9.085206035093184695e+00
1.265199999999999960e+02,-7.304196741336196119e+00
1.265400000000000063e+02,-5.850879735978002927e+00
1.265600000000000023e+02,-4.692602911596274851e+00
1.265799999999999983e+02,-3.814719180902261364e+00
1.266000000000000085e+02,-3.196495113243467134e+00
1.266200000000000045e+02,-2.800272439743247688e+00
1.266400000000000006e+02,-2.577338894448899076e+00
1.266599999999999966e+02,-2.482457180238084149e+00
1.266800000000000068e+02,-2.483181486105277447e+00
1.267000000000000028e+02,-2.560214421363244508e+00
1.267199999999999989e+02,-2.703773198818765877e+00
1.267400000000000091e+02,-2.910052570528663729e+00
1.267600000000000051e+02,-3.178855503269047311e+00
1.267800000000000011e+02,-3.512137343495093322e+00
1.267999999999999972e+02,-3.913004991785574482e+00
1.268200000000000074e+02,-4.384795810217616108e+00
1.268400000000000034e+02,-4.929949134673520916e+00
1.268599999999999994e+02,-5.548421651116482778e+00
1.268800000000000097e+02,-6.235438011581228679e+00
1.269000000000000057e+02,-6.978431956431592198e+00
1.269200000000000017e+02,-7.753240971451024421e+00
1.269399999999999977e+02,-8.520059670125601059e+00
1.269600000000000080e+02,-9.220449433972161657e+00
1.269800000000000040e+02,-9.777772688083539165e+00
1.270000000000000000e+02,-1.010424863436809773e+01
1.270199999999999960e+02,-1.011719510222582841e+01
1.270400000000000063e+02,-9.763405437861866432e+00
1.270600000000000023e+02,-9.043998394028273324e+00
1.270799999999999983e+02,-8.026373492908716045e+00
1.271000000000000085e+02,-6.832137517887464817e+00
1.271200000000000045e+02,-5.602851506455364117e+00
1.271400000000000006e+02,-4.460508853032610688e+00
1.271599999999999966e+02,-3.482563115122167652e+00
1.271800000000000068e+02,-2.699139720601332559e+00
1.272000000000000028e+02,-2.105495846774840807e+00
1.272199999999999989e+02,-1.678137002223835772e+00
1.272400000000000091e+02,-1.387381781288242966e+00
1.272600000000000051e+02,-1.204815887017398834e+00
1.272800000000000011e+02,-1.106824010691714433e+00
1.272999999999999972e+02,-1.075710758952382662e+00
1.273200000000000074e+02,-1.099359513635652652e+00
1.273400000000000034e+02,-1.169917885049876149e+00
1.273599999999999994e+02,-1.282110600990685079e+00
1.273800000000000097e+02,-1.432121316047982651e+00
1.274000000000000057e+02,-1.617557115848929250e+00
1.274200000000000017e+02,-1.838003541445248468e+00
1.274399999999999977e+02,-2.095394687614584139e+00
1.274600000000000080e+02,-2.393939110401021697e+00
1.274800000000000040e+02,-2.739756901289270630e+00
1.275000000000000000e+02,-3.140406455179278744e+00
1.275199999999999960e+02,-3.604339472685096357e+00
1.275400000000000063e+02,-4.140190612464255793e+00
1.275600000000000023e+02,-4.755718826341951200e+00
1.275799999999999983e+02,-5.456138624648355417e+00
1.276000000000000085e+02,-6.241529334417014852e+00
1.276200000000000045e+02,-7.103003894145936137e+00
1.276400000000000006e+02,-8.017487734342941152e+00
1.276599999999999966e+02,-8.941473529668286346e+00
1.276800000000000068e+02,-9.805253732710578873e+00
1.277000000000000028e+02,-1.051098379398743532e+01
1.277199999999999989e+02,-1.093992898815476877e+01
1.277400000000000091e+02,-1.097437100929820986e+01
1.277600000000000051e+02,-1.053456154704168313e+01
1.277800000000000011e+02,-9.619316713772231964e+00
1.277999999999999972e+02,-8.326732110475743909e+00
1.278200000000000074e+02,-6.833892682271614838e+00
1.278400000000000034e+02,-5.339142421901140523e+00
1.278599999999999994e+02,-3.999533248165586308e+00
1.278800000000000097e+02,-2.898661222984006969e+00
1.279000000000000057e+02,-2.052744353781942088e+00
1.279200000000000017e+02,-1.436452301438644996e+00
1.279399999999999977e+02,-1.007694057002196608e+00
1.279600000000000080e+02,-7.229767616135388542e-01
1.279800000000000040e+02,-5.444381333267770406e-01
1.280000000000000000e+02,-4.420213324157754586e-01
1.280200000000000102e+02,-3.934065787463855712e-01
1.280399999999999920e+02,-3.831589779439978360e-01
1.280600000000000023e+02,-4.017455012561855221e-01
1.280800000000000125e+02,-4.444074069143545413e-01
1.280999999999999943e+02,-5.093914634826146592e-01
1.281200000000000045e+02,-5.956864944109977467e-01
1.281400000000000148e+02,-7.018861863335851270e-01
1.281599999999999966e+02,-8.269591984345343594e-01
1.281800000000000068e+02,-9.714556655664752238e-01
1.281999999999999886e+02,-1.137942214427599907e+00
1.282199999999999989e+02,-1.330833637686652526e+00
1.282400000000000091e+02,-1.556116162743883757e+00
1.282599999999999909e+02,-1.821189114124931230e+00
1.282800000000000011e+02,-2.134839408966919372e+00
1.283000000000000114e+02,-2.507282561196557236e+00
1.283199999999999932e+02,-2.950179306085489728e+00
1.283400000000000034e+02,-3.476501792327485241e+00
1.283600000000000136e+02,-4.100072995968545797e+00
1.283799999999999955e+02,-4.834490498137288483e+00
1.284000000000000057e+02,-5.691004147598502705e+00
1.284200000000000159e+02,-6.674716511568492550e+00
1.284399999999999977e+02,-7.778319142589777968e+00
1.284600000000000080e+02,-8.972668863524358329e+00
1.284799999999999898e+02,-1.019434809653594520e+01
1.285000000000000000e+02,-1.133277139635570308e+01
1.285200000000000102e+02,-1.222414134500345639e+01
1.285399999999999920e+02,-1.266555050397282223e+01
1.285600000000000023e+02,-1.246372038117278791e+01
1.285800000000000125e+02,-1.151776916893883396e+01
1.285999999999999943e+02,-9.899600132708238576e+00
1.286200000000000045e+02,-7.866126852113486834e+00
1.286400000000000148e+02,-5.766559379370737481e+00
1.286599999999999966e+02,-3.896765458401655557e+00
1.286800000000000068e+02,-2.406491996374834574e+00
1.286999999999999886e+02,-1.308158832313202735e+00
1.287199999999999989e+02,-5.405804262633296942e-01
1.287400000000000091e+02,-2.333131937346565737e-02
1.287599999999999909e+02,3.176312757596556069e-01
1.287800000000000011e+02,5.430031596550511930e-01
1.288000000000000114e+02,7.007767834494854631e-01
1.288199999999999932e+02,8.286291066507152081e-01
1.288400000000000034e+02,9.545540267436534165e-01
1.288600000000000136e+02,1.094922486728570510e+00
1.288799999999999955e+02,1.254439363315597245e+00
1.289000000000000057e+02,1.431621796764539933e+00
1.289200000000000159e+02,1.625398977421707025e+00
1.289399999999999977e+02,1.838059415147084152e+00
1.289600000000000080e+02,2.075118255511948284e+00
1.289799999999999898e+02,2.344300198674925007e+00
1.290000000000000000e+02,2.654748348516822620e+00
1.290200000000000102e+02,3.016646685430459662e+00
1.290399999999999920e+02,3.441114197032493660e+00
1.290600000000000023e+02,3.940176916042503308e+00
1.290800000000000125e+02,4.526628290792495513e+00
1.290999999999999943e+02,5.213584446015619100e+00
1.291200000000000045e+02,6.013486032885580812e+00
1.291400000000000148e+02,6.936224662042302036e+00
1.291599999999999966e+02,7.985977768019426826e+00
1.291800000000000068e+02,9.156316312382372757e+00
1.291999999999999886e+02,1.042336024673071293e+01
1.292199999999999989e+02,1.173749444288561428e+01
1.292400000000000091e+02,1.301578895438168537e+01
1.292599999999999909e+02,1.413985981878568943e+01
1.292800000000000011e+02,1.496633266369351922e+01
1.293000000000000114e+02,1.535602320802804677e+01
1.293199999999999932e+02,1.521905813329108881e+01
1.293400000000000034e+02,1.455707806689376227e+01
1.293600000000000136e+02,1.347327071930921960e+01
1.293799999999999955e+02,1.213452925630838486e+01
1.294000000000000057e+02,1.070548774398900704e+01
1.294200000000000159e+02,9.298429658414372412e+00
1.294399999999999977e+02,7.966786192253221266e+00
1.294600000000000080e+02,6.729818027847602302e+00
1.294799999999999898e+02,5.597513390308837877e+00
1.295000000000000000e+02,4.580088624720301205e+00
1.295200000000000102e+02,3.686426737859504588e+00
1.295399999999999920e+02,2.920383654596911072e+00
1.295600000000000023e+02,2.279250199134576160e+00
1.295800000000000125e+02,1.754513992221617746e+00
1.295999999999999943e+02,1.333743586817745852e+00
1.296200000000000045e+02,1.002604817859821473e+00
1.296400000000000148e+02,7.465127216972841095e-01
1.296599999999999966e+02,5.517822112543269153e-01
1.296800000000000068e+02,4.063251585528165344e-01
1.296999999999999886e+02,3.000087417335702278e-01
1.297199999999999989e+02,2.247828097278375403e-01
1.297400000000000091e+02,1.745951706575268880e-01
1.297599999999999909e+02,1.449345051752835012e-01
1.297800000000000011e+02,1.319045630596764052e-01
1.298000000000000114e+02,1.315954458002874528e-01
1.298199999999999932e+02,1.406233707776484432e-01
1.298400000000000034e+02,1.569002165188367326e-01
1.298600000000000136e+02,1.796477920847873444e-01
1.298799999999999955e+02,2.090200334034116869e-01
1.299000000000000057e+02,2.457983574415491534e-01
1.299200000000000159e+02,2.912494494033461834e-01
1.299399999999999977e+02,3.470976414937523846e-01
1.299600000000000080e+02,4.155659024032779536e-01
1.299799999999999898e+02,4.994621235591411024e-01
1.300000000000000000e+02,6.023028606926192907e-01
1.300200000000000102e+02,7.284752139754743228e-01
1.300399999999999920e+02,8.834421534683588595e-01
1.300600000000000023e+02,1.073999456389517659e+00
1.300800000000000125e+02,1.308594425303128528e+00
1.300999999999999943e+02,1.597717658056020174e+00
1.301200000000000045e+02,1.954378677690997490e+00
1.301400000000000148e+02,2.394672554683254795e+00
1.301599999999999966e+02,2.938433971154115643e+00
1.301800000000000068e+02,3.609951013112932205e+00
1.301999999999999886e+02,4.438660319780553642e+00
1.302199999999999989e+02,5.459644423665888091e+00
1.302400000000000091e+02,6.713561330547863193e+00
1.302599999999999909e+02,8.245286151142797948e+00
1.302800000000000011e+02,1.009994295753794447e+01
1.303000000000000114e+02,1.231405096306178670e+01
1.303199999999999932e+02,1.489825870404060026e+01
1.303400000000000034e+02,1.780719300337824507e+01
1.303600000000000136e+02,2.089346319939254570e+01
1.303799999999999955e+02,2.385184601586293596e+01
1.304000000000000057e+02,2.618332749249565694e+01
1.304200000000000159e+02,2.724555176302748549e+01
1.304399999999999977e+02,2.646798812417577906e+01
1.304600000000000080e+02,2.371096878693416343e+01
1.304799999999999898e+02,1.952284895024624589e+01
1.305000000000000000e+02,1.495813528686197635e+01
1.305200000000000102e+02,1.097638789950467597e+01
1.305399999999999920e+02,7.954608119066441496e+00
1.305600000000000023e+02,5.762098245834637034e+00
1.305800000000000125e+02,4.142969543983559433e+00
1.305999999999999943e+02,2.920667433709981609e+00
1.306200000000000045e+02,1.993651841131922176e+00
1.306400000000000148e+02,1.291341980486846230e+00
1.306599999999999966e+02,7.564145193823196278e-01
1.306800000000000068e+02,3.447331779450905631e-01
1.306999999999999886e+02,2.537966466881442715e-02
1.307199999999999989e+02,-2.231532384131195701e-01
1.307400000000000091e+02,-4.170563668912902200e-01
1.307599999999999909e+02,-5.695711667708235337e-01
1.307800000000000011e+02,-6.919426938162036578e-01
1.308000000000000114e+02,-7.937431058292325758e-01
1.308199999999999932e+02,-8.830385421278554858e-01
1.308400000000000034e+02,-9.665700846630682630e-01
1.308600000000000136e+02,-1.049966578034504217e+00
1.308799999999999955e+02,-1.137953805699883914e+00
1.309000000000000057e+02,-1.234510267021055707e+00
1.309200000000000159e+02,-1.342921687926725616e+00
1.309399999999999977e+02,-1.465685152234694977e+00
1.309600000000000080e+02,-1.604226550932720707e+00
1.309799999999999898e+02,-1.758421987187567481e+00
1.310000000000000000e+02,-1.925979391899731219e+00
1.310200000000000102e+02,-2.101837202747654842e+00
1.310399999999999920e+02,-2.277847969202047462e+00
1.310600000000000023e+02,-2.443058712840476598e+00
1.310800000000000125e+02,-2.584798120755931627e+00
1.310999999999999943e+02,-2.690499604054067628e+00
1.311200000000000045e+02,-2.749850832179564719e+00
1.311400000000000148e+02,-2.756662626496128699e+00
1.311599999999999966e+02,-2.709938420586789132e+00
1.311800000000000068e+02,-2.613929793645231481e+00
1.311999999999999886e+02,-2.477284935231460761e+00
1.312199999999999989e+02,-2.311586179683333242e+00
1.312400000000000091e+02,-2.129628625884387283e+00
1.312599999999999909e+02,-1.943767654220009078e+00
1.312800000000000011e+02,-1.764599468143988270e+00
1.313000000000000114e+02,-1.600149784742326942e+00
1.313199999999999932e+02,-1.455632174137815982e+00
1.313400000000000034e+02,-1.333711017483665495e+00
1.313600000000000136e+02,-1.235091330159834078e+00
1.313799999999999955e+02,-1.159213861557186309e+00
1.314000000000000057e+02,-1.104877842191513526e+00
1.314200000000000159e+02,-1.070707117282302390e+00
1.314399999999999977e+02,-1.055457458640105317e+00
1.314600000000000080e+02,-1.058201350520989070e+00
1.314799999999999898e+02,-1.078430197978457405e+00
1.315000000000000000e+02,-1.116100139640142430e+00
1.315200000000000102e+02,-1.171629548315491487e+00
1.315399999999999920e+02,-1.245837977036107880e+00
1.315600000000000023e+02,-1.339797339956867672e+00
1.315800000000000125e+02,-1.454550845706515494e+00
1.315999999999999943e+02,-1.590648403010514134e+00
1.316200000000000045e+02,-1.747468017406455187e+00
1.316400000000000148e+02,-1.922359242178913963e+00
1.316599999999999966e+02,-2.109768325530701816e+00
1.316800000000000068e+02,-2.300657755875338051e+00
1.316999999999999886e+02,-2.482623955607230926e+00
1.317199999999999989e+02,-2.641023049842861514e+00
1.317400000000000091e+02,-2.761070838325215160e+00
1.317599999999999909e+02,-2.830426705989678826e+00
1.317800000000000011e+02,-2.841483269765097575e+00
1.318000000000000114e+02,-2.792686451389051250e+00
1.318199999999999932e+02,-2.688617186555060989e+00
1.318400000000000034e+02,-2.538985049178123177e+00
1.318600000000000136e+02,-2.356908879645322141e+00
1.318799999999999955e+02,-2.156904992265546550e+00
1.319000000000000057e+02,-1.952961611500952266e+00
1.319200000000000159e+02,-1.757000302913464429e+00
1.319399999999999977e+02,-1.577925959226382346e+00
1.319600000000000080e+02,-1.421345334574136698e+00
1.319799999999999898e+02,-1.289891500821525039e+00
1.320000000000000000e+02,-1.183947881617013254e+00
1.320200000000000102e+02,-1.102495846762544307e+00
1.320399999999999920e+02,-1.043858239511567865e+00
1.320600000000000023e+02,-1.006235305694087590e+00
1.320800000000000125e+02,-9.880397908491485026e-01
1.320999999999999943e+02,-9.880869688620227409e-01
1.321200000000000045e+02,-1.005696130921526654e+00
1.321400000000000148e+02,-1.040740228321492600e+00
1.321599999999999966e+02,-1.093657889438860886e+00
1.321800000000000068e+02,-1.165421077220094137e+00
1.321999999999999886e+02,-1.257429121781117098e+00
1.322199999999999989e+02,-1.371278653081362542e+00
1.322400000000000091e+02,-1.508339141353215673e+00
1.322599999999999909e+02,-1.669067764317879954e+00
1.322800000000000011e+02,-1.852047580556384743e+00
1.323000000000000114e+02,-2.052860779989714057e+00
1.323199999999999932e+02,-2.263109719763806815e+00
1.323400000000000034e+02,-2.470087071290995251e+00
1.323600000000000136e+02,-2.657605619689655363e+00
1.323799999999999955e+02,-2.808166624572344894e+00
1.324000000000000057e+02,-2.906039051346794189e+00
1.324200000000000159e+02,-2.940299910064814615e+00
1.324399999999999977e+02,-2.906854132363893228e+00
1.324600000000000080e+02,-2.808936409936939604e+00
1.324799999999999898e+02,-2.656199165257112860e+00
1.325000000000000000e+02,-2.462837808173000909e+00
1.325200000000000102e+02,-2.245267681821173422e+00
1.325399999999999920e+02,-2.019810132710375239e+00
1.325600000000000023e+02,-1.800754124449202687e+00
1.325800000000000125e+02,-1.599048300896419805e+00
1.325999999999999943e+02,-1.421758342962833543e+00
1.326200000000000045e+02,-1.272282728754170922e+00
1.326400000000000148e+02,-1.151144583655949072e+00
1.326599999999999966e+02,-1.057031517953719302e+00
1.326800000000000068e+02,-9.877554088287454626e-01
1.326999999999999886e+02,-9.409501666687083432e-01
1.327199999999999989e+02,-9.144942118416088395e-01
1.327400000000000091e+02,-9.067341710587646375e-01
1.327599999999999909e+02,-9.165947528169301473e-01
1.327800000000000011e+02,-9.436332180653616009e-01
1.328000000000000114e+02,-9.880672415069473580e-01
1.328199999999999932e+02,-1.050780476658551787e+00
1.328400000000000034e+02,-1.133288128574833742e+00
1.328600000000000136e+02,-1.237617266018372186e+00
1.328799999999999955e+02,-1.366028962499537425e+00
1.329000000000000057e+02,-1.520480999448559523e+00
1.329200000000000159e+02,-1.701736642624575024e+00
1.329399999999999977e+02,-1.908101644838746225e+00
1.329600000000000080e+02,-2.133966039314427743e+00
1.329799999999999898e+02,-2.368622254816538319e+00
1.330000000000000000e+02,-2.596079366612703332e+00
1.330200000000000102e+02,-2.796519172024971134e+00
1.330399999999999920e+02,-2.949450322612439557e+00
1.330600000000000023e+02,-3.037721355094738396e+00
1.330800000000000125e+02,-3.050993233515483016e+00
1.330999999999999943e+02,-2.987538714997902467e+00
1.331200000000000045e+02,-2.854086412205114609e+00
1.331400000000000148e+02,-2.664144326698480558e+00
1.331599999999999966e+02,-2.435464644815396262e+00
1.331800000000000068e+02,-2.187246361424938890e+00
1.331999999999999886e+02,-1.937560877237109347e+00
1.332199999999999989e+02,-1.701357873104101026e+00
1.332400000000000091e+02,-1.489269162577547601e+00
1.332599999999999909e+02,-1.307307214811968876e+00
1.332800000000000011e+02,-1.157417100695316226e+00
1.333000000000000114e+02,-1.038624323797901150e+00
1.333199999999999932e+02,-9.483423734744600431e-01
1.333400000000000034e+02,-8.834468735362027703e-01
1.333600000000000136e+02,-8.409592200381342808e-01
1.333799999999999955e+02,-8.183970238033333455e-01
1.334000000000000057e+02,-8.139231838067290115e-01
1.334200000000000159e+02,-8.264023732058145555e-01
1.334399999999999977e+02,-8.554271508276534153e-01
1.334600000000000080e+02,-9.013405820571620541e-01
1.334799999999999898e+02,-9.652585269852962391e-01
1.335000000000000000e+02,-1.049072477874772424e+00
1.335200000000000102e+02,-1.155386400049715379e+00
1.335399999999999920e+02,-1.287299950686238148e+00
1.335600000000000023e+02,-1.447907918680293893e+00
1.335800000000000125e+02,-1.639361018559411631e+00
1.335999999999999943e+02,-1.861390932563930178e+00
1.336200000000000045e+02,-2.109415422401469176e+00
1.336400000000000148e+02,-2.372738517258284219e+00
1.336599999999999966e+02,-2.633796005854785349e+00
1.336800000000000068e+02,-2.869471422107872094e+00
1.336999999999999886e+02,-3.054816240205567190e+00
1.337199999999999989e+02,-3.168205025760301830e+00
1.337400000000000091e+02,-3.195976420653173999e+00
1.337599999999999909e+02,-3.134889103673044630e+00
1.337800000000000011e+02,-2.991993832738884418e+00
1.338000000000000114e+02,-2.782591565229230568e+00
1.338199999999999932e+02,-2.527183275742757917e+00
1.338400000000000034e+02,-2.248133942065654534e+00
1.338600000000000136e+02,-1.966618230835483816e+00
1.338799999999999955e+02,-1.700259711031953058e+00
1.339000000000000057e+02,-1.461666784517605455e+00
1.339200000000000159e+02,-1.257937471248083749e+00
1.339399999999999977e+02,-1.091154441394211583e+00
1.339600000000000080e+02,-9.597095500617705000e-01
1.339799999999999898e+02,-8.599740943574445406e-01
1.340000000000000000e+02,-7.877272263468689806e-01
1.340200000000000102e+02,-7.390398161370641539e-01
1.340399999999999920e+02,-7.106723738516600442e-01
1.340600000000000023e+02,-7.001924714979589348e-01
1.340800000000000125e+02,-7.059809080373822265e-01
1.340999999999999943e+02,-7.272168847203971387e-01
1.341200000000000045e+02,-7.638797757016677625e-01
1.341400000000000148e+02,-8.167789886971972280e-01
1.341599999999999966e+02,-8.876070008998231398e-01
1.341800000000000068e+02,-9.789922227314821201e-01
1.341999999999999886e+02,-1.094491841599651183e+00
1.342199999999999989e+02,-1.238411370608566431e+00
1.342400000000000091e+02,-1.415263384821407344e+00
1.342599999999999909e+02,-1.628625389980556726e+00
1.342800000000000011e+02,-1.879209552845344300e+00
1.343000000000000114e+02,-2.162253612268369984e+00
1.343199999999999932e+02,-2.464957482016645773e+00
1.343400000000000034e+02,-2.765397994745936838e+00
1.343600000000000136e+02,-3.034478893239760389e+00
1.343799999999999955e+02,-3.241308657633406032e+00
1.344000000000000057e+02,-3.360280196872043934e+00
1.344200000000000159e+02,-3.376806358534907293e+00
1.344399999999999977e+02,-3.289591225043146050e+00
1.344600000000000080e+02,-3.109534638928961314e+00
1.344799999999999898e+02,-2.856630732953171048e+00
1.345000000000000000e+02,-2.556034131199154569e+00
1.345200000000000102e+02,-2.234053028772237770e+00
1.345399999999999920e+02,-1.914722592877452056e+00
1.345600000000000023e+02,-1.617401243892553575e+00
1.345800000000000125e+02,-1.355434217339907654e+00
1.345999999999999943e+02,-1.135745390027414592e+00
1.346200000000000045e+02,-9.593811917497746533e-01
1.346400000000000148e+02,-8.230623283253644118e-01
1.346599999999999966e+02,-7.213151307825813596e-01
1.346800000000000068e+02,-6.483312506378660078e-01
1.346999999999999886e+02,-5.990243325647437445e-01
1.347199999999999989e+02,-5.693768643928830420e-01
1.347400000000000091e+02,-5.564285315231290996e-01
1.347599999999999909e+02,-5.581653982359382482e-01
1.347800000000000011e+02,-5.734229050191285149e-01
1.348000000000000114e+02,-6.018358465938797863e-01
1.348199999999999932e+02,-6.438427717668879779e-01
1.348400000000000034e+02,-7.007469640926096144e-01
1.348600000000000136e+02,-7.748313139264346727e-01
1.348799999999999955e+02,-8.695080945697056807e-01
1.349000000000000057e+02,-9.894472683050834494e-01
1.349200000000000159e+02,-1.140550422102103223e+00
1.349399999999999977e+02,-1.329519888811125039e+00
1.349600000000000080e+02,-1.562641092694777356e+00
1.349799999999999898e+02,-1.843374033730979411e+00
1.350000000000000000e+02,-2.168680391843441857e+00
1.350200000000000102e+02,-2.524937771384297758e+00
1.350399999999999920e+02,-2.885607891085177013e+00
1.350600000000000023e+02,-3.213389624020524415e+00
1.350800000000000125e+02,-3.467862532260602926e+00
1.350999999999999943e+02,-3.615861320229640796e+00
1.351200000000000045e+02,-3.639393972989443338e+00
1.351400000000000148e+02,-3.537899035057279207e+00
1.351599999999999966e+02,-3.325857607583913911e+00
1.351800000000000068e+02,-3.028386803443737563e+00
1.351999999999999886e+02,-2.676206167043029716e+00
1.352199999999999989e+02,-2.300600758416614156e+00
1.352400000000000091e+02,-1.929314273665844404e+00
1.352599999999999909e+02,-1.584145771425803817e+00
1.352800000000000011e+02,-1.280169941975846104e+00
1.353000000000000114e+02,-1.025825674846938762e+00
1.353199999999999932e+02,-8.232229846379097715e-01
1.353400000000000034e+02,-6.688617763009756523e-01
1.353600000000000136e+02,-5.554689687879073023e-01
1.353799999999999955e+02,-4.746647630248791438e-01
1.354000000000000057e+02,-4.190422070724885151e-01
1.354200000000000159e+02,-3.829203264730958178e-01
1.354399999999999977e+02,-3.622237334221495297e-01
1.354600000000000080e+02,-3.541286147945326701e-01
1.354799999999999898e+02,-3.567653236486392210e-01
1.355000000000000000e+02,-3.690266650263922532e-01
1.355200000000000102e+02,-3.904621726527277015e-01
1.355399999999999920e+02,-4.212425840444908309e-01
1.355600000000000023e+02,-4.621867303605252109e-01
1.355800000000000125e+02,-5.148623702489750764e-01
1.355999999999999943e+02,-5.817704290307196269e-01
1.356200000000000045e+02,-6.666281944182603780e-01
1.356400000000000148e+02,-7.747392092402510810e-01
1.356599999999999966e+02,-9.133775316461534288e-01
1.356800000000000068e+02,-1.091965113047343117e+00
1.356999999999999886e+02,-1.321566255631637876e+00
1.357199999999999989e+02,-1.612905247131519504e+00
1.357400000000000091e+02,-1.972026514262272823e+00
1.357599999999999909e+02,-2.393504194324841627e+00
1.357800000000000011e+02,-2.853380866306535868e+00
1.358000000000000114e+02,-3.306938188762263753e+00
1.358199999999999932e+02,-3.696456788145576766e+00
1.358400000000000034e+02,-3.967931794555270564e+00
1.358600000000000136e+02,-4.087171697168525242e+00
1.358799999999999955e+02,-4.045623454264318575e+00
1.359000000000000057e+02,-3.856537292613367640e+00
1.359200000000000159e+02,-3.548643358401055270e+00
1.359399999999999977e+02,-3.160160760016900383e+00
1.359600000000000080e+02,-2.731940864535195246e+00
1.359799999999999898e+02,-2.300580154974249947e+00
1.360000000000000000e+02,-1.893898435859424190e+00
1.360200000000000102e+02,-1.529674480401995940e+00
1.360399999999999920e+02,-1.216785506548044404e+00
1.360600000000000023e+02,-9.574418511335253124e-01
1.360800000000000125e+02,-7.495728075789487299e-01
1.360999999999999943e+02,-5.889089165633837331e-01
1.361200000000000045e+02,-4.706193602799272346e-01
1.361400000000000148e+02,-3.904126062677844566e-01
1.361599999999999966e+02,-3.447578826703745491e-01
1.361800000000000068e+02,-3.298324490924744445e-01
1.361999999999999886e+02,-3.403163578877216322e-01
1.362199999999999989e+02,-3.703534661820533369e-01
1.362400000000000091e+02,-4.157823866247414291e-01
1.362599999999999909e+02,-4.750080910900273956e-01
1.362800000000000011e+02,-5.485393394392551469e-01
1.363000000000000114e+02,-6.383340625091363796e-01
1.363199999999999932e+02,-7.474220148270309672e-01
1.363400000000000034e+02,-8.797977371163083760e-01
1.363600000000000136e+02,-1.040488488309155413e+00
1.363799999999999955e+02,-1.235731707491535269e+00
1.364000000000000057e+02,-1.473231811081866072e+00
1.364200000000000159e+02,-1.762487446876652708e+00
1.364399999999999977e+02,-2.115189773256985095e+00
1.364600000000000080e+02,-2.545693500026933176e+00
1.364799999999999898e+02,-3.071555288340667378e+00
1.365000000000000000e+02,-3.714115439417838616e+00
1.365200000000000102e+02,-4.499059958669573867e+00
1.365399999999999920e+02,-5.456824906618990667e+00
1.365600000000000023e+02,-6.622567413737598052e+00
1.365800000000000125e+02,-8.035180879844753932e+00
1.365999999999999943e+02,-9.734420745751519277e+00
1.366200000000000045e+02,-1.175456734784950186e+01
1.366400000000000148e+02,-1.411221600131062104e+01
1.366599999999999966e+02,-1.678509581731137246e+01
1.366800000000000068e+02,-1.967947792980575272e+01
1.367000000000000171e+02,-2.258856347801689424e+01
1.367199999999999989e+02,-2.515762621719757419e+01
1.367400000000000091e+02,-2.689489037344058175e+01
1.367599999999999909e+02,-2.728400782009278558e+01
1.367800000000000011e+02,-2.601776322087741633e+01
1.368000000000000114e+02,-2.324638170453697228e+01
1.368199999999999932e+02,-1.961128689214098841e+01
1.368400000000000034e+02,-1.593757653872238400e+01
1.368600000000000136e+02,-1.279437976243721131e+01
1.368799999999999955e+02,-1.031202354213031036e+01
1.369000000000000057e+02,-8.362471811427838020e+00
1.369200000000000159e+02,-6.808427881269474291e+00
1.369399999999999977e+02,-5.586116642982058345e+00
1.369600000000000080e+02,-4.671224393322328083e+00
1.369799999999999898e+02,-4.035097907467243949e+00
1.370000000000000000e+02,-3.630817754739648517e+00
1.370200000000000102e+02,-3.404379908700651658e+00
1.370399999999999920e+02,-3.310134651158417984e+00
1.370600000000000023e+02,-3.316881146232803612e+00
1.370800000000000125e+02,-3.405965032473553755e+00
1.370999999999999943e+02,-3.567135553263893755e+00
1.371200000000000045e+02,-3.795093188284197616e+00
1.371400000000000148e+02,-4.087163173777728531e+00
1.371599999999999966e+02,-4.441715113897758194e+00
1.371800000000000068e+02,-4.856897752292902659e+00
1.372000000000000171e+02,-5.329370248338059390e+00
1.372199999999999989e+02,-5.852828235555203484e+00
1.372400000000000091e+02,-6.416231695006341162e+00
1.372599999999999909e+02,-7.001794226942931409e+00
1.372800000000000011e+02,-7.583015351856256636e+00
1.373000000000000114e+02,-8.123371837095058723e+00
1.373199999999999932e+02,-8.576670766192897588e+00
1.373400000000000034e+02,-8.890328916075793231e+00
1.373600000000000136e+02,-9.012602307852825234e+00
1.373799999999999955e+02,-8.903603136264161222e+00
1.374000000000000057e+02,-8.547736125284096431e+00
1.374200000000000159e+02,-7.962860283054340016e+00
1.374399999999999977e+02,-7.200978313465710379e+00
1.374600000000000080e+02,-6.338188786341095060e+00
1.374799999999999898e+02,-5.457084928615532071e+00
1.375000000000000000e+02,-4.628975557849621225e+00
1.375200000000000102e+02,-3.902819342369389766e+00
1.375399999999999920e+02,-3.303196075680211674e+00
1.375600000000000023e+02,-2.834944927125658598e+00
1.375800000000000125e+02,-2.490347883085976211e+00
1.375999999999999943e+02,-2.255727298092484290e+00
1.376200000000000045e+02,-2.116115973786421023e+00
1.376400000000000148e+02,-2.057903596636517563e+00
1.376599999999999966e+02,-2.069889958398710039e+00
1.376800000000000068e+02,-2.143332502387389926e+00
1.377000000000000171e+02,-2.271600476410943426e+00
1.377199999999999989e+02,-2.449909403341552050e+00
1.377400000000000091e+02,-2.675282696321312326e+00
1.377599999999999909e+02,-2.946583733833236796e+00
1.377800000000000011e+02,-3.264397168084857803e+00
1.378000000000000114e+02,-3.630651534649678158e+00
1.378199999999999932e+02,-4.047979656067741239e+00
1.378400000000000034e+02,-4.518827181006386695e+00
1.378600000000000136e+02,-5.044277200604539324e+00
1.378799999999999955e+02,-5.622516126498095623e+00
1.379000000000000057e+02,-6.246863991631323110e+00
1.379200000000000159e+02,-6.903367328828351468e+00
1.379399999999999977e+02,-7.568148410588109165e+00
1.379600000000000080e+02,-8.205070833561102006e+00
1.379799999999999898e+02,-8.764815024343310057e+00
1.380000000000000000e+02,-9.187011082561838293e+00
1.380200000000000102e+02,-9.407214575989462091e+00
1.380399999999999920e+02,-9.369529610035739253e+00
1.380600000000000023e+02,-9.043032403079688919e+00
1.380800000000000125e+02,-8.436451377992149503e+00
1.380999999999999943e+02,-7.603347672300345472e+00
1.381200000000000045e+02,-6.632552839031755632e+00
1.381400000000000148e+02,-5.626121003880728111e+00
1.381599999999999966e+02,-4.674575584983336363e+00
1.381800000000000068e+02,-3.840308418487556885e+00
1.382000000000000171e+02,-3.153789409805725530e+00
1.382199999999999989e+02,-2.619650936790990592e+00
1.382400000000000091e+02,-2.226507348035289269e+00
1.382599999999999909e+02,-1.955823160817361961e+00
1.382800000000000011e+02,-1.787998441054694521e+00
1.383000000000000114e+02,-1.705718798328596630e+00
1.383199999999999932e+02,-1.695239277367371455e+00
1.383400000000000034e+02,-1.746306567494985362e+00
1.383600000000000136e+02,-1.851423803183488426e+00
1.383799999999999955e+02,-2.005161127911784025e+00
1.384000000000000057e+02,-2.203928630444895731e+00
1.384200000000000159e+02,-2.446110680025799233e+00
1.384399999999999977e+02,-2.732184259852535657e+00
1.384600000000000080e+02,-3.064570175658559936e+00
1.384799999999999898e+02,-3.447192450843727052e+00
1.385000000000000000e+02,-3.884804838838568752e+00
1.385200000000000102e+02,-4.382095062978470068e+00
1.385399999999999920e+02,-4.942492059893686118e+00
1.385600000000000023e+02,-5.566535641772034637e+00
1.385800000000000125e+02,-6.249650127517369036e+00
1.385999999999999943e+02,-6.979223453656519638e+00
1.386200000000000045e+02,-7.731102091932060993e+00
1.386400000000000148e+02,-8.466050048456157384e+00
1.386599999999999966e+02,-9.127465654764185032e+00
1.386800000000000068e+02,-9.642576966041502828e+00
1.387000000000000171e+02,-9.929925897310344141e+00
1.387199999999999989e+02,-9.915085465300366607e+00
1.387400000000000091e+02,-9.553044058809772920e+00
1.387599999999999909e+02,-8.849862309722386300e+00
1.387800000000000011e+02,-7.871788953942670197e+00
1.388000000000000114e+02,-6.732845733642975894e+00
1.388199999999999932e+02,-5.563552033295207089e+00
1.388400000000000034e+02,-4.475943603397902315e+00
1.388600000000000136e+02,-3.541749453977902196e+00
1.388799999999999955e+02,-2.789922981451729900e+00
1.389000000000000057e+02,-2.217508592618267826e+00
1.389200000000000159e+02,-1.803940950978212943e+00
1.389399999999999977e+02,-1.522468253177917896e+00
1.389600000000000080e+02,-1.347144071683535449e+00
1.389799999999999898e+02,-1.256258158289654148e+00
1.390000000000000000e+02,-1.233447437607883002e+00
1.390200000000000102e+02,-1.267330218544998166e+00
1.390399999999999920e+02,-1.350243279789662854e+00
1.390600000000000023e+02,-1.476828588867922454e+00
1.390800000000000125e+02,-1.643295608391549756e+00
1.390999999999999943e+02,-1.847557021375820119e+00
1.391200000000000045e+02,-2.089674402790941965e+00
1.391400000000000148e+02,-2.372038517104435140e+00
1.391599999999999966e+02,-2.699164206922085807e+00
1.391800000000000068e+02,-3.077243684412096947e+00
1.392000000000000171e+02,-3.513574002843386168e+00
1.392199999999999989e+02,-4.015846327343838951e+00
1.392400000000000091e+02,-4.591168937007487294e+00
1.392599999999999909e+02,-5.244618638721155968e+00
1.392800000000000011e+02,-5.977051916671651810e+00
1.393000000000000114e+02,-6.781909039686987661e+00
1.393199999999999932e+02,-7.640849656546473412e+00
1.393400000000000034e+02,-8.518439052061070882e+00
1.393600000000000136e+02,-9.356933772040200381e+00
1.393799999999999955e+02,-1.007362957143166149e+01
1.394000000000000057e+02,-1.056491300999627825e+01
1.394200000000000159e+02,-1.072178796386615218e+01
1.394399999999999977e+02,-1.045874532392433665e+01
1.394600000000000080e+02,-9.749512914697236354e+00
1.394799999999999898e+02,-8.652478590009438975e+00
1.395000000000000000e+02,-7.305799955238476251e+00
1.395200000000000102e+02,-5.886997525368994566e+00
1.395399999999999920e+02,-4.556958737782812463e+00
1.395600000000000023e+02,-3.419879711052888904e+00
1.395800000000000125e+02,-2.515733224825747349e+00
1.395999999999999943e+02,-1.837122718027482060e+00
1.396200000000000045e+02,-1.352205613838277198e+00
1.396400000000000148e+02,-1.021963682549444918e+00
1.396599999999999966e+02,-8.096861045973556825e-01
1.396800000000000068e+02,-6.849379907872771289e-01
1.397000000000000171e+02,-6.245836011039594959e-01
1.397199999999999989e+02,-6.125004929380678531e-01
1.397400000000000091e+02,-6.386797182943262374e-01
1.397599999999999909e+02,-6.977046325480100730e-01
1.397800000000000011e+02,-7.866036914757806864e-01
1.398000000000000114e+02,-9.030508162780789272e-01
1.398199999999999932e+02,-1.045137772235533280e+00
1.398400000000000034e+02,-1.212319341370136083e+00
1.398600000000000136e+02,-1.406185260279748883e+00
1.398799999999999955e+02,-1.630561146956793106e+00
1.399000000000000057e+02,-1.891241641986395328e+00
1.399200000000000159e+02,-2.195692187937677620e+00
1.399399999999999977e+02,-2.552833764703501984e+00
1.399600000000000080e+02,-2.972868180298898100e+00
1.399799999999999898e+02,-3.467032650522224202e+00
1.400000000000000000e+02,-4.047106214575360461e+00
1.400200000000000102e+02,-4.724430423673736001e+00
1.400399999999999920e+02,-5.508094404446135961e+00
1.400600000000000023e+02,-6.401810670496185907e+00
1.400800000000000125e+02,-7.398917090027507193e+00
1.400999999999999943e+02,-8.475040526557089393e+00
1.401200000000000045e+02,-9.578585815369274670e+00
1.401400000000000148e+02,-1.062089900581051616e+01
1.401599999999999966e+02,-1.147115494960291393e+01
1.401800000000000068e+02,-1.196509285872157946e+01
1.402000000000000171e+02,-1.193806106697462432e+01
1.402199999999999989e+02,-1.128431515925583106e+01
1.402400000000000091e+02,-1.002193526051435057e+01
1.402599999999999909e+02,-8.319324947052715302e+00
1.402800000000000011e+02,-6.447604195076499956e+00
1.403000000000000114e+02,-4.676627570340217588e+00
1.403199999999999932e+02,-3.183541951247013557e+00
1.403400000000000034e+02,-2.028671355568997026e+00
1.403600000000000136e+02,-1.189534523955943612e+00
1.403799999999999955e+02,-6.075727751439721214e-01
1.404000000000000057e+02,-2.189425765912273170e-01
1.404200000000000159e+02,3.218064492448217961e-02
1.404399999999999977e+02,1.901484971353570308e-01
1.404600000000000080e+02,2.885531145534890873e-01
1.404799999999999898e+02,3.524204201120425539e-01
1.405000000000000000e+02,4.007133180609778189e-01
1.405200000000000102e+02,4.482683968736634883e-01
1.405399999999999920e+02,5.059787023713812060e-01
1.405600000000000023e+02,5.792721333452219845e-01
1.405800000000000125e+02,6.682228944627753853e-01
1.405999999999999943e+02,7.710108439271899927e-01
1.406200000000000045e+02,8.872590127221980927e-01
1.406400000000000148e+02,1.018973077532072447e+00
1.406599999999999966e+02,1.170098025980063294e+00
1.406800000000000068e+02,1.345946114440974561e+00
1.407000000000000171e+02,1.552912906953006322e+00
1.407199999999999989e+02,1.798466482663250821e+00
1.407400000000000091e+02,2.091305924906069702e+00
1.407599999999999909e+02,2.441601222431732054e+00
1.407800000000000011e+02,2.861248467525156158e+00
1.408000000000000114e+02,3.364074175911120790e+00
1.408199999999999932e+02,3.965895654057612685e+00
1.408400000000000034e+02,4.684280052092026025e+00
1.408600000000000136e+02,5.537739135097500487e+00
1.408799999999999955e+02,6.543926857756950710e+00
1.409000000000000057e+02,7.716189243287521649e+00
1.409200000000000159e+02,9.057589629994232894e+00
1.409399999999999977e+02,1.055150598941399487e+01
1.409600000000000080e+02,1.214853953069776082e+01
1.409799999999999898e+02,1.375165751555558735e+01
1.410000000000000000e+02,1.520613219829732188e+01
1.410200000000000102e+02,1.630724430821499027e+01
1.410399999999999920e+02,1.684128026510481391e+01
1.410600000000000023e+02,1.666251570615919420e+01
1.410800000000000125e+02,1.577489993924062794e+01
1.410999999999999943e+02,1.435629962161665674e+01
1.411200000000000045e+02,1.268486725687094996e+01
1.411400000000000148e+02,1.100804660087409204e+01
1.411599999999999966e+02,9.454973073172842746e+00
1.411800000000000068e+02,8.050609354776579352e+00
1.412000000000000171e+02,6.785824684644959248e+00
1.412199999999999989e+02,5.664709793754323819e+00
1.412400000000000091e+02,4.709163373343910663e+00
1.412599999999999909e+02,3.945322340991364918e+00
1.412800000000000011e+02,3.390460900305460434e+00
1.413000000000000114e+02,3.043319338133195107e+00
1.413199999999999932e+02,2.880119905333476282e+00
1.413400000000000034e+02,2.862550430672772706e+00
1.413600000000000136e+02,2.953765437628983914e+00
1.413799999999999955e+02,3.129009760118580896e+00
1.414000000000000057e+02,3.376680572598929952e+00
1.414200000000000159e+02,3.694919491315804105e+00
1.414399999999999977e+02,4.088116050774419641e+00
1.414600000000000080e+02,4.564599268523357622e+00
1.414799999999999898e+02,5.135335349852172548e+00
1.415000000000000000e+02,5.813151876267245832e+00
1.415200000000000102e+02,6.612046307603302253e+00
1.415399999999999920e+02,7.546190748861572040e+00
1.415600000000000023e+02,8.628239833342711052e+00
1.415800000000000125e+02,9.866492836727527305e+00
1.415999999999999943e+02,1.126039368531494489e+01
1.416200000000000045e+02,1.279388672841917263e+01
1.416400000000000148e+02,1.442648059771508429e+01
1.416599999999999966e+02,1.608286126113826953e+01
1.416800000000000068e+02,1.764393082934837764e+01
1.417000000000000171e+02,1.894526319904653988e+01
1.417199999999999989e+02,1.979184507381270208e+01
1.417400000000000091e+02,1.999686291979757158e+01
1.417599999999999909e+02,1.944203949223592787e+01
1.417800000000000011e+02,1.813736411148444461e+01
1.418000000000000114e+02,1.624248197966581486e+01
1.418199999999999932e+02,1.402345250131468291e+01
1.418400000000000034e+02,1.176116052596402639e+01
1.418600000000000136e+02,9.665832820299369743e+00
1.418799999999999955e+02,7.844023491828099992e+00
1.419000000000000057e+02,6.318377818610616536e+00
1.419200000000000159e+02,5.066936030010662506e+00
1.419399999999999977e+02,4.053509515232805782e+00
1.419600000000000080e+02,3.242244343044091259e+00
1.419799999999999898e+02,2.601975825112036844e+00
1.420000000000000000e+02,2.106687977925476574e+00
1.420200000000000102e+02,1.735274807856828971e+00
1.420399999999999920e+02,1.471439057285918395e+00
1.420600000000000023e+02,1.303359356157193671e+00
1.420800000000000125e+02,1.222181093425121379e+00
1.420999999999999943e+02,1.219074395752250295e+00
1.421200000000000045e+02,1.283176836910811414e+00
1.421400000000000148e+02,1.403166736095768252e+00
1.421599999999999966e+02,1.570777252738088769e+00
1.421800000000000068e+02,1.782729003380349120e+00
1.422000000000000171e+02,2.040574035659292296e+00
1.422199999999999989e+02,2.349784699876228622e+00
1.422400000000000091e+02,2.718996933930029059e+00
1.422599999999999909e+02,3.159624209841369602e+00
1.422800000000000011e+02,3.685762379378740405e+00
1.423000000000000114e+02,4.314240981386802787e+00
1.423199999999999932e+02,5.064659328417871365e+00
1.423400000000000034e+02,5.959215474309997873e+00
1.423600000000000136e+02,7.022034518642084500e+00
1.423799999999999955e+02,8.277552123866387390e+00
1.424000000000000057e+02,9.747252181722213749e+00
1.424200000000000159e+02,1.144374208157967310e+01
1.424399999999999977e+02,1.336086705145415721e+01
1.424600000000000080e+02,1.545865930194443116e+01
1.424799999999999898e+02,1.764316794076293249e+01
1.425000000000000000e+02,1.974495014660961800e+01
1.425200000000000102e+02,2.150746330849262833e+01
1.425399999999999920e+02,2.260622941838115096e+01
1.425600000000000023e+02,2.272207517456104853e+01
1.425800000000000125e+02,2.166892847335829941e+01
1.425999999999999943e+02,1.952126028655304424e+01
1.426200000000000045e+02,1.663974306662797531e+01
1.426400000000000148e+02,1.353593320521297549e+01
1.426599999999999966e+02,1.065167443510468104e+01
1.426800000000000068e+02,8.215447919815511924e+00
1.427000000000000171e+02,6.256755945497194382e+00
1.427199999999999989e+02,4.708340955870237821e+00
1.427400000000000091e+02,3.489104096790296428e+00
1.427599999999999909e+02,2.534674131741807557e+00
1.427800000000000011e+02,1.797816671457975080e+00
1.428000000000000114e+02,1.241307741905471440e+00
1.428199999999999932e+02,8.315490005506868121e-01
1.428400000000000034e+02,5.351201170383604877e-01
1.428600000000000136e+02,3.202426629746855657e-01
1.428799999999999955e+02,1.614206111338425398e-01
1.429000000000000057e+02,4.138798756322964456e-02
1.429200000000000159e+02,-5.093271400765918971e-02
1.429399999999999977e+02,-1.231728274236765230e-01
1.429600000000000080e+02,-1.811416733235269028e-01
1.429799999999999898e+02,-2.295237849630483162e-01
1.430000000000000000e+02,-2.721798178852058991e-01
1.430200000000000102e+02,-3.123389982908630902e-01
1.430399999999999920e+02,-3.527790948621493672e-01
1.430600000000000023e+02,-3.960191515196669343e-01
1.430800000000000125e+02,-4.445276111220881621e-01
1.430999999999999943e+02,-5.009590606355903697e-01
1.431200000000000045e+02,-5.684300100894781327e-01
1.431400000000000148e+02,-6.508526890361657768e-01
1.431599999999999966e+02,-7.533276597209276337e-01
1.431800000000000068e+02,-8.825485171788006733e-01
1.432000000000000171e+02,-1.047063628919009837e+00
1.432199999999999989e+02,-1.257035213058370848e+00
1.432400000000000091e+02,-1.522859035820222307e+00
1.432599999999999909e+02,-1.851839920405494944e+00
1.432800000000000011e+02,-2.242540111288007676e+00
1.433000000000000114e+02,-2.678041250541893348e+00
1.433199999999999932e+02,-3.121978596266838935e+00
1.433400000000000034e+02,-3.522444476445426353e+00
1.433600000000000136e+02,-3.825200870669237307e+00
1.433799999999999955e+02,-3.989909525240166399e+00
1.434000000000000057e+02,-3.999556665957074930e+00
1.434200000000000159e+02,-3.859819222507697489e+00
1.434399999999999977e+02,-3.593513303904955603e+00
1.434600000000000080e+02,-3.234679711574726113e+00
1.434799999999999898e+02,-2.822252985002575709e+00
1.435000000000000000e+02,-2.393314349816119790e+00
1.435200000000000102e+02,-1.977863621383653125e+00
1.435399999999999920e+02,-1.596515181179160248e+00
1.435600000000000023e+02,-1.260818394136179021e+00
1.435800000000000125e+02,-9.750576889603580488e-01
1.435999999999999943e+02,-7.385012659912836286e-01
1.436200000000000045e+02,-5.475018766355461697e-01
1.436400000000000148e+02,-3.972018626991246082e-01
1.436599999999999966e+02,-2.827161574715224002e-01
1.436800000000000068e+02,-1.995167778863922436e-01
1.437000000000000171e+02,-1.426792288915287865e-01
1.437199999999999989e+02,-1.059459164166624140e-01
1.437400000000000091e+02,-8.277575588849428456e-02
1.437599999999999909e+02,-6.827776053365081088e-02
1.437800000000000011e+02,-5.951112391183646655e-02
1.438000000000000114e+02,-5.478263146462016703e-02
1.438199999999999932e+02,-5.307517390047762629e-02
1.438400000000000034e+02,-5.375935274133611386e-02
1.438600000000000136e+02,-5.645683738520256706e-02
1.438799999999999955e+02,-6.096972399662271835e-02
1.439000000000000057e+02,-6.724069536786947410e-02
1.439200000000000159e+02,-7.533024162837455295e-02
1.439399999999999977e+02,-8.540697517146859929e-02
1.439600000000000080e+02,-9.774688572290129995e-02
1.439799999999999898e+02,-1.127450287266338336e-01
1.440000000000000000e+02,-1.309390874438445818e-01
1.440200000000000102e+02,-1.530520509710330546e-01
1.440399999999999920e+02,-1.800633439574764461e-01
1.440600000000000023e+02,-2.133260051728693152e-01
1.440800000000000125e+02,-2.547616778822363037e-01
1.440999999999999943e+02,-3.071833486700691340e-01
1.441200000000000045e+02,-3.748244571982579099e-01
1.441400000000000148e+02,-4.641782233917990386e-01
1.441599999999999966e+02,-5.852411888449137178e-01
1.441800000000000068e+02,-7.531115725690485929e-01
1.442000000000000171e+02,-9.894093056336871195e-01
1.442199999999999989e+02,-1.321878450045384623e+00
1.442400000000000091e+02,-1.778865715652355073e+00
1.442599999999999909e+02,-2.374775374653284921e+00
1.442800000000000011e+02,-3.087439334086939269e+00
1.443000000000000114e+02,-3.841760139241699346e+00
1.443199999999999932e+02,-4.524693879761340298e+00
1.443400000000000034e+02,-5.036801509117480258e+00
1.443600000000000136e+02,-5.336921043991198488e+00
1.443799999999999955e+02,-5.432984617434147623e+00
1.444000000000000057e+02,-5.351231891678073893e+00
1.444200000000000159e+02,-5.138875370019920119e+00
1.444399999999999977e+02,-4.872986953669775190e+00
1.444600000000000080e+02,-4.641542014936874239e+00
1.444799999999999898e+02,-4.513149483553259067e+00
1.445000000000000000e+02,-4.517635827134793836e+00
1.445200000000000102e+02,-4.647519760823882962e+00
1.445399999999999920e+02,-4.877070058598062197e+00
1.445600000000000023e+02,-5.182373634189130662e+00
1.445800000000000125e+02,-5.550501528385610506e+00
1.445999999999999943e+02,-5.979314393066646360e+00
1.446200000000000045e+02,-6.473839393142479359e+00
1.446400000000000148e+02,-7.042699755357321401e+00
1.446599999999999966e+02,-7.695503851250923510e+00
1.446800000000000068e+02,-8.440986226213734511e+00
1.447000000000000171e+02,-9.285425162313796221e+00
1.447199999999999989e+02,-1.023089115329629450e+01
1.447400000000000091e+02,-1.127299886530511941e+01
1.447599999999999909e+02,-1.239799870532568526e+01
1.447800000000000011e+02,-1.357930126123698855e+01
1.448000000000000114e+02,-1.477393755618882665e+01
1.448199999999999932e+02,-1.592006452067216316e+01
1.448400000000000034e+02,-1.693733640009465091e+01
1.448600000000000136e+02,-1.773241889995776788e+01
1.448799999999999955e+02,-1.821141900772438049e+01
1.449000000000000057e+02,-1.829876885018545707e+01
1.449200000000000159e+02,-1.795814375962422105e+01
1.449399999999999977e+02,-1.720720196243952316e+01
1.449600000000000080e+02,-1.611780748191876356e+01
1.449799999999999898e+02,-1.479924254593429467e+01
1.450000000000000000e+02,-1.337111170842343277e+01
1.450200000000000102e+02,-1.193828093579502259e+01
1.450399999999999920e+02,-1.057748227799053709e+01
1.450600000000000023e+02,-9.336869853186099633e+00
1.450800000000000125e+02,-8.243109046395886708e+00
1.450999999999999943e+02,-7.309600738482339821e+00
1.451200000000000045e+02,-6.542334291622339038e+00
1.451400000000000148e+02,-5.942835373485517714e+00
1.451599999999999966e+02,-5.509060683158971905e+00
1.451800000000000068e+02,-5.235368758162845637e+00
1.452000000000000171e+02,-5.112658325478180998e+00
1.452199999999999989e+02,-5.129453882520900621e+00
1.452400000000000091e+02,-5.273945269350682530e+00
1.452599999999999909e+02,-5.536200646371904455e+00
1.452800000000000011e+02,-5.909682517589769368e+00
1.453000000000000114e+02,-6.391720338604614859e+00
1.453199999999999932e+02,-6.983091575446998434e+00
1.453400000000000034e+02,-7.686995649729511548e+00
1.453600000000000136e+02,-8.507581234633553535e+00
1.453799999999999955e+02,-9.448008399640698940e+00
1.454000000000000057e+02,-1.050789895702881083e+01
1.454200000000000159e+02,-1.167998875659336910e+01
1.454399999999999977e+02,-1.294588250740804014e+01
1.454600000000000080e+02,-1.427109414598199422e+01
1.454799999999999898e+02,-1.560013563982659512e+01
1.455000000000000000e+02,-1.685333394789313388e+01
1.455200000000000102e+02,-1.792813630019838556e+01
1.455399999999999920e+02,-1.870823885339803283e+01
1.455600000000000023e+02,-1.908270370450524567e+01
1.455800000000000125e+02,-1.897312906173966240e+01
1.455999999999999943e+02,-1.836049883838189700e+01
1.456200000000000045e+02,-1.729861242102899510e+01
1.456400000000000148e+02,-1.590391220061905919e+01
1.456599999999999966e+02,-1.432360288881486987e+01
1.456800000000000068e+02,-1.269734524559095945e+01
1.457000000000000171e+02,-1.113080485532995922e+01
1.457199999999999989e+02,-9.689208592858323144e+00
1.457400000000000091e+02,-8.405763886771547178e+00
1.457599999999999909e+02,-7.294384847359054902e+00
1.457800000000000011e+02,-6.359511470931935584e+00
1.458000000000000114e+02,-5.601322651403654262e+00
1.458199999999999932e+02,-5.017549298948762448e+00
1.458400000000000034e+02,-4.603401249077896829e+00
1.458600000000000136e+02,-4.350779651036722484e+00
1.458799999999999955e+02,-4.247969545855476703e+00
1.459000000000000057e+02,-4.280836366215575062e+00
1.459200000000000159e+02,-4.435446432475069756e+00
1.459399999999999977e+02,-4.700832398889874142e+00
1.459600000000000080e+02,-5.070676346408029112e+00
1.459799999999999898e+02,-5.543646885560741033e+00
1.460000000000000000e+02,-6.122808128491577406e+00
1.460200000000000102e+02,-6.814556999788801583e+00
1.460399999999999920e+02,-7.627284985992501376e+00
1.460600000000000023e+02,-8.569703039289425561e+00
1.460800000000000125e+02,-9.648597144081879406e+00
1.460999999999999943e+02,-1.086568853499668563e+01
1.461200000000000045e+02,-1.221326577140641589e+01
1.461400000000000148e+02,-1.366840575244407319e+01
1.461599999999999966e+02,-1.518605574896487553e+01
1.461800000000000068e+02,-1.669220121814255009e+01
1.462000000000000171e+02,-1.807989436462919031e+01
1.462199999999999989e+02,-1.921270642619745317e+01
1.462400000000000091e+02,-1.994086334551225903e+01
1.462599999999999909e+02,-2.013252833991082369e+01
1.462800000000000011e+02,-1.971456990276523769e+01
1.463000000000000114e+02,-1.870619158465512299e+01
1.463199999999999932e+02,-1.722424442984760873e+01
1.463400000000000034e+02,-1.545059026387517775e+01
1.463600000000000136e+02,-1.357590745956628275e+01
1.463799999999999955e+02,-1.175062929822104252e+01
1.464000000000000057e+02,-1.006570673438026908e+01
1.464200000000000159e+02,-8.561954910595364510e+00
1.464399999999999977e+02,-7.250669265579313461e+00
1.464600000000000080e+02,-6.130492614693590525e+00
1.464799999999999898e+02,-5.196172872225503170e+00
1.465000000000000000e+02,-4.441637822011275105e+00
1.465200000000000102e+02,-3.860524535559549886e+00
1.465399999999999920e+02,-3.445568683436415647e+00
1.465600000000000023e+02,-3.187171798086820385e+00
1.465800000000000125e+02,-3.072012106313458890e+00
1.465999999999999943e+02,-3.083503894078261975e+00
1.466200000000000045e+02,-3.204809847648409704e+00
1.466400000000000148e+02,-3.422594164569650488e+00
1.466599999999999966e+02,-3.729292657220481644e+00
1.466800000000000068e+02,-4.123464910859322430e+00
1.467000000000000171e+02,-4.609061659490209628e+00
1.467199999999999989e+02,-5.194410215142838183e+00
1.467400000000000091e+02,-5.891242961493928121e+00
1.467599999999999909e+02,-6.713733674239499294e+00
1.467800000000000011e+02,-7.677314123718924854e+00
1.468000000000000114e+02,-8.796923108104786948e+00
1.468199999999999932e+02,-1.008422971287605208e+01
1.468400000000000034e+02,-1.154327087513576267e+01
1.468600000000000136e+02,-1.316392303008930043e+01
1.468799999999999955e+02,-1.491287705399889241e+01
1.469000000000000057e+02,-1.672264384037108442e+01
1.469200000000000159e+02,-1.848103522394486120e+01
1.469399999999999977e+02,-2.002673459227929698e+01
1.469600000000000080e+02,-2.115997811181343025e+01
1.469799999999999898e+02,-2.167749172345376962e+01
1.470000000000000000e+02,-2.143203418852946029e+01
1.470200000000000102e+02,-2.039722262472037073e+01
1.470399999999999920e+02,-1.869943889031154427e+01
1.470600000000000023e+02,-1.658490916128391035e+01
1.470800000000000125e+02,-1.433128680708193414e+01
1.470999999999999943e+02,-1.215716915949660049e+01
1.471200000000000045e+02,-1.018225605557904068e+01
1.471400000000000148e+02,-8.444355028516648431e+00
1.471599999999999966e+02,-6.939032456961883533e+00
1.471800000000000068e+02,-5.649399407481122459e+00
1.472000000000000171e+02,-4.558119157497963592e+00
1.472199999999999989e+02,-3.649005004557656751e+00
1.472400000000000091e+02,-2.906010754132795970e+00
1.472599999999999909e+02,-2.312980614687859759e+00
1.472800000000000011e+02,-1.854521383216277242e+00
1.473000000000000114e+02,-1.517248581339199598e+00
1.473199999999999932e+02,-1.290203926676276369e+00
1.473400000000000034e+02,-1.163135891401528399e+00
1.473600000000000136e+02,-1.123250560779624152e+00
1.473799999999999955e+02,-1.154599517671392350e+00
1.474000000000000057e+02,-1.242095486469321441e+00
1.474200000000000159e+02,-1.375691906326892866e+00
1.474399999999999977e+02,-1.551354579607017614e+00
1.474600000000000080e+02,-1.770012570700033372e+00
1.474799999999999898e+02,-2.036319154801115250e+00
1.475000000000000000e+02,-2.357883786627224865e+00
1.475200000000000102e+02,-2.744969514303622127e+00
1.475399999999999920e+02,-3.210503462478137227e+00
1.475600000000000023e+02,-3.770262399856373570e+00
1.475800000000000125e+02,-4.443117732590135205e+00
1.475999999999999943e+02,-5.251210957160449944e+00
1.476200000000000045e+02,-6.219873285769193849e+00
1.476400000000000148e+02,-7.376981573007040716e+00
1.476599999999999966e+02,-8.751238691435492711e+00
1.476800000000000068e+02,-1.036855766777131116e+01
1.477000000000000171e+02,-1.224532355704045905e+01
1.477199999999999989e+02,-1.437694259663734719e+01
1.477400000000000091e+02,-1.672017879485497716e+01
1.477599999999999909e+02,-1.916934985830099336e+01
1.477800000000000011e+02,-2.153122658000398104e+01
1.478000000000000114e+02,-2.351298944172096839e+01
1.478199999999999932e+02,-2.474931477929326107e+01
1.478400000000000034e+02,-2.489532648605027276e+01
1.478600000000000136e+02,-2.377859035231561791e+01
1.478799999999999955e+02,-2.153270540517872078e+01
1.479000000000000057e+02,-1.859156139971497268e+01
1.479200000000000159e+02,-1.550117383726176357e+01
1.479399999999999977e+02,-1.267334894447463434e+01
1.479600000000000080e+02,-1.027128311432437258e+01
1.479799999999999898e+02,-8.278048639181903923e+00
1.480000000000000000e+02,-6.625373664210584046e+00
1.480200000000000102e+02,-5.264625582208354970e+00
1.480399999999999920e+02,-4.173579560057908644e+00
1.480600000000000023e+02,-3.340212439355895402e+00
1.480800000000000125e+02,-2.747121958810994968e+00
1.480999999999999943e+02,-2.362799066999956565e+00
1.481200000000000045e+02,-2.143978457991003062e+00
1.481400000000000148e+02,-2.047664476862095739e+00
1.481599999999999966e+02,-2.041531356645733819e+00
1.481800000000000068e+02,-2.105959828059364103e+00
1.482000000000000171e+02,-2.231069467712165633e+00
1.482199999999999989e+02,-2.413273146959175719e+00
1.482400000000000091e+02,-2.652914582743762129e+00
1.482599999999999909e+02,-2.952889025933869593e+00
1.482800000000000011e+02,-3.317813243801966294e+00
1.483000000000000114e+02,-3.753378889841789690e+00
1.483199999999999932e+02,-4.265605810389111241e+00
1.483400000000000034e+02,-4.859748971752318347e+00
1.483600000000000136e+02,-5.538594888454619891e+00
1.483799999999999955e+02,-6.299866609814878338e+00
1.484000000000000057e+02,-7.132480723561228864e+00
1.484200000000000159e+02,-8.011590550784900344e+00
1.484399999999999977e+02,-8.892881123635309137e+00
1.484600000000000080e+02,-9.707664058417364572e+00
1.484799999999999898e+02,-1.036198676212739045e+01
1.485000000000000000e+02,-1.074458261341640330e+01
1.485200000000000102e+02,-1.074816086878945320e+01
1.485399999999999920e+02,-1.030346424376782721e+01
1.485600000000000023e+02,-9.414981635861508380e+00
1.485800000000000125e+02,-8.177408083304950281e+00
1.485999999999999943e+02,-6.755451767505769034e+00
1.486200000000000045e+02,-5.331628691841826750e+00
1.486400000000000148e+02,-4.050898693361771663e+00
1.486599999999999966e+02,-2.992129271219462261e+00
1.486800000000000068e+02,-2.172894198733076987e+00
1.487000000000000171e+02,-1.571946580905242863e+00
1.487199999999999989e+02,-1.151474314201780702e+00
1.487400000000000091e+02,-8.714391928868709947e-01
1.487599999999999909e+02,-6.965186604600014375e-01
1.487800000000000011e+02,-5.985376420866257430e-01
1.488000000000000114e+02,-5.567254627733095873e-01
1.488199999999999932e+02,-5.571028148353716070e-01
1.488400000000000034e+02,-5.914314873871830969e-01
1.488600000000000136e+02,-6.555493267099210541e-01
1.488799999999999955e+02,-7.471475363818835813e-01
1.489000000000000057e+02,-8.641927564982190280e-01
1.489200000000000159e+02,-1.005077998421146424e+00
1.489399999999999977e+02,-1.169699324570352639e+00
1.489600000000000080e+02,-1.360113402031369656e+00
1.489799999999999898e+02,-1.580522523683574709e+00
1.490000000000000000e+02,-1.836984452889593999e+00
1.490200000000000102e+02,-2.137150826938732706e+00
1.490399999999999920e+02,-2.490105261345198162e+00
1.490600000000000023e+02,-2.906246763842975422e+00
1.490800000000000125e+02,-3.397097253464306021e+00
1.490999999999999943e+02,-3.974869564640195030e+00
1.491200000000000045e+02,-4.651556722560002299e+00
1.491400000000000148e+02,-5.437192324270355037e+00
1.491599999999999966e+02,-6.336796025288127687e+00
1.491800000000000068e+02,-7.345397193601010954e+00
1.492000000000000171e+02,-8.440589864774501905e+00
1.492199999999999989e+02,-9.572635011339240663e+00
1.492400000000000091e+02,-1.065377361388702049e+01
1.492599999999999909e+02,-1.155170496741493125e+01
1.492800000000000011e+02,-1.209667445255363560e+01
1.493000000000000114e+02,-1.211378197493325359e+01
1.493199999999999932e+02,-1.148430002998452792e+01
1.493400000000000034e+02,-1.021625159655346415e+01
1.493600000000000136e+02,-8.477563025269018837e+00
1.493799999999999955e+02,-6.550286596554606433e+00
1.494000000000000057e+02,-4.720577474234942450e+00
1.494200000000000159e+02,-3.178137125987395173e+00
1.494399999999999977e+02,-1.987765039623951457e+00
1.494600000000000080e+02,-1.125462997924832509e+00
1.494799999999999898e+02,-5.290800138441971168e-01
1.495000000000000000e+02,-1.313472068174680873e-01
1.495200000000000102e+02,1.262666109754467247e-01
1.495399999999999920e+02,2.902585403258559626e-01
1.495600000000000023e+02,3.961571743339482587e-01
1.495800000000000125e+02,4.710578844205054461e-01
1.495999999999999943e+02,5.360849133528199362e-01
1.496200000000000045e+02,6.072226807922248559e-01
1.496400000000000148e+02,6.938496713046133912e-01
1.496599999999999966e+02,7.980672890765243555e-01
1.496800000000000068e+02,9.181103709243690902e-01
1.497000000000000171e+02,1.052908441159216224e+00
1.497199999999999989e+02,1.204056999391427407e+00
1.497400000000000091e+02,1.375613745216029304e+00
1.497599999999999909e+02,1.573373819121138606e+00
1.497800000000000011e+02,1.804392076539569567e+00
1.498000000000000114e+02,2.076842073804404443e+00
1.498199999999999932e+02,2.400102216848458259e+00
1.498400000000000034e+02,2.784945177002498884e+00
1.498600000000000136e+02,3.243733145481183300e+00
1.498799999999999955e+02,3.790519567921190269e+00
1.499000000000000057e+02,4.440929744234879628e+00
1.499200000000000159e+02,5.211620031455518109e+00
1.499399999999999977e+02,6.118996163641108765e+00
1.499600000000000080e+02,7.176705614361558183e+00
1.499799999999999898e+02,8.391231198095660204e+00
1.500000000000000000e+02,9.754822208298387309e+00
1.500200000000000102e+02,1.123528937012462947e+01
1.500399999999999920e+02,1.276343634530910087e+01
1.500600000000000023e+02,1.422186161272244220e+01
1.500800000000000125e+02,1.544369104288761996e+01
1.500999999999999943e+02,1.623395022564230317e+01
1.501200000000000045e+02,1.642241345817544840e+01
1.501400000000000148e+02,1.593655459048696699e+01
1.501599999999999966e+02,1.485308533522786867e+01
1.501800000000000068e+02,1.337939212437745873e+01
1.502000000000000171e+02,1.176119007956646279e+01
1.502199999999999989e+02,1.017955917106674768e+01
1.502400000000000091e+02,8.712940396012777811e+00
1.502599999999999909e+02,7.373383814266531111e+00
1.502800000000000011e+02,6.159962411175571084e+00
1.503000000000000114e+02,5.083055554451616054e+00
1.503199999999999932e+02,4.161772106279023831e+00
1.503400000000000034e+02,3.414678718410983027e+00
1.503600000000000136e+02,2.853530447549309734e+00
1.503799999999999955e+02,2.478763186820939435e+00
1.504000000000000057e+02,2.274997946522872017e+00
1.504200000000000159e+02,2.211969965431172191e+00
1.504399999999999977e+02,2.255287082656799225e+00
1.504600000000000080e+02,2.378439598744352512e+00
1.504799999999999898e+02,2.566965113748137295e+00
1.505000000000000000e+02,2.816454022561139858e+00
1.505200000000000102e+02,3.129272849371436571e+00
1.505399999999999920e+02,3.512193123270352491e+00
1.505600000000000023e+02,3.975099707039083441e+00
1.505800000000000125e+02,4.530391924593657471e+00
1.505999999999999943e+02,5.192684038541203861e+00
1.506200000000000045e+02,5.978487532783147707e+00
1.506400000000000148e+02,6.905576163847907623e+00
1.506599999999999966e+02,7.991688160600980417e+00
1.506800000000000068e+02,9.252097987240095023e+00
1.507000000000000171e+02,1.069543043468306820e+01
1.507199999999999989e+02,1.231695995197958382e+01
1.507400000000000091e+02,1.408872960185079037e+01
1.507599999999999909e+02,1.594653221305586754e+01
1.507800000000000011e+02,1.777575923373604283e+01
1.508000000000000114e+02,1.940195048284569879e+01
1.508199999999999932e+02,2.059706276525894708e+01
1.508400000000000034e+02,2.111529036691679906e+01
1.508600000000000136e+02,2.076461156637054017e+01
1.508799999999999955e+02,1.949535482060679570e+01
1.509000000000000057e+02,1.745550556350320903e+01
1.509200000000000159e+02,1.495988427631875162e+01
1.509399999999999977e+02,1.237343965034660620e+01
1.509600000000000080e+02,9.980606131222776511e+00
1.509799999999999898e+02,7.923482478803768103e+00
1.510000000000000000e+02,6.225023938562716630e+00
1.510200000000000102e+02,4.848056960843705632e+00
1.510399999999999920e+02,3.740660684229661470e+00
1.510600000000000023e+02,2.855510201031643103e+00
1.510800000000000125e+02,2.153437159618360131e+00
1.510999999999999943e+02,1.601969014353194609e+00
1.511200000000000045e+02,1.173628963936617753e+00
1.511400000000000148e+02,8.449934762055778537e-01
1.511599999999999966e+02,5.962826220851470405e-01
1.511800000000000068e+02,4.111224646533817029e-01
1.512000000000000171e+02,2.761835809603326863e-01
1.512199999999999989e+02,1.804354015686314427e-01
1.512400000000000091e+02,1.140965078207855088e-01
1.512599999999999909e+02,6.826333841064542718e-02
1.512800000000000011e+02,3.580554125892067979e-02
1.513000000000000114e+02,1.198874308748722022e-02
1.513199999999999932e+02,-6.087044557196877835e-03
1.513400000000000034e+02,-2.030569438155967188e-02
1.513600000000000136e+02,-3.201317286179795191e-02
1.513799999999999955e+02,-4.223116333580593379e-02
1.514000000000000057e+02,-5.176199424837813617e-02
1.514200000000000159e+02,-6.125665654560309703e-02
1.514399999999999977e+02,-7.126807002868108809e-02
1.514600000000000080e+02,-8.229644583324891016e-02
1.514799999999999898e+02,-9.482927126084969571e-02
1.515000000000000000e+02,-1.093795021292468250e-01
1.515200000000000102e+02,-1.265253474802142952e-01
1.515399999999999920e+02,-1.469576056277341336e-01
1.515600000000000023e+02,-1.715425240900874670e-01
1.515800000000000125e+02,-2.014135481208083889e-01
1.515999999999999943e+02,-2.381135997616761757e-01
1.516200000000000045e+02,-2.838232250865979078e-01
1.516400000000000148e+02,-3.417305457628465049e-01
1.516599999999999966e+02,-4.166238525994225839e-01
1.516800000000000068e+02,-5.158033173051418396e-01
1.517000000000000171e+02,-6.503658023713198011e-01
1.517199999999999989e+02,-8.366989266583494400e-01
1.517400000000000091e+02,-1.097406442521404513e+00
1.517599999999999909e+02,-1.459667762643522604e+00
1.517800000000000011e+02,-1.947597091841150929e+00
1.518000000000000114e+02,-2.565756461439071767e+00
1.518199999999999932e+02,-3.277875186178517808e+00
1.518400000000000034e+02,-3.998143927873771375e+00
1.518600000000000136e+02,-4.616237008379314943e+00
1.518799999999999955e+02,-5.048758906289125825e+00
1.519000000000000057e+02,-5.269681268563373600e+00
1.519200000000000159e+02,-5.292505228304546172e+00
1.519399999999999977e+02,-5.148111332951235575e+00
1.519600000000000080e+02,-4.891009903256819946e+00
1.519799999999999898e+02,-4.600641815296235393e+00
1.520000000000000000e+02,-4.360197569375219295e+00
1.520200000000000102e+02,-4.230693720172378214e+00
1.520399999999999920e+02,-4.235705712538025303e+00
1.520600000000000023e+02,-4.364556621883112442e+00
1.520800000000000125e+02,-4.591075439585427631e+00
1.520999999999999943e+02,-4.892334026295549698e+00
1.521200000000000045e+02,-5.256633623655834420e+00
1.521400000000000148e+02,-5.682815567959687897e+00
1.521599999999999966e+02,-6.176642519227571348e+00
1.521800000000000068e+02,-6.747416975172038534e+00
1.522000000000000171e+02,-7.405570612015238474e+00
1.522199999999999989e+02,-8.160959041203293296e+00
1.522400000000000091e+02,-9.021373178059482356e+00
1.522599999999999909e+02,-9.990811952917097116e+00
1.522800000000000011e+02,-1.106716223037500235e+01
1.523000000000000114e+02,-1.223907074999440248e+01
1.523199999999999932e+02,-1.348202652883925268e+01
1.523400000000000034e+02,-1.475408252776421314e+01
1.523600000000000136e+02,-1.599231355814366928e+01
1.523799999999999955e+02,-1.711198796545092904e+01
1.524000000000000057e+02,-1.801118015869290190e+01
1.524200000000000159e+02,-1.858336223161706258e+01
1.524399999999999977e+02,-1.873830354488718442e+01
1.524600000000000080e+02,-1.842697895269489550e+01
1.524799999999999898e+02,-1.766098947087565207e+01
1.525000000000000000e+02,-1.651562781319139361e+01
1.525200000000000102e+02,-1.511195565081785652e+01
1.525399999999999920e+02,-1.358488482989346480e+01
1.525600000000000023e+02,-1.205250521736095592e+01
1.525800000000000125e+02,-1.059945995859254353e+01
1.525999999999999943e+02,-9.276585938931349418e+00
1.526200000000000045e+02,-8.110002368420330399e+00
1.526400000000000148e+02,-7.111392309163099057e+00
1.526599999999999966e+02,-6.285097930700579205e+00
1.526800000000000068e+02,-5.631561995541790822e+00
1.527000000000000171e+02,-5.148268360133691601e+00
1.527199999999999989e+02,-4.829447640767510208e+00
1.527400000000000091e+02,-4.665725250463755636e+00
1.527599999999999909e+02,-4.644771361067361326e+00
1.527800000000000011e+02,-4.753301554705771537e+00
1.528000000000000114e+02,-4.979672675411528360e+00
1.528199999999999932e+02,-5.315897074201263450e+00
1.528400000000000034e+02,-5.758470053832228430e+00
1.528600000000000136e+02,-6.308139658011331363e+00
1.528799999999999955e+02,-6.969011816628839284e+00
1.529000000000000057e+02,-7.747254598608956933e+00
1.529200000000000159e+02,-8.649432442005556609e+00
1.529399999999999977e+02,-9.680317943418483395e+00
1.529600000000000080e+02,-1.083992722143805665e+01
1.529799999999999898e+02,-1.211951891686513605e+01
1.530000000000000000e+02,-1.349644238999272083e+01
1.530200000000000102e+02,-1.492812866525418336e+01
1.530399999999999920e+02,-1.634633585466005101e+01
1.530600000000000023e+02,-1.765403142906611222e+01
1.530800000000000125e+02,-1.872869582268830868e+01
1.530999999999999943e+02,-1.943628601337479012e+01
1.531200000000000045e+02,-1.965776004112743536e+01
1.531400000000000148e+02,-1.932358776397056133e+01
1.531599999999999966e+02,-1.844299776659038059e+01
1.531800000000000068e+02,-1.711078878887513355e+01
1.532000000000000171e+02,-1.548288985946267537e+01
1.532199999999999989e+02,-1.373047161185416343e+01
1.532400000000000091e+02,-1.199655971181901570e+01
1.532599999999999909e+02,-1.037513166562964173e+01
1.532800000000000011e+02,-8.914728894279090099e+00
1.533000000000000114e+02,-7.634242379055133476e+00
1.533199999999999932e+02,-6.537931168763849499e+00
1.533400000000000034e+02,-5.624363369034605320e+00
1.533600000000000136e+02,-4.890111626264594058e+00
1.533799999999999955e+02,-4.330544339335960835e+00
1.534000000000000057e+02,-3.939176883931044593e+00
1.534200000000000159e+02,-3.706416074472045796e+00
1.534399999999999977e+02,-3.618905685962464869e+00
1.534600000000000080e+02,-3.660802528409195400e+00
1.534799999999999898e+02,-3.816870197557748590e+00
1.535000000000000000e+02,-4.075634749775259635e+00
1.535200000000000102e+02,-4.431089549819210660e+00
1.535399999999999920e+02,-4.882840283048347274e+00
1.535600000000000023e+02,-5.435363580673679529e+00
1.535800000000000125e+02,-6.096956388847907249e+00
1.535999999999999943e+02,-6.878580372477459015e+00
1.536200000000000045e+02,-7.792512610948094220e+00
1.536400000000000148e+02,-8.850536888346296038e+00
1.536599999999999966e+02,-1.006129461886661680e+01
1.536800000000000068e+02,-1.142634160742016469e+01
1.537000000000000171e+02,-1.293447426352437368e+01
1.537199999999999989e+02,-1.455413827520661663e+01
1.537400000000000091e+02,-1.622446471560184733e+01
1.537599999999999909e+02,-1.784699689130970413e+01
1.537800000000000011e+02,-1.928254997442373764e+01
1.538000000000000114e+02,-2.036006934457369155e+01
1.538199999999999932e+02,-2.090428389132074827e+01
1.538400000000000034e+02,-2.078253248580933388e+01
1.538600000000000136e+02,-1.995700424642861748e+01
1.538799999999999955e+02,-1.851448220865084693e+01
1.539000000000000057e+02,-1.664810784854802606e+01
1.539200000000000159e+02,-1.459324790746021883e+01
1.539399999999999977e+02,-1.255327982124088493e+01
1.539600000000000080e+02,-1.065719504034020737e+01
1.539799999999999898e+02,-8.961913740476672885e+00
1.540000000000000000e+02,-7.479523288859712515e+00
1.540200000000000102e+02,-6.203443908914569427e+00
1.540399999999999920e+02,-5.122469862308368427e+00
1.540600000000000023e+02,-4.225238517677254890e+00
1.540800000000000125e+02,-3.500882826199846143e+00
1.540999999999999943e+02,-2.939129212700167582e+00
1.541200000000000045e+02,-2.530304524739588778e+00
1.541400000000000148e+02,-2.264385600707523594e+00
1.541599999999999966e+02,-2.128829920758588123e+00
1.541800000000000068e+02,-2.107233879492879325e+00
1.542000000000000171e+02,-2.181444682524238399e+00
1.542199999999999989e+02,-2.336031892738111182e+00
1.542400000000000091e+02,-2.561495278659340791e+00
1.542599999999999909e+02,-2.854865114752805244e+00
1.542800000000000011e+02,-3.218827732723531732e+00
1.543000000000000114e+02,-3.660630541787411651e+00
1.543199999999999932e+02,-4.191272975347271057e+00
1.543400000000000034e+02,-4.824998885406005300e+00
1.543600000000000136e+02,-5.578922920805371000e+00
1.543799999999999955e+02,-6.472556086808789466e+00
1.544000000000000057e+02,-7.526927209637109151e+00
1.544200000000000159e+02,-8.762883444989659765e+00
1.544399999999999977e+02,-1.019797350305862693e+01
1.544600000000000080e+02,-1.184111316701003069e+01
1.544799999999999898e+02,-1.368409449863261429e+01
1.545000000000000000e+02,-1.568922589262034251e+01
1.545200000000000102e+02,-1.777354266151177598e+01
1.545399999999999920e+02,-1.979297181892506430e+01
1.545600000000000023e+02,-2.153513375611987613e+01
1.545800000000000125e+02,-2.273555525128986687e+01
1.545999999999999943e+02,-2.313244671432353883e+01
1.546200000000000045e+02,-2.255893923241722732e+01
1.546400000000000148e+02,-2.103585187371000842e+01
1.546599999999999966e+02,-1.879859943725707438e+01
1.546800000000000068e+02,-1.621587263019912228e+01
1.547000000000000171e+02,-1.364013780543802845e+01
1.547199999999999989e+02,-1.129243291949750905e+01
1.547400000000000091e+02,-9.248532353048178223e+00
1.547599999999999909e+02,-7.498661352917756595e+00
1.547800000000000011e+02,-6.009493245891495583e+00
1.548000000000000114e+02,-4.752565682448997464e+00
1.548199999999999932e+02,-3.707306427460907106e+00
1.548400000000000034e+02,-2.856595924482213000e+00
1.548600000000000136e+02,-2.183756734779404685e+00
1.548799999999999955e+02,-1.671974166533421347e+00
1.549000000000000057e+02,-1.304173993156306111e+00
1.549200000000000159e+02,-1.061371284274061910e+00
1.549399999999999977e+02,-9.204871608928852922e-01
1.549600000000000080e+02,-8.561927320506690364e-01
1.549799999999999898e+02,-8.468819267071521217e-01
1.550000000000000000e+02,-8.784224916901826052e-01
1.550200000000000102e+02,-9.435475908031816239e-01
1.550399999999999920e+02,-1.039712013323550233e+00
1.550600000000000023e+02,-1.167414962113595411e+00
1.550800000000000125e+02,-1.329285485257057031e+00
1.550999999999999943e+02,-1.529687595830075963e+00
1.551200000000000045e+02,-1.774610403509794487e+00
1.551400000000000148e+02,-2.071698058118650820e+00
1.551599999999999966e+02,-2.430323795014246002e+00
1.551800000000000068e+02,-2.861628560314434910e+00
1.552000000000000171e+02,-3.378416428470567112e+00
1.552199999999999989e+02,-3.994742814832108024e+00
1.552400000000000091e+02,-4.724921814507387907e+00
1.552599999999999909e+02,-5.581518199018764115e+00
1.552800000000000011e+02,-6.571674777977328574e+00
1.553000000000000114e+02,-7.690918838353907105e+00
1.553199999999999932e+02,-8.913593620127215900e+00
1.553400000000000034e+02,-1.017976581578543893e+01
1.553600000000000136e+02,-1.138076592826082312e+01
1.553799999999999955e+02,-1.235041178947381901e+01
1.554000000000000057e+02,-1.287583628658189383e+01
1.554200000000000159e+02,-1.274487220380688868e+01
1.554399999999999977e+02,-1.183332082879501179e+01
1.554600000000000080e+02,-1.019708485212200522e+01
1.554799999999999898e+02,-8.096594181732598372e+00
1.555000000000000000e+02,-5.904409694383306650e+00
1.555200000000000102e+02,-3.944788445378231145e+00
1.555399999999999920e+02,-2.384587891988191100e+00
1.555600000000000023e+02,-1.238647711865338730e+00
1.555800000000000125e+02,-4.405127615027042975e-01
1.555999999999999943e+02,9.672365311378056107e-02
1.556200000000000045e+02,4.526315089570536188e-01
1.556400000000000148e+02,6.925207507303626775e-01
1.556599999999999966e+02,8.683017452216243992e-01
1.556800000000000068e+02,1.020171103010776070e+00
1.557000000000000171e+02,1.175682625212768340e+00
1.557199999999999989e+02,1.347935210931813454e+00
1.557400000000000091e+02,1.538699288224314898e+00
1.557599999999999909e+02,1.746157849012103025e+00
1.557800000000000011e+02,1.970756570088053827e+00
1.558000000000000114e+02,2.216717167579754566e+00
1.558199999999999932e+02,2.491243561792432892e+00
1.558400000000000034e+02,2.803406831524549059e+00
1.558600000000000136e+02,3.163412741215647639e+00
1.558799999999999955e+02,3.582254424545502580e+00
1.559000000000000057e+02,4.071550438743036793e+00
1.559200000000000159e+02,4.643343214115287942e+00
1.559399999999999977e+02,5.309639331448864574e+00
1.559600000000000080e+02,6.081447061725773651e+00
1.559799999999999898e+02,6.967017274691201578e+00
1.560000000000000000e+02,7.968940447358630053e+00
1.560200000000000102e+02,9.079760879336927104e+00
1.560399999999999920e+02,1.027599464383585470e+01
1.560600000000000023e+02,1.151109998044881877e+01
1.560800000000000125e+02,1.270932373337970667e+01
1.560999999999999943e+02,1.376441330686412279e+01
1.561200000000000045e+02,1.454896885526560268e+01
1.561400000000000148e+02,1.493914015371943904e+01
1.561599999999999966e+02,1.485225138291861313e+01
1.561800000000000068e+02,1.428244917558783200e+01
1.562000000000000171e+02,1.331124798730175485e+01
1.562199999999999989e+02,1.207954186329750357e+01
1.562400000000000091e+02,1.073457120644224183e+01
1.562599999999999909e+02,9.385617537551427247e+00
1.562800000000000011e+02,8.092705670115472927e+00
1.563000000000000114e+02,6.882676425373658979e+00
1.563199999999999932e+02,5.769618464687097159e+00
1.563400000000000034e+02,4.764976976503622730e+00
1.563600000000000136e+02,3.878193015104065999e+00
1.563799999999999955e+02,3.114439541894761909e+00
1.564000000000000057e+02,2.473549026869563683e+00
1.564200000000000159e+02,1.950849365945659164e+00
1.564399999999999977e+02,1.539090281700826290e+00
1.564600000000000080e+02,1.230297474332819885e+00
1.564799999999999898e+02,1.016276199144796166e+00
1.565000000000000000e+02,8.870060242680486429e-01
1.565200000000000102e+02,8.288198231672798677e-01
1.565399999999999920e+02,8.261124680989877511e-01
1.565600000000000023e+02,8.657048637093963661e-01
1.565800000000000125e+02,9.393571671036541337e-01
1.565999999999999943e+02,1.043518385799719006e+00
1.566200000000000045e+02,1.178137869453244280e+00
1.566400000000000148e+02,1.345705680713865871e+00
1.566599999999999966e+02,1.550729244324847933e+00
1.566800000000000068e+02,1.799538098849731371e+00
1.567000000000000171e+02,2.100292157679215954e+00
1.567199999999999989e+02,2.463103471988019599e+00
1.567400000000000091e+02,2.900202913545773420e+00
1.567599999999999909e+02,3.426074444047231271e+00
1.567800000000000011e+02,4.057445566972478268e+00
1.568000000000000114e+02,4.812946015908434738e+00
1.568199999999999932e+02,5.712120896149097682e+00
1.568400000000000034e+02,6.773290518305974395e+00
1.568600000000000136e+02,8.009493922754350237e+00
1.568799999999999955e+02,9.421510055417304130e+00
1.569000000000000057e+02,1.098698042979036948e+01
1.569200000000000159e+02,1.264557069810621925e+01
1.569399999999999977e+02,1.428297601636501035e+01
1.569600000000000080e+02,1.572234572863703228e+01
1.569799999999999898e+02,1.673888216830388131e+01
1.570000000000000000e+02,1.711397483033537981e+01
1.570200000000000102e+02,1.672542779791256251e+01
1.570399999999999920e+02,1.562857767398192621e+01
1.570600000000000023e+02,1.405706878047393182e+01
1.570800000000000125e+02,1.231612551571994274e+01
1.570999999999999943e+02,1.063869002693100541e+01
1.571200000000000045e+02,9.118831889041155492e+00
1.571400000000000148e+02,7.757425832418206824e+00
1.571599999999999966e+02,6.542186839414132038e+00
1.571800000000000068e+02,5.484363288121063107e+00
1.572000000000000171e+02,4.612088711724721790e+00
1.572199999999999989e+02,3.951772506198450774e+00
1.572400000000000091e+02,3.512759688784835355e+00
1.572599999999999909e+02,3.279020777645807794e+00
1.572800000000000011e+02,3.213733368066209017e+00
1.573000000000000114e+02,3.275755042599184375e+00
1.573199999999999932e+02,3.434131998178764800e+00
1.573400000000000034e+02,3.672156247577907706e+00
1.573600000000000136e+02,3.984647750394919807e+00
1.573799999999999955e+02,4.373993520277331903e+00
1.574000000000000057e+02,4.847204221538556013e+00
1.574200000000000159e+02,5.414127489525395021e+00
1.574399999999999977e+02,6.086352308462736893e+00
1.574600000000000080e+02,6.876306566752790950e+00
1.574799999999999898e+02,7.796113904720000320e+00
1.575000000000000000e+02,8.855799291311189592e+00
1.575200000000000102e+02,1.006042019813805410e+01
1.575399999999999920e+02,1.140568411443388541e+01
1.575600000000000023e+02,1.287171486327616954e+01
1.575800000000000125e+02,1.441503404370503461e+01
1.575999999999999943e+02,1.595981855661219129e+01
1.576200000000000045e+02,1.739134580940556063e+01
1.576400000000000148e+02,1.855707396276154597e+01
1.576599999999999966e+02,1.928264751416581291e+01
1.576800000000000068e+02,1.940805840987079378e+01
1.577000000000000171e+02,1.883963128331288317e+01
1.577199999999999989e+02,1.759769522942940512e+01
1.577400000000000091e+02,1.582963263211973626e+01
1.577599999999999909e+02,1.377011003881379914e+01
1.577800000000000011e+02,1.166451519514597557e+01
1.578000000000000114e+02,9.699242257186359240e+00
1.578199999999999932e+02,7.974135587892987154e+00
1.578400000000000034e+02,6.516991445334534561e+00
1.578600000000000136e+02,5.314789107369294108e+00
1.578799999999999955e+02,4.339318166766166662e+00
1.579000000000000057e+02,3.560751602671214044e+00
1.579200000000000159e+02,2.952692587429456506e+00
1.579399999999999977e+02,2.493450880950564663e+00
1.579600000000000080e+02,2.166088440224084533e+00
1.579799999999999898e+02,1.957729429285324008e+00
1.580000000000000000e+02,1.857750655726968070e+00
1.580200000000000102e+02,1.855219376876905413e+00
1.580399999999999920e+02,1.937698148914077878e+00
1.580600000000000023e+02,2.093032028633621255e+00
1.580800000000000125e+02,2.312473556726556634e+00
1.580999999999999943e+02,2.592516329415141207e+00
1.581200000000000045e+02,2.934942279254004749e+00
1.581400000000000148e+02,3.346038080550473470e+00
1.581599999999999966e+02,3.835781100514134234e+00
1.581800000000000068e+02,4.417254486650965539e+00
1.582000000000000171e+02,5.106228849876969456e+00
1.582199999999999989e+02,5.920719470550180219e+00
1.582400000000000091e+02,6.880244375736075391e+00
1.582599999999999909e+02,8.004417464753821321e+00
1.582800000000000011e+02,9.310352586385191032e+00
1.583000000000000114e+02,1.080816930355641325e+01
1.583199999999999932e+02,1.249372731108061529e+01
1.583400000000000034e+02,1.433780030291730689e+01
1.583600000000000136e+02,1.627167962497776088e+01
1.583799999999999955e+02,1.817143318645821282e+01
1.584000000000000057e+02,1.984747944376124451e+01
1.584200000000000159e+02,2.105218807827988314e+01
1.584399999999999977e+02,2.152138645565722186e+01
1.584600000000000080e+02,2.105613369825520920e+01
1.584799999999999898e+02,1.962120859149060337e+01
1.585000000000000000e+02,1.740056944909861869e+01
1.585200000000000102e+02,1.475148225764038301e+01
1.585399999999999920e+02,1.206611488876408878e+01
1.585600000000000023e+02,9.630171410809651888e+00
1.585800000000000125e+02,7.568891758426114613e+00
1.585999999999999943e+02,5.885863376299357519e+00
1.586200000000000045e+02,4.531250042774271236e+00
1.586400000000000148e+02,3.447481026814205762e+00
1.586599999999999966e+02,2.585530842443984234e+00
1.586800000000000068e+02,1.906124721853416748e+00
1.587000000000000171e+02,1.377288124706250727e+00
1.587199999999999989e+02,9.723751638191359126e-01
1.587400000000000091e+02,6.688997705938578564e-01
1.587599999999999909e+02,4.474162902664485242e-01
1.587800000000000011e+02,2.900097788630037199e-01
1.588000000000000114e+02,1.794772442432832904e-01
1.588199999999999932e+02,1.007879652110122148e-01
1.588400000000000034e+02,4.309634995026300625e-02
1.588600000000000136e+02,-4.381105349364949127e-04
1.588799999999999955e+02,-3.417650216266954200e-02
1.589000000000000057e+02,-6.118006708685838624e-02
1.589200000000000159e+02,-8.377465487480866002e-02
1.589399999999999977e+02,-1.037980293909109425e-01
1.589600000000000080e+02,-1.227366758978550992e-01
1.589799999999999898e+02,-1.418304829526386979e-01
1.590000000000000000e+02,-1.621649226617338235e-01
1.590200000000000102e+02,-1.847595952239963202e-01
1.590399999999999920e+02,-2.106560274338216132e-01
1.590600000000000023e+02,-2.410163093649339838e-01
1.590800000000000125e+02,-2.772447694661396844e-01
1.590999999999999943e+02,-3.211555744892443665e-01
1.591200000000000045e+02,-3.752181905771778125e-01
1.591400000000000148e+02,-4.429259005404249105e-01
1.591599999999999966e+02,-5.293418937031667548e-01
1.591800000000000068e+02,-6.418626542658392164e-01
1.592000000000000171e+02,-7.911513740892678337e-01
1.592199999999999989e+02,-9.919374487654920580e-01
1.592400000000000091e+02,-1.262826827623592107e+00
1.592599999999999909e+02,-1.623431637542449346e+00
1.592800000000000011e+02,-2.086626464215279864e+00
1.593000000000000114e+02,-2.645362675793700102e+00
1.593199999999999932e+02,-3.259232406864325693e+00
1.593400000000000034e+02,-3.853374785768213684e+00
1.593600000000000136e+02,-4.340123526899107631e+00
1.593799999999999955e+02,-4.653707879465712516e+00
1.594000000000000057e+02,-4.769738883881141867e+00
1.594200000000000159e+02,-4.697665931977019760e+00
1.594399999999999977e+02,-4.467857589683521091e+00
1.594600000000000080e+02,-4.128703777582380496e+00
1.594799999999999898e+02,-3.742663860989844160e+00
1.595000000000000000e+02,-3.375018619327310176e+00
1.595200000000000102e+02,-3.082103191830294353e+00
1.595399999999999920e+02,-2.902520658699065059e+00
1.595600000000000023e+02,-2.850476399129807881e+00
1.595800000000000125e+02,-2.915571035506808961e+00
1.595999999999999943e+02,-3.074168124027310434e+00
1.596200000000000045e+02,-3.304646658385125058e+00
1.596400000000000148e+02,-3.595374247977801030e+00
1.596599999999999966e+02,-3.944753917169768087e+00
1.596800000000000068e+02,-4.358286329110568680e+00
1.597000000000000171e+02,-4.845823294661715686e+00
1.597199999999999989e+02,-5.419793085676962718e+00
1.597400000000000091e+02,-6.094169720594711848e+00
1.597599999999999909e+02,-6.883742836736267634e+00
1.597800000000000011e+02,-7.803258787966692367e+00
1.598000000000000114e+02,-8.866026946401124320e+00
1.598199999999999932e+02,-1.008157113121820458e+01
1.598400000000000034e+02,-1.145187316038164660e+01
1.598600000000000136e+02,-1.296578837886844759e+01
1.598799999999999955e+02,-1.459146685825573186e+01
1.599000000000000057e+02,-1.626735678620038783e+01
1.599200000000000159e+02,-1.789390750922327911e+01
1.599399999999999977e+02,-1.933050474185445111e+01
1.599600000000000080e+02,-2.040461508788128953e+01
1.599799999999999898e+02,-2.093999892240256244e+01
1.600000000000000000e+02,-2.080423423945703121e+01
1.600200000000000102e+02,-1.996137295430487413e+01
1.600399999999999920e+02,-1.850131619122521798e+01
1.600600000000000023e+02,-1.662036092858084046e+01
1.600800000000000125e+02,-1.455570654084856841e+01
1.600999999999999943e+02,-1.251071596187933821e+01
1.601200000000000045e+02,-1.061310827404721735e+01
1.601400000000000148e+02,-8.918301317353032331e+00
1.601599999999999966e+02,-7.437297257861510857e+00
1.601800000000000068e+02,-6.162918327154359943e+00
1.602000000000000171e+02,-5.083642775036147476e+00
1.602199999999999989e+02,-4.187885780223878029e+00
1.602400000000000091e+02,-3.464568879773324728e+00
1.602599999999999909e+02,-2.903218671632111114e+00
1.602800000000000011e+02,-2.494024852553714311e+00
1.603000000000000114e+02,-2.226951965085998797e+00
1.603199999999999932e+02,-2.089566135335072072e+00
1.603400000000000034e+02,-2.065575716733616396e+00
1.603600000000000136e+02,-2.136824952189646076e+00
1.603799999999999955e+02,-2.287773473767427124e+00
1.604000000000000057e+02,-2.508777466685271129e+00
1.604200000000000159e+02,-2.796729609308684417e+00
1.604399999999999977e+02,-3.154185745304246780e+00
1.604600000000000080e+02,-3.588261957783817291e+00
1.604799999999999898e+02,-4.109824488507528351e+00
1.605000000000000000e+02,-4.732992627425246290e+00
1.605200000000000102e+02,-5.474790230337979402e+00
1.605399999999999920e+02,-6.354716682292879781e+00
1.605600000000000023e+02,-7.393943929485412347e+00
1.605800000000000125e+02,-8.613736291699760628e+00
1.605999999999999943e+02,-1.003251280818418323e+01
1.606200000000000045e+02,-1.166076187134422071e+01
1.606400000000000148e+02,-1.349285497896710595e+01
1.606599999999999966e+02,-1.549496679797413279e+01
1.606800000000000068e+02,-1.758932966741539161e+01
1.607000000000000171e+02,-1.963780135585192355e+01
1.607199999999999989e+02,-2.143288902958068221e+01
1.607400000000000091e+02,-2.271074437669190260e+01
1.607599999999999909e+02,-2.320221503309299393e+01
1.607800000000000011e+02,-2.272372584269939821e+01
1.608000000000000114e+02,-2.127457477536693276e+01
1.608199999999999932e+02,-1.907407858218182284e+01
1.608400000000000034e+02,-1.648935433707292830e+01
1.608600000000000136e+02,-1.388543090659750412e+01
1.608799999999999955e+02,-1.150020985302696630e+01
1.609000000000000057e+02,-9.420774206945992546e+00
1.609200000000000159e+02,-7.640901315465303156e+00
1.609399999999999977e+02,-6.126641323359966584e+00
1.609600000000000080e+02,-4.848320514247961732e+00
1.609799999999999898e+02,-3.784882782587740468e+00
1.610000000000000000e+02,-2.919368754458765647e+00
1.610200000000000102e+02,-2.235520313611570664e+00
1.610399999999999920e+02,-1.716872969646262792e+00
1.610600000000000023e+02,-1.346282774890586564e+00
1.610800000000000125e+02,-1.103938044179195277e+00
1.610999999999999943e+02,-9.653958888055582666e-01
1.611200000000000045e+02,-9.043197369156918963e-01
1.611400000000000148e+02,-8.988798249676694940e-01
1.611599999999999966e+02,-9.351450237498694085e-01
1.611800000000000068e+02,-1.006118134894621763e+00
1.612000000000000171e+02,-1.109498295959739478e+00
1.612199999999999989e+02,-1.246018906739221777e+00
1.612400000000000091e+02,-1.418558904562932987e+00
1.612599999999999909e+02,-1.631763171754219366e+00
1.612800000000000011e+02,-1.891936321641367380e+00
1.613000000000000114e+02,-2.207064287444882034e+00
1.613199999999999932e+02,-2.586862850513233614e+00
1.613400000000000034e+02,-3.042763484275648356e+00
1.613600000000000136e+02,-3.587710942672074577e+00
1.613799999999999955e+02,-4.235580122245472978e+00
1.614000000000000057e+02,-4.999897669095932251e+00
1.614200000000000159e+02,-5.891381235117920667e+00
1.614399999999999977e+02,-6.913598789587621418e+00
1.614600000000000080e+02,-8.055897790583497198e+00
1.614799999999999898e+02,-9.282931774819585868e+00
1.615000000000000000e+02,-1.052121692136251596e+01
1.615200000000000102e+02,-1.164612639059546062e+01
1.615399999999999920e+02,-1.247823384562726723e+01
1.615600000000000023e+02,-1.280409630477373106e+01
1.615800000000000125e+02,-1.243555610539018730e+01
1.615999999999999943e+02,-1.130078621016322771e+01
1.616200000000000045e+02,-9.519554979736057021e+00
1.616400000000000148e+02,-7.392415458057215893e+00
1.616599999999999966e+02,-5.282041700585112132e+00
1.616800000000000068e+02,-3.463040768430635907e+00
1.617000000000000171e+02,-2.049662698323780230e+00
1.617199999999999989e+02,-1.027142263027186253e+00
1.617400000000000091e+02,-3.217557427210870347e-01
1.617599999999999909e+02,1.499475273462892722e-01
1.617800000000000011e+02,4.613081783975009897e-01
1.618000000000000114e+02,6.716456273823461220e-01
1.618199999999999932e+02,8.278804277549544066e-01
1.618400000000000034e+02,9.662404133160634734e-01
1.618600000000000136e+02,1.111224941830203372e+00
1.618799999999999955e+02,1.273905894732489941e+00
1.619000000000000057e+02,1.455190984532535259e+00
1.619200000000000159e+02,1.653225859230296191e+00
1.619399999999999977e+02,1.868649327524930071e+00
1.619600000000000080e+02,2.105757564712078977e+00
1.619799999999999898e+02,2.371660767675935588e+00
1.620000000000000000e+02,2.675247860693840352e+00
1.620200000000000102e+02,3.026548781537092836e+00
1.620399999999999920e+02,3.436462953155383193e+00
1.620600000000000023e+02,3.916658091619020787e+00
1.620800000000000125e+02,4.479428672245351351e+00
1.620999999999999943e+02,5.137310396342007479e+00
1.621200000000000045e+02,5.902213503470156830e+00
1.621400000000000148e+02,6.783782732816541206e+00
1.621599999999999966e+02,7.786615764155117247e+00
1.621800000000000068e+02,8.905949051095374713e+00
1.622000000000000171e+02,1.012158345797518244e+01
1.622199999999999989e+02,1.139041177409631800e+01
1.622400000000000091e+02,1.263924306205624326e+01
1.622599999999999909e+02,1.376180753353588315e+01
1.622800000000000011e+02,1.462608513297650781e+01
1.623000000000000114e+02,1.509787668474086608e+01
1.623199999999999932e+02,1.508002015391455330e+01
1.623400000000000034e+02,1.455320916665419340e+01
1.623600000000000136e+02,1.359309702482412696e+01
1.623799999999999955e+02,1.234537254527429262e+01
1.624000000000000057e+02,1.096913700972380212e+01
1.624200000000000159e+02,9.585065465579601707e+00
1.624399999999999977e+02,8.259003669712006612e+00
1.624600000000000080e+02,7.018491579310592421e+00
1.624799999999999898e+02,5.876493833717084669e+00
1.625000000000000000e+02,4.843775407653597931e+00
1.625200000000000102e+02,3.929815428016184331e+00
1.625399999999999920e+02,3.139875956130238066e+00
1.625600000000000023e+02,2.473257576056633322e+00
1.625800000000000125e+02,1.923731037952921774e+00
1.625999999999999943e+02,1.481338073291954105e+00
1.626200000000000045e+02,1.134619703747102415e+00
1.626400000000000148e+02,8.726307098885868196e-01
1.626599999999999966e+02,6.861167336665394689e-01
1.626800000000000068e+02,5.668820560678637932e-01
1.627000000000000171e+02,5.051997483189356597e-01
1.627199999999999989e+02,4.886103547071984354e-01
1.627400000000000091e+02,5.049824755705285551e-01
1.627599999999999909e+02,5.459683234799340701e-01
1.627800000000000011e+02,6.074772194732184216e-01
1.628000000000000114e+02,6.885595882496668985e-01
1.628199999999999932e+02,7.903709234226498070e-01
1.628400000000000034e+02,9.155972797697244925e-01
1.628600000000000136e+02,1.068230642524737206e+00
1.628799999999999955e+02,1.253556320222896092e+00
1.629000000000000057e+02,1.478269321334532149e+00
1.629200000000000159e+02,1.750677005752221849e+00
1.629399999999999977e+02,2.080961129325670456e+00
1.629600000000000080e+02,2.481475211505300482e+00
1.629799999999999898e+02,2.967036368050862016e+00
1.630000000000000000e+02,3.555135953704865237e+00
1.630200000000000102e+02,4.265926359761319731e+00
1.630399999999999920e+02,5.121722695375250822e+00
1.630600000000000023e+02,6.145563134587717968e+00
1.630800000000000125e+02,7.358078753362308433e+00
1.630999999999999943e+02,8.771545925716552006e+00
1.631200000000000045e+02,1.037968899594865668e+01
1.631400000000000148e+02,1.214206497728666001e+01
1.631599999999999966e+02,1.396383978607430976e+01
1.631800000000000068e+02,1.567722211290570655e+01
1.632000000000000171e+02,1.704049033722199269e+01
1.632199999999999989e+02,1.777898906202024421e+01
1.632400000000000091e+02,1.768247684430273381e+01
1.632599999999999909e+02,1.672695737491198997e+01
1.632800000000000011e+02,1.513052252254616903e+01
1.633000000000000114e+02,1.326407034943970942e+01
1.633199999999999932e+02,1.145789756679726956e+01
1.633400000000000034e+02,9.862259248238617104e+00
1.633600000000000136e+02,8.474166495272291044e+00
1.633799999999999955e+02,7.257728448838834723e+00
1.634000000000000057e+02,6.214831440407008856e+00
1.634200000000000159e+02,5.378054559289483727e+00
1.634399999999999977e+02,4.777127870415369237e+00
1.634600000000000080e+02,4.414113207575241837e+00
1.634799999999999898e+02,4.259299043382129391e+00
1.635000000000000000e+02,4.267222939990368502e+00
1.635200000000000102e+02,4.397116392146942054e+00
1.635399999999999920e+02,4.622870448953020350e+00
1.635600000000000023e+02,4.932563166124866783e+00
1.635800000000000125e+02,5.324159995345278062e+00
1.635999999999999943e+02,5.801466821861739120e+00
1.636200000000000045e+02,6.371316046695447710e+00
1.636400000000000148e+02,7.041690155893875591e+00
1.636599999999999966e+02,7.820234227604424326e+00
1.636800000000000068e+02,8.712655599483449365e+00
1.637000000000000171e+02,9.720595449114426856e+00
1.637199999999999989e+02,1.083864847127845543e+01
1.637400000000000091e+02,1.205034470144141956e+01
1.637599999999999909e+02,1.332319408898670510e+01
1.637800000000000011e+02,1.460346230352591945e+01
1.638000000000000114e+02,1.581228704437833876e+01
1.638199999999999932e+02,1.684596375750607677e+01
1.638400000000000034e+02,1.758412376497645013e+01
1.638600000000000136e+02,1.790879403307227946e+01
1.638799999999999955e+02,1.773340934607213981e+01
1.639000000000000057e+02,1.703372283242908480e+01
1.639200000000000159e+02,1.586606870104455247e+01
1.639399999999999977e+02,1.435965034507611193e+01
1.639600000000000080e+02,1.268208955892785639e+01
1.639799999999999898e+02,1.099410460734431894e+01
1.640000000000000000e+02,9.415519302892796816e+00
1.640200000000000102e+02,8.014818050002473271e+00
1.640399999999999920e+02,6.818238673726336962e+00
1.640600000000000023e+02,5.826122188145856917e+00
1.640800000000000125e+02,5.026909411406273342e+00
1.640999999999999943e+02,4.405657187835573474e+00
1.641200000000000045e+02,3.947970515646488820e+00
1.641400000000000148e+02,3.641053033445916132e+00
1.641599999999999966e+02,3.473132947173642293e+00
1.641800000000000068e+02,3.432359029845972742e+00
1.642000000000000171e+02,3.506412884368626415e+00
1.642199999999999989e+02,3.683570069256670632e+00
1.642400000000000091e+02,3.954645294487912910e+00
1.642599999999999909e+02,4.314573986199112809e+00
1.642800000000000011e+02,4.762942287385978801e+00
1.643000000000000114e+02,5.303599910819827734e+00
1.643199999999999932e+02,5.943766545262526790e+00
1.643400000000000034e+02,6.692880162050525605e+00
1.643600000000000136e+02,7.561181622758904375e+00
1.643799999999999955e+02,8.557835398009329353e+00
1.644000000000000057e+02,9.688265533812646879e+00
1.644200000000000159e+02,1.095032477963711415e+01
1.644399999999999977e+02,1.232897173221356368e+01
1.644600000000000080e+02,1.378941572260385406e+01
1.644799999999999898e+02,1.526942456284765548e+01
1.645000000000000000e+02,1.667288904553296192e+01
1.645200000000000102e+02,1.786876918341221554e+01
1.645399999999999920e+02,1.870135465039595957e+01
1.645600000000000023e+02,1.901712272696111228e+01
1.645800000000000125e+02,1.870731408407975849e+01
1.645999999999999943e+02,1.775317144319069129e+01
1.646200000000000045e+02,1.624961325782773613e+01
1.646400000000000148e+02,1.438645680561258189e+01
1.646599999999999966e+02,1.239009936972156645e+01
1.646800000000000068e+02,1.045648130393033171e+01
1.647000000000000171e+02,8.710988345673060351e+00
1.647199999999999989e+02,7.207339762325585930e+00
1.647400000000000091e+02,5.950517414980819986e+00
1.647599999999999909e+02,4.922113669559208482e+00
1.647800000000000011e+02,4.096946398428910285e+00
1.648000000000000114e+02,3.450838213458614412e+00
1.648199999999999932e+02,2.963322708651515924e+00
1.648400000000000034e+02,2.618111133500806265e+00
1.648600000000000136e+02,2.402320125432583886e+00
1.648799999999999955e+02,2.304619138312946180e+00
1.649000000000000057e+02,2.313130646787686651e+00
1.649200000000000159e+02,2.414962520976239979e+00
1.649399999999999977e+02,2.598191804290369777e+00
1.649600000000000080e+02,2.854618884135775136e+00
1.649799999999999898e+02,3.181291119681485036e+00
1.650000000000000000e+02,3.580511142119558787e+00
1.650200000000000102e+02,4.059094938817563225e+00
1.650399999999999920e+02,4.627524066348159160e+00
1.650600000000000023e+02,5.299200342177301515e+00
1.650800000000000125e+02,6.089718668954141378e+00
1.650999999999999943e+02,7.015918476580735863e+00
1.651200000000000045e+02,8.094367125711533717e+00
1.651400000000000148e+02,9.338806993279279212e+00
1.651599999999999966e+02,1.075596326427247718e+01
1.651800000000000068e+02,1.233902688935910064e+01
1.652000000000000171e+02,1.405827585284613157e+01
1.652199999999999989e+02,1.584904638357336815e+01
1.652400000000000091e+02,1.759916642020306909e+01
1.652599999999999909e+02,1.914146880355337998e+01
1.652800000000000011e+02,2.026145185170969398e+01
1.653000000000000114e+02,2.073201609048469152e+01
1.653199999999999932e+02,2.037946864266167424e+01
1.653400000000000034e+02,1.916264284137634277e+01
1.653600000000000136e+02,1.722036659000240277e+01
1.653799999999999955e+02,1.484223160105915618e+01
1.654000000000000057e+02,1.236444974176255229e+01
1.654200000000000159e+02,1.005350514234083192e+01
1.654399999999999977e+02,8.049027687176339541e+00
1.654600000000000080e+02,6.381077986441101579e+00
1.654799999999999898e+02,5.021030539024288863e+00
1.655000000000000000e+02,3.922969114870471952e+00
1.655200000000000102e+02,3.042907776638595241e+00
1.655399999999999920e+02,2.343444948769198177e+00
1.655600000000000023e+02,1.793155168402954525e+00
1.655800000000000125e+02,1.365291042202377181e+00
1.655999999999999943e+02,1.036978473228332032e+00
1.656200000000000045e+02,7.888597871119840121e-01
1.656400000000000148e+02,6.049622189770770264e-01
1.656599999999999966e+02,4.726782596454945917e-01
1.656800000000000068e+02,3.828306360689757715e-01
1.657000000000000171e+02,3.296444488627525149e-01
1.657199999999999989e+02,3.098231798206365073e-01
1.657400000000000091e+02,3.198975104842102790e-01
1.657599999999999909e+02,3.542539099360373922e-01
1.657800000000000011e+02,4.070464142687148512e-01
1.658000000000000114e+02,4.748968510362878703e-01
1.658199999999999932e+02,5.573084855983730934e-01
1.658400000000000034e+02,6.559020708504706976e-01
1.658600000000000136e+02,7.737567633045576709e-01
1.658799999999999955e+02,9.151127725117556011e-01
1.659000000000000057e+02,1.085340403562474521e+00
1.659200000000000159e+02,1.291073279095243942e+00
1.659399999999999977e+02,1.540450346180772145e+00
1.659600000000000080e+02,1.843441470121836234e+00
1.659799999999999898e+02,2.212249764873486679e+00
1.660000000000000000e+02,2.661782115670426663e+00
1.660200000000000102e+02,3.210175270710344808e+00
1.660399999999999920e+02,3.879338565538453132e+00
1.660600000000000023e+02,4.695425171573692325e+00
1.660800000000000125e+02,5.689052831598116811e+00
1.660999999999999943e+02,6.894922599204422298e+00
1.661200000000000045e+02,8.350194757608662144e+00
1.661400000000000148e+02,1.009050055191084994e+01
1.661599999999999966e+02,1.214177008365637178e+01
1.661800000000000068e+02,1.450524063624696502e+01
1.662000000000000171e+02,1.713264779387048620e+01
1.662199999999999989e+02,1.989034947943805776e+01
1.662400000000000091e+02,2.251840898214073050e+01
1.662599999999999909e+02,2.460757892491211152e+01
1.662800000000000011e+02,2.564102153980384813e+01
1.663000000000000114e+02,2.515248620424004500e+01
1.663199999999999932e+02,2.298625199694935262e+01
1.663400000000000034e+02,1.949882393466174690e+01
1.663600000000000136e+02,1.547210965984351816e+01
1.663799999999999955e+02,1.171480214995034430e+01
1.664000000000000057e+02,8.669925226921137096e+00
1.664200000000000159e+02,6.363344631174736143e+00
1.664399999999999977e+02,4.631685045932183442e+00
1.664600000000000080e+02,3.318690057486396672e+00
1.664799999999999898e+02,2.322553474848330968e+00
1.665000000000000000e+02,1.573885058112601820e+00
1.665200000000000102e+02,1.014683163334687777e+00
1.665399999999999920e+02,5.944778049999890346e-01
1.665600000000000023e+02,2.743502431962926424e-01
1.665800000000000125e+02,2.761653234039094032e-02
1.665999999999999943e+02,-1.638227470864980218e-01
1.666200000000000045e+02,-3.133344103188629437e-01
1.666400000000000148e+02,-4.317184418783490130e-01
1.666599999999999966e+02,-5.280802553217263107e-01
1.666800000000000068e+02,-6.101537128904775953e-01
1.667000000000000171e+02,-6.845015481625291720e-01
1.667199999999999989e+02,-7.567328368390492388e-01
1.667400000000000091e+02,-8.317563946368332628e-01
1.667599999999999909e+02,-9.140413383421293059e-01
1.667800000000000011e+02,-1.007848089577612072e+00
1.668000000000000114e+02,-1.117377072851389874e+00
1.668199999999999932e+02,-1.246765296444167337e+00
1.668400000000000034e+02,-1.399826432487419448e+00
1.668600000000000136e+02,-1.579411478338948349e+00
1.668799999999999955e+02,-1.786296779269853197e+00
1.669000000000000057e+02,-2.017651926825405173e+00
1.669200000000000159e+02,-2.265436425790737562e+00
1.669399999999999977e+02,-2.515448586700612221e+00
1.669600000000000080e+02,-2.747926427075749078e+00
1.669799999999999898e+02,-2.940227616122613075e+00
1.670000000000000000e+02,-3.071134894202013133e+00
1.670200000000000102e+02,-3.125330596706953568e+00
1.670399999999999920e+02,-3.096410233960219749e+00
1.670600000000000023e+02,-2.987636997447905340e+00
1.670800000000000125e+02,-2.810694885489644079e+00
1.670999999999999943e+02,-2.583191627506571386e+00
1.671200000000000045e+02,-2.325633777033711436e+00
1.671400000000000148e+02,-2.058451780310610602e+00
1.671599999999999966e+02,-1.799522059451664324e+00
1.671800000000000068e+02,-1.562467501067506648e+00
1.672000000000000171e+02,-1.355872152190110258e+00
1.672199999999999989e+02,-1.183451887738801167e+00
1.672400000000000091e+02,-1.045062639305893715e+00
1.672599999999999909e+02,-9.381600539916548076e-01
1.672800000000000011e+02,-8.591877840993069615e-01
1.673000000000000114e+02,-8.045478305735477287e-01
1.673199999999999932e+02,-7.711180573632432367e-01
1.673400000000000034e+02,-7.564637679804047110e-01
1.673600000000000136e+02,-7.589004312550515774e-01
1.673799999999999955e+02,-7.775068416598597265e-01
1.674000000000000057e+02,-8.121358733397937568e-01
1.674200000000000159e+02,-8.634392766641637573e-01
1.674399999999999977e+02,-9.329036590056725142e-01
1.674600000000000080e+02,-1.022872281354296531e+00
1.674799999999999898e+02,-1.136496548329284595e+00
1.675000000000000000e+02,-1.277509896712470727e+00
1.675200000000000102e+02,-1.449661896054512233e+00
1.675399999999999920e+02,-1.655616977582549332e+00
1.675600000000000023e+02,-1.895194328311215148e+00
1.675800000000000125e+02,-2.163102614654178524e+00
1.675999999999999943e+02,-2.446842120936415288e+00
1.676200000000000045e+02,-2.725988768681544716e+00
1.676400000000000148e+02,-2.974093181374384276e+00
1.676599999999999966e+02,-3.163418416261338795e+00
1.676800000000000068e+02,-3.271047914069026508e+00
1.677000000000000171e+02,-3.283876227242800372e+00
1.677199999999999989e+02,-3.200714662287126533e+00
1.677400000000000091e+02,-3.031474282698392031e+00
1.677599999999999909e+02,-2.794469695042101964e+00
1.677800000000000011e+02,-2.512873288217849943e+00
1.678000000000000114e+02,-2.211052152460335485e+00
1.678199999999999932e+02,-1.911379553488364857e+00
1.678400000000000034e+02,-1.631916542850309071e+00
1.678600000000000136e+02,-1.385076783497878772e+00
1.678799999999999955e+02,-1.177266075504117326e+00
1.679000000000000057e+02,-1.009532906451225509e+00
1.679200000000000159e+02,-8.791171542625416668e-01
1.679399999999999977e+02,-7.813620426675460529e-01
1.679600000000000080e+02,-7.112834968275869585e-01
1.679799999999999898e+02,-6.644586217561917474e-01
1.680000000000000000e+02,-6.373529476276219574e-01
1.680200000000000102e+02,-6.273596016138136555e-01
1.680399999999999920e+02,-6.327476545954824338e-01
1.680600000000000023e+02,-6.526117206552985994e-01
1.680800000000000125e+02,-6.868552808761327899e-01
1.680999999999999943e+02,-7.362174923529894999e-01
1.681200000000000045e+02,-8.023417216533984542e-01
1.681400000000000148e+02,-8.878727401057381341e-01
1.681599999999999966e+02,-9.965369569484475720e-01
1.681800000000000068e+02,-1.133110911200435167e+00
1.682000000000000171e+02,-1.303092282088918585e+00
1.682199999999999989e+02,-1.511793617633630848e+00
1.682400000000000091e+02,-1.762541734133035831e+00
1.682599999999999909e+02,-2.053856903232267328e+00
1.682800000000000011e+02,-2.376087164217526748e+00
1.683000000000000114e+02,-2.708940317055105851e+00
1.683199999999999932e+02,-3.022035539770347334e+00
1.683400000000000034e+02,-3.279861578697955249e+00
1.683600000000000136e+02,-3.450008925827094952e+00
1.683799999999999955e+02,-3.511029258335629955e+00
1.684000000000000057e+02,-3.456457370529826267e+00
1.684200000000000159e+02,-3.294380397297546281e+00
1.684399999999999977e+02,-3.044246387113213714e+00
1.684600000000000080e+02,-2.732556582631297193e+00
1.684799999999999898e+02,-2.388296055666772055e+00
1.685000000000000000e+02,-2.038840741618246799e+00
1.685200000000000102e+02,-1.707036739841288009e+00
1.685399999999999920e+02,-1.409628659576352749e+00
1.685600000000000023e+02,-1.156679444771361753e+00
1.685800000000000125e+02,-9.516613625524658060e-01
1.685999999999999943e+02,-7.923890062024167014e-01
1.686200000000000045e+02,-6.730083009100844560e-01
1.686400000000000148e+02,-5.864300549658546524e-01
1.686599999999999966e+02,-5.261253650044575014e-01
1.686800000000000068e+02,-4.868648123635633818e-01
1.687000000000000171e+02,-4.647575602235223258e-01
1.687199999999999989e+02,-4.570530133137157280e-01
1.687400000000000091e+02,-4.619418442846456863e-01
1.687599999999999909e+02,-4.784214655809136962e-01
1.687800000000000011e+02,-5.062308147894662991e-01
1.688000000000000114e+02,-5.458495704876313859e-01
1.688199999999999932e+02,-5.985662095623068835e-01
1.688400000000000034e+02,-6.666146542719871837e-01
1.688600000000000136e+02,-7.533844056301959302e-01
1.688799999999999955e+02,-8.636698096035339001e-01
1.689000000000000057e+02,-1.003868007537376483e+00
1.689200000000000159e+02,-1.181903272150488071e+00
1.689399999999999977e+02,-1.406465729189163572e+00
1.689600000000000080e+02,-1.684971884357179039e+00
1.689799999999999898e+02,-2.019741531398791867e+00
1.690000000000000000e+02,-2.402673754493184433e+00
1.690200000000000102e+02,-2.810422506815043686e+00
1.690399999999999920e+02,-3.203822266818496800e+00
1.690600000000000023e+02,-3.534704024222910856e+00
1.690800000000000125e+02,-3.758699488609764661e+00
1.690999999999999943e+02,-3.847334478422081538e+00
1.691200000000000045e+02,-3.793053782670590124e+00
1.691400000000000148e+02,-3.607135429728513198e+00
1.691599999999999966e+02,-3.314659942347491839e+00
1.691800000000000068e+02,-2.948910728882751631e+00
1.692000000000000171e+02,-2.545395911642619691e+00
1.692199999999999989e+02,-2.136341904359458255e+00
1.692400000000000091e+02,-1.747132504626466742e+00
1.692599999999999909e+02,-1.395245480207597977e+00
1.692800000000000011e+02,-1.091066965450753434e+00
1.693000000000000114e+02,-8.394538884492122044e-01
1.693199999999999932e+02,-6.409438644461659118e-01
1.693400000000000034e+02,-4.920504634649587317e-01
1.693600000000000136e+02,-3.854433955233382836e-01
1.693799999999999955e+02,-3.116347354405937242e-01
1.694000000000000057e+02,-2.617343503522625014e-01
1.694200000000000159e+02,-2.290530126426393309e-01
1.694399999999999977e+02,-2.090691017567034571e-01
1.694600000000000080e+02,-1.988070803631209471e-01
1.694799999999999898e+02,-1.963141791848488360e-01
1.695000000000000000e+02,-2.003423992890862593e-01
1.695200000000000102e+02,-2.101693989269174667e-01
1.695399999999999920e+02,-2.254993966057475818e-01
1.695600000000000023e+02,-2.464160039160813720e-01
1.695800000000000125e+02,-2.733775972259221976e-01
1.695999999999999943e+02,-3.072570632366581345e-01
1.696200000000000045e+02,-3.494405639599204028e-01
1.696400000000000148e+02,-4.020031736934172595e-01
1.696599999999999966e+02,-4.679999712067957063e-01
1.696800000000000068e+02,-5.519073607540804227e-01
1.697000000000000171e+02,-6.602440891682038737e-01
1.697199999999999989e+02,-8.023263754963121386e-01
1.697400000000000091e+02,-9.909118194279785685e-01
1.697599999999999909e+02,-1.242060560527258550e+00
1.697800000000000011e+02,-1.572893305212463844e+00
1.698000000000000114e+02,-1.995481908758719225e+00
1.698199999999999932e+02,-2.506148251916346492e+00
1.698400000000000034e+02,-3.073587017080535055e+00
1.698600000000000136e+02,-3.635267647816314618e+00
1.698799999999999955e+02,-4.111826584169304688e+00
1.699000000000000057e+02,-4.435707601411803758e+00
1.699200000000000159e+02,-4.573260357154205202e+00
1.699399999999999977e+02,-4.524987514568378444e+00
1.699600000000000080e+02,-4.314540637291826464e+00
1.699799999999999898e+02,-3.982509723089758147e+00
1.700000000000000000e+02,-3.582200483061217522e+00
1.700200000000000102e+02,-3.170976197797102270e+00
1.700399999999999920e+02,-2.800883293202478086e+00
1.700600000000000023e+02,-2.513039783785025794e+00
1.700800000000000125e+02,-2.334278817693145935e+00
1.700999999999999943e+02,-2.273141245714328296e+00
1.701200000000000045e+02,-2.318856809709223477e+00
1.701400000000000148e+02,-2.449746173720667386e+00
1.701599999999999966e+02,-2.646133334087735545e+00
1.701800000000000068e+02,-2.897444786454115739e+00
1.702000000000000171e+02,-3.202259851815048908e+00
1.702199999999999989e+02,-3.565703597360944332e+00
1.702400000000000091e+02,-3.997092001341138623e+00
1.702599999999999909e+02,-4.508515319400967059e+00
1.702800000000000011e+02,-5.114139888751741303e+00
1.703000000000000114e+02,-5.829841778493563886e+00
1.703199999999999932e+02,-6.672815379420409698e+00
1.703400000000000034e+02,-7.660819433414562063e+00
1.703600000000000136e+02,-8.810684886712195407e+00
1.703799999999999955e+02,-1.013561133035878292e+01
1.704000000000000057e+02,-1.164066082901467958e+01
1.704200000000000159e+02,-1.331581593943162822e+01
1.704399999999999977e+02,-1.512621872516991672e+01
1.704600000000000080e+02,-1.700014465888800075e+01
1.704799999999999898e+02,-1.881741839871260069e+01
1.705000000000000000e+02,-2.040459647995858106e+01
1.705200000000000102e+02,-2.154715821317806856e+01
1.705399999999999920e+02,-2.202900525746379401e+01
1.705600000000000023e+02,-2.169913252599702957e+01
1.705800000000000125e+02,-2.054236591181074090e+01
1.705999999999999943e+02,-1.871012453961657940e+01
1.706200000000000045e+02,-1.647707386334075963e+01
1.706400000000000148e+02,-1.413920299882600951e+01
1.706599999999999966e+02,-1.191712377926796762e+01
1.706800000000000068e+02,-9.921057831511753022e+00
1.707000000000000171e+02,-8.177231030690997216e+00
1.707199999999999989e+02,-6.673243606323223887e+00
1.707400000000000091e+02,-5.388199682982961924e+00
1.707599999999999909e+02,-4.302781325986929417e+00
1.707800000000000011e+02,-3.399217102683411706e+00
1.708000000000000114e+02,-2.659488276299609488e+00
1.708199999999999932e+02,-2.064761370605639357e+00
1.708400000000000034e+02,-1.596083124628147498e+00
1.708600000000000136e+02,-1.235676994702389342e+00
1.708799999999999955e+02,-9.683134003440961868e-01
1.709000000000000057e+02,-7.822672020935766968e-01
1.709200000000000159e+02,-6.689027452568018228e-01
1.709399999999999977e+02,-6.198421421950448540e-01
1.709600000000000080e+02,-6.238456805101391112e-01
1.709799999999999898e+02,-6.682816176242544204e-01
1.710000000000000000e+02,-7.435574886104296954e-01
1.710200000000000102e+02,-8.450231945508287490e-01
1.710399999999999920e+02,-9.721912382290219812e-01
1.710600000000000023e+02,-1.127485238346543905e+00
1.710800000000000125e+02,-1.315448589823792869e+00
1.710999999999999943e+02,-1.542428839366824178e+00
1.711200000000000045e+02,-1.816576534676471288e+00
1.711400000000000148e+02,-2.148039214790723239e+00
1.711599999999999966e+02,-2.549283569474595446e+00
1.711800000000000068e+02,-3.035506589044838943e+00
1.712000000000000171e+02,-3.625099083847756365e+00
1.712199999999999989e+02,-4.340105157570671501e+00
1.712400000000000091e+02,-5.206571526004386108e+00
1.712599999999999909e+02,-6.254581344669910337e+00
1.712800000000000011e+02,-7.517597659695437251e+00
1.713000000000000114e+02,-9.030450441720912380e+00
1.713199999999999932e+02,-1.082485652575741497e+01
1.713400000000000034e+02,-1.292075849119255082e+01
1.713600000000000136e+02,-1.531118867693954044e+01
1.713799999999999955e+02,-1.793846869796951893e+01
1.714000000000000057e+02,-2.066198280103766294e+01
1.714200000000000159e+02,-2.322539665363241213e+01
1.714399999999999977e+02,-2.524634718198685945e+01
1.714600000000000080e+02,-2.626873074127115260e+01
1.714799999999999898e+02,-2.591170005289875178e+01
1.715000000000000000e+02,-2.408338115789415568e+01
1.715200000000000102e+02,-2.111698936105939239e+01
1.715399999999999920e+02,-1.766533429195595772e+01
1.715600000000000023e+02,-1.437413433424808851e+01
1.715800000000000125e+02,-1.159162101391609312e+01
1.715999999999999943e+02,-9.347505440766362028e+00
1.716200000000000045e+02,-7.536587508664720048e+00
1.716400000000000148e+02,-6.071512807316835847e+00
1.716599999999999966e+02,-4.914339398168217521e+00
1.716800000000000068e+02,-4.047989611576218394e+00
1.717000000000000171e+02,-3.447075641902513699e+00
1.717199999999999989e+02,-3.068307310107155406e+00
1.717400000000000091e+02,-2.860224554682810449e+00
1.717599999999999909e+02,-2.778288697885087366e+00
1.717800000000000011e+02,-2.791959891328576582e+00
1.718000000000000114e+02,-2.883432702471560027e+00
1.718199999999999932e+02,-3.043650319536078452e+00
1.718400000000000034e+02,-3.268893561924333557e+00
1.718600000000000136e+02,-3.558535721435691190e+00
1.718799999999999955e+02,-3.913597195779254800e+00
1.719000000000000057e+02,-4.335646532421353783e+00
1.719200000000000159e+02,-4.825694787462563973e+00
1.719399999999999977e+02,-5.382817105183132611e+00
1.719600000000000080e+02,-6.002302015049400197e+00
1.719799999999999898e+02,-6.673208462073723091e+00
1.720000000000000000e+02,-7.375369995875085571e+00
1.720200000000000102e+02,-8.076211318501353986e+00
1.720399999999999920e+02,-8.728288822804223912e+00
1.720600000000000023e+02,-9.269213767198694498e+00
1.720800000000000125e+02,-9.626238299499965123e+00
1.720999999999999943e+02,-9.727533471359073758e+00
1.721200000000000045e+02,-9.520052206709264553e+00
1.721400000000000148e+02,-8.989551122261447702e+00
1.721599999999999966e+02,-8.173815862808044841e+00
1.721800000000000068e+02,-7.159790815360930871e+00
1.722000000000000171e+02,-6.062366039264012407e+00
1.722199999999999989e+02,-4.993670786486946511e+00
1.722400000000000091e+02,-4.037663278431894653e+00
1.722599999999999909e+02,-3.239982620941638025e+00
1.722800000000000011e+02,-2.612411366756211883e+00
1.723000000000000114e+02,-2.144451812602823804e+00
1.723199999999999932e+02,-1.814883448094726903e+00
1.723400000000000034e+02,-1.600010604391745694e+00
1.723600000000000136e+02,-1.478365146135333097e+00
1.723799999999999955e+02,-1.432756362673505368e+00
1.724000000000000057e+02,-1.450551149814167662e+00
1.724200000000000159e+02,-1.522867213522577368e+00
1.724399999999999977e+02,-1.643408171521817840e+00
1.724600000000000080e+02,-1.807703261823335517e+00
1.724799999999999898e+02,-2.013056937858803686e+00
1.725000000000000000e+02,-2.258857723439327447e+00
1.725200000000000102e+02,-2.546738353293704016e+00
1.725399999999999920e+02,-2.880392118412468783e+00
1.725600000000000023e+02,-3.265113668625754251e+00
1.725800000000000125e+02,-3.707159997167189580e+00
1.725999999999999943e+02,-4.212929379364231508e+00
1.726200000000000045e+02,-4.787850015384052860e+00
1.726400000000000148e+02,-5.434793359199957763e+00
1.726599999999999966e+02,-6.151789447359458762e+00
1.726800000000000068e+02,-6.928851891382074690e+00
1.727000000000000171e+02,-7.743894711052702995e+00
1.727199999999999989e+02,-8.558160584793649051e+00
1.727400000000000091e+02,-9.312427693751757829e+00
1.727599999999999909e+02,-9.926500711473410732e+00
1.727800000000000011e+02,-1.030564062743143516e+01
1.728000000000000114e+02,-1.035730573273991162e+01
1.728199999999999932e+02,-1.001793441864087164e+01
1.728400000000000034e+02,-9.281946409212414650e+00
1.728600000000000136e+02,-8.217674988534849234e+00
1.728799999999999955e+02,-6.956132768263221244e+00
1.729000000000000057e+02,-5.653072948607996473e+00
1.729200000000000159e+02,-4.443436251155749694e+00
1.729399999999999977e+02,-3.412085685529223866e+00
1.729600000000000080e+02,-2.590574435948339360e+00
1.729799999999999898e+02,-1.971777201872662255e+00
1.730000000000000000e+02,-1.528435304878339451e+00
1.730200000000000102e+02,-1.227184948026858846e+00
1.730399999999999920e+02,-1.036545994778292235e+00
1.730600000000000023e+02,-9.305103679120197979e-01
1.730800000000000125e+02,-8.896148169852000631e-01
1.730999999999999943e+02,-9.006418720175177750e-01
1.731200000000000045e+02,-9.553793546493517530e-01
1.731400000000000148e+02,-1.048740011592405263e+00
1.731599999999999966e+02,-1.177098389083933716e+00
1.731800000000000068e+02,-1.337819601929748581e+00
1.732000000000000171e+02,-1.529841944680309984e+00
1.732199999999999989e+02,-1.754322835639569478e+00
1.732400000000000091e+02,-2.014782306588065897e+00
1.732599999999999909e+02,-2.316849990623099043e+00
1.732800000000000011e+02,-2.667881211103715788e+00
1.733000000000000114e+02,-3.076563220889318995e+00
1.733199999999999932e+02,-3.552475931143305843e+00
1.733400000000000034e+02,-4.105465448342421553e+00
1.733600000000000136e+02,-4.744619652637971363e+00
1.733799999999999955e+02,-5.476544745093183231e+00
1.734000000000000057e+02,-6.302578216803226496e+00
1.734200000000000159e+02,-7.214534467542242702e+00
1.734399999999999977e+02,-8.188734624625309877e+00
1.734600000000000080e+02,-9.178633456468144658e+00
1.734799999999999898e+02,-1.010768666183440168e+01
1.735000000000000000e+02,-1.086639985731155988e+01
1.735200000000000102e+02,-1.132015297337105153e+01
1.735399999999999920e+02,-1.133485936544087203e+01
1.735600000000000023e+02,-1.082130891343328472e+01
1.735800000000000125e+02,-9.783888787635703466e+00
1.735999999999999943e+02,-8.343709744191876609e+00
1.736200000000000045e+02,-6.710115421284847059e+00
1.736400000000000148e+02,-5.107883708867064776e+00
1.736599999999999966e+02,-3.703953956777955803e+00
1.736800000000000068e+02,-2.576182121233783207e+00
1.737000000000000171e+02,-1.728009266352308781e+00
1.737199999999999989e+02,-1.121942093154566722e+00
1.737400000000000091e+02,-7.073349225456041500e-01
1.737599999999999909e+02,-4.355803224258011364e-01
1.737800000000000011e+02,-2.660421751655925870e-01
1.738000000000000114e+02,-1.672077711778864884e-01
1.738199999999999932e+02,-1.158368530095965493e-01
1.738400000000000034e+02,-9.547747051442484478e-02
1.738600000000000136e+02,-9.497082423732094991e-02
1.738799999999999955e+02,-1.072282553383225867e-01
1.739000000000000057e+02,-1.284143011301061843e-01
1.739200000000000159e+02,-1.574571890350493220e-01
1.739399999999999977e+02,-1.952354489563774553e-01
1.739600000000000080e+02,-2.427645668791934830e-01
1.739799999999999898e+02,-2.998351759920001025e-01
1.740000000000000000e+02,-3.657979165082893558e-01
1.740200000000000102e+02,-4.409156684037593976e-01
1.740399999999999920e+02,-5.267629876403182587e-01
1.740600000000000023e+02,-6.260305349852113288e-01
1.740800000000000125e+02,-7.423059617851328618e-01
1.740999999999999943e+02,-8.800039208387429035e-01
1.741200000000000045e+02,-1.044431183365446492e+00
1.741400000000000148e+02,-1.241944231781679564e+00
1.741599999999999966e+02,-1.480167592624994199e+00
1.741800000000000068e+02,-1.768249953477969649e+00
1.742000000000000171e+02,-2.117134799153931990e+00
1.742199999999999989e+02,-2.539802603973330797e+00
1.742400000000000091e+02,-3.051410429996063822e+00
1.742599999999999909e+02,-3.669179150328192751e+00
1.742800000000000011e+02,-4.411765247307201321e+00
1.743000000000000114e+02,-5.297653110131861354e+00
1.743199999999999932e+02,-6.341806440342128148e+00
1.743400000000000034e+02,-7.549434643722415572e+00
1.743600000000000136e+02,-8.905412028227068788e+00
1.743799999999999955e+02,-1.035814940855921229e+01
1.744000000000000057e+02,-1.179875415460073640e+01
1.744200000000000159e+02,-1.304208939270011847e+01
1.744399999999999977e+02,-1.382700367485022497e+01
1.744600000000000080e+02,-1.386334881746618919e+01
1.744799999999999898e+02,-1.294433328992347043e+01
1.745000000000000000e+02,-1.109033332422576912e+01
1.745200000000000102e+02,-8.615705363892898205e+00
1.745399999999999920e+02,-6.016419489702522050e+00
1.745600000000000023e+02,-3.729010212188383022e+00
1.745800000000000125e+02,-1.958334336894580252e+00
1.745999999999999943e+02,-6.945379429447103847e-01
1.746200000000000045e+02,1.693473629241931955e-01
1.746400000000000148e+02,7.522758696495814856e-01
1.746599999999999966e+02,1.156554348640709939e+00
1.746800000000000068e+02,1.463551686211151059e+00
1.747000000000000171e+02,1.732571586192893198e+00
1.747199999999999989e+02,1.998668636324870462e+00
1.747400000000000091e+02,2.274996283369658645e+00
1.747599999999999909e+02,2.562646625981491511e+00
1.747800000000000011e+02,2.861238172279518377e+00
1.748000000000000114e+02,3.174056650602846918e+00
1.748199999999999932e+02,3.508392292429757475e+00
1.748400000000000034e+02,3.874065933592057309e+00
1.748600000000000136e+02,4.281924349839534294e+00
1.748799999999999955e+02,4.742779904747282949e+00
1.749000000000000057e+02,5.266676807998054599e+00
1.749200000000000159e+02,5.862208159233237126e+00
1.749399999999999977e+02,6.535602998006948106e+00
1.749600000000000080e+02,7.289343009654112748e+00
1.749799999999999898e+02,8.120127803409479483e+00
1.750000000000000000e+02,9.016129769530573768e+00
1.750200000000000102e+02,9.953720594456029858e+00
1.750399999999999920e+02,1.089430222346308774e+01
1.750600000000000023e+02,1.178254292113932600e+01
1.750800000000000125e+02,1.254802891117243391e+01
1.750999999999999943e+02,1.311253177512201873e+01
1.751200000000000045e+02,1.340386376097362842e+01
1.751400000000000148e+02,1.337403745864955340e+01
1.751599999999999966e+02,1.301517473412552661e+01
1.751800000000000068e+02,1.236465436099698145e+01
1.752000000000000171e+02,1.149486610566899714e+01
1.752199999999999989e+02,1.049178471661732637e+01
1.752400000000000091e+02,9.433622864325243995e+00
1.752599999999999909e+02,8.379478209145180045e+00
1.752800000000000011e+02,7.369523332489699818e+00
1.753000000000000114e+02,6.431074190331046658e+00
1.753199999999999932e+02,5.584269563021225125e+00
1.753400000000000034e+02,4.844836348031820172e+00
1.753600000000000136e+02,4.224531961415916470e+00
1.753799999999999955e+02,3.730538938713184205e+00
1.754000000000000057e+02,3.364604706764829256e+00
1.754200000000000159e+02,3.122547754140224452e+00
1.754399999999999977e+02,2.994964539504778589e+00
1.754600000000000080e+02,2.969550994845789216e+00
1.754799999999999898e+02,3.034217287145756448e+00
1.755000000000000000e+02,3.179569993033485975e+00
1.755200000000000102e+02,3.400043774880352032e+00
1.755399999999999920e+02,3.693919779508714640e+00
1.755600000000000023e+02,4.062774644559203452e+00
1.755800000000000125e+02,4.510724219379487643e+00
1.755999999999999943e+02,5.043565840880829931e+00
1.756200000000000045e+02,5.667745656162411549e+00
1.756400000000000148e+02,6.388975449251045546e+00
1.756599999999999966e+02,7.210267236301156402e+00
1.756800000000000068e+02,8.129136018778091000e+00
1.757000000000000171e+02,9.133801043145588494e+00
1.757199999999999989e+02,1.019847437767297471e+01
1.757400000000000091e+02,1.127842494773944004e+01
1.757599999999999909e+02,1.230652674510434075e+01
1.757800000000000011e+02,1.319426921905321137e+01
1.758000000000000114e+02,1.384088534907728274e+01
1.758199999999999932e+02,1.415271468791342713e+01
1.758400000000000034e+02,1.406973568782723127e+01
1.758600000000000136e+02,1.358877170841829241e+01
1.758799999999999955e+02,1.276925801373267610e+01
1.759000000000000057e+02,1.171450441256335040e+01
1.759200000000000159e+02,1.053722781575486778e+01
1.759399999999999977e+02,9.329354704608071813e+00
1.759600000000000080e+02,8.150941182976984223e+00
1.759799999999999898e+02,7.036710550741640091e+00
1.760000000000000000e+02,6.008020112568567939e+00
1.760200000000000102e+02,5.080732483455856041e+00
1.760399999999999920e+02,4.267584708098087098e+00
1.760600000000000023e+02,3.577927773680834811e+00
1.760800000000000125e+02,3.017203857510114329e+00
1.760999999999999943e+02,2.586607619946347469e+00
1.761200000000000045e+02,2.282431855187760039e+00
1.761400000000000148e+02,2.095320863947084167e+00
1.761599999999999966e+02,2.011010775816801210e+00
1.761800000000000068e+02,2.013497644937626951e+00
1.762000000000000171e+02,2.088963309365057697e+00
1.762199999999999989e+02,2.228143243677849661e+00
1.762400000000000091e+02,2.426723042439178801e+00
1.762599999999999909e+02,2.684704558738838731e+00
1.762800000000000011e+02,3.005584909218187217e+00
1.763000000000000114e+02,3.395678786906611180e+00
1.763199999999999932e+02,3.863590132348230011e+00
1.763400000000000034e+02,4.419708239388412174e+00
1.763600000000000136e+02,5.075541205455698979e+00
1.763799999999999955e+02,5.842646789385223194e+00
1.764000000000000057e+02,6.730839512875066433e+00
1.764200000000000159e+02,7.745270043919185277e+00
1.764399999999999977e+02,8.881931264382249225e+00
1.764600000000000080e+02,1.012129222232363368e+01
1.764799999999999898e+02,1.142034667200948483e+01
1.765000000000000000e+02,1.270474533962021191e+01
1.765200000000000102e+02,1.386503380324412937e+01
1.765399999999999920e+02,1.476359116134426053e+01
1.765600000000000023e+02,1.525893878907594647e+01
1.765800000000000125e+02,1.524737570506872864e+01
1.765999999999999943e+02,1.470724687591032875e+01
1.766200000000000045e+02,1.371821155166904127e+01
1.766400000000000148e+02,1.243481280061899419e+01
1.766599999999999966e+02,1.102508795991591661e+01
1.766800000000000068e+02,9.614399332430135559e+00
1.767000000000000171e+02,8.268511280996735380e+00
1.767199999999999989e+02,7.012787178582868819e+00
1.767400000000000091e+02,5.858487267321266678e+00
1.767599999999999909e+02,4.815809002250206028e+00
1.767800000000000011e+02,3.894239416477793814e+00
1.768000000000000114e+02,3.098973040559934056e+00
1.768199999999999932e+02,2.428835309279019139e+00
1.768400000000000034e+02,1.876594388781600342e+00
1.768600000000000136e+02,1.430656659298875422e+00
1.768799999999999955e+02,1.077087602827314639e+00
1.769000000000000057e+02,8.013639741399882777e-01
1.769200000000000159e+02,5.896593029155208221e-01
1.769399999999999977e+02,4.296894410721212587e-01
1.769600000000000080e+02,3.112414641726463094e-01
1.769799999999999898e+02,2.265016332755408479e-01
1.770000000000000000e+02,1.700736873308486552e-01
1.770200000000000102e+02,1.380050831033322045e-01
1.770399999999999920e+02,1.256245902699714423e-01
1.770600000000000023e+02,1.271097157066989058e-01
1.770800000000000125e+02,1.377773405520321404e-01
1.770999999999999943e+02,1.552009921375161194e-01
1.771200000000000045e+02,1.786233508198018516e-01
1.771400000000000148e+02,2.082507392948565184e-01
1.771599999999999966e+02,2.448826976808303191e-01
1.771800000000000068e+02,2.897720451928937901e-01
1.772000000000000171e+02,3.446028044712934335e-01
1.772199999999999989e+02,4.115307887837946765e-01
1.772400000000000091e+02,4.932653633905851875e-01
1.772599999999999909e+02,5.931857619304599094e-01
1.772800000000000011e+02,7.154926625388717820e-01
1.773000000000000114e+02,8.653994550086041571e-01
1.773199999999999932e+02,1.049368903849372758e+00
1.773400000000000034e+02,1.275402396385917347e+00
1.773600000000000136e+02,1.553386737083091607e+00
1.773799999999999955e+02,1.895499335647680805e+00
1.774000000000000057e+02,2.316660838314380744e+00
1.774200000000000159e+02,2.834999581772601918e+00
1.774399999999999977e+02,3.472243114327297153e+00
1.774600000000000080e+02,4.253858096946576239e+00
1.774799999999999898e+02,5.208587216943240783e+00
1.775000000000000000e+02,6.366733646739275443e+00
1.775200000000000102e+02,7.756062066068791339e+00
1.775399999999999920e+02,9.393526661311177861e+00
1.775600000000000023e+02,1.127042540101482615e+01
1.775800000000000125e+02,1.332892030521284532e+01
1.775999999999999943e+02,1.543137221722881591e+01
1.776200000000000045e+02,1.733420124114296001e+01
1.776400000000000148e+02,1.869605176761721310e+01
1.776599999999999966e+02,1.916237935655930968e+01
1.776800000000000068e+02,1.853715319631324476e+01
1.777000000000000171e+02,1.695297816728625406e+01
1.777199999999999989e+02,1.486901251735210927e+01
1.777400000000000091e+02,1.282324517640746464e+01
1.777599999999999909e+02,1.111871971686787219e+01
1.777800000000000011e+02,9.748847577026898747e+00
1.778000000000000114e+02,8.601834930242867827e+00
1.778199999999999932e+02,7.638180172805110857e+00
1.778400000000000034e+02,6.888382343180199818e+00
1.778600000000000136e+02,6.383126488145661526e+00
1.778799999999999955e+02,6.114377828945523952e+00
1.779000000000000057e+02,6.041433572119556672e+00
1.779200000000000159e+02,6.116408753599803738e+00
1.779399999999999977e+02,6.302469067897500388e+00
1.779600000000000080e+02,6.578088857913794385e+00
1.779799999999999898e+02,6.933676919857239440e+00
1.780000000000000000e+02,7.366708684183164380e+00
1.780200000000000102e+02,7.877771400558431836e+00
1.780399999999999920e+02,8.467767895697562608e+00
1.780600000000000023e+02,9.135865508427738035e+00
1.780800000000000125e+02,9.877740040477037908e+00
1.780999999999999943e+02,1.068380727967891808e+01
1.781200000000000045e+02,1.153732650428855777e+01
1.781400000000000148e+02,1.241249306196123747e+01
1.781599999999999966e+02,1.327291743331030816e+01
1.781800000000000068e+02,1.407120527606242533e+01
1.782000000000000171e+02,1.475061368923132044e+01
1.782199999999999989e+02,1.524976486632244921e+01
1.782400000000000091e+02,1.551086925995878651e+01
1.782599999999999909e+02,1.549065646987109091e+01
1.782800000000000011e+02,1.517145721143117498e+01
1.783000000000000114e+02,1.456850781616602752e+01
1.783199999999999932e+02,1.372982915755449618e+01
1.783400000000000034e+02,1.272760278624916630e+01
1.783600000000000136e+02,1.164377851516455742e+01
1.783799999999999955e+02,1.055528065912039182e+01
1.784000000000000057e+02,9.523773218880084102e+00
1.784200000000000159e+02,8.591980427073545812e+00
1.784399999999999977e+02,7.785346392687191752e+00
1.784600000000000080e+02,7.116293517498519350e+00
1.784799999999999898e+02,6.588670108325881181e+00
1.785000000000000000e+02,6.201137102450213767e+00
1.785200000000000102e+02,5.949274470775328005e+00
1.785399999999999920e+02,5.826761829599213627e+00
1.785600000000000023e+02,5.826154521866077296e+00
1.785800000000000125e+02,5.939647934692171560e+00
1.785999999999999943e+02,6.159921827074096967e+00
1.786200000000000045e+02,6.480886874066277947e+00
1.786400000000000148e+02,6.898077302050524828e+00
1.786599999999999966e+02,7.408533057244348186e+00
1.786800000000000068e+02,8.010149421960923277e+00
1.787000000000000171e+02,8.700538422609144007e+00
1.787199999999999989e+02,9.475443452288725865e+00
1.787400000000000091e+02,1.032672951679800555e+01
1.787599999999999909e+02,1.123999305794436410e+01
1.787800000000000011e+02,1.219194212071157324e+01
1.788000000000000114e+02,1.314792047903969063e+01
1.788199999999999932e+02,1.406029153185138370e+01
1.788400000000000034e+02,1.486879005536579612e+01
1.788600000000000136e+02,1.550418722409591865e+01
1.788799999999999955e+02,1.589633736299361999e+01
1.789000000000000057e+02,1.598647318987130639e+01
1.789200000000000159e+02,1.574145654996524968e+01
1.789399999999999977e+02,1.516536709068043010e+01
1.789600000000000080e+02,1.430305431075547240e+01
1.789799999999999898e+02,1.323262313654520916e+01
1.790000000000000000e+02,1.204880007169245104e+01
1.790200000000000102e+02,1.084369152441374062e+01
1.790399999999999920e+02,9.692219133840964673e+00
1.790600000000000023e+02,8.646056108600996382e+00
1.790800000000000125e+02,7.735147485850940363e+00
1.790999999999999943e+02,6.973184414308361667e+00
1.791200000000000045e+02,6.363544809886037434e+00
1.791400000000000148e+02,5.903811786796571148e+00
1.791599999999999966e+02,5.588479776410903987e+00
1.791800000000000068e+02,5.410280189183311883e+00
1.792000000000000171e+02,5.360836540646331194e+00
1.792199999999999989e+02,5.431280687313964961e+00
1.792400000000000091e+02,5.613116636255154113e+00
1.792599999999999909e+02,5.899190631030227117e+00
1.792800000000000011e+02,6.284407191009938387e+00
1.793000000000000114e+02,6.765912463591369885e+00
1.793199999999999932e+02,7.342672692413962920e+00
1.793400000000000034e+02,8.014505935717956220e+00
1.793600000000000136e+02,8.780630947982471568e+00
1.793799999999999955e+02,9.637743098437121958e+00
1.794000000000000057e+02,1.057759048666452806e+01
1.794200000000000159e+02,1.158406160734240764e+01
1.794399999999999977e+02,1.262995569038723787e+01
1.794600000000000080e+02,1.367392840167194734e+01
1.794799999999999898e+02,1.465859518059514777e+01
1.795000000000000000e+02,1.551132902935449032e+01
1.795200000000000102e+02,1.614959351259573239e+01
1.795399999999999920e+02,1.649214215960369145e+01
1.795600000000000023e+02,1.647550971603192593e+01
1.795800000000000125e+02,1.607199422349822626e+01
1.795999999999999943e+02,1.530227780275662397e+01
1.796200000000000045e+02,1.423570339960085995e+01
1.796400000000000148e+02,1.297584644842817880e+01
1.796599999999999966e+02,1.163652279784981047e+01
1.796800000000000068e+02,1.031844250949578878e+01
1.797000000000000171e+02,9.095267371546967183e+00
1.797199999999999989e+02,8.011367844305745223e+00
1.797400000000000091e+02,7.087577466522533953e+00
1.797599999999999909e+02,6.329452022561501856e+00
1.797800000000000011e+02,5.734266093561051214e+00
1.798000000000000114e+02,5.295460830703088817e+00
1.798199999999999932e+02,5.004810933737094736e+00
1.798400000000000034e+02,4.853156199232595114e+00
1.798600000000000136e+02,4.830643015184292288e+00
1.798799999999999955e+02,4.927226959037692922e+00
1.799000000000000057e+02,5.133677795670060995e+00
1.799200000000000159e+02,5.442754647756928854e+00
1.799399999999999977e+02,5.850020200380853908e+00
1.799600000000000080e+02,6.353985782240148872e+00
1.799799999999999898e+02,6.955585936279513604e+00
1.800000000000000000e+02,7.657108789117918590e+00
1.800200000000000102e+02,8.460660945198890559e+00
1.800399999999999920e+02,9.366139415304290949e+00
1.800600000000000023e+02,1.036860970960440831e+01
1.800800000000000125e+02,1.145500257068238170e+01
1.800999999999999943e+02,1.260019230707626647e+01
1.801200000000000045e+02,1.376287209937776446e+01
1.801400000000000148e+02,1.488224788675800880e+01
1.801599999999999966e+02,1.587738237432855648e+01
1.801800000000000068e+02,1.665171145789505047e+01
1.802000000000000171e+02,1.710509583006265899e+01
1.802199999999999989e+02,1.715375318497936519e+01
1.802400000000000091e+02,1.675414564208036339e+01
1.802599999999999909e+02,1.592194290329215889e+01
1.802800000000000011e+02,1.473557140374004071e+01
1.803000000000000114e+02,1.331929881347683242e+01
1.803199999999999932e+02,1.181175232794996788e+01
1.803400000000000034e+02,1.033428948240146639e+01
1.803600000000000136e+02,8.972382954690470314e+00
1.803799999999999955e+02,7.773571773211205738e+00
1.804000000000000057e+02,6.756315705401181759e+00
1.804200000000000159e+02,5.921595398264807741e+00
1.804399999999999977e+02,5.262101464703521359e+00
1.804600000000000080e+02,4.767676977455239218e+00
1.804799999999999898e+02,4.427695396170278741e+00
1.805000000000000000e+02,4.231520705938788041e+00
1.805200000000000102e+02,4.168190532239880675e+00
1.805399999999999920e+02,4.226385283734530596e+00
1.805600000000000023e+02,4.395283444015674057e+00
1.805800000000000125e+02,4.666041180143414735e+00
1.805999999999999943e+02,5.033094843551952913e+00
1.806200000000000045e+02,5.494703787918661320e+00
1.806400000000000148e+02,6.052675838455696677e+00
1.806599999999999966e+02,6.711495484407255852e+00
1.806800000000000068e+02,7.477034514499554696e+00
1.807000000000000171e+02,8.354856486239549795e+00
1.807199999999999989e+02,9.347974049009080133e+00
1.807400000000000091e+02,1.045383559951011065e+01
1.807599999999999909e+02,1.166033669463527644e+01
1.807800000000000011e+02,1.294083455418483553e+01
1.808000000000000114e+02,1.424860049492676417e+01
1.808199999999999932e+02,1.551199181839486485e+01
1.808400000000000034e+02,1.663285046824483970e+01
1.808600000000000136e+02,1.749181856852019834e+01
1.808799999999999955e+02,1.796426338611151152e+01
1.809000000000000057e+02,1.794761953626593609e+01
1.809200000000000159e+02,1.739431901932846714e+01
1.809399999999999977e+02,1.633667448289768842e+01
1.809600000000000080e+02,1.488800805782682346e+01
1.809799999999999898e+02,1.321409461118678408e+01
1.810000000000000000e+02,1.148680194206919758e+01
1.810200000000000102e+02,9.843200522870862557e+00
1.810399999999999920e+02,8.367509590710549006e+00
1.810600000000000023e+02,7.096193554546394111e+00
1.810800000000000125e+02,6.034335241574221520e+00
1.810999999999999943e+02,5.171535445432893674e+00
1.811200000000000045e+02,4.492298680013351309e+00
1.811400000000000148e+02,3.981171795867904706e+00
1.811599999999999966e+02,3.624476143015799678e+00
1.811800000000000068e+02,3.410069807940525610e+00
1.812000000000000171e+02,3.326180635899514737e+00
1.812199999999999989e+02,3.360529727462585825e+00
1.812400000000000091e+02,3.500844518821488283e+00
1.812599999999999909e+02,3.736681197196492832e+00
1.812800000000000011e+02,4.061332187565662721e+00
1.813000000000000114e+02,4.472777791749183329e+00
1.813199999999999932e+02,4.973577041262721821e+00
1.813400000000000034e+02,5.570112590507509509e+00
1.813600000000000136e+02,6.271541954330974278e+00
1.813799999999999955e+02,7.088542086714818780e+00
1.814000000000000057e+02,8.031706523792777830e+00
1.814200000000000159e+02,9.109305374046844150e+00
1.814399999999999977e+02,1.032402513279581591e+01
1.814600000000000080e+02,1.166829337039868975e+01
1.814799999999999898e+02,1.311793753323819800e+01
1.815000000000000000e+02,1.462442704937053684e+01
1.815200000000000102e+02,1.610704063366886274e+01
1.815399999999999920e+02,1.744816458856028873e+01
1.815600000000000023e+02,1.849718646739222194e+01
1.815800000000000125e+02,1.908949981461687884e+01
1.815999999999999943e+02,1.908387712688994853e+01
1.816200000000000045e+02,1.841129162507840888e+01
1.816400000000000148e+02,1.711418707921608728e+01
1.816599999999999966e+02,1.534942258322336528e+01
1.816800000000000068e+02,1.334371540810177770e+01
1.817000000000000171e+02,1.132196782963798043e+01
1.817199999999999989e+02,9.448562869737441972e+00
1.817400000000000091e+02,7.808583199073905412e+00
1.817599999999999909e+02,6.424134562943104143e+00
1.817800000000000011e+02,5.282512029010742793e+00
1.818000000000000114e+02,4.358225888090694333e+00
1.818199999999999932e+02,3.624572094906238551e+00
1.818400000000000034e+02,3.058067329384042132e+00
1.818600000000000136e+02,2.639629956547196343e+00
1.818799999999999955e+02,2.354407149575961533e+00
1.819000000000000057e+02,2.190538803678605984e+00
1.819200000000000159e+02,2.136940542563513734e+00
1.819399999999999977e+02,2.181426605486307402e+00
1.819600000000000080e+02,2.311160045148352715e+00
1.819799999999999898e+02,2.515318078520725198e+00
1.820000000000000000e+02,2.787625570367304295e+00
1.820200000000000102e+02,3.127239471194820819e+00
1.820399999999999920e+02,3.538329481641424579e+00
1.820600000000000023e+02,4.029235058645774359e+00
1.820800000000000125e+02,4.611691244347940533e+00
1.820999999999999943e+02,5.300197253262922459e+00
1.821200000000000045e+02,6.111376035583886868e+00
1.821400000000000148e+02,7.063061846673512001e+00
1.821599999999999966e+02,8.172743323960110828e+00
1.821800000000000068e+02,9.454866558313698377e+00
1.822000000000000171e+02,1.091634187874854334e+01
1.822199999999999989e+02,1.254950799576742071e+01
1.822400000000000091e+02,1.432197022486754534e+01
1.822599999999999909e+02,1.616358058356394167e+01
1.822800000000000011e+02,1.795298959708092568e+01
1.823000000000000114e+02,1.951017338701469939e+01
1.823199999999999932e+02,2.060627642955929062e+01
1.823400000000000034e+02,2.100376874381485948e+01
1.823600000000000136e+02,2.053019425000439213e+01
1.823799999999999955e+02,1.916272213274273994e+01
1.824000000000000057e+02,1.707216187045519007e+01
1.824200000000000159e+02,1.457986087686330379e+01
1.824399999999999977e+02,1.203802583753509303e+01
1.824600000000000080e+02,9.708629152156321496e+00
1.824799999999999898e+02,7.714872467903323816e+00
1.825000000000000000e+02,6.070607331372331217e+00
1.825200000000000102e+02,4.737227982046554153e+00
1.825399999999999920e+02,3.664480794800693442e+00
1.825600000000000023e+02,2.807003432015454880e+00
1.825800000000000125e+02,2.127065900602106652e+00
1.825999999999999943e+02,1.593150060699692894e+00
1.826200000000000045e+02,1.178426267736414790e+00
1.826400000000000148e+02,8.599074203505874259e-01
1.826599999999999966e+02,6.180581785651764193e-01
1.826800000000000068e+02,4.365712358214676181e-01
1.827000000000000171e+02,3.021502936254120697e-01
1.827199999999999989e+02,2.042183332504405036e-01
1.827400000000000091e+02,1.344556167619995468e-01
1.827599999999999909e+02,8.607049642281885959e-02
1.827800000000000011e+02,5.307686714731595784e-02
1.828000000000000114e+02,3.032709771177887273e-02
1.828199999999999932e+02,1.409060545047779306e-02
1.828400000000000034e+02,2.049507861029403917e-03
1.828600000000000136e+02,-7.225000290032109959e-03
1.828799999999999955e+02,-1.469632992513620479e-02
1.829000000000000057e+02,-2.106846214478491283e-02
1.829200000000000159e+02,-2.688018837820532747e-02
1.829399999999999977e+02,-3.255874207406241755e-02
1.829600000000000080e+02,-3.845814548839564251e-02
1.829799999999999898e+02,-4.488990871716623532e-02
1.830000000000000000e+02,-5.214858779928288612e-02
1.830200000000000102e+02,-6.053437173750659400e-02
1.830399999999999920e+02,-7.037424493838512207e-02
1.830600000000000023e+02,-8.204417410103259645e-02
1.830800000000000125e+02,-9.599478946783815414e-02
1.830999999999999943e+02,-1.127846940073605614e-01
1.831200000000000045e+02,-1.331274643411921033e-01
1.831400000000000148e+02,-1.579627259373116710e-01
1.831599999999999966e+02,-1.885689674828159301e-01
1.831800000000000068e+02,-2.267484083066217404e-01
1.832000000000000171e+02,-2.751347463419549499e-01
1.832199999999999989e+02,-3.377045482546834343e-01
1.832400000000000091e+02,-4.206075725088057604e-01
1.832599999999999909e+02,-5.334412976325405564e-01
1.832800000000000011e+02,-6.909921752514492921e-01
1.833000000000000114e+02,-9.150394143127325020e-01
1.833199999999999932e+02,-1.234726789586429341e+00
1.833400000000000034e+02,-1.682124295799717562e+00
1.833600000000000136e+02,-2.278274164120239753e+00
1.833799999999999955e+02,-3.008852219001725281e+00
1.834000000000000057e+02,-3.802688605585636594e+00
1.834200000000000159e+02,-4.541784729033564005e+00
1.834399999999999977e+02,-5.115742020947131152e+00
1.834600000000000080e+02,-5.476632686653911009e+00
1.834799999999999898e+02,-5.632090945126670078e+00
1.835000000000000000e+02,-5.605899630750806217e+00
1.835200000000000102e+02,-5.441011313514366954e+00
1.835399999999999920e+02,-5.215473570572451756e+00
1.835600000000000023e+02,-5.021933528925987211e+00
1.835800000000000125e+02,-4.931337841736797678e+00
1.835999999999999943e+02,-4.971747201931587590e+00
1.836200000000000045e+02,-5.132990630123764220e+00
1.836400000000000148e+02,-5.388583195666345027e+00
1.836599999999999966e+02,-5.715576235536988570e+00
1.836800000000000068e+02,-6.102348299943568755e+00
1.837000000000000171e+02,-6.547582629947803490e+00
1.837199999999999989e+02,-7.056398362441163030e+00
1.837400000000000091e+02,-7.636744249749673585e+00
1.837599999999999909e+02,-8.296764665100711866e+00
1.837800000000000011e+02,-9.042883276609709142e+00
1.838000000000000114e+02,-9.878145670677008994e+00
1.838199999999999932e+02,-1.080042731830807057e+01
1.838400000000000034e+02,-1.180026381935962831e+01
1.838600000000000136e+02,-1.285827007198578720e+01
1.838799999999999955e+02,-1.394240908911205601e+01
1.839000000000000057e+02,-1.500578308998406385e+01
1.839200000000000159e+02,-1.598611502188553857e+01
1.839399999999999977e+02,-1.680849485251552622e+01
1.839600000000000080e+02,-1.739288999286243964e+01
1.839799999999999898e+02,-1.766684960107582469e+01
1.840000000000000000e+02,-1.758150846180278393e+01
1.840200000000000102e+02,-1.712610686263356286e+01
1.840399999999999920e+02,-1.633469206764706527e+01
1.840600000000000023e+02,-1.528060336062022984e+01
1.840800000000000125e+02,-1.405983214241730472e+01
1.840999999999999943e+02,-1.277012788794188580e+01
1.841200000000000045e+02,-1.149439780606504513e+01
1.841400000000000148e+02,-1.029330375812664222e+01
1.841599999999999966e+02,-9.206278676844522835e+00
1.841800000000000068e+02,-8.256786242112012175e+00
1.842000000000000171e+02,-7.457836587655309657e+00
1.842199999999999989e+02,-6.815795400036007479e+00
1.842400000000000091e+02,-6.332306765873819465e+00
1.842599999999999909e+02,-6.005010966790625737e+00
1.842800000000000011e+02,-5.827953760863334942e+00
1.843000000000000114e+02,-5.792425568146386539e+00
1.843199999999999932e+02,-5.888475059782386722e+00
1.843400000000000034e+02,-6.106735641173989038e+00
1.843600000000000136e+02,-6.439923920619241571e+00
1.843799999999999955e+02,-6.883570049795967982e+00
1.844000000000000057e+02,-7.435913040093577564e+00
1.844200000000000159e+02,-8.097108893390283058e+00
1.844399999999999977e+02,-8.867899509903610422e+00
1.844600000000000080e+02,-9.747787909245149152e+00
1.844799999999999898e+02,-1.073267157586088061e+01
1.845000000000000000e+02,-1.181186453236868772e+01
1.845200000000000102e+02,-1.296453359336330635e+01
1.845399999999999920e+02,-1.415583694174583229e+01
1.845600000000000023e+02,-1.533352783214911597e+01
1.845800000000000125e+02,-1.642645451743591067e+01
1.845999999999999943e+02,-1.734703682238744449e+01
1.846200000000000045e+02,-1.799989752158834122e+01
1.846400000000000148e+02,-1.829757413103529018e+01
1.846599999999999966e+02,-1.818109516797687064e+01
1.846800000000000068e+02,-1.763898943612719350e+01
1.847000000000000171e+02,-1.671582610874052932e+01
1.847199999999999989e+02,-1.550406901064768839e+01
1.847400000000000091e+02,-1.412111094059110883e+01
1.847599999999999909e+02,-1.268171222741414716e+01
1.847800000000000011e+02,-1.127787260675143344e+01
1.848000000000000114e+02,-9.972009645556431323e+00
1.848199999999999932e+02,-8.800942686087946498e+00
1.848400000000000034e+02,-7.784130345868388368e+00
1.848600000000000136e+02,-6.930945947239536054e+00
1.848799999999999955e+02,-6.245069033026509508e+00
1.849000000000000057e+02,-5.726312798880522692e+00
1.849200000000000159e+02,-5.370941430571289921e+00
1.849399999999999977e+02,-5.171604594932440513e+00
1.849600000000000080e+02,-5.117880115238333971e+00
1.849799999999999898e+02,-5.197875917190515338e+00
1.850000000000000000e+02,-5.400468515003476355e+00
1.850200000000000102e+02,-5.717255086603655556e+00
1.850399999999999920e+02,-6.143566327305593155e+00
1.850600000000000023e+02,-6.678471986930186510e+00
1.850800000000000125e+02,-7.324037172066860890e+00
1.850999999999999943e+02,-8.084070411444928439e+00
1.851200000000000045e+02,-8.962434855440397641e+00
1.851400000000000148e+02,-9.960833542567298693e+00
1.851599999999999966e+02,-1.107589215836091867e+01
1.851800000000000068e+02,-1.229537903766449602e+01
1.852000000000000171e+02,-1.359357448154645631e+01
1.852199999999999989e+02,-1.492621764302262477e+01
1.852400000000000091e+02,-1.622620440653838614e+01
1.852599999999999909e+02,-1.740224727041265140e+01
1.852800000000000011e+02,-1.834364882326041624e+01
1.853000000000000114e+02,-1.893422749285796414e+01
1.853199999999999932e+02,-1.907591145707894853e+01
1.853400000000000034e+02,-1.871703455009890860e+01
1.853600000000000136e+02,-1.787410723398343393e+01
1.853799999999999955e+02,-1.663426376426753706e+01
1.854000000000000057e+02,-1.513333600415933233e+01
1.854200000000000159e+02,-1.351860626952402811e+01
1.854399999999999977e+02,-1.191465635140082746e+01
1.854600000000000080e+02,-1.040672985484553514e+01
1.854799999999999898e+02,-9.042769688162588082e+00
1.855000000000000000e+02,-7.845096891142545381e+00
1.855200000000000102e+02,-6.822154784413189788e+00
1.855399999999999920e+02,-5.975980455341879605e+00
1.855600000000000023e+02,-5.305530853806454950e+00
1.855800000000000125e+02,-4.807407124482092620e+00
1.855999999999999943e+02,-4.475298926021362256e+00
1.856200000000000045e+02,-4.299294602093143958e+00
1.856400000000000148e+02,-4.266254562294168551e+00
1.856599999999999966e+02,-4.361820479228759595e+00
1.856800000000000068e+02,-4.573285845654906367e+00
1.857000000000000171e+02,-4.891908556676663800e+00
1.857199999999999989e+02,-5.313892124704268305e+00
1.857400000000000091e+02,-5.840193430217892612e+00
1.857599999999999909e+02,-6.475653555446689857e+00
1.857800000000000011e+02,-7.227787638201403908e+00
1.858000000000000114e+02,-8.105291241811672265e+00
1.858199999999999932e+02,-9.116106072768005220e+00
1.858400000000000034e+02,-1.026475806315417216e+01
1.858600000000000136e+02,-1.154862806123115604e+01
1.858799999999999955e+02,-1.295287665403895616e+01
1.859000000000000057e+02,-1.444402944911734465e+01
1.859200000000000159e+02,-1.596291553708902811e+01
1.859399999999999977e+02,-1.741891041430289988e+01
1.859600000000000080e+02,-1.868918628089062040e+01
1.859799999999999898e+02,-1.962811704596891715e+01
1.860000000000000000e+02,-2.009120096912465669e+01
1.860200000000000102e+02,-1.997240488354379195e+01
1.860399999999999920e+02,-1.924359362189183642e+01
1.860600000000000023e+02,-1.797569907796838962e+01
1.860800000000000125e+02,-1.632435262949902466e+01
1.860999999999999943e+02,-1.448220278808504347e+01
1.861200000000000045e+02,-1.262290572752625728e+01
1.861400000000000148e+02,-1.086622437765212013e+01
1.861599999999999966e+02,-9.275024274572839289e+00
1.861800000000000068e+02,-7.872595254672097198e+00
1.862000000000000171e+02,-6.662381284177650187e+00
1.862199999999999989e+02,-5.640563848840367989e+00
1.862400000000000091e+02,-4.801443932964367889e+00
1.862599999999999909e+02,-4.138923840145719346e+00
1.862800000000000011e+02,-3.646371723554799438e+00
1.863000000000000114e+02,-3.315535673072323775e+00
1.863199999999999932e+02,-3.134960177762275535e+00
1.863400000000000034e+02,-3.089384900727256689e+00
1.863600000000000136e+02,-3.161651603522870779e+00
1.863799999999999955e+02,-3.336422341802531832e+00
1.864000000000000057e+02,-3.603307669244788070e+00
1.864200000000000159e+02,-3.958054169952661017e+00
1.864399999999999977e+02,-4.402203189546501250e+00
1.864600000000000080e+02,-4.942142054104532001e+00
1.864799999999999898e+02,-5.588095836061277133e+00
1.865000000000000000e+02,-6.353167989204199451e+00
1.865200000000000102e+02,-7.252276831273880120e+00
1.865399999999999920e+02,-8.300691792331580388e+00
1.865600000000000023e+02,-9.511761465737585297e+00
1.865800000000000125e+02,-1.089331803171807955e+01
1.865999999999999943e+02,-1.244217406064871589e+01
1.866200000000000045e+02,-1.413623129683526081e+01
1.866400000000000148e+02,-1.592426336014771415e+01
1.866599999999999966e+02,-1.771483174886866507e+01
1.866800000000000068e+02,-1.936841822163554738e+01
1.867000000000000171e+02,-2.070037043255994647e+01
1.867199999999999989e+02,-2.150436829680717921e+01
1.867400000000000091e+02,-2.160187838353193968e+01
1.867599999999999909e+02,-2.090786219515216970e+01
1.867800000000000011e+02,-1.948154342175700648e+01
1.868000000000000114e+02,-1.752361892007247590e+01
1.868199999999999932e+02,-1.530826830189477405e+01
1.868400000000000034e+02,-1.308678145131698578e+01
1.868600000000000136e+02,-1.102216716662234930e+01
1.868799999999999955e+02,-9.183784604856917611e+00
1.869000000000000057e+02,-7.581551805695006863e+00
1.869200000000000159e+02,-6.202089104473993864e+00
1.869399999999999977e+02,-5.027984979404054755e+00
1.869600000000000080e+02,-4.042863465601183037e+00
1.869799999999999898e+02,-3.230937968867948484e+00
1.870000000000000000e+02,-2.576324931965068288e+00
1.870200000000000102e+02,-2.063505452055303113e+00
1.870399999999999920e+02,-1.678503100265009707e+00
1.870600000000000023e+02,-1.409691639078408665e+00
1.870800000000000125e+02,-1.246839476893429444e+00
1.870999999999999943e+02,-1.178075819804490720e+00
1.871200000000000045e+02,-1.187988078242584233e+00
1.871400000000000148e+02,-1.260421759430953470e+00
1.871599999999999966e+02,-1.383225703769850989e+00
1.871800000000000068e+02,-1.550335993367312204e+00
1.872000000000000171e+02,-1.761174475782991022e+00
1.872199999999999989e+02,-2.019349881834465954e+00
1.872400000000000091e+02,-2.331707231124703128e+00
1.872599999999999909e+02,-2.707874100773821180e+00
1.872800000000000011e+02,-3.160172027905996828e+00
1.873000000000000114e+02,-3.703743124342091075e+00
1.873199999999999932e+02,-4.356765018610968987e+00
1.873400000000000034e+02,-5.140624848665310331e+00
1.873600000000000136e+02,-6.079874097785173070e+00
1.873799999999999955e+02,-7.201682278566453377e+00
1.874000000000000057e+02,-8.534318112567870429e+00
1.874200000000000159e+02,-1.010390588977781512e+01
1.874399999999999977e+02,-1.192832052606079074e+01
1.874600000000000080e+02,-1.400671379650017734e+01
1.874799999999999898e+02,-1.630315713099428265e+01
1.875000000000000000e+02,-1.872412614918206231e+01
1.875200000000000102e+02,-2.109361812875111042e+01
1.875399999999999920e+02,-2.313821169213556672e+01
1.875600000000000023e+02,-2.450584767568285116e+01
1.875800000000000125e+02,-2.484565293371806760e+01
1.875999999999999943e+02,-2.395001216675710864e+01
1.876200000000000045e+02,-2.189541613809888787e+01
1.876400000000000148e+02,-1.906576644524541564e+01
1.876599999999999966e+02,-1.599504163552493807e+01
1.876800000000000068e+02,-1.312371419092820091e+01
1.877000000000000171e+02,-1.065601171944565628e+01
1.877199999999999989e+02,-8.599876561311422307e+00
1.877400000000000091e+02,-6.891746610346411117e+00
1.877599999999999909e+02,-5.478980624762984419e+00
1.877800000000000011e+02,-4.335624382087166495e+00
1.878000000000000114e+02,-3.449063595146099725e+00
1.878199999999999932e+02,-2.804615425391608241e+00
1.878400000000000034e+02,-2.375345316084247926e+00
1.878600000000000136e+02,-2.121023189813628917e+00
1.878799999999999955e+02,-1.997974183890735889e+00
1.879000000000000057e+02,-1.970898219894634318e+00
1.879200000000000159e+02,-2.017199295088848654e+00
1.879399999999999977e+02,-2.124907193562349583e+00
1.879600000000000080e+02,-2.289139526986657014e+00
1.879799999999999898e+02,-2.509452682653798394e+00
1.880000000000000000e+02,-2.788265403663139352e+00
1.880200000000000102e+02,-3.129952493225346632e+00
1.880399999999999920e+02,-3.540214837826825445e+00
1.880600000000000023e+02,-4.025435493857596470e+00
1.880800000000000125e+02,-4.591771109381986626e+00
1.880999999999999943e+02,-5.243726967700960806e+00
1.881200000000000045e+02,-5.981927648756137472e+00
1.881400000000000148e+02,-6.799791067164452585e+00
1.881599999999999966e+02,-7.678904908228131987e+00
1.881800000000000068e+02,-8.583278237470629790e+00
1.882000000000000171e+02,-9.453502319269036391e+00
1.882199999999999989e+02,-1.020338578247376482e+01
1.882400000000000091e+02,-1.072354788510323509e+01
1.882599999999999909e+02,-1.089737152943270004e+01
1.882800000000000011e+02,-1.063182814229983286e+01
1.883000000000000114e+02,-9.896600014874438855e+00
1.883199999999999932e+02,-8.752631794137856858e+00
1.883400000000000034e+02,-7.347474827367937777e+00
1.883600000000000136e+02,-5.871051896789267310e+00
1.883799999999999955e+02,-4.494082352724982243e+00
1.884000000000000057e+02,-3.324726824056259300e+00
1.884200000000000159e+02,-2.401703986989334627e+00
1.884399999999999977e+02,-1.713889372825933455e+00
1.884600000000000080e+02,-1.225541983746034846e+00
1.884799999999999898e+02,-8.945629031368922401e-01
1.885000000000000000e+02,-6.820700468544843575e-01
1.885200000000000102e+02,-5.561195169957305895e-01
1.885399999999999920e+02,-4.924318137572260556e-01
1.885600000000000023e+02,-4.738923720953897023e-01
1.885800000000000125e+02,-4.896596907141989585e-01
1.885999999999999943e+02,-5.339604385206289106e-01
1.886200000000000045e+02,-6.042139336788696635e-01
1.886400000000000148e+02,-6.987987657699523680e-01
1.886599999999999966e+02,-8.159882699298934838e-01
1.886800000000000068e+02,-9.546591236500896471e-01
1.887000000000000171e+02,-1.115407831796219718e+00
1.887199999999999989e+02,-1.300966773831224055e+00
1.887400000000000091e+02,-1.516041261523172645e+00
1.887599999999999909e+02,-1.767020200676863384e+00
1.887800000000000011e+02,-2.061783024986296287e+00
1.888000000000000114e+02,-2.409619139819792366e+00
1.888199999999999932e+02,-2.821184394956107067e+00
1.888400000000000034e+02,-3.308380799325500554e+00
1.888600000000000136e+02,-3.884000299832244263e+00
1.888799999999999955e+02,-4.560897724136998121e+00
1.889000000000000057e+02,-5.350346550355769004e+00
1.889200000000000159e+02,-6.259063909979942331e+00
1.889399999999999977e+02,-7.284252488689140215e+00
1.889600000000000080e+02,-8.405995384657520830e+00
1.889799999999999898e+02,-9.576831366554850788e+00
1.890000000000000000e+02,-1.070992715974639786e+01
1.890200000000000102e+02,-1.167067818406367330e+01
1.890399999999999920e+02,-1.228161935802054394e+01
1.890600000000000023e+02,-1.235382515010967630e+01
1.890800000000000125e+02,-1.175111803236951857e+01
1.890999999999999943e+02,-1.046854737220216336e+01
1.891200000000000045e+02,-8.674681880398640743e+00
1.891400000000000148e+02,-6.667952819686314925e+00
1.891599999999999966e+02,-4.757561819136322256e+00
1.891800000000000068e+02,-3.149907256895227103e+00
1.892000000000000171e+02,-1.914585001840901191e+00
1.892199999999999989e+02,-1.024250514032994719e+00
1.892400000000000091e+02,-4.111085513640857503e-01
1.892599999999999909e+02,-2.906045174486949958e-03
1.892800000000000011e+02,2.627449276137119316e-01
1.893000000000000114e+02,4.355001743452113216e-01
1.893199999999999932e+02,5.538942348911073399e-01
1.893400000000000034e+02,6.480260544699110170e-01
1.893600000000000136e+02,7.409574557974532016e-01
1.893799999999999955e+02,8.474335768810210556e-01
1.894000000000000057e+02,9.726296273720334007e-01
1.894200000000000159e+02,1.115437521773700258e+00
1.894399999999999977e+02,1.274248584398467221e+00
1.894600000000000080e+02,1.450220255927137103e+00
1.894799999999999898e+02,1.647523855451287433e+00
1.895000000000000000e+02,1.872515053043003697e+00
1.895200000000000102e+02,2.133026839704283084e+00
1.895399999999999920e+02,2.438048872155075486e+00
1.895600000000000023e+02,2.797695421654230685e+00
1.895800000000000125e+02,3.223305403919005663e+00
1.895999999999999943e+02,3.727529880866940371e+00
1.896200000000000045e+02,4.324268229895656290e+00
1.896400000000000148e+02,5.028276778728709928e+00
1.896599999999999966e+02,5.854201949823117701e+00
1.896800000000000068e+02,6.814667672052851621e+00
1.897000000000000171e+02,7.916911554388724959e+00
1.897199999999999989e+02,9.157375350746281839e+00
1.897400000000000091e+02,1.051380662668192301e+01
1.897599999999999909e+02,1.193518807371749979e+01
1.897800000000000011e+02,1.333171780744638291e+01
1.898000000000000114e+02,1.457041772894201870e+01
1.898199999999999932e+02,1.548560241970264428e+01
1.898400000000000034e+02,1.591313196082204939e+01
1.898600000000000136e+02,1.574654292423102042e+01
1.898799999999999955e+02,1.499125313938244730e+01
1.899000000000000057e+02,1.377734255314846656e+01
1.899200000000000159e+02,1.230899523834441744e+01
1.899399999999999977e+02,1.077814620827564873e+01
1.899600000000000080e+02,9.303335665842142888e+00
1.899799999999999898e+02,7.929433125983905484e+00
1.900000000000000000e+02,6.665853216730003084e+00
1.900200000000000102e+02,5.518730527456871648e+00
1.900399999999999920e+02,4.499656468122677389e+00
1.900600000000000023e+02,3.621108544094540083e+00
1.900800000000000125e+02,2.891261771416657300e+00
1.900999999999999943e+02,2.312561454099477221e+00
1.901200000000000045e+02,1.882696392522800188e+00
1.901400000000000148e+02,1.594788137910169157e+00
1.901599999999999966e+02,1.434923383926989704e+00
1.901800000000000068e+02,1.380633322018380404e+00
1.902000000000000171e+02,1.406214175265555477e+00
1.902199999999999989e+02,1.491269443794424276e+00
1.902400000000000091e+02,1.624441126777415478e+00
1.902599999999999909e+02,1.802164931690274141e+00
1.902800000000000011e+02,2.026210224315934560e+00
1.903000000000000114e+02,2.301918117340504555e+00
1.903199999999999932e+02,2.637324962364024472e+00
1.903400000000000034e+02,3.042880739073223761e+00
1.903600000000000136e+02,3.531487333623771097e+00
1.903799999999999955e+02,4.118664671539491451e+00
1.904000000000000057e+02,4.822695921235421679e+00
1.904200000000000159e+02,5.664589963622924884e+00
1.904399999999999977e+02,6.667625996434751734e+00
1.904600000000000080e+02,7.856104344632756309e+00
1.904799999999999898e+02,9.252703881073438552e+00
1.905000000000000000e+02,1.087354161647879991e+01
1.905200000000000102e+02,1.271971584512134790e+01
1.905399999999999920e+02,1.476402748079203420e+01
1.905600000000000023e+02,1.693233305537447819e+01
1.905800000000000125e+02,1.908174206537053763e+01
1.905999999999999943e+02,2.098406000402267679e+01
1.906200000000000045e+02,2.233230739305817636e+01
1.906400000000000148e+02,2.279453393038195586e+01
1.906599999999999966e+02,2.212652099065563505e+01
1.906800000000000068e+02,2.030877529283793947e+01
1.907000000000000171e+02,1.761580878206017076e+01
1.907199999999999989e+02,1.453219272547546126e+01
1.907400000000000091e+02,1.154373989961084845e+01
1.907599999999999909e+02,8.953434806738755469e+00
1.907800000000000011e+02,6.845959925483009023e+00
1.908000000000000114e+02,5.174297021205760849e+00
1.908199999999999932e+02,3.856474542619273915e+00
1.908400000000000034e+02,2.821935187964743186e+00
1.908600000000000136e+02,2.018638331852766310e+00
1.908799999999999955e+02,1.406956112567822048e+00
1.909000000000000057e+02,9.527727288992832166e-01
1.909200000000000159e+02,6.228537712317023800e-01
1.909399999999999977e+02,3.845113088869164808e-01
1.909600000000000080e+02,2.097422833585145252e-01
1.909799999999999898e+02,7.862096608220860150e-02
1.910000000000000000e+02,-2.165906298452815668e-02
1.910200000000000102e+02,-9.962703101480095691e-02
1.910399999999999920e+02,-1.615747532537114006e-01
1.910600000000000023e+02,-2.125019389316665230e-01
1.910800000000000125e+02,-2.565062124560430479e-01
1.910999999999999943e+02,-2.969945543516405717e-01
1.911200000000000045e+02,-3.368623078936290316e-01
1.911400000000000148e+02,-3.786803207900032442e-01
1.911599999999999966e+02,-4.248954992126915409e-01
1.911800000000000068e+02,-4.780562006388946461e-01
1.912000000000000171e+02,-5.410707956836802168e-01
1.912199999999999989e+02,-6.175198334587077564e-01
1.912400000000000091e+02,-7.120305366029566763e-01
1.912599999999999909e+02,-8.306898486806036930e-01
1.912800000000000011e+02,-9.813903513146404745e-01
1.913000000000000114e+02,-1.173833627251256617e+00
1.913199999999999932e+02,-1.418654161130366687e+00
1.913400000000000034e+02,-1.724877581569010054e+00
1.913600000000000136e+02,-2.095059511974219468e+00
1.913799999999999955e+02,-2.518595620085803954e+00
1.914000000000000057e+02,-2.966113292907445409e+00
1.914200000000000159e+02,-3.390036965838033822e+00
1.914399999999999977e+02,-3.734806245610143627e+00
1.914600000000000080e+02,-3.953279104018055712e+00
1.914800000000000182e+02,-4.019580288658101352e+00
1.915000000000000000e+02,-3.931781170577043572e+00
1.915200000000000102e+02,-3.707301822362175425e+00
1.915399999999999920e+02,-3.376931328637230223e+00
1.915600000000000023e+02,-2.978753823635888143e+00
1.915800000000000125e+02,-2.551367370772347432e+00
1.915999999999999943e+02,-2.127835661849375892e+00
1.916200000000000045e+02,-1.732270515445882619e+00
1.916400000000000148e+02,-1.379323177743879691e+00
1.916599999999999966e+02,-1.075595080691836403e+00
1.916800000000000068e+02,-8.218172597157363812e-01
1.917000000000000171e+02,-6.150380130917900701e-01
1.917199999999999989e+02,-4.504724703853862922e-01
1.917400000000000091e+02,-3.229057986347489972e-01
1.917599999999999909e+02,-2.275424522791509585e-01
1.917800000000000011e+02,-1.599641019806247733e-01
1.918000000000000114e+02,-1.150678656755942803e-01
1.918199999999999932e+02,-8.659935225510211054e-02
1.918400000000000034e+02,-6.878848538912475663e-02
1.918600000000000136e+02,-5.776838725624867249e-02
1.918799999999999955e+02,-5.131576870113560562e-02
1.919000000000000057e+02,-4.814585528439502965e-02
1.919200000000000159e+02,-4.747830322380303114e-02
1.919399999999999977e+02,-4.883283198417547044e-02
1.919600000000000080e+02,-5.193096304339795549e-02
1.919800000000000182e+02,-5.664356965926037324e-02
1.920000000000000000e+02,-6.296047357368037001e-02
1.920200000000000102e+02,-7.097440273814577261e-02
1.920399999999999920e+02,-8.087407878796476490e-02
1.920600000000000023e+02,-9.294749404889203481e-02
1.920800000000000125e+02,-1.075946115637256284e-01
1.920999999999999943e+02,-1.253520304128158680e-01
1.921200000000000045e+02,-1.469360805092714273e-01
1.921400000000000148e+02,-1.733129995470426288e-01
1.921599999999999966e+02,-2.058152107578929135e-01
1.921800000000000068e+02,-2.463337635483917598e-01
1.922000000000000171e+02,-2.976384895755888604e-01
1.922199999999999989e+02,-3.639052289086670555e-01
1.922400000000000091e+02,-4.515583328297867460e-01
1.922599999999999909e+02,-5.705321440854209669e-01
1.922800000000000011e+02,-7.359216887624775438e-01
1.923000000000000114e+02,-9.695193827599358771e-01
1.923199999999999932e+02,-1.299619260739252491e+00
1.923400000000000034e+02,-1.755724639839812751e+00
1.923600000000000136e+02,-2.354005473838758355e+00
1.923799999999999955e+02,-3.074014059601305249e+00
1.924000000000000057e+02,-3.840968635246597707e+00
1.924200000000000159e+02,-4.539883531134024430e+00
1.924399999999999977e+02,-5.068498100439954079e+00
1.924600000000000080e+02,-5.384507864971370239e+00
1.924800000000000182e+02,-5.496144183878945100e+00
1.925000000000000000e+02,-5.429079629592623135e+00
1.925200000000000102e+02,-5.229800345557135799e+00
1.925399999999999920e+02,-4.976205264784549165e+00
1.925600000000000023e+02,-4.757728528916469912e+00
1.925800000000000125e+02,-4.643246773946885675e+00
1.925999999999999943e+02,-4.661365826241106625e+00
1.926200000000000045e+02,-4.803242635854117815e+00
1.926400000000000148e+02,-5.042761923879083952e+00
1.926599999999999966e+02,-5.356447692023753149e+00
1.926800000000000068e+02,-5.731995722160609041e+00
1.927000000000000171e+02,-6.167703457418150848e+00
1.927199999999999989e+02,-6.668744679456902524e+00
1.927400000000000091e+02,-7.243597825166819604e+00
1.927599999999999909e+02,-7.901439948083187836e+00
1.927800000000000011e+02,-8.650272797046159923e+00
1.928000000000000114e+02,-9.495308006468695439e+00
1.928199999999999932e+02,-1.043718277916005377e+01
1.928400000000000034e+02,-1.146970542404860716e+01
1.928600000000000136e+02,-1.257701310913848225e+01
1.928799999999999955e+02,-1.373029770586476239e+01
1.929000000000000057e+02,-1.488467719006783341e+01
1.929200000000000159e+02,-1.597737443252724177e+01
1.929399999999999977e+02,-1.692898527703734146e+01
1.929600000000000080e+02,-1.764988626718170650e+01
1.929800000000000182e+02,-1.805308422230435283e+01
1.930000000000000000e+02,-1.807244221614492830e+01
1.930200000000000102e+02,-1.768153158409480241e+01
1.930399999999999920e+02,-1.690535833767936325e+01
1.930600000000000023e+02,-1.581801731510402753e+01
1.930800000000000125e+02,-1.452533114798313640e+01
1.930999999999999943e+02,-1.313962140965303860e+01
1.931200000000000045e+02,-1.175776408614305168e+01
1.931400000000000148e+02,-1.045029690560262736e+01
1.931599999999999966e+02,-9.261825305830102550e+00
1.931800000000000068e+02,-8.217598525201884385e+00
1.932000000000000171e+02,-7.330757400068605101e+00
1.932199999999999989e+02,-6.607393669990545781e+00
1.932400000000000091e+02,-6.049064901265858829e+00
1.932599999999999909e+02,-5.653566141281126001e+00
1.932800000000000011e+02,-5.415022452124488517e+00
1.933000000000000114e+02,-5.324297570674409563e+00
1.933199999999999932e+02,-5.370304951438606089e+00
1.933400000000000034e+02,-5.542040799316767519e+00
1.933600000000000136e+02,-5.830565305823718347e+00
1.933799999999999955e+02,-6.230222183857643259e+00
1.934000000000000057e+02,-6.738882007829604781e+00
1.934200000000000159e+02,-7.357378579793868667e+00
1.934399999999999977e+02,-8.088372909627981500e+00
1.934600000000000080e+02,-8.934754126872679336e+00
1.934800000000000182e+02,-9.897534522359427100e+00
1.935000000000000000e+02,-1.097310233617506192e+01
1.935200000000000102e+02,-1.214970029487679426e+01
1.935399999999999920e+02,-1.340314556315083827e+01
1.935600000000000023e+02,-1.469217316219762104e+01
1.935800000000000125e+02,-1.595443780650843024e+01
1.935999999999999943e+02,-1.710511973709740019e+01
1.936200000000000045e+02,-1.804092203475661549e+01
1.936400000000000148e+02,-1.865221056960944424e+01
1.936599999999999966e+02,-1.884398295571472914e+01
1.936800000000000068e+02,-1.856168247281695116e+01
1.937000000000000171e+02,-1.781228051256939438e+01
1.937199999999999989e+02,-1.666905163916847243e+01
1.937400000000000091e+02,-1.525436930969176785e+01
1.937599999999999909e+02,-1.370697222623612710e+01
1.937800000000000011e+02,-1.214947270603010487e+01
1.938000000000000114e+02,-1.067009583832790476e+01
1.938199999999999932e+02,-9.321680850727855017e+00
1.938400000000000034e+02,-8.131042719656969453e+00
1.938600000000000136e+02,-7.109857717742020355e+00
1.938799999999999955e+02,-6.262246906041117889e+00
1.939000000000000057e+02,-5.588485343947691142e+00
1.939200000000000159e+02,-5.086048048131292632e+00
1.939399999999999977e+02,-4.749299332740152479e+00
1.939600000000000080e+02,-4.569004246024921834e+00
1.939800000000000182e+02,-4.532785942913032606e+00
1.940000000000000000e+02,-4.627026798164586729e+00
1.940200000000000102e+02,-4.839537848422478916e+00
1.940399999999999920e+02,-5.161744879433042499e+00
1.940600000000000023e+02,-5.589668056534980778e+00
1.940800000000000125e+02,-6.123780743646932478e+00
1.940999999999999943e+02,-6.768165924384053511e+00
1.941200000000000045e+02,-7.529273335388528388e+00
1.941400000000000148e+02,-8.414335283886870798e+00
1.941599999999999966e+02,-9.429299498625583809e+00
1.941800000000000068e+02,-1.057601974481488227e+01
1.942000000000000171e+02,-1.184841595442820683e+01
1.942199999999999989e+02,-1.322742037219204647e+01
1.942400000000000091e+02,-1.467487436749211760e+01
1.942599999999999909e+02,-1.612728584952224153e+01
1.942800000000000011e+02,-1.749160142394537232e+01
1.943000000000000114e+02,-1.864667782181217959e+01
1.943199999999999932e+02,-1.945501554740010874e+01
1.943400000000000034e+02,-1.978770380964549958e+01
1.943600000000000136e+02,-1.955960843096982060e+01
1.943799999999999955e+02,-1.876263348656713248e+01
1.944000000000000057e+02,-1.747882179235710609e+01
1.944200000000000159e+02,-1.586095145777249371e+01
1.944399999999999977e+02,-1.408689568952680204e+01
1.944600000000000080e+02,-1.231157864942867697e+01
1.944800000000000182e+02,-1.064014768827914104e+01
1.945000000000000000e+02,-9.128233103124179237e+00
1.945200000000000102e+02,-7.797748714733713449e+00
1.945399999999999920e+02,-6.653548868074190992e+00
1.945600000000000023e+02,-5.693864215565854536e+00
1.945800000000000125e+02,-4.914806583055542966e+00
1.945999999999999943e+02,-4.311536600712532419e+00
1.946200000000000045e+02,-3.877832811574246197e+00
1.946400000000000148e+02,-3.604831690756996831e+00
1.946599999999999966e+02,-3.479935376111939149e+00
1.946800000000000068e+02,-3.487406770867854888e+00
1.947000000000000171e+02,-3.611154371108539873e+00
1.947199999999999989e+02,-3.838188829909621624e+00
1.947400000000000091e+02,-4.160850211003138455e+00
1.947599999999999909e+02,-4.577308149349961219e+00
1.947800000000000011e+02,-5.090959989647116934e+00
1.948000000000000114e+02,-5.709427383691795477e+00
1.948199999999999932e+02,-6.443469599527887226e+00
1.948400000000000034e+02,-7.305792045528578527e+00
1.948600000000000136e+02,-8.309524079216426884e+00
1.948799999999999955e+02,-9.466011681935750488e+00
1.949000000000000057e+02,-1.078147474075310264e+01
1.949200000000000159e+02,-1.225203465800824532e+01
1.949399999999999977e+02,-1.385672810125637433e+01
1.949600000000000080e+02,-1.554860412215808019e+01
1.949800000000000182e+02,-1.724517841778748561e+01
1.950000000000000000e+02,-1.882166574153971084e+01
1.950200000000000102e+02,-2.011323967167389171e+01
1.950399999999999920e+02,-2.093429180117762911e+01
1.950600000000000023e+02,-2.111947938684426873e+01
1.950800000000000125e+02,-2.057959645215309763e+01
1.950999999999999943e+02,-1.934802228815833303e+01
1.951200000000000045e+02,-1.758564073490767399e+01
1.951400000000000148e+02,-1.553052403356585565e+01
1.951599999999999966e+02,-1.341706123078592761e+01
1.951800000000000068e+02,-1.141256948928998405e+01
1.952000000000000171e+02,-9.601682090111525625e+00
1.952199999999999989e+02,-8.009109792735038980e+00
1.952400000000000091e+02,-6.630973947505876431e+00
1.952599999999999909e+02,-5.455043722743795342e+00
1.952800000000000011e+02,-4.468342288855220445e+00
1.953000000000000114e+02,-3.658431285521507981e+00
1.953199999999999932e+02,-3.013374106977335209e+00
1.953400000000000034e+02,-2.522026633402091989e+00
1.953600000000000136e+02,-2.174143511718348076e+00
1.953799999999999955e+02,-1.959137967477075248e+00
1.954000000000000057e+02,-1.863616241180717115e+00
1.954200000000000159e+02,-1.870487827992630026e+00
1.954399999999999977e+02,-1.961997938969228805e+00
1.954600000000000080e+02,-2.124318761428508839e+00
1.954800000000000182e+02,-2.350000061894867542e+00
1.955000000000000000e+02,-2.637868669841465952e+00
1.955200000000000102e+02,-2.991911251199360855e+00
1.955399999999999920e+02,-3.420237722327579277e+00
1.955600000000000023e+02,-3.934430031235047753e+00
1.955800000000000125e+02,-4.549203357435993134e+00
1.955999999999999943e+02,-5.282198896016502054e+00
1.956200000000000045e+02,-6.153690035029121042e+00
1.956400000000000148e+02,-7.185926277832669129e+00
1.956599999999999966e+02,-8.401721076124898602e+00
1.956800000000000068e+02,-9.821706841506580687e+00
1.957000000000000171e+02,-1.145943478528117332e+01
1.957199999999999989e+02,-1.331328416659620117e+01
1.957400000000000091e+02,-1.535419862239403699e+01
1.957599999999999909e+02,-1.750915114979279963e+01
1.957800000000000011e+02,-1.964288880593813502e+01
1.958000000000000114e+02,-2.154586755383228436e+01
1.958199999999999932e+02,-2.294358196697822549e+01
1.958400000000000034e+02,-2.354588408234972263e+01
1.958600000000000136e+02,-2.314202945476684548e+01
1.958799999999999955e+02,-2.170979921880233832e+01
1.959000000000000057e+02,-1.946635659161537291e+01
1.959200000000000159e+02,-1.679958427912312402e+01
1.959399999999999977e+02,-1.410566521563036169e+01
1.959600000000000080e+02,-1.164545146921386021e+01
1.959800000000000182e+02,-9.512538341037569012e+00
1.960000000000000000e+02,-7.696569842919029014e+00
1.960200000000000102e+02,-6.158112835133294105e+00
1.960399999999999920e+02,-4.864960161563656627e+00
1.960600000000000023e+02,-3.796307969830286400e+00
1.960800000000000125e+02,-2.936897071563257633e+00
1.960999999999999943e+02,-2.272399390441382838e+00
1.961200000000000045e+02,-1.786888609893910962e+00
1.961400000000000148e+02,-1.460003755568118899e+00
1.961599999999999966e+02,-1.264444972900123032e+00
1.961800000000000068e+02,-1.168749862554394392e+00
1.962000000000000171e+02,-1.145200122329695924e+00
1.962199999999999989e+02,-1.175073472056263224e+00
1.962400000000000091e+02,-1.248305930591664836e+00
1.962599999999999909e+02,-1.360909570253784562e+00
1.962800000000000011e+02,-1.512796611089741283e+00
1.963000000000000114e+02,-1.706522422704624065e+00
1.963199999999999932e+02,-1.946683296342635261e+00
1.963400000000000034e+02,-2.239668193135573748e+00
1.963600000000000136e+02,-2.593559005685185159e+00
1.963799999999999955e+02,-3.018034366854902117e+00
1.964000000000000057e+02,-3.524139763011334026e+00
1.964200000000000159e+02,-4.123751286056184462e+00
1.964399999999999977e+02,-4.828472126825330335e+00
1.964600000000000080e+02,-5.647579104830907859e+00
1.964800000000000182e+02,-6.584475618074820957e+00
1.965000000000000000e+02,-7.630999299525369040e+00
1.965200000000000102e+02,-8.759054533213758376e+00
1.965399999999999920e+02,-9.909810678040186005e+00
1.965600000000000023e+02,-1.098278032914752167e+01
1.965800000000000125e+02,-1.183099423128161298e+01
1.965999999999999943e+02,-1.227325644825142881e+01
1.966200000000000045e+02,-1.213528177224200988e+01
1.966400000000000148e+02,-1.131952308391215567e+01
1.966599999999999966e+02,-9.875149114525068939e+00
1.966800000000000068e+02,-8.014979483485729972e+00
1.967000000000000171e+02,-6.045402338933524078e+00
1.967199999999999989e+02,-4.244172300325128155e+00
1.967400000000000091e+02,-2.770890518978138761e+00
1.967599999999999909e+02,-1.660053290606581466e+00
1.967800000000000011e+02,-8.694068250117742425e-01
1.968000000000000114e+02,-3.299113259984731705e-01
1.968199999999999932e+02,2.642055697649149312e-02
1.968400000000000034e+02,2.565733579943697551e-01
1.968600000000000136e+02,4.052317094780532036e-01
1.968799999999999955e+02,5.067646863691435133e-01
1.969000000000000057e+02,5.879235046180427693e-01
1.969200000000000159e+02,6.693097861388426217e-01
1.969399999999999977e+02,7.642754632067654263e-01
1.969600000000000080e+02,8.775553785331070555e-01
1.969800000000000182e+02,1.008031316116517750e+00
1.970000000000000000e+02,1.154065215622587015e+00
1.970200000000000102e+02,1.316613014273627202e+00
1.970399999999999920e+02,1.499488092552575980e+00
1.970600000000000023e+02,1.708592644938499827e+00
1.970800000000000125e+02,1.951266388741597524e+00
1.970999999999999943e+02,2.236005133874049200e+00
1.971200000000000045e+02,2.572460078711961806e+00
1.971400000000000148e+02,2.971573074928210989e+00
1.971599999999999966e+02,3.445724157780955643e+00
1.971800000000000068e+02,4.008768740848455359e+00
1.972000000000000171e+02,4.675819501385583443e+00
1.972199999999999989e+02,5.462554383018305870e+00
1.972400000000000091e+02,6.383718382826574889e+00
1.972599999999999909e+02,7.450335647607949419e+00
1.972800000000000011e+02,8.664997953227299377e+00
1.973000000000000114e+02,1.001459758085734286e+01
1.973199999999999932e+02,1.146032507125578270e+01
1.973400000000000034e+02,1.292621985734334622e+01
1.973600000000000136e+02,1.429062514382894733e+01
1.973799999999999955e+02,1.538924328387979479e+01
1.974000000000000057e+02,1.604096424731786641e+01
1.974200000000000159e+02,1.610122258749716906e+01
1.974399999999999977e+02,1.552694652787186946e+01
1.974600000000000080e+02,1.441275467402951271e+01
1.974800000000000182e+02,1.296055727287664894e+01
1.975000000000000000e+02,1.139114530234876277e+01
1.975200000000000102e+02,9.859304463966786614e+00
1.975399999999999920e+02,8.431010150668935665e+00
1.975600000000000023e+02,7.119051295338670649e+00
1.975800000000000125e+02,5.926343667603303444e+00
1.975999999999999943e+02,4.863554631314345400e+00
1.976200000000000045e+02,3.946200022993655132e+00
1.976400000000000148e+02,3.187653130195636120e+00
1.976599999999999966e+02,2.595645890359228325e+00
1.976800000000000068e+02,2.171176392081296758e+00
1.977000000000000171e+02,1.906208440078940081e+00
1.977199999999999989e+02,1.780604171580509876e+00
1.977400000000000091e+02,1.765040430389129611e+00
1.977599999999999909e+02,1.831268229229787270e+00
1.977800000000000011e+02,1.960267841072868000e+00
1.978000000000000114e+02,2.143304082950418632e+00
1.978199999999999932e+02,2.379336589887063980e+00
1.978400000000000034e+02,2.672397281376956979e+00
1.978600000000000136e+02,3.029989043525278536e+00
1.978799999999999955e+02,3.462347893483797012e+00
1.979000000000000057e+02,3.982206023984843135e+00
1.979200000000000159e+02,4.604763166021947463e+00
1.979399999999999977e+02,5.347636103910891947e+00
1.979600000000000080e+02,6.230565494499134438e+00
1.979800000000000182e+02,7.274590174628158934e+00
1.980000000000000000e+02,8.500265406576573923e+00
1.980200000000000102e+02,9.924294335058551297e+00
1.980399999999999920e+02,1.155370058442269077e+01
1.980600000000000023e+02,1.337651600817547148e+01
1.980800000000000125e+02,1.534822139169613031e+01
1.980999999999999943e+02,1.737452943072468514e+01
1.981200000000000045e+02,1.929454874942277698e+01
1.981400000000000148e+02,2.087455004519720347e+01
1.981599999999999966e+02,2.182947340026250771e+01
1.981800000000000068e+02,2.188892858532689445e+01
1.982000000000000171e+02,2.090370273151811986e+01
1.982199999999999989e+02,1.894572362785450892e+01
1.982400000000000091e+02,1.632332302583568406e+01
1.982599999999999909e+02,1.347078429803541511e+01
1.982800000000000011e+02,1.077257452649388547e+01
1.983000000000000114e+02,8.444662099043604542e+00
1.983199999999999932e+02,6.536173534425881115e+00
1.983400000000000034e+02,5.004413065514586201e+00
1.983600000000000136e+02,3.783456811008163889e+00
1.983799999999999955e+02,2.815052344350642777e+00
1.984000000000000057e+02,2.053832102293238648e+00
1.984200000000000159e+02,1.464249675782155480e+00
1.984399999999999977e+02,1.017109351012642549e+00
1.984600000000000080e+02,6.868579965170424906e-01
1.984800000000000182e+02,4.491996851951964853e-01
1.985000000000000000e+02,2.802001151736557283e-01
1.985200000000000102e+02,1.585913118159273660e-01
1.985399999999999920e+02,6.876569539357428595e-02
1.985600000000000023e+02,7.323172768975279258e-04
1.985800000000000125e+02,-5.193529793710820880e-02
1.985999999999999943e+02,-9.378768470217951903e-02
1.986200000000000045e+02,-1.283263879839287303e-01
1.986400000000000148e+02,-1.583551871793167087e-01
1.986599999999999966e+02,-1.861643157970855889e-01
1.986800000000000068e+02,-2.136707596241600726e-01
1.987000000000000171e+02,-2.425517456872729738e-01
1.987199999999999989e+02,-2.743772317883780287e-01
1.987400000000000091e+02,-3.107524414822606662e-01
1.987599999999999909e+02,-3.534808161890098943e-01
1.987800000000000011e+02,-4.047693323233426121e-01
1.988000000000000114e+02,-4.675057790656957368e-01
1.988199999999999932e+02,-5.456419264588077134e-01
1.988400000000000034e+02,-6.447120132669466042e-01
1.988600000000000136e+02,-7.724703836272226454e-01
1.988799999999999955e+02,-9.395021657027764483e-01
1.989000000000000057e+02,-1.159370095724864491e+00
1.989200000000000159e+02,-1.447374431310693987e+00
1.989399999999999977e+02,-1.816518216294321197e+00
1.989600000000000080e+02,-2.269560361865309961e+00
1.989800000000000182e+02,-2.788435199850910706e+00
1.990000000000000000e+02,-3.327086979667609690e+00
1.990200000000000102e+02,-3.816847562933947557e+00
1.990399999999999920e+02,-4.187296479095916624e+00
1.990600000000000023e+02,-4.390690478320443013e+00
1.990800000000000125e+02,-4.412220343523650889e+00
1.990999999999999943e+02,-4.264108978697749741e+00
1.991200000000000045e+02,-3.977146900339972202e+00
1.991400000000000148e+02,-3.595560821784482552e+00
1.991599999999999966e+02,-3.170310117958687002e+00
1.991800000000000068e+02,-2.750309524490797575e+00
1.992000000000000171e+02,-2.376147742819247899e+00
1.992199999999999989e+02,-2.078188122334421184e+00
1.992400000000000091e+02,-1.876633205302425278e+00
1.992599999999999909e+02,-1.779899952559367282e+00
1.992800000000000011e+02,-1.781924811026474265e+00
1.993000000000000114e+02,-1.865188604044501597e+00
1.993199999999999932e+02,-2.010771814302227067e+00
1.993400000000000034e+02,-2.206569343246471693e+00
1.993600000000000136e+02,-2.448953471433488627e+00
1.993799999999999955e+02,-2.740853932493813261e+00
1.994000000000000057e+02,-3.089561780193114782e+00
1.994200000000000159e+02,-3.505354019177468583e+00
1.994399999999999977e+02,-4.000879233575552085e+00
1.994600000000000080e+02,-4.590986603023890389e+00
1.994800000000000182e+02,-5.292705014671599706e+00
1.995000000000000000e+02,-6.125121457568331707e+00
1.995200000000000102e+02,-7.108897317304040619e+00
1.995399999999999920e+02,-8.265080379652976816e+00
1.995600000000000023e+02,-9.612722508110040920e+00
1.995800000000000125e+02,-1.116460973295299830e+01
1.995999999999999943e+02,-1.292023258213725612e+01
1.996200000000000045e+02,-1.485515777162813933e+01
1.996400000000000148e+02,-1.690665554840289886e+01
1.996599999999999966e+02,-1.895752940349451166e+01
1.996800000000000068e+02,-2.082437394206100834e+01
1.997000000000000171e+02,-2.226253413023114902e+01
1.997199999999999989e+02,-2.300368931550521623e+01
1.997400000000000091e+02,-2.283373337031035177e+01
1.997599999999999909e+02,-2.169024927834983174e+01
1.997800000000000011e+02,-1.972264423019730373e+01
1.998000000000000114e+02,-1.725595645288890978e+01
1.998199999999999932e+02,-1.466152908082352013e+01
1.998400000000000034e+02,-1.221846405639188760e+01
1.998600000000000136e+02,-1.005718380976103532e+01
1.998799999999999955e+02,-8.195763600682306915e+00
1.999000000000000057e+02,-6.606551423987847116e+00
1.999200000000000159e+02,-5.258440710368005533e+00
1.999399999999999977e+02,-4.128115900130608473e+00
1.999600000000000080e+02,-3.197294685720668550e+00
1.999800000000000182e+02,-2.448856587313010369e+00
2.000000000000000000e+02,-1.865528195497885733e+00
2.000200000000000102e+02,-1.430162839631950789e+00
2.000399999999999920e+02,-1.125482321508367356e+00
2.000600000000000023e+02,-9.320374516395187880e-01
2.000800000000000125e+02,-8.267566009405120653e-01
2.000999999999999943e+02,-7.862150786690816906e-01
2.001200000000000045e+02,-7.921871162018213619e-01
2.001400000000000148e+02,-8.336977130409749526e-01
2.001599999999999966e+02,-9.056279472477630765e-01
2.001800000000000068e+02,-1.006720035608719366e+00
2.002000000000000171e+02,-1.138245487983339022e+00
2.002199999999999989e+02,-1.303339765357250268e+00
2.002400000000000091e+02,-1.506749081021682368e+00
2.002599999999999909e+02,-1.754797349279244356e+00
2.002800000000000011e+02,-2.055459415905556142e+00
2.003000000000000114e+02,-2.418463506163617716e+00
2.003199999999999932e+02,-2.855350039628343328e+00
2.003400000000000034e+02,-3.379381614665550870e+00
2.003600000000000136e+02,-4.005135364814604415e+00
2.003799999999999955e+02,-4.747492933675114379e+00
2.004000000000000057e+02,-5.619571935275310182e+00
2.004200000000000159e+02,-6.628911590810849574e+00
2.004399999999999977e+02,-7.770999824468727724e+00
2.004600000000000080e+02,-9.019223394839556818e+00
2.004800000000000182e+02,-1.031106888301938973e+01
2.005000000000000000e+02,-1.153288182304825149e+01
2.005200000000000102e+02,-1.251078289428175516e+01
2.005399999999999920e+02,-1.302275479405556702e+01
2.005600000000000023e+02,-1.284998564927722420e+01
2.005800000000000125e+02,-1.187016901849300687e+01
2.005999999999999943e+02,-1.015339308875408442e+01
2.006200000000000045e+02,-7.982105321689306976e+00
2.006400000000000148e+02,-5.746360743335804599e+00
2.006599999999999966e+02,-3.773419300084483563e+00
2.006800000000000068e+02,-2.220585362797295570e+00
2.007000000000000171e+02,-1.090479372479941755e+00
2.007199999999999989e+02,-3.084258555434208904e-01
2.007400000000000091e+02,2.164759077623190364e-01
2.007599999999999909e+02,5.656364700828011571e-01
2.007800000000000011e+02,8.055135930679522271e-01
2.008000000000000114e+02,9.887812173771932667e-01
2.008199999999999932e+02,1.155158092005777570e+00
2.008400000000000034e+02,1.329553009652610029e+00
2.008600000000000136e+02,1.521536565683541120e+00
2.008799999999999955e+02,1.731057555562390826e+00
2.009000000000000057e+02,1.956711984977971275e+00
2.009200000000000159e+02,2.200345778022027687e+00
2.009399999999999977e+02,2.467560798306688064e+00
2.009600000000000080e+02,2.766612328700778445e+00
2.009800000000000182e+02,3.107314653911033897e+00
2.010000000000000000e+02,3.500380135004597992e+00
2.010200000000000102e+02,3.957090761953717006e+00
2.010399999999999920e+02,4.489072748632651155e+00
2.010600000000000023e+02,5.107935982804451491e+00
2.010800000000000125e+02,5.824540936333275631e+00
2.010999999999999943e+02,6.647625242482800623e+00
2.011200000000000045e+02,7.581486946503697588e+00
2.011400000000000148e+02,8.622408987918879220e+00
2.011599999999999966e+02,9.753644810781191055e+00
2.011800000000000068e+02,1.093922729979814967e+01
2.012000000000000171e+02,1.211785688059001131e+01
2.012199999999999989e+02,1.319976371924678737e+01
2.012400000000000091e+02,1.407123323309016172e+01
2.012599999999999909e+02,1.461171789037270408e+01
2.012800000000000011e+02,1.472435528785889503e+01
2.013000000000000114e+02,1.437110341251730183e+01
2.013199999999999932e+02,1.359375270001423530e+01
2.013400000000000034e+02,1.250339941276715905e+01
2.013600000000000136e+02,1.123968258348870997e+01
2.013799999999999955e+02,9.924092961412501523e+00
2.014000000000000057e+02,8.635341297834838059e+00
2.014200000000000159e+02,7.413848304621048158e+00
2.014399999999999977e+02,6.279768335250897948e+00
2.014600000000000080e+02,5.246720819990903451e+00
2.014800000000000182e+02,4.326064734292818237e+00
2.015000000000000000e+02,3.525975445665425312e+00
2.015200000000000102e+02,2.850165016062239154e+00
2.015399999999999920e+02,2.298082836351788671e+00
2.015600000000000023e+02,1.866168085464819049e+00
2.015800000000000125e+02,1.548807616073203608e+00
2.015999999999999943e+02,1.337768142266240856e+00
2.016200000000000045e+02,1.220623689947428314e+00
2.016400000000000148e+02,1.181171863285290780e+00
2.016599999999999966e+02,1.203228450739912914e+00
2.016800000000000068e+02,1.274595686785962689e+00
2.017000000000000171e+02,1.388392273875074689e+00
2.017199999999999989e+02,1.542398164989258413e+00
2.017400000000000091e+02,1.737965301864753620e+00
2.017599999999999909e+02,1.979209888295730968e+00
2.017800000000000011e+02,2.272571363735666594e+00
2.018000000000000114e+02,2.626631565161048787e+00
2.018199999999999932e+02,3.052069937139273659e+00
2.018400000000000034e+02,3.561640000639614723e+00
2.018600000000000136e+02,4.170033879582945247e+00
2.018799999999999955e+02,4.893453136901764644e+00
2.019000000000000057e+02,5.748602936415444731e+00
2.019200000000000159e+02,6.750679745169581913e+00
2.019399999999999977e+02,7.909734084432826329e+00
2.019600000000000080e+02,9.224635895126359841e+00
2.019800000000000182e+02,1.067395920806630372e+01
2.020000000000000000e+02,1.220390193991829264e+01
2.020200000000000102e+02,1.371561165811976757e+01
2.020399999999999920e+02,1.505857985026954537e+01
2.020600000000000023e+02,1.604189653597014953e+01
2.020800000000000125e+02,1.647555817384091981e+01
2.020999999999999943e+02,1.624028416189914026e+01
2.021200000000000045e+02,1.535472738014189353e+01
2.021400000000000148e+02,1.398756643069325101e+01
2.021599999999999966e+02,1.238726828199660268e+01
2.021800000000000068e+02,1.077073422951133175e+01
2.022000000000000171e+02,9.254013950324130988e+00
2.022199999999999989e+02,7.866106416551502889e+00
2.022400000000000091e+02,6.605278050929047851e+00
2.022599999999999909e+02,5.476989098918264354e+00
2.022800000000000011e+02,4.498764298925425287e+00
2.023000000000000114e+02,3.691041837945581605e+00
2.023199999999999932e+02,3.069101584708997965e+00
2.023400000000000034e+02,2.637770208404549788e+00
2.023600000000000136e+02,2.386384142959392385e+00
2.023799999999999955e+02,2.287557881730563736e+00
2.024000000000000057e+02,2.306020590638649281e+00
2.024200000000000159e+02,2.411866395567804577e+00
2.024399999999999977e+02,2.587143707225121325e+00
2.024600000000000080e+02,2.824952055268566742e+00
2.024800000000000182e+02,3.126109208654258786e+00
2.025000000000000000e+02,3.496417174484420798e+00
2.025200000000000102e+02,3.945070753335547131e+00
2.025399999999999920e+02,4.483880340366563466e+00
2.025600000000000023e+02,5.126889786861790199e+00
2.025800000000000125e+02,5.890044601958392967e+00
2.025999999999999943e+02,6.790601484394051646e+00
2.026200000000000045e+02,7.845941964572764604e+00
2.026400000000000148e+02,9.071348694071268426e+00
2.026599999999999966e+02,1.047615627646196401e+01
2.026800000000000068e+02,1.205755888212930316e+01
2.027000000000000171e+02,1.379141036050314639e+01
2.027199999999999989e+02,1.561993991932216908e+01
2.027400000000000091e+02,1.743800752738957272e+01
2.027599999999999909e+02,1.908294810109821071e+01
2.027800000000000011e+02,2.033793482357366145e+01
2.028000000000000114e+02,2.096210147259407464e+01
2.028199999999999932e+02,2.075519087206785329e+01
2.028400000000000034e+02,1.964301497872381930e+01
2.028600000000000136e+02,1.773926910479594099e+01
2.028799999999999955e+02,1.533036381897291633e+01
2.029000000000000057e+02,1.277295829516946668e+01
2.029200000000000159e+02,1.036420431807235154e+01
2.029399999999999977e+02,8.267779983347383066e+00
2.029600000000000080e+02,6.524101420126039663e+00
2.029800000000000182e+02,5.104825660079179706e+00
2.030000000000000000e+02,3.960628214370137012e+00
2.030200000000000102e+02,3.044128998329667990e+00
2.030399999999999920e+02,2.315478974100148246e+00
2.030600000000000023e+02,1.741540799470453260e+00
2.030800000000000125e+02,1.294234719475859885e+00
2.030999999999999943e+02,9.495015731750708898e-01
2.031200000000000045e+02,6.868107071188278567e-01
2.031400000000000148e+02,4.889059354669359481e-01
2.031599999999999966e+02,3.415941497921369252e-01
2.031800000000000068e+02,2.334898885157295489e-01
2.032000000000000171e+02,1.556517782806542127e-01
2.032199999999999989e+02,1.010052989251570554e-01
2.032400000000000091e+02,6.356799201397515808e-02
2.032599999999999909e+02,3.803209261619909520e-02
2.032800000000000011e+02,2.016801628619909262e-02
2.033000000000000114e+02,7.179452116672579813e-03
2.033199999999999932e+02,-2.629570942600225215e-03
2.033400000000000034e+02,-1.034667748940591714e-02
2.033600000000000136e+02,-1.673807318079513148e-02
2.033799999999999955e+02,-2.237784103172934733e-02
2.034000000000000057e+02,-2.771278594799257006e-02
2.034200000000000159e+02,-3.310442629294420985e-02
2.034399999999999977e+02,-3.886109083389969326e-02
2.034600000000000080e+02,-4.526410175333091951e-02
2.034800000000000182e+02,-5.259015836402457234e-02
2.035000000000000000e+02,-6.113149204883029653e-02
2.035200000000000102e+02,-7.121576498585248383e-02
2.035399999999999920e+02,-8.322774357451177829e-02
2.035600000000000023e+02,-9.763573255524196637e-02
2.035800000000000125e+02,-1.150270239346782436e-01
2.035999999999999943e+02,-1.361593444278945408e-01
2.036200000000000045e+02,-1.620401212794641554e-01
2.036400000000000148e+02,-1.940539743101737657e-01
2.036599999999999966e+02,-2.341733210411145183e-01
2.036800000000000068e+02,-2.853104636056511545e-01
2.037000000000000171e+02,-3.519022672335160307e-01
2.037199999999999989e+02,-4.408526880604579645e-01
2.037400000000000091e+02,-5.629541005679880028e-01
2.037599999999999909e+02,-7.347505053456598878e-01
2.037800000000000011e+02,-9.802404045010629785e-01
2.038000000000000114e+02,-1.330485664669289525e+00
2.038199999999999932e+02,-1.817160207913643521e+00
2.038400000000000034e+02,-2.455417754883538528e+00
2.038600000000000136e+02,-3.217729493969533117e+00
2.038799999999999955e+02,-4.017095756331168666e+00
2.039000000000000057e+02,-4.729497705206484603e+00
2.039200000000000159e+02,-5.256488073980471576e+00
2.039399999999999977e+02,-5.568710225263195035e+00
2.039600000000000080e+02,-5.681370601668366938e+00
2.039800000000000182e+02,-5.620555680940802823e+00
2.040000000000000000e+02,-5.438045827651672326e+00
2.040200000000000102e+02,-5.219874851523522707e+00
2.040399999999999920e+02,-5.056788885956313706e+00
2.040600000000000023e+02,-5.008905037735314814e+00
2.040800000000000125e+02,-5.091578552112960843e+00
2.040999999999999943e+02,-5.287219091295271234e+00
2.041200000000000045e+02,-5.568817318016401785e+00
2.041400000000000148e+02,-5.916533501423637986e+00
2.041599999999999966e+02,-6.322151698379206763e+00
2.041800000000000068e+02,-6.786650962868735704e+00
2.042000000000000171e+02,-7.316208299644291202e+00
2.042199999999999989e+02,-7.918855830639241589e+00
2.042400000000000091e+02,-8.602088990670084812e+00
2.042599999999999909e+02,-9.371063343672355828e+00
2.042800000000000011e+02,-1.022693168072206582e+01
2.043000000000000114e+02,-1.116497602721996252e+01
2.043199999999999932e+02,-1.217236284189019990e+01
2.043400000000000034e+02,-1.322558266776428049e+01
2.043600000000000136e+02,-1.428796354060297880e+01
2.043799999999999955e+02,-1.530807669066002852e+01
2.044000000000000057e+02,-1.622031348911540860e+01
2.044200000000000159e+02,-1.694916370031621256e+01
2.044399999999999977e+02,-1.741834038920477923e+01
2.044600000000000080e+02,-1.756443486414420363e+01
2.044800000000000182e+02,-1.735227906626364103e+01
2.045000000000000000e+02,-1.678671579295614791e+01
2.045200000000000102e+02,-1.591506712962813985e+01
2.045399999999999920e+02,-1.481775711142281082e+01
2.045600000000000023e+02,-1.359022497631832493e+01
2.045800000000000125e+02,-1.232367752570812591e+01
2.045999999999999943e+02,-1.109197085804670380e+01
2.046200000000000045e+02,-9.947412401442296215e+00
2.046400000000000148e+02,-8.923369445742471484e+00
2.046599999999999966e+02,-8.039548643626922342e+00
2.046800000000000068e+02,-7.306760429501406584e+00
2.047000000000000171e+02,-6.729927477188198282e+00
2.047199999999999989e+02,-6.309499992360408704e+00
2.047400000000000091e+02,-6.042029282986365324e+00
2.047599999999999909e+02,-5.920729904463806648e+00
2.047800000000000011e+02,-5.936581522156322954e+00
2.048000000000000114e+02,-6.079975748048799922e+00
2.048199999999999932e+02,-6.342417468251131396e+00
2.048400000000000034e+02,-6.717710424194133445e+00
2.048600000000000136e+02,-7.202342633453267418e+00
2.048799999999999955e+02,-7.795100355646179757e+00
2.049000000000000057e+02,-8.496062771622847620e+00
2.049200000000000159e+02,-9.305084045232622003e+00
2.049399999999999977e+02,-1.021977199661250957e+01
2.049600000000000080e+02,-1.123291130059970122e+01
2.049800000000000182e+02,-1.232930631643104746e+01
2.050000000000000000e+02,-1.348217997314043082e+01
2.050200000000000102e+02,-1.464960639448272417e+01
2.050399999999999920e+02,-1.577199727266769536e+01
2.050600000000000023e+02,-1.677231020212227364e+01
2.050800000000000125e+02,-1.756106755583422085e+01
2.050999999999999943e+02,-1.804783512498266163e+01
2.051200000000000045e+02,-1.815879685943868438e+01
2.051400000000000148e+02,-1.785647859393851888e+01
2.051599999999999966e+02,-1.715413481501444792e+01
2.051800000000000068e+02,-1.611697804297833514e+01
2.052000000000000171e+02,-1.484748849036625806e+01
2.052199999999999989e+02,-1.346042465016815903e+01
2.052400000000000091e+02,-1.205873724719831763e+01
2.052599999999999909e+02,-1.071972617939696271e+01
2.052800000000000011e+02,-9.493382661081808394e+00
2.053000000000000114e+02,-8.408379848589424554e+00
2.053199999999999932e+02,-7.479739662865041439e+00
2.053400000000000034e+02,-6.714587607265862346e+00
2.053600000000000136e+02,-6.115215206463177289e+00
2.053799999999999955e+02,-5.680134956150298287e+00
2.054000000000000057e+02,-5.404194231979420060e+00
2.054200000000000159e+02,-5.278799785521025356e+00
2.054399999999999977e+02,-5.292994076724893304e+00
2.054600000000000080e+02,-5.435399744260688060e+00
2.054800000000000182e+02,-5.696328706892877847e+00
2.055000000000000000e+02,-6.069247793010677405e+00
2.055200000000000102e+02,-6.551255759779668786e+00
2.055399999999999920e+02,-7.142687126026024735e+00
2.055600000000000023e+02,-7.846096463494212969e+00
2.055800000000000125e+02,-8.664774238580081445e+00
2.055999999999999943e+02,-9.600783054070355149e+00
2.056200000000000045e+02,-1.065238674653986095e+01
2.056400000000000148e+02,-1.181071767763666713e+01
2.056599999999999966e+02,-1.305562907687587781e+01
2.056800000000000068e+02,-1.435098004366665414e+01
2.057000000000000171e+02,-1.564017988758377342e+01
2.057199999999999989e+02,-1.684369704264023682e+01
2.057400000000000091e+02,-1.786119246864211618e+01
2.057599999999999909e+02,-1.858128972988676963e+01
2.057800000000000011e+02,-1.890059478125177250e+01
2.058000000000000114e+02,-1.874948850399182732e+01
2.058199999999999932e+02,-1.811633282824328361e+01
2.058400000000000034e+02,-1.705803079142355827e+01
2.058600000000000136e+02,-1.568849362737793562e+01
2.058799999999999955e+02,-1.414801567762661527e+01
2.059000000000000057e+02,-1.256813533379812320e+01
2.059200000000000159e+02,-1.104818989419116626e+01
2.059399999999999977e+02,-9.650097840579142883e+00
2.059600000000000080e+02,-8.406245865050811616e+00
2.059800000000000182e+02,-7.331019610611461346e+00
2.060000000000000000e+02,-6.429671889809072560e+00
2.060200000000000102e+02,-5.703049592072093610e+00
2.060399999999999920e+02,-5.149220097612762004e+00
2.060600000000000023e+02,-4.763381086329821379e+00
2.060800000000000125e+02,-4.537242142059008998e+00
2.060999999999999943e+02,-4.459057674155871176e+00
2.061200000000000045e+02,-4.515113993623961264e+00
2.061400000000000148e+02,-4.692342829214229738e+00
2.061599999999999966e+02,-4.980816511017014392e+00
2.061800000000000068e+02,-5.375132035709091483e+00
2.062000000000000171e+02,-5.874563480795435666e+00
2.062199999999999989e+02,-6.482381853548901063e+00
2.062400000000000091e+02,-7.204720755821689693e+00
2.062599999999999909e+02,-8.049122871123021383e+00
2.062800000000000011e+02,-9.022675166900549826e+00
2.063000000000000114e+02,-1.012949442676313794e+01
2.063199999999999932e+02,-1.136726078271730955e+01
2.063400000000000034e+02,-1.272254249904506551e+01
2.063600000000000136e+02,-1.416489841910033043e+01
2.063799999999999955e+02,-1.564033637437206536e+01
2.064000000000000057e+02,-1.706579648472635213e+01
2.064200000000000159e+02,-1.832787143902533344e+01
2.064399999999999977e+02,-1.929033439814577022e+01
2.064600000000000080e+02,-1.981462733552935873e+01
2.064800000000000182e+02,-1.979310475150492366e+01
2.065000000000000000e+02,-1.918606045429561036e+01
2.065200000000000102e+02,-1.804490490063859198e+01
2.065399999999999920e+02,-1.650462235212408757e+01
2.065600000000000023e+02,-1.474413682183250884e+01
2.065800000000000125e+02,-1.293428293376912031e+01
2.065999999999999943e+02,-1.120067891312204900e+01
2.066200000000000045e+02,-9.615165968902635640e+00
2.066400000000000148e+02,-8.208710333053859998e+00
2.066599999999999966e+02,-6.989732736573513350e+00
2.066800000000000068e+02,-5.957293742484736754e+00
2.067000000000000171e+02,-5.107452400906849377e+00
2.067199999999999989e+02,-4.435316177576317465e+00
2.067400000000000091e+02,-3.935067309585124740e+00
2.067599999999999909e+02,-3.598927993329707586e+00
2.067800000000000011e+02,-3.415759054952308471e+00
2.068000000000000114e+02,-3.370714594458362523e+00
2.068199999999999932e+02,-3.447200160701650695e+00
2.068400000000000034e+02,-3.630391068927292686e+00
2.068600000000000136e+02,-3.910182841573412560e+00
2.068799999999999955e+02,-4.282368504987918989e+00
2.069000000000000057e+02,-4.748367822961859552e+00
2.069200000000000159e+02,-5.314314903257323586e+00
2.069399999999999977e+02,-5.990007752972824839e+00
2.069600000000000080e+02,-6.787822464845583603e+00
2.069800000000000182e+02,-7.721437349629618474e+00
2.070000000000000000e+02,-8.804061071294254859e+00
2.070200000000000102e+02,-1.004575001713364202e+01
2.070399999999999920e+02,-1.144931534811873242e+01
2.070600000000000023e+02,-1.300432211366164559e+01
2.070800000000000125e+02,-1.467892611656664137e+01
2.070999999999999943e+02,-1.641006849365462017e+01
2.071200000000000045e+02,-1.809421409534260761e+01
2.071400000000000148e+02,-1.958351017585285447e+01
2.071599999999999966e+02,-2.069508202387220308e+01
2.071800000000000068e+02,-2.124128275285398360e+01
2.072000000000000171e+02,-2.108150374718520936e+01
2.072199999999999989e+02,-2.017989246814201465e+01
2.072400000000000091e+02,-1.863704020044491472e+01
2.072599999999999909e+02,-1.666703251293663968e+01
2.072800000000000011e+02,-1.452387268428251588e+01
2.073000000000000114e+02,-1.241974694901514020e+01
2.073199999999999932e+02,-1.048215331300270314e+01
2.073400000000000034e+02,-8.761312532142049747e+00
2.073600000000000136e+02,-7.262620752535693391e+00
2.073799999999999955e+02,-5.974898506059991732e+00
2.074000000000000057e+02,-4.884028710226165693e+00
2.074200000000000159e+02,-3.976385792278228859e+00
2.074399999999999977e+02,-3.238827494221012238e+00
2.074600000000000080e+02,-2.658726459103062378e+00
2.074800000000000182e+02,-2.224516478553704157e+00
2.075000000000000000e+02,-1.925736243857073760e+00
2.075200000000000102e+02,-1.751396471125310272e+00
2.075399999999999920e+02,-1.687365690045281141e+00
2.075600000000000023e+02,-1.716180641070923052e+00
2.075800000000000125e+02,-1.820873715534305992e+00
2.075999999999999943e+02,-1.989337220150511953e+00
2.076200000000000045e+02,-2.215969789907739074e+00
2.076400000000000148e+02,-2.501068640920391051e+00
2.076599999999999966e+02,-2.849627129693200533e+00
2.076800000000000068e+02,-3.270406974289643109e+00
2.077000000000000171e+02,-3.775430455688578046e+00
2.077199999999999989e+02,-4.379769631605925362e+00
2.077400000000000091e+02,-5.101451840243409919e+00
2.077599999999999909e+02,-5.961280008993182555e+00
2.077800000000000011e+02,-6.982308543870363593e+00
2.078000000000000114e+02,-8.188598854055829435e+00
2.078199999999999932e+02,-9.602684179369317619e+00
2.078400000000000034e+02,-1.124091107572691861e+01
2.078600000000000136e+02,-1.310556056354331744e+01
2.078799999999999955e+02,-1.517260990341103088e+01
2.079000000000000057e+02,-1.737471862947365508e+01
2.079200000000000159e+02,-1.958149823608933815e+01
2.079399999999999977e+02,-2.158450996198894600e+01
2.079600000000000080e+02,-2.310243436787663285e+01
2.079800000000000182e+02,-2.382708425798440999e+01
2.080000000000000000e+02,-2.352026717871281392e+01
2.080200000000000102e+02,-2.213332233869600074e+01
2.080399999999999920e+02,-1.987337523331278888e+01
2.080600000000000023e+02,-1.714273817409911516e+01
2.080800000000000125e+02,-1.436751560435054031e+01
2.080999999999999943e+02,-1.183462173677444795e+01
2.081200000000000045e+02,-9.647940400752412771e+00
2.081400000000000148e+02,-7.795003273751056838e+00
2.081599999999999966e+02,-6.231357064219891662e+00
2.081800000000000068e+02,-4.922185998967707476e+00
2.082000000000000171e+02,-3.846804288956281681e+00
2.082199999999999989e+02,-2.991336099332881471e+00
2.082400000000000091e+02,-2.342411710991180396e+00
2.082599999999999909e+02,-1.882683488610931155e+00
2.082800000000000011e+02,-1.586817568926476962e+00
2.083000000000000114e+02,-1.421404747463842044e+00
2.083199999999999932e+02,-1.352268056550772535e+00
2.083400000000000034e+02,-1.353028344703230745e+00
2.083600000000000136e+02,-1.407664785623941262e+00
2.083799999999999955e+02,-1.508400074817764835e+00
2.084000000000000057e+02,-1.652876178419621978e+00
2.084200000000000159e+02,-1.842229892438576266e+00
2.084399999999999977e+02,-2.080057837869897508e+00
2.084600000000000080e+02,-2.371918128290751326e+00
2.084800000000000182e+02,-2.725078652820371872e+00
2.085000000000000000e+02,-3.148313176093960664e+00
2.085200000000000102e+02,-3.651573537936906977e+00
2.085399999999999920e+02,-4.245353320702622391e+00
2.085600000000000023e+02,-4.939482700193560838e+00
2.085800000000000125e+02,-5.740992948152631392e+00
2.085999999999999943e+02,-6.650568120522556192e+00
2.086200000000000045e+02,-7.657050055972897340e+00
2.086400000000000148e+02,-8.729669925537599795e+00
2.086599999999999966e+02,-9.808517413681268948e+00
2.086800000000000068e+02,-1.079575217904437245e+01
2.087000000000000171e+02,-1.155347056395410910e+01
2.087199999999999989e+02,-1.191774475176526948e+01
2.087400000000000091e+02,-1.173772997643113847e+01
2.087599999999999909e+02,-1.093699522684078218e+01
2.087800000000000011e+02,-9.570534654393007656e+00
2.088000000000000114e+02,-7.833652612736329068e+00
2.088199999999999932e+02,-5.998703465790752531e+00
2.088400000000000034e+02,-4.311786906116724438e+00
2.088600000000000136e+02,-2.918064128255307477e+00
2.088799999999999955e+02,-1.854498766557761913e+00
2.089000000000000057e+02,-1.088676423626194101e+00
2.089200000000000159e+02,-5.612349828194022061e-01
2.089399999999999977e+02,-2.113638391578337994e-01
2.089600000000000080e+02,1.286611894571085442e-02
2.089800000000000182e+02,1.521848290081707356e-01
2.090000000000000000e+02,2.371008908402817694e-01
2.090200000000000102e+02,2.900019128077753194e-01
2.090399999999999920e+02,3.274815396831791681e-01
2.090600000000000023e+02,3.623632162016132696e-01
2.090800000000000125e+02,4.045785977713484138e-01
2.090999999999999943e+02,4.602018982322490515e-01
2.091200000000000045e+02,5.305034916590722904e-01
2.091400000000000148e+02,6.139451056452014388e-01
2.091599999999999966e+02,7.094849562410057153e-01
2.091800000000000068e+02,8.181158807108487308e-01
2.092000000000000171e+02,9.427320588715688565e-01
2.092199999999999989e+02,1.087596260468841169e+00
2.092400000000000091e+02,1.258009420850834781e+00
2.092599999999999909e+02,1.460247519943093319e+00
2.092800000000000011e+02,1.701682928020294749e+00
2.093000000000000114e+02,1.991010114054054592e+00
2.093199999999999932e+02,2.338520326615609157e+00
2.093400000000000034e+02,2.756383015905006673e+00
2.093600000000000136e+02,3.258881096454968596e+00
2.093799999999999955e+02,3.862512906227483001e+00
2.094000000000000057e+02,4.585805735613788237e+00
2.094200000000000159e+02,5.448568779278678775e+00
2.094399999999999977e+02,6.470134449344469907e+00
2.094600000000000080e+02,7.665884926747639661e+00
2.094800000000000182e+02,9.041091718430662283e+00
2.095000000000000000e+02,1.058099668291875695e+01
2.095200000000000102e+02,1.223665541605165785e+01
2.095399999999999920e+02,1.390832975100843605e+01
2.095600000000000023e+02,1.543332662649086195e+01
2.095800000000000125e+02,1.659266851041478219e+01
2.095999999999999943e+02,1.715475713208014952e+01
2.096200000000000045e+02,1.696062162156826503e+01
2.096400000000000148e+02,1.601633236217897505e+01
2.096599999999999966e+02,1.452092567528426592e+01
2.096800000000000068e+02,1.278202722549426618e+01
2.097000000000000171e+02,1.106616632678826662e+01
2.097199999999999989e+02,9.502079391245429107e+00
2.097400000000000091e+02,8.103875602797339539e+00
2.097599999999999909e+02,6.855306718367086383e+00
2.097800000000000011e+02,5.761317479825796006e+00
2.098000000000000114e+02,4.848419568524704459e+00
2.098199999999999932e+02,4.145531819069018020e+00
2.098400000000000034e+02,3.666444580321995605e+00
2.098600000000000136e+02,3.399426980225372485e+00
2.098799999999999955e+02,3.309638720546513646e+00
2.099000000000000057e+02,3.354928182445481522e+00
2.099200000000000159e+02,3.501822165663862840e+00
2.099399999999999977e+02,3.731222423878809202e+00
2.099600000000000080e+02,4.036282506466193354e+00
2.099800000000000182e+02,4.418356549835108282e+00
2.100000000000000000e+02,4.883802301242433863e+00
2.100200000000000102e+02,5.441988521926171885e+00
2.100399999999999920e+02,6.104074623814576661e+00
2.100600000000000023e+02,6.882050125026990095e+00
2.100800000000000125e+02,7.787584040852790324e+00
2.100999999999999943e+02,8.830269626762351720e+00
2.101200000000000045e+02,1.001484773902872227e+01
2.101400000000000148e+02,1.133698892339795883e+01
2.101599999999999966e+02,1.277731575651265139e+01
2.101800000000000068e+02,1.429373611206570160e+01
2.102000000000000171e+02,1.581309376443322989e+01
2.102199999999999989e+02,1.722487723101604828e+01
2.102400000000000091e+02,1.838209763956763254e+01
2.102599999999999909e+02,1.911618986979142676e+01
2.102800000000000011e+02,1.927096449255838095e+01
2.103000000000000114e+02,1.875188474556910734e+01
2.103199999999999932e+02,1.757223623046645500e+01
2.103400000000000034e+02,1.586775266661410910e+01
2.103600000000000136e+02,1.386149292390292764e+01
2.103799999999999955e+02,1.179215660580909919e+01
2.104000000000000057e+02,9.846044195487476003e+00
2.104200000000000159e+02,8.127350983666378426e+00
2.104399999999999977e+02,6.669203498697923393e+00
2.104600000000000080e+02,5.462714776046796672e+00
2.104800000000000182e+02,4.482227709173733032e+00
2.105000000000000000e+02,3.699387730798021412e+00
2.105200000000000102e+02,3.088739516581873623e+00
2.105399999999999920e+02,2.629305750212651116e+00
2.105600000000000023e+02,2.304680811583640576e+00
2.105800000000000125e+02,2.102206244998962248e+00
2.105999999999999943e+02,2.011028644576209778e+00
2.106200000000000045e+02,2.019713893447274256e+00
2.106400000000000148e+02,2.115537945875767267e+00
2.106599999999999966e+02,2.286556494956648589e+00
2.106800000000000068e+02,2.524572119071155196e+00
2.107000000000000171e+02,2.826708047888343511e+00
2.107199999999999989e+02,3.195341763027538917e+00
2.107400000000000091e+02,3.637314512409009826e+00
2.107599999999999909e+02,4.163120912503027959e+00
2.107800000000000011e+02,4.786288334515369058e+00
2.108000000000000114e+02,5.522860511540537587e+00
2.108199999999999932e+02,6.390771200003481312e+00
2.108400000000000034e+02,7.408796596906920051e+00
2.108600000000000136e+02,8.594669399692017819e+00
2.108799999999999955e+02,9.961775561425938008e+00
2.109000000000000057e+02,1.151369151222992393e+01
2.109200000000000159e+02,1.323576095046095169e+01
2.109399999999999977e+02,1.508325002939821680e+01
2.109600000000000080e+02,1.696690248162798653e+01
2.109800000000000182e+02,1.873967483703669856e+01
2.110000000000000000e+02,2.019335151693122654e+01
2.110200000000000102e+02,2.107872016263691251e+01
2.110399999999999920e+02,2.116168591308633040e+01
2.110600000000000023e+02,2.031079298152950585e+01
2.110800000000000125e+02,1.857881953631219929e+01
2.110999999999999943e+02,1.621813358546501149e+01
2.111200000000000045e+02,1.359680113637066334e+01
2.111400000000000148e+02,1.105790491438657064e+01
2.111599999999999966e+02,8.814930512601263146e+00
2.111800000000000068e+02,6.938919245412448866e+00
2.112000000000000171e+02,5.411028167922581567e+00
2.112199999999999989e+02,4.180172241921023435e+00
2.112400000000000091e+02,3.194509568983651793e+00
2.112599999999999909e+02,2.410495088285468768e+00
2.112800000000000011e+02,1.792510575742898737e+00
2.113000000000000114e+02,1.310838802131585101e+00
2.113199999999999932e+02,9.403164878842987795e-01
2.113400000000000034e+02,6.597078603202174429e-01
2.113600000000000136e+02,4.513279512160629503e-01
2.113799999999999955e+02,3.004301873835303338e-01
2.114000000000000057e+02,1.940936000548210416e-01
2.114200000000000159e+02,1.202819916475282441e-01
2.114399999999999977e+02,6.844318273713005663e-02
2.114600000000000080e+02,3.087956087113368289e-02
2.114800000000000182e+02,2.750870715372985987e-03
2.115000000000000000e+02,-1.897640062451449658e-02
2.115200000000000102e+02,-3.638693154701951732e-02
2.115399999999999920e+02,-5.103491641468718004e-02
2.115600000000000023e+02,-6.413014535089642254e-02
2.115800000000000125e+02,-7.664097007172993026e-02
2.115999999999999943e+02,-8.936977925236865017e-02
2.116200000000000045e+02,-1.030163716985824790e-01
2.116400000000000148e+02,-1.182346422165613670e-01
2.116599999999999966e+02,-1.356857974916603482e-01
2.116800000000000068e+02,-1.560934792174562269e-01
2.117000000000000171e+02,-1.803075478519757802e-01
2.117199999999999989e+02,-2.093880075475930691e-01
2.117400000000000091e+02,-2.447257679887113180e-01
2.117599999999999909e+02,-2.882280911370192489e-01
2.117800000000000011e+02,-3.426110005690429783e-01
2.118000000000000114e+02,-4.118612364511745616e-01
2.118199999999999932e+02,-5.019457034559976494e-01
2.118400000000000034e+02,-6.218290365592007429e-01
2.118600000000000136e+02,-7.847333060295530460e-01
2.118799999999999955e+02,-1.009186268611689474e+00
2.119000000000000057e+02,-1.318562741632981261e+00
2.119200000000000159e+02,-1.736597453039264938e+00
2.119399999999999977e+02,-2.275903377780387427e+00
2.119600000000000080e+02,-2.919899296280359824e+00
2.119800000000000182e+02,-3.608138128785715271e+00
2.120000000000000000e+02,-4.243894985395107788e+00
2.120200000000000102e+02,-4.731815044689525962e+00
2.120399999999999920e+02,-5.019073459979954244e+00
2.120600000000000023e+02,-5.101187757483616636e+00
2.120800000000000125e+02,-5.000370487802452857e+00
2.120999999999999943e+02,-4.757680977528199406e+00
2.121200000000000045e+02,-4.437334999427849702e+00
2.121400000000000148e+02,-4.117611815492968397e+00
2.121599999999999966e+02,-3.870720276835976748e+00
2.121800000000000068e+02,-3.744453204100998800e+00
2.122000000000000171e+02,-3.752510581085637842e+00
2.122199999999999989e+02,-3.879686503415084697e+00
2.122400000000000091e+02,-4.099747698524896400e+00
2.122599999999999909e+02,-4.391795767347994150e+00
2.122800000000000011e+02,-4.746306384739992446e+00
2.123000000000000114e+02,-5.163717673569244049e+00
2.123199999999999932e+02,-5.650912579212358011e+00
2.123400000000000034e+02,-6.218213367554328741e+00
2.123600000000000136e+02,-6.877346541939195035e+00
2.123799999999999955e+02,-7.640034200073631432e+00
2.124000000000000057e+02,-8.516716989430930695e+00
2.124200000000000159e+02,-9.514949427444664209e+00
2.124399999999999977e+02,-1.063707489076831969e+01
2.124600000000000080e+02,-1.187687169369292661e+01
2.124800000000000182e+02,-1.321502918308494046e+01
2.125000000000000000e+02,-1.461367953696151289e+01
2.125200000000000102e+02,-1.601092147446563985e+01
2.125399999999999920e+02,-1.731740104962284832e+01
2.125600000000000023e+02,-1.841833102196814664e+01
2.125800000000000125e+02,-1.918496165570069323e+01
2.125999999999999943e+02,-1.949785688711986253e+01
2.126200000000000045e+02,-1.927893657220085899e+01
2.126400000000000148e+02,-1.852123632664076780e+01
2.126599999999999966e+02,-1.730036615702842795e+01
2.126800000000000068e+02,-1.575708526805874676e+01
2.127000000000000171e+02,-1.405658033506929705e+01
2.127199999999999989e+02,-1.234516139146533753e+01
2.127400000000000091e+02,-1.072511331752705921e+01
2.127599999999999909e+02,-9.253444627305546177e+00
2.127800000000000011e+02,-7.955102209683778014e+00
2.128000000000000114e+02,-6.837862650784401808e+00
2.128199999999999932e+02,-5.902186690614763975e+00
2.128400000000000034e+02,-5.145748497494790463e+00
2.128600000000000136e+02,-4.564684166606769011e+00
2.128799999999999955e+02,-4.153168578531981403e+00
2.129000000000000057e+02,-3.902293048378471685e+00
2.129200000000000159e+02,-3.799416004025847560e+00
2.129399999999999977e+02,-3.829256367861729071e+00
2.129600000000000080e+02,-3.976762889475232932e+00
2.129800000000000182e+02,-4.230220365665254612e+00
2.130000000000000000e+02,-4.583086015276164993e+00
2.130200000000000102e+02,-5.034297726601960399e+00
2.130399999999999920e+02,-5.587624908861728024e+00
2.130600000000000023e+02,-6.250628010530030920e+00
2.130800000000000125e+02,-7.033457718907826894e+00
2.130999999999999943e+02,-7.947430636157512218e+00
2.131200000000000045e+02,-9.003133153310297843e+00
2.131400000000000148e+02,-1.020768971827106064e+01
2.131599999999999966e+02,-1.156077063865209631e+01
2.131800000000000068e+02,-1.304895702217915066e+01
2.132000000000000171e+02,-1.463836690235139315e+01
2.132199999999999989e+02,-1.626621240216300990e+01
2.132400000000000091e+02,-1.783346260445558329e+01
2.132599999999999909e+02,-1.920301887032066901e+01
2.132800000000000011e+02,-2.020985978808795380e+01
2.133000000000000114e+02,-2.068900317341270068e+01
2.133199999999999932e+02,-2.052045587490688305e+01
2.133400000000000034e+02,-1.967703277412515561e+01
2.133600000000000136e+02,-1.824894543848547457e+01
2.133799999999999955e+02,-1.642330981029525816e+01
2.134000000000000057e+02,-1.442303153718875919e+01
2.134200000000000159e+02,-1.243900633064438033e+01
2.134399999999999977e+02,-1.059272517600061114e+01
2.134600000000000080e+02,-8.939247349630775830e+00
2.134800000000000182e+02,-7.492060280780735049e+00
2.135000000000000000e+02,-6.246801734128605510e+00
2.135200000000000102e+02,-5.194224871768578389e+00
2.135399999999999920e+02,-4.324619344704138335e+00
2.135600000000000023e+02,-3.628660137407380581e+00
2.135800000000000125e+02,-3.097448556004350539e+00
2.135999999999999943e+02,-2.722055658300189585e+00
2.136200000000000045e+02,-2.492009610588574287e+00
2.136400000000000148e+02,-2.393339753431491079e+00
2.136599999999999966e+02,-2.408610158204979701e+00
2.136800000000000068e+02,-2.520216397425991239e+00
2.137000000000000171e+02,-2.714597899152184635e+00
2.137199999999999989e+02,-2.984497095273737965e+00
2.137400000000000091e+02,-3.328993035404586021e+00
2.137599999999999909e+02,-3.752536076162004353e+00
2.137800000000000011e+02,-4.263929022549040937e+00
2.138000000000000114e+02,-4.875558079870184969e+00
2.138199999999999932e+02,-5.602811507855600226e+00
2.138400000000000034e+02,-6.463475079079639585e+00
2.138600000000000136e+02,-7.476813066316443823e+00
2.138799999999999955e+02,-8.661942746277233596e+00
2.139000000000000057e+02,-1.003496741333895592e+01
2.139200000000000159e+02,-1.160416196945785572e+01
2.139399999999999977e+02,-1.336239926229281139e+01
2.139600000000000080e+02,-1.527619981616750344e+01
2.139800000000000182e+02,-1.727174979519603326e+01
2.140000000000000000e+02,-1.922066355461899434e+01
2.140200000000000102e+02,-2.093265464764925810e+01
2.140399999999999920e+02,-2.216748694411577958e+01
2.140600000000000023e+02,-2.267960711172123567e+01
2.140800000000000125e+02,-2.229685131390739627e+01
2.140999999999999943e+02,-2.100572081231242194e+01
2.141200000000000045e+02,-1.898797666472875534e+01
2.141400000000000148e+02,-1.656529807548656663e+01
2.141599999999999966e+02,-1.407326705108064147e+01
2.141800000000000068e+02,-1.174741603032168591e+01
2.142000000000000171e+02,-9.690406341270833224e+00
2.142199999999999989e+02,-7.912973910589947479e+00
2.142400000000000091e+02,-6.390755658824733842e+00
2.142599999999999909e+02,-5.096911117078230191e+00
2.142800000000000011e+02,-4.009884935421018426e+00
2.143000000000000114e+02,-3.110962711924659008e+00
2.143199999999999932e+02,-2.381380075464137658e+00
2.143400000000000034e+02,-1.801579607861230947e+00
2.143600000000000136e+02,-1.352038078013845901e+00
2.143799999999999955e+02,-1.014563376184280274e+00
2.144000000000000057e+02,-7.730829008671692426e-01
2.144200000000000159e+02,-6.130109969812753690e-01
2.144399999999999977e+02,-5.192853476037412319e-01
2.144600000000000080e+02,-4.758151503521965697e-01
2.144800000000000182e+02,-4.682918733289748170e-01
2.145000000000000000e+02,-4.869872480946131343e-01
2.145200000000000102e+02,-5.267954604221348758e-01
2.145399999999999920e+02,-5.858831722721923319e-01
2.145600000000000023e+02,-6.645257092574776703e-01
2.145800000000000125e+02,-7.644672145340830616e-01
2.145999999999999943e+02,-8.886585506847658467e-01
2.146200000000000045e+02,-1.041212328854669744e+00
2.146400000000000148e+02,-1.227481803081802214e+00
2.146599999999999966e+02,-1.454215242770638294e+00
2.146800000000000068e+02,-1.729759549971533250e+00
2.147000000000000171e+02,-2.064288157846617011e+00
2.147199999999999989e+02,-2.470016568391329326e+00
2.147400000000000091e+02,-2.961335504895597825e+00
2.147599999999999909e+02,-3.554732174974563286e+00
2.147800000000000011e+02,-4.268262528212498630e+00
2.148000000000000114e+02,-5.120161387224433369e+00
2.148199999999999932e+02,-6.125907182777357463e+00
2.148400000000000034e+02,-7.292698933256011706e+00
2.148600000000000136e+02,-8.609970441402802876e+00
2.148799999999999955e+02,-1.003467243069222015e+01
2.149000000000000057e+02,-1.147160863148320509e+01
2.149200000000000159e+02,-1.275389276353832280e+01
2.149399999999999977e+02,-1.363806497413006724e+01
2.149600000000000080e+02,-1.383925459522628110e+01
2.149800000000000182e+02,-1.312844491172497996e+01
2.150000000000000000e+02,-1.147214146402973967e+01
2.150200000000000102e+02,-9.121860383576773756e+00
2.150399999999999920e+02,-6.542699467981043071e+00
2.150600000000000023e+02,-4.192644404226562038e+00
2.150800000000000125e+02,-2.326232954095733163e+00
2.150999999999999943e+02,-9.724486352918365606e-01
2.151200000000000045e+02,-3.959358376478516739e-02
2.151400000000000148e+02,5.895676338014581574e-01
2.151599999999999966e+02,1.019592128610763870e+00
2.151800000000000068e+02,1.335116190292482852e+00
2.152000000000000171e+02,1.600118228474995963e+00
2.152199999999999989e+02,1.855799204265846436e+00
2.152400000000000091e+02,2.120615981166148245e+00
2.152599999999999909e+02,2.397841939473829953e+00
2.152800000000000011e+02,2.686608517715711297e+00
2.153000000000000114e+02,2.988798483510542336e+00
2.153199999999999932e+02,3.310504169382174400e+00
2.153400000000000034e+02,3.660860931435054866e+00
2.153600000000000136e+02,4.050494177649450300e+00
2.153799999999999955e+02,4.490360704702666794e+00
2.154000000000000057e+02,4.990979933807102142e+00
2.154200000000000159e+02,5.561803111143767353e+00
2.154399999999999977e+02,6.210433057522520173e+00
2.154600000000000080e+02,6.941437657911138537e+00
2.154800000000000182e+02,7.754539319830385580e+00
2.155000000000000000e+02,8.642050496401804338e+00
2.155200000000000102e+02,9.585602413359175955e+00
2.155399999999999920e+02,1.055258478126654431e+01
2.155600000000000023e+02,1.149333370147847155e+01
2.155800000000000125e+02,1.234090852665972449e+01
2.155999999999999943e+02,1.301587705765573055e+01
2.156200000000000045e+02,1.343802248700256463e+01
2.156400000000000148e+02,1.354431522232666651e+01
2.156599999999999966e+02,1.330799149628689726e+01
2.156800000000000068e+02,1.274977704011062407e+01
2.157000000000000171e+02,1.193357863724964396e+01
2.157199999999999989e+02,1.094702162763179842e+01
2.157400000000000091e+02,9.876890320275329316e+00
2.157599999999999909e+02,8.792151339991242764e+00
2.157800000000000011e+02,7.740165745518056362e+00
2.158000000000000114e+02,6.752080317574196577e+00
2.158199999999999932e+02,5.849844470847910038e+00
2.158400000000000034e+02,5.050413866380234928e+00
2.158600000000000136e+02,4.366950526275388711e+00
2.158799999999999955e+02,3.808481851932439710e+00
2.159000000000000057e+02,3.379068987490956744e+00
2.159200000000000159e+02,3.076998485288954921e+00
2.159399999999999977e+02,2.894712986442991465e+00
2.159600000000000080e+02,2.820342784850845774e+00
2.159800000000000182e+02,2.840716967713405872e+00
2.160000000000000000e+02,2.944454769309779341e+00
2.160200000000000102e+02,3.123834365381683575e+00
2.160399999999999920e+02,3.375264965909682502e+00
2.160600000000000023e+02,3.698909284526078256e+00
2.160800000000000125e+02,4.097984257095118821e+00
2.160999999999999943e+02,4.577977729654135075e+00
2.161200000000000045e+02,5.145781790047337267e+00
2.161400000000000148e+02,5.808606256211421126e+00
2.161599999999999966e+02,6.572458217286185622e+00
2.161800000000000068e+02,7.439923152981898546e+00
2.162000000000000171e+02,8.406982136157967744e+00
2.162199999999999989e+02,9.458708818783081895e+00
2.162400000000000091e+02,1.056404266995498631e+01
2.162599999999999909e+02,1.167059376317759956e+01
2.162800000000000011e+02,1.270167656182208482e+01
2.163000000000000114e+02,1.355916568987333370e+01
2.163199999999999932e+02,1.413613444986610013e+01
2.163400000000000034e+02,1.434059151649602271e+01
2.163600000000000136e+02,1.412479364834158702e+01
2.163799999999999955e+02,1.350652442997383140e+01
2.164000000000000057e+02,1.256743211905007840e+01
2.164200000000000159e+02,1.142521064271334907e+01
2.164399999999999977e+02,1.019469490166428827e+01
2.164600000000000080e+02,8.960699079436716730e+00
2.164800000000000182e+02,7.773860150598068230e+00
2.165000000000000000e+02,6.662087885537677501e+00
2.165200000000000102e+02,5.643192224500409360e+00
2.165399999999999920e+02,4.731121640586222199e+00
2.165600000000000023e+02,3.936886503275107252e+00
2.165800000000000125e+02,3.267862554431377742e+00
2.165999999999999943e+02,2.727499925069379660e+00
2.166200000000000045e+02,2.315354076959113439e+00
2.166400000000000148e+02,2.026580470839147718e+00
2.166599999999999966e+02,1.851017243042579752e+00
2.166800000000000068e+02,1.773712383301232931e+00
2.167000000000000171e+02,1.778153610832428955e+00
2.167199999999999989e+02,1.850351255037742559e+00
2.167400000000000091e+02,1.981159685979207774e+00
2.167599999999999909e+02,2.166491001878506406e+00
2.167800000000000011e+02,2.406542187096320173e+00
2.168000000000000114e+02,2.704934242284228407e+00
2.168199999999999932e+02,3.068071140741281511e+00
2.168400000000000034e+02,3.504702442093583947e+00
2.168600000000000136e+02,4.025562383492355067e+00
2.168799999999999955e+02,4.642914306019530812e+00
2.169000000000000057e+02,5.369787736411057111e+00
2.169200000000000159e+02,6.218614604725385853e+00
2.169399999999999977e+02,7.198870087609022583e+00
2.169600000000000080e+02,8.313221069280350761e+00
2.169800000000000182e+02,9.551685936127839227e+00
2.170000000000000000e+02,1.088362944348523520e+01
2.170200000000000102e+02,1.224843372582600942e+01
2.170399999999999920e+02,1.354782512151496654e+01
2.170600000000000023e+02,1.464599968387112128e+01
2.170800000000000125e+02,1.538603877854089141e+01
2.170999999999999943e+02,1.562808920920188527e+01
2.171200000000000045e+02,1.530172507277913496e+01
2.171400000000000148e+02,1.444582909211805344e+01
2.171599999999999966e+02,1.320335064548046233e+01
2.171800000000000068e+02,1.176378922729963783e+01
2.172000000000000171e+02,1.028888641330707365e+01
2.172199999999999989e+02,8.872109599274446978e+00
2.172400000000000091e+02,7.548854246014360392e+00
2.172599999999999909e+02,6.329707602507358644e+00
2.172800000000000011e+02,5.223187204353433977e+00
2.173000000000000114e+02,4.240032589598841106e+00
2.173199999999999932e+02,3.388953331194790142e+00
2.173400000000000034e+02,2.672912330041994355e+00
2.173600000000000136e+02,2.088595658652293796e+00
2.173799999999999955e+02,1.628180408909776222e+00
2.174000000000000057e+02,1.281832617632691074e+00
2.174200000000000159e+02,1.039465677999740434e+00
2.174399999999999977e+02,8.903297360580304520e-01
2.174600000000000080e+02,8.205808278821735691e-01
2.174800000000000182e+02,8.129511795423933762e-01
2.175000000000000000e+02,8.512212430830634613e-01
2.175200000000000102e+02,9.246460940782953442e-01
2.175399999999999920e+02,1.028512467999685542e+00
2.175600000000000023e+02,1.162576183151187159e+00
2.175800000000000125e+02,1.329571254942764291e+00
2.175999999999999943e+02,1.534383786795244786e+00
2.176200000000000045e+02,1.783760306956716502e+00
2.176400000000000148e+02,2.086340695338343210e+00
2.176599999999999966e+02,2.452877034773796261e+00
2.176800000000000068e+02,2.896559429184633938e+00
2.177000000000000171e+02,3.433397393571856249e+00
2.177199999999999989e+02,4.082600208348853066e+00
2.177400000000000091e+02,4.866864814178465615e+00
2.177599999999999909e+02,5.812402421155403509e+00
2.177800000000000011e+02,6.948397570078793883e+00
2.178000000000000114e+02,8.305362964611575194e+00
2.178199999999999932e+02,9.911494885405415900e+00
2.178400000000000034e+02,1.178564386643572348e+01
2.178600000000000136e+02,1.392500294915835468e+01
2.178799999999999955e+02,1.628553268179626912e+01
2.179000000000000057e+02,1.875464837323742984e+01
2.179200000000000159e+02,2.112098694810219612e+01
2.179399999999999977e+02,2.305752149284979780e+01
2.179600000000000080e+02,2.414986105867334842e+01
2.179800000000000182e+02,2.400536562299884480e+01
2.180000000000000000e+02,2.243909731285652853e+01
2.180200000000000102e+02,1.964029983544024205e+01
2.180399999999999920e+02,1.616084645110095863e+01
2.180600000000000023e+02,1.266906122893356290e+01
2.180800000000000125e+02,9.638763241307966467e+00
2.180999999999999943e+02,7.222606051309394815e+00
2.181200000000000045e+02,5.355930196395735976e+00
2.181400000000000148e+02,3.917551757290489434e+00
2.181599999999999966e+02,2.809976618178504193e+00
2.181800000000000068e+02,1.966478432836426427e+00
2.182000000000000171e+02,1.335830906511648930e+00
2.182199999999999989e+02,8.709334245958815224e-01
2.182400000000000091e+02,5.277525117424209933e-01
2.182599999999999909e+02,2.705190129074357408e-01
2.182800000000000011e+02,7.439013904113027376e-02
2.183000000000000114e+02,-7.694979231142530518e-02
2.183199999999999932e+02,-1.949386988493979622e-01
2.183400000000000034e+02,-2.884482920931306094e-01
2.183600000000000136e+02,-3.647880178729690503e-01
2.183799999999999955e+02,-4.300978773804106092e-01
2.184000000000000057e+02,-4.895696916933258147e-01
2.184200000000000159e+02,-5.476625011534713705e-01
2.184399999999999977e+02,-6.083487305671412271e-01
2.184600000000000080e+02,-6.753844221959309779e-01
2.184800000000000182e+02,-7.525951188278542370e-01
2.185000000000000000e+02,-8.441568341254203078e-01
2.185200000000000102e+02,-9.548395668886293652e-01
2.185399999999999920e+02,-1.090132128968436920e+00
2.185600000000000023e+02,-1.256089752353241495e+00
2.185800000000000125e+02,-1.458647921459202301e+00
2.185999999999999943e+02,-1.702085908961749050e+00
2.186200000000000045e+02,-1.986448557167818985e+00
2.186400000000000148e+02,-2.304239472284052237e+00
2.186599999999999966e+02,-2.637616232020167928e+00
2.186800000000000068e+02,-2.958148780478251361e+00
2.187000000000000171e+02,-3.230846943964228668e+00
2.187199999999999989e+02,-3.421952510170368278e+00
2.187400000000000091e+02,-3.507230922660930172e+00
2.187599999999999909e+02,-3.476971345602700492e+00
2.187800000000000011e+02,-3.336399696668479908e+00
2.188000000000000114e+02,-3.102906068988596111e+00
2.188199999999999932e+02,-2.801885295651666219e+00
2.188400000000000034e+02,-2.462167695231143760e+00
2.188600000000000136e+02,-2.111759725350413230e+00
2.188799999999999955e+02,-1.774638662214039542e+00
2.189000000000000057e+02,-1.468914008530983972e+00
2.189200000000000159e+02,-1.206076457770406174e+00
2.189399999999999977e+02,-9.909496663661496729e-01
2.189600000000000080e+02,-8.224147712798004495e-01
2.189800000000000182e+02,-6.951874141691612996e-01
2.190000000000000000e+02,-6.022574043417913137e-01
2.190200000000000102e+02,-5.368824786535453253e-01
2.190399999999999920e+02,-4.935393847055856154e-01
2.190600000000000023e+02,-4.680681046891352337e-01
2.190800000000000125e+02,-4.574952023794882083e-01
2.190999999999999943e+02,-4.598258332475517740e-01
2.191200000000000045e+02,-4.738943586140104136e-01
2.191400000000000148e+02,-4.992848568272118537e-01
2.191599999999999966e+02,-5.363166454682426476e-01
2.191800000000000068e+02,-5.860976307978563726e-01
2.192000000000000171e+02,-6.506456117853257615e-01
2.192199999999999989e+02,-7.330844934665702306e-01
2.192400000000000091e+02,-8.378897536310496719e-01
2.192599999999999909e+02,-9.711107369598738215e-01
2.192800000000000011e+02,-1.140380570392758308e+00
2.193000000000000114e+02,-1.354345983105640583e+00
2.193199999999999932e+02,-1.620952259363859005e+00
2.193400000000000034e+02,-1.944016509434319362e+00
2.193600000000000136e+02,-2.318124244400648681e+00
2.193799999999999955e+02,-2.723426165716842373e+00
2.194000000000000057e+02,-3.123816457275124137e+00
2.194200000000000159e+02,-3.472089794516309613e+00
2.194399999999999977e+02,-3.721902118530926007e+00
2.194600000000000080e+02,-3.840684875912664609e+00
2.194800000000000182e+02,-3.816423978897310221e+00
2.195000000000000000e+02,-3.656775853963430301e+00
2.195200000000000102e+02,-3.384345481651485077e+00
2.195399999999999920e+02,-3.031166276561052086e+00
2.195600000000000023e+02,-2.632777567254787954e+00
2.195800000000000125e+02,-2.222487957417436100e+00
2.195999999999999943e+02,-1.827307729215685850e+00
2.196200000000000045e+02,-1.466374854205893419e+00
2.196400000000000148e+02,-1.151458269077678676e+00
2.196599999999999966e+02,-8.884612890587973988e-01
2.196800000000000068e+02,-6.787848068436451721e-01
2.197000000000000171e+02,-5.198086066424354446e-01
2.197199999999999989e+02,-4.049502103856451041e-01
2.197400000000000091e+02,-3.249541890457648408e-01
2.197599999999999909e+02,-2.706024501214821520e-01
2.197800000000000011e+02,-2.346956489998931472e-01
2.198000000000000114e+02,-2.122969299605574345e-01
2.198199999999999932e+02,-2.001519369866374409e-01
2.198400000000000034e+02,-1.961226035067511753e-01
2.198600000000000136e+02,-1.988290788682955390e-01
2.198799999999999955e+02,-2.074471061897603663e-01
2.199000000000000057e+02,-2.215952199555797364e-01
2.199200000000000159e+02,-2.412773520660329574e-01
2.199399999999999977e+02,-2.668694401218252854e-01
2.199600000000000080e+02,-2.991489640604340083e-01
2.199800000000000182e+02,-3.393787997542329071e-01
2.200000000000000000e+02,-3.894648789844681325e-01
2.200200000000000102e+02,-4.522180517224084206e-01
2.200399999999999920e+02,-5.317602036793502851e-01
2.200600000000000023e+02,-6.341061493351103362e-01
2.200800000000000125e+02,-7.679013694778298316e-01
2.200999999999999943e+02,-9.451288018616836872e-01
2.201200000000000045e+02,-1.181228444593405147e+00
2.201400000000000148e+02,-1.493457837077127204e+00
2.201599999999999966e+02,-1.895757013314077311e+00
2.201800000000000068e+02,-2.388947466777242123e+00
2.202000000000000171e+02,-2.948494099805772262e+00
2.202199999999999989e+02,-3.518104322870528211e+00
2.202400000000000091e+02,-4.019864405496106130e+00
2.202599999999999909e+02,-4.381154265951517246e+00
2.202800000000000011e+02,-4.560173465794510328e+00
2.203000000000000114e+02,-4.550905200943041073e+00
2.203199999999999932e+02,-4.372766187521739845e+00
2.203400000000000034e+02,-4.062945949430902814e+00
2.203600000000000136e+02,-3.672591086838219887e+00
2.203799999999999955e+02,-3.259083804682101349e+00
2.204000000000000057e+02,-2.876269923428764308e+00
2.204200000000000159e+02,-2.567955465703544160e+00
2.204399999999999977e+02,-2.364382995538380605e+00
2.204600000000000080e+02,-2.278349337890265502e+00
2.204800000000000182e+02,-2.302868778572443986e+00
2.205000000000000000e+02,-2.417474331816219291e+00
2.205200000000000102e+02,-2.601163532939093859e+00
2.205399999999999920e+02,-2.841224046003393955e+00
2.205600000000000023e+02,-3.134464854553708157e+00
2.205800000000000125e+02,-3.484837150696666885e+00
2.205999999999999943e+02,-3.900911597756397509e+00
2.206200000000000045e+02,-4.394263653666148350e+00
2.206400000000000148e+02,-4.978652509254321679e+00
2.206599999999999966e+02,-5.669614268276290225e+00
2.206800000000000068e+02,-6.484102905413883455e+00
2.207000000000000171e+02,-7.439841445119808938e+00
2.207199999999999989e+02,-8.554021413900416704e+00
2.207400000000000091e+02,-9.840901034772008060e+00
2.207599999999999909e+02,-1.130773565796224034e+01
2.207800000000000011e+02,-1.294840085642585947e+01
2.208000000000000114e+02,-1.473423317997254500e+01
2.208199999999999932e+02,-1.660236143427426114e+01
2.208400000000000034e+02,-1.844365521245667239e+01
2.208600000000000136e+02,-2.009574778040482101e+01
2.208799999999999955e+02,-2.135066405300331382e+01
2.209000000000000057e+02,-2.198797498547899565e+01
2.209200000000000159e+02,-2.183668763258221901e+01
2.209399999999999977e+02,-2.084828558235316365e+01
2.209600000000000080e+02,-1.913976662726911115e+01
2.209800000000000182e+02,-1.696678950429979693e+01
2.210000000000000000e+02,-1.462997855309434136e+01
2.210200000000000102e+02,-1.237120912220458813e+01
2.210399999999999920e+02,-1.032341517096020667e+01
2.210600000000000023e+02,-8.526807951552610731e+00
2.210800000000000125e+02,-6.973947381503536214e+00
2.210999999999999943e+02,-5.644379513072035337e+00
2.211200000000000045e+02,-4.518299047540544677e+00
2.211400000000000148e+02,-3.577786458004753811e+00
2.211599999999999966e+02,-2.804989297570878115e+00
2.211800000000000068e+02,-2.181241164599084570e+00
2.212000000000000171e+02,-1.687545327507069315e+00
2.212199999999999989e+02,-1.305799376504600984e+00
2.212400000000000091e+02,-1.020188526689230768e+00
2.212599999999999909e+02,-8.182786550294368633e-01
2.212800000000000011e+02,-6.909648887571289144e-01
2.213000000000000114e+02,-6.300839256005159594e-01
2.213199999999999932e+02,-6.249532967342875667e-01
2.213400000000000034e+02,-6.628097669152677174e-01
2.213600000000000136e+02,-7.331771446478460019e-01
2.213799999999999955e+02,-8.304508499399388954e-01
2.214000000000000057e+02,-9.534475375232422945e-01
2.214200000000000159e+02,-1.104123993446582963e+00
2.214399999999999977e+02,-1.286680081545238385e+00
2.214600000000000080e+02,-1.507162802958982084e+00
2.214800000000000182e+02,-1.773415603492963344e+00
2.215000000000000000e+02,-2.095241712374526166e+00
2.215200000000000102e+02,-2.484705960970663874e+00
2.215399999999999920e+02,-2.956531744286477803e+00
2.215600000000000023e+02,-3.528557317291344919e+00
2.215800000000000125e+02,-4.222199018788384883e+00
2.215999999999999943e+02,-5.062825814004397351e+00
2.216200000000000045e+02,-6.079859242516938878e+00
2.216400000000000148e+02,-7.306257072151514542e+00
2.216599999999999966e+02,-8.776771524975227834e+00
2.216800000000000068e+02,-1.052395373975336490e+01
2.217000000000000171e+02,-1.257029735303820850e+01
2.217199999999999989e+02,-1.491430601240289988e+01
2.217400000000000091e+02,-1.750819518042662892e+01
2.217599999999999909e+02,-2.022683778626373297e+01
2.217800000000000011e+02,-2.283414561968446677e+01
2.218000000000000114e+02,-2.496702669216099224e+01
2.218199999999999932e+02,-2.617481296646001709e+01
2.218400000000000034e+02,-2.605218609114575656e+01
2.218600000000000136e+02,-2.444866708336994066e+01
2.218799999999999955e+02,-2.162898611980278929e+01
2.219000000000000057e+02,-1.821165299856811259e+01
2.219200000000000159e+02,-1.486578464974913416e+01
2.219399999999999977e+02,-1.199554549388604130e+01
2.219600000000000080e+02,-9.671989890642359811e+00
2.219800000000000182e+02,-7.798873599743451734e+00
2.220000000000000000e+02,-6.281528585941724252e+00
2.220200000000000102e+02,-5.075517117236429954e+00
2.220399999999999920e+02,-4.162814900572479715e+00
2.220600000000000023e+02,-3.520763204214892195e+00
2.220800000000000125e+02,-3.108875148458469351e+00
2.220999999999999943e+02,-2.875991426900986969e+00
2.221200000000000045e+02,-2.775663329839202387e+00
2.221400000000000148e+02,-2.774954464492994433e+00
2.221599999999999966e+02,-2.854205739567969413e+00
2.221800000000000068e+02,-3.003182722573632724e+00
2.222000000000000171e+02,-3.217479704422833819e+00
2.222199999999999989e+02,-3.496097167062210520e+00
2.222400000000000091e+02,-3.839898475362890640e+00
2.222599999999999909e+02,-4.250484337881808905e+00
2.222800000000000011e+02,-4.729112710953727650e+00
2.223000000000000114e+02,-5.275386567042090746e+00
2.223199999999999932e+02,-5.885496181127413351e+00
2.223400000000000034e+02,-6.549878093185848016e+00
2.223600000000000136e+02,-7.250288564116253553e+00
2.223799999999999955e+02,-7.956582650795177791e+00
2.224000000000000057e+02,-8.623993965607981593e+00
2.224200000000000159e+02,-9.192442387923868807e+00
2.224399999999999977e+02,-9.590091945163258913e+00
2.224600000000000080e+02,-9.743370808251045290e+00
2.224800000000000182e+02,-9.593927812552395906e+00
2.225000000000000000e+02,-9.118979098490855861e+00
2.225200000000000102e+02,-8.346673923075419665e+00
2.225399999999999920e+02,-7.356625177298599993e+00
2.225600000000000023e+02,-6.261523141799529846e+00
2.225800000000000125e+02,-5.176836298954371252e+00
2.225999999999999943e+02,-4.193232666249071094e+00
2.226200000000000045e+02,-3.363367651620841059e+00
2.226400000000000148e+02,-2.704248491766106710e+00
2.226599999999999966e+02,-2.208263300922439942e+00
2.226800000000000068e+02,-1.855191088796498633e+00
2.227000000000000171e+02,-1.621166018673698694e+00
2.227199999999999989e+02,-1.483974409203295375e+00
2.227400000000000091e+02,-1.425507962623151270e+00
2.227599999999999909e+02,-1.432303990708405195e+00
2.227800000000000011e+02,-1.494876650758648395e+00
2.228000000000000114e+02,-1.606541395443263909e+00
2.228199999999999932e+02,-1.762521921012379478e+00
2.228400000000000034e+02,-1.959774893653653205e+00
2.228600000000000136e+02,-2.197280140252027891e+00
2.228799999999999955e+02,-2.476261468780587727e+00
2.229000000000000057e+02,-2.800071055577494583e+00
2.229200000000000159e+02,-3.173776061125995973e+00
2.229399999999999977e+02,-3.603554687984982685e+00
2.229600000000000080e+02,-4.095922088189371202e+00
2.229800000000000182e+02,-4.656696602662329099e+00
2.230000000000000000e+02,-5.289531778637927673e+00
2.230200000000000102e+02,-5.993794280621984605e+00
2.230399999999999920e+02,-6.761575439399408083e+00
2.230600000000000023e+02,-7.573761876018396677e+00
2.230800000000000125e+02,-8.395456942283505697e+00
2.230999999999999943e+02,-9.171805751544408025e+00
2.231200000000000045e+02,-9.826459349707793223e+00
2.231400000000000148e+02,-1.026618400204604775e+01
2.231599999999999966e+02,-1.039531737112328891e+01
2.231800000000000068e+02,-1.014097470790248678e+01
2.232000000000000171e+02,-9.482969975115343786e+00
2.232199999999999989e+02,-8.474186125754933130e+00
2.232400000000000091e+02,-7.235708335164701133e+00
2.232599999999999909e+02,-5.923134934622093617e+00
2.232800000000000011e+02,-4.680001803559195928e+00
2.233000000000000114e+02,-3.603290328317084956e+00
2.233199999999999932e+02,-2.734921012708882770e+00
2.233400000000000034e+02,-2.074028005334545011e+00
2.233600000000000136e+02,-1.595858451080803375e+00
2.233799999999999955e+02,-1.267172929699082351e+00
2.234000000000000057e+02,-1.055444879881425990e+00
2.234200000000000159e+02,-9.331920118773501249e-01
2.234399999999999977e+02,-8.794385966188051906e-01
2.234600000000000080e+02,-8.796452123928278910e-01
2.234800000000000182e+02,-9.246570076272070393e-01
2.235000000000000000e+02,-1.008909715096524717e+00
2.235200000000000102e+02,-1.128590904888288948e+00
2.235399999999999920e+02,-1.280836409692074795e+00
2.235600000000000023e+02,-1.464152519128291141e+00
2.235800000000000125e+02,-1.679141822132566242e+00
2.235999999999999943e+02,-1.928779839109530325e+00
2.236200000000000045e+02,-2.218231932509895810e+00
2.236400000000000148e+02,-2.554486169246166227e+00
2.236599999999999966e+02,-2.945968223610377468e+00
2.236800000000000068e+02,-3.402135305545726407e+00
2.237000000000000171e+02,-3.932931391482863859e+00
2.237199999999999989e+02,-4.547908890523511438e+00
2.237400000000000091e+02,-5.254741740913810411e+00
2.237599999999999909e+02,-6.056777195275714121e+00
2.237800000000000011e+02,-6.949217576928015561e+00
2.238000000000000114e+02,-7.913599034319053871e+00
2.238199999999999932e+02,-8.910647922123908771e+00
2.238400000000000034e+02,-9.872676839331473886e+00
2.238600000000000136e+02,-1.069873897322917955e+01
2.238799999999999955e+02,-1.125852067752073893e+01
2.239000000000000057e+02,-1.141250647042483024e+01
2.239200000000000159e+02,-1.105210990920026859e+01
2.239399999999999977e+02,-1.015042744989814949e+01
2.239600000000000080e+02,-8.796651814180691531e+00
2.239800000000000182e+02,-7.183280042535441723e+00
2.240000000000000000e+02,-5.541619047608224768e+00
2.240200000000000102e+02,-4.062132937205573668e+00
2.240399999999999920e+02,-2.848425617249358499e+00
2.240600000000000023e+02,-1.921293319890484463e+00
2.240800000000000125e+02,-1.250673068616319217e+00
2.240999999999999943e+02,-7.868715583156753457e-01
2.241200000000000045e+02,-4.793070767482374706e-01
2.241400000000000148e+02,-2.845245306098305171e-01
2.241599999999999966e+02,-1.682810693021643822e-01
2.241800000000000068e+02,-1.050262613492677355e-01
2.242000000000000171e+02,-7.647234527643954893e-02
2.242199999999999989e+02,-7.002627379475721836e-02
2.242400000000000091e+02,-7.741881620197642311e-02
2.242599999999999909e+02,-9.368685669057227883e-02
2.242800000000000011e+02,-1.165749954672751637e-01
2.243000000000000114e+02,-1.461358500942460392e-01
2.243199999999999932e+02,-1.836902314234312161e-01
2.243400000000000034e+02,-2.299597792198428692e-01
2.243600000000000136e+02,-2.844711713344783566e-01
2.243799999999999955e+02,-3.468269384195784566e-01
2.244000000000000057e+02,-4.177235079531260165e-01
2.244200000000000159e+02,-4.990242631449013921e-01
2.244399999999999977e+02,-5.935176259316972125e-01
2.244600000000000080e+02,-7.047602688844707419e-01
2.244800000000000182e+02,-8.370680834568092754e-01
2.245000000000000000e+02,-9.956185787172718848e-01
2.245200000000000102e+02,-1.186628257545759846e+00
2.245399999999999920e+02,-1.417582222508829481e+00
2.245600000000000023e+02,-1.697499499121631450e+00
2.245800000000000125e+02,-2.037217792448091647e+00
2.245999999999999943e+02,-2.449659322617358637e+00
2.246200000000000045e+02,-2.950012053789418331e+00
2.246400000000000148e+02,-3.555689259538909130e+00
2.246599999999999966e+02,-4.285819527904509485e+00
2.246800000000000068e+02,-5.159827543790937554e+00
2.247000000000000171e+02,-6.194364721510976501e+00
2.247199999999999989e+02,-7.397452656868470200e+00
2.247400000000000091e+02,-8.758310148844397958e+00
2.247599999999999909e+02,-1.023142724121513325e+01
2.247800000000000011e+02,-1.171514895543711532e+01
2.248000000000000114e+02,-1.303039670870090738e+01
2.248199999999999932e+02,-1.391588672477220712e+01
2.248400000000000034e+02,-1.406840377051046254e+01
2.248600000000000136e+02,-1.325206613599409167e+01
2.248799999999999955e+02,-1.145127364019334060e+01
2.249000000000000057e+02,-8.959714906056673200e+00
2.249200000000000159e+02,-6.285499001972388200e+00
2.249399999999999977e+02,-3.901350224195182737e+00
2.249600000000000080e+02,-2.044218056877358247e+00
2.249800000000000182e+02,-7.159635504660925021e-01
2.250000000000000000e+02,1.928177966445958347e-01
2.250200000000000102e+02,8.071073629610385769e-01
2.250399999999999920e+02,1.234640314862376131e+00
2.250600000000000023e+02,1.560779311668587965e+00
2.250800000000000125e+02,1.847018875697191032e+00
2.250999999999999943e+02,2.128932714669723225e+00
2.251200000000000045e+02,2.419473913767402617e+00
2.251400000000000148e+02,2.719700834104664899e+00
2.251599999999999966e+02,3.029518750971455621e+00
2.251800000000000068e+02,3.352615118087063806e+00
2.252000000000000171e+02,3.696625929657132215e+00
2.252199999999999989e+02,4.071577144834368056e+00
2.252400000000000091e+02,4.488331697087339478e+00
2.252599999999999909e+02,4.957484681832803552e+00
2.252800000000000011e+02,5.488576952948096555e+00
2.253000000000000114e+02,6.089348130668103209e+00
2.253199999999999932e+02,6.764753866765837564e+00
2.253400000000000034e+02,7.515523143737241618e+00
2.253600000000000136e+02,8.336112284805972550e+00
2.253799999999999955e+02,9.212061561739439242e+00
2.254000000000000057e+02,1.011703250684002775e+01
2.254200000000000159e+02,1.101026461135652212e+01
2.254399999999999977e+02,1.183580087531038849e+01
2.254600000000000080e+02,1.252535547093642165e+01
2.254800000000000182e+02,1.300655557597832868e+01
2.255000000000000000e+02,1.321673581017630994e+01
2.255200000000000102e+02,1.311927963149853760e+01
2.255399999999999920e+02,1.271608470890603648e+01
2.255600000000000023e+02,1.204916090999351219e+01
2.255800000000000125e+02,1.118895321106829677e+01
2.255999999999999943e+02,1.021469419167418380e+01
2.256200000000000045e+02,9.196775742547757204e+00
2.256400000000000148e+02,8.188456846343767026e+00
2.256599999999999966e+02,7.226889556496987943e+00
2.256800000000000068e+02,6.338291138812248704e+00
2.257000000000000171e+02,5.542394602138973170e+00
2.257199999999999989e+02,4.854470435795505523e+00
2.257400000000000091e+02,4.285496272740288326e+00
2.257599999999999909e+02,3.841499413654433592e+00
2.257800000000000011e+02,3.522843602780632910e+00
2.258000000000000114e+02,3.324201062865971501e+00
2.258199999999999932e+02,3.235874415820380268e+00
2.258400000000000034e+02,3.246374594949748449e+00
2.258600000000000136e+02,3.345202095977215517e+00
2.258799999999999955e+02,3.524736740472820706e+00
2.259000000000000057e+02,3.780927284073707373e+00
2.259200000000000159e+02,4.113112479698586732e+00
2.259399999999999977e+02,4.523401801252875387e+00
2.259600000000000080e+02,5.015851678809889691e+00
2.259800000000000182e+02,5.595466077559901663e+00
2.260000000000000000e+02,6.266913839512503692e+00
2.260200000000000102e+02,7.032779057374349385e+00
2.260399999999999920e+02,7.891137684555912024e+00
2.260600000000000023e+02,8.832302288104845189e+00
2.260800000000000125e+02,9.834778207358439772e+00
2.260999999999999943e+02,1.086092049010141558e+01
2.261200000000000045e+02,1.185357229176682203e+01
2.261400000000000148e+02,1.273599119137793778e+01
2.261599999999999966e+02,1.341808108799692612e+01
2.261800000000000068e+02,1.381115904695805341e+01
2.262000000000000171e+02,1.384993309940731976e+01
2.262199999999999989e+02,1.351446293681979327e+01
2.262400000000000091e+02,1.284057105972648394e+01
2.262599999999999909e+02,1.191026720030050789e+01
2.262800000000000011e+02,1.082527418296086807e+01
2.263000000000000114e+02,9.678252432216400081e+00
2.263199999999999932e+02,8.536713548228302528e+00
2.263400000000000034e+02,7.443293766944109713e+00
2.263600000000000136e+02,6.424671272370633623e+00
2.263799999999999955e+02,5.499769290694355384e+00
2.264000000000000057e+02,4.683538840576766837e+00
2.264200000000000159e+02,3.987524530818830293e+00
2.264399999999999977e+02,3.419331692494941510e+00
2.264600000000000080e+02,2.981907607809403338e+00
2.264800000000000182e+02,2.672708426757441025e+00
2.265000000000000000e+02,2.483264282884851681e+00
2.265200000000000102e+02,2.400370536750302541e+00
2.265399999999999920e+02,2.409244411180171852e+00
2.265600000000000023e+02,2.497077023746832936e+00
2.265800000000000125e+02,2.655195110571644701e+00
2.265999999999999943e+02,2.879537526521382507e+00
2.266200000000000045e+02,3.170174313924936982e+00
2.266400000000000148e+02,3.530557600548662744e+00
2.266599999999999966e+02,3.966801183953228449e+00
2.266800000000000068e+02,4.486999800263882676e+00
2.267000000000000171e+02,5.100458182259716367e+00
2.267199999999999989e+02,5.816620403208271561e+00
2.267400000000000091e+02,6.643429727982254285e+00
2.267599999999999909e+02,7.584786021115683674e+00
2.267800000000000011e+02,8.636755318568699380e+00
2.268000000000000114e+02,9.782310976361038968e+00
2.268199999999999932e+02,1.098484487345158911e+01
2.268400000000000034e+02,1.218171762455098595e+01
2.268600000000000136e+02,1.328084566259565058e+01
2.268799999999999955e+02,1.416524456267682908e+01
2.269000000000000057e+02,1.471075532856839274e+01
2.269200000000000159e+02,1.481788856196146931e+01
2.269399999999999977e+02,1.444852758293087192e+01
2.269600000000000080e+02,1.364763350559344701e+01
2.269800000000000182e+02,1.253158871107284789e+01
2.270000000000000000e+02,1.124490769532642176e+01
2.270200000000000102e+02,9.911452191358408825e+00
2.270399999999999920e+02,8.609657548211584910e+00
2.270600000000000023e+02,7.378460445601097817e+00
2.270800000000000125e+02,6.236716350301899858e+00
2.270999999999999943e+02,5.197333124450439712e+00
2.271200000000000045e+02,4.271248096891982371e+00
2.271400000000000148e+02,3.466123224989178908e+00
2.271599999999999966e+02,2.784874769380609294e+00
2.271800000000000068e+02,2.225885508052681150e+00
2.272000000000000171e+02,1.784480825072886745e+00
2.272199999999999989e+02,1.454399565204763656e+00
2.272400000000000091e+02,1.227863115930725613e+00
2.272599999999999909e+02,1.093917341321486214e+00
2.272800000000000011e+02,1.037530328703917482e+00
2.273000000000000114e+02,1.042335650692881144e+00
2.273199999999999932e+02,1.095013955724476684e+00
2.273400000000000034e+02,1.187429372352577284e+00
2.273600000000000136e+02,1.316275180743915252e+00
2.273799999999999955e+02,1.481936764938376117e+00
2.274000000000000057e+02,1.687573825869065125e+00
2.274200000000000159e+02,1.938606074655474742e+00
2.274399999999999977e+02,2.242505948251015013e+00
2.274600000000000080e+02,2.608775667405297316e+00
2.274800000000000182e+02,3.049004691046737658e+00
2.275000000000000000e+02,3.576907743121388705e+00
2.275200000000000102e+02,4.208216983688769730e+00
2.275399999999999920e+02,4.960232461623859557e+00
2.275600000000000023e+02,5.850722452973227128e+00
2.275800000000000125e+02,6.895688595418871358e+00
2.275999999999999943e+02,8.105297163064903998e+00
2.276200000000000045e+02,9.477105545079853144e+00
2.276400000000000148e+02,1.098584129331991655e+01
2.276599999999999966e+02,1.256998509850623158e+01
2.276800000000000068e+02,1.411815527473129528e+01
2.277000000000000171e+02,1.546338914585055058e+01
2.277199999999999989e+02,1.639909663818606589e+01
2.277400000000000091e+02,1.672953974252379794e+01
2.277599999999999909e+02,1.634925327770439907e+01
2.277800000000000011e+02,1.531094384692549504e+01
2.278000000000000114e+02,1.382281432310828784e+01
2.278199999999999932e+02,1.215595334785963111e+01
2.278400000000000034e+02,1.052237017919632400e+01
2.278600000000000136e+02,9.017074741681460281e+00
2.278799999999999955e+02,7.652114832396705424e+00
2.279000000000000057e+02,6.421541209428681896e+00
2.279200000000000159e+02,5.334577292645049873e+00
2.279399999999999977e+02,4.413765076525565156e+00
2.279600000000000080e+02,3.682457886663670799e+00
2.279800000000000182e+02,3.154555967217161694e+00
2.280000000000000000e+02,2.826715633889189228e+00
2.280200000000000102e+02,2.674910519101967310e+00
2.280399999999999920e+02,2.661938485380692665e+00
2.280600000000000023e+02,2.752531747543083718e+00
2.280800000000000125e+02,2.923282361538196650e+00
2.280999999999999943e+02,3.163452266869904328e+00
2.281200000000000045e+02,3.471633275460836110e+00
2.281400000000000148e+02,3.852423484575845158e+00
2.281599999999999966e+02,4.314283619656167801e+00
2.281800000000000068e+02,4.868369789583146812e+00
2.282000000000000171e+02,5.527879618700011655e+00
2.282199999999999989e+02,6.307494968466248686e+00
2.282400000000000091e+02,7.222558099843283230e+00
2.282599999999999909e+02,8.287605909016191319e+00
2.282800000000000011e+02,9.513817971202609414e+00
2.283000000000000114e+02,1.090483262841215684e+01
2.283199999999999932e+02,1.245035091469062749e+01
2.283400000000000034e+02,1.411715925468944732e+01
2.283600000000000136e+02,1.583801202883183201e+01
2.283799999999999955e+02,1.750069781527173518e+01
2.284000000000000057e+02,1.894284966769030731e+01
2.284200000000000159e+02,1.996178176889755562e+01
2.284399999999999977e+02,2.034938339056381196e+01
2.284600000000000080e+02,1.995382872509281214e+01
2.284800000000000182e+02,1.874944683895852648e+01
2.285000000000000000e+02,1.687440314678381625e+01
2.285200000000000102e+02,1.459926022779561805e+01
2.285399999999999920e+02,1.223219775185160785e+01
2.285600000000000023e+02,1.001710154154867105e+01
2.285800000000000125e+02,8.084518310051519663e+00
2.285999999999999943e+02,6.466593465494678838e+00
2.286200000000000045e+02,5.141027350896061776e+00
2.286400000000000148e+02,4.067685710102054486e+00
2.286599999999999966e+02,3.206569451366432677e+00
2.286800000000000068e+02,2.522975295806495044e+00
2.287000000000000171e+02,1.987659341871518048e+00
2.287199999999999989e+02,1.576125609828423757e+00
2.287400000000000091e+02,1.268276844278780180e+00
2.287599999999999909e+02,1.048468262760801073e+00
2.287800000000000011e+02,9.055423529725886711e-01
2.288000000000000114e+02,8.319395187027084360e-01
2.288199999999999932e+02,8.210093247426243357e-01
2.288400000000000034e+02,8.641010343462592891e-01
2.288600000000000136e+02,9.511795160333909038e-01
2.288799999999999955e+02,1.074368702729384006e+00
2.289000000000000057e+02,1.230182356190378412e+00
2.289200000000000159e+02,1.419413121537886457e+00
2.289399999999999977e+02,1.646190201821343457e+00
2.289600000000000080e+02,1.917237864613045240e+00
2.289800000000000182e+02,2.241544397292723811e+00
2.290000000000000000e+02,2.630352834820986807e+00
2.290200000000000102e+02,3.097352008545222191e+00
2.290399999999999920e+02,3.658970121168751533e+00
2.290600000000000023e+02,4.334675253657058747e+00
2.290800000000000125e+02,5.147162390778579066e+00
2.290999999999999943e+02,6.122223704495556973e+00
2.291200000000000045e+02,7.287961016197200159e+00
2.291400000000000148e+02,8.672762587652664834e+00
2.291599999999999966e+02,1.030110931617091907e+01
2.291800000000000068e+02,1.218583031880603862e+01
2.292000000000000171e+02,1.431503908322921959e+01
2.292199999999999989e+02,1.663220837665769025e+01
2.292400000000000091e+02,1.900991205970153786e+01
2.292599999999999909e+02,2.122374845452194236e+01
2.292800000000000011e+02,2.294438527092876612e+01
2.293000000000000114e+02,2.377847521510274476e+01
2.293199999999999932e+02,2.338584147253856216e+01
2.293400000000000034e+02,2.165387832269596657e+01
2.293600000000000136e+02,1.882625513159014830e+01
2.293799999999999955e+02,1.545100686880940799e+01
2.294000000000000057e+02,1.213379645042790145e+01
2.294200000000000159e+02,9.274113336128538165e+00
2.294399999999999977e+02,6.985711782992982677e+00
2.294600000000000080e+02,5.203743290425561163e+00
2.294800000000000182e+02,3.820772774521278059e+00
2.295000000000000000e+02,2.750315873612760864e+00
2.295200000000000102e+02,1.931968096564739001e+00
2.295399999999999920e+02,1.318980148842465283e+00
2.295600000000000023e+02,8.681578130855254205e-01
2.295800000000000125e+02,5.378266570100540545e-01
2.295999999999999943e+02,2.925108285321738610e-01
2.296200000000000045e+02,1.068097903563041545e-01
2.296400000000000148e+02,-3.586526330245117661e-02
2.296599999999999966e+02,-1.467783552886268994e-01
2.296800000000000068e+02,-2.344034574194448217e-01
2.297000000000000171e+02,-3.056039328676158906e-01
2.297199999999999989e+02,-3.660978117049426550e-01
2.297400000000000091e+02,-4.206943482501303566e-01
2.297599999999999909e+02,-4.734999357840642409e-01
2.297800000000000011e+02,-5.281469284098022632e-01
2.298000000000000114e+02,-5.880466454450958835e-01
2.298199999999999932e+02,-6.566673123876217710e-01
2.298400000000000034e+02,-7.378269391672543920e-01
2.298600000000000136e+02,-8.359928792678872345e-01
2.298799999999999955e+02,-9.565399822627981274e-01
2.299000000000000057e+02,-1.105855353169865829e+00
2.299200000000000159e+02,-1.291063064625505241e+00
2.299399999999999977e+02,-1.519006344263990727e+00
2.299600000000000080e+02,-1.794070075673106945e+00
2.299800000000000182e+02,-2.114682871873666326e+00
2.300000000000000000e+02,-2.469172168518759314e+00
2.300200000000000102e+02,-2.832962753753529572e+00
2.300399999999999920e+02,-3.169910746935657553e+00
2.300600000000000023e+02,-3.439239137297797733e+00
2.300800000000000125e+02,-3.605896657069797673e+00
2.300999999999999943e+02,-3.649216955868840984e+00
2.301200000000000045e+02,-3.566071097804898393e+00
2.301400000000000148e+02,-3.368981157763344392e+00
2.301599999999999966e+02,-3.081864405650721839e+00
2.301800000000000068e+02,-2.735034640221135849e+00
2.302000000000000171e+02,-2.360092067828672313e+00
2.302199999999999989e+02,-1.985590736612146356e+00
2.302400000000000091e+02,-1.634354111997395886e+00
2.302599999999999909e+02,-1.322503330699287272e+00
2.302800000000000011e+02,-1.059494811600751207e+00
2.303000000000000114e+02,-8.484204430479236336e-01
2.303199999999999932e+02,-6.865932045220983770e-01
2.303400000000000034e+02,-5.671512569353833744e-01
2.303600000000000136e+02,-4.816729430597098127e-01
2.303799999999999955e+02,-4.224613366172900175e-01
2.304000000000000057e+02,-3.835179515520580895e-01
2.304200000000000159e+02,-3.605128241156201341e-01
2.304399999999999977e+02,-3.504326099900913483e-01
2.304600000000000080e+02,-3.512615303840858072e-01
2.304800000000000182e+02,-3.617698456262813389e-01
2.305000000000000000e+02,-3.813940886762156035e-01
2.305200000000000102e+02,-4.101875752077338011e-01
2.305399999999999920e+02,-4.488354850538049390e-01
2.305600000000000023e+02,-4.987402352194143518e-01
2.305800000000000125e+02,-5.621868375550512775e-01
2.305999999999999943e+02,-6.426077488660504322e-01
2.306200000000000045e+02,-7.449411196186733752e-01
2.306400000000000148e+02,-8.760317997315876237e-01
2.306599999999999966e+02,-1.044895466486056357e+00
2.306800000000000068e+02,-1.262433816674848108e+00
2.307000000000000171e+02,-1.539865363867092940e+00
2.307199999999999989e+02,-1.884946565428445853e+00
2.307400000000000091e+02,-2.295580550414795251e+00
2.307599999999999909e+02,-2.752365700778137025e+00
2.307800000000000011e+02,-3.214679863770701918e+00
2.308000000000000114e+02,-3.626027607864448665e+00
2.308199999999999932e+02,-3.929532435454916595e+00
2.308400000000000034e+02,-4.085420342189463483e+00
2.308600000000000136e+02,-4.079542992609340502e+00
2.308799999999999955e+02,-3.920996537322717579e+00
2.309000000000000057e+02,-3.635778306893922007e+00
2.309200000000000159e+02,-3.260796542118614472e+00
2.309399999999999977e+02,-2.837227920854174634e+00
2.309600000000000080e+02,-2.403367964399630186e+00
2.309800000000000182e+02,-1.989391594150806908e+00
2.310000000000000000e+02,-1.615405256116936084e+00
2.310200000000000102e+02,-1.292209725186995728e+00
2.310399999999999920e+02,-1.023449992800860020e+00
2.310600000000000023e+02,-8.080946207308404849e-01
2.310800000000000125e+02,-6.426885269333884043e-01
2.310999999999999943e+02,-5.231421871367918364e-01
2.311200000000000045e+02,-4.457890168267272246e-01
2.311400000000000148e+02,-4.071415238204706966e-01
2.311599999999999966e+02,-4.023511469407243246e-01
2.311800000000000068e+02,-4.246959808263068292e-01
2.312000000000000171e+02,-4.677950524998030768e-01
2.312199999999999989e+02,-5.278870289743388122e-01
2.312400000000000091e+02,-6.041137238273587284e-01
2.312599999999999909e+02,-6.977722468964487890e-01
2.312800000000000011e+02,-8.116463249882488462e-01
2.313000000000000114e+02,-9.496883296932929763e-01
2.313199999999999932e+02,-1.116975188734680602e+00
2.313400000000000034e+02,-1.319834583751106738e+00
2.313600000000000136e+02,-1.566080154320878881e+00
2.313799999999999955e+02,-1.865328791725177071e+00
2.314000000000000057e+02,-2.229391320349565664e+00
2.314200000000000159e+02,-2.672732611726306384e+00
2.314399999999999977e+02,-3.212991231692805538e+00
2.314600000000000080e+02,-3.871528610111818480e+00
2.314800000000000182e+02,-4.673936145147768784e+00
2.315000000000000000e+02,-5.650348675113382235e+00
2.315200000000000102e+02,-6.835268487671639193e+00
2.315399999999999920e+02,-8.266349745955288597e+00
2.315600000000000023e+02,-9.981178919485067524e+00
2.315800000000000125e+02,-1.201045839482659439e+01
2.315999999999999943e+02,-1.436523262684095670e+01
2.316200000000000045e+02,-1.701528078530882482e+01
2.316400000000000148e+02,-1.985684999350982594e+01
2.316599999999999966e+02,-2.267331659290117685e+01
2.316800000000000068e+02,-2.510607722887114335e+01
2.317000000000000171e+02,-2.667472727037536373e+01
2.317199999999999989e+02,-2.689721508486876544e+01
2.317400000000000091e+02,-2.551753276860632269e+01
2.317599999999999909e+02,-2.272610025968304370e+01
2.317800000000000011e+02,-1.916010678867901618e+01
2.318000000000000114e+02,-1.559392106824432744e+01
2.318199999999999932e+02,-1.254008480814396265e+01
2.318400000000000034e+02,-1.010786363589930659e+01
2.318600000000000136e+02,-8.180533968215765839e+00
2.318799999999999955e+02,-6.636106482185702760e+00
2.319000000000000057e+02,-5.417690073052670030e+00
2.319200000000000159e+02,-4.503093436380438241e+00
2.319399999999999977e+02,-3.865441172979790174e+00
2.319600000000000080e+02,-3.459540097830756000e+00
2.319800000000000182e+02,-3.231994915135279811e+00
2.320000000000000000e+02,-3.136810600406913174e+00
2.320200000000000102e+02,-3.142293369569562511e+00
2.320399999999999920e+02,-3.229573208300303033e+00
2.320600000000000023e+02,-3.388510462303529813e+00
2.320800000000000125e+02,-3.614193952685504474e+00
2.320999999999999943e+02,-3.904587265873146862e+00
2.321200000000000045e+02,-4.258959214616487188e+00
2.321400000000000148e+02,-4.676653108976970508e+00
2.321599999999999966e+02,-5.155855126285478818e+00
2.321800000000000068e+02,-5.692131145037786055e+00
2.322000000000000171e+02,-6.276594356285317033e+00
2.322199999999999989e+02,-6.893700062778625792e+00
2.322400000000000091e+02,-7.518869331650551047e+00
2.322599999999999909e+02,-8.116490242012083911e+00
2.322800000000000011e+02,-8.639309983716422892e+00
2.323000000000000114e+02,-9.030676629367722086e+00
2.323199999999999932e+02,-9.231128871016444748e+00
2.323400000000000034e+02,-9.189876996266956866e+00
2.323600000000000136e+02,-8.879379559216198814e+00
2.323799999999999955e+02,-8.308110184819886612e+00
2.324000000000000057e+02,-7.524888323530682044e+00
2.324200000000000159e+02,-6.610407128933763587e+00
2.324399999999999977e+02,-5.657926514164343779e+00
2.324600000000000080e+02,-4.751397623289274286e+00
2.324800000000000182e+02,-3.950310424334271708e+00
2.325000000000000000e+02,-3.285538421554890842e+00
2.325200000000000102e+02,-2.764053115444341291e+00
2.325399999999999920e+02,-2.377390798086129298e+00
2.325600000000000023e+02,-2.109681178180044636e+00
2.325800000000000125e+02,-1.943385114092626598e+00
2.325999999999999943e+02,-1.862583737147811114e+00
2.326200000000000045e+02,-1.854333889898031495e+00
2.326400000000000148e+02,-1.908738803207975065e+00
2.326599999999999966e+02,-2.018414087203876051e+00
2.326800000000000068e+02,-2.177979813186509350e+00
2.327000000000000171e+02,-2.383906016714796738e+00
2.327199999999999989e+02,-2.634604683984445028e+00
2.327400000000000091e+02,-2.930461645208326527e+00
2.327599999999999909e+02,-3.273612825477946409e+00
2.327800000000000011e+02,-3.667442284075101977e+00
2.328000000000000114e+02,-4.115838243795868046e+00
2.328199999999999932e+02,-4.622200354896162544e+00
2.328400000000000034e+02,-5.188122294599479822e+00
2.328600000000000136e+02,-5.811629033081310958e+00
2.328799999999999955e+02,-6.484859072943897296e+00
2.329000000000000057e+02,-7.191190163414621139e+00
2.329200000000000159e+02,-7.902073541657675726e+00
2.329399999999999977e+02,-8.574335225219467560e+00
2.329600000000000080e+02,-9.149416047403976293e+00
2.329800000000000182e+02,-9.556721136444844333e+00
2.330000000000000000e+02,-9.723284466831092487e+00
2.330200000000000102e+02,-9.590327600688778986e+00
2.330399999999999920e+02,-9.133412237331031136e+00
2.330600000000000023e+02,-8.378098294948527425e+00
2.330800000000000125e+02,-7.401314479479935038e+00
2.330999999999999943e+02,-6.313996619377113539e+00
2.331200000000000045e+02,-5.231385395022300600e+00
2.331400000000000148e+02,-4.245270576909677018e+00
2.331599999999999966e+02,-3.410058242412644436e+00
2.331800000000000068e+02,-2.744410397030109916e+00
2.332000000000000171e+02,-2.241894300596012357e+00
2.332199999999999989e+02,-1.882951304703147644e+00
2.332400000000000091e+02,-1.643984721667085980e+00
2.332599999999999909e+02,-1.502804798143284826e+00
2.332800000000000011e+02,-1.441198616482785022e+00
2.333000000000000114e+02,-1.445551764995155253e+00
2.333199999999999932e+02,-1.506233900964495609e+00
2.333400000000000034e+02,-1.616449248049344201e+00
2.333600000000000136e+02,-1.771337887962042723e+00
2.333799999999999955e+02,-1.967778069643701278e+00
2.334000000000000057e+02,-2.204661675511292884e+00
2.334200000000000159e+02,-2.483116121993500514e+00
2.334399999999999977e+02,-2.806396076817311513e+00
2.334600000000000080e+02,-3.179474518238994740e+00
2.334800000000000182e+02,-3.608438398078672282e+00
2.335000000000000000e+02,-4.099711669115751356e+00
2.335200000000000102e+02,-4.659019325620159080e+00
2.335399999999999920e+02,-5.289921063017637870e+00
2.335600000000000023e+02,-5.991698067708617792e+00
2.335800000000000125e+02,-6.756385047531043853e+00
2.335999999999999943e+02,-7.564877605443030895e+00
2.336200000000000045e+02,-8.382409442414846978e+00
2.336400000000000148e+02,-9.154446703706373256e+00
2.336599999999999966e+02,-9.805211404588279223e+00
2.336800000000000068e+02,-1.024228890222623711e+01
2.337000000000000171e+02,-1.037095049896761623e+01
2.337199999999999989e+02,-1.011905234209107540e+01
2.337400000000000091e+02,-9.466549269231338215e+00
2.337599999999999909e+02,-8.465593759429724585e+00
2.337800000000000011e+02,-7.235805803110535450e+00
2.338000000000000114e+02,-5.931156232333105294e+00
2.338199999999999932e+02,-4.694051644941403367e+00
2.338400000000000034e+02,-3.621149356179141687e+00
2.338600000000000136e+02,-2.754691212977990133e+00
2.338799999999999955e+02,-2.094407899619665780e+00
2.339000000000000057e+02,-1.616128200880414534e+00
2.339200000000000159e+02,-1.287059674140279997e+00
2.339399999999999977e+02,-1.074982654235984825e+00
2.339600000000000080e+02,-9.526173960366492999e-01
2.339800000000000182e+02,-8.991208645453020454e-01
2.340000000000000000e+02,-9.000310989045472443e-01
2.340200000000000102e+02,-9.462107071583928386e-01
2.340399999999999920e+02,-1.032056628058397152e+00
2.340600000000000023e+02,-1.153703370015110252e+00
2.340800000000000125e+02,-1.308272953461059318e+00
2.340999999999999943e+02,-1.494309800349882256e+00
2.341200000000000045e+02,-1.712482135124577809e+00
2.341400000000000148e+02,-1.965833545084496592e+00
2.341599999999999966e+02,-2.259587329428161429e+00
2.341800000000000068e+02,-2.600772150770818136e+00
2.342000000000000171e+02,-2.997825893984420453e+00
2.342199999999999989e+02,-3.460169313162174909e+00
2.342400000000000091e+02,-3.997625282725420615e+00
2.342599999999999909e+02,-4.619487432221180079e+00
2.342800000000000011e+02,-5.332952918757715821e+00
2.343000000000000114e+02,-6.140569264321923626e+00
2.343199999999999932e+02,-7.036291552489139178e+00
2.343400000000000034e+02,-7.999853969703392131e+00
2.343600000000000136e+02,-8.989620032209362677e+00
2.343799999999999955e+02,-9.935232234374270277e+00
2.344000000000000057e+02,-1.073349538883169885e+01
2.344200000000000159e+02,-1.125361392358993129e+01
2.344399999999999977e+02,-1.135906119731494002e+01
2.344600000000000080e+02,-1.094875621888559714e+01
2.344800000000000182e+02,-1.000662491808122745e+01
2.345000000000000000e+02,-8.631866173720615265e+00
2.345200000000000102e+02,-7.021022162184479498e+00
2.345399999999999920e+02,-5.401357518712530670e+00
2.345600000000000023e+02,-3.954126162963517377e+00
2.345800000000000125e+02,-2.773878757134848883e+00
2.345999999999999943e+02,-1.875895788853622292e+00
2.346200000000000045e+02,-1.228226824502957504e+00
2.346400000000000148e+02,-7.814433634312182297e-01
2.346599999999999966e+02,-4.860671850805580729e-01
2.346800000000000068e+02,-2.998851778640626020e-01
2.347000000000000171e+02,-1.897587120076970613e-01
2.347199999999999989e+02,-1.310323136244422870e-01
2.347400000000000091e+02,-1.061212543542456171e-01
2.347599999999999909e+02,-1.030063250947923226e-01
2.347800000000000011e+02,-1.139684424419051406e-01
2.348000000000000114e+02,-1.347200573986731542e-01
2.348199999999999932e+02,-1.638768037231887742e-01
2.348400000000000034e+02,-2.021553258540379761e-01
2.348600000000000136e+02,-2.505754768765186546e-01
2.348799999999999955e+02,-3.089742122917456535e-01
2.349000000000000057e+02,-3.766618333446070666e-01
2.349200000000000159e+02,-4.538171051836067393e-01
2.349399999999999977e+02,-5.419649567296185300e-01
2.349600000000000080e+02,-6.438011776835138589e-01
2.349800000000000182e+02,-7.629616214314152156e-01
2.350000000000000000e+02,-9.039379843697562533e-01
2.350200000000000102e+02,-1.072134036210904195e+00
2.350399999999999920e+02,-1.274018297345545392e+00
2.350600000000000023e+02,-1.517340701441437512e+00
2.350800000000000125e+02,-1.811385696574649318e+00
2.350999999999999943e+02,-2.167236894023896632e+00
2.351200000000000045e+02,-2.598007495047848003e+00
2.351400000000000148e+02,-3.118952814933056317e+00
2.351599999999999966e+02,-3.747311962926946016e+00
2.351800000000000068e+02,-4.501594173662788911e+00
2.352000000000000171e+02,-5.399829276027951153e+00
2.352199999999999989e+02,-6.455992087798376744e+00
2.352400000000000091e+02,-7.673437493758552996e+00
2.352599999999999909e+02,-9.033905346630742628e+00
2.352800000000000011e+02,-1.048104318815781255e+01
2.353000000000000114e+02,-1.189970118727522674e+01
2.353199999999999932e+02,-1.309841957856207273e+01
2.353400000000000034e+02,-1.381331312607372119e+01
2.353600000000000136e+02,-1.376070693735043804e+01
2.353799999999999955e+02,-1.275336692461328703e+01
2.354000000000000057e+02,-1.083952526883363809e+01
2.354200000000000159e+02,-8.353884734371355592e+00
2.354399999999999977e+02,-5.790026928818645224e+00
2.354600000000000080e+02,-3.561829001667515815e+00
2.354800000000000182e+02,-1.850007050997639846e+00
2.355000000000000000e+02,-6.329260826052460764e-01
2.355200000000000102e+02,1.975243393620562116e-01
2.355399999999999920e+02,7.576491116968306905e-01
2.355600000000000023e+02,1.146767827896649550e+00
2.355800000000000125e+02,1.443717837872645182e+00
2.355999999999999943e+02,1.705796803530311712e+00
2.356200000000000045e+02,1.966594699063155538e+00
2.356400000000000148e+02,2.238412442033865801e+00
2.356599999999999966e+02,2.522046751790619101e+00
2.356800000000000068e+02,2.817129728790616738e+00
2.357000000000000171e+02,3.127028279357283225e+00
2.357199999999999989e+02,3.459076607859517871e+00
2.357400000000000091e+02,3.823100735156982566e+00
2.357599999999999909e+02,4.229951433834956198e+00
2.357800000000000011e+02,4.690482338205147705e+00
2.358000000000000114e+02,5.214846583000066538e+00
2.358199999999999932e+02,5.811832932077072300e+00
2.358400000000000034e+02,6.487963547069236725e+00
2.358600000000000136e+02,7.246107139183672885e+00
2.358799999999999955e+02,8.083421869111349523e+00
2.359000000000000057e+02,8.988551159981557959e+00
2.359200000000000159e+02,9.938238230348156677e+00
2.359399999999999977e+02,1.089397572381280277e+01
2.359600000000000080e+02,1.180000090724122508e+01
2.359800000000000182e+02,1.258470885682083207e+01
2.360000000000000000e+02,1.316782538421412596e+01
2.360200000000000102e+02,1.347449656121774098e+01
2.360399999999999920e+02,1.345411947898200822e+01
2.360600000000000023e+02,1.309719135131210166e+01
2.360800000000000125e+02,1.244117111954366450e+01
2.360999999999999943e+02,1.156019154616498845e+01
2.361200000000000045e+02,1.054276833083311082e+01
2.361400000000000148e+02,9.469335290271759575e+00
2.361599999999999966e+02,8.400248860235654647e+00
2.361800000000000068e+02,7.376048371628716183e+00
2.362000000000000171e+02,6.423965879555404435e+00
2.362199999999999989e+02,5.563977922624379069e+00
2.362400000000000091e+02,4.811724595193725307e+00
2.362599999999999909e+02,4.178978222419420518e+00
2.362800000000000011e+02,3.673043872471963400e+00
2.363000000000000114e+02,3.295883071314070101e+00
2.363199999999999932e+02,3.043516181486547456e+00
2.363400000000000034e+02,2.906553077358965176e+00
2.363600000000000136e+02,2.872415727978074873e+00
2.363799999999999955e+02,2.928533610446283131e+00
2.364000000000000057e+02,3.064996228514952126e+00
2.364200000000000159e+02,3.275811585340706156e+00
2.364399999999999977e+02,3.558972091629148959e+00
2.364600000000000080e+02,3.915911801050202090e+00
2.364800000000000182e+02,4.350760410515103871e+00
2.365000000000000000e+02,4.869520863680973477e+00
2.365200000000000102e+02,5.479106453795902887e+00
2.365399999999999920e+02,6.186066395538820650e+00
2.365600000000000023e+02,6.994763933284017909e+00
2.365800000000000125e+02,7.904743270075597295e+00
2.365999999999999943e+02,8.907062072061693314e+00
2.366200000000000045e+02,9.979579771935414456e+00
2.366400000000000148e+02,1.108170988990013228e+01
2.366599999999999966e+02,1.215012123195596949e+01
2.366800000000000068e+02,1.309821826384606247e+01
2.367000000000000171e+02,1.382327163387564006e+01
2.367199999999999989e+02,1.422421349807021862e+01
2.367400000000000091e+02,1.422854159114242023e+01
2.367599999999999909e+02,1.381892677433701522e+01
2.367800000000000011e+02,1.304446836776400609e+01
2.368000000000000114e+02,1.200620107124419000e+01
2.368199999999999932e+02,1.082238943573336698e+01
2.368400000000000034e+02,9.593842550893013410e+00
2.368600000000000136e+02,8.387876073304484592e+00
2.368799999999999955e+02,7.242866038469665924e+00
2.369000000000000057e+02,6.181200321426877586e+00
2.369200000000000159e+02,5.218871637770157612e+00
2.369399999999999977e+02,4.368768160659976196e+00
2.369600000000000080e+02,3.640532195621142275e+00
2.369800000000000182e+02,3.039976933238505374e+00
2.370000000000000000e+02,2.568933694245651544e+00
2.370200000000000102e+02,2.224937324318147613e+00
2.370399999999999920e+02,2.000356415776707308e+00
2.370600000000000023e+02,1.882167079983667834e+00
2.370800000000000125e+02,1.854167712018220726e+00
2.370999999999999943e+02,1.901033737646377508e+00
2.371200000000000045e+02,2.011522752476069709e+00
2.371400000000000148e+02,2.179493824704558769e+00
2.371599999999999966e+02,2.403452288125531577e+00
2.371800000000000068e+02,2.685686459026836559e+00
2.372000000000000171e+02,3.031524268986840909e+00
2.372199999999999989e+02,3.448799842314342889e+00
2.372400000000000091e+02,3.947436714367275723e+00
2.372599999999999909e+02,4.538987445051405167e+00
2.372800000000000011e+02,5.235928410886667272e+00
2.373000000000000114e+02,6.050438363314578183e+00
2.373199999999999932e+02,6.992301649011039011e+00
2.373400000000000034e+02,8.065474988328455552e+00
2.373600000000000136e+02,9.262837684031888230e+00
2.373799999999999955e+02,1.055887587299793040e+01
2.374000000000000057e+02,1.190086522003463720e+01
2.374200000000000159e+02,1.320091430189101978e+01
2.374399999999999977e+02,1.433407429827889068e+01
2.374600000000000080e+02,1.515030265250192265e+01
2.374800000000000182e+02,1.550663916436374556e+01
2.375000000000000000e+02,1.531574929440715671e+01
2.375200000000000102e+02,1.458930756367822568e+01
2.375399999999999920e+02,1.344460320929631436e+01
2.375600000000000023e+02,1.205985695884965025e+01
2.375800000000000125e+02,1.060308786984342966e+01
2.375999999999999943e+02,9.182735925113988174e+00
2.376200000000000045e+02,7.846279119488284159e+00
2.376400000000000148e+02,6.609131119498184326e+00
2.376599999999999966e+02,5.480113086826785995e+00
2.376800000000000068e+02,4.469507892012789085e+00
2.377000000000000171e+02,3.586311628120475437e+00
2.377199999999999989e+02,2.834240036554040110e+00
2.377400000000000091e+02,2.210411246592996370e+00
2.377599999999999909e+02,1.706468480919255626e+00
2.377800000000000011e+02,1.310823434019517508e+00
2.378000000000000114e+02,1.011000180947569715e+00
2.378199999999999932e+02,7.954250712912713794e-01
2.378400000000000034e+02,6.539459147761584878e-01
2.378600000000000136e+02,5.764169030339976185e-01
2.378799999999999955e+02,5.507486092918155718e-01
2.379000000000000057e+02,5.640440108676256781e-01
2.379200000000000159e+02,6.062434172647135355e-01
2.379399999999999977e+02,6.719099817338484160e-01
2.379600000000000080e+02,7.595376648732845570e-01
2.379800000000000182e+02,8.702946859938542890e-01
2.380000000000000000e+02,1.007187735932649986e+00
2.380200000000000102e+02,1.174703025002168388e+00
2.380399999999999920e+02,1.378760818892807327e+00
2.380600000000000023e+02,1.626856548820936332e+00
2.380800000000000125e+02,1.928319987602503893e+00
2.380999999999999943e+02,2.294661501818748839e+00
2.381200000000000045e+02,2.739987422004005246e+00
2.381400000000000148e+02,3.281465026983754640e+00
2.381599999999999966e+02,3.939795896420116517e+00
2.381800000000000068e+02,4.739611879498686342e+00
2.382000000000000171e+02,5.709620849819119215e+00
2.382199999999999989e+02,6.882175167122615456e+00
2.382400000000000091e+02,8.291671847288062835e+00
2.382599999999999909e+02,9.970771498178075731e+00
2.382800000000000011e+02,1.194281578271641742e+01
2.383000000000000114e+02,1.420814105482748069e+01
2.383199999999999932e+02,1.672172439940603184e+01
2.383400000000000034e+02,1.936117762108597162e+01
2.383600000000000136e+02,2.189035433003046549e+01
2.383799999999999955e+02,2.393811477710284308e+01
2.384000000000000057e+02,2.503199375021713280e+01
2.384200000000000159e+02,2.473189549101319429e+01
2.384399999999999977e+02,2.285679111355585391e+01
2.384600000000000080e+02,1.967656944287572784e+01
2.384800000000000182e+02,1.586883041523772775e+01
2.385000000000000000e+02,1.219213393318876903e+01
2.385200000000000102e+02,9.120526007960485515e+00
2.385399999999999920e+02,6.744853673648973924e+00
2.385600000000000023e+02,4.943389958725850519e+00
2.385800000000000125e+02,3.570603641665957007e+00
2.385999999999999943e+02,2.524191166586369217e+00
2.386200000000000045e+02,1.735311399050044834e+00
2.386400000000000148e+02,1.147921014430404840e+00
2.386599999999999966e+02,7.110580197552539561e-01
2.386800000000000068e+02,3.822304190900649434e-01
2.387000000000000171e+02,1.309400395841931464e-01
2.387199999999999989e+02,-6.311144060850416848e-02
2.387400000000000091e+02,-2.140635425662930080e-01
2.387599999999999909e+02,-3.328090105741457472e-01
2.387800000000000011e+02,-4.283410387361840099e-01
2.388000000000000114e+02,-5.082600007181171664e-01
2.388199999999999932e+02,-5.790087312460494573e-01
2.388400000000000034e+02,-6.460819392400746208e-01
2.388600000000000136e+02,-7.142699679817704483e-01
2.388799999999999955e+02,-7.879282232103017591e-01
2.389000000000000057e+02,-8.712488228408830082e-01
2.389200000000000159e+02,-9.684979443302681457e-01
2.389399999999999977e+02,-1.084168247202075497e+00
2.389600000000000080e+02,-1.222957803748648153e+00
2.389800000000000182e+02,-1.389434613130691387e+00
2.390000000000000000e+02,-1.587207493966828586e+00
2.390200000000000102e+02,-1.817455603064654257e+00
2.390399999999999920e+02,-2.076873142833731034e+00
2.390600000000000023e+02,-2.355526781783146451e+00
2.390800000000000125e+02,-2.635675651118323248e+00
2.390999999999999943e+02,-2.892826253803669090e+00
2.391200000000000045e+02,-3.099623392116672260e+00
2.391400000000000148e+02,-3.231642651835534341e+00
2.391599999999999966e+02,-3.272827952568009291e+00
2.391800000000000068e+02,-3.218490581196177480e+00
2.392000000000000171e+02,-3.075315763901854904e+00
2.392199999999999989e+02,-2.859177988410220195e+00
2.392400000000000091e+02,-2.591836282964993021e+00
2.392599999999999909e+02,-2.297305623232574590e+00
2.392800000000000011e+02,-1.998522956069220369e+00
2.393000000000000114e+02,-1.714770679469315828e+00
2.393199999999999932e+02,-1.460055979673869908e+00
2.393400000000000034e+02,-1.242464954182935566e+00
2.393600000000000136e+02,-1.064520160357994127e+00
2.393799999999999955e+02,-9.244916505323117484e-01
2.394000000000000057e+02,-8.182410816437751810e-01
2.394200000000000159e+02,-7.409048138196845379e-01
2.394399999999999977e+02,-6.879592468776927205e-01
2.394600000000000080e+02,-6.556819683878977179e-01
2.394800000000000182e+02,-6.412581711915100735e-01
2.395000000000000000e+02,-6.427523231659050262e-01
2.395200000000000102e+02,-6.590601731934332408e-01
2.395399999999999920e+02,-6.898860518434698497e-01
2.395600000000000023e+02,-7.357596078142630835e-01
2.395800000000000125e+02,-7.980929637353412209e-01
2.395999999999999943e+02,-8.792674904550799031e-01
2.396200000000000045e+02,-9.827134760150089132e-01
2.396400000000000148e+02,-1.112898436022485393e+00
2.396599999999999966e+02,-1.275063458358151047e+00
2.396800000000000068e+02,-1.474452027505486873e+00
2.397000000000000171e+02,-1.714726288683611655e+00
2.397199999999999989e+02,-1.995398870793844370e+00
2.397400000000000091e+02,-2.308608124055530730e+00
2.397599999999999909e+02,-2.636447202865066952e+00
2.397800000000000011e+02,-2.950825842936746657e+00
2.398000000000000114e+02,-3.217456751982687990e+00
2.398199999999999932e+02,-3.403421870273275474e+00
2.398400000000000034e+02,-3.485169525650725575e+00
2.398600000000000136e+02,-3.453335834073967714e+00
2.398799999999999955e+02,-3.313156764371130603e+00
2.399000000000000057e+02,-3.081782801053753129e+00
2.399200000000000159e+02,-2.784211894492429451e+00
2.399399999999999977e+02,-2.448812139109584507e+00
2.399600000000000080e+02,-2.103151588870832533e+00
2.399800000000000182e+02,-1.770844804734036826e+00
2.400000000000000000e+02,-1.469707305213913795e+00
2.400200000000000102e+02,-1.210968709589032910e+00
2.400399999999999920e+02,-9.992290868330981901e-01
2.400600000000000023e+02,-8.332590180031171911e-01
2.400800000000000125e+02,-7.078438679585419280e-01
2.400999999999999943e+02,-6.161800309886191762e-01
2.401200000000000045e+02,-5.517606154858055723e-01
2.401400000000000148e+02,-5.092541303058137903e-01
2.401599999999999966e+02,-4.846361693247341340e-01
2.401800000000000068e+02,-4.750303273976316798e-01
2.402000000000000171e+02,-4.785200205038422916e-01
2.402199999999999989e+02,-4.940143872069145403e-01
2.402400000000000091e+02,-5.211803378725937685e-01
2.402599999999999909e+02,-5.604382413966690901e-01
2.402800000000000011e+02,-6.130246044769789293e-01
2.403000000000000114e+02,-6.811214059953623057e-01
2.403199999999999932e+02,-7.680533444767665419e-01
2.403400000000000034e+02,-8.785176547053397123e-01
2.403600000000000136e+02,-1.018753139813129316e+00
2.403799999999999955e+02,-1.196427996244366687e+00
2.404000000000000057e+02,-1.419846970036896083e+00
2.404200000000000159e+02,-1.695917836763712661e+00
2.404399999999999977e+02,-2.026425061635796165e+00
2.404600000000000080e+02,-2.402936481938537927e+00
2.404800000000000182e+02,-2.802297930338219611e+00
2.405000000000000000e+02,-3.186263796536408233e+00
2.405200000000000102e+02,-3.508140870788220678e+00
2.405399999999999920e+02,-3.725027494480277923e+00
2.405600000000000023e+02,-3.809346028677425000e+00
2.405800000000000125e+02,-3.753732707600003327e+00
2.405999999999999943e+02,-3.569169246068961687e+00
2.406200000000000045e+02,-3.280159255362930182e+00
2.406400000000000148e+02,-2.919244038764504889e+00
2.406599999999999966e+02,-2.521184209879332005e+00
2.406800000000000068e+02,-2.117655832642252545e+00
2.407000000000000171e+02,-1.733821871344008558e+00
2.407199999999999989e+02,-1.387269984272953449e+00
2.407400000000000091e+02,-1.088687592563208906e+00
2.407599999999999909e+02,-8.431313195588721054e-01
2.407800000000000011e+02,-6.508601402382121481e-01
2.408000000000000114e+02,-5.075521571194657744e-01
2.408199999999999932e+02,-4.051024388445390034e-01
2.408400000000000034e+02,-3.339979109069705077e-01
2.408600000000000136e+02,-2.859017505263116155e-01
2.408799999999999955e+02,-2.546972565828157786e-01
2.409000000000000057e+02,-2.362288061292331653e-01
2.409200000000000159e+02,-2.277256062946741433e-01
2.409399999999999977e+02,-2.273630829970791356e-01
2.409600000000000080e+02,-2.339982397031121486e-01
2.409800000000000182e+02,-2.470205036678037314e-01
2.410000000000000000e+02,-2.662714987365475960e-01
2.410200000000000102e+02,-2.920183806365249657e-01
2.410399999999999920e+02,-3.249738442010776107e-01
2.410600000000000023e+02,-3.663741909662724949e-01
2.410800000000000125e+02,-4.181320555735041355e-01
2.410999999999999943e+02,-4.830918935065176556e-01
2.411200000000000045e+02,-5.654220626891387491e-01
2.411400000000000148e+02,-6.711632188666633025e-01
2.411599999999999966e+02,-8.088922965900623430e-01
2.411800000000000068e+02,-9.902864044805550492e-01
2.412000000000000171e+02,-1.230009534452739972e+00
2.412199999999999989e+02,-1.543790406346846389e+00
2.412400000000000091e+02,-1.943153529127782386e+00
2.412599999999999909e+02,-2.426043804783095670e+00
2.412800000000000011e+02,-2.965939119941462643e+00
2.413000000000000114e+02,-3.507293879636953715e+00
2.413199999999999932e+02,-3.976317562740147249e+00
2.413400000000000034e+02,-4.305869312523239678e+00
2.413600000000000136e+02,-4.457820596881139963e+00
2.413799999999999955e+02,-4.427190339362502947e+00
2.414000000000000057e+02,-4.233270000644954401e+00
2.414200000000000159e+02,-3.912325694922055508e+00
2.414399999999999977e+02,-3.512813512868545374e+00
2.414600000000000080e+02,-3.087603824715583478e+00
2.414800000000000182e+02,-2.685234472131483585e+00
2.415000000000000000e+02,-2.344797310304094218e+00
2.415200000000000102e+02,-2.094559971468507253e+00
2.415399999999999920e+02,-1.950706851223406479e+00
2.415600000000000023e+02,-1.914234668319335420e+00
2.415800000000000125e+02,-1.971080057719628353e+00
2.415999999999999943e+02,-2.100743016228253435e+00
2.416200000000000045e+02,-2.287026688777165528e+00
2.416400000000000148e+02,-2.522572514017065171e+00
2.416599999999999966e+02,-2.807883104633193572e+00
2.416800000000000068e+02,-3.148877761825949584e+00
2.417000000000000171e+02,-3.555033793796225972e+00
2.417199999999999989e+02,-4.038404819849061411e+00
2.417400000000000091e+02,-4.613234274343903429e+00
2.417599999999999909e+02,-5.295828518738426638e+00
2.417800000000000011e+02,-6.104400544956009256e+00
2.418000000000000114e+02,-7.058606587951055111e+00
2.418199999999999932e+02,-8.178443872541427240e+00
2.418400000000000034e+02,-9.482053396905826048e+00
2.418600000000000136e+02,-1.098180040377895317e+01
2.418799999999999955e+02,-1.267784189653205829e+01
2.419000000000000057e+02,-1.454842103822468147e+01
2.419200000000000159e+02,-1.653671654007091263e+01
2.419399999999999977e+02,-1.853587659002977261e+01
2.419600000000000080e+02,-2.037757163144085482e+01
2.419800000000000182e+02,-2.183475676831473322e+01
2.420000000000000000e+02,-2.265300482843453977e+01
2.420200000000000102e+02,-2.261874183023994078e+01
2.420399999999999920e+02,-2.164914333222511900e+01
2.420600000000000023e+02,-1.985542664371307708e+01
2.420800000000000125e+02,-1.752356097084027198e+01
2.420999999999999943e+02,-1.500503765773580334e+01
2.421200000000000045e+02,-1.258491006256453382e+01
2.421400000000000148e+02,-1.041401084020692203e+01
2.421599999999999966e+02,-8.529042451697391058e+00
2.421800000000000068e+02,-6.911895844954290880e+00
2.422000000000000171e+02,-5.533935259933242534e+00
2.422199999999999989e+02,-4.371434745425731627e+00
2.422400000000000091e+02,-3.405084557213030383e+00
2.422599999999999909e+02,-2.616513112883357195e+00
2.422800000000000011e+02,-1.986713212666045392e+00
2.423000000000000114e+02,-1.496457397784929810e+00
2.423199999999999932e+02,-1.127512578319923131e+00
2.423400000000000034e+02,-8.634136430256034167e-01
2.423600000000000136e+02,-6.886927336435194613e-01
2.423799999999999955e+02,-5.868110947747209316e-01
2.424000000000000057e+02,-5.399645714568225285e-01
2.424200000000000159e+02,-5.324869066161577180e-01
2.424399999999999977e+02,-5.538472497758324398e-01
2.424600000000000080e+02,-5.985627602655587687e-01
2.424800000000000182e+02,-6.646931350519252879e-01
2.425000000000000000e+02,-7.525817863462325175e-01
2.425200000000000102e+02,-8.641687053957358700e-01
2.425399999999999920e+02,-1.002708628962594384e+00
2.425600000000000023e+02,-1.172720680153573447e+00
2.425800000000000125e+02,-1.380067858302786998e+00
2.425999999999999943e+02,-1.632111527887184499e+00
2.426200000000000045e+02,-1.937907820050296381e+00
2.426400000000000148e+02,-2.308410574078282540e+00
2.426599999999999966e+02,-2.756627000702789321e+00
2.426800000000000068e+02,-3.297626702580465530e+00
2.427000000000000171e+02,-3.948225714399062003e+00
2.427199999999999989e+02,-4.726030458269391055e+00
2.427400000000000091e+02,-5.647312981634383888e+00
2.427599999999999909e+02,-6.722887287546655877e+00
2.427800000000000011e+02,-7.950820277336897668e+00
2.428000000000000114e+02,-9.304681533502515478e+00
2.428199999999999932e+02,-1.071677555171065954e+01
2.428400000000000034e+02,-1.205874395052690318e+01
2.428600000000000136e+02,-1.312876162858272444e+01
2.428799999999999955e+02,-1.366484365795689371e+01
2.429000000000000057e+02,-1.340895145733614591e+01
2.429200000000000159e+02,-1.222618937865576960e+01
2.429399999999999977e+02,-1.022462934391454326e+01
2.429600000000000080e+02,-7.768331476924156043e+00
2.429800000000000182e+02,-5.325850334511283535e+00
2.430000000000000000e+02,-3.251756218642720686e+00
2.430200000000000102e+02,-1.677746200894187689e+00
2.430399999999999920e+02,-5.646050590246589618e-01
2.430600000000000023e+02,1.928214436497225071e-01
2.430800000000000125e+02,7.023374862987746825e-01
2.430999999999999943e+02,1.055213791681124391e+00
2.431200000000000045e+02,1.324033639813637642e+00
2.431400000000000148e+02,1.562136483503051343e+00
2.431599999999999966e+02,1.801408181669849284e+00
2.431800000000000068e+02,2.053748886653529393e+00
2.432000000000000171e+02,2.319797057282747765e+00
2.432199999999999989e+02,2.598875244610378665e+00
2.432400000000000091e+02,2.893932940056245240e+00
2.432599999999999909e+02,3.211895584831686357e+00
2.432800000000000011e+02,3.562286357465672904e+00
2.433000000000000114e+02,3.955842275895395499e+00
2.433199999999999932e+02,4.403574299824748906e+00
2.433400000000000034e+02,4.916150841993038867e+00
2.433600000000000136e+02,5.503334456429213262e+00
2.433799999999999955e+02,6.173192308440111908e+00
2.434000000000000057e+02,6.930824854279033609e+00
2.434200000000000159e+02,7.776384432393697921e+00
2.434399999999999977e+02,8.702230658540875297e+00
2.434600000000000080e+02,9.689251706149610399e+00
2.434800000000000182e+02,1.070279174311017378e+01
2.435000000000000000e+02,1.168934108198235755e+01
2.435200000000000102e+02,1.257610876305486691e+01
2.435399999999999920e+02,1.327632956702472278e+01
2.435600000000000023e+02,1.370260557517221223e+01
2.435800000000000125e+02,1.378751190611695066e+01
2.435999999999999943e+02,1.350524210760532284e+01
2.436200000000000045e+02,1.288355374327733394e+01
2.436400000000000148e+02,1.199717725900908505e+01
2.436599999999999966e+02,1.094401185547180866e+01
2.436800000000000068e+02,9.816931217161569023e+00
2.437000000000000171e+02,8.686101225742493881e+00
2.437199999999999989e+02,7.597088454077279174e+00
2.437400000000000091e+02,6.578603522245243695e+00
2.437599999999999909e+02,5.650721782631002554e+00
2.437800000000000011e+02,4.829147564732048536e+00
2.438000000000000114e+02,4.126118355720450381e+00
2.438199999999999932e+02,3.549948056447861600e+00
2.438400000000000034e+02,3.104266623628013200e+00
2.438600000000000136e+02,2.787168994203922168e+00
2.438799999999999955e+02,2.590797567280488600e+00
2.439000000000000057e+02,2.502483933137647387e+00
2.439200000000000159e+02,2.507796910096730780e+00
2.439399999999999977e+02,2.594027553913063944e+00
2.439600000000000080e+02,2.752402266918800411e+00
2.439800000000000182e+02,2.978660939114087469e+00
2.440000000000000000e+02,3.272644266279901348e+00
2.440200000000000102e+02,3.637566376264879775e+00
2.440399999999999920e+02,4.079279002862283399e+00
2.440600000000000023e+02,4.605551200138475743e+00
2.440800000000000125e+02,5.225238918218843232e+00
2.440999999999999943e+02,5.947138656554152192e+00
2.441200000000000045e+02,6.778252800951545254e+00
2.441400000000000148e+02,7.721148447301115603e+00
2.441599999999999966e+02,8.770089208357212840e+00
2.441800000000000068e+02,9.905786270684751926e+00
2.442000000000000171e+02,1.108911836514804250e+01
2.442199999999999989e+02,1.225524273781126539e+01
2.442400000000000091e+02,1.331120725776385960e+01
2.442599999999999909e+02,1.414186120604240315e+01
2.442800000000000011e+02,1.462867276043038700e+01
2.443000000000000114e+02,1.468126425051530859e+01
2.443199999999999932e+02,1.427149416115492997e+01
2.443400000000000034e+02,1.345089338891247799e+01
2.443600000000000136e+02,1.233580292136967671e+01
2.443799999999999955e+02,1.106469784910898291e+01
2.444000000000000057e+02,9.753565092828617722e+00
2.444200000000000159e+02,8.475344319321852282e+00
2.444399999999999977e+02,7.267043508388943529e+00
2.444600000000000080e+02,6.147682261156641736e+00
2.444800000000000182e+02,5.130681296337633590e+00
2.445000000000000000e+02,4.227188332451991215e+00
2.445200000000000102e+02,3.444975282480065903e+00
2.445399999999999920e+02,2.787354421021010609e+00
2.445600000000000023e+02,2.253558995306676138e+00
2.445800000000000125e+02,1.839964624606900134e+00
2.445999999999999943e+02,1.540754199001054925e+00
2.446200000000000045e+02,1.347012605094244586e+00
2.446400000000000148e+02,1.245352625391909607e+00
2.446599999999999966e+02,1.219144339665728216e+00
2.446800000000000068e+02,1.252703811648210097e+00
2.447000000000000171e+02,1.334825680727754316e+00
2.447199999999999989e+02,1.459602761989832187e+00
2.447400000000000091e+02,1.625602000315743867e+00
2.447599999999999909e+02,1.834811239000664118e+00
2.447800000000000011e+02,2.091906365921834876e+00
2.448000000000000114e+02,2.403864799048140100e+00
2.448199999999999932e+02,2.779809325083215654e+00
2.448400000000000034e+02,3.230959743419977936e+00
2.448600000000000136e+02,3.770570106647880504e+00
2.448799999999999955e+02,4.413704731266461678e+00
2.449000000000000057e+02,5.176642869310376760e+00
2.449200000000000159e+02,6.075588566227499321e+00
2.449399999999999977e+02,7.124202687686701729e+00
2.449600000000000080e+02,8.329291268076245203e+00
2.449800000000000182e+02,9.683885775034195120e+00
2.450000000000000000e+02,1.115721674340989189e+01
2.450200000000000102e+02,1.268226196760121915e+01
2.450399999999999920e+02,1.414440166984576308e+01
2.450600000000000023e+02,1.537944210618382179e+01
2.450800000000000125e+02,1.619353719848135498e+01
2.450999999999999943e+02,1.641427744948836676e+01
2.451200000000000045e+02,1.596298130708332685e+01
2.451400000000000148e+02,1.490823551253838097e+01
2.451599999999999966e+02,1.345157355529159737e+01
2.451800000000000068e+02,1.183837615753382977e+01
2.452000000000000171e+02,1.025403554940060147e+01
2.452199999999999989e+02,8.781848278251040085e+00
2.452400000000000091e+02,7.436173022765058427e+00
2.452599999999999909e+02,6.216044462124995285e+00
2.452800000000000011e+02,5.131122626391024788e+00
2.453000000000000114e+02,4.200089417959728344e+00
2.453199999999999932e+02,3.441493271072217031e+00
2.453400000000000034e+02,2.867445998457932355e+00
2.453600000000000136e+02,2.479296579642545240e+00
2.453799999999999955e+02,2.263108203531317031e+00
2.454000000000000057e+02,2.189749841534271102e+00
2.454200000000000159e+02,2.224842340858222300e+00
2.454399999999999977e+02,2.341065310452947301e+00
2.454600000000000080e+02,2.523038900824666531e+00
2.454800000000000182e+02,2.765658007053160450e+00
2.455000000000000000e+02,3.070816773334773320e+00
2.455200000000000102e+02,3.444953543730099987e+00
2.455399999999999920e+02,3.897692893926749225e+00
2.455600000000000023e+02,4.441214192053937637e+00
2.455800000000000125e+02,5.089952359049423336e+00
2.455999999999999943e+02,5.860308871786663154e+00
2.456200000000000045e+02,6.770082300915623463e+00
2.456400000000000148e+02,7.837279566821861998e+00
2.456599999999999966e+02,9.077861235354934166e+00
2.456800000000000068e+02,1.050180651266909670e+01
2.457000000000000171e+02,1.210674230633107307e+01
2.457199999999999989e+02,1.386842189813048876e+01
2.457400000000000091e+02,1.572793686317358919e+01
2.457599999999999909e+02,1.757732109526991238e+01
2.457800000000000011e+02,1.924882421695403423e+01
2.458000000000000114e+02,2.051834083996719471e+01
2.458199999999999932e+02,2.113705514876039260e+01
2.458400000000000034e+02,2.089952144906422404e+01
2.458600000000000136e+02,1.973334556100807902e+01
2.458799999999999955e+02,1.776279842288017718e+01
2.459000000000000057e+02,1.529001264287032846e+01
2.459200000000000159e+02,1.268473388290416892e+01
2.459399999999999977e+02,1.024858786912295550e+01
2.459600000000000080e+02,8.141582700350690871e+00
2.459800000000000182e+02,6.397397708666301419e+00
2.460000000000000000e+02,4.982241164356319807e+00
2.460200000000000102e+02,3.843805377319623240e+00
2.460399999999999920e+02,2.933458008116617499e+00
2.460600000000000023e+02,2.210913159239338288e+00
2.460800000000000125e+02,1.642917760827278917e+00
2.460999999999999943e+02,1.201441439726326221e+00
2.461200000000000045e+02,8.626385777674119293e-01
2.461400000000000148e+02,6.063932815757288042e-01
2.461599999999999966e+02,4.160422370606235987e-01
2.461800000000000068e+02,2.779093356515615065e-01
2.462000000000000171e+02,1.803822136170161461e-01
2.462199999999999989e+02,1.128705287546050429e-01
2.462400000000000091e+02,6.588515786182343181e-02
2.462600000000000193e+02,3.221147364357317133e-02
2.462800000000000011e+02,7.226930422869664965e-03
2.463000000000000114e+02,-1.192210337695226094e-02
2.463199999999999932e+02,-2.714588469915788643e-02
2.463400000000000034e+02,-3.984195821590685166e-02
2.463600000000000136e+02,-5.108575029123341160e-02
2.463799999999999955e+02,-6.173026605034757919e-02
2.464000000000000057e+02,-7.247556844389586861e-02
2.464200000000000159e+02,-8.392493862129822568e-02
2.464399999999999977e+02,-9.663413423184628870e-02
2.464600000000000080e+02,-1.111557307389138965e-01
2.464800000000000182e+02,-1.280833029055357675e-01
2.465000000000000000e+02,-1.480997172927644712e-01
2.465200000000000102e+02,-1.720377495707739735e-01
2.465399999999999920e+02,-2.009640467294301902e-01
2.465600000000000023e+02,-2.363055769439989795e-01
2.465800000000000125e+02,-2.800486313202616984e-01
2.465999999999999943e+02,-3.350582948884123224e-01
2.466200000000000045e+02,-4.055889279181895679e-01
2.466400000000000148e+02,-4.980738462307703340e-01
2.466599999999999966e+02,-6.222606796525872452e-01
2.466800000000000068e+02,-7.926056225116120402e-01
2.467000000000000171e+02,-1.029375599650797612e+00
2.467199999999999989e+02,-1.357912657959173153e+00
2.467400000000000091e+02,-1.803130605705240308e+00
2.467600000000000193e+02,-2.376066023296386831e+00
2.467800000000000011e+02,-3.053851613693906231e+00
2.468000000000000114e+02,-3.765931236537004789e+00
2.468199999999999932e+02,-4.407629264476907061e+00
2.468400000000000034e+02,-4.884922941889521475e+00
2.468600000000000136e+02,-5.154535954679514198e+00
2.468799999999999955e+02,-5.220305064687924101e+00
2.469000000000000057e+02,-5.108174999155579599e+00
2.469200000000000159e+02,-4.864077242762884445e+00
2.469399999999999977e+02,-4.559302586151816605e+00
2.469600000000000080e+02,-4.276475695154667633e+00
2.469800000000000182e+02,-4.085414784291323542e+00
2.470000000000000000e+02,-4.024286660518070491e+00
2.470200000000000102e+02,-4.094747608407927508e+00
2.470399999999999920e+02,-4.274623938096121734e+00
2.470600000000000023e+02,-4.538072810456901252e+00
2.470800000000000125e+02,-4.868386386887920914e+00
2.470999999999999943e+02,-5.260320851036461853e+00
2.471200000000000045e+02,-5.717222562461375723e+00
2.471400000000000148e+02,-6.247428244458297364e+00
2.471599999999999966e+02,-6.861521617423769648e+00
2.471800000000000068e+02,-7.570465724783150385e+00
2.472000000000000171e+02,-8.384163302169309162e+00
2.472199999999999989e+02,-9.309956366443481457e+00
2.472400000000000091e+02,-1.035064790064591556e+01
2.472600000000000193e+02,-1.150172771853622500e+01
2.472800000000000011e+02,-1.274764028024562990e+01
2.473000000000000114e+02,-1.405722390441225222e+01
2.473199999999999932e+02,-1.537899024161541206e+01
2.473400000000000034e+02,-1.663777009604920565e+01
2.473600000000000136e+02,-1.773530015493230039e+01
2.473799999999999955e+02,-1.855799769630709051e+01
2.474000000000000057e+02,-1.899433887037852386e+01
2.474200000000000159e+02,-1.896068539812587872e+01
2.474399999999999977e+02,-1.842833070402607021e+01
2.474600000000000080e+02,-1.743936415748487079e+01
2.474800000000000182e+02,-1.610044108553920950e+01
2.475000000000000000e+02,-1.455418982974138409e+01
2.475200000000000102e+02,-1.294152526066719844e+01
2.475399999999999920e+02,-1.137308175273191857e+01
2.475600000000000023e+02,-9.919764486255873592e+00
2.475800000000000125e+02,-8.619189346964891030e+00
2.475999999999999943e+02,-7.487968867559377628e+00
2.476200000000000045e+02,-6.531986409840447649e+00
2.476400000000000148e+02,-5.752206005618455187e+00
2.476599999999999966e+02,-5.146899851052416430e+00
2.476800000000000068e+02,-4.711802634698219805e+00
2.477000000000000171e+02,-4.439404734447146339e+00
2.477199999999999989e+02,-4.318565775785466521e+00
2.477400000000000091e+02,-4.335511776271397721e+00
2.477600000000000193e+02,-4.476297502500290904e+00
2.477800000000000011e+02,-4.729585616251366531e+00
2.478000000000000114e+02,-5.088473930066655271e+00
2.478199999999999932e+02,-5.550985763509763693e+00
2.478400000000000034e+02,-6.119574345375903945e+00
2.478600000000000136e+02,-6.800101339682607993e+00
2.478799999999999955e+02,-7.600515699664918579e+00
2.479000000000000057e+02,-8.529199631293325368e+00
2.479200000000000159e+02,-9.592769467515763537e+00
2.479399999999999977e+02,-1.079302038941488995e+01
2.479600000000000080e+02,-1.212269202511642696e+01
2.479800000000000182e+02,-1.355987001372398204e+01
2.480000000000000000e+02,-1.506126586460173655e+01
2.480200000000000102e+02,-1.655551595446705804e+01
2.480399999999999920e+02,-1.793911378802740231e+01
2.480600000000000023e+02,-1.907931812332262922e+01
2.480800000000000125e+02,-1.982913941369834276e+01
2.480999999999999943e+02,-2.005703617127732841e+01
2.481200000000000045e+02,-1.968639550249925563e+01
2.481400000000000148e+02,-1.872930059161937066e+01
2.481599999999999966e+02,-1.729402670797697539e+01
2.481800000000000068e+02,-1.555574948870845553e+01
2.482000000000000171e+02,-1.370272957411683556e+01
2.482199999999999989e+02,-1.188712181626495479e+01
2.482400000000000091e+02,-1.020362914882033856e+01
2.482600000000000193e+02,-8.696651239792936749e+00
2.482800000000000011e+02,-7.379905488034006922e+00
2.483000000000000114e+02,-6.253392880125776543e+00
2.483199999999999932e+02,-5.312615930639930539e+00
2.483400000000000034e+02,-4.551990467204285018e+00
2.483600000000000136e+02,-3.965504340832092467e+00
2.483799999999999955e+02,-3.546129924524820787e+00
2.484000000000000057e+02,-3.284422637534218481e+00
2.484200000000000159e+02,-3.167204780019774013e+00
2.484399999999999977e+02,-3.178067263913290752e+00
2.484600000000000080e+02,-3.300334231693514031e+00
2.484800000000000182e+02,-3.520746941886787607e+00
2.485000000000000000e+02,-3.831723812153879027e+00
2.485200000000000102e+02,-4.231747641098328572e+00
2.485399999999999920e+02,-4.724663377138205611e+00
2.485600000000000023e+02,-5.318665499063039093e+00
2.485800000000000125e+02,-6.025298815874903013e+00
2.485999999999999943e+02,-6.858440439317764259e+00
2.486200000000000045e+02,-7.833034494561658789e+00
2.486400000000000148e+02,-8.963228156821939407e+00
2.486599999999999966e+02,-1.025944906415121416e+01
2.486800000000000068e+02,-1.172387446690762758e+01
2.487000000000000171e+02,-1.334375121418957555e+01
2.487199999999999989e+02,-1.508233160218602542e+01
2.487400000000000091e+02,-1.686813385259417331e+01
2.487600000000000193e+02,-1.858523655517088002e+01
2.487800000000000011e+02,-2.007045584413058847e+01
2.488000000000000114e+02,-2.112630838124012911e+01
2.488199999999999932e+02,-2.155795373586978769e+01
2.488400000000000034e+02,-2.123255447585587063e+01
2.488600000000000136e+02,-2.014000704614152681e+01
2.488799999999999955e+02,-1.841771416886566826e+01
2.489000000000000057e+02,-1.631202008271974790e+01
2.489200000000000159e+02,-1.409046891961782322e+01
2.489399999999999977e+02,-1.195804446909238550e+01
2.489600000000000080e+02,-1.002437429742075281e+01
2.489800000000000182e+02,-8.323090589582029963e+00
2.490000000000000000e+02,-6.849571262448427511e+00
2.490200000000000102e+02,-5.588045543446404473e+00
2.490399999999999920e+02,-4.522234261078292406e+00
2.490600000000000023e+02,-3.636781339219077314e+00
2.490800000000000125e+02,-2.916525178657083384e+00
2.490999999999999943e+02,-2.346513488779796486e+00
2.491200000000000045e+02,-1.912925389192621672e+00
2.491400000000000148e+02,-1.603938103818166816e+00
2.491599999999999966e+02,-1.409131686467372857e+00
2.491800000000000068e+02,-1.316785527245238674e+00
2.492000000000000171e+02,-1.311585516547780106e+00
2.492199999999999989e+02,-1.376634406564477775e+00
2.492400000000000091e+02,-1.498267978742148232e+00
2.492600000000000193e+02,-1.668875855721012602e+00
2.492800000000000011e+02,-1.886765459170213877e+00
2.493000000000000114e+02,-2.154911137664794918e+00
2.493199999999999932e+02,-2.479885925794545809e+00
2.493400000000000034e+02,-2.871281150297920970e+00
2.493600000000000136e+02,-3.341520775361575435e+00
2.493799999999999955e+02,-3.905912728171765380e+00
2.494000000000000057e+02,-4.582792106073561023e+00
2.494200000000000159e+02,-5.393604982482266941e+00
2.494399999999999977e+02,-6.362731675859719438e+00
2.494600000000000080e+02,-7.516733408960964979e+00
2.494800000000000182e+02,-8.882514648437025429e+00
2.495000000000000000e+02,-1.048360422987792795e+01
2.495200000000000102e+02,-1.233339679052851601e+01
2.495399999999999920e+02,-1.442390640195422691e+01
2.495600000000000023e+02,-1.670878895426474386e+01
2.495800000000000125e+02,-1.908105681409789511e+01
2.495999999999999943e+02,-2.135057734931841367e+01
2.496200000000000045e+02,-2.323525064725482991e+01
2.496400000000000148e+02,-2.438982096676016198e+01
2.496599999999999966e+02,-2.449510042618735994e+01
2.496800000000000068e+02,-2.339805048035764656e+01
2.497000000000000171e+02,-2.123020102540162313e+01
2.497199999999999989e+02,-1.839734963896759723e+01
2.497400000000000091e+02,-1.540680343721081158e+01
2.497600000000000193e+02,-1.264540633260987690e+01
2.497800000000000011e+02,-1.027532555478212473e+01
2.498000000000000114e+02,-8.291572030058846465e+00
2.498199999999999932e+02,-6.635689019931107602e+00
2.498400000000000034e+02,-5.262014881565817426e+00
2.498600000000000136e+02,-4.147525090447111928e+00
2.498799999999999955e+02,-3.279942542054286037e+00
2.499000000000000057e+02,-2.645231075067086213e+00
2.499200000000000159e+02,-2.218829617016841116e+00
2.499399999999999977e+02,-1.963538391674705341e+00
2.499600000000000080e+02,-1.837446865551683350e+00
2.499800000000000182e+02,-1.805511041122739524e+00
2.500000000000000000e+02,-1.844792071891575347e+00
2.500200000000000102e+02,-1.942977604392993829e+00
2.500399999999999920e+02,-2.094977534624500759e+00
2.500600000000000023e+02,-2.300258551324231515e+00
2.500800000000000125e+02,-2.561259638312612719e+00
2.500999999999999943e+02,-2.882515728581870995e+00
2.501200000000000045e+02,-3.270107968937975951e+00
2.501400000000000148e+02,-3.731153258060705191e+00
2.501599999999999966e+02,-4.273099929486836146e+00
2.501800000000000068e+02,-4.902585397177639415e+00
2.502000000000000171e+02,-5.623575605718789561e+00
2.502199999999999989e+02,-6.434446157651542819e+00
2.502400000000000091e+02,-7.323682293645120467e+00
2.502600000000000193e+02,-8.264077505034929771e+00
2.502800000000000011e+02,-9.205949552547364689e+00
2.503000000000000114e+02,-1.007124454667034463e+01
2.503199999999999932e+02,-1.075253318229918342e+01
2.503400000000000034e+02,-1.112298947089486312e+01
2.503600000000000136e+02,-1.106291946676316407e+01
2.503799999999999955e+02,-1.050149859540683295e+01
2.504000000000000057e+02,-9.458428513639612234e+00
2.504200000000000159e+02,-8.058498649658467627e+00
2.504399999999999977e+02,-6.499580187882053828e+00
2.504600000000000080e+02,-4.985517538419903083e+00
2.504800000000000182e+02,-3.663746134097767282e+00
2.505000000000000000e+02,-2.601467002231595771e+00
2.505200000000000102e+02,-1.800355167261764811e+00
2.505399999999999920e+02,-1.226026829934472318e+00
2.505600000000000023e+02,-8.322482484534940994e-01
2.505800000000000125e+02,-5.744127100143628928e-01
2.505999999999999943e+02,-4.150207282112570728e-01
2.506200000000000045e+02,-3.249084288847194912e-01
2.506400000000000148e+02,-2.826548292045998889e-01
2.506599999999999966e+02,-2.734437357791399403e-01
2.506800000000000068e+02,-2.879813608672464609e-01
2.507000000000000171e+02,-3.215664558482708157e-01
2.507199999999999989e+02,-3.728195159601654374e-01
2.507400000000000091e+02,-4.415770672056096302e-01
2.507600000000000193e+02,-5.270950625880232998e-01
2.507800000000000011e+02,-6.282731088772743888e-01
2.508000000000000114e+02,-7.450301194413374573e-01
2.508199999999999932e+02,-8.790617264175527579e-01
2.508400000000000034e+02,-1.033796578805230792e+00
2.508600000000000136e+02,-1.214121247707862450e+00
2.508799999999999955e+02,-1.426205355453290080e+00
2.509000000000000057e+02,-1.677483842550603343e+00
2.509200000000000159e+02,-1.976751323997993470e+00
2.509399999999999977e+02,-2.334304437039531166e+00
2.509600000000000080e+02,-2.762056685859600957e+00
2.509800000000000182e+02,-3.273525943124319326e+00
2.510000000000000000e+02,-3.883535665050197760e+00
2.510200000000000102e+02,-4.607366084598642608e+00
2.510399999999999920e+02,-5.458932414647992282e+00
2.510600000000000023e+02,-6.447339095459714287e+00
2.510800000000000125e+02,-7.570925751214817367e+00
2.510999999999999943e+02,-8.807840999948043148e+00
2.511200000000000045e+02,-1.010274499959520433e+01
2.511400000000000148e+02,-1.135134543828661791e+01
2.511599999999999966e+02,-1.238928148888480862e+01
2.511800000000000068e+02,-1.299923947383325107e+01
2.512000000000000171e+02,-1.295490744334864708e+01
2.512199999999999989e+02,-1.210916161499231158e+01
2.512400000000000091e+02,-1.049530561174569776e+01
2.512600000000000193e+02,-8.365693542422459217e+00
2.512800000000000011e+02,-6.106417183662975923e+00
2.513000000000000114e+02,-4.067746102675310560e+00
2.513199999999999932e+02,-2.437834336068754659e+00
2.513400000000000034e+02,-1.239594192674232875e+00
2.513600000000000136e+02,-4.051477626223227158e-01
2.513799999999999955e+02,1.569468791784277562e-01
2.514000000000000057e+02,5.308326594520098585e-01
2.514200000000000159e+02,7.857784626120818405e-01
2.514399999999999977e+02,9.768767927840896759e-01
2.514600000000000080e+02,1.146123235737836810e+00
2.514800000000000182e+02,1.320802666499595768e+00
2.515000000000000000e+02,1.512432753794096696e+00
2.515200000000000102e+02,1.721761362401390993e+00
2.515399999999999920e+02,1.947207946842971493e+00
2.515600000000000023e+02,2.190129097694705429e+00
2.515800000000000125e+02,2.455729181288521357e+00
2.515999999999999943e+02,2.752036431642161052e+00
2.516200000000000045e+02,3.088754087136588833e+00
2.516400000000000148e+02,3.476532540450910869e+00
2.516599999999999966e+02,3.926599842067991730e+00
2.516800000000000068e+02,4.450525388047563702e+00
2.517000000000000171e+02,5.059875769168065140e+00
2.517199999999999989e+02,5.765524698454980168e+00
2.517400000000000091e+02,6.576353203398293878e+00
2.517600000000000193e+02,7.497043481234361373e+00
2.517800000000000011e+02,8.524653831550899952e+00
2.518000000000000114e+02,9.643781533698565056e+00
2.518199999999999932e+02,1.082052379669786468e+01
2.518400000000000034e+02,1.199637325289591594e+01
2.518600000000000136e+02,1.308474585997079132e+01
2.518799999999999955e+02,1.397462484825721063e+01
2.519000000000000057e+02,1.454625003648508930e+01
2.519200000000000159e+02,1.470021210554465263e+01
2.519399999999999977e+02,1.439228436235875641e+01
2.519600000000000080e+02,1.365621604880858619e+01
2.519800000000000182e+02,1.259658761691671991e+01
2.520000000000000000e+02,1.135080962678573968e+01
2.520200000000000102e+02,1.004244887492797922e+01
2.520399999999999920e+02,8.754118896968027030e+00
2.520600000000000023e+02,7.529386811570032201e+00
2.520800000000000125e+02,6.389953958090186070e+00
2.520999999999999943e+02,5.349991659243442221e+00
2.521200000000000045e+02,4.421219006689356412e+00
2.521400000000000148e+02,3.612335568221700211e+00
2.521599999999999966e+02,2.927724543704445015e+00
2.521800000000000068e+02,2.367512769517701177e+00
2.522000000000000171e+02,1.928692763573547797e+00
2.522199999999999989e+02,1.605989086912603891e+00
2.522400000000000091e+02,1.391264122869100950e+00
2.522600000000000193e+02,1.272032535162333611e+00
2.522800000000000011e+02,1.232013640622758199e+00
2.523000000000000114e+02,1.254965696876506831e+00
2.523199999999999932e+02,1.328629949700459667e+00
2.523400000000000034e+02,1.446070504127070055e+00
2.523600000000000136e+02,1.605049132371461074e+00
2.523799999999999955e+02,1.806951939118923489e+00
2.524000000000000057e+02,2.055981422703877737e+00
2.524200000000000159e+02,2.358706390545904252e+00
2.524399999999999977e+02,2.723866753085083303e+00
2.524600000000000080e+02,3.162307176143385412e+00
2.524800000000000182e+02,3.686919224582807963e+00
2.525000000000000000e+02,4.312447852672222304e+00
2.525200000000000102e+02,5.054967818220785780e+00
2.525399999999999920e+02,5.930725376410393324e+00
2.525600000000000023e+02,6.953893302395273146e+00
2.525800000000000125e+02,8.132603778534875261e+00
2.525999999999999943e+02,9.462503532593544264e+00
2.526200000000000045e+02,1.091725833846954608e+01
2.526400000000000148e+02,1.243642250838387397e+01
2.526599999999999966e+02,1.391362169269813620e+01
2.526800000000000068e+02,1.519245219983534056e+01
2.527000000000000171e+02,1.608211194870350269e+01
2.527199999999999989e+02,1.640330126618314210e+01
2.527400000000000091e+02,1.605855829275469659e+01
2.527600000000000193e+02,1.509175974563827793e+01
2.527800000000000011e+02,1.368659488374827227e+01
2.528000000000000114e+02,1.208747994828904915e+01
2.528199999999999932e+02,1.049330033958967867e+01
2.528400000000000034e+02,9.002754437626563799e+00
2.528600000000000136e+02,7.637729072523911533e+00
2.528799999999999955e+02,6.397343681370634805e+00
2.529000000000000057e+02,5.289173942945397222e+00
2.529200000000000159e+02,4.330815367688058970e+00
2.529399999999999977e+02,3.541034561949434334e+00
2.529600000000000080e+02,2.933065215580129337e+00
2.529800000000000182e+02,2.510463400508203158e+00
2.530000000000000000e+02,2.262645693340453068e+00
2.530200000000000102e+02,2.163306894424932292e+00
2.530399999999999920e+02,2.178307385532141094e+00
2.530600000000000023e+02,2.278399419400393811e+00
2.530800000000000125e+02,2.445872391303550497e+00
2.530999999999999943e+02,2.673826394418325147e+00
2.531200000000000045e+02,2.962953522527813188e+00
2.531400000000000148e+02,3.318871262038404879e+00
2.531599999999999966e+02,3.750579685185025269e+00
2.531800000000000068e+02,4.269729666435263304e+00
2.532000000000000171e+02,4.890298995260363490e+00
2.532199999999999989e+02,5.628345865414972060e+00
2.532400000000000091e+02,6.501553562753495719e+00
2.532600000000000193e+02,7.528248979869280433e+00
2.532800000000000011e+02,8.725482028889683050e+00
2.533000000000000114e+02,1.010559142318764003e+01
2.533199999999999932e+02,1.167051935734045642e+01
2.533400000000000034e+02,1.340309721246429220e+01
2.533600000000000136e+02,1.525492207449652859e+01
2.533799999999999955e+02,1.713184583624636304e+01
2.534000000000000057e+02,1.888123175292745159e+01
2.534200000000000159e+02,2.029016660859128862e+01
2.534399999999999977e+02,2.110852493002877850e+01
2.534600000000000080e+02,2.110840150463235787e+01
2.534800000000000182e+02,2.017284497085089612e+01
2.535000000000000000e+02,1.837356815300146096e+01
2.535200000000000102e+02,1.597756982238489520e+01
2.535399999999999920e+02,1.335543154476617289e+01
2.535600000000000023e+02,1.084058397320175970e+01
2.535800000000000125e+02,8.632344952674921856e+00
2.535999999999999943e+02,6.791089408456620902e+00
2.536200000000000045e+02,5.293303088313317417e+00
2.536400000000000148e+02,4.087231761565485400e+00
2.536599999999999966e+02,3.121794362060448691e+00
2.536800000000000068e+02,2.354312662378912346e+00
2.537000000000000171e+02,1.749812110527979581e+00
2.537199999999999989e+02,1.279034862317977694e+00
2.537400000000000091e+02,9.171774247420705350e-01
2.537600000000000193e+02,6.433137410580384019e-01
2.537800000000000011e+02,4.400412936183379364e-01
2.538000000000000114e+02,2.928889846371093841e-01
2.538199999999999932e+02,1.892288633076193993e-01
2.538400000000000034e+02,1.173277211250269847e-01
2.538600000000000136e+02,6.688707336553877114e-02
2.538799999999999955e+02,3.037668544131249398e-02
2.539000000000000057e+02,3.058875500357471130e-03
2.539200000000000159e+02,-1.803083359928320945e-02
2.539399999999999977e+02,-3.492521389639761248e-02
2.539600000000000080e+02,-4.913713577069118293e-02
2.539800000000000182e+02,-6.184278215762580022e-02
2.540000000000000000e+02,-7.398276909267058332e-02
2.540200000000000102e+02,-8.633594451211484833e-02
2.540399999999999920e+02,-9.958116088203777805e-02
2.540600000000000023e+02,-1.143522446266767439e-01
2.540800000000000125e+02,-1.312894181802635729e-01
2.540999999999999943e+02,-1.510921934607084571e-01
2.541200000000000045e+02,-1.745802349428596245e-01
2.541400000000000148e+02,-2.027729196250556698e-01
2.541599999999999966e+02,-2.370034428334159005e-01
2.541800000000000068e+02,-2.790937913017226268e-01
2.542000000000000171e+02,-3.316309184450164094e-01
2.542199999999999989e+02,-3.984049412919342115e-01
2.542400000000000091e+02,-4.850876508681620791e-01
2.542600000000000193e+02,-6.002206915642676055e-01
2.542800000000000011e+02,-7.564775923318739492e-01
2.543000000000000114e+02,-9.718192299726372552e-01
2.543199999999999932e+02,-1.269376232134949767e+00
2.543400000000000034e+02,-1.673658906937972590e+00
2.543600000000000136e+02,-2.199985713999770276e+00
2.543799999999999955e+02,-2.836705851466791550e+00
2.544000000000000057e+02,-3.528827772047679723e+00
2.544200000000000159e+02,-4.181807722126223759e+00
2.544399999999999977e+02,-4.696639476761695242e+00
2.544600000000000080e+02,-5.013725567320304499e+00
2.544800000000000182e+02,-5.123938068730234718e+00
2.545000000000000000e+02,-5.047322327072353509e+00
2.545200000000000102e+02,-4.822402809986865435e+00
2.545399999999999920e+02,-4.511151707702102165e+00
2.545600000000000023e+02,-4.191916943035719711e+00
2.545800000000000125e+02,-3.939228883174278106e+00
2.545999999999999943e+02,-3.804273710316281587e+00
2.546200000000000045e+02,-3.803940334303757886e+00
2.546400000000000148e+02,-3.924821597917227844e+00
2.546599999999999966e+02,-4.140783054725746481e+00
2.546800000000000068e+02,-4.430078905401741096e+00
2.547000000000000171e+02,-4.782237605079915355e+00
2.547199999999999989e+02,-5.197012299742941543e+00
2.547400000000000091e+02,-5.680871790637927354e+00
2.547600000000000193e+02,-6.243891695615982229e+00
2.547800000000000011e+02,-6.897621604727973477e+00
2.548000000000000114e+02,-7.653616244612211794e+00
2.548199999999999932e+02,-8.522136046145545762e+00
2.548400000000000034e+02,-9.510554346143013760e+00
2.548600000000000136e+02,-1.062107676400715306e+01
2.548799999999999955e+02,-1.184746859390236828e+01
2.549000000000000057e+02,-1.317065375300544261e+01
2.549200000000000159e+02,-1.455340795280154609e+01
2.549399999999999977e+02,-1.593505623158474016e+01
2.549600000000000080e+02,-1.722816876801760699e+01
2.549800000000000182e+02,-1.832050727470477369e+01
2.550000000000000000e+02,-1.908607854914008328e+01
2.550200000000000102e+02,-1.940757391823223443e+01
2.550399999999999920e+02,-1.920735025999485757e+01
2.550600000000000023e+02,-1.847645446506301070e+01
2.550800000000000125e+02,-1.728633398755066963e+01
2.550999999999999943e+02,-1.577281986368388189e+01
2.551200000000000045e+02,-1.409725400612995116e+01
2.551400000000000148e+02,-1.240432091407182114e+01
2.551599999999999966e+02,-1.079673962613682647e+01
2.551800000000000068e+02,-9.333006272176159968e+00
2.552000000000000171e+02,-8.039638029075572234e+00
2.552199999999999989e+02,-6.925608656995459356e+00
2.552400000000000091e+02,-5.992175967174278028e+00
2.552600000000000193e+02,-5.237528403502537344e+00
2.552800000000000011e+02,-4.658125700826927229e+00
2.553000000000000114e+02,-4.248327097584279066e+00
2.553199999999999932e+02,-3.999335760642206861e+00
2.553400000000000034e+02,-3.898647481877792753e+00
2.553600000000000136e+02,-3.931204209343410305e+00
2.553799999999999955e+02,-4.082227129773492891e+00
2.554000000000000057e+02,-4.340235101685109065e+00
2.554200000000000159e+02,-4.698823231004906731e+00
2.554399999999999977e+02,-5.156960055186543102e+00
2.554600000000000080e+02,-5.718343153123994327e+00
2.554800000000000182e+02,-6.390350286556179427e+00
2.555000000000000000e+02,-7.182804129487654343e+00
2.555200000000000102e+02,-8.106483854121185217e+00
2.555399999999999920e+02,-9.171135144054659349e+00
2.555600000000000023e+02,-1.038261936203809199e+01
2.555800000000000125e+02,-1.173879344582673312e+01
2.555999999999999943e+02,-1.322378100935525858e+01
2.556200000000000045e+02,-1.480062732387604285e+01
2.556400000000000148e+02,-1.640315745365553113e+01
2.556599999999999966e+02,-1.792940528475693895e+01
2.556800000000000068e+02,-1.924115081109635383e+01
2.557000000000000171e+02,-2.017584673721809807e+01
2.557199999999999989e+02,-2.057599435200358684e+01
2.557400000000000091e+02,-2.033374779033497504e+01
2.557600000000000193e+02,-1.943549732030014354e+01
2.557800000000000011e+02,-1.798105372349524700e+01
2.558000000000000114e+02,-1.615875881453709439e+01
2.558199999999999932e+02,-1.418440980317638100e+01
2.558400000000000034e+02,-1.223805899877197234e+01
2.558600000000000136e+02,-1.043208645688467406e+01
2.558799999999999955e+02,-8.816749920669833429e+00
2.559000000000000057e+02,-7.404333362880289648e+00
2.559200000000000159e+02,-6.190989202902252408e+00
2.559399999999999977e+02,-5.168401745689688020e+00
2.559600000000000080e+02,-4.327763134438917803e+00
2.559800000000000182e+02,-3.660564882567144185e+00
2.560000000000000000e+02,-3.158524940452593910e+00
2.560199999999999818e+02,-2.812817755264467312e+00
2.560400000000000205e+02,-2.612334524285849557e+00
2.560600000000000023e+02,-2.542137998592086667e+00
2.560799999999999841e+02,-2.584454657905477681e+00
2.561000000000000227e+02,-2.722462540461914493e+00
2.561200000000000045e+02,-2.944105452043622506e+00
2.561399999999999864e+02,-3.243736168737684444e+00
2.561600000000000250e+02,-3.621843346272350050e+00
2.561800000000000068e+02,-4.084049945421506678e+00
2.561999999999999886e+02,-4.640136631123881195e+00
2.562200000000000273e+02,-5.303279520232940136e+00
2.562400000000000091e+02,-6.089390920606591706e+00
2.562599999999999909e+02,-7.016321069377774222e+00
2.562800000000000296e+02,-8.102586839145518027e+00
2.563000000000000114e+02,-9.365179617505772214e+00
2.563199999999999932e+02,-1.081585503731279196e+01
2.563400000000000318e+02,-1.245517430188097840e+01
2.563600000000000136e+02,-1.426359423454512765e+01
2.563799999999999955e+02,-1.618941920715449712e+01
2.563999999999999773e+02,-1.813498666350320576e+01
2.564200000000000159e+02,-1.994567346487184878e+01
2.564399999999999977e+02,-2.141103483679662389e+01
2.564599999999999795e+02,-2.229093544200313204e+01
2.564800000000000182e+02,-2.237518344830901995e+01
2.565000000000000000e+02,-2.156567572563462676e+01
2.565199999999999818e+02,-1.994050060972947946e+01
2.565400000000000205e+02,-1.774814946820504247e+01
2.565600000000000023e+02,-1.531707239113902830e+01
2.565799999999999841e+02,-1.293279835892242602e+01
2.566000000000000227e+02,-1.076274372737397300e+01
2.566200000000000045e+02,-8.861629881250831176e+00
2.566399999999999864e+02,-7.222176300516887970e+00
2.566600000000000250e+02,-5.819665747098135888e+00
2.566800000000000068e+02,-4.630987042608689208e+00
2.566999999999999886e+02,-3.636624032827812769e+00
2.567200000000000273e+02,-2.817896118722527099e+00
2.567400000000000091e+02,-2.155189129518080726e+00
2.567599999999999909e+02,-1.627950769567537703e+00
2.567800000000000296e+02,-1.215640493687401236e+00
2.568000000000000114e+02,-8.988671113125931145e-01
2.568199999999999932e+02,-6.603263579392079086e-01
2.568400000000000318e+02,-4.854062306603913468e-01
2.568600000000000136e+02,-3.623557175404404918e-01
2.568799999999999955e+02,-2.817492044104336624e-01
2.568999999999999773e+02,-2.351512086102768018e-01
2.569200000000000159e+02,-2.141872248469492701e-01
2.569399999999999977e+02,-2.114677110024101303e-01
2.569599999999999795e+02,-2.219666571190385684e-01
2.569800000000000182e+02,-2.430899743138781599e-01
2.570000000000000000e+02,-2.739680965594730178e-01
2.570199999999999818e+02,-3.148403236043114117e-01
2.570400000000000205e+02,-3.667248455957876629e-01
2.570600000000000023e+02,-4.312927059353742210e-01
2.570799999999999841e+02,-5.108594788123276276e-01
2.571000000000000227e+02,-6.084472450481469563e-01
2.571200000000000045e+02,-7.278973317123469400e-01
2.571399999999999864e+02,-8.740266152154618773e-01
2.571600000000000250e+02,-1.052827704621715155e+00
2.571800000000000068e+02,-1.271713801728693305e+00
2.571999999999999886e+02,-1.539807649385080524e+00
2.572200000000000273e+02,-1.868265583218866155e+00
2.572400000000000091e+02,-2.270611614595670957e+00
2.572599999999999909e+02,-2.763022563451126068e+00
2.572800000000000296e+02,-3.364442005720547080e+00
2.573000000000000114e+02,-4.096284541635618837e+00
2.573199999999999932e+02,-4.981288890512639789e+00
2.573400000000000318e+02,-6.040742564643397650e+00
2.573600000000000136e+02,-7.288806254529446527e+00
2.573799999999999955e+02,-8.722079606002857588e+00
2.573999999999999773e+02,-1.030229206463354963e+01
2.574200000000000159e+02,-1.193129313418866388e+01
2.574399999999999977e+02,-1.342293708919564743e+01
2.574599999999999795e+02,-1.448912802922566812e+01
2.574800000000000182e+02,-1.477502070871718054e+01
2.575000000000000000e+02,-1.398053796623877432e+01
2.575199999999999818e+02,-1.205120208470624554e+01
2.575400000000000205e+02,-9.309035036508612748e+00
2.575600000000000023e+02,-6.353639917998579634e+00
2.575799999999999841e+02,-3.747349134953673833e+00
2.576000000000000227e+02,-1.754320467811008033e+00
2.576200000000000045e+02,-3.511993327088936967e-01
2.576399999999999864e+02,6.040328407538158029e-01
2.576600000000000250e+02,1.257959097822754613e+00
2.576800000000000068e+02,1.731088935612679069e+00
2.576999999999999886e+02,2.113816558619405317e+00
2.577200000000000273e+02,2.464045103148758020e+00
2.577400000000000091e+02,2.808829733802410189e+00
2.577599999999999909e+02,3.154915371133742763e+00
2.577800000000000296e+02,3.502530347618295181e+00
2.578000000000000114e+02,3.853982977811709176e+00
2.578199999999999932e+02,4.215766297209367686e+00
2.578400000000000318e+02,4.597339902940913881e+00
2.578600000000000136e+02,5.009226218903933159e+00
2.578799999999999955e+02,5.461452130671917260e+00
2.578999999999999773e+02,5.962434324407156261e+00
2.579200000000000159e+02,6.518087257302343396e+00
2.579399999999999977e+02,7.130893913053617972e+00
2.579599999999999795e+02,7.798746393417085976e+00
2.579800000000000182e+02,8.513478922554135409e+00
2.580000000000000000e+02,9.259181666878971484e+00
2.580199999999999818e+02,1.001061523782943219e+01
2.580400000000000205e+02,1.073234690848905792e+01
2.580600000000000023e+02,1.137951969823688536e+01
2.580799999999999841e+02,1.190125546852781113e+01
2.581000000000000227e+02,1.224727240159205799e+01
2.581200000000000045e+02,1.237713290629552176e+01
2.581399999999999864e+02,1.226982578996050677e+01
2.581600000000000250e+02,1.193006926745236917e+01
2.581800000000000068e+02,1.138813809013894485e+01
2.581999999999999886e+02,1.069269539539348557e+01
2.582200000000000273e+02,9.899670166153860862e+00
2.582400000000000091e+02,9.062047387336349402e+00
2.582599999999999909e+02,8.224093820511679809e+00
2.582800000000000296e+02,7.420329944074230966e+00
2.583000000000000114e+02,6.677158443591642012e+00
2.583199999999999932e+02,6.014818460883225804e+00
2.583400000000000318e+02,5.448482906704425588e+00
2.583600000000000136e+02,4.988458908870299524e+00
2.583799999999999955e+02,4.640005653612178094e+00
2.583999999999999773e+02,4.403390235608260816e+00
2.584200000000000159e+02,4.274651181504765418e+00
2.584399999999999977e+02,4.247136498772219326e+00
2.584599999999999795e+02,4.313398974050276280e+00
2.584800000000000182e+02,4.466828713048957233e+00
2.585000000000000000e+02,4.702616787172978263e+00
2.585199999999999818e+02,5.017999670090946829e+00
2.585400000000000205e+02,5.411938344242559928e+00
2.585600000000000023e+02,5.884395359289649186e+00
2.585799999999999841e+02,6.435287123606815207e+00
2.586000000000000227e+02,7.063103041964603257e+00
2.586200000000000045e+02,7.763142252908465046e+00
2.586399999999999864e+02,8.525344656938713683e+00
2.586600000000000250e+02,9.331813677013824915e+00
2.586800000000000068e+02,1.015437166483298093e+01
2.586999999999999886e+02,1.095286862914167791e+01
2.587200000000000273e+02,1.167539982287566502e+01
2.587400000000000091e+02,1.226182751768360646e+01
2.587599999999999909e+02,1.265159962530147020e+01
2.587800000000000296e+02,1.279536798525319519e+01
2.588000000000000114e+02,1.266748323095387541e+01
2.588199999999999932e+02,1.227436417390604895e+01
2.588400000000000318e+02,1.165411616030658948e+01
2.588600000000000136e+02,1.086660314293593643e+01
2.588799999999999955e+02,9.978442219390061041e+00
2.588999999999999773e+02,9.049971523775907301e+00
2.589200000000000159e+02,8.128927783820506292e+00
2.589399999999999977e+02,7.250629094108531625e+00
2.589599999999999795e+02,6.441190132803605195e+00
2.589800000000000182e+02,5.720486003677915043e+00
2.590000000000000000e+02,5.103561147359468642e+00
2.590199999999999818e+02,4.600728371228795410e+00
2.590400000000000205e+02,4.217105058097931902e+00
2.590600000000000023e+02,3.952345224312458605e+00
2.590799999999999841e+02,3.801217844916741750e+00
2.591000000000000227e+02,3.755281524463822684e+00
2.591200000000000045e+02,3.805204526766570172e+00
2.591399999999999864e+02,3.942861515332643396e+00
2.591600000000000250e+02,4.162590921601864835e+00
2.591800000000000068e+02,4.461546122630442035e+00
2.591999999999999886e+02,4.839394836581861092e+00
2.592200000000000273e+02,5.297624252022999691e+00
2.592400000000000091e+02,5.838570362281169324e+00
2.592599999999999909e+02,6.464153863319387128e+00
2.592800000000000296e+02,7.174220988610079175e+00
2.593000000000000114e+02,7.964366219443566486e+00
2.593199999999999932e+02,8.823172261720293008e+00
2.593400000000000318e+02,9.728989629487378110e+00
2.593600000000000136e+02,1.064674937520998022e+01
2.593799999999999955e+02,1.152588595361498491e+01
2.593999999999999773e+02,1.230110945414057433e+01
2.594200000000000159e+02,1.289807190790851976e+01
2.594399999999999977e+02,1.324514636547557345e+01
2.594599999999999795e+02,1.328992318604261946e+01
2.594800000000000182e+02,1.301515958122572592e+01
2.595000000000000000e+02,1.244641506449839774e+01
2.595199999999999818e+02,1.164586090985906530e+01
2.595400000000000205e+02,1.069413039163261381e+01
2.595600000000000023e+02,9.669473566941196196e+00
2.595799999999999841e+02,8.634293760706764687e+00
2.596000000000000227e+02,7.632624088867149048e+00
2.596200000000000045e+02,6.694672717364292147e+00
2.596399999999999864e+02,5.842397278165292640e+00
2.596600000000000250e+02,5.092779841694643927e+00
2.596800000000000068e+02,4.458700483745201559e+00
2.596999999999999886e+02,3.948516672732767407e+00
2.597200000000000273e+02,3.565249715737981884e+00
2.597400000000000091e+02,3.306059448086771546e+00
2.597599999999999909e+02,3.162791379206302711e+00
2.597800000000000296e+02,3.124038403485761339e+00
2.598000000000000114e+02,3.178082894157678862e+00
2.598199999999999932e+02,3.315418368664864612e+00
2.598400000000000318e+02,3.530054574347870400e+00
2.598600000000000136e+02,3.819699292394364232e+00
2.598799999999999955e+02,4.185296249987506378e+00
2.598999999999999773e+02,4.630288465319835289e+00
2.599200000000000159e+02,5.159738546347570676e+00
2.599399999999999977e+02,5.779255842974095003e+00
2.599599999999999795e+02,6.493573020785704308e+00
2.599800000000000182e+02,7.304558981296611186e+00
2.600000000000000000e+02,8.208448920514269886e+00
2.600199999999999818e+02,9.192162399202898015e+00
2.600400000000000205e+02,1.022885890786124818e+01
2.600600000000000023e+02,1.127346811359782031e+01
2.600799999999999841e+02,1.225989296800765693e+01
2.601000000000000227e+02,1.310269146097162540e+01
2.601200000000000045e+02,1.370647612944369520e+01
2.601399999999999864e+02,1.398456235319745389e+01
2.601600000000000250e+02,1.388348153075996194e+01
2.601800000000000068e+02,1.340344885427359678e+01
2.601999999999999886e+02,1.260231551533716399e+01
2.602200000000000273e+02,1.157752453230302514e+01
2.602400000000000091e+02,1.043467764309900758e+01
2.602599999999999909e+02,9.260546360818400657e+00
2.602800000000000296e+02,8.113192962797970864e+00
2.603000000000000114e+02,7.027567222294917926e+00
2.603199999999999932e+02,6.025947550404631592e+00
2.603400000000000318e+02,5.124976461939410477e+00
2.603600000000000136e+02,4.337949897113650088e+00
2.603799999999999955e+02,3.674690472575342426e+00
2.603999999999999773e+02,3.140959245736444583e+00
2.604200000000000159e+02,2.737821321758474369e+00
2.604399999999999977e+02,2.460830979105377736e+00
2.604599999999999795e+02,2.299737276355789284e+00
2.604800000000000182e+02,2.240098140667927673e+00
2.605000000000000000e+02,2.266814808482437105e+00
2.605199999999999818e+02,2.367604636436782428e+00
2.605400000000000205e+02,2.534754549828897474e+00
2.605600000000000023e+02,2.765231953072847304e+00
2.605799999999999841e+02,3.060033709544851988e+00
2.606000000000000227e+02,3.423415201351957649e+00
2.606200000000000045e+02,3.862216280363612420e+00
2.606399999999999864e+02,4.385247473899283044e+00
2.606600000000000250e+02,5.002587174827190175e+00
2.606800000000000068e+02,5.724572139815768068e+00
2.606999999999999886e+02,6.560201792567107226e+00
2.607200000000000273e+02,7.514604131437180534e+00
2.607400000000000091e+02,8.585179768844593440e+00
2.607599999999999909e+02,9.756142717827467337e+00
2.607800000000000296e+02,1.099161968025684821e+01
2.608000000000000114e+02,1.222852690687910560e+01
2.608199999999999932e+02,1.337230358851954293e+01
2.608400000000000318e+02,1.430079101122438878e+01
2.608600000000000136e+02,1.488221511624264259e+01
2.608799999999999955e+02,1.500896816943427226e+01
2.608999999999999773e+02,1.463780055040083461e+01
2.609200000000000159e+02,1.381471398778211324e+01
2.609399999999999977e+02,1.266344437975909543e+01
2.609599999999999795e+02,1.133835715157283985e+01
2.609800000000000182e+02,9.970565427585897922e+00
2.610000000000000000e+02,8.640783803126454998e+00
2.610199999999999818e+02,7.386727773839443678e+00
2.610400000000000205e+02,6.225318342777459435e+00
2.610600000000000023e+02,5.168283534145719393e+00
2.610799999999999841e+02,4.226015494386194504e+00
2.611000000000000227e+02,3.405588932184468565e+00
2.611200000000000045e+02,2.708772493299126172e+00
2.611399999999999864e+02,2.132029694558171151e+00
2.611600000000000250e+02,1.668111982290868989e+00
2.611800000000000068e+02,1.308224535656235421e+00
2.611999999999999886e+02,1.043701563171998581e+00
2.612200000000000273e+02,8.660110344626938961e-01
2.612400000000000091e+02,7.646758274357766672e-01
2.612599999999999909e+02,7.257814317303038498e-01
2.612800000000000296e+02,7.345189320388990639e-01
2.613000000000000114e+02,7.793950852301706478e-01
2.613199999999999932e+02,8.538592658378759692e-01
2.613400000000000318e+02,9.555631403748605646e-01
2.613600000000000136e+02,1.085162863085168405e+00
2.613799999999999955e+02,1.245499434001883010e+00
2.613999999999999773e+02,1.441200593457870660e+00
2.614200000000000159e+02,1.678569051658962197e+00
2.614399999999999977e+02,1.965644775176194958e+00
2.614599999999999795e+02,2.312367210446197863e+00
2.614800000000000182e+02,2.730783025909482742e+00
2.615000000000000000e+02,3.235236423396675054e+00
2.615199999999999818e+02,3.842446310151221844e+00
2.615400000000000205e+02,4.571306412764546856e+00
2.615600000000000023e+02,5.442125325897182897e+00
2.615799999999999841e+02,6.474836189534417308e+00
2.616000000000000227e+02,7.685443897870215757e+00
2.616200000000000045e+02,9.079686301768129297e+00
2.616399999999999864e+02,1.064277174934607118e+01
2.616600000000000250e+02,1.232465455940294063e+01
2.616800000000000068e+02,1.402268163196312045e+01
2.616999999999999886e+02,1.556885053958586518e+01
2.617200000000000273e+02,1.673690100957696458e+01
2.617400000000000091e+02,1.728848013571189668e+01
2.617599999999999909e+02,1.706297393726703504e+01
2.617800000000000296e+02,1.607373772300799075e+01
2.618000000000000114e+02,1.453437197292386784e+01
2.618199999999999932e+02,1.276615564600040464e+01
2.618400000000000318e+02,1.103992490269976834e+01
2.618600000000000136e+02,9.479066864948087812e+00
2.618799999999999955e+02,8.090480769202811118e+00
2.618999999999999773e+02,6.855229152531070902e+00
2.619200000000000159e+02,5.779692143963433004e+00
2.619399999999999977e+02,4.892546817415331262e+00
2.619599999999999795e+02,4.222862642007936707e+00
2.619800000000000182e+02,3.781184914453312729e+00
2.620000000000000000e+02,3.550325506232695272e+00
2.620199999999999818e+02,3.491566866628891486e+00
2.620400000000000205e+02,3.562674105619407783e+00
2.620600000000000023e+02,3.732454202793900055e+00
2.620799999999999841e+02,3.984315309836650609e+00
2.621000000000000227e+02,4.313244513216604403e+00
2.621200000000000045e+02,4.721719271494095871e+00
2.621399999999999864e+02,5.216681691742066640e+00
2.621600000000000250e+02,5.807657709673653912e+00
2.621800000000000068e+02,6.505534271134583157e+00
2.621999999999999886e+02,7.321480342577570077e+00
2.622200000000000273e+02,8.265563521434417638e+00
2.622400000000000091e+02,9.344646892591462972e+00
2.622599999999999909e+02,1.055916570416021649e+01
2.622800000000000296e+02,1.189842574762953475e+01
2.623000000000000114e+02,1.333427646889613882e+01
2.623199999999999932e+02,1.481357857367571107e+01
2.623400000000000318e+02,1.625105684161141895e+01
2.623600000000000136e+02,1.752599580335623131e+01
2.623799999999999955e+02,1.848827601498006601e+01
2.623999999999999773e+02,1.897968980568730402e+01
2.624200000000000159e+02,1.887231117280407844e+01
2.624399999999999977e+02,1.811509197136803806e+01
2.624599999999999795e+02,1.676707764994086602e+01
2.624800000000000182e+02,1.499305280502579762e+01
2.625000000000000000e+02,1.301540397055351050e+01
2.625199999999999818e+02,1.104559252251392110e+01
2.625400000000000205e+02,9.232874786167203141e+00
2.625600000000000023e+02,7.651598051254608457e+00
2.625799999999999841e+02,6.319066485119566146e+00
2.626000000000000227e+02,5.221953574583593216e+00
2.626200000000000045e+02,4.336041086116967591e+00
2.626399999999999864e+02,3.636402198560324095e+00
2.626600000000000250e+02,3.101303496979554986e+00
2.626800000000000068e+02,2.713189525944847968e+00
2.626999999999999886e+02,2.458270345619550046e+00
2.627200000000000273e+02,2.324976131549241209e+00
2.627400000000000091e+02,2.301762914756181111e+00
2.627599999999999909e+02,2.375943685108580450e+00
2.627800000000000296e+02,2.534986043114329402e+00
2.628000000000000114e+02,2.769288951358500839e+00
2.628199999999999932e+02,3.074206544827781773e+00
2.628400000000000318e+02,3.450466002882865535e+00
2.628600000000000136e+02,3.903571052618243442e+00
2.628799999999999955e+02,4.442945797029242527e+00
2.628999999999999773e+02,5.081156229953618819e+00
2.629200000000000159e+02,5.833195767963707645e+00
2.629399999999999977e+02,6.715636757533337331e+00
2.629599999999999795e+02,7.745331583401979358e+00
2.629800000000000182e+02,8.937237255306893502e+00
2.630000000000000000e+02,1.030080097754344770e+01
2.630199999999999818e+02,1.183423328420683518e+01
2.630400000000000205e+02,1.351604548310012532e+01
2.630600000000000023e+02,1.529373787837591436e+01
2.630799999999999841e+02,1.707100689131742044e+01
2.631000000000000227e+02,1.869783571376196107e+01
2.631200000000000045e+02,1.997219201038061698e+01
2.631399999999999864e+02,2.066532404281239366e+01
2.631600000000000250e+02,2.057870473181144533e+01
2.631800000000000068e+02,1.962275448520731658e+01
2.631999999999999886e+02,1.787969392609459263e+01
2.632200000000000273e+02,1.560080679902438128e+01
2.632400000000000091e+02,1.312117759372515557e+01
2.632599999999999909e+02,1.073845877540588134e+01
2.632800000000000296e+02,8.632518908439687166e+00
2.633000000000000114e+02,6.862351080803914982e+00
2.633199999999999932e+02,5.412111157166200393e+00
2.633400000000000318e+02,4.238253205261817591e+00
2.633600000000000136e+02,3.295275257036957228e+00
2.633799999999999955e+02,2.543717606505131901e+00
2.633999999999999773e+02,1.950473390901784621e+00
2.634200000000000159e+02,1.487475666504282312e+00
2.634399999999999977e+02,1.130721780358133088e+00
2.634599999999999795e+02,8.598065837761332819e-01
2.634800000000000182e+02,6.577438361287790691e-01
2.635000000000000000e+02,5.109231511896714650e-01
2.635199999999999818e+02,4.091607011879859757e-01
2.635400000000000205e+02,3.457422359553667390e-01
2.635600000000000023e+02,3.168553731671732154e-01
2.635799999999999841e+02,3.193440446445640069e-01
2.636000000000000227e+02,3.480908756669023885e-01
2.636200000000000045e+02,3.969273646419415602e-01
2.636399999999999864e+02,4.616340441869987155e-01
2.636600000000000250e+02,5.409811989271671173e-01
2.636800000000000068e+02,6.361061832683686523e-01
2.636999999999999886e+02,7.497649186276069688e-01
2.637200000000000273e+02,8.859380237054993446e-01
2.637400000000000091e+02,1.049738298322830943e+00
2.637599999999999909e+02,1.247507325427293035e+00
2.637800000000000296e+02,1.487033010472929906e+00
2.638000000000000114e+02,1.777855982012716440e+00
2.638199999999999932e+02,2.131654456852413837e+00
2.638400000000000318e+02,2.562699005487381498e+00
2.638600000000000136e+02,3.088367535381084661e+00
2.638799999999999955e+02,3.729686690611008437e+00
2.638999999999999773e+02,4.511826512709243175e+00
2.639200000000000159e+02,5.464392803232592577e+00
2.639399999999999977e+02,6.621211341208514511e+00
2.639599999999999795e+02,8.019039947259807732e+00
2.639800000000000182e+02,9.694208780527173275e+00
2.640000000000000000e+02,1.167554396628072055e+01
2.640199999999999818e+02,1.397111349217595233e+01
2.640400000000000205e+02,1.654579907246585080e+01
2.640600000000000023e+02,1.928777368693023320e+01
2.640799999999999841e+02,2.196767448242786713e+01
2.641000000000000227e+02,2.420883851847270662e+01
2.641200000000000045e+02,2.551032025376813905e+01
2.641399999999999864e+02,2.537708509817962721e+01
2.641600000000000250e+02,2.356496958325199742e+01
2.641800000000000068e+02,2.031399681460750628e+01
2.641999999999999886e+02,1.633733338435239091e+01
2.642200000000000273e+02,1.247475697789196758e+01
2.642400000000000091e+02,9.265324919948826121e+00
2.642599999999999909e+02,6.811457538698613590e+00
2.642800000000000296e+02,4.970418869636665349e+00
2.643000000000000114e+02,3.576764049866389072e+00
2.643199999999999932e+02,2.518187299536577939e+00
2.643400000000000318e+02,1.720763831083745421e+00
2.643600000000000136e+02,1.124997859851405657e+00
2.643799999999999955e+02,6.785108453438297715e-01
2.643999999999999773e+02,3.395395793012915830e-01
2.644200000000000159e+02,7.888483258082050475e-02
2.644399999999999977e+02,-1.230851778276619291e-01
2.644599999999999795e+02,-2.805260047448669414e-01
2.644800000000000182e+02,-4.046784819966850466e-01
2.645000000000000000e+02,-5.049632519810310916e-01
2.645199999999999818e+02,-5.893809025389975531e-01
2.645400000000000205e+02,-6.647196779762941654e-01
2.645600000000000023e+02,-7.367657314084926634e-01
2.645799999999999841e+02,-8.105500895080655077e-01
2.646000000000000227e+02,-8.906116864564089797e-01
2.646200000000000045e+02,-9.812395847203405630e-01
2.646399999999999864e+02,-1.086648694483794086e+00
2.646600000000000250e+02,-1.211021961328541785e+00
2.646800000000000068e+02,-1.358323959923427582e+00
2.646999999999999886e+02,-1.531761979525574802e+00
2.647200000000000273e+02,-1.732784225926594646e+00
2.647400000000000091e+02,-1.959616012437357835e+00
2.647599999999999909e+02,-2.205599398178585080e+00
2.647800000000000296e+02,-2.457979711272894274e+00
2.648000000000000114e+02,-2.698047860805086184e+00
2.648199999999999932e+02,-2.903332098228404323e+00
2.648400000000000318e+02,-3.051656450897294981e+00
2.648600000000000136e+02,-3.125787262569651670e+00
2.648799999999999955e+02,-3.116949011062341679e+00
2.648999999999999773e+02,-3.026139520823242446e+00
2.649200000000000159e+02,-2.863287408222686903e+00
2.649399999999999977e+02,-2.644960470775712391e+00
2.649599999999999795e+02,-2.391385610490960101e+00
2.649800000000000182e+02,-2.123394353511142807e+00
2.650000000000000000e+02,-1.859776969866848928e+00
2.650199999999999818e+02,-1.615369208280128532e+00
2.650400000000000205e+02,-1.400034013360601737e+00
2.650600000000000023e+02,-1.218602358382294693e+00
2.650799999999999841e+02,-1.071709264607201950e+00
2.651000000000000227e+02,-9.572052694371703252e-01
2.651200000000000045e+02,-8.716202598427323922e-01
2.651399999999999864e+02,-8.112594186595353252e-01
2.651600000000000250e+02,-7.728234313024650026e-01
2.651800000000000068e+02,-7.536769988416226473e-01
2.651999999999999886e+02,-7.519334160091533104e-01
2.652200000000000273e+02,-7.664715051653295808e-01
2.652400000000000091e+02,-7.969430954151015545e-01
2.652599999999999909e+02,-8.437936423289261745e-01
2.652800000000000296e+02,-9.082974898650384432e-01
2.653000000000000114e+02,-9.925900223670751643e-01
2.653199999999999932e+02,-1.099649087510977230e+00
2.653400000000000318e+02,-1.233134360141789898e+00
2.653600000000000136e+02,-1.396934235454375228e+00
2.653799999999999955e+02,-1.594224878713596194e+00
2.653999999999999773e+02,-1.825877266009912736e+00
2.654200000000000159e+02,-2.088262069771426255e+00
2.654399999999999977e+02,-2.370968821181433928e+00
2.654599999999999795e+02,-2.655547185942985777e+00
2.654800000000000182e+02,-2.916610810979785473e+00
2.655000000000000000e+02,-3.125923553109420716e+00
2.655199999999999818e+02,-3.258444388649147427e+00
2.655400000000000205e+02,-3.297925087806168776e+00
2.655600000000000023e+02,-3.239898038054788820e+00
2.655799999999999841e+02,-3.091551901360700239e+00
2.656000000000000227e+02,-2.869394895367291642e+00
2.656200000000000045e+02,-2.595823015083967622e+00
2.656399999999999864e+02,-2.295395486514385741e+00
2.656600000000000250e+02,-1.991444549862850799e+00
2.656800000000000068e+02,-1.703488611015596232e+00
2.656999999999999886e+02,-1.445628953432825936e+00
2.657200000000000273e+02,-1.225920468602949676e+00
2.657400000000000091e+02,-1.046740433083558131e+00
2.657599999999999909e+02,-9.061299516844250057e-01
2.657800000000000296e+02,-7.996979414099782968e-01
2.658000000000000114e+02,-7.223620436645202814e-01
2.658199999999999932e+02,-6.694390965309439112e-01
2.658400000000000318e+02,-6.371004703046720952e-01
2.658600000000000136e+02,-6.224611231875731843e-01
2.658799999999999955e+02,-6.235349824103920691e-01
2.658999999999999773e+02,-6.391754808655324416e-01
2.659200000000000159e+02,-6.690455152499400482e-01
2.659399999999999977e+02,-7.136306486926305981e-01
2.659599999999999795e+02,-7.742965055800560270e-01
2.659800000000000182e+02,-8.533831069426464078e-01
2.660000000000000000e+02,-9.543022596887476006e-01
2.660199999999999818e+02,-1.081563768501322853e+00
2.660400000000000205e+02,-1.240574157168615965e+00
2.660600000000000023e+02,-1.436954192361164395e+00
2.660799999999999841e+02,-1.675047118356735920e+00
2.661000000000000227e+02,-1.955383888902744394e+00
2.661200000000000045e+02,-2.271331672831989668e+00
2.661399999999999864e+02,-2.606056066088990431e+00
2.661600000000000250e+02,-2.931839237787122521e+00
2.661800000000000068e+02,-3.213637785999546637e+00
2.661999999999999886e+02,-3.416693328057997636e+00
2.662200000000000273e+02,-3.515104696177290045e+00
2.662400000000000091e+02,-3.497372475620266652e+00
2.662599999999999909e+02,-3.367250187766812175e+00
2.662800000000000296e+02,-3.141158778229661497e+00
2.663000000000000114e+02,-2.844064279575840626e+00
2.663199999999999932e+02,-2.504872456131645997e+00
2.663400000000000318e+02,-2.152055205838471430e+00
2.663600000000000136e+02,-1.810282813836542326e+00
2.663799999999999955e+02,-1.498451523512312589e+00
2.663999999999999773e+02,-1.228862877947756393e+00
2.664200000000000159e+02,-1.007115712910746419e+00
2.664399999999999977e+02,-8.327004992833090258e-01
2.664599999999999795e+02,-7.006336510514233895e-01
2.664800000000000182e+02,-6.038793209317411259e-01
2.665000000000000000e+02,-5.354897923500477885e-01
2.665199999999999818e+02,-4.897036132942623743e-01
2.665400000000000205e+02,-4.621574959392725224e-01
2.665600000000000023e+02,-4.497179754166829579e-01
2.665799999999999841e+02,-4.502600179163331329e-01
2.666000000000000227e+02,-4.625027087888640143e-01
2.666200000000000045e+02,-4.859163881129077711e-01
2.666399999999999864e+02,-5.206980767175172220e-01
2.666600000000000250e+02,-5.678104236363874513e-01
2.666800000000000068e+02,-6.290942055970802915e-01
2.666999999999999886e+02,-7.074528543388005630e-01
2.667200000000000273e+02,-8.071001439494545071e-01
2.667400000000000091e+02,-9.338096553032683156e-01
2.667599999999999909e+02,-1.095008756340187572e+00
2.667800000000000296e+02,-1.299386682045023944e+00
2.668000000000000114e+02,-1.555476281801937199e+00
2.668199999999999932e+02,-1.868586350271657537e+00
2.668400000000000318e+02,-2.235895920790269553e+00
2.668600000000000136e+02,-2.640894988147502787e+00
2.668799999999999955e+02,-3.050380974692104452e+00
2.668999999999999773e+02,-3.417999271150764518e+00
2.669200000000000159e+02,-3.695323308647326499e+00
2.669399999999999977e+02,-3.845539180445204153e+00
2.669599999999999795e+02,-3.852027835257669786e+00
2.669800000000000182e+02,-3.718781387892365675e+00
2.670000000000000000e+02,-3.465995939063082343e+00
2.670199999999999818e+02,-3.124566886438713720e+00
2.670400000000000205e+02,-2.730185008669721913e+00
2.670600000000000023e+02,-2.317351946255399309e+00
2.670799999999999841e+02,-1.914770578081048891e+00
2.671000000000000227e+02,-1.543220538669601405e+00
2.671200000000000045e+02,-1.215737327452610428e+00
2.671399999999999864e+02,-9.391002702917795597e-01
2.671600000000000250e+02,-7.154853145544003423e-01
2.671800000000000068e+02,-5.433462182834007947e-01
2.671999999999999886e+02,-4.173973795416093813e-01
2.672200000000000273e+02,-3.290977026954062801e-01
2.672400000000000091e+02,-2.689107837862689809e-01
2.672599999999999909e+02,-2.288271199747665130e-01
2.672800000000000296e+02,-2.032090303512653628e-01
2.673000000000000114e+02,-1.883500030281801130e-01
2.673199999999999932e+02,-1.818307562422522006e-01
2.673400000000000318e+02,-1.820783649264475779e-01
2.673600000000000136e+02,-1.881145328538975925e-01
2.673799999999999955e+02,-1.994156293736653041e-01
2.673999999999999773e+02,-2.158364740000144333e-01
2.674200000000000159e+02,-2.375785484166011707e-01
2.674399999999999977e+02,-2.651962017491334422e-01
2.674599999999999795e+02,-2.996488551356434882e-01
2.674800000000000182e+02,-3.424092962387113026e-01
2.675000000000000000e+02,-3.956576979852390874e-01
2.675199999999999818e+02,-4.625932639390683554e-01
2.675400000000000205e+02,-5.479094156743216093e-01
2.675600000000000023e+02,-6.584604694138237457e-01
2.675799999999999841e+02,-8.040701542214803155e-01
2.676000000000000227e+02,-9.982084168274413249e-01
2.676200000000000045e+02,-1.257791855611944287e+00
2.676399999999999864e+02,-1.600655522907731498e+00
2.676600000000000250e+02,-2.038805570347009599e+00
2.676800000000000068e+02,-2.566849241230391598e+00
2.676999999999999886e+02,-3.149718310600785554e+00
2.677200000000000273e+02,-3.720222811146157493e+00
2.677400000000000091e+02,-4.196199216102876051e+00
2.677599999999999909e+02,-4.511225180626933451e+00
2.677800000000000296e+02,-4.635559292455615044e+00
2.678000000000000114e+02,-4.573448552797792388e+00
2.678199999999999932e+02,-4.351314287524070679e+00
2.678400000000000318e+02,-4.012604642101128327e+00
2.678600000000000136e+02,-3.613657121154695506e+00
2.678799999999999955e+02,-3.214281504229545838e+00
2.678999999999999773e+02,-2.867940225664328491e+00
2.679200000000000159e+02,-2.615516265748149216e+00
2.679399999999999977e+02,-2.480560735221523316e+00
2.679599999999999795e+02,-2.465142554221740223e+00
2.679800000000000182e+02,-2.552583018128877779e+00
2.680000000000000000e+02,-2.719811902372089474e+00
2.680199999999999818e+02,-2.949579412251857491e+00
2.680400000000000205e+02,-3.234710901626434598e+00
2.680600000000000023e+02,-3.576592532083166187e+00
2.680799999999999841e+02,-3.982338258572393652e+00
2.681000000000000227e+02,-4.462652275170817084e+00
2.681200000000000045e+02,-5.030614119489175806e+00
2.681399999999999864e+02,-5.701044384961692302e+00
2.681600000000000250e+02,-6.490045886797041419e+00
2.681800000000000068e+02,-7.414348631556824998e+00
2.681999999999999886e+02,-8.490089246012125557e+00
2.682200000000000273e+02,-9.730597953291228563e+00
2.682400000000000091e+02,-1.114267812155372894e+01
2.682599999999999909e+02,-1.272081074257294908e+01
2.682800000000000296e+02,-1.443886507439142441e+01
2.683000000000000114e+02,-1.623954650000201738e+01
2.683199999999999932e+02,-1.802340176207091815e+01
2.683400000000000318e+02,-1.964205451317862483e+01
2.683600000000000136e+02,-2.090389592839480670e+01
2.683799999999999955e+02,-2.160194322139585310e+01
2.683999999999999773e+02,-2.156767498476237677e+01
2.684200000000000159e+02,-2.073748636577212778e+01
2.684399999999999977e+02,-1.919727010653571497e+01
2.684599999999999795e+02,-1.716800989472522687e+01
2.684800000000000182e+02,-1.492842558204936765e+01
2.685000000000000000e+02,-1.271902508493901429e+01
2.685199999999999818e+02,-1.068597686248775958e+01
2.685400000000000205e+02,-8.885269485258000088e+00
2.685600000000000023e+02,-7.320177507180649634e+00
2.685799999999999841e+02,-5.975396317654428024e+00
2.686000000000000227e+02,-4.833356573625890995e+00
2.686200000000000045e+02,-3.877696145128419758e+00
2.686399999999999864e+02,-3.092455896816659777e+00
2.686600000000000250e+02,-2.461522596259636320e+00
2.686800000000000068e+02,-1.969255056889998023e+00
2.686999999999999886e+02,-1.601723208611353755e+00
2.687200000000000273e+02,-1.347450630941201988e+00
2.687400000000000091e+02,-1.196280779671511807e+00
2.687599999999999909e+02,-1.136232502691980395e+00
2.687800000000000296e+02,-1.151841542956436371e+00
2.688000000000000114e+02,-1.227291255319442387e+00
2.688199999999999932e+02,-1.351057908000296459e+00
2.688400000000000318e+02,-1.517680362576034669e+00
2.688600000000000136e+02,-1.727003058187417839e+00
2.688799999999999955e+02,-1.982881001276385335e+00
2.688999999999999773e+02,-2.292282006345063294e+00
2.689200000000000159e+02,-2.664881206439618566e+00
2.689399999999999977e+02,-3.113006703061555580e+00
2.689599999999999795e+02,-3.651790626288494490e+00
2.689800000000000182e+02,-4.299405438426117776e+00
2.690000000000000000e+02,-5.077261793140692703e+00
2.690199999999999818e+02,-6.009996483418312607e+00
2.690400000000000205e+02,-7.124975384825219749e+00
2.690600000000000023e+02,-8.450848498671817310e+00
2.690799999999999841e+02,-1.001441360057129693e+01
2.691000000000000227e+02,-1.183465386979700185e+01
2.691200000000000045e+02,-1.391242614255647858e+01
2.691399999999999864e+02,-1.621421752318137877e+01
2.691600000000000250e+02,-1.864953353443512540e+01
2.691800000000000068e+02,-2.104541314973137389e+01
2.691999999999999886e+02,-2.313003053564749578e+01
2.692200000000000273e+02,-2.454915266725961231e+01
2.692400000000000091e+02,-2.494386872026690227e+01
2.692599999999999909e+02,-2.409334357753017741e+01
2.692800000000000296e+02,-2.206123366466838220e+01
2.693000000000000114e+02,-1.922712362522081619e+01
2.693199999999999932e+02,-1.613265693567343817e+01
2.693400000000000318e+02,-1.323217368584607989e+01
2.693600000000000136e+02,-1.074018453483388846e+01
2.693799999999999955e+02,-8.667207203740952437e+00
2.693999999999999773e+02,-6.947836868359141604e+00
2.694200000000000159e+02,-5.527468464746345234e+00
2.694399999999999977e+02,-4.379416098596957241e+00
2.694599999999999795e+02,-3.490955396060269944e+00
2.694800000000000182e+02,-2.847021296480009234e+00
2.695000000000000000e+02,-2.419710479663267577e+00
2.695199999999999818e+02,-2.167777204056420715e+00
2.695400000000000205e+02,-2.047128748798309861e+00
2.695600000000000023e+02,-2.022595338194878245e+00
2.695799999999999841e+02,-2.071859374214088056e+00
2.696000000000000227e+02,-2.183165361411155914e+00
2.696200000000000045e+02,-2.351755402360180103e+00
2.696399999999999864e+02,-2.577241530609924336e+00
2.696600000000000250e+02,-2.862043960387794517e+00
2.696800000000000068e+02,-3.210476874690904037e+00
2.696999999999999886e+02,-3.628094665690590581e+00
2.697200000000000273e+02,-4.121001348962536781e+00
2.697400000000000091e+02,-4.694874084864054886e+00
2.697599999999999909e+02,-5.353441382360603740e+00
2.697800000000000296e+02,-6.096139432594507745e+00
2.698000000000000114e+02,-6.914666050883962356e+00
2.698199999999999932e+02,-7.788290287304450388e+00
2.698400000000000318e+02,-8.678195038215292811e+00
2.698600000000000136e+02,-9.522062717770827689e+00
2.698799999999999955e+02,-1.023166926268238797e+01
2.698999999999999773e+02,-1.069803083563859047e+01
2.699200000000000159e+02,-1.080910464260473347e+01
2.699399999999999977e+02,-1.048141437739285919e+01
2.699599999999999795e+02,-9.697480187446577915e+00
2.699800000000000182e+02,-8.529686603565687975e+00
2.700000000000000000e+02,-7.130105696251601621e+00
2.700199999999999818e+02,-5.683947690048278822e+00
2.700400000000000205e+02,-4.350992772945276421e+00
2.700600000000000023e+02,-3.228089175812963063e+00
2.700799999999999841e+02,-2.346468728502175249e+00
2.701000000000000227e+02,-1.691998569845093447e+00
2.701200000000000045e+02,-1.228934897189205344e+00
2.701399999999999864e+02,-9.165499621024080223e-01
2.701600000000000250e+02,-7.177075734247636563e-01
2.701800000000000068e+02,-6.021525940400676014e-01
2.701999999999999886e+02,-5.471258842521954380e-01
2.702200000000000273e+02,-5.368778601307199194e-01
2.702400000000000091e+02,-5.617370210445959966e-01
2.702599999999999909e+02,-6.166706667795626151e-01
2.702800000000000296e+02,-6.991609305969602728e-01
2.703000000000000114e+02,-8.072405292330913085e-01
2.703199999999999932e+02,-9.391055528370316763e-01
2.703400000000000318e+02,-1.094094547615727775e+00
2.703600000000000136e+02,-1.273570415299165370e+00
2.703799999999999955e+02,-1.481081007098319136e+00
2.703999999999999773e+02,-1.722109619969725891e+00
2.704200000000000159e+02,-2.003791827224313149e+00
2.704399999999999977e+02,-2.334734637363196086e+00
2.704599999999999795e+02,-2.724908915462989523e+00
2.704800000000000182e+02,-3.185518264608719008e+00
2.705000000000000000e+02,-3.728694310608509532e+00
2.705199999999999818e+02,-4.366817734328672707e+00
2.705400000000000205e+02,-5.111156377315713151e+00
2.705600000000000023e+02,-5.969388326166305880e+00
2.705799999999999841e+02,-6.941429413350362232e+00
2.706000000000000227e+02,-8.012941446828810044e+00
2.706200000000000045e+02,-9.146202303622903429e+00
2.706399999999999864e+02,-1.026916744598192999e+01
2.706600000000000250e+02,-1.126619777783859000e+01
2.706800000000000068e+02,-1.197824143354907100e+01
2.706999999999999886e+02,-1.222418210396503291e+01
2.707200000000000273e+02,-1.185226544473733945e+01
2.707400000000000091e+02,-1.081274655910132410e+01
2.707599999999999909e+02,-9.213261597009307025e+00
2.707800000000000296e+02,-7.305939278384323110e+00
2.708000000000000114e+02,-5.394015518369068118e+00
2.708199999999999932e+02,-3.715254702653661312e+00
2.708400000000000318e+02,-2.381412394199291072e+00
2.708600000000000136e+02,-1.395375357523723325e+00
2.708799999999999955e+02,-7.031668479287115359e-01
2.708999999999999773e+02,-2.358923741209497382e-01
2.709200000000000159e+02,6.987549135657963872e-02
2.709399999999999977e+02,2.658241161111063455e-01
2.709599999999999795e+02,3.919149927854892468e-01
2.709800000000000182e+02,4.786810321172124127e-01
2.710000000000000000e+02,5.498612140151846184e-01
2.710199999999999818e+02,6.237003811639358908e-01
2.710400000000000205e+02,7.117837366719950154e-01
2.710600000000000023e+02,8.178185341980991341e-01
2.710799999999999841e+02,9.404321691316500642e-01
2.711000000000000227e+02,1.078133743979599046e+00
2.711200000000000045e+02,1.232007275154328507e+00
2.711399999999999864e+02,1.405815480706366971e+00
2.711600000000000250e+02,1.605258387060912950e+00
2.711800000000000068e+02,1.837395273500242121e+00
2.711999999999999886e+02,2.110422100480265239e+00
2.712200000000000273e+02,2.433708961366615853e+00
2.712400000000000091e+02,2.817964304888014748e+00
2.712599999999999909e+02,3.275416421424033775e+00
2.712800000000000296e+02,3.819904849252715451e+00
2.713000000000000114e+02,4.466752286497888136e+00
2.713199999999999932e+02,5.232217473376675088e+00
2.713400000000000318e+02,6.132216928431057035e+00
2.713600000000000136e+02,7.179846629999093288e+00
2.713799999999999955e+02,8.381056653811674195e+00
2.713999999999999773e+02,9.727758236619711951e+00
2.714200000000000159e+02,1.118793715139853440e+01
2.714399999999999977e+02,1.269356470738451215e+01
2.714599999999999795e+02,1.412993747592138583e+01
2.714800000000000182e+02,1.533464604170710999e+01
2.715000000000000000e+02,1.611822871734517904e+01
2.715199999999999818e+02,1.631480690506964137e+01
2.715400000000000205e+02,1.585191324349774611e+01
2.715600000000000023e+02,1.480034176394889656e+01
2.715799999999999841e+02,1.335781448391497861e+01
2.716000000000000227e+02,1.176207569972040190e+01
2.716200000000000045e+02,1.019209247129752960e+01
2.716399999999999864e+02,8.729154867065638257e+00
2.716600000000000250e+02,7.388815087039605878e+00
2.716800000000000068e+02,6.171416749298876070e+00
2.716999999999999886e+02,5.086516331458605933e+00
2.717200000000000273e+02,4.151540477856462630e+00
2.717400000000000091e+02,3.383439154631093349e+00
2.717599999999999909e+02,2.793309516682746629e+00
2.717800000000000296e+02,2.383263850030353570e+00
2.718000000000000114e+02,2.142477882963570224e+00
2.718199999999999932e+02,2.045433454270149554e+00
2.718400000000000318e+02,2.059096362844037742e+00
2.718600000000000136e+02,2.155085890523692260e+00
2.718799999999999955e+02,2.316185237147327936e+00
2.718999999999999773e+02,2.535685295027511721e+00
2.719200000000000159e+02,2.814271027961922744e+00
2.719399999999999977e+02,3.157443327815596668e+00
2.719599999999999795e+02,3.574042237370913089e+00
2.719800000000000182e+02,4.075568582218699554e+00
2.720000000000000000e+02,4.675915266904882017e+00
2.720199999999999818e+02,5.391196134205103796e+00
2.720400000000000205e+02,6.239404262194994111e+00
2.720600000000000023e+02,7.239606831093731820e+00
2.720799999999999841e+02,8.410286642385408129e+00
2.721000000000000227e+02,9.766277037936962557e+00
2.721200000000000045e+02,1.131354710022353238e+01
2.721399999999999864e+02,1.304098150319998517e+01
2.721600000000000250e+02,1.490854005991304199e+01
2.721800000000000068e+02,1.683231349621431860e+01
2.721999999999999886e+02,1.866980709705723740e+01
2.722200000000000273e+02,2.021378536620698441e+01
2.722400000000000091e+02,2.120871405312724178e+01
2.722599999999999909e+02,2.140416704670838044e+01
2.722800000000000296e+02,2.064429947643489172e+01
2.723000000000000114e+02,1.895850653936303587e+01
2.723199999999999932e+02,1.658939887537012936e+01
2.723400000000000318e+02,1.391524899907904000e+01
2.723600000000000136e+02,1.130252468916933672e+01
2.723799999999999955e+02,8.986856508299347013e+00
2.723999999999999773e+02,7.050749148361234120e+00
2.724200000000000159e+02,5.476935229097483315e+00
2.724399999999999977e+02,4.211604960451739821e+00
2.724599999999999795e+02,3.199933374209130932e+00
2.724800000000000182e+02,2.396387673137249763e+00
2.725000000000000000e+02,1.764255227811849958e+00
2.725199999999999818e+02,1.273289840957362973e+00
2.725400000000000205e+02,8.981260958090981905e-01
2.725600000000000023e+02,6.173852143703191242e-01
2.725799999999999841e+02,4.127407151421864651e-01
2.726000000000000227e+02,2.675271858206173525e-01
2.726200000000000045e+02,1.658402220613915123e-01
2.726399999999999864e+02,9.371802953570276817e-02
2.726600000000000250e+02,4.101956826020203978e-02
2.726800000000000068e+02,1.345231398441400434e-03
2.726999999999999886e+02,-2.936165081962906209e-02
2.727200000000000273e+02,-5.392801994884929145e-02
2.727400000000000091e+02,-7.448929006607551973e-02
2.727599999999999909e+02,-9.272554501206252409e-02
2.727800000000000296e+02,-1.099915050194131272e-01
2.728000000000000114e+02,-1.274141815652693188e-01
2.728199999999999932e+02,-1.459778379989501162e-01
2.728400000000000318e+02,-1.666038029764799755e-01
2.728600000000000136e+02,-1.902287758350366953e-01
2.728799999999999955e+02,-2.178907115335371736e-01
2.728999999999999773e+02,-2.508334878232715281e-01
2.729200000000000159e+02,-2.906496069868875765e-01
2.729399999999999977e+02,-3.394895501285337125e-01
2.729599999999999795e+02,-4.003794130362486325e-01
2.729800000000000182e+02,-4.777028640229628031e-01
2.730000000000000000e+02,-5.779044137192690389e-01
2.730199999999999818e+02,-7.104242303670273984e-01
2.730400000000000205e+02,-8.886979646477026762e-01
2.730600000000000023e+02,-1.130615543454634775e+00
2.730799999999999841e+02,-1.457029948830036892e+00
2.731000000000000227e+02,-1.886036151353394752e+00
2.731200000000000045e+02,-2.421182859550577327e+00
2.731399999999999864e+02,-3.036031409173911122e+00
2.731600000000000250e+02,-3.665777430908474521e+00
2.731800000000000068e+02,-4.220428245024054448e+00
2.731999999999999886e+02,-4.619482947480532786e+00
2.732200000000000273e+02,-4.822114322012930998e+00
2.732400000000000091e+02,-4.827854601273620538e+00
2.732599999999999909e+02,-4.660806169499219109e+00
2.732800000000000296e+02,-4.363791484289263778e+00
2.733000000000000114e+02,-3.997505025677248192e+00
2.733199999999999932e+02,-3.631001215745021327e+00
2.733400000000000318e+02,-3.327685522965346365e+00
2.733600000000000136e+02,-3.133635654937172443e+00
2.733799999999999955e+02,-3.069101299417121176e+00
2.734000000000000341e+02,-3.127072089872644067e+00
2.734200000000000159e+02,-3.284262695131728194e+00
2.734399999999999977e+02,-3.517518576052264478e+00
2.734599999999999795e+02,-3.813383285671822165e+00
2.734800000000000182e+02,-4.168959999474107114e+00
2.735000000000000000e+02,-4.589022962216226631e+00
2.735199999999999818e+02,-5.083027028057595764e+00
2.735400000000000205e+02,-5.663071672156298142e+00
2.735600000000000023e+02,-6.342666745860075395e+00
2.735799999999999841e+02,-7.135849505353607292e+00
2.736000000000000227e+02,-8.056199825487015076e+00
2.736200000000000045e+02,-9.115331678753893385e+00
2.736399999999999864e+02,-1.032044628842109546e+01
2.736600000000000250e+02,-1.167053294231571670e+01
2.736800000000000068e+02,-1.315088480339419519e+01
2.736999999999999886e+02,-1.472591471005974206e+01
2.737200000000000273e+02,-1.633105228319607249e+01
2.737400000000000091e+02,-1.786601441970223192e+01
2.737599999999999909e+02,-1.919390129093640596e+01
2.737800000000000296e+02,-2.015239139963544801e+01
2.738000000000000114e+02,-2.058231664899260949e+01
2.738199999999999932e+02,-2.037192549985391921e+01
2.738400000000000318e+02,-1.950220993571058159e+01
2.738600000000000136e+02,-1.806799702729443879e+01
2.738799999999999955e+02,-1.625517250950098003e+01
2.739000000000000341e+02,-1.428043360778568882e+01
2.739200000000000159e+02,-1.232701853735096797e+01
2.739399999999999977e+02,-1.051078138425666531e+01
2.739599999999999795e+02,-8.884350727745696119e+00
2.739800000000000182e+02,-7.461087132291837065e+00
2.740000000000000000e+02,-6.237420068938451578e+00
2.740199999999999818e+02,-5.205005792219972172e+00
2.740400000000000205e+02,-4.354943754357818442e+00
2.740600000000000023e+02,-3.678635074036342267e+00
2.740799999999999841e+02,-3.167742436667039918e+00
2.741000000000000227e+02,-2.813484935653136176e+00
2.741200000000000045e+02,-2.604943430532117965e+00
2.741399999999999864e+02,-2.527418616037470755e+00
2.741600000000000250e+02,-2.563209388318821613e+00
2.741800000000000068e+02,-2.695296603586662787e+00
2.741999999999999886e+02,-2.911253759797308494e+00
2.742200000000000273e+02,-3.205036610428665167e+00
2.742400000000000091e+02,-3.576787156211468588e+00
2.742599999999999909e+02,-4.031844413427936757e+00
2.742800000000000296e+02,-4.579757351394435183e+00
2.743000000000000114e+02,-5.233516091321604335e+00
2.743199999999999932e+02,-6.008901928546013238e+00
2.743400000000000318e+02,-6.923720924182713787e+00
2.743600000000000136e+02,-7.996594796211303979e+00
2.743799999999999955e+02,-9.244872349009144230e+00
2.744000000000000341e+02,-1.068107441476226072e+01
2.744200000000000159e+02,-1.230714685053210822e+01
2.744399999999999977e+02,-1.410579583914196178e+01
2.744599999999999795e+02,-1.602863454590164594e+01
2.744800000000000182e+02,-1.798231597422187633e+01
2.745000000000000000e+02,-1.981690196917212177e+01
2.745199999999999818e+02,-2.132540505042644341e+01
2.745400000000000205e+02,-2.226734495534505243e+01
2.745600000000000023e+02,-2.242583999023083763e+01
2.745799999999999841e+02,-2.168952322539226429e+01
2.746000000000000227e+02,-2.012081195023301561e+01
2.746200000000000045e+02,-1.795754370464067762e+01
2.746399999999999864e+02,-1.552796076604448139e+01
2.746600000000000250e+02,-1.312645687235748682e+01
2.746800000000000068e+02,-1.093157474417713715e+01
2.746999999999999886e+02,-9.005487658773661863e+00
2.747200000000000273e+02,-7.343610988304626552e+00
2.747400000000000091e+02,-5.921295451261147313e+00
2.747599999999999909e+02,-4.714933931001454859e+00
2.747800000000000296e+02,-3.704762232954029066e+00
2.748000000000000114e+02,-2.872116512899544727e+00
2.748199999999999932e+02,-2.197487632034792693e+00
2.748400000000000318e+02,-1.660401286898463447e+00
2.748600000000000136e+02,-1.240344707827670812e+00
2.748799999999999955e+02,-9.179392432498677534e-01
2.749000000000000341e+02,-6.759322939355157933e-01
2.749200000000000159e+02,-4.998239507468573151e-01
2.749399999999999977e+02,-3.779209114063915020e-01
2.749599999999999795e+02,-3.004720409217430666e-01
2.749800000000000182e+02,-2.581564860119506810e-01
2.750000000000000000e+02,-2.417539965019026293e-01
2.750199999999999818e+02,-2.437207435137468958e-01
2.750400000000000205e+02,-2.593509670932027111e-01
2.750600000000000023e+02,-2.864355783558208968e-01
2.750799999999999841e+02,-3.244395151292997492e-01
2.751000000000000227e+02,-3.739171649957926946e-01
2.751200000000000045e+02,-4.362275897083470189e-01
2.751399999999999864e+02,-5.134418964556335396e-01
2.751600000000000250e+02,-6.083605084888319414e-01
2.751800000000000068e+02,-7.245990283219811978e-01
2.751999999999999886e+02,-8.667253406777678526e-01
2.752200000000000273e+02,-1.040442977983651041e+00
2.752400000000000091e+02,-1.252819387078085267e+00
2.752599999999999909e+02,-1.512557830559767780e+00
2.752800000000000296e+02,-1.830304651080105094e+00
2.753000000000000114e+02,-2.218969501234318908e+00
2.753199999999999932e+02,-2.694005931317548619e+00
2.753400000000000318e+02,-3.273543325963351958e+00
2.753600000000000136e+02,-3.978157341203798048e+00
2.753799999999999955e+02,-4.829885039992896090e+00
2.754000000000000341e+02,-5.849789344048278217e+00
2.754200000000000159e+02,-7.052929655874522474e+00
2.754399999999999977e+02,-8.439041625742301989e+00
2.754599999999999795e+02,-9.976910419661960461e+00
2.754800000000000182e+02,-1.158134045838352222e+01
2.755000000000000000e+02,-1.308601294374992818e+01
2.755199999999999818e+02,-1.422637753383603076e+01
2.755400000000000205e+02,-1.466334588248821369e+01
2.755600000000000023e+02,-1.408510139264803662e+01
2.755799999999999841e+02,-1.238410412915369818e+01
2.756000000000000227e+02,-9.805147790287014331e+00
2.756200000000000045e+02,-6.897312501434884169e+00
2.756399999999999864e+02,-4.237567980015569447e+00
2.756600000000000250e+02,-2.148697058979389674e+00
2.756800000000000068e+02,-6.559201415600660612e-01
2.756999999999999886e+02,3.649547775838259955e-01
2.757200000000000273e+02,1.059235971908344842e+00
2.757400000000000091e+02,1.550520795204097801e+00
2.757599999999999909e+02,1.934337485264332468e+00
2.757800000000000296e+02,2.275797988909225467e+00
2.758000000000000114e+02,2.609049076788795496e+00
2.758199999999999932e+02,2.944801564897275181e+00
2.758400000000000318e+02,3.283781830454290951e+00
2.758600000000000136e+02,3.627129814516797612e+00
2.758799999999999955e+02,3.980084577178905736e+00
2.759000000000000341e+02,4.351398627616431369e+00
2.759200000000000159e+02,4.751502568171003915e+00
2.759399999999999977e+02,5.190851650709166876e+00
2.759599999999999795e+02,5.678734122731881939e+00
2.759800000000000182e+02,6.222366126411162490e+00
2.760000000000000000e+02,6.826002240880614913e+00
2.760199999999999818e+02,7.489831824242432212e+00
2.760400000000000205e+02,8.208528649614068584e+00
2.760600000000000023e+02,8.969462637838399033e+00
2.760799999999999841e+02,9.750795519976565018e+00
2.761000000000000227e+02,1.051998403104171942e+01
2.761200000000000045e+02,1.123357037559200933e+01
2.761399999999999864e+02,1.183939874476665821e+01
2.761600000000000250e+02,1.228224645543343563e+01
2.761800000000000068e+02,1.251293443727087862e+01
2.761999999999999886e+02,1.249920940162306060e+01
2.762200000000000273e+02,1.223476755674808381e+01
2.762400000000000091e+02,1.174223019549513403e+01
2.762599999999999909e+02,1.106794759802285455e+01
2.762800000000000296e+02,1.027058101589571670e+01
2.763000000000000114e+02,9.408690104102124252e+00
2.763199999999999932e+02,8.532381751241164380e+00
2.763400000000000318e+02,7.680741112474025911e+00
2.763600000000000136e+02,6.883268942474396468e+00
2.763799999999999955e+02,6.162401519704890696e+00
2.764000000000000341e+02,5.535228922606422408e+00
2.764200000000000159e+02,5.014027518560241425e+00
2.764399999999999977e+02,4.606069643358741139e+00
2.764599999999999795e+02,4.313395062883148334e+00
2.764800000000000182e+02,4.133170639308763050e+00
2.765000000000000000e+02,4.058963243633944451e+00
2.765199999999999818e+02,4.082700984982523984e+00
2.765400000000000205e+02,4.196657031759333023e+00
2.765600000000000023e+02,4.394839635941288236e+00
2.765799999999999841e+02,4.673573267938342823e+00
2.766000000000000227e+02,5.031396373050752935e+00
2.766200000000000045e+02,5.468489834522615389e+00
2.766399999999999864e+02,5.985772910071816888e+00
2.766600000000000250e+02,6.583689724157792966e+00
2.766800000000000068e+02,7.260630153330711600e+00
2.766999999999999886e+02,8.010908678191732690e+00
2.767200000000000273e+02,8.822283898564359461e+00
2.767400000000000091e+02,9.673173839031525389e+00
2.767599999999999909e+02,1.053004877966985475e+01
2.767800000000000296e+02,1.134596035101323430e+01
2.768000000000000114e+02,1.206166129543365884e+01
2.768199999999999932e+02,1.261091066188338772e+01
2.768400000000000318e+02,1.293075953711110948e+01
2.768600000000000136e+02,1.297544468052612920e+01
2.768799999999999955e+02,1.272953695339882785e+01
2.769000000000000341e+02,1.221421505179184663e+01
2.769200000000000159e+02,1.148242720648910264e+01
2.769399999999999977e+02,1.060436719468676792e+01
2.769599999999999795e+02,9.650344239685249903e+00
2.769800000000000182e+02,8.678945262344145206e+00
2.770000000000000000e+02,7.733707344966138209e+00
2.770199999999999818e+02,6.845831969202783363e+00
2.770400000000000205e+02,6.038382143543992164e+00
2.770600000000000023e+02,5.329056072049501047e+00
2.770799999999999841e+02,4.731065157430690782e+00
2.771000000000000227e+02,4.252839892152335821e+00
2.771200000000000045e+02,3.897403653039127835e+00
2.771399999999999864e+02,3.662170750888242399e+00
2.771600000000000250e+02,3.539822616160805513e+00
2.771800000000000068e+02,3.520386479754597175e+00
2.771999999999999886e+02,3.593812170997424893e+00
2.772200000000000273e+02,3.752037687137232957e+00
2.772400000000000091e+02,3.990022218540987708e+00
2.772599999999999909e+02,4.305854609950370282e+00
2.772800000000000296e+02,4.700288645231267992e+00
2.773000000000000114e+02,5.175967804821599572e+00
2.773199999999999932e+02,5.736422373998615321e+00
2.773400000000000318e+02,6.384779857709027340e+00
2.773600000000000136e+02,7.122048779790180362e+00
2.773799999999999955e+02,7.944813838900588010e+00
2.774000000000000341e+02,8.842241092314363726e+00
2.774200000000000159e+02,9.792485101318328944e+00
2.774399999999999977e+02,1.075900690068868037e+01
2.774599999999999795e+02,1.168798423380979834e+01
2.774800000000000182e+02,1.250881420319366022e+01
2.775000000000000000e+02,1.314016340896456470e+01
2.775199999999999818e+02,1.350316463683995138e+01
2.775400000000000205e+02,1.354030341221030831e+01
2.775600000000000023e+02,1.323382360660322377e+01
2.775799999999999841e+02,1.261431441492503680e+01
2.776000000000000227e+02,1.175287172023770488e+01
2.776200000000000045e+02,1.073935226916002428e+01
2.776399999999999864e+02,9.658238946847800932e+00
2.776600000000000250e+02,8.574156225202841597e+00
2.776800000000000068e+02,7.530563755614809729e+00
2.776999999999999886e+02,6.556157416688781936e+00
2.777200000000000273e+02,5.671579450118388266e+00
2.777400000000000091e+02,4.892945134996359080e+00
2.777599999999999909e+02,4.232602724052616949e+00
2.777800000000000296e+02,3.698631759546389119e+00
2.778000000000000114e+02,3.293978761510235831e+00
2.778199999999999932e+02,3.015715780507383315e+00
2.778400000000000318e+02,2.855214086757478231e+00
2.778600000000000136e+02,2.800018574071968303e+00
2.778799999999999955e+02,2.837019508366495302e+00
2.779000000000000341e+02,2.955395447122011188e+00
2.779200000000000159e+02,3.148196420071903034e+00
2.779399999999999977e+02,3.412597957122026404e+00
2.779599999999999795e+02,3.749423547306908411e+00
2.779800000000000182e+02,4.162418431981585343e+00
2.780000000000000000e+02,4.657459112810985680e+00
2.780199999999999818e+02,5.241665987809224880e+00
2.780400000000000205e+02,5.922264557274199426e+00
2.780600000000000023e+02,6.704967531630160238e+00
2.780799999999999841e+02,7.591607976279759917e+00
2.781000000000000227e+02,8.576760899735385024e+00
2.781200000000000045e+02,9.643230797391026954e+00
2.781399999999999864e+02,1.075669287686832121e+01
2.781600000000000250e+02,1.186062082059727807e+01
2.781800000000000068e+02,1.287395766180876322e+01
2.781999999999999886e+02,1.369534080710786839e+01
2.782200000000000273e+02,1.421772398136636895e+01
2.782400000000000091e+02,1.435388012418305870e+01
2.782599999999999909e+02,1.406577783360202716e+01
2.782800000000000296e+02,1.338310410788268001e+01
2.783000000000000114e+02,1.239686604053295227e+01
2.783199999999999932e+02,1.122785733940702357e+01
2.783400000000000318e+02,9.987808310423533342e+00
2.783600000000000136e+02,8.755673008563404025e+00
2.783799999999999955e+02,7.577152155452457905e+00
2.784000000000000341e+02,6.477515368917988958e+00
2.784200000000000159e+02,5.473527029141326494e+00
2.784399999999999977e+02,4.578563394303922784e+00
2.784599999999999795e+02,3.802978296100647526e+00
2.784800000000000182e+02,3.153379035371157713e+00
2.785000000000000000e+02,2.632460501536167286e+00
2.785199999999999818e+02,2.239059418672847190e+00
2.785400000000000205e+02,1.967562841859044287e+00
2.785600000000000023e+02,1.807021424229751094e+00
2.785799999999999841e+02,1.741984703710356186e+00
2.786000000000000227e+02,1.756013080508036062e+00
2.786200000000000045e+02,1.835661573194176999e+00
2.786399999999999864e+02,1.972484839539162316e+00
2.786600000000000250e+02,2.163030106583761381e+00
2.786800000000000068e+02,2.408001509456738187e+00
2.786999999999999886e+02,2.711417399995212474e+00
2.787200000000000273e+02,3.080006047228179167e+00
2.787400000000000091e+02,3.522797545957081500e+00
2.787599999999999909e+02,4.050777935058429868e+00
2.787800000000000296e+02,4.676433107096265474e+00
2.788000000000000114e+02,5.412964255257154633e+00
2.788199999999999932e+02,6.272873705746198070e+00
2.788400000000000318e+02,7.265516738236216021e+00
2.788600000000000136e+02,8.393107601845718690e+00
2.788799999999999955e+02,9.644681313581136450e+00
2.789000000000000341e+02,1.098786261429513544e+01
2.789200000000000159e+02,1.235938395833747272e+01
2.789399999999999977e+02,1.365754897351840391e+01
2.789599999999999795e+02,1.474309961151220705e+01
2.789800000000000182e+02,1.545717762054647260e+01
2.790000000000000000e+02,1.566146641416197127e+01
2.790199999999999818e+02,1.529158453635207060e+01
2.790400000000000205e+02,1.439542620377274318e+01
2.790600000000000023e+02,1.312379858758689366e+01
2.790799999999999841e+02,1.166896127328807431e+01
2.791000000000000227e+02,1.018990750316869054e+01
2.791200000000000045e+02,8.775153527383736218e+00
2.791399999999999864e+02,7.456539975007531851e+00
2.791600000000000250e+02,6.243465993172248041e+00
2.791800000000000068e+02,5.144525757461682502e+00
2.791999999999999886e+02,4.170650127666123197e+00
2.792200000000000273e+02,3.330496203395066690e+00
2.792400000000000091e+02,2.626888395467292803e+00
2.792599999999999909e+02,2.056555089162908967e+00
2.792800000000000296e+02,1.612062382195089683e+00
2.793000000000000114e+02,1.284213166375995918e+00
2.793199999999999932e+02,1.063172279960097777e+00
2.793400000000000318e+02,9.370019967113607517e-01
2.793600000000000136e+02,8.893646863875424025e-01
2.793799999999999955e+02,9.014533395277823935e-01
2.794000000000000341e+02,9.577281392512141389e-01
2.794200000000000159e+02,1.049196561534264882e+00
2.794399999999999977e+02,1.172796947268080370e+00
2.794599999999999795e+02,1.329583157410103356e+00
2.794800000000000182e+02,1.523380741298004937e+00
2.795000000000000000e+02,1.760135417343657638e+00
2.795199999999999818e+02,2.047741910465177284e+00
2.795400000000000205e+02,2.396152334990537813e+00
2.795600000000000023e+02,2.817639328415031397e+00
2.795799999999999841e+02,3.327140010076343302e+00
2.796000000000000227e+02,3.942617834291703094e+00
2.796200000000000045e+02,4.685359449104404383e+00
2.796399999999999864e+02,5.580062101861812174e+00
2.796600000000000250e+02,6.654452587644864359e+00
2.796800000000000068e+02,7.937982820779068582e+00
2.796999999999999886e+02,9.458840359587501467e+00
2.797200000000000273e+02,1.123807507606894340e+01
2.797400000000000091e+02,1.327915379709930654e+01
2.797599999999999909e+02,1.555102527122792644e+01
2.797800000000000296e+02,1.796370778873130192e+01
2.798000000000000114e+02,2.033929457407967689e+01
2.798199999999999932e+02,2.239046127478439985e+01
2.798400000000000318e+02,2.373282186767546875e+01
2.798600000000000136e+02,2.396620555460399160e+01
2.798799999999999955e+02,2.283639996178285259e+01
2.799000000000000341e+02,2.041291058906781331e+01
2.799200000000000159e+02,1.713938319538214827e+01
2.799399999999999977e+02,1.365800699079929714e+01
2.799599999999999795e+02,1.050691927071433973e+01
2.799800000000000182e+02,7.930130383277657735e+00
2.800000000000000000e+02,5.918412925478256703e+00
2.800199999999999818e+02,4.362924532249895293e+00
2.800400000000000205e+02,3.160211272810521610e+00
2.800600000000000023e+02,2.237335839438104657e+00
2.800799999999999841e+02,1.541476016631341928e+00
2.801000000000000227e+02,1.026699865885407403e+00
2.801200000000000045e+02,6.487990272505148592e-01
2.801399999999999864e+02,3.686765817336498108e-01
2.801600000000000250e+02,1.571884281235043646e-01
2.801800000000000068e+02,-4.960460032757330572e-03
2.801999999999999886e+02,-1.306648614535738384e-01
2.802200000000000273e+02,-2.294195222555906466e-01
2.802400000000000091e+02,-3.088391353528659455e-01
2.802599999999999909e+02,-3.752617346075204918e-01
2.802800000000000296e+02,-4.340184592215204362e-01
2.803000000000000114e+02,-4.896409113509455069e-01
2.803199999999999932e+02,-5.460875786712229285e-01
2.803400000000000318e+02,-6.069990410656358470e-01
2.803600000000000136e+02,-6.759741720373140250e-01
2.803799999999999955e+02,-7.568596017464281900e-01
2.804000000000000341e+02,-8.540366538911255967e-01
2.804200000000000159e+02,-9.726593195003579995e-01
2.804399999999999977e+02,-1.118739428800297642e+00
2.804599999999999795e+02,-1.298874313842834027e+00
2.804800000000000182e+02,-1.519297945669511929e+00
2.805000000000000000e+02,-1.783896367211728284e+00
2.805199999999999818e+02,-2.091059207164014833e+00
2.805400000000000205e+02,-2.429962162866565745e+00
2.805600000000000023e+02,-2.778005682094976336e+00
2.805799999999999841e+02,-3.101849059546929244e+00
2.806000000000000227e+02,-3.363419603540327874e+00
2.806200000000000045e+02,-3.529207386292974480e+00
2.806399999999999864e+02,-3.578470772213711903e+00
2.806600000000000250e+02,-3.506753529479883724e+00
2.806800000000000068e+02,-3.324663176662268516e+00
2.806999999999999886e+02,-3.054100854338517745e+00
2.807200000000000273e+02,-2.723589712271473839e+00
2.807400000000000091e+02,-2.363447349661396579e+00
2.807599999999999909e+02,-2.001603371776177198e+00
2.807800000000000296e+02,-1.660824790086814051e+00
2.808000000000000114e+02,-1.357447791014218641e+00
2.808199999999999932e+02,-1.101077239637042071e+00
2.808400000000000318e+02,-8.947591659342684078e-01
2.808600000000000136e+02,-7.357992997230811127e-01
2.808799999999999955e+02,-6.176838618187899810e-01
2.809000000000000341e+02,-5.326509657860976077e-01
2.809200000000000159e+02,-4.736622219228877051e-01
2.809399999999999977e+02,-4.351832238806856989e-01
2.809599999999999795e+02,-4.131616255596629039e-01
2.809800000000000182e+02,-4.047548212190194561e-01
2.810000000000000000e+02,-4.080791076320338662e-01
2.810199999999999818e+02,-4.220427953485585415e-01
2.810400000000000205e+02,-4.462571811502545893e-01
2.810600000000000023e+02,-4.810171533203459471e-01
2.810799999999999841e+02,-5.273458495339472529e-01
2.811000000000000227e+02,-5.871168996600490964e-01
2.811200000000000045e+02,-6.632568969095227196e-01
2.811399999999999864e+02,-7.600286414523207412e-01
2.811600000000000250e+02,-8.833475807661222978e-01
2.811800000000000068e+02,-1.040990502826427244e+00
2.811999999999999886e+02,-1.242372473446047065e+00
2.812200000000000273e+02,-1.497316742288717473e+00
2.812400000000000091e+02,-1.813069682023551232e+00
2.812599999999999909e+02,-2.189136147195847926e+00
2.812800000000000296e+02,-2.610894158116204622e+00
2.813000000000000114e+02,-3.045329670996904881e+00
2.813199999999999932e+02,-3.443672790545045270e+00
2.813400000000000318e+02,-3.752954240719409640e+00
2.813600000000000136e+02,-3.931547872473091676e+00
2.813799999999999955e+02,-3.959507933061012341e+00
2.814000000000000341e+02,-3.839367291558482442e+00
2.814200000000000159e+02,-3.591260439678981342e+00
2.814399999999999977e+02,-3.247120143997220154e+00
2.814599999999999795e+02,-2.844553287783413431e+00
2.814800000000000182e+02,-2.420299164751264165e+00
2.815000000000000000e+02,-2.004908168812820080e+00
2.815199999999999818e+02,-1.620120422449626618e+00
2.815400000000000205e+02,-1.278880912047464236e+00
2.815600000000000023e+02,-9.869794959330097095e-01
2.815799999999999841e+02,-7.452793472856215073e-01
2.816000000000000227e+02,-5.518109348662355584e-01
2.816200000000000045e+02,-4.031830558819313737e-01
2.816399999999999864e+02,-2.947877985473056350e-01
2.816600000000000250e+02,-2.200188670287877291e-01
2.816800000000000068e+02,-1.704948055075543312e-01
2.816999999999999886e+02,-1.383115022210436862e-01
2.817200000000000273e+02,-1.178026295636723370e-01
2.817400000000000091e+02,-1.054366687536381769e-01
2.817599999999999909e+02,-9.905075920743659779e-02
2.817800000000000296e+02,-9.728645285583482905e-02
2.818000000000000114e+02,-9.928878839893731656e-02
2.818199999999999932e+02,-1.045511867812318335e-01
2.818400000000000318e+02,-1.128307249081407365e-01
2.818600000000000136e+02,-1.241006054079840243e-01
2.818799999999999955e+02,-1.385269024658528081e-01
2.819000000000000341e+02,-1.564654012590501464e-01
2.819200000000000159e+02,-1.784809465741266088e-01
2.819399999999999977e+02,-2.053920643543878655e-01
2.819599999999999795e+02,-2.383567228672566485e-01
2.819800000000000182e+02,-2.790168515437609909e-01
2.820000000000000000e+02,-3.297384918790852715e-01
2.820199999999999818e+02,-3.940003190477628370e-01
2.820400000000000205e+02,-4.770019854724051322e-01
2.820600000000000023e+02,-5.865607832158207247e-01
2.820799999999999841e+02,-7.342845839220775161e-01
2.821000000000000227e+02,-9.367281016550473849e-01
2.821200000000000045e+02,-1.215572171814421232e+00
2.821399999999999864e+02,-1.594747094973659962e+00
2.821600000000000250e+02,-2.091543169172779937e+00
2.821800000000000068e+02,-2.700493977502641751e+00
2.821999999999999886e+02,-3.376294309894042556e+00
2.822200000000000273e+02,-4.032386393308638795e+00
2.822400000000000091e+02,-4.569228261871733920e+00
2.822599999999999909e+02,-4.917943952582318090e+00
2.822800000000000296e+02,-5.059768042379765518e+00
2.823000000000000114e+02,-5.009869867823682377e+00
2.823199999999999932e+02,-4.802470133161545363e+00
2.823400000000000318e+02,-4.493610444218414379e+00
2.823600000000000136e+02,-4.157638925964418419e+00
2.823799999999999955e+02,-3.870012262941787906e+00
2.824000000000000341e+02,-3.688379917289970056e+00
2.824200000000000159e+02,-3.639514079641372302e+00
2.824399999999999977e+02,-3.717946680913973179e+00
2.824599999999999795e+02,-3.899584989043725969e+00
2.824800000000000182e+02,-4.160166185674219363e+00
2.825000000000000000e+02,-4.485538474320474478e+00
2.825199999999999818e+02,-4.872547843468066020e+00
2.825400000000000205e+02,-5.325917780204763474e+00
2.825600000000000023e+02,-5.854943319120442524e+00
2.825799999999999841e+02,-6.471130984834357669e+00
2.826000000000000227e+02,-7.186644132041548616e+00
2.826200000000000045e+02,-8.013081911617977227e+00
2.826399999999999864e+02,-8.960110854440911154e+00
2.826600000000000250e+02,-1.003352551268728021e+01
2.826800000000000068e+02,-1.123237478434620762e+01
2.826999999999999886e+02,-1.254489797680216512e+01
2.827200000000000273e+02,-1.394325863197665960e+01
2.827400000000000091e+02,-1.537759762210119341e+01
2.827599999999999909e+02,-1.677089073132946240e+01
2.827800000000000296e+02,-1.801746505288019051e+01
2.828000000000000114e+02,-1.898927941081803894e+01
2.828199999999999932e+02,-1.955385818719917168e+01
2.828400000000000318e+02,-1.960418013188112951e+01
2.828600000000000136e+02,-1.909323297072486625e+01
2.828799999999999955e+02,-1.805785418934561193e+01
2.829000000000000341e+02,-1.661587284247802643e+01
2.829200000000000159e+02,-1.493301981422412794e+01
2.829399999999999977e+02,-1.317516095446881152e+01
2.829599999999999795e+02,-1.147064951765655394e+01
2.829800000000000182e+02,-9.897844749383303053e+00
2.830000000000000000e+02,-8.494135688131288831e+00
2.830199999999999818e+02,-7.272517560683161797e+00
2.830400000000000205e+02,-6.234853390134924567e+00
2.830600000000000023e+02,-5.378912454123240927e+00
2.830799999999999841e+02,-4.700923344250844238e+00
2.831000000000000227e+02,-4.195805217088743433e+00
2.831200000000000045e+02,-3.856236580115597334e+00
2.831399999999999864e+02,-3.671436862328574691e+00
2.831600000000000250e+02,-3.627027121840518120e+00
2.831800000000000068e+02,-3.706999088033434031e+00
2.831999999999999886e+02,-3.897045968508969338e+00
2.832200000000000273e+02,-4.187349466914205287e+00
2.832400000000000091e+02,-4.573738298759343124e+00
2.832599999999999909e+02,-5.057471096332441185e+00
2.832800000000000296e+02,-5.644352162025668029e+00
2.833000000000000114e+02,-6.343640839028330092e+00
2.833199999999999932e+02,-7.166850614790154061e+00
2.833400000000000318e+02,-8.126282655243885600e+00
2.833600000000000136e+02,-9.232986802165559226e+00
2.833799999999999955e+02,-1.049374085037334403e+01
2.834000000000000341e+02,-1.190658707966344032e+01
2.834200000000000159e+02,-1.345453794002178149e+01
2.834399999999999977e+02,-1.509743831479417331e+01
2.834599999999999795e+02,-1.676292882090283243e+01
2.834800000000000182e+02,-1.833926785782097824e+01
2.835000000000000000e+02,-1.967531196597959919e+01
2.835199999999999818e+02,-2.059492225857128034e+01
2.835400000000000205e+02,-2.093133458173005224e+01
2.835600000000000023e+02,-2.057794415696653445e+01
2.835799999999999841e+02,-1.953646304932733813e+01
2.836000000000000227e+02,-1.793280861334909559e+01
2.836200000000000045e+02,-1.598188364415580587e+01
2.836399999999999864e+02,-1.391534461343466056e+01
2.836600000000000250e+02,-1.191428880830609138e+01
2.836800000000000068e+02,-1.008202690716741579e+01
2.836999999999999886e+02,-8.457562748510447648e+00
2.837200000000000273e+02,-7.044687903389181827e+00
2.837400000000000091e+02,-5.834472257645336946e+00
2.837599999999999909e+02,-4.815541980611319772e+00
2.837800000000000296e+02,-3.976759777679527819e+00
2.838000000000000114e+02,-3.307507816200128126e+00
2.838199999999999932e+02,-2.797797551330398313e+00
2.838400000000000318e+02,-2.438049366159885878e+00
2.838600000000000136e+02,-2.217655113425519353e+00
2.838799999999999955e+02,-2.122756436374673150e+00
2.839000000000000341e+02,-2.135921870251597188e+00
2.839200000000000159e+02,-2.239421004512034408e+00
2.839399999999999977e+02,-2.419622552994144193e+00
2.839599999999999795e+02,-2.669289546438593508e+00
2.839800000000000182e+02,-2.987508323506163244e+00
2.840000000000000000e+02,-3.378639250126964200e+00
2.840199999999999818e+02,-3.851295433252260203e+00
2.840400000000000205e+02,-4.417644989777607556e+00
2.840600000000000023e+02,-5.092965866164322009e+00
2.840799999999999841e+02,-5.895257137388424162e+00
2.841000000000000227e+02,-6.844650151967004881e+00
2.841200000000000045e+02,-7.962281142616721041e+00
2.841399999999999864e+02,-9.268150494020373387e+00
2.841600000000000250e+02,-1.077730022295254741e+01
2.841800000000000068e+02,-1.249344465975951124e+01
2.841999999999999886e+02,-1.439914108550214422e+01
2.842200000000000273e+02,-1.644206951298854591e+01
2.842400000000000091e+02,-1.851868917904305789e+01
2.842599999999999909e+02,-2.046031842989072658e+01
2.842800000000000296e+02,-2.203261638612937645e+01
2.843000000000000114e+02,-2.296447150375388091e+01
2.843199999999999932e+02,-2.301785713010280077e+01
2.843400000000000318e+02,-2.208616113516936252e+01
2.843600000000000136e+02,-2.027041001279687649e+01
2.843799999999999955e+02,-1.786806160554920098e+01
2.844000000000000341e+02,-1.525805658429430878e+01
2.844200000000000159e+02,-1.275237670955486990e+01
2.844399999999999977e+02,-1.051524193322264722e+01
2.844599999999999795e+02,-8.583249154129422465e+00
2.844800000000000182e+02,-6.932908373297756555e+00
2.845000000000000000e+02,-5.531376787769309189e+00
2.845199999999999818e+02,-4.353464568260603684e+00
2.845400000000000205e+02,-3.380315678456291550e+00
2.845600000000000023e+02,-2.595051268300766711e+00
2.845799999999999841e+02,-1.980798942415870068e+00
2.846000000000000227e+02,-1.520630382111407108e+00
2.846200000000000045e+02,-1.197193539277755070e+00
2.846399999999999864e+02,-9.906221453351835571e-01
2.846600000000000250e+02,-8.770364031791417769e-01
2.846800000000000068e+02,-8.319221322325496271e-01
2.846999999999999886e+02,-8.360083826119404371e-01
2.847200000000000273e+02,-8.775713323931314536e-01
2.847400000000000091e+02,-9.510578290569891013e-01
2.847599999999999909e+02,-1.054998719984167721e+00
2.847800000000000296e+02,-1.190590928846078089e+00
2.848000000000000114e+02,-1.360978376943317469e+00
2.848199999999999932e+02,-1.570968835836779043e+00
2.848400000000000318e+02,-1.826982322824871829e+00
2.848600000000000136e+02,-2.137108188585278512e+00
2.848799999999999955e+02,-2.511186109036191105e+00
2.849000000000000341e+02,-2.960830025214730821e+00
2.849200000000000159e+02,-3.499279309187446341e+00
2.849399999999999977e+02,-4.140892825820383649e+00
2.849599999999999795e+02,-4.899979934821782734e+00
2.849800000000000182e+02,-5.788486523498534098e+00
2.850000000000000000e+02,-6.811827838702631865e+00
2.850199999999999818e+02,-7.961968481326838543e+00
2.850400000000000205e+02,-9.206945324763537997e+00
2.850600000000000023e+02,-1.047699672209954613e+01
2.850799999999999841e+02,-1.165029761797297247e+01
2.851000000000000227e+02,-1.254688266289796950e+01
2.851200000000000045e+02,-1.294627247151422011e+01
2.851399999999999864e+02,-1.264503174679892261e+01
2.851600000000000250e+02,-1.155113906740733754e+01
2.851800000000000068e+02,-9.769169280695736646e+00
2.851999999999999886e+02,-7.600226450758789554e+00
2.852200000000000273e+02,-5.424181804092912174e+00
2.852400000000000091e+02,-3.537790089699246021e+00
2.852599999999999909e+02,-2.069387380592100811e+00
2.852800000000000296e+02,-1.007340741694661368e+00
2.853000000000000114e+02,-2.750808401339369658e-01
2.853199999999999932e+02,2.150323072595476948e-01
2.853400000000000318e+02,5.401874831730496540e-01
2.853600000000000136e+02,7.630085881513885004e-01
2.853799999999999955e+02,9.330690382408625139e-01
2.854000000000000341e+02,1.087942641785574205e+00
2.854200000000000159e+02,1.251486461016784402e+00
2.854399999999999977e+02,1.433014653132343108e+00
2.854599999999999795e+02,1.632446162968435921e+00
2.854800000000000182e+02,1.848259415455646870e+00
2.855000000000000000e+02,2.082067578412751363e+00
2.855199999999999818e+02,2.339179677962762494e+00
2.855400000000000205e+02,2.627552128978377866e+00
2.855600000000000023e+02,2.956739257503892659e+00
2.855799999999999841e+02,3.337272286390428278e+00
2.856000000000000227e+02,3.780373199545380203e+00
2.856200000000000045e+02,4.297784778655298510e+00
2.856399999999999864e+02,4.901488621286417491e+00
2.856600000000000250e+02,5.603086827830511041e+00
2.856800000000000068e+02,6.412583969047526367e+00
2.856999999999999886e+02,7.336261875521620013e+00
2.857200000000000273e+02,8.373298763665331990e+00
2.857400000000000091e+02,9.510859769189746515e+00
2.857599999999999909e+02,1.071774082369116421e+01
2.857800000000000296e+02,1.193753671395022131e+01
2.858000000000000114e+02,1.308392652985125792e+01
2.858199999999999932e+02,1.404274128701798574e+01
2.858400000000000318e+02,1.468650018367344501e+01
2.858600000000000136e+02,1.490411212120265461e+01
2.858799999999999955e+02,1.463912585005716771e+01
2.859000000000000341e+02,1.391788877255269163e+01
2.859200000000000159e+02,1.284631338841292347e+01
2.859399999999999977e+02,1.157083093663944418e+01
2.859599999999999795e+02,1.022605215636708031e+01
2.859800000000000182e+02,8.901975966525442985e+00
2.860000000000000000e+02,7.644385297717993133e+00
2.860199999999999818e+02,6.474243494847312874e+00
2.860400000000000205e+02,5.404597846042749509e+00
2.860600000000000023e+02,4.446588635558767599e+00
2.860799999999999841e+02,3.608539673569590267e+00
2.861000000000000227e+02,2.894047577555554085e+00
2.861200000000000045e+02,2.301722781881603286e+00
2.861399999999999864e+02,1.826534506275240721e+00
2.861600000000000250e+02,1.461682718375623136e+00
2.861800000000000068e+02,1.199646960015264607e+00
2.861999999999999886e+02,1.031291128136025748e+00
2.862200000000000273e+02,9.438750579673020891e-01
2.862400000000000091e+02,9.215411800841527556e-01
2.862599999999999909e+02,9.493478364488503463e-01
2.862800000000000296e+02,1.016828742784455564e+00
2.863000000000000114e+02,1.118628942643432600e+00
2.863199999999999932e+02,1.253501186063792794e+00
2.863400000000000318e+02,1.423207680694421606e+00
2.863600000000000136e+02,1.631826005772767152e+00
2.863799999999999955e+02,1.885429663970488168e+00
2.864000000000000341e+02,2.192014445454830263e+00
2.864200000000000159e+02,2.561563330621220658e+00
2.864399999999999977e+02,3.006165110412275965e+00
2.864599999999999795e+02,3.540098875771331866e+00
2.864800000000000182e+02,4.179760805690666992e+00
2.865000000000000000e+02,4.943236804415970909e+00
2.865199999999999818e+02,5.849197111782348912e+00
2.865400000000000205e+02,6.914601160672313007e+00
2.865600000000000023e+02,8.150462773525134708e+00
2.865799999999999841e+02,9.554726610798821795e+00
2.866000000000000227e+02,1.110142457199759924e+01
2.866200000000000045e+02,1.272633351902863197e+01
2.866399999999999864e+02,1.431234331087970446e+01
2.866600000000000250e+02,1.568336392596359019e+01
2.866800000000000068e+02,1.662190056645335190e+01
2.866999999999999886e+02,1.692429259124694951e+01
2.867200000000000273e+02,1.648675948344549269e+01
2.867400000000000091e+02,1.537658580865491764e+01
2.867599999999999909e+02,1.382384747756851162e+01
2.867800000000000296e+02,1.211617585884388149e+01
2.868000000000000114e+02,1.046777074219480141e+01
2.868199999999999932e+02,8.964815957947937619e+00
2.868400000000000318e+02,7.610571834031339300e+00
2.868600000000000136e+02,6.396720801921739863e+00
2.868799999999999955e+02,5.334965779934326413e+00
2.869000000000000341e+02,4.451287349156014983e+00
2.869200000000000159e+02,3.770492621963670743e+00
2.869399999999999977e+02,3.303550714627514040e+00
2.869599999999999795e+02,3.039227934294073563e+00
2.869800000000000182e+02,2.945080276271977215e+00
2.870000000000000000e+02,2.980954720340633912e+00
2.870199999999999818e+02,3.114296489368151288e+00
2.870400000000000205e+02,3.326247931309341599e+00
2.870600000000000023e+02,3.609925431204641821e+00
2.870799999999999841e+02,3.966585691874221276e+00
2.871000000000000227e+02,4.402575223868464782e+00
2.871200000000000045e+02,4.927478222087083637e+00
2.871399999999999864e+02,5.553062563978617305e+00
2.871600000000000250e+02,6.292538630506195219e+00
2.871800000000000068e+02,7.159709856755147150e+00
2.871999999999999886e+02,8.167622759285272593e+00
2.872200000000000273e+02,9.326300882433036676e+00
2.872400000000000091e+02,1.063908452754030876e+01
2.872599999999999909e+02,1.209708539353581003e+01
2.872800000000000296e+02,1.367144313095351116e+01
2.873000000000000114e+02,1.530372112621922653e+01
2.873199999999999932e+02,1.689627268457429921e+01
2.873400000000000318e+02,1.830698618451610571e+01
2.873600000000000136e+02,1.935589259522169669e+01
2.873799999999999955e+02,1.985218074500587093e+01
2.874000000000000341e+02,1.964458388839145897e+01
2.874200000000000159e+02,1.868267339731682597e+01
2.874399999999999977e+02,1.705783095004883521e+01
2.874599999999999795e+02,1.499017733486657988e+01
2.874800000000000182e+02,1.275688798787621003e+01
2.875000000000000000e+02,1.060084795032228833e+01
2.875199999999999818e+02,8.673105057414682406e+00
2.875400000000000205e+02,7.030865595040795668e+00
2.875600000000000023e+02,5.670255092037303157e+00
2.875799999999999841e+02,4.561217441134179928e+00
2.876000000000000227e+02,3.668483410154439017e+00
2.876200000000000045e+02,2.959811254136784697e+00
2.876399999999999864e+02,2.407917999916413088e+00
2.876600000000000250e+02,1.990548313621741672e+00
2.876800000000000068e+02,1.690342463460541067e+00
2.876999999999999886e+02,1.494481711920771172e+00
2.877200000000000273e+02,1.393299104569858615e+00
2.877400000000000091e+02,1.377511015026243069e+00
2.877599999999999909e+02,1.436000162698432669e+00
2.877800000000000296e+02,1.556913083881187987e+00
2.878000000000000114e+02,1.731064839928856625e+00
2.878199999999999932e+02,1.954223957409363388e+00
2.878400000000000318e+02,2.227270300579581974e+00
2.878600000000000136e+02,2.555360224344479292e+00
2.878799999999999955e+02,2.947105899974399534e+00
2.879000000000000341e+02,3.414088209911512628e+00
2.879200000000000159e+02,3.970659254920085424e+00
2.879399999999999977e+02,4.633885314382267140e+00
2.879599999999999795e+02,5.423445157066864475e+00
2.879800000000000182e+02,6.361257639769184458e+00
2.880000000000000000e+02,7.470500344417598804e+00
2.880199999999999818e+02,8.773519553814608685e+00
2.880400000000000205e+02,1.028787356432667366e+01
2.880600000000000023e+02,1.201947100385700828e+01
2.880799999999999841e+02,1.395160866446196835e+01
2.881000000000000227e+02,1.602911862675574284e+01
2.881200000000000045e+02,1.813867970377096128e+01
2.881399999999999864e+02,2.009088307889706115e+01
2.881600000000000250e+02,2.161739680785818152e+01
2.881800000000000068e+02,2.240416036920271381e+01
2.881999999999999886e+02,2.217758427879667948e+01
2.882200000000000273e+02,2.082973525706161766e+01
2.882400000000000091e+02,1.851537624751478717e+01
2.882599999999999909e+02,1.563117337849508637e+01
2.882800000000000296e+02,1.265669737594377331e+01
2.883000000000000114e+02,9.959518917251191539e+00
2.883199999999999932e+02,7.702683764397656674e+00
2.883400000000000318e+02,5.887127607500342030e+00
2.883600000000000136e+02,4.445446801621967481e+00
2.883799999999999955e+02,3.305358898975531812e+00
2.884000000000000341e+02,2.409876225505360292e+00
2.884200000000000159e+02,1.716224785311229573e+00
2.884399999999999977e+02,1.190328691714814591e+00
2.884599999999999795e+02,8.019944566227046323e-01
2.884800000000000182e+02,5.216112158623869011e-01
2.885000000000000000e+02,3.201744190206614604e-01
2.885199999999999818e+02,1.730706885564901043e-01
2.885400000000000205e+02,6.298355661434948405e-02
2.885600000000000023e+02,-2.113192972443106790e-02
2.885799999999999841e+02,-8.661291443900803744e-02
2.886000000000000227e+02,-1.388570217426998432e-01
2.886200000000000045e+02,-1.821301379566062362e-01
2.886399999999999864e+02,-2.199073085226464497e-01
2.886600000000000250e+02,-2.550648770811594357e-01
2.886800000000000068e+02,-2.900452879179968857e-01
2.886999999999999886e+02,-3.270220776458082623e-01
2.887200000000000273e+02,-3.680769112678121679e-01
2.887400000000000091e+02,-4.153944646907893889e-01
2.887599999999999909e+02,-4.714921803912272003e-01
2.887800000000000296e+02,-5.395083243835450126e-01
2.888000000000000114e+02,-6.235690987806976615e-01
2.888199999999999932e+02,-7.292434593786849550e-01
2.888400000000000318e+02,-8.640338996023753104e-01
2.888600000000000136e+02,-1.037715414905105771e+00
2.888799999999999955e+02,-1.262072000429821816e+00
2.889000000000000341e+02,-1.549215975973810888e+00
2.889200000000000159e+02,-1.907461422394292505e+00
2.889399999999999977e+02,-2.334328210871863263e+00
2.889599999999999795e+02,-2.808496226831060483e+00
2.889800000000000182e+02,-3.285946863050235311e+00
2.890000000000000000e+02,-3.706553017999528077e+00
2.890199999999999818e+02,-4.011470258156551338e+00
2.890400000000000205e+02,-4.161547642718865347e+00
2.890600000000000023e+02,-4.144958589380030922e+00
2.890799999999999841e+02,-3.973407256427680334e+00
2.891000000000000227e+02,-3.675321535175337218e+00
2.891200000000000045e+02,-3.289913745622628838e+00
2.891399999999999864e+02,-2.860286362387241432e+00
2.891600000000000250e+02,-2.425976065882559762e+00
2.891800000000000068e+02,-2.017790551808344546e+00
2.891999999999999886e+02,-1.656286592884874009e+00
2.892200000000000273e+02,-1.353090639828932185e+00
2.892400000000000091e+02,-1.113581323985210814e+00
2.892599999999999909e+02,-9.396317266199336604e-01
2.892800000000000296e+02,-8.311259167829211369e-01
2.893000000000000114e+02,-7.850562168045768230e-01
2.893199999999999932e+02,-7.934887038296767336e-01
2.893400000000000318e+02,-8.449641209069940206e-01
2.893600000000000136e+02,-9.295127293634515286e-01
2.893799999999999955e+02,-1.041918719129943938e+00
2.894000000000000341e+02,-1.181617438606503701e+00
2.894200000000000159e+02,-1.351376874008240359e+00
2.894399999999999977e+02,-1.556265503103293923e+00
2.894599999999999795e+02,-1.803179137529329346e+00
2.894800000000000182e+02,-2.100779282835748774e+00
2.895000000000000000e+02,-2.459677235648221938e+00
2.895199999999999818e+02,-2.892756840760081882e+00
2.895400000000000205e+02,-3.415570333248050705e+00
2.895600000000000023e+02,-4.046751820878634831e+00
2.895799999999999841e+02,-4.808371325284646502e+00
2.896000000000000227e+02,-5.726093019697532149e+00
2.896200000000000045e+02,-6.828888564677309425e+00
2.896399999999999864e+02,-8.147865789280947624e+00
2.896600000000000250e+02,-9.713467765426900158e+00
2.896800000000000068e+02,-1.154986537793854673e+01
2.896999999999999886e+02,-1.366486316180612626e+01
2.897200000000000273e+02,-1.603336988614584868e+01
2.897400000000000091e+02,-1.857329948969588784e+01
2.897599999999999909e+02,-2.111641774983700515e+01
2.897800000000000296e+02,-2.338547868542048391e+01
2.898000000000000114e+02,-2.500299656951392535e+01
2.898199999999999932e+02,-2.556626669073762415e+01
2.898400000000000318e+02,-2.480205578436482483e+01
2.898600000000000136e+02,-2.274207972728420657e+01
2.898799999999999955e+02,-1.978209811909015059e+01
2.899000000000000341e+02,-1.652387635455424686e+01
2.899200000000000159e+02,-1.348520513455472170e+01
2.899399999999999977e+02,-1.090809932803062665e+01
2.899599999999999795e+02,-8.794430152574374659e+00
2.899800000000000182e+02,-7.061005341193106410e+00
2.900000000000000000e+02,-5.643934519169039099e+00
2.900199999999999818e+02,-4.515056589082247385e+00
2.900400000000000205e+02,-3.660747583556062779e+00
2.900600000000000023e+02,-3.060448902007324001e+00
2.900799999999999841e+02,-2.677091417834074782e+00
2.901000000000000227e+02,-2.462891170423874954e+00
2.901200000000000045e+02,-2.373505969874160293e+00
2.901399999999999864e+02,-2.377200786099124663e+00
2.901600000000000250e+02,-2.455208675418715902e+00
2.901800000000000068e+02,-2.598149901587945010e+00
2.901999999999999886e+02,-2.802558808312134886e+00
2.902200000000000273e+02,-3.068575706834888006e+00
2.902400000000000091e+02,-3.398548006795611087e+00
2.902599999999999909e+02,-3.796086845686737377e+00
2.902800000000000296e+02,-4.265209197808265351e+00
2.903000000000000114e+02,-4.809280417213199321e+00
2.903199999999999932e+02,-5.429502967114638423e+00
2.903400000000000318e+02,-6.122723906720580977e+00
2.903600000000000136e+02,-6.878374127753321687e+00
2.903799999999999955e+02,-7.674526888273186742e+00
2.904000000000000341e+02,-8.473469840109878248e+00
2.904200000000000159e+02,-9.217970851619591954e+00
2.904399999999999977e+02,-9.830578479654047186e+00
2.904599999999999795e+02,-1.021939795176924726e+01
2.904800000000000182e+02,-1.029360718980681710e+01
2.905000000000000000e+02,-9.988722256858807214e+00
2.905199999999999818e+02,-9.294643362741656034e+00
2.905400000000000205e+02,-8.272269307364412683e+00
2.905600000000000023e+02,-7.044840290412349937e+00
2.905799999999999841e+02,-5.763136762615077124e+00
2.906000000000000227e+02,-4.561512873484978137e+00
2.906200000000000045e+02,-3.527767749478294412e+00
2.906399999999999864e+02,-2.697705644031979322e+00
2.906600000000000250e+02,-2.067939523153291326e+00
2.906800000000000068e+02,-1.613724151937981466e+00
2.906999999999999886e+02,-1.303077304759749477e+00
2.907200000000000273e+02,-1.105130162440058461e+00
2.907400000000000091e+02,-9.940456117986895546e-01
2.907599999999999909e+02,-9.503039823675328845e-01
2.907800000000000296e+02,-9.605074399046454880e-01
2.908000000000000114e+02,-1.016184547526934434e+00
2.908199999999999932e+02,-1.111970958505465124e+00
2.908400000000000318e+02,-1.244039096576088577e+00
2.908600000000000136e+02,-1.409673168067947291e+00
2.908799999999999955e+02,-1.607816262031365850e+00
2.909000000000000341e+02,-1.839660055108822689e+00
2.909200000000000159e+02,-2.108757567354334839e+00
2.909399999999999977e+02,-2.420755528340128304e+00
2.909599999999999795e+02,-2.782990186777444919e+00
2.909800000000000182e+02,-3.204054659278563033e+00
2.910000000000000000e+02,-3.693294615266851100e+00
2.910199999999999818e+02,-4.260084298693827876e+00
2.910400000000000205e+02,-4.912658894052937875e+00
2.910600000000000023e+02,-5.656200681226144944e+00
2.910799999999999841e+02,-6.489816447539493716e+00
2.911000000000000227e+02,-7.402048716177820786e+00
2.911200000000000045e+02,-8.364791065836763906e+00
2.911399999999999864e+02,-9.326166345711291328e+00
2.911600000000000250e+02,-1.020440140796122108e+01
2.911800000000000068e+02,-1.088704622389456134e+01
2.911999999999999886e+02,-1.124210567698555252e+01
2.912200000000000273e+02,-1.114691394608303376e+01
2.912400000000000091e+02,-1.053276085576049503e+01
2.912599999999999909e+02,-9.428002379996664573e+00
2.912800000000000296e+02,-7.970427708349777873e+00
2.913000000000000114e+02,-6.369607375637108326e+00
2.913199999999999932e+02,-4.834447915161209863e+00
2.913400000000000318e+02,-3.509874895368802594e+00
2.913600000000000136e+02,-2.456459823819021171e+00
2.913799999999999955e+02,-1.669286801546560284e+00
2.914000000000000341e+02,-1.109460582260443529e+00
2.914200000000000159e+02,-7.283428631234833972e-01
2.914399999999999977e+02,-4.803279369112529174e-01
2.914599999999999795e+02,-3.276729096056145152e-01
2.914800000000000182e+02,-2.412945804187386079e-01
2.915000000000000000e+02,-1.999031794632865622e-01
2.915199999999999818e+02,-1.886651350272122163e-01
2.915400000000000205e+02,-1.979666001559081401e-01
2.915600000000000023e+02,-2.225026809483233725e-01
2.915799999999999841e+02,-2.604842382950426360e-01
2.916000000000000227e+02,-3.122046842028575742e-01
2.916200000000000045e+02,-3.778914186404231379e-01
2.916399999999999864e+02,-4.567717011929337545e-01
2.916600000000000250e+02,-5.481749069331567359e-01
2.916800000000000068e+02,-6.527687010973646231e-01
2.916999999999999886e+02,-7.728360978049811925e-01
2.917200000000000273e+02,-9.120447275777201490e-01
2.917400000000000091e+02,-1.075220707709573675e+00
2.917599999999999909e+02,-1.268280985920819504e+00
2.917800000000000296e+02,-1.498307424849968372e+00
2.918000000000000114e+02,-1.773710650147858336e+00
2.918199999999999932e+02,-2.104437153529012505e+00
2.918400000000000318e+02,-2.502164545728906120e+00
2.918600000000000136e+02,-2.980414056624978603e+00
2.918799999999999955e+02,-3.554453969270899183e+00
2.919000000000000341e+02,-4.240777565190112952e+00
2.919200000000000159e+02,-5.055791517312809624e+00
2.919399999999999977e+02,-6.013115726404729244e+00
2.919599999999999795e+02,-7.118613810834148126e+00
2.919800000000000182e+02,-8.362013489109850539e+00
2.920000000000000000e+02,-9.704115121219949458e+00
2.920199999999999818e+02,-1.105991707284195336e+01
2.920400000000000205e+02,-1.228189901350959623e+01
2.920600000000000023e+02,-1.315529242790300835e+01
2.920799999999999841e+02,-1.342590726817311086e+01
2.921000000000000227e+02,-1.287927577195501705e+01
2.921200000000000045e+02,-1.145869465192136794e+01
2.921399999999999864e+02,-9.351676601003012124e+00
2.921600000000000250e+02,-6.950898195116915090e+00
2.921800000000000068e+02,-4.680431263576441125e+00
2.921999999999999886e+02,-2.813911442547352593e+00
2.922200000000000273e+02,-1.422636923880226556e+00
2.922400000000000091e+02,-4.474050026506508071e-01
2.922599999999999909e+02,2.128655631535134318e-01
2.922800000000000296e+02,6.554561713955981972e-01
2.923000000000000114e+02,9.615109034330664439e-01
2.923199999999999932e+02,1.195491729522379032e+00
2.923400000000000318e+02,1.405146503728365914e+00
2.923600000000000136e+02,1.619350526064414764e+00
2.923799999999999955e+02,1.848825501971532503e+00
2.924000000000000341e+02,2.093810637187997425e+00
2.924200000000000159e+02,2.353364488469751770e+00
2.924399999999999977e+02,2.630098833129221436e+00
2.924599999999999795e+02,2.930535119924992049e+00
2.924800000000000182e+02,3.263820181534744069e+00
2.925000000000000000e+02,3.640460331541945926e+00
2.925199999999999818e+02,4.071498590616736912e+00
2.925400000000000205e+02,4.568014519752291669e+00
2.925600000000000023e+02,5.140687971335287543e+00
2.925799999999999841e+02,5.799156461911575633e+00
2.926000000000000227e+02,6.550909009399506822e+00
2.926200000000000045e+02,7.399456555342724506e+00
2.926399999999999864e+02,8.341549560116563455e+00
2.926600000000000250e+02,9.363323684406770653e+00
2.926800000000000068e+02,1.043558438245854525e+01
2.926999999999999886e+02,1.150912257202362809e+01
2.927200000000000273e+02,1.251205553925465352e+01
2.927400000000000091e+02,1.335240976366609544e+01
2.927599999999999909e+02,1.392948903381625492e+01
2.927800000000000296e+02,1.415528690630485364e+01
2.928000000000000114e+02,1.398127236668492657e+01
2.928199999999999932e+02,1.341869842524942946e+01
2.928400000000000318e+02,1.253896275909967883e+01
2.928600000000000136e+02,1.145014348295510409e+01
2.928799999999999955e+02,1.026190002483632924e+01
2.929000000000000341e+02,9.058961686646560096e+00
2.929200000000000159e+02,7.894707248017083678e+00
2.929399999999999977e+02,6.799960240327537875e+00
2.929599999999999795e+02,5.794473746341458842e+00
2.929800000000000182e+02,4.893412738729887579e+00
2.930000000000000000e+02,4.108860538227831150e+00
2.930199999999999818e+02,3.449375617332848698e+00
2.930400000000000205e+02,2.919520383498487970e+00
2.930600000000000023e+02,2.519469417642320686e+00
2.930799999999999841e+02,2.244248368922971526e+00
2.931000000000000227e+02,2.083192373620631255e+00
2.931200000000000045e+02,2.021297541499568862e+00
2.931399999999999864e+02,2.042805839069624874e+00
2.931600000000000250e+02,2.134899679997671385e+00
2.931800000000000068e+02,2.289547463847617426e+00
2.931999999999999886e+02,2.503557994450672286e+00
2.932200000000000273e+02,2.777851490781703792e+00
2.932400000000000091e+02,3.116661747754115197e+00
2.932599999999999909e+02,3.526898567176060872e+00
2.932800000000000296e+02,4.017632163234302389e+00
2.933000000000000114e+02,4.599556792588193943e+00
2.933199999999999932e+02,5.284233153975490538e+00
2.933400000000000318e+02,6.082850266874626932e+00
2.933600000000000136e+02,7.004163768563103076e+00
2.933799999999999955e+02,8.051190101564831281e+00
2.934000000000000341e+02,9.216230256773481955e+00
2.934200000000000159e+02,1.047403590565639142e+01
2.934399999999999977e+02,1.177369868443268786e+01
2.934599999999999795e+02,1.303148673795268664e+01
2.934800000000000182e+02,1.412937919144309795e+01
2.935000000000000000e+02,1.492626087082052244e+01
2.935199999999999818e+02,1.528734310161178733e+01
2.935400000000000205e+02,1.512832639078545682e+01
2.935600000000000023e+02,1.445530826382201894e+01
2.935799999999999841e+02,1.337239064973013569e+01
2.936000000000000227e+02,1.204330453035885817e+01
2.936200000000000045e+02,1.062758550337842323e+01
2.936399999999999864e+02,9.233557644847417478e+00
2.936600000000000250e+02,7.913239364552675070e+00
2.936800000000000068e+02,6.686185321452098762e+00
2.936999999999999886e+02,5.562924585264182653e+00
2.937200000000000273e+02,4.553776220599097257e+00
2.937400000000000091e+02,3.667367854513456482e+00
2.937599999999999909e+02,2.907230936441062230e+00
2.937800000000000296e+02,2.270448556346866820e+00
2.938000000000000114e+02,1.748471434379106126e+00
2.938199999999999932e+02,1.328991543060344283e+00
2.938400000000000318e+02,9.979451167872090966e-01
2.938600000000000136e+02,7.411889742087810484e-01
2.938799999999999955e+02,5.457440998518127140e-01
2.939000000000000341e+02,4.006726185818759722e-01
2.939200000000000159e+02,2.976257361101610210e-01
2.939399999999999977e+02,2.307078562661039056e-01
2.939599999999999795e+02,1.947952807486133531e-01
2.939800000000000182e+02,1.832264977070555689e-01
2.940000000000000000e+02,1.886103682711154639e-01
2.940199999999999818e+02,2.056222428804822810e-01
2.940400000000000205e+02,2.316866484336466137e-01
2.940600000000000023e+02,2.661354686596257846e-01
2.940799999999999841e+02,3.094378462708933797e-01
2.941000000000000227e+02,3.628113025865146724e-01
2.941200000000000045e+02,4.280809459898166636e-01
2.941399999999999864e+02,5.076703717229913426e-01
2.941600000000000250e+02,6.046670966306361139e-01
2.941800000000000068e+02,7.229402095016076446e-01
2.941999999999999886e+02,8.673025859319416497e-01
2.942200000000000273e+02,1.043719568957187205e+00
2.942400000000000091e+02,1.259566888936902052e+00
2.942599999999999909e+02,1.523942140122100719e+00
2.942800000000000296e+02,1.848030470736060860e+00
2.943000000000000114e+02,2.245515563897838796e+00
2.943199999999999932e+02,2.733007720610363567e+00
2.943400000000000318e+02,3.330420279166375952e+00
2.943600000000000136e+02,4.061150096245818020e+00
2.943799999999999955e+02,4.951778598092129613e+00
2.944000000000000341e+02,6.030768886696985298e+00
2.944200000000000159e+02,7.325242217898570551e+00
2.944399999999999977e+02,8.854362781253975356e+00
2.944599999999999795e+02,1.061727758849414371e+01
2.944800000000000182e+02,1.257356203055544164e+01
2.945000000000000000e+02,1.461631262629529004e+01
2.945199999999999818e+02,1.654531008603204256e+01
2.945400000000000205e+02,1.806214560305964412e+01
2.945600000000000023e+02,1.882382967343128044e+01
2.945799999999999841e+02,1.857867628645596270e+01
2.946000000000000227e+02,1.733642446088286349e+01
2.946200000000000045e+02,1.543252264165133880e+01
2.946399999999999864e+02,1.337267159004929518e+01
2.946600000000000250e+02,1.154174791776682696e+01
2.946800000000000068e+02,1.003826544585782976e+01
2.946999999999999886e+02,8.782924433856878821e+00
2.947200000000000273e+02,7.713396932045448295e+00
2.947400000000000091e+02,6.842109902538884292e+00
2.947599999999999909e+02,6.206628556559084409e+00
2.947800000000000296e+02,5.818251561641996972e+00
2.948000000000000114e+02,5.649621733166584114e+00
2.948199999999999932e+02,5.653509791912465943e+00
2.948400000000000318e+02,5.786345867283448463e+00
2.948600000000000136e+02,6.019254706803444321e+00
2.948799999999999955e+02,6.337696257840327085e+00
2.949000000000000341e+02,6.736897746547051646e+00
2.949200000000000159e+02,7.217361328674693155e+00
2.949399999999999977e+02,7.781559286129311914e+00
2.949599999999999795e+02,8.431598643898549739e+00
2.949800000000000182e+02,9.167355566890941887e+00
2.950000000000000000e+02,9.984651158538030202e+00
2.950199999999999818e+02,1.087319889311202026e+01
2.950400000000000205e+02,1.181425439930670684e+01
2.950600000000000023e+02,1.277815956992073154e+01
2.950799999999999841e+02,1.372232647301736463e+01
2.951000000000000227e+02,1.459063118310341167e+01
2.951200000000000045e+02,1.531555544553206794e+01
2.951399999999999864e+02,1.582442333083917418e+01
2.951600000000000250e+02,1.605029561034204733e+01
2.951800000000000068e+02,1.594623171955012175e+01
2.951999999999999886e+02,1.549909969966191170e+01
2.952200000000000273e+02,1.473736487242172721e+01
2.952400000000000091e+02,1.372823622881545447e+01
2.952599999999999909e+02,1.256382805064516361e+01
2.952800000000000296e+02,1.134143501845181135e+01
2.953000000000000114e+02,1.014577556042253192e+01
2.953199999999999932e+02,9.039054960953496476e+00
2.953400000000000318e+02,8.059797887026764585e+00
2.953600000000000136e+02,7.227416860875985449e+00
2.953799999999999955e+02,6.548525417511265267e+00
2.954000000000000341e+02,6.022311645036335648e+00
2.954200000000000159e+02,5.644034548234560411e+00
2.954399999999999977e+02,5.406842754543843554e+00
2.954599999999999795e+02,5.302590010360335171e+00
2.954800000000000182e+02,5.322376419243804335e+00
2.955000000000000000e+02,5.457292837523809226e+00
2.955199999999999818e+02,5.699401317888852958e+00
2.955400000000000205e+02,6.042631352847950055e+00
2.955600000000000023e+02,6.483232787556778121e+00
2.955799999999999841e+02,7.019620664612540750e+00
2.956000000000000227e+02,7.651634413078302721e+00
2.956200000000000045e+02,8.379289876087369748e+00
2.956399999999999864e+02,9.201059601093806606e+00
2.956600000000000250e+02,1.011165865626158045e+01
2.956800000000000068e+02,1.109930768174532645e+01
2.956999999999999886e+02,1.214254190142578516e+01
2.957200000000000273e+02,1.320688059104510792e+01
2.957400000000000091e+02,1.424209800643959944e+01
2.957599999999999909e+02,1.518140846807344424e+01
2.957800000000000296e+02,1.594438994701831724e+01
2.958000000000000114e+02,1.644545324249541451e+01
2.958199999999999932e+02,1.660845462687524332e+01
2.958400000000000318e+02,1.638526230126613470e+01
2.958600000000000136e+02,1.577249092093832239e+01
2.958799999999999955e+02,1.481861226044312119e+01
2.959000000000000341e+02,1.361604783561664611e+01
2.959200000000000159e+02,1.227982528080805835e+01
2.959399999999999977e+02,1.092168053711911391e+01
2.959599999999999795e+02,9.630382159066133596e+00
2.959800000000000182e+02,8.464115582448382469e+00
2.960000000000000000e+02,7.453488025737526002e+00
2.960199999999999818e+02,6.609635557824050878e+00
2.960400000000000205e+02,5.932397292989859849e+00
2.960600000000000023e+02,5.416129332580957190e+00
2.960799999999999841e+02,5.052886692727460272e+00
2.961000000000000227e+02,4.833681566421140552e+00
2.961200000000000045e+02,4.748784888221146971e+00
2.961399999999999864e+02,4.787985479611490902e+00
2.961600000000000250e+02,4.941352039952282560e+00
2.961800000000000068e+02,5.200419900063316447e+00
2.961999999999999886e+02,5.559278556153570250e+00
2.962200000000000273e+02,6.015085281978985066e+00
2.962400000000000091e+02,6.567864160096503312e+00
2.962599999999999909e+02,7.219691605699247283e+00
2.962800000000000296e+02,7.973393612274151110e+00
2.963000000000000114e+02,8.830780835381581539e+00
2.963199999999999932e+02,9.790342181954722278e+00
2.963400000000000318e+02,1.084427507577554906e+01
2.963600000000000136e+02,1.197479815869429309e+01
2.963799999999999955e+02,1.314992820527636752e+01
2.964000000000000341e+02,1.431937924034440890e+01
2.964200000000000159e+02,1.541198643065972895e+01
2.964399999999999977e+02,1.633692583368307183e+01
2.964599999999999795e+02,1.699147775475788080e+01
2.964800000000000182e+02,1.727721578273617808e+01
2.965000000000000000e+02,1.712332528807000642e+01
2.965199999999999818e+02,1.651055995596231085e+01
2.965400000000000205e+02,1.548503166867370950e+01
2.965600000000000023e+02,1.415234010906966766e+01
2.965799999999999841e+02,1.265156412097647909e+01
2.966000000000000227e+02,1.112032135842577318e+01
2.966200000000000045e+02,9.666935629413638154e+00
2.966399999999999864e+02,8.359489035340105900e+00
2.966600000000000250e+02,7.230286900425115348e+00
2.966800000000000068e+02,6.287504112109734145e+00
2.966999999999999886e+02,5.526495620214056714e+00
2.967200000000000273e+02,4.937456050001992836e+00
2.967400000000000091e+02,4.509365396438213658e+00
2.967599999999999909e+02,4.231317086859864851e+00
2.967800000000000296e+02,4.092408799173068878e+00
2.968000000000000114e+02,4.081338530102074813e+00
2.968199999999999932e+02,4.186676435560583442e+00
2.968400000000000318e+02,4.398085467401656068e+00
2.968600000000000136e+02,4.707883466834662300e+00
2.968799999999999955e+02,5.112108555310458158e+00
2.969000000000000341e+02,5.610715822691036969e+00
2.969200000000000159e+02,6.207025753845011984e+00
2.969399999999999977e+02,6.906675405076233787e+00
2.969599999999999795e+02,7.716194572027339937e+00
2.969800000000000182e+02,8.641146509080448013e+00
2.970000000000000000e+02,9.683637965052181329e+00
2.970199999999999818e+02,1.083894895730084507e+01
2.970400000000000205e+02,1.209109404222937911e+01
2.970600000000000023e+02,1.340738872599344589e+01
2.970799999999999841e+02,1.473268308620180633e+01
2.971000000000000227e+02,1.598495467497278533e+01
2.971200000000000045e+02,1.705532079248327904e+01
2.971399999999999864e+02,1.781659177247319903e+01
2.971600000000000250e+02,1.814376873651244892e+01
2.971800000000000068e+02,1.794558000801657727e+01
2.971999999999999886e+02,1.719814337290467421e+01
2.972200000000000273e+02,1.596449395080194478e+01
2.972400000000000091e+02,1.438519543470737894e+01
2.972599999999999909e+02,1.263967280607526078e+01
2.972800000000000296e+02,1.089662644690760018e+01
2.973000000000000114e+02,9.278310198117381447e+00
2.973199999999999932e+02,7.851302193725261169e+00
2.973400000000000318e+02,6.638069950130017105e+00
2.973600000000000136e+02,5.635238299932363581e+00
2.973799999999999955e+02,4.828376412251945027e+00
2.974000000000000341e+02,4.200564681510656762e+00
2.974200000000000159e+02,3.736157684382541255e+00
2.974399999999999977e+02,3.421689016748444612e+00
2.974599999999999795e+02,3.245150177451688212e+00
2.974800000000000182e+02,3.194635514985371572e+00
2.975000000000000000e+02,3.257653603661635255e+00
2.975199999999999818e+02,3.422055383517085048e+00
2.975400000000000205e+02,3.678101059101213544e+00
2.975600000000000023e+02,4.020251405694352798e+00
2.975799999999999841e+02,4.447832001526752954e+00
2.976000000000000227e+02,4.964698610344490781e+00
2.976200000000000045e+02,5.578385003947156306e+00
2.976399999999999864e+02,6.299039317342436384e+00
2.976600000000000250e+02,7.138171486712336922e+00
2.976800000000000068e+02,8.107023738737623830e+00
2.976999999999999886e+02,9.214238147183438699e+00
2.977200000000000273e+02,1.046240962814854214e+01
2.977400000000000091e+02,1.184310109270902522e+01
2.977599999999999909e+02,1.333006677052686939e+01
2.977800000000000296e+02,1.487098758620789241e+01
2.978000000000000114e+02,1.637925034232537058e+01
2.978199999999999932e+02,1.772937167375770784e+01
2.978400000000000318e+02,1.876211487607937300e+01
2.978600000000000136e+02,1.930627892871086715e+01
2.978799999999999955e+02,1.922005548593961777e+01
2.979000000000000341e+02,1.844311293675713515e+01
2.979200000000000159e+02,1.703538406327123766e+01
2.979399999999999977e+02,1.517418515508462740e+01
2.979599999999999795e+02,1.310109787061846376e+01
2.979800000000000182e+02,1.104479778438164317e+01
2.980000000000000000e+02,9.163567480012437372e+00
2.980199999999999818e+02,7.532320834224843331e+00
2.980400000000000205e+02,6.164216539353317259e+00
2.980600000000000023e+02,5.040821053596487467e+00
2.980799999999999841e+02,4.133618507992748548e+00
2.981000000000000227e+02,3.414395744925307064e+00
2.981200000000000045e+02,2.858826588155495951e+00
2.981399999999999864e+02,2.447284180445197244e+00
2.981600000000000250e+02,2.164632855883268814e+00
2.981800000000000068e+02,1.999091901681835148e+00
2.981999999999999886e+02,1.939988437048929759e+00
2.982200000000000273e+02,1.975553525713205971e+00
2.982400000000000091e+02,2.093022560172780100e+00
2.982599999999999909e+02,2.281300290827869226e+00
2.982800000000000296e+02,2.533711709752291430e+00
2.983000000000000114e+02,2.849020976728225740e+00
2.983199999999999932e+02,3.231027338241788005e+00
2.983400000000000318e+02,3.687713700195180966e+00
2.983600000000000136e+02,4.230502050950779136e+00
2.983799999999999955e+02,4.873711624167430756e+00
2.984000000000000341e+02,5.634086601746721712e+00
2.984200000000000159e+02,6.530155713764561831e+00
2.984399999999999977e+02,7.581098324397828492e+00
2.984599999999999795e+02,8.804667177708541459e+00
2.984800000000000182e+02,1.021355056878132928e+01
2.985000000000000000e+02,1.180938380253085285e+01
2.985199999999999818e+02,1.357359424395258962e+01
2.985400000000000205e+02,1.545470974560633159e+01
2.985600000000000023e+02,1.735330339573958014e+01
2.985799999999999841e+02,1.910914545185100621e+01
2.986000000000000227e+02,2.050050098146736488e+01
2.986200000000000045e+02,2.127026798603101199e+01
2.986399999999999864e+02,2.119032095248901015e+01
2.986600000000000250e+02,2.015451615188095857e+01
2.986800000000000068e+02,1.825553026093373532e+01
2.986999999999999886e+02,1.578301529417543492e+01
2.987200000000000273e+02,1.312037873133322208e+01
2.987400000000000091e+02,1.059877971852120737e+01
2.987599999999999909e+02,8.405268647946519067e+00
2.987800000000000296e+02,6.587438198573984494e+00
2.988000000000000114e+02,5.113961263880975494e+00
2.988199999999999932e+02,3.930065243755301196e+00
2.988400000000000318e+02,2.984147885516094778e+00
2.988600000000000136e+02,2.233827762838782149e+00
2.988799999999999955e+02,1.644588334908921201e+00
2.989000000000000341e+02,1.187674528775167326e+00
2.989200000000000159e+02,8.388504071347303581e-01
2.989399999999999977e+02,5.777475350136780374e-01
2.989599999999999795e+02,3.871557299716511524e-01
2.989800000000000182e+02,2.518151150217144418e-01
2.990000000000000000e+02,1.573299815901494092e-01
2.990199999999999818e+02,9.080377977876571971e-02
2.990400000000000205e+02,4.258363333406525730e-02
2.990600000000000023e+02,6.510597568033568011e-03
2.990799999999999841e+02,-2.126780142514980362e-02
2.991000000000000227e+02,-4.338232895605931283e-02
2.991200000000000045e+02,-6.179188331888645774e-02
2.991399999999999864e+02,-7.802421835327977284e-02
2.991600000000000250e+02,-9.330281777767863993e-02
2.991800000000000068e+02,-1.086380685069244095e-01
2.991999999999999886e+02,-1.249042347309855944e-01
2.992200000000000273e+02,-1.429099281296952739e-01
2.992400000000000091e+02,-1.634652149374437591e-01
2.992599999999999909e+02,-1.874525126016938492e-01
2.992800000000000296e+02,-2.159097308033005036e-01
2.993000000000000114e+02,-2.501410769205863471e-01
2.993199999999999932e+02,-2.918769744201414329e-01
2.993400000000000318e+02,-3.435182198949152665e-01
2.993600000000000136e+02,-4.085143956304781998e-01
2.993799999999999955e+02,-4.919414594506980043e-01
2.994000000000000341e+02,-6.013376233127990522e-01
2.994200000000000159e+02,-7.477779496098736489e-01
2.994399999999999977e+02,-9.469077248276254188e-01
2.994599999999999795e+02,-1.219050446957455902e+00
2.994800000000000182e+02,-1.586511008756684049e+00
2.995000000000000000e+02,-2.065425516972541065e+00
2.995199999999999818e+02,-2.651037933467872865e+00
2.995400000000000205e+02,-3.301828724568224960e+00
2.995600000000000023e+02,-3.937190974419888523e+00
2.995799999999999841e+02,-4.461804802392644653e+00
2.996000000000000227e+02,-4.805780758883886783e+00
2.996200000000000045e+02,-4.945902742170066979e+00
2.996399999999999864e+02,-4.894094394273409421e+00
2.996600000000000250e+02,-4.682462581887079978e+00
2.996800000000000068e+02,-4.363186408148870932e+00
2.996999999999999886e+02,-4.005583718909710100e+00
2.997200000000000273e+02,-3.681989134141572695e+00
2.997400000000000091e+02,-3.451684488714422461e+00
2.997599999999999909e+02,-3.348517986115174150e+00
2.997800000000000296e+02,-3.375597330272198882e+00
2.998000000000000114e+02,-3.513100912143103383e+00
2.998199999999999932e+02,-3.735623002899075118e+00
2.998400000000000318e+02,-4.025488540181720865e+00
2.998600000000000136e+02,-4.376243704663134615e+00
2.998799999999999955e+02,-4.790399184130439636e+00
2.999000000000000341e+02,-5.276101071445617130e+00
2.999200000000000159e+02,-5.844590997679664390e+00
2.999399999999999977e+02,-6.508586345232258985e+00
2.999599999999999795e+02,-7.281167489088613998e+00
2.999800000000000182e+02,-8.174690811040795424e+00
3.000000000000000000e+02,-9.199285002332093342e+00
